Fecha,Efectivo,Tarifa Incompleta,Monto Tarjeta Gral,Monto Tarjeta Per,Monto Tarjeta Bpd,Recargas,Recargas Error
01/01/2021,7068,630,2481,2259,0,2714,0
01/01/2021,5063,565,2441,3331,0,2453,0
01/01/2021,7360,391,1171,2883,0,2322,0
01/01/2021,7390,641,3866,3537,0,1705,0
01/01/2021,5917,671,1999,2117,0,1755,0
01/01/2021,8275,427,2316,2030,0,1545,0
01/01/2021,6782,603,2961,3308,0,1911,0
01/01/2021,5786,317,3896,2801,0,2963,0
01/01/2021,5221,560,2327,2475,0,1808,0
01/01/2021,9287,536,1368,3646,0,2831,0
01/01/2021,6017,418,2485,1187,0,1570,0
01/01/2021,6768,606,3643,3075,0,2696,0
02/01/2021,9238,651,3016,1484,0,1709,0
02/01/2021,7757,603,3628,1749,0,1554,0
02/01/2021,7632,470,3501,2793,0,2466,0
02/01/2021,7717,659,3952,2727,0,2275,0
02/01/2021,6098,459,3158,1528,0,2161,0
02/01/2021,5765,618,3698,3578,0,2567,0
02/01/2021,5015,610,1723,3911,0,1099,0
02/01/2021,6107,634,2516,3840,0,1975,0
02/01/2021,8436,372,3677,2787,0,2888,0
02/01/2021,7680,646,3963,1882,0,2786,0
02/01/2021,9053,617,3451,1045,0,2708,0
03/01/2021,9686,599,1232,3671,0,2211,0
03/01/2021,8307,351,3400,3874,0,1299,0
03/01/2021,7971,696,3057,3109,0,2802,0
03/01/2021,8473,576,3275,3430,0,1123,0
03/01/2021,6001,667,3364,3619,0,1716,0
03/01/2021,7497,380,3151,2374,0,2509,0
03/01/2021,9680,373,1566,1466,0,1335,0
03/01/2021,8023,573,3617,3920,0,2538,0
03/01/2021,8698,619,2438,1542,0,2485,0
03/01/2021,6680,558,3529,2951,0,1976,0
03/01/2021,7795,671,2927,3350,0,1095,0
03/01/2021,9201,421,2150,3268,0,1108,0
04/01/2021,8682,575,2206,3727,0,2322,0
04/01/2021,9180,584,2432,2878,0,2403,0
04/01/2021,7996,391,3384,3594,0,1914,0
04/01/2021,9997,680,1211,1765,0,1570,0
04/01/2021,6409,501,2227,2531,0,1331,0
04/01/2021,9793,336,3075,3897,0,2878,0
04/01/2021,5407,641,2585,2904,0,1414,0
04/01/2021,9216,441,3340,1209,0,1564,0
04/01/2021,6909,559,2305,2552,0,1996,0
04/01/2021,9250,506,1199,2101,0,1778,0
04/01/2021,9810,507,3374,2348,0,1773,0
04/01/2021,9119,615,2956,2836,0,1681,0
04/01/2021,5378,354,3959,2786,0,1140,0
04/01/2021,9676,507,2563,2224,0,1405,0
05/01/2021,5939,571,3341,2717,0,1242,0
05/01/2021,5307,693,2038,2395,0,1058,0
05/01/2021,8032,501,3667,1209,0,2409,0
05/01/2021,9482,488,1548,3012,0,1041,0
05/01/2021,6867,352,2452,3977,0,2044,0
05/01/2021,7092,431,2153,1209,0,1873,0
05/01/2021,7969,365,1165,3697,0,1851,0
05/01/2021,7847,412,1993,3764,0,2600,0
05/01/2021,8376,493,2624,2465,0,1249,0
05/01/2021,7192,437,2171,1425,0,2527,0
05/01/2021,9568,683,3214,3908,0,1310,0
05/01/2021,8806,663,3260,1214,0,1291,0
05/01/2021,6292,458,1744,1030,0,2427,0
05/01/2021,6362,651,3225,1080,0,2160,0
06/01/2021,9383,679,2251,1394,0,2875,0
06/01/2021,6677,411,1790,1985,0,1234,0
06/01/2021,6140,586,1920,2617,0,1921,0
06/01/2021,9217,615,2086,2792,0,2340,0
06/01/2021,5495,463,1332,3417,0,1829,0
06/01/2021,7885,505,1034,1303,0,2392,0
06/01/2021,5798,434,1445,1433,0,1080,0
06/01/2021,8294,631,3790,2904,0,2027,0
06/01/2021,9139,409,3230,2122,0,2236,0
06/01/2021,6568,390,2281,2279,0,2060,0
06/01/2021,9112,367,2969,2263,0,2932,0
06/01/2021,8701,403,2699,2047,0,1835,0
06/01/2021,7244,541,3951,2240,0,2416,0
06/01/2021,8264,618,2867,1413,0,1124,0
07/01/2021,6966,585,1349,2663,0,2315,0
07/01/2021,7891,559,3157,3438,0,2946,0
07/01/2021,9706,319,1625,3931,0,2502,0
07/01/2021,6864,366,2791,1539,0,2011,0
07/01/2021,7483,641,3210,2542,0,1140,0
07/01/2021,6777,615,3648,1031,0,1881,0
07/01/2021,7441,655,3212,1387,0,2956,0
07/01/2021,9341,527,3092,1325,0,1508,0
07/01/2021,5015,526,2023,2576,0,1308,0
07/01/2021,9168,655,1380,1192,0,2801,0
07/01/2021,9803,621,1552,2381,0,2981,0
07/01/2021,5949,561,2763,2546,0,1382,0
07/01/2021,8911,377,3672,2568,0,1620,0
07/01/2021,8409,575,1201,1066,0,2011,0
08/01/2021,6901,556,3998,2548,0,2631,0
08/01/2021,9262,331,3043,1323,0,1398,0
08/01/2021,5206,501,2884,1112,0,1501,0
08/01/2021,9344,397,2503,2061,0,1574,0
08/01/2021,5668,551,2059,3630,0,2399,0
08/01/2021,5797,450,2003,3313,0,2296,0
08/01/2021,8616,557,2003,2890,0,1465,0
08/01/2021,6713,464,1620,2370,0,2450,0
08/01/2021,9624,451,3189,1565,0,1431,0
08/01/2021,9578,331,2334,3364,0,1154,0
08/01/2021,7493,513,2316,1172,0,2045,0
08/01/2021,9459,356,2245,3409,0,1439,0
08/01/2021,6812,371,2374,3732,0,1886,0
08/01/2021,5460,447,2592,2880,0,2282,0
09/01/2021,6648,699,3594,1593,0,1530,0
09/01/2021,6562,303,1043,3646,0,1259,0
09/01/2021,7018,459,3642,2341,0,1028,0
09/01/2021,8715,327,1597,2573,0,2113,0
09/01/2021,5158,555,1050,2520,0,1063,0
09/01/2021,6386,478,3959,3191,0,2842,0
09/01/2021,9051,534,3261,2006,0,1770,0
09/01/2021,7306,677,1388,3215,0,2899,0
09/01/2021,5924,586,2507,3127,0,1512,0
09/01/2021,8011,497,3882,3567,0,2273,0
09/01/2021,7807,629,1707,2767,0,1298,0
09/01/2021,8836,608,2084,3533,0,2337,0
09/01/2021,7096,345,1916,3185,0,2405,0
09/01/2021,8780,570,1056,1822,0,1109,0
10/01/2021,7621,700,3378,3903,0,2475,0
10/01/2021,5750,320,2513,2752,0,2030,0
10/01/2021,6006,606,2221,3442,0,1373,0
10/01/2021,8458,589,2325,2783,0,2394,0
10/01/2021,7184,451,2137,3263,0,2618,0
10/01/2021,6443,458,3439,3509,0,2677,0
10/01/2021,8925,646,2320,3538,0,2035,0
10/01/2021,5376,460,2365,1709,0,2104,0
10/01/2021,8708,681,1374,1741,0,1304,0
10/01/2021,9316,389,3537,1599,0,2772,0
10/01/2021,8566,381,1239,2927,0,1041,0
10/01/2021,6656,519,1708,3590,0,1628,0
10/01/2021,9692,306,2139,3669,0,1760,0
10/01/2021,5837,452,2444,1817,0,1474,0
11/01/2021,7351,591,1124,3905,0,2250,0
11/01/2021,5261,543,2032,1313,0,1800,0
11/01/2021,6577,357,1055,2467,0,1599,0
11/01/2021,9633,429,2536,3581,0,1175,0
11/01/2021,7297,476,2828,3836,0,1211,0
11/01/2021,8174,305,3651,2691,0,1510,0
11/01/2021,7737,489,1212,1603,0,2130,0
11/01/2021,6059,535,1907,3733,0,1994,0
11/01/2021,8746,578,3929,3725,0,2061,0
11/01/2021,6837,528,1423,2502,0,1231,0
11/01/2021,7963,384,1257,1133,0,2792,0
11/01/2021,5706,546,3916,2749,0,1061,0
11/01/2021,8970,324,2582,1424,0,1879,0
12/01/2021,5467,482,1123,3684,0,2611,0
12/01/2021,7938,510,2027,2337,0,1694,0
12/01/2021,7933,495,3270,1204,0,1872,0
12/01/2021,9377,509,2488,2838,0,1801,0
12/01/2021,9829,652,1956,2790,0,2778,0
12/01/2021,5278,415,2536,1913,0,1514,0
12/01/2021,6333,342,2737,2382,0,2066,0
12/01/2021,8735,324,1160,3053,0,1999,0
12/01/2021,8816,465,3721,3160,0,1937,0
12/01/2021,5435,569,1411,2972,0,1028,0
12/01/2021,6363,455,3931,3447,0,2048,0
12/01/2021,5570,323,1763,1758,0,1267,0
13/01/2021,9071,618,3752,1419,0,1653,0
13/01/2021,6430,552,2780,3881,0,1999,0
13/01/2021,9216,367,1689,2195,0,1292,0
13/01/2021,5504,679,2847,1615,0,1452,0
13/01/2021,8794,575,1210,1604,0,2813,0
13/01/2021,5955,561,2554,3303,0,1350,0
13/01/2021,7505,336,3315,1785,0,2799,0
13/01/2021,6652,559,2937,1474,0,2324,0
13/01/2021,7679,666,2717,2642,0,1439,0
13/01/2021,7339,418,2537,2261,0,1518,0
13/01/2021,5847,386,1101,1797,0,2730,0
14/01/2021,6433,584,1373,3462,0,1149,0
14/01/2021,5593,558,3624,2080,0,2220,0
14/01/2021,7932,403,1191,3103,0,2515,0
14/01/2021,6711,409,1334,3398,0,1640,0
14/01/2021,7306,363,2533,1314,0,1033,0
14/01/2021,7490,642,1279,3548,0,1541,0
14/01/2021,8467,539,1379,1893,0,1410,0
14/01/2021,8285,445,2902,1353,0,2990,0
14/01/2021,6047,563,1275,2014,0,1102,0
14/01/2021,9625,483,1055,1486,0,1985,0
14/01/2021,5598,603,1453,3060,0,1536,0
14/01/2021,7198,560,2853,2038,0,2386,0
14/01/2021,8337,365,2430,3109,0,2447,0
15/01/2021,7450,506,3260,2830,0,1027,0
15/01/2021,7745,432,3678,1547,0,2317,0
15/01/2021,6546,666,3999,3148,0,2176,0
15/01/2021,6413,317,1735,3642,0,1939,0
15/01/2021,9390,429,1589,1505,0,1299,0
15/01/2021,9636,433,2286,1095,0,1610,0
15/01/2021,5464,485,3104,2081,0,1618,0
15/01/2021,7374,687,1985,2855,0,1122,0
15/01/2021,8073,589,2152,2615,0,1980,0
15/01/2021,5070,676,1858,1862,0,1364,0
15/01/2021,6998,400,2188,2503,0,2428,0
15/01/2021,8478,510,1409,2604,0,1125,0
15/01/2021,6536,330,3852,2785,0,1170,0
16/01/2021,6177,596,1888,2652,0,1659,0
16/01/2021,5873,390,2153,2313,0,1151,0
16/01/2021,5572,310,2082,1749,0,2856,0
16/01/2021,7976,387,3386,2962,0,1282,0
16/01/2021,8738,520,1872,2067,0,2769,0
16/01/2021,8638,664,3721,3082,0,2151,0
16/01/2021,7315,676,1698,2126,0,2887,0
16/01/2021,9815,665,1966,2869,0,2962,0
16/01/2021,5609,359,2290,1470,0,2753,0
16/01/2021,9840,654,2258,3027,0,2180,0
16/01/2021,6215,410,1233,2516,0,1969,0
16/01/2021,5133,559,3591,3128,0,2458,0
16/01/2021,7758,449,3493,2337,0,1972,0
17/01/2021,9947,518,1909,2985,0,1314,0
17/01/2021,9073,607,2159,1508,0,2528,0
17/01/2021,7041,504,2862,1242,0,1938,0
17/01/2021,9742,478,1623,2365,0,2509,0
17/01/2021,7381,371,2375,3387,0,1602,0
17/01/2021,9250,610,1399,2790,0,1690,0
17/01/2021,8751,617,1110,2203,0,2644,0
17/01/2021,9667,664,3358,1856,0,2648,0
17/01/2021,8738,513,2547,1974,0,2180,0
17/01/2021,7771,592,3118,2817,0,1221,0
17/01/2021,8478,617,2866,2700,0,1444,0
18/01/2021,5533,629,2715,1676,0,1633,0
18/01/2021,6399,688,3703,1753,0,1157,0
18/01/2021,5923,700,1258,1003,0,1378,0
18/01/2021,9707,404,1005,1190,0,2320,0
18/01/2021,6398,391,1313,2213,0,2890,0
18/01/2021,9567,458,1078,2587,0,2623,0
18/01/2021,8834,686,1257,3531,0,1646,0
18/01/2021,8152,642,1907,3900,0,1995,0
18/01/2021,7939,689,3355,1963,0,2836,0
18/01/2021,6921,547,2333,3213,0,1619,0
18/01/2021,9628,360,3069,2339,0,2181,0
18/01/2021,8615,562,1860,1230,0,2060,0
19/01/2021,6854,364,2381,1687,0,1150,0
19/01/2021,5411,611,3822,1903,0,2622,0
19/01/2021,7317,457,1236,2837,0,2819,0
19/01/2021,8870,520,3658,2760,0,1552,0
19/01/2021,7684,572,2950,1041,0,1605,0
19/01/2021,5607,521,2423,1545,0,1521,0
19/01/2021,5105,404,1744,1255,0,2022,0
19/01/2021,5003,379,2289,2298,0,2356,0
19/01/2021,8387,504,1863,2300,0,1423,0
19/01/2021,9804,585,3428,3572,0,1307,0
19/01/2021,9886,328,1622,3698,0,1689,0
19/01/2021,7967,692,2066,2546,0,2456,0
20/01/2021,9599,620,2880,3236,0,2994,0
20/01/2021,8872,434,1065,2742,0,2420,0
20/01/2021,8347,594,1299,1922,0,1539,0
20/01/2021,8943,542,1277,1641,0,1451,0
20/01/2021,6892,477,1840,1398,0,2575,0
20/01/2021,9892,645,3979,1896,0,2405,0
20/01/2021,6919,498,3780,3242,0,1885,0
20/01/2021,5096,475,1398,1344,0,1150,0
20/01/2021,6584,411,1883,1123,0,2664,0
20/01/2021,6399,552,3791,1243,0,2518,0
20/01/2021,7876,611,3625,1918,0,2153,0
20/01/2021,6167,356,3230,3563,0,2879,0
20/01/2021,5966,523,2760,1844,0,1910,0
21/01/2021,9425,424,1924,3450,0,1254,0
21/01/2021,8506,468,3319,1149,0,2895,0
21/01/2021,7480,501,2573,1710,0,1764,0
21/01/2021,6793,420,3782,3368,0,2574,0
21/01/2021,5830,376,3802,1130,0,1044,0
21/01/2021,5498,356,2225,2309,0,1504,0
21/01/2021,7863,387,3430,3287,0,2885,0
21/01/2021,9265,680,1343,1689,0,2952,0
21/01/2021,5921,370,2199,1850,0,2589,0
21/01/2021,9311,440,2791,2334,0,2847,0
21/01/2021,8252,460,3954,2489,0,1211,0
21/01/2021,8085,389,2539,3434,0,2572,0
21/01/2021,8063,490,1931,1948,0,1701,0
22/01/2021,7206,371,2717,1346,0,2524,0
22/01/2021,8396,410,2798,1567,0,1287,0
22/01/2021,8014,317,3391,2454,0,2982,0
22/01/2021,7228,404,3594,1404,0,1466,0
22/01/2021,7738,304,1524,3936,0,1061,0
22/01/2021,7854,407,2359,1779,0,1531,0
22/01/2021,6625,475,1486,1382,0,2859,0
22/01/2021,8371,453,1739,1097,0,1636,0
22/01/2021,7055,675,1582,3948,0,1314,0
22/01/2021,5719,441,1135,1186,0,1936,0
22/01/2021,6060,594,3133,3380,0,2825,0
22/01/2021,8486,488,3283,2794,0,1662,0
22/01/2021,6717,597,1331,1202,0,1114,0
23/01/2021,5822,368,1503,2053,0,2151,0
23/01/2021,6759,440,2429,1542,0,1638,0
23/01/2021,5496,332,2418,1947,0,1392,0
23/01/2021,5880,556,1016,1216,0,1864,0
23/01/2021,7906,686,3256,2575,0,2924,0
23/01/2021,7383,312,4000,3297,0,2466,0
23/01/2021,8571,572,1448,3188,0,1487,0
23/01/2021,7913,318,3091,3168,0,2498,0
23/01/2021,6464,696,1003,3557,0,2767,0
23/01/2021,5813,665,2637,1786,0,1661,0
23/01/2021,5062,683,1657,2154,0,1439,0
23/01/2021,7041,430,2861,1302,0,1016,0
23/01/2021,6779,376,2816,2397,0,2745,0
24/01/2021,7339,331,1194,1999,0,2940,0
24/01/2021,6079,367,1747,2538,0,2616,0
24/01/2021,8125,308,3653,3353,0,2086,0
24/01/2021,7309,411,1924,2175,0,1755,0
24/01/2021,8407,570,1024,1283,0,1793,0
24/01/2021,6407,612,2646,1987,0,1012,0
24/01/2021,8333,606,3588,2768,0,1914,0
24/01/2021,6897,349,1833,2186,0,2682,0
24/01/2021,8380,417,1387,1085,0,1560,0
24/01/2021,9919,626,1936,2568,0,2068,0
24/01/2021,6099,359,3637,3315,0,2445,0
24/01/2021,9174,435,1036,2444,0,2623,0
25/01/2021,9110,425,3004,1721,0,1356,0
25/01/2021,9813,543,1075,2890,0,2076,0
25/01/2021,5161,370,1536,3998,0,2502,0
25/01/2021,9922,396,3794,2269,0,2186,0
25/01/2021,7696,372,3148,3743,0,1011,0
25/01/2021,6090,405,2656,2419,0,1452,0
25/01/2021,7708,452,1042,2469,0,1175,0
25/01/2021,7280,498,1498,3418,0,2366,0
25/01/2021,9728,450,1794,3093,0,1021,0
25/01/2021,5080,444,1203,2889,0,1725,0
25/01/2021,8545,301,2758,3214,0,2427,0
25/01/2021,8878,517,2011,1864,0,2968,0
26/01/2021,6213,342,2095,3534,0,1513,0
26/01/2021,9754,496,3612,1170,0,2605,0
26/01/2021,6205,367,3168,3225,0,1697,0
26/01/2021,8668,652,2284,3666,0,1420,0
26/01/2021,7663,587,2371,3490,0,1379,0
26/01/2021,8372,598,2130,3801,0,1127,0
26/01/2021,6349,542,1045,2341,0,2281,0
26/01/2021,7728,572,3696,2373,0,1221,0
26/01/2021,7861,676,1261,2223,0,2176,0
26/01/2021,6629,530,1667,1805,0,2749,0
26/01/2021,6553,598,3228,3752,0,1917,0
26/01/2021,6344,588,1940,1017,0,1383,0
27/01/2021,7557,498,3851,2812,0,2602,0
27/01/2021,5428,441,3367,3077,0,1796,0
27/01/2021,8174,420,3044,2716,0,2702,0
27/01/2021,5992,607,3412,3764,0,1120,0
27/01/2021,7817,330,2799,2529,0,2292,0
27/01/2021,6409,420,1705,2127,0,1335,0
27/01/2021,9170,320,1906,2615,0,2164,0
27/01/2021,7752,340,2371,3316,0,1010,0
27/01/2021,6054,317,2400,3823,0,2761,0
27/01/2021,6398,490,2999,1553,0,2450,0
27/01/2021,6117,318,3299,1121,0,2559,0
27/01/2021,5151,341,3050,1290,0,2629,0
28/01/2021,5844,352,2170,1815,0,2420,0
28/01/2021,9217,476,2316,2675,0,1025,0
28/01/2021,9819,383,2550,1186,0,2189,0
28/01/2021,7515,316,1938,1426,0,1366,0
28/01/2021,9563,302,3909,1277,0,2605,0
28/01/2021,6054,533,3897,3728,0,2087,0
28/01/2021,6398,473,2580,1872,0,1595,0
28/01/2021,6254,454,1461,1871,0,2344,0
28/01/2021,5363,359,3056,3709,0,2805,0
28/01/2021,7481,379,3571,2696,0,2949,0
28/01/2021,8379,572,2225,2397,0,2052,0
28/01/2021,7696,454,2166,2687,0,2863,0
28/01/2021,5303,351,2375,1817,0,1903,0
29/01/2021,7197,336,1193,3465,0,1944,0
29/01/2021,7097,697,1269,3650,0,1742,0
29/01/2021,5523,388,1915,3873,0,1087,0
29/01/2021,7149,500,2950,1947,0,1674,0
29/01/2021,9011,529,3709,2819,0,2386,0
29/01/2021,9356,670,2660,2883,0,1195,0
29/01/2021,5856,514,1007,3238,0,1890,0
29/01/2021,7202,407,2154,3608,0,1157,0
29/01/2021,8137,407,3282,3981,0,1668,0
29/01/2021,5394,408,2535,3566,0,2411,0
29/01/2021,7820,591,1875,3506,0,1457,0
29/01/2021,9195,311,2233,3718,0,2449,0
30/01/2021,9880,301,2913,3905,0,1409,0
30/01/2021,6341,686,3609,2572,0,1886,0
30/01/2021,8453,566,1068,1456,0,1726,0
30/01/2021,9115,379,3625,1131,0,1051,0
30/01/2021,6011,674,3345,1149,0,1156,0
30/01/2021,9715,576,1943,2484,0,2153,0
30/01/2021,6240,335,3300,3869,0,2774,0
30/01/2021,7031,313,2921,1971,0,2999,0
30/01/2021,9309,650,1571,1386,0,1302,0
30/01/2021,8668,426,3078,3910,0,2063,0
30/01/2021,7625,581,1045,2738,0,1834,0
30/01/2021,6322,366,1244,1433,0,2290,0
30/01/2021,5008,698,1889,3332,0,2175,0
31/01/2021,6987,638,1943,3293,0,2038,0
31/01/2021,7868,657,1800,1885,0,1460,0
31/01/2021,9102,364,1273,1955,0,1683,0
31/01/2021,9988,450,1648,1570,0,2472,0
31/01/2021,9222,572,2617,1332,0,2535,0
31/01/2021,9852,376,1374,1830,0,2881,0
31/01/2021,8505,453,3408,2931,0,1805,0
31/01/2021,5460,559,1467,1894,0,1637,0
31/01/2021,8832,523,2811,3611,0,2749,0
31/01/2021,5396,619,2632,1206,0,2946,0
31/01/2021,5521,537,3888,3700,0,2847,0
31/01/2021,7939,453,3171,3709,0,1380,0
01/02/2021,8878,577,2961,2144,0,2073,0
01/02/2021,5010,536,2096,1480,0,1017,0
01/02/2021,7783,606,3025,1190,0,1820,0
01/02/2021,8133,520,1592,3195,0,2473,0
01/02/2021,7586,581,3445,1551,0,1226,0
01/02/2021,7358,408,2097,3430,0,2762,0
01/02/2021,6238,370,2173,3135,0,2736,0
01/02/2021,6267,658,2484,3423,0,1467,0
01/02/2021,8983,610,2577,1257,0,1866,0
01/02/2021,7528,487,3815,2714,0,2280,0
01/02/2021,5154,607,3453,2701,0,2858,0
01/02/2021,7638,389,2791,2895,0,2951,0
02/02/2021,5110,383,3456,3078,0,1392,0
02/02/2021,6724,470,3551,3723,0,2246,0
02/02/2021,8347,444,3615,1781,0,1586,0
02/02/2021,5944,693,1743,2455,0,2740,0
02/02/2021,8767,668,3566,1261,0,1481,0
02/02/2021,8899,547,1238,2613,0,2906,0
02/02/2021,7002,554,3720,3167,0,2471,0
02/02/2021,5550,551,3925,2883,0,1045,0
02/02/2021,8745,488,1442,1424,0,1063,0
02/02/2021,7164,692,2790,3117,0,1378,0
02/02/2021,7337,648,2518,2166,0,2958,0
02/02/2021,6111,401,1248,3016,0,1050,0
03/02/2021,5054,456,1188,3955,0,2927,0
03/02/2021,7819,639,2461,1718,0,1703,0
03/02/2021,5484,453,1658,1251,0,1024,0
03/02/2021,9489,476,1931,2499,0,2924,0
03/02/2021,7928,375,2800,1306,0,2532,0
03/02/2021,9935,457,1722,2495,0,2983,0
03/02/2021,7803,579,3922,1136,0,1999,0
03/02/2021,7046,471,1708,2257,0,2936,0
03/02/2021,7227,510,3732,1471,0,2657,0
03/02/2021,8015,529,2274,2360,0,1339,0
03/02/2021,7688,421,3132,3491,0,1026,0
03/02/2021,8618,554,2691,2751,0,1125,0
04/02/2021,5574,414,3751,1225,0,2193,0
04/02/2021,9493,327,3250,1855,0,2100,0
04/02/2021,9912,595,3989,3071,0,2128,0
04/02/2021,7468,424,1081,3409,0,1839,0
04/02/2021,8375,301,1006,1276,0,1388,0
04/02/2021,5028,413,2990,3574,0,2941,0
04/02/2021,9390,590,1602,3614,0,1011,0
04/02/2021,9408,458,3478,1373,0,2316,0
04/02/2021,7158,495,2214,3070,0,1546,0
04/02/2021,9645,497,3368,2837,0,1957,0
04/02/2021,5965,514,2972,3786,0,1789,0
04/02/2021,5499,326,2744,3551,0,1945,0
05/02/2021,5935,524,3299,3008,0,1176,0
05/02/2021,6927,683,3056,2166,0,2378,0
05/02/2021,7409,485,1298,3660,0,2590,0
05/02/2021,8808,398,1790,2540,0,1826,0
05/02/2021,6075,423,1091,1168,0,2370,0
05/02/2021,6047,340,3043,2058,0,1678,0
05/02/2021,7372,586,3348,2439,0,2813,0
05/02/2021,7464,341,1352,3528,0,2675,0
05/02/2021,5878,687,3565,2858,0,2641,0
05/02/2021,8550,457,3203,3067,0,2985,0
05/02/2021,7484,353,1161,1491,0,2657,0
05/02/2021,7695,499,2743,2801,0,2401,0
06/02/2021,9908,375,1447,1933,0,1047,0
06/02/2021,7416,646,3550,2547,0,1019,0
06/02/2021,7912,457,3696,3262,0,1801,0
06/02/2021,8003,598,3762,1516,0,2793,0
06/02/2021,8025,592,1551,2566,0,1092,0
06/02/2021,7760,448,3123,2300,0,1083,0
06/02/2021,9377,387,1044,3640,0,1171,0
06/02/2021,8487,698,1233,1402,0,1974,0
06/02/2021,7348,402,1203,2342,0,1082,0
06/02/2021,7037,651,1694,2310,0,1160,0
06/02/2021,7230,346,2956,2767,0,1093,0
06/02/2021,9395,445,1653,3901,0,1436,0
07/02/2021,6560,427,3134,2336,0,1866,0
07/02/2021,6260,683,3391,3953,0,1937,0
07/02/2021,7678,660,3875,3949,0,1160,0
07/02/2021,9994,605,3292,2679,0,2878,0
07/02/2021,9751,382,3212,2338,0,2120,0
07/02/2021,5109,548,2242,2770,0,1668,0
07/02/2021,5900,389,2137,2528,0,2639,0
07/02/2021,5090,396,2835,2925,0,1991,0
07/02/2021,9938,657,3733,1362,0,1568,0
07/02/2021,5229,398,3207,1954,0,1745,0
07/02/2021,5057,325,1415,3680,0,2169,0
07/02/2021,6804,572,2775,1409,0,1890,0
08/02/2021,8694,519,1773,3066,0,1175,0
08/02/2021,8111,337,2972,3801,0,2557,0
08/02/2021,5120,591,3226,1737,0,2965,0
08/02/2021,9189,494,1513,2686,0,2706,0
08/02/2021,7070,454,3175,2682,0,1398,0
08/02/2021,9682,398,2566,1184,0,1379,0
08/02/2021,5362,516,1179,1899,0,1453,0
08/02/2021,7578,507,2418,2012,0,2418,0
08/02/2021,8997,547,1049,3063,0,2863,0
08/02/2021,9734,535,3192,3061,0,1848,0
08/02/2021,7827,327,1551,1309,0,1861,0
08/02/2021,6509,445,1019,3394,0,1215,0
08/02/2021,8523,317,1654,3959,0,1801,0
08/02/2021,9980,412,1294,3628,0,1031,0
09/02/2021,6696,437,2497,3482,0,1876,0
09/02/2021,7402,623,2419,2465,0,1255,0
09/02/2021,9553,416,1916,1402,0,2007,0
09/02/2021,6700,601,1527,3284,0,1650,0
09/02/2021,6304,698,3919,1399,0,2094,0
09/02/2021,8211,462,1433,1075,0,1544,0
09/02/2021,6099,390,1364,2795,0,2130,0
09/02/2021,6789,333,1465,2934,0,2226,0
09/02/2021,7826,370,3944,1444,0,1735,0
09/02/2021,6741,629,2235,2298,0,2940,0
09/02/2021,6695,333,2163,1236,0,2128,0
09/02/2021,8610,626,2096,2625,0,2121,0
10/02/2021,5504,595,2967,2068,0,1100,0
10/02/2021,7265,580,1772,3326,0,2557,0
10/02/2021,5709,506,1120,3491,0,2370,0
10/02/2021,8397,643,1278,3752,0,1281,0
10/02/2021,5699,355,1161,3553,0,2681,0
10/02/2021,8694,472,2654,1284,0,2631,0
10/02/2021,9083,554,2355,2253,0,1888,0
10/02/2021,7795,556,3491,2494,0,2695,0
10/02/2021,6449,397,3298,1406,0,1124,0
10/02/2021,6321,400,1033,1939,0,2958,0
10/02/2021,6434,501,2580,1214,0,2557,0
10/02/2021,8836,642,3883,1045,0,2452,0
10/02/2021,5251,404,1605,3651,0,2966,0
11/02/2021,9455,605,2171,2255,0,1690,0
11/02/2021,5906,626,3612,1475,0,1253,0
11/02/2021,6923,433,2643,1320,0,1342,0
11/02/2021,7730,626,1409,1589,0,1426,0
11/02/2021,8193,533,3827,2524,0,2980,0
11/02/2021,6029,338,3688,1648,0,1908,0
11/02/2021,7584,468,3219,2409,0,1360,0
11/02/2021,5665,456,1815,1773,0,1813,0
11/02/2021,7632,520,2660,3884,0,1711,0
11/02/2021,6172,414,3766,2651,0,2008,0
11/02/2021,9268,318,2744,1219,0,2391,0
11/02/2021,9915,615,3102,3431,0,2628,0
11/02/2021,7759,658,2224,1501,0,1921,0
12/02/2021,9406,556,1580,3318,0,2938,0
12/02/2021,9441,386,3619,1604,0,1300,0
12/02/2021,5893,519,3774,2017,0,1729,0
12/02/2021,6581,647,2424,3822,0,1265,0
12/02/2021,9063,694,2692,1869,0,1518,0
12/02/2021,9064,415,3975,1716,0,2723,0
12/02/2021,7274,665,2752,2160,0,2288,0
12/02/2021,7300,399,1185,1631,0,2489,0
12/02/2021,5637,439,1220,1183,0,1222,0
12/02/2021,9242,317,2300,3643,0,1439,0
12/02/2021,5026,380,1013,3285,0,2799,0
12/02/2021,8628,444,2403,3008,0,1934,0
13/02/2021,5253,357,3850,1728,0,2934,0
13/02/2021,7197,631,2618,3031,0,1164,0
13/02/2021,6053,668,3730,1900,0,2883,0
13/02/2021,6696,421,1292,1864,0,2534,0
13/02/2021,6636,564,3401,1594,0,2962,0
13/02/2021,6726,553,1207,1591,0,1549,0
13/02/2021,5326,665,1341,1678,0,1306,0
13/02/2021,6649,603,2262,1487,0,1584,0
13/02/2021,7274,555,1173,2348,0,2579,0
13/02/2021,6190,436,2815,2708,0,2273,0
13/02/2021,6654,662,3086,3842,0,2763,0
13/02/2021,8706,430,3607,2258,0,2031,0
14/02/2021,8420,633,1419,2103,0,2524,0
14/02/2021,6440,511,3653,3183,0,1790,0
14/02/2021,7434,642,2385,3583,0,1246,0
14/02/2021,5891,668,1367,2017,0,1075,0
14/02/2021,5088,410,3293,2244,0,2436,0
14/02/2021,7080,560,3311,1259,0,1223,0
14/02/2021,6957,519,3286,1712,0,1800,0
14/02/2021,7165,311,2021,1859,0,1305,0
14/02/2021,7897,607,3996,1458,0,2660,0
14/02/2021,5780,622,2088,1920,0,1724,0
14/02/2021,5154,634,2764,3351,0,2746,0
14/02/2021,8284,641,3388,3346,0,1140,0
15/02/2021,5910,533,1436,2820,0,2486,0
15/02/2021,8383,498,1341,2520,0,1303,0
15/02/2021,8077,377,1610,2668,0,2684,0
15/02/2021,6030,383,1063,1817,0,2903,0
15/02/2021,7450,415,2640,1707,0,2216,0
15/02/2021,6882,538,2554,1158,0,1020,0
15/02/2021,8497,510,2566,1519,0,1579,0
15/02/2021,9015,514,3252,3641,0,1509,0
15/02/2021,8019,515,3774,1560,0,2666,0
15/02/2021,6190,634,3441,1963,0,2516,0
15/02/2021,9784,408,1433,3801,0,1353,0
15/02/2021,9999,681,3364,1973,0,2244,0
16/02/2021,7331,380,2347,2320,0,1737,0
16/02/2021,8719,461,1767,2936,0,2298,0
16/02/2021,7790,463,1651,3134,0,1977,0
16/02/2021,8854,639,1902,2964,0,1936,0
16/02/2021,8710,641,3242,2156,0,2130,0
16/02/2021,8269,409,2290,2422,0,2260,0
16/02/2021,5492,449,1453,1983,0,1831,0
16/02/2021,8477,389,3397,2413,0,2128,0
16/02/2021,5068,595,1372,1580,0,1445,0
16/02/2021,8980,494,1624,2012,0,1251,0
16/02/2021,8311,356,3650,3028,0,2771,0
16/02/2021,5499,314,3740,2817,0,1015,0
17/02/2021,7621,420,1795,3345,0,1319,0
17/02/2021,8464,566,2497,3258,0,2961,0
17/02/2021,8843,399,1512,2733,0,2160,0
17/02/2021,6932,565,3004,1802,0,2916,0
17/02/2021,8236,318,2290,2719,0,1362,0
17/02/2021,8786,309,3403,2877,0,2235,0
17/02/2021,5573,671,3859,2022,0,2164,0
17/02/2021,7995,534,1266,1838,0,1293,0
17/02/2021,6658,416,3177,3990,0,2150,0
17/02/2021,6332,538,2713,1259,0,1993,0
17/02/2021,9090,334,1240,3069,0,1098,0
17/02/2021,5308,673,3790,3284,0,1389,0
17/02/2021,6007,676,2525,3259,0,2587,0
18/02/2021,5260,445,2783,1256,0,1489,0
18/02/2021,6611,547,1054,3849,0,1652,0
18/02/2021,5025,522,3477,1889,0,2710,0
18/02/2021,6310,327,2241,2084,0,1009,0
18/02/2021,5550,472,3202,1507,0,2464,0
18/02/2021,8106,653,1493,3151,0,1864,0
18/02/2021,9905,395,1636,2208,0,1951,0
18/02/2021,7756,407,3708,3815,0,2535,0
18/02/2021,8082,537,2914,3851,0,1054,0
18/02/2021,9465,439,2294,2125,0,2392,0
18/02/2021,8335,639,1999,1292,0,2916,0
18/02/2021,9010,471,3065,2447,0,1645,0
18/02/2021,8807,540,2288,2329,0,2360,0
19/02/2021,8875,628,3543,3568,0,2198,0
19/02/2021,6403,412,3089,1501,0,1935,0
19/02/2021,9754,660,2352,1187,0,2843,0
19/02/2021,5188,499,2011,3646,0,1174,0
19/02/2021,7256,679,3856,3627,0,2258,0
19/02/2021,5986,339,1024,3119,0,2906,0
19/02/2021,8735,501,2282,3762,0,2850,0
19/02/2021,5639,679,3823,1797,0,2974,0
19/02/2021,5061,318,2035,1136,0,2273,0
19/02/2021,8680,657,3397,1584,0,1199,0
19/02/2021,8879,562,2672,3167,0,2892,0
19/02/2021,6941,473,2636,1318,0,2321,0
20/02/2021,7227,317,3961,1120,0,2718,0
20/02/2021,5315,659,2798,1376,0,2944,0
20/02/2021,6042,445,3684,1941,0,2398,0
20/02/2021,7983,566,2129,3044,0,2178,0
20/02/2021,8960,328,3337,1758,0,1389,0
20/02/2021,5778,523,3167,1788,0,2455,0
20/02/2021,5666,452,3475,2409,0,1938,0
20/02/2021,8014,377,1465,2800,0,2810,0
20/02/2021,6498,413,1432,1714,0,2616,0
20/02/2021,6745,434,3906,3230,0,1020,0
20/02/2021,6525,330,1900,3414,0,1420,0
20/02/2021,9516,514,3497,2219,0,2673,0
20/02/2021,6058,453,3328,2887,0,1247,0
21/02/2021,6493,529,2746,3715,0,1954,0
21/02/2021,5238,525,3312,1724,0,2164,0
21/02/2021,5601,555,2248,2791,0,1478,0
21/02/2021,8402,531,1275,1940,0,1390,0
21/02/2021,7673,451,2424,3981,0,2950,0
21/02/2021,7197,387,3025,2327,0,2113,0
21/02/2021,6791,364,1464,1594,0,2497,0
21/02/2021,9706,491,3833,1206,0,2479,0
21/02/2021,7155,400,1823,3304,0,1616,0
21/02/2021,5228,589,1564,3637,0,2733,0
21/02/2021,9860,583,2956,1113,0,1532,0
21/02/2021,8942,309,2808,2610,0,2475,0
21/02/2021,7924,434,2916,3784,0,1538,0
22/02/2021,8280,580,2443,3754,0,1728,0
22/02/2021,7950,685,1977,2833,0,2588,0
22/02/2021,8197,454,2662,1319,0,1546,0
22/02/2021,7151,491,1133,2546,0,2420,0
22/02/2021,7851,683,3139,3014,0,1917,0
22/02/2021,5798,373,3247,2371,0,2601,0
22/02/2021,8790,617,2568,1376,0,1128,0
22/02/2021,6775,300,3341,1050,0,2940,0
22/02/2021,5218,362,2404,1050,0,1075,0
22/02/2021,5340,448,2044,3041,0,1976,0
22/02/2021,7804,689,3514,3821,0,1040,0
22/02/2021,6694,308,1131,1632,0,1799,0
22/02/2021,9517,677,1263,1012,0,1228,0
23/02/2021,8759,433,2567,1298,0,1035,0
23/02/2021,5530,643,3843,2964,0,2998,0
23/02/2021,6928,575,3725,1075,0,2613,0
23/02/2021,6249,620,3725,2445,0,1528,0
23/02/2021,5288,488,1313,3994,0,2733,0
23/02/2021,8987,558,3616,2300,0,2565,0
23/02/2021,8277,492,1944,3538,0,2139,0
23/02/2021,6042,301,2966,2179,0,1145,0
23/02/2021,5902,394,1134,3035,0,2079,0
23/02/2021,7976,550,2007,3504,0,2481,0
23/02/2021,9952,586,2311,3693,0,1937,0
24/02/2021,9225,670,2091,3720,0,1092,0
24/02/2021,5537,406,3839,1149,0,2977,0
24/02/2021,9528,316,3478,2784,0,1044,0
24/02/2021,9754,482,3208,3373,0,2725,0
24/02/2021,9798,683,3112,2073,0,2817,0
24/02/2021,9111,486,2286,1754,0,1262,0
24/02/2021,6108,427,3781,3219,0,1403,0
24/02/2021,9122,689,1476,3459,0,2982,0
24/02/2021,6094,512,3868,3003,0,2912,0
24/02/2021,6897,577,2811,3872,0,2933,0
24/02/2021,5530,572,3714,3443,0,1911,0
24/02/2021,5869,375,2147,1166,0,1229,0
25/02/2021,9427,493,2229,3555,0,2507,0
25/02/2021,6766,433,1620,3840,0,2086,0
25/02/2021,7939,571,2986,3272,0,2476,0
25/02/2021,6141,653,1782,3994,0,2407,0
25/02/2021,5032,378,1345,3889,0,2048,0
25/02/2021,8233,427,3049,1804,0,1420,0
25/02/2021,7199,634,2202,1921,0,2987,0
25/02/2021,5838,629,1740,2354,0,2035,0
25/02/2021,6470,314,3062,3368,0,2855,0
25/02/2021,8605,591,1879,1869,0,2862,0
25/02/2021,9222,669,2830,3880,0,1330,0
25/02/2021,7554,303,1280,3930,0,2731,0
26/02/2021,6187,339,3444,3241,0,1006,0
26/02/2021,9791,456,2909,1619,0,1427,0
26/02/2021,8860,558,3222,1201,0,2381,0
26/02/2021,5477,409,3705,2007,0,1107,0
26/02/2021,7792,490,2721,3696,0,2783,0
26/02/2021,6727,411,3482,2939,0,1704,0
26/02/2021,9466,591,3547,1796,0,2909,0
26/02/2021,8556,614,3506,1665,0,2991,0
26/02/2021,6397,460,2054,2129,0,2007,0
26/02/2021,8311,672,2483,2209,0,1281,0
26/02/2021,5167,522,2605,1411,0,2633,0
26/02/2021,5333,536,2040,2745,0,1482,0
27/02/2021,5087,431,1915,1872,0,1322,0
27/02/2021,6809,635,1117,2583,0,1190,0
27/02/2021,7490,613,2714,1749,0,2062,0
27/02/2021,8947,477,2619,2091,0,2808,0
27/02/2021,9752,510,1856,2155,0,1960,0
27/02/2021,5413,604,1988,3426,0,2993,0
27/02/2021,5683,642,3188,3768,0,2644,0
27/02/2021,7121,542,1031,2434,0,2620,0
27/02/2021,8693,656,1853,3861,0,2869,0
27/02/2021,7953,655,2802,2887,0,1104,0
27/02/2021,6196,373,1235,3720,0,2399,0
27/02/2021,7260,364,2843,3471,0,1463,0
28/02/2021,9507,627,3642,2327,0,1774,0
28/02/2021,9553,676,3162,3228,0,1740,0
28/02/2021,9964,449,3337,3402,0,2458,0
28/02/2021,5885,352,2237,2764,0,1666,0
28/02/2021,9023,445,2279,2396,0,1235,0
28/02/2021,9338,448,2723,2914,0,1016,0
28/02/2021,5309,501,2971,2374,0,1365,0
28/02/2021,7595,366,3780,3925,0,2935,0
28/02/2021,7744,498,3277,1757,0,2333,0
28/02/2021,9853,483,1671,2131,0,1170,0
28/02/2021,7681,695,3758,3155,0,1570,0
28/02/2021,8122,439,2295,1325,0,2420,0
28/02/2021,7176,477,3510,1339,0,1248,0
01/03/2021,5140,661,3898,1512,0,2924,0
01/03/2021,7131,464,1524,1561,0,2085,0
01/03/2021,6800,322,3116,3717,0,1801,0
01/03/2021,8727,558,2004,1784,0,1010,0
01/03/2021,9996,562,3504,1739,0,1303,0
01/03/2021,5508,465,3903,1216,0,1651,0
01/03/2021,6502,588,3771,2193,0,2229,0
01/03/2021,6008,348,2462,3784,0,2061,0
01/03/2021,7395,444,3054,1624,0,2623,0
01/03/2021,6684,456,2903,1880,0,1313,0
01/03/2021,8974,587,2365,2767,0,1476,0
01/03/2021,8440,638,1678,1299,0,1911,0
01/03/2021,8206,368,1286,1081,0,1163,0
02/03/2021,8329,396,2558,2892,0,1867,0
02/03/2021,6600,439,2616,2970,0,2551,0
02/03/2021,8200,630,2612,2068,0,1869,0
02/03/2021,5573,664,2425,3564,0,1566,0
02/03/2021,8405,570,1784,2626,0,1790,0
02/03/2021,8811,700,2150,1080,0,1352,0
02/03/2021,7608,353,3586,2104,0,1385,0
02/03/2021,8820,656,1214,1821,0,2882,0
02/03/2021,7372,537,2859,1350,0,2832,0
02/03/2021,7408,522,3492,3728,0,1292,0
03/03/2021,7677,532,3450,1252,0,2116,0
03/03/2021,5106,304,1234,1434,0,1035,0
03/03/2021,8781,384,1138,3562,0,1447,0
03/03/2021,7629,540,1848,2903,0,1950,0
03/03/2021,5236,373,2844,1647,0,1324,0
03/03/2021,9713,517,3457,1738,0,2825,0
03/03/2021,9178,579,3745,3607,0,2395,0
03/03/2021,6072,475,3878,1310,0,2584,0
03/03/2021,6779,436,3412,1737,0,2369,0
03/03/2021,6254,665,3271,3778,0,2782,0
03/03/2021,8887,344,1430,1951,0,2007,0
04/03/2021,9142,520,3951,1206,0,2634,0
04/03/2021,6960,532,1255,2810,0,2163,0
04/03/2021,5590,511,1624,1077,0,1379,0
04/03/2021,9278,671,3805,1236,0,2326,0
04/03/2021,8822,567,2276,3423,0,1441,0
04/03/2021,7961,649,1567,2925,0,1979,0
04/03/2021,6372,420,3988,3368,0,1294,0
04/03/2021,9645,507,3368,1684,0,1048,0
04/03/2021,8137,353,2896,3000,0,1156,0
04/03/2021,6627,344,2073,3573,0,2928,0
05/03/2021,5773,355,2441,1147,0,2722,0
05/03/2021,6069,458,1756,1263,0,1509,0
05/03/2021,9520,567,2076,1323,0,2361,0
05/03/2021,8552,468,2201,2983,0,2882,0
05/03/2021,7570,555,3467,2265,0,2546,0
05/03/2021,8753,619,1536,2025,0,2297,0
05/03/2021,9844,300,3742,3708,0,2421,0
05/03/2021,8008,689,1405,2111,0,1963,0
05/03/2021,8538,563,2728,2428,0,1195,0
05/03/2021,6106,682,2271,1088,0,2891,0
06/03/2021,9284,518,1355,2509,0,2468,0
06/03/2021,9876,529,2424,3359,0,1438,0
06/03/2021,6926,490,1755,2369,0,1097,0
06/03/2021,9896,622,2715,2938,0,2370,0
06/03/2021,5603,348,2780,1034,0,2838,0
06/03/2021,8828,507,2718,2504,0,2942,0
06/03/2021,6500,410,2757,1327,0,2040,0
06/03/2021,5716,436,1084,3456,0,2635,0
06/03/2021,7248,628,3094,1191,0,1949,0
06/03/2021,5596,656,2198,1970,0,2657,0
06/03/2021,9922,643,3510,1047,0,1420,0
07/03/2021,7568,432,1241,2432,0,1368,0
07/03/2021,9492,405,3637,2254,0,2793,0
07/03/2021,7911,485,1680,1205,0,1831,0
07/03/2021,6850,470,2767,1675,0,1611,0
07/03/2021,5208,586,3183,3326,0,1548,0
07/03/2021,6367,613,2528,2232,0,1492,0
07/03/2021,5466,571,3340,3181,0,2804,0
07/03/2021,5275,490,2767,2749,0,2458,0
07/03/2021,8382,659,1214,1079,0,2681,0
07/03/2021,9535,494,3522,1817,0,1436,0
08/03/2021,6107,457,3995,2000,0,1019,0
08/03/2021,7389,671,3026,1441,0,2747,0
08/03/2021,8326,618,2150,3552,0,2748,0
08/03/2021,6027,674,3646,3097,0,2696,0
08/03/2021,6164,573,3826,2842,0,2683,0
08/03/2021,7136,698,2078,3721,0,2602,0
08/03/2021,6578,635,1250,2128,0,1515,0
08/03/2021,6885,463,3144,1086,0,2134,0
08/03/2021,9992,578,3010,1722,0,1414,0
08/03/2021,5185,592,2348,2374,0,2876,0
08/03/2021,5607,632,3783,3540,0,1153,0
09/03/2021,7242,661,2629,3337,0,1462,0
09/03/2021,5107,562,3520,1820,0,1774,0
09/03/2021,5839,448,3239,2458,0,2243,0
09/03/2021,5210,614,3140,2972,0,2473,0
09/03/2021,6818,621,1491,1471,0,2925,0
09/03/2021,9260,655,2437,3967,0,1092,0
09/03/2021,7870,628,2460,1884,0,1203,0
09/03/2021,8749,415,2270,3658,0,2408,0
09/03/2021,6018,527,2415,1242,0,2292,0
09/03/2021,5396,396,2688,2742,0,1933,0
09/03/2021,6027,571,3989,1108,0,2857,0
09/03/2021,8972,341,1357,1528,0,2738,0
10/03/2021,7286,420,2272,1950,0,1209,0
10/03/2021,6300,522,2822,2679,0,2587,0
10/03/2021,6221,388,2248,1679,0,1002,0
10/03/2021,5107,636,1423,1552,0,2697,0
10/03/2021,7153,663,1239,3452,0,1300,0
10/03/2021,5402,440,3206,3676,0,2032,0
10/03/2021,8851,647,3068,3273,0,2050,0
10/03/2021,9093,330,3124,1323,0,2252,0
10/03/2021,5645,671,1075,3483,0,1312,0
10/03/2021,5173,542,3512,2336,0,1753,0
10/03/2021,9978,693,2332,1415,0,1592,0
10/03/2021,5568,317,1674,3574,0,1456,0
10/03/2021,8564,630,2635,3284,0,2153,0
11/03/2021,6465,329,3172,3453,0,1608,0
11/03/2021,8336,473,2843,1885,0,2052,0
11/03/2021,9992,495,3537,2444,0,1485,0
11/03/2021,5204,695,2797,2903,0,2655,0
11/03/2021,5547,692,1389,1539,0,2469,0
11/03/2021,5820,381,3435,3533,0,1987,0
11/03/2021,7440,384,2930,1523,0,1768,0
11/03/2021,7398,526,3293,2146,0,1464,0
11/03/2021,5685,689,1139,2444,0,1693,0
11/03/2021,7956,345,1791,2113,0,2604,0
11/03/2021,5359,650,3669,2833,0,2946,0
11/03/2021,8943,534,3730,3523,0,2602,0
11/03/2021,6728,523,1559,3133,0,1968,0
12/03/2021,9512,301,2335,2806,0,2947,0
12/03/2021,5617,436,2665,1183,0,1120,0
12/03/2021,6872,486,1646,2297,0,1944,0
12/03/2021,6584,362,3104,1658,0,1231,0
12/03/2021,9726,382,2581,2184,0,1855,0
12/03/2021,8128,685,3610,2739,0,2263,0
12/03/2021,6617,684,3009,3126,0,1456,0
12/03/2021,8110,470,2037,3122,0,2421,0
12/03/2021,7047,527,2638,2412,0,1954,0
12/03/2021,6876,458,2807,3497,0,1472,0
12/03/2021,6203,495,1779,1937,0,1044,0
12/03/2021,8288,587,1575,2128,0,2705,0
12/03/2021,7115,644,1454,3266,0,1988,0
13/03/2021,7908,539,3229,2270,0,2628,0
13/03/2021,7628,337,3577,3774,0,1432,0
13/03/2021,5598,507,2989,2975,0,2577,0
13/03/2021,9396,609,2739,2735,0,1998,0
13/03/2021,5943,580,1710,1236,0,1979,0
13/03/2021,8841,452,3556,3912,0,1977,0
13/03/2021,5293,616,3319,3679,0,1035,0
13/03/2021,8786,490,3821,3469,0,2878,0
13/03/2021,6982,527,2803,3226,0,2966,0
13/03/2021,5902,648,3924,2008,0,1256,0
13/03/2021,5286,628,2352,1886,0,1988,0
13/03/2021,6079,331,2428,1022,0,2516,0
14/03/2021,6167,325,1841,2499,0,1221,0
14/03/2021,8041,687,2068,3386,0,2502,0
14/03/2021,5675,317,1841,1215,0,2866,0
14/03/2021,8053,403,1333,1348,0,2833,0
14/03/2021,8725,526,3888,2205,0,1789,0
14/03/2021,9962,384,1878,1959,0,1936,0
14/03/2021,5105,541,3264,3641,0,1126,0
14/03/2021,6170,639,2127,3900,0,2294,0
14/03/2021,7052,419,1231,1748,0,1537,0
14/03/2021,8360,325,1280,1935,0,1344,0
14/03/2021,7147,509,3749,2576,0,2316,0
14/03/2021,9913,469,3189,1231,0,1693,0
14/03/2021,6001,559,1371,1770,0,2213,0
15/03/2021,8923,420,1891,2955,0,1003,0
15/03/2021,5924,545,1429,1737,0,2212,0
15/03/2021,7036,567,1927,1324,0,2616,0
15/03/2021,8990,340,3230,2838,0,2338,0
15/03/2021,5666,610,3091,1930,0,1582,0
15/03/2021,5128,553,2558,3247,0,1104,0
15/03/2021,6904,635,1610,2136,0,1298,0
15/03/2021,9169,574,3154,1332,0,1660,0
15/03/2021,5096,675,2362,3834,0,2167,0
15/03/2021,8539,382,3821,1725,0,2959,0
15/03/2021,9009,408,2913,2469,0,2848,0
15/03/2021,8791,337,2980,2518,0,1320,0
15/03/2021,8119,384,3956,2024,0,2058,0
15/03/2021,7860,502,3546,2204,0,1685,0
16/03/2021,5073,424,2377,1341,0,1259,0
16/03/2021,8004,443,1276,1427,0,1604,0
16/03/2021,8967,500,3724,2106,0,2742,0
16/03/2021,9858,568,2106,2146,0,1197,0
16/03/2021,6880,624,1930,1454,0,1570,0
16/03/2021,6274,412,1091,2856,0,1252,0
16/03/2021,6501,361,1890,1793,0,2906,0
16/03/2021,6792,300,2918,3824,0,1052,0
16/03/2021,5848,328,1122,2693,0,2388,0
16/03/2021,5025,354,2597,2181,0,2541,0
16/03/2021,5525,611,2912,1524,0,2988,0
16/03/2021,8724,464,1811,2719,0,1724,0
17/03/2021,5610,574,2068,1913,0,1219,0
17/03/2021,5236,685,1451,2895,0,1147,0
17/03/2021,5391,696,2462,2590,0,2834,0
17/03/2021,9906,676,2572,2482,0,1603,0
17/03/2021,9365,652,1842,3626,0,2599,0
17/03/2021,6645,497,2291,3383,0,2240,0
17/03/2021,5204,571,2740,2941,0,1506,0
17/03/2021,6807,345,1745,2311,0,2093,0
17/03/2021,5992,411,3833,2539,0,2968,0
17/03/2021,8063,450,1766,1428,0,1126,0
17/03/2021,5377,598,3813,3164,0,1227,0
17/03/2021,8238,514,2984,3492,0,1742,0
18/03/2021,5829,377,2232,1363,0,2738,0
18/03/2021,9103,323,3354,2975,0,2421,0
18/03/2021,5012,475,2112,2504,0,1238,0
18/03/2021,7072,318,1253,3421,0,2192,0
18/03/2021,8692,578,1891,1505,0,2595,0
18/03/2021,7143,626,1842,2899,0,2610,0
18/03/2021,6709,305,3425,2218,0,2201,0
18/03/2021,8176,553,1636,3338,0,2029,0
18/03/2021,9845,356,1519,2008,0,1101,0
18/03/2021,7613,502,2797,2076,0,1760,0
18/03/2021,8737,436,3802,1405,0,2391,0
18/03/2021,9258,317,2830,2290,0,1743,0
19/03/2021,8390,666,1412,2905,0,1570,0
19/03/2021,8743,680,3507,2368,0,1135,0
19/03/2021,9145,470,3140,1554,0,1000,0
19/03/2021,8639,611,1825,2835,0,2966,0
19/03/2021,7328,367,2933,2950,0,2639,0
19/03/2021,7640,340,3697,2259,0,1147,0
19/03/2021,6989,373,1358,3386,0,1825,0
19/03/2021,5820,670,2946,2134,0,1202,0
19/03/2021,7300,624,3873,2378,0,2289,0
19/03/2021,5262,442,3257,3331,0,2631,0
19/03/2021,9419,330,3641,1837,0,1774,0
19/03/2021,7402,690,3001,1427,0,2956,0
20/03/2021,7999,692,1667,3710,0,1718,0
20/03/2021,8405,428,3702,3676,0,1791,0
20/03/2021,5910,616,2207,1700,0,2354,0
20/03/2021,9506,626,2662,1154,0,1173,0
20/03/2021,5379,459,1565,3806,0,2178,0
20/03/2021,5294,310,1071,1689,0,2633,0
20/03/2021,9980,680,2338,2043,0,1004,0
20/03/2021,9355,624,3461,3105,0,1176,0
20/03/2021,6176,674,1689,2651,0,1989,0
20/03/2021,9809,484,1144,1922,0,1133,0
20/03/2021,6775,626,3696,2861,0,1907,0
20/03/2021,9016,366,2550,2453,0,1864,0
20/03/2021,6800,388,1545,2730,0,2217,0
21/03/2021,7162,423,1148,3540,0,1070,0
21/03/2021,5935,515,1113,3902,0,1088,0
21/03/2021,8690,379,1918,2580,0,2437,0
21/03/2021,7399,650,1686,3023,0,2034,0
21/03/2021,5570,363,2644,3355,0,2693,0
21/03/2021,7009,313,2378,3450,0,2041,0
21/03/2021,7600,665,2721,3985,0,2590,0
21/03/2021,7812,538,2352,3568,0,1255,0
21/03/2021,6078,670,1351,1224,0,2212,0
21/03/2021,7662,534,2276,3610,0,1349,0
21/03/2021,5861,407,2002,1258,0,2088,0
21/03/2021,6775,657,2506,1800,0,2925,0
21/03/2021,9332,583,3998,2230,0,2397,0
21/03/2021,9980,602,3810,1899,0,2956,0
22/03/2021,7423,436,3363,2086,0,2422,0
22/03/2021,6739,521,1665,1878,0,2153,0
22/03/2021,9338,546,2809,2722,0,1566,0
22/03/2021,8485,353,3436,1347,0,1819,0
22/03/2021,9047,431,3431,1787,0,1028,0
22/03/2021,9017,603,1641,1230,0,2740,0
22/03/2021,9780,650,3746,3205,0,2712,0
22/03/2021,5147,323,3030,2669,0,1294,0
22/03/2021,9456,557,1201,1107,0,2484,0
22/03/2021,6349,486,3005,3326,0,1306,0
22/03/2021,5107,406,2337,2925,0,1073,0
22/03/2021,9920,393,1633,3913,0,2460,0
22/03/2021,8452,673,3958,1586,0,2762,0
23/03/2021,7398,336,3499,3173,0,2041,0
23/03/2021,6480,556,3388,2365,0,2083,0
23/03/2021,5038,306,1342,2462,0,2227,0
23/03/2021,8862,489,1622,3557,0,1698,0
23/03/2021,8959,599,2970,3824,0,1611,0
23/03/2021,7876,622,2345,1511,0,1057,0
23/03/2021,9224,375,2796,3766,0,1052,0
23/03/2021,6554,524,2759,1653,0,2621,0
23/03/2021,9914,509,2518,1377,0,2479,0
23/03/2021,6226,673,2243,2934,0,1534,0
23/03/2021,6205,320,2510,2248,0,1429,0
23/03/2021,8479,680,2426,2340,0,1763,0
24/03/2021,9949,666,1035,3858,0,2012,0
24/03/2021,7021,352,2586,2659,0,2685,0
24/03/2021,6379,377,1488,2829,0,2003,0
24/03/2021,7281,398,1217,3027,0,1034,0
24/03/2021,9303,556,3699,1473,0,1556,0
24/03/2021,7288,316,1850,2173,0,1014,0
24/03/2021,8363,687,3597,2301,0,2955,0
24/03/2021,9657,307,1826,2904,0,1447,0
24/03/2021,5762,568,3030,2123,0,2690,0
24/03/2021,8132,650,3160,2488,0,2266,0
25/03/2021,9934,698,2128,3995,0,2482,0
25/03/2021,8858,380,1768,2333,0,2923,0
25/03/2021,7689,674,3646,1614,0,1385,0
25/03/2021,8651,535,2618,2603,0,2911,0
25/03/2021,8624,526,1181,2705,0,2942,0
25/03/2021,7759,627,2536,1670,0,2245,0
25/03/2021,7224,695,1243,3360,0,2857,0
25/03/2021,9969,654,3326,1031,0,1397,0
25/03/2021,8975,630,1965,1049,0,2348,0
25/03/2021,9973,320,3431,1934,0,2752,0
25/03/2021,7123,430,1681,3583,0,2993,0
26/03/2021,6272,615,2650,3069,0,1811,0
26/03/2021,9139,495,2990,2871,0,2156,0
26/03/2021,9114,433,3573,1940,0,1079,0
26/03/2021,7490,508,2048,1833,0,1203,0
26/03/2021,5961,331,2225,3895,0,1253,0
26/03/2021,5555,477,1545,3182,0,2460,0
26/03/2021,7997,407,2937,1426,0,2257,0
26/03/2021,6116,505,3536,1970,0,2471,0
26/03/2021,7531,495,3612,1881,0,1552,0
26/03/2021,5223,368,1267,1268,0,1923,0
26/03/2021,6030,476,2931,3966,0,2811,0
27/03/2021,9704,442,3874,2565,0,1427,0
27/03/2021,7945,618,3602,1890,0,1549,0
27/03/2021,8073,305,1836,1752,0,1805,0
27/03/2021,5371,673,1533,2111,0,1042,0
27/03/2021,7081,399,1298,1098,0,1757,0
27/03/2021,7951,311,3036,2820,0,2958,0
27/03/2021,6682,448,1203,2846,0,1629,0
27/03/2021,7464,604,3003,3766,0,2116,0
27/03/2021,9188,337,2136,1693,0,1375,0
27/03/2021,8709,635,1828,1295,0,1966,0
27/03/2021,7078,319,1865,2509,0,2388,0
27/03/2021,9007,531,2125,1671,0,1382,0
28/03/2021,9489,581,3295,1091,0,1127,0
28/03/2021,9317,547,2818,3243,0,1351,0
28/03/2021,5347,407,1600,2730,0,1153,0
28/03/2021,6521,473,1840,3426,0,2911,0
28/03/2021,6249,340,3157,1126,0,2479,0
28/03/2021,7156,385,3505,2841,0,1979,0
28/03/2021,9989,355,1184,2493,0,2331,0
28/03/2021,8139,325,1414,2849,0,1382,0
28/03/2021,7738,531,3941,1849,0,1515,0
28/03/2021,6580,596,3268,3487,0,2074,0
28/03/2021,7112,508,2227,2670,0,2220,0
28/03/2021,9665,510,1137,2858,0,1734,0
29/03/2021,5993,539,1458,3230,0,2270,0
29/03/2021,6999,616,2671,2511,0,1535,0
29/03/2021,8772,628,1275,3886,0,2764,0
29/03/2021,9270,321,3937,1437,0,2078,0
29/03/2021,8165,621,1754,2064,0,2384,0
29/03/2021,5638,558,2462,1707,0,1105,0
29/03/2021,5022,305,2177,2714,0,1528,0
29/03/2021,6308,589,1198,3893,0,2277,0
29/03/2021,5801,470,1527,1771,0,1519,0
29/03/2021,6994,561,1660,3569,0,1620,0
29/03/2021,8210,695,2941,3575,0,2368,0
29/03/2021,7803,460,2843,1815,0,2904,0
29/03/2021,8587,380,3919,2705,0,1532,0
30/03/2021,5973,420,2233,1122,0,2677,0
30/03/2021,8033,394,3948,2320,0,1671,0
30/03/2021,9066,603,3255,3220,0,1388,0
30/03/2021,5985,448,2232,3194,0,1265,0
30/03/2021,8170,650,2247,1891,0,2254,0
30/03/2021,8452,644,1963,2148,0,1573,0
30/03/2021,6599,510,1133,3090,0,1216,0
30/03/2021,5176,621,2826,2994,0,2445,0
30/03/2021,8830,377,1560,1205,0,2559,0
30/03/2021,7033,507,2988,2596,0,2588,0
30/03/2021,8753,328,2722,3679,0,2920,0
30/03/2021,8412,661,1920,2464,0,2758,0
30/03/2021,9131,610,2412,1669,0,2907,0
31/03/2021,7568,424,3380,3236,0,1541,0
31/03/2021,8844,582,2775,1440,0,1997,0
31/03/2021,5736,634,2073,3011,0,2722,0
31/03/2021,5918,671,1644,2565,0,1837,0
31/03/2021,9261,588,2910,1316,0,2300,0
31/03/2021,5249,615,3632,2118,0,2137,0
31/03/2021,5244,491,2798,1748,0,2954,0
31/03/2021,8658,636,1000,2072,0,1684,0
31/03/2021,5283,678,2859,1844,0,2767,0
31/03/2021,6675,461,3402,2335,0,2284,0
31/03/2021,5611,595,2578,3962,0,2346,0
31/03/2021,6799,565,1897,1322,0,1915,0
31/03/2021,8857,396,1239,2590,0,2465,0
01/04/2021,9290,498,3753,3823,0,1724,0
01/04/2021,6032,402,3090,2520,0,2800,0
01/04/2021,9855,386,3082,1888,0,2109,0
01/04/2021,8493,327,2149,2554,0,1448,0
01/04/2021,6266,504,1437,3275,0,1083,0
01/04/2021,9378,541,1457,1789,0,1132,0
01/04/2021,6377,658,2090,3790,0,2781,0
01/04/2021,7501,347,2350,3894,0,2642,0
01/04/2021,8697,591,3856,2377,0,2061,0
01/04/2021,7851,697,3267,1871,0,2257,0
01/04/2021,9375,372,1854,3403,0,1739,0
01/04/2021,5361,458,3114,1142,0,1230,0
01/04/2021,8607,527,2915,2675,0,2977,0
02/04/2021,8034,645,3508,2750,0,1581,0
02/04/2021,5878,360,2470,1319,0,1944,0
02/04/2021,5156,518,1929,3252,0,1559,0
02/04/2021,9626,351,3938,1955,0,1805,0
02/04/2021,9493,661,2792,1387,0,1963,0
02/04/2021,6242,442,2185,3060,0,2265,0
02/04/2021,9453,414,3223,1660,0,2066,0
02/04/2021,5020,593,1173,3590,0,1118,0
02/04/2021,9607,368,1070,1587,0,1251,0
02/04/2021,6043,399,2559,3204,0,1956,0
02/04/2021,9895,618,3367,3976,0,1771,0
02/04/2021,6258,457,3646,2084,0,2400,0
02/04/2021,7635,680,1788,2898,0,1110,0
03/04/2021,7737,596,2905,3970,0,1007,0
03/04/2021,5674,569,3764,1015,0,2987,0
03/04/2021,9431,510,1946,2312,0,1610,0
03/04/2021,6462,585,3344,2771,0,2954,0
03/04/2021,8940,359,3356,2650,0,2687,0
03/04/2021,7448,624,3864,3419,0,1700,0
03/04/2021,5827,330,2169,1010,0,1994,0
03/04/2021,6537,367,1446,3654,0,1021,0
03/04/2021,8373,681,2619,3250,0,1037,0
03/04/2021,6427,340,1304,3828,0,2389,0
03/04/2021,9369,515,3495,3051,0,2862,0
03/04/2021,9539,369,3873,3567,0,1128,0
03/04/2021,6321,386,1283,2430,0,1505,0
04/04/2021,8448,336,3113,1244,0,1969,0
04/04/2021,6745,661,3175,3057,0,1656,0
04/04/2021,5967,690,2061,2525,0,1931,0
04/04/2021,9987,693,1315,3132,0,1790,0
04/04/2021,5059,614,3484,1249,0,1820,0
04/04/2021,8204,593,2895,1040,0,1292,0
04/04/2021,7445,450,1568,2920,0,2827,0
04/04/2021,9241,554,1669,3663,0,2963,0
04/04/2021,7329,604,3270,2689,0,1921,0
04/04/2021,9542,645,2369,2317,0,1491,0
04/04/2021,8421,630,2374,2561,0,2693,0
04/04/2021,6470,381,1244,2096,0,1929,0
04/04/2021,9650,438,3431,3025,0,1530,0
05/04/2021,8463,306,2932,3253,0,1590,0
05/04/2021,7594,676,3580,3462,0,2359,0
05/04/2021,5267,470,2328,3091,0,2731,0
05/04/2021,7599,690,2745,3413,0,2786,0
05/04/2021,5617,349,2147,3333,0,1381,0
05/04/2021,9508,384,2560,2527,0,2845,0
05/04/2021,5207,466,3363,3564,0,1183,0
05/04/2021,9968,631,3288,1920,0,2324,0
05/04/2021,9407,685,2074,1484,0,2791,0
05/04/2021,5556,586,2465,2592,0,1666,0
05/04/2021,8205,662,1564,3240,0,1533,0
05/04/2021,6688,379,3748,3700,0,1670,0
05/04/2021,7599,529,3644,2159,0,2730,0
06/04/2021,7038,694,2244,1588,0,1101,0
06/04/2021,6680,551,2058,3820,0,1566,0
06/04/2021,8734,587,1018,3516,0,1651,0
06/04/2021,9491,683,1774,3156,0,1949,0
06/04/2021,9062,659,1649,1922,0,1919,0
06/04/2021,6296,528,2947,1910,0,1588,0
06/04/2021,6506,532,1680,3668,0,2029,0
06/04/2021,6235,406,2424,2241,0,1388,0
06/04/2021,5886,422,1940,1471,0,1788,0
06/04/2021,6168,518,2538,2725,0,2078,0
06/04/2021,9007,470,1537,2133,0,2883,0
06/04/2021,7261,476,1193,2231,0,2561,0
06/04/2021,5026,545,1796,3532,0,2101,0
07/04/2021,6523,654,1620,1940,0,2482,0
07/04/2021,7486,567,1598,2997,0,2210,0
07/04/2021,7868,612,1137,3109,0,2791,0
07/04/2021,9890,647,3831,1064,0,1550,0
07/04/2021,6140,381,2716,1148,0,2215,0
07/04/2021,6720,348,3549,1520,0,2285,0
07/04/2021,8558,594,2333,2256,0,1499,0
07/04/2021,7472,682,2795,3113,0,2996,0
07/04/2021,6178,608,3096,2562,0,1315,0
07/04/2021,5819,336,1684,3755,0,2861,0
07/04/2021,7476,614,3555,1607,0,2413,0
07/04/2021,9895,433,2134,2895,0,2569,0
08/04/2021,6732,565,2822,3134,0,2760,0
08/04/2021,5871,658,3302,1639,0,1404,0
08/04/2021,5333,470,1898,1125,0,2859,0
08/04/2021,6020,388,2918,3589,0,2126,0
08/04/2021,6258,361,1049,3128,0,2884,0
08/04/2021,6136,359,2218,3587,0,2803,0
08/04/2021,9414,368,1182,3892,0,1610,0
08/04/2021,5623,528,2229,1368,0,1737,0
08/04/2021,6676,638,2499,3102,0,1177,0
08/04/2021,5462,354,3771,3685,0,1413,0
08/04/2021,8760,359,1344,3021,0,1003,0
08/04/2021,8989,496,1732,3641,0,1682,0
09/04/2021,7894,398,1258,3378,0,2852,0
09/04/2021,5458,679,3170,3253,0,2362,0
09/04/2021,8617,315,1491,3133,0,2485,0
09/04/2021,7265,663,2289,3420,0,2891,0
09/04/2021,7435,427,1035,2755,0,1828,0
09/04/2021,6206,537,1543,1183,0,2392,0
09/04/2021,7055,356,3868,2878,0,2354,0
09/04/2021,7021,617,3215,2550,0,2976,0
09/04/2021,5722,585,3646,2945,0,1533,0
09/04/2021,9462,680,3546,3121,0,2327,0
09/04/2021,6894,577,3907,1784,0,2527,0
09/04/2021,9234,398,3796,3238,0,2520,0
09/04/2021,7706,480,2382,2511,0,2201,0
10/04/2021,6116,650,1670,3087,0,1653,0
10/04/2021,7317,374,3867,2745,0,2735,0
10/04/2021,8285,430,3038,1261,0,2925,0
10/04/2021,7846,521,3313,3071,0,1526,0
10/04/2021,5549,438,2156,1502,0,1819,0
10/04/2021,5451,550,3934,1827,0,1166,0
10/04/2021,8290,652,1777,1718,0,2508,0
10/04/2021,9462,453,3682,2808,0,1565,0
10/04/2021,6658,540,3037,1320,0,2688,0
10/04/2021,8776,405,2002,3140,0,2234,0
10/04/2021,7171,366,2944,3094,0,2641,0
10/04/2021,8394,435,3131,3957,0,2878,0
10/04/2021,9246,435,2756,2306,0,2991,0
11/04/2021,8191,452,3953,3533,0,2749,0
11/04/2021,5629,301,2696,3754,0,2488,0
11/04/2021,5589,533,1922,1726,0,1561,0
11/04/2021,8078,314,3035,2026,0,1319,0
11/04/2021,6706,610,1518,3520,0,2265,0
11/04/2021,8903,656,2504,2820,0,1466,0
11/04/2021,7256,487,1526,1786,0,1804,0
11/04/2021,5691,693,2254,3894,0,1939,0
11/04/2021,8130,366,3595,2182,0,2347,0
11/04/2021,7868,439,2038,3130,0,2051,0
11/04/2021,5468,374,3793,3747,0,1118,0
11/04/2021,6503,385,2535,2458,0,1283,0
11/04/2021,8195,465,1967,3995,0,2475,0
12/04/2021,5073,510,2516,1254,0,2584,0
12/04/2021,6069,670,3752,3854,0,1059,0
12/04/2021,8740,524,2106,1571,0,2913,0
12/04/2021,5388,449,1612,1414,0,2094,0
12/04/2021,5430,598,3968,2436,0,2262,0
12/04/2021,6563,508,3719,3972,0,2865,0
12/04/2021,8633,632,1953,3131,0,1561,0
12/04/2021,6313,621,1813,3256,0,2151,0
12/04/2021,8072,467,2466,1953,0,2242,0
12/04/2021,8943,319,1153,3164,0,1589,0
12/04/2021,6740,306,2328,2832,0,1102,0
12/04/2021,8520,689,3443,2351,0,1084,0
12/04/2021,5287,372,2552,3891,0,1288,0
13/04/2021,7639,603,1848,3797,0,2757,0
13/04/2021,7896,452,1646,3633,0,1754,0
13/04/2021,7817,422,3373,1019,0,1529,0
13/04/2021,7773,573,3964,1720,0,2171,0
13/04/2021,7967,553,1413,2598,0,2037,0
13/04/2021,9455,494,2522,1756,0,2409,0
13/04/2021,7085,652,2021,3042,0,2639,0
13/04/2021,9362,331,3328,3522,0,2961,0
13/04/2021,5919,475,1451,3202,0,1073,0
13/04/2021,7518,645,3360,3289,0,1480,0
13/04/2021,5419,360,3808,2657,0,1902,0
13/04/2021,5953,664,1948,2573,0,1133,0
13/04/2021,6562,435,2385,1251,0,2483,0
14/04/2021,5699,419,3756,2118,0,1384,0
14/04/2021,6960,346,2913,2482,0,2558,0
14/04/2021,9563,604,3064,3500,0,1095,0
14/04/2021,6789,684,2809,2805,0,2776,0
14/04/2021,6912,682,3396,1112,0,1356,0
14/04/2021,8521,554,3780,2366,0,2998,0
14/04/2021,6744,380,1970,2782,0,2480,0
14/04/2021,8016,348,3330,2256,0,2753,0
14/04/2021,7066,327,2721,2984,0,2893,0
14/04/2021,6435,699,1692,2177,0,2004,0
14/04/2021,5819,591,2583,1011,0,2914,0
14/04/2021,8090,390,3256,1905,0,1229,0
14/04/2021,6517,567,2051,3555,0,1784,0
15/04/2021,9261,602,1104,2852,0,1249,0
15/04/2021,8470,360,1283,1859,0,2648,0
15/04/2021,5793,627,3158,1542,0,1280,0
15/04/2021,6980,402,3618,2070,0,1093,0
15/04/2021,6993,425,1294,2508,0,2310,0
15/04/2021,7258,673,2935,3407,0,1874,0
15/04/2021,8306,491,2987,3346,0,1314,0
15/04/2021,6569,379,2116,1167,0,2062,0
15/04/2021,8944,436,3560,2370,0,2232,0
15/04/2021,9564,387,1671,1318,0,2546,0
15/04/2021,7823,644,2942,1767,0,2459,0
15/04/2021,6707,329,1864,1618,0,2034,0
15/04/2021,5987,506,3600,2193,0,1219,0
16/04/2021,9672,520,1025,2483,0,2553,0
16/04/2021,5997,395,4000,2613,0,1267,0
16/04/2021,5089,332,1110,2634,0,1949,0
16/04/2021,7747,507,3758,3935,0,1800,0
16/04/2021,5268,631,1329,3993,0,1403,0
16/04/2021,9314,318,2612,3528,0,2961,0
16/04/2021,9049,453,2299,1065,0,2551,0
16/04/2021,9671,417,1485,1857,0,2469,0
16/04/2021,7791,575,2346,1463,0,1601,0
16/04/2021,8962,698,1890,1480,0,2386,0
16/04/2021,5400,467,2180,2415,0,2567,0
16/04/2021,9016,668,1809,1622,0,2103,0
17/04/2021,9264,372,1895,3853,0,2764,0
17/04/2021,6653,318,2551,2099,0,2915,0
17/04/2021,9496,429,3248,2660,0,1679,0
17/04/2021,9767,513,1424,1314,0,2742,0
17/04/2021,5865,342,1302,3316,0,2401,0
17/04/2021,8175,391,2171,2763,0,2297,0
17/04/2021,9280,598,3112,1692,0,1815,0
17/04/2021,6415,422,1376,3014,0,1829,0
17/04/2021,8658,697,3940,3844,0,2851,0
17/04/2021,7507,342,3827,3303,0,2707,0
17/04/2021,6513,490,1335,3521,0,1448,0
17/04/2021,5908,477,3356,2922,0,2765,0
18/04/2021,6100,610,2460,3818,0,1941,0
18/04/2021,9541,496,3162,3390,0,2887,0
18/04/2021,8950,357,1891,3474,0,2072,0
18/04/2021,8285,476,3248,3098,0,1618,0
18/04/2021,8959,590,2443,2026,0,2220,0
18/04/2021,7712,611,3843,1566,0,1541,0
18/04/2021,8231,515,1255,1294,0,2589,0
18/04/2021,9909,515,2520,1814,0,2404,0
18/04/2021,9219,396,2234,3619,0,1622,0
18/04/2021,7151,328,1727,2389,0,2843,0
18/04/2021,9051,443,1720,3054,0,2048,0
19/04/2021,5898,467,2142,1988,0,1082,0
19/04/2021,5670,464,3494,1734,0,2823,0
19/04/2021,8757,501,2946,2052,0,2398,0
19/04/2021,6825,344,2203,1621,0,1471,0
19/04/2021,6547,451,3224,3060,0,2413,0
19/04/2021,6455,454,3987,3467,0,2200,0
19/04/2021,6516,426,3698,2449,0,1541,0
19/04/2021,5805,349,1342,1076,0,2412,0
19/04/2021,8404,443,1116,2591,0,2506,0
19/04/2021,7267,401,3411,3136,0,2794,0
19/04/2021,8607,351,3564,3381,0,1872,0
19/04/2021,9978,463,1422,3939,0,1314,0
20/04/2021,6672,365,1803,2514,0,1970,0
20/04/2021,6378,463,2232,3587,0,2412,0
20/04/2021,7022,361,3642,1791,0,1851,0
20/04/2021,7003,387,1568,2804,0,1121,0
20/04/2021,5926,637,3797,2256,0,2333,0
20/04/2021,8544,331,3011,3874,0,1210,0
20/04/2021,9098,406,1364,1150,0,1783,0
20/04/2021,6536,417,2836,1136,0,1181,0
20/04/2021,6092,462,1495,3164,0,1955,0
20/04/2021,5876,384,2174,3253,0,2223,0
20/04/2021,8136,589,2925,2528,0,2598,0
20/04/2021,5856,443,3356,3477,0,2311,0
20/04/2021,8675,557,3415,3644,0,2662,0
21/04/2021,9175,348,3882,3404,0,2197,0
21/04/2021,9582,312,2044,2828,0,2448,0
21/04/2021,5873,629,2629,3837,0,1156,0
21/04/2021,9137,318,2083,1601,0,1115,0
21/04/2021,9134,501,1878,3012,0,2105,0
21/04/2021,9002,403,1275,2033,0,1627,0
21/04/2021,7042,508,1184,1155,0,1133,0
21/04/2021,8964,472,2927,1715,0,1163,0
21/04/2021,8570,411,3378,3251,0,1422,0
21/04/2021,8553,545,3220,1129,0,1908,0
21/04/2021,6908,353,1966,1156,0,2336,0
21/04/2021,7947,404,2099,2817,0,2954,0
21/04/2021,9785,597,1192,2007,0,2818,0
22/04/2021,7566,471,3239,2844,0,1462,0
22/04/2021,6210,586,3990,2639,0,1319,0
22/04/2021,5591,454,1337,1164,0,2253,0
22/04/2021,7800,675,3359,3624,0,2872,0
22/04/2021,6604,445,3607,2312,0,1749,0
22/04/2021,8245,453,1655,2141,0,2990,0
22/04/2021,5167,317,1306,1669,0,1135,0
22/04/2021,6843,392,3661,1488,0,2228,0
22/04/2021,8979,319,1277,2094,0,2969,0
22/04/2021,5736,325,2630,1074,0,1378,0
22/04/2021,9300,352,3224,1468,0,2295,0
22/04/2021,7415,473,2652,1888,0,1997,0
22/04/2021,5828,340,3810,1530,0,1084,0
23/04/2021,9132,341,1937,1923,0,2499,0
23/04/2021,9432,489,1664,1652,0,2728,0
23/04/2021,8783,465,2997,3716,0,2990,0
23/04/2021,6454,308,3728,3931,0,2535,0
23/04/2021,7906,319,1695,1670,0,1143,0
23/04/2021,9752,618,3994,2354,0,2676,0
23/04/2021,8937,683,2116,3646,0,2891,0
23/04/2021,9597,580,1435,3879,0,2384,0
23/04/2021,6266,611,2734,1123,0,1879,0
23/04/2021,5793,451,2897,1200,0,2232,0
23/04/2021,6386,691,1947,2835,0,2156,0
23/04/2021,5408,385,2040,2872,0,1529,0
23/04/2021,6834,532,2230,3032,0,1888,0
24/04/2021,5993,636,3204,2045,0,2804,0
24/04/2021,5727,629,3667,3549,0,1243,0
24/04/2021,8523,362,2576,3112,0,1085,0
24/04/2021,6467,505,3819,1075,0,2587,0
24/04/2021,5355,346,3667,3744,0,2177,0
24/04/2021,6289,459,1777,1810,0,2465,0
24/04/2021,6008,355,1936,2796,0,1873,0
24/04/2021,7127,329,3538,1614,0,2142,0
24/04/2021,5451,500,3702,3020,0,2429,0
24/04/2021,7854,452,1998,2723,0,2417,0
24/04/2021,8410,698,3603,2425,0,1311,0
24/04/2021,5236,608,3823,1658,0,2431,0
24/04/2021,6694,684,1771,1317,0,2025,0
25/04/2021,7276,659,2807,3161,0,2079,0
25/04/2021,8350,663,1319,1875,0,1045,0
25/04/2021,9014,697,2267,2253,0,1456,0
25/04/2021,8636,356,2885,3763,0,2954,0
25/04/2021,8183,644,2298,2948,0,1722,0
25/04/2021,8309,666,2163,1743,0,2817,0
25/04/2021,9644,663,1028,2330,0,1344,0
25/04/2021,7906,346,1684,2357,0,2288,0
25/04/2021,6989,415,2465,2288,0,1528,0
25/04/2021,8822,346,3137,1684,0,1460,0
25/04/2021,5836,640,3606,3896,0,1820,0
25/04/2021,7987,343,3974,3106,0,2876,0
25/04/2021,9449,469,1084,2055,0,1932,0
26/04/2021,5434,587,1058,1046,0,1573,0
26/04/2021,9887,335,3074,2493,0,1639,0
26/04/2021,7825,428,3885,3098,0,1595,0
26/04/2021,7094,362,3646,1986,0,1951,0
26/04/2021,5941,441,1241,3594,0,1513,0
26/04/2021,9063,466,3169,3712,0,1153,0
26/04/2021,9712,419,1705,3291,0,1891,0
26/04/2021,6966,385,2979,1451,0,2379,0
26/04/2021,6204,577,3579,2275,0,1329,0
26/04/2021,5111,309,3777,3573,0,2846,0
26/04/2021,5400,578,3540,2379,0,1923,0
26/04/2021,5709,614,3169,3511,0,2667,0
26/04/2021,8230,493,1757,2362,0,2831,0
27/04/2021,5010,478,3301,2964,0,1569,0
27/04/2021,5109,575,3551,1641,0,1424,0
27/04/2021,7519,545,2740,2644,0,2522,0
27/04/2021,5908,667,2884,2102,0,1390,0
27/04/2021,8244,538,1903,1123,0,2576,0
27/04/2021,7374,351,2856,3312,0,1041,0
27/04/2021,5093,533,1199,2538,0,2239,0
27/04/2021,6374,321,1647,3445,0,1747,0
27/04/2021,5800,399,2010,3171,0,1148,0
27/04/2021,6834,575,2498,3469,0,1108,0
27/04/2021,7969,361,2270,1510,0,2268,0
27/04/2021,5379,382,2742,3668,0,2210,0
27/04/2021,5529,452,2193,2785,0,1301,0
28/04/2021,7379,321,1647,2393,0,1028,0
28/04/2021,5039,336,3040,3349,0,1005,0
28/04/2021,9737,581,2999,1850,0,1793,0
28/04/2021,9106,436,1896,2795,0,1080,0
28/04/2021,5777,491,2164,2574,0,2061,0
28/04/2021,9522,631,3979,3101,0,2062,0
28/04/2021,7508,531,2342,1624,0,2980,0
28/04/2021,5879,600,1641,3616,0,1576,0
28/04/2021,7171,356,1012,3471,0,1942,0
28/04/2021,8413,401,1946,3648,0,2536,0
28/04/2021,5415,349,3451,1757,0,2676,0
28/04/2021,8856,630,2009,3869,0,1145,0
28/04/2021,6599,322,2778,3064,0,2788,0
29/04/2021,5617,571,2435,1857,0,2242,0
29/04/2021,6318,549,2517,1234,0,2160,0
29/04/2021,8899,589,1671,3317,0,2341,0
29/04/2021,9613,438,2975,2737,0,1058,0
29/04/2021,8911,506,3889,3265,0,1733,0
29/04/2021,5380,677,3163,1086,0,1454,0
29/04/2021,9824,361,1673,3417,0,1661,0
29/04/2021,6811,388,2318,2175,0,2397,0
29/04/2021,8913,474,2483,1061,0,2766,0
29/04/2021,6473,643,2214,2362,0,2786,0
29/04/2021,8301,546,1641,2149,0,2890,0
29/04/2021,5718,378,1389,3201,0,1089,0
29/04/2021,6350,581,1890,3477,0,2863,0
30/04/2021,9418,428,3247,1286,0,2524,0
30/04/2021,9251,400,1538,1152,0,1044,0
30/04/2021,7255,480,1043,3781,0,2629,0
30/04/2021,8089,316,2034,1077,0,2621,0
30/04/2021,9272,431,1635,2806,0,2448,0
30/04/2021,9307,558,2021,1507,0,2576,0
30/04/2021,9886,670,2090,3130,0,2182,0
30/04/2021,8336,319,2411,1585,0,2225,0
30/04/2021,8495,540,1012,2961,0,2409,0
30/04/2021,9615,682,2923,3928,0,2784,0
30/04/2021,5105,371,3592,2225,0,1748,0
30/04/2021,8173,472,2833,3094,0,2391,0
30/04/2021,6233,546,2528,1970,0,2758,0
01/05/2021,7295,309,1604,3385,0,2684,0
01/05/2021,6852,305,1646,3098,0,2688,0
01/05/2021,6030,490,3500,2321,0,1159,0
01/05/2021,5647,393,2859,2874,0,1211,0
01/05/2021,8185,617,1528,2634,0,1237,0
01/05/2021,8145,580,3601,3998,0,1301,0
01/05/2021,8185,379,3550,2317,0,1956,0
01/05/2021,7196,317,3099,3550,0,1819,0
01/05/2021,8572,621,1865,3583,0,2662,0
01/05/2021,6942,347,3920,3032,0,2645,0
01/05/2021,6369,364,1388,3550,0,1782,0
01/05/2021,6880,381,3797,3033,0,2061,0
01/05/2021,9122,406,3423,1461,0,1266,0
02/05/2021,7260,465,1934,3352,0,2494,0
02/05/2021,5919,322,3993,2517,0,2764,0
02/05/2021,6307,433,3292,3899,0,2927,0
02/05/2021,8539,427,3942,1704,0,2144,0
02/05/2021,8408,355,1914,2915,0,1057,0
02/05/2021,8772,396,2406,1354,0,2750,0
02/05/2021,9031,493,3629,1230,0,2699,0
02/05/2021,6391,310,1666,1510,0,2629,0
02/05/2021,8749,346,2398,3335,0,2797,0
02/05/2021,6918,333,1185,1639,0,2765,0
02/05/2021,7753,407,3082,2690,0,2460,0
02/05/2021,8895,382,3605,3551,0,1128,0
02/05/2021,6643,480,3587,3562,0,2695,0
03/05/2021,8701,387,1844,1254,0,1535,0
03/05/2021,8041,603,2308,2627,0,2255,0
03/05/2021,7187,325,2702,1403,0,1389,0
03/05/2021,6599,547,1282,3900,0,2593,0
03/05/2021,9364,673,2293,2596,0,1098,0
03/05/2021,9462,659,1131,1160,0,2241,0
03/05/2021,6655,556,3109,1460,0,1229,0
03/05/2021,8730,335,2900,2578,0,2584,0
03/05/2021,7497,625,2897,2709,0,2537,0
03/05/2021,7902,584,2763,1223,0,2903,0
03/05/2021,8010,429,2197,2796,0,2747,0
03/05/2021,5274,481,3853,1304,0,2261,0
03/05/2021,6630,405,1206,3167,0,2503,0
04/05/2021,6315,519,2041,2254,0,1364,0
04/05/2021,8807,645,3348,3519,0,1722,0
04/05/2021,6718,668,2200,2021,0,2329,0
04/05/2021,9417,493,2183,2533,0,1721,0
04/05/2021,8170,676,2733,3479,0,1036,0
04/05/2021,9702,365,3034,2350,0,2774,0
04/05/2021,7115,643,3169,1874,0,2584,0
04/05/2021,8045,441,3981,3159,0,1833,0
04/05/2021,6167,544,2851,1355,0,1590,0
04/05/2021,5826,544,3681,3396,0,2627,0
04/05/2021,7261,564,3000,2157,0,2967,0
04/05/2021,7728,687,2142,1422,0,1840,0
05/05/2021,7321,577,2565,3467,0,1024,0
05/05/2021,9329,308,1368,3018,0,2956,0
05/05/2021,9776,411,2941,3324,0,1341,0
05/05/2021,8804,355,2121,2829,0,2643,0
05/05/2021,9253,388,2409,2562,0,1220,0
05/05/2021,8610,614,3878,2852,0,2950,0
05/05/2021,9089,645,2471,1233,0,2913,0
05/05/2021,6485,691,2520,3195,0,2466,0
05/05/2021,7170,375,2243,3642,0,2201,0
05/05/2021,7022,355,1942,3071,0,1295,0
05/05/2021,5095,405,1017,3901,0,1548,0
05/05/2021,9243,303,3710,2449,0,2632,0
05/05/2021,9956,338,2933,1824,0,1129,0
06/05/2021,9788,591,3739,3293,0,2550,0
06/05/2021,6239,454,3355,1057,0,2202,0
06/05/2021,6815,651,1975,2565,0,1468,0
06/05/2021,6384,427,2798,2932,0,1983,0
06/05/2021,8234,631,1970,2545,0,2739,0
06/05/2021,8544,538,3999,1508,0,2820,0
06/05/2021,9727,464,1810,3218,0,1698,0
06/05/2021,7478,483,3527,3530,0,2526,0
06/05/2021,6260,316,1383,2131,0,2300,0
06/05/2021,5416,644,2399,2416,0,1832,0
06/05/2021,8500,649,3771,3921,0,2746,0
06/05/2021,9096,573,1676,1045,0,1768,0
06/05/2021,9714,469,2666,1957,0,2355,0
07/05/2021,9662,474,2561,3100,0,2042,0
07/05/2021,5755,679,1094,3563,0,2254,0
07/05/2021,8266,593,3597,1137,0,1617,0
07/05/2021,9898,698,1546,1165,0,2795,0
07/05/2021,7082,483,1753,1861,0,1515,0
07/05/2021,7340,688,3276,3075,0,2230,0
07/05/2021,5898,622,2502,3839,0,1096,0
07/05/2021,8799,406,3010,3991,0,1058,0
07/05/2021,7168,593,3405,3994,0,2958,0
07/05/2021,7540,565,2208,2939,0,2703,0
07/05/2021,7035,507,1938,3815,0,2731,0
07/05/2021,7762,627,1243,3649,0,2239,0
07/05/2021,7608,604,1435,2660,0,2416,0
08/05/2021,5644,507,3005,3810,0,1068,0
08/05/2021,5478,466,2653,2421,0,2511,0
08/05/2021,6622,597,3627,2031,0,1465,0
08/05/2021,8587,385,2196,3349,0,1658,0
08/05/2021,9825,618,3876,3636,0,2953,0
08/05/2021,9357,566,1297,3612,0,2705,0
08/05/2021,5214,443,1972,2856,0,2414,0
08/05/2021,7391,457,3507,1741,0,2347,0
08/05/2021,6388,552,3355,3001,0,2917,0
08/05/2021,5794,667,2801,2973,0,2919,0
08/05/2021,9055,484,2767,3603,0,1680,0
08/05/2021,7747,384,1574,1996,0,2935,0
08/05/2021,5802,539,1425,2482,0,1376,0
09/05/2021,6289,498,1410,1687,0,1293,0
09/05/2021,5248,358,2151,1854,0,1162,0
09/05/2021,8396,685,2244,3632,0,2607,0
09/05/2021,8166,304,2361,1431,0,2537,0
09/05/2021,8072,334,3804,1629,0,1076,0
09/05/2021,7740,349,1695,2575,0,1300,0
09/05/2021,6739,612,3821,1079,0,2595,0
09/05/2021,8491,675,2182,1105,0,1935,0
09/05/2021,5230,552,3070,2162,0,1229,0
09/05/2021,5790,561,3580,2046,0,2879,0
09/05/2021,7354,619,1894,1755,0,2862,0
09/05/2021,9133,385,1595,3461,0,2733,0
10/05/2021,9925,550,2094,3582,0,2206,0
10/05/2021,9639,340,3627,1705,0,1433,0
10/05/2021,7338,505,2069,1657,0,1490,0
10/05/2021,7377,422,2339,2375,0,2073,0
10/05/2021,5703,592,2576,2619,0,1891,0
10/05/2021,6140,350,1439,1551,0,1222,0
10/05/2021,7774,331,1728,2490,0,1307,0
10/05/2021,9547,656,3372,2305,0,2445,0
10/05/2021,9613,679,2764,2697,0,1037,0
10/05/2021,9074,687,3609,2084,0,1089,0
10/05/2021,5672,469,3595,3788,0,2747,0
10/05/2021,6073,485,2663,3590,0,1692,0
10/05/2021,8719,675,2143,1935,0,1278,0
11/05/2021,5615,336,1095,1118,0,1875,0
11/05/2021,9412,623,3749,2834,0,2153,0
11/05/2021,9125,677,2218,1256,0,1259,0
11/05/2021,8076,466,1631,1161,0,1996,0
11/05/2021,9521,339,1098,1603,0,2714,0
11/05/2021,7987,568,1937,3756,0,1301,0
11/05/2021,5605,682,1283,1779,0,1905,0
11/05/2021,5569,581,1439,3475,0,1858,0
11/05/2021,7133,334,2068,2701,0,1698,0
11/05/2021,6476,546,2240,3598,0,1057,0
11/05/2021,6875,588,1436,3158,0,1352,0
11/05/2021,8547,460,2426,1200,0,2168,0
11/05/2021,5329,630,1950,2005,0,1414,0
12/05/2021,9014,481,1200,3833,0,1347,0
12/05/2021,5718,419,3011,3547,0,2538,0
12/05/2021,8256,511,2410,1613,0,1341,0
12/05/2021,6367,541,2716,1141,0,2844,0
12/05/2021,6383,372,3776,1259,0,1008,0
12/05/2021,6187,669,1999,1101,0,1480,0
12/05/2021,5451,561,1126,2267,0,1942,0
12/05/2021,8887,572,3262,3728,0,1121,0
12/05/2021,6718,344,2603,2930,0,2893,0
12/05/2021,6305,414,2375,3453,0,2637,0
12/05/2021,8314,462,3750,2267,0,2682,0
12/05/2021,7211,661,3504,1455,0,1516,0
12/05/2021,5524,676,3368,1645,0,1727,0
13/05/2021,9269,683,3182,2824,0,2008,0
13/05/2021,7535,608,3576,1321,0,2394,0
13/05/2021,6544,401,1063,1292,0,1707,0
13/05/2021,8470,315,2226,1755,0,1646,0
13/05/2021,8663,568,3942,3872,0,1556,0
13/05/2021,5055,386,1539,3933,0,1282,0
13/05/2021,6092,538,1789,3913,0,1403,0
13/05/2021,5413,384,1590,1404,0,1003,0
13/05/2021,8524,512,1918,2166,0,1079,0
13/05/2021,8041,332,3224,2385,0,1302,0
13/05/2021,7880,614,2312,3027,0,1525,0
13/05/2021,5982,672,3280,3752,0,2036,0
13/05/2021,6254,383,1743,3388,0,2057,0
14/05/2021,6747,647,3640,2891,0,2441,0
14/05/2021,5368,495,1721,1979,0,2436,0
14/05/2021,8928,431,1950,2505,0,2253,0
14/05/2021,6224,604,1836,2181,0,2194,0
14/05/2021,9119,642,2963,2403,0,2136,0
14/05/2021,5807,446,3775,1502,0,2327,0
14/05/2021,8480,441,2600,2377,0,2881,0
14/05/2021,5376,526,2200,1220,0,1286,0
14/05/2021,9711,320,2781,1961,0,1000,0
14/05/2021,9644,609,1206,2738,0,2608,0
14/05/2021,6347,681,3436,1121,0,2689,0
14/05/2021,6402,312,3187,2455,0,1526,0
14/05/2021,7523,381,3848,2152,0,1888,0
15/05/2021,7651,657,1470,2294,0,2877,0
15/05/2021,9020,621,2959,3185,0,2571,0
15/05/2021,9381,669,2721,3506,0,1076,0
15/05/2021,5760,540,2241,1601,0,1378,0
15/05/2021,6950,357,3893,1757,0,2365,0
15/05/2021,7898,630,3012,2535,0,2552,0
15/05/2021,5115,514,3887,3290,0,2158,0
15/05/2021,6328,533,3050,1515,0,2125,0
15/05/2021,8340,600,2568,3713,0,1787,0
15/05/2021,6463,652,3608,3176,0,2668,0
15/05/2021,7399,488,2106,1716,0,1730,0
15/05/2021,8867,473,2289,3073,0,1509,0
16/05/2021,6415,520,3062,3711,0,1766,0
16/05/2021,7299,354,2580,1794,0,2707,0
16/05/2021,7863,439,2944,1450,0,1186,0
16/05/2021,9273,393,2920,3336,0,2794,0
16/05/2021,7092,512,3499,2230,0,1828,0
16/05/2021,8781,605,1190,2682,0,1596,0
16/05/2021,9976,646,3099,3885,0,1286,0
16/05/2021,5450,385,3596,2537,0,2713,0
16/05/2021,6657,608,3122,1609,0,1898,0
16/05/2021,9847,617,2431,2422,0,2404,0
16/05/2021,9824,593,1765,1697,0,2044,0
16/05/2021,7382,694,2877,2961,0,1718,0
16/05/2021,6467,486,1182,2839,0,2825,0
17/05/2021,8159,402,3094,1186,0,1014,0
17/05/2021,9213,388,2049,2009,0,1031,0
17/05/2021,5550,496,1084,2683,0,1457,0
17/05/2021,7665,650,3952,2845,0,2588,0
17/05/2021,5968,564,3208,1515,0,1720,0
17/05/2021,6512,332,3278,2164,0,1709,0
17/05/2021,5844,688,3724,1438,0,2576,0
17/05/2021,6251,403,1970,1110,0,1795,0
17/05/2021,6123,440,3655,2642,0,2512,0
17/05/2021,5064,600,2455,1855,0,1183,0
17/05/2021,7463,605,3970,1033,0,2082,0
17/05/2021,8454,372,3529,3046,0,1471,0
18/05/2021,9317,475,2710,1596,0,1935,0
18/05/2021,7577,592,3179,1376,0,2827,0
18/05/2021,6033,326,1958,1196,0,1988,0
18/05/2021,5356,425,3630,3794,0,2990,0
18/05/2021,6745,518,2007,3610,0,1820,0
18/05/2021,6111,398,3267,1446,0,1210,0
18/05/2021,7830,641,3512,3909,0,1643,0
18/05/2021,8729,358,2105,2236,0,2122,0
18/05/2021,6092,589,2839,3584,0,2035,0
18/05/2021,8095,461,3006,2154,0,1287,0
18/05/2021,8671,503,1836,1452,0,1293,0
18/05/2021,6279,540,1247,1344,0,1417,0
19/05/2021,6666,408,2601,3646,0,1863,0
19/05/2021,9660,344,3023,3565,0,1248,0
19/05/2021,9458,464,3212,2448,0,2615,0
19/05/2021,7542,561,1252,3552,0,2772,0
19/05/2021,6808,520,1131,3874,0,1140,0
19/05/2021,5026,673,1158,3839,0,1167,0
19/05/2021,6960,316,3143,1272,0,2319,0
19/05/2021,7074,547,1176,2252,0,1346,0
19/05/2021,6397,505,3640,2176,0,1897,0
19/05/2021,6288,631,2257,1867,0,2528,0
19/05/2021,5996,366,3236,3417,0,1778,0
19/05/2021,9642,479,1264,3414,0,1400,0
19/05/2021,9276,638,3032,2501,0,1141,0
20/05/2021,8071,514,3433,1665,0,2076,0
20/05/2021,8521,301,2058,1471,0,1836,0
20/05/2021,6805,305,3631,2798,0,2921,0
20/05/2021,5324,386,3920,2998,0,1430,0
20/05/2021,5073,592,1716,2492,0,2394,0
20/05/2021,9147,547,2123,1247,0,2062,0
20/05/2021,7827,555,1477,1877,0,1927,0
20/05/2021,6343,619,1655,1081,0,2950,0
20/05/2021,7620,583,2998,3711,0,2148,0
20/05/2021,5936,332,3242,1130,0,2543,0
20/05/2021,9603,374,2789,3742,0,2099,0
20/05/2021,5965,696,3120,3418,0,1420,0
20/05/2021,7552,589,3126,3100,0,2691,0
20/05/2021,6136,549,1743,3857,0,1782,0
21/05/2021,5363,601,2838,1132,0,1075,0
21/05/2021,9722,376,1491,3815,0,2318,0
21/05/2021,5468,343,3879,3282,0,1063,0
21/05/2021,9624,344,1318,1302,0,2048,0
21/05/2021,6478,585,2233,1683,0,1657,0
21/05/2021,6155,663,1894,2602,0,1851,0
21/05/2021,5899,379,1410,1059,0,1136,0
21/05/2021,5536,352,1297,2728,0,2011,0
21/05/2021,7415,348,2569,2801,0,2280,0
21/05/2021,5561,579,3310,3360,0,1345,0
21/05/2021,8327,617,2273,2621,0,1632,0
21/05/2021,7869,676,2399,2403,0,2965,0
21/05/2021,5271,495,3061,2833,0,1813,0
22/05/2021,6618,344,1490,1370,0,2958,0
22/05/2021,7289,413,3797,1568,0,2210,0
22/05/2021,8311,341,2216,2378,0,2725,0
22/05/2021,8966,361,2336,1976,0,1461,0
22/05/2021,7053,321,1561,1203,0,2115,0
22/05/2021,9177,690,2832,1611,0,2059,0
22/05/2021,9155,441,1406,3339,0,1715,0
22/05/2021,6991,315,1706,3379,0,2897,0
22/05/2021,7804,659,1437,3743,0,2283,0
22/05/2021,6700,684,2281,1865,0,1453,0
22/05/2021,8796,356,3647,2997,0,1555,0
22/05/2021,5165,449,2700,2389,0,1635,0
23/05/2021,6119,473,1153,1291,0,2519,0
23/05/2021,8408,358,1442,1464,0,1794,0
23/05/2021,6519,422,1524,2554,0,1718,0
23/05/2021,9742,546,2175,1108,0,1777,0
23/05/2021,6680,618,3420,1240,0,2172,0
23/05/2021,8518,573,2244,1308,0,1920,0
23/05/2021,6458,510,3290,1745,0,1640,0
23/05/2021,6771,643,1481,3798,0,2994,0
23/05/2021,7336,344,3482,1317,0,1086,0
23/05/2021,7768,700,1708,3226,0,1150,0
23/05/2021,5870,341,3696,3294,0,2922,0
23/05/2021,6083,427,1653,2251,0,2066,0
23/05/2021,6362,654,1410,1352,0,2264,0
24/05/2021,8371,396,1626,2722,0,2866,0
24/05/2021,6381,654,1369,1339,0,1563,0
24/05/2021,9153,473,1572,1789,0,2861,0
24/05/2021,7442,652,1377,2920,0,2303,0
24/05/2021,8974,400,1870,1961,0,2449,0
24/05/2021,7346,386,2157,3638,0,2478,0
24/05/2021,9031,451,1150,3123,0,1968,0
24/05/2021,8482,533,3601,3784,0,1180,0
24/05/2021,6100,561,3011,3859,0,1343,0
24/05/2021,7170,605,3730,2473,0,2518,0
24/05/2021,5449,301,1259,2314,0,1955,0
24/05/2021,9429,321,3993,2513,0,2950,0
25/05/2021,8297,596,3555,1527,0,1899,0
25/05/2021,7761,403,1897,2663,0,2501,0
25/05/2021,5414,340,1510,2195,0,2497,0
25/05/2021,5318,538,2197,2242,0,2219,0
25/05/2021,6354,469,3821,2951,0,1245,0
25/05/2021,5534,542,3170,2794,0,2492,0
25/05/2021,7908,506,2366,2582,0,1582,0
25/05/2021,7379,648,3774,1655,0,2697,0
25/05/2021,6854,475,1659,2527,0,1277,0
25/05/2021,6853,646,2423,2667,0,1192,0
25/05/2021,9355,321,3794,3775,0,1785,0
25/05/2021,6490,476,2947,3552,0,2444,0
26/05/2021,6129,311,1675,1004,0,1445,0
26/05/2021,8380,355,1860,1925,0,2226,0
26/05/2021,6559,598,3239,1212,0,2308,0
26/05/2021,8600,657,1761,2828,0,2119,0
26/05/2021,7860,601,2433,1928,0,1913,0
26/05/2021,8654,312,3619,2417,0,2568,0
26/05/2021,5961,353,1088,1654,0,1537,0
26/05/2021,9908,674,3083,2475,0,2773,0
26/05/2021,7808,526,3316,1328,0,1777,0
26/05/2021,7911,432,3084,2970,0,1991,0
26/05/2021,6364,333,3800,1538,0,2578,0
26/05/2021,6254,549,3541,2487,0,1086,0
26/05/2021,5450,625,2744,1120,0,1378,0
27/05/2021,8103,575,3985,1485,0,2828,0
27/05/2021,9076,364,1931,1757,0,2538,0
27/05/2021,9897,676,3346,3058,0,1676,0
27/05/2021,6257,664,1698,3360,0,1961,0
27/05/2021,5477,389,1340,2099,0,1012,0
27/05/2021,5673,687,3933,2749,0,2667,0
27/05/2021,5208,668,3039,2821,0,1981,0
27/05/2021,8191,493,2258,2189,0,1957,0
27/05/2021,9118,590,1636,3327,0,2607,0
27/05/2021,9543,397,2857,3607,0,2267,0
27/05/2021,6819,429,2860,2540,0,1215,0
27/05/2021,5483,493,3477,2675,0,2594,0
27/05/2021,8102,676,1201,2400,0,2848,0
28/05/2021,5645,398,2567,3145,0,1016,0
28/05/2021,8236,430,2772,2572,0,2219,0
28/05/2021,8604,578,3711,1860,0,2355,0
28/05/2021,6640,543,3085,3766,0,2597,0
28/05/2021,8812,612,3111,2877,0,1789,0
28/05/2021,7340,552,1901,2604,0,2751,0
28/05/2021,9554,405,1367,2474,0,2930,0
28/05/2021,9155,343,1537,1578,0,2099,0
28/05/2021,9520,345,1009,2330,0,2970,0
28/05/2021,9346,650,2373,3533,0,2921,0
28/05/2021,5095,443,1563,3689,0,1591,0
28/05/2021,9351,530,2402,3528,0,1210,0
28/05/2021,9564,303,1744,2461,0,1837,0
28/05/2021,9507,471,2496,2083,0,1230,0
29/05/2021,9640,692,2150,3688,0,1598,0
29/05/2021,6015,699,3532,1826,0,2468,0
29/05/2021,7541,654,3005,3362,0,1894,0
29/05/2021,6068,597,2014,1216,0,1372,0
29/05/2021,6757,478,1202,2232,0,1780,0
29/05/2021,7928,369,3153,3812,0,2884,0
29/05/2021,5591,509,2432,1151,0,1630,0
29/05/2021,7218,315,3633,3197,0,2870,0
29/05/2021,8003,585,3378,1748,0,1879,0
29/05/2021,6390,647,3397,3485,0,2384,0
29/05/2021,5640,668,1613,1179,0,1116,0
29/05/2021,8554,318,3420,1019,0,2993,0
29/05/2021,6598,619,3143,1672,0,1055,0
29/05/2021,5472,464,1577,1146,0,2212,0
30/05/2021,6804,554,1466,2498,0,2729,0
30/05/2021,9146,500,2069,3084,0,2119,0
30/05/2021,7182,414,3718,2331,0,2478,0
30/05/2021,7734,314,3709,2997,0,2714,0
30/05/2021,8321,385,2992,3116,0,2408,0
30/05/2021,6372,348,1917,3193,0,1245,0
30/05/2021,5830,420,1687,2250,0,1734,0
30/05/2021,5358,365,2960,1975,0,2055,0
30/05/2021,8272,342,3089,2969,0,1360,0
30/05/2021,9515,494,3348,1185,0,1440,0
30/05/2021,5445,639,3434,1371,0,1929,0
30/05/2021,7041,506,1308,2352,0,2397,0
30/05/2021,8037,381,3317,2276,0,1175,0
30/05/2021,5758,593,2256,1886,0,1399,0
31/05/2021,6573,508,2600,1860,0,1114,0
31/05/2021,5844,310,2596,1848,0,1132,0
31/05/2021,5679,630,1567,2514,0,1636,0
31/05/2021,5448,506,2751,1788,0,2214,0
31/05/2021,5189,499,2639,1479,0,1911,0
31/05/2021,9733,343,2136,2543,0,2141,0
31/05/2021,7966,617,3829,2478,0,1503,0
31/05/2021,7776,524,3113,1887,0,2419,0
31/05/2021,7022,525,1576,1853,0,1634,0
31/05/2021,8140,646,3700,1174,0,2556,0
31/05/2021,6161,493,2035,3372,0,2642,0
31/05/2021,9768,655,2067,3778,0,2544,0
31/05/2021,7975,591,3423,1856,0,2575,0
01/06/2021,6209,425,1512,3989,0,2424,0
01/06/2021,9370,620,1179,1855,0,2044,0
01/06/2021,7243,502,1444,1979,0,2473,0
01/06/2021,7290,454,3028,3512,0,2271,0
01/06/2021,8539,504,1740,1952,0,1265,0
01/06/2021,5937,432,2949,1737,0,1378,0
01/06/2021,9216,533,2732,2202,0,2901,0
01/06/2021,7573,596,1830,1884,0,2518,0
01/06/2021,7993,603,3869,3384,0,2837,0
01/06/2021,5027,508,3760,1958,0,1480,0
01/06/2021,9652,397,3878,2013,0,1138,0
01/06/2021,9619,339,3656,2804,0,1891,0
01/06/2021,7763,550,2830,2382,0,2903,0
01/06/2021,6000,489,3640,2708,0,1868,0
02/06/2021,6897,377,3189,3967,0,2925,0
02/06/2021,9501,338,2504,2645,0,2287,0
02/06/2021,5423,410,1995,2073,0,2010,0
02/06/2021,6095,676,3622,3573,0,2418,0
02/06/2021,7485,402,2060,3161,0,2533,0
02/06/2021,6396,488,1857,1330,0,1485,0
02/06/2021,9947,491,1156,2286,0,2875,0
02/06/2021,8361,469,1240,3902,0,1816,0
02/06/2021,8349,348,2436,3587,0,2988,0
02/06/2021,7825,558,1359,2692,0,1117,0
02/06/2021,7916,426,3896,1382,0,2879,0
02/06/2021,8825,490,1343,2654,0,2081,0
03/06/2021,5266,618,1911,2225,0,2489,0
03/06/2021,7380,583,3274,2311,0,2628,0
03/06/2021,8312,602,1903,3992,0,2747,0
03/06/2021,7518,326,3024,2475,0,1717,0
03/06/2021,7901,559,1799,2355,0,2704,0
03/06/2021,7933,645,2935,3098,0,1210,0
03/06/2021,7202,420,1411,3423,0,1206,0
03/06/2021,6573,530,3316,2972,0,1748,0
03/06/2021,5953,599,2025,2227,0,1636,0
03/06/2021,9652,576,1384,1062,0,2614,0
03/06/2021,7646,438,2366,3419,0,2302,0
03/06/2021,5245,338,3859,2173,0,2604,0
03/06/2021,6500,322,2825,1271,0,2928,0
03/06/2021,6984,505,2606,3004,0,1517,0
04/06/2021,7248,676,3878,2447,0,2426,0
04/06/2021,6153,552,1497,3246,0,1695,0
04/06/2021,7353,652,1482,3980,0,2784,0
04/06/2021,8338,607,1497,3901,0,2534,0
04/06/2021,5396,602,1673,2934,0,2583,0
04/06/2021,5667,422,2677,3660,0,2124,0
04/06/2021,7953,448,1312,2268,0,1965,0
04/06/2021,9204,379,1750,3610,0,2960,0
04/06/2021,6486,321,3365,2383,0,2044,0
04/06/2021,6283,593,2093,3503,0,2939,0
04/06/2021,9100,470,3690,2752,0,1810,0
04/06/2021,9582,650,1277,3515,0,2163,0
04/06/2021,8701,604,1240,1376,0,2654,0
04/06/2021,5541,645,2945,3924,0,2966,0
05/06/2021,5654,666,3727,1021,0,2107,0
05/06/2021,5049,432,3447,3622,0,2906,0
05/06/2021,5465,384,3456,1528,0,2155,0
05/06/2021,5132,343,3136,2733,0,1517,0
05/06/2021,5922,673,3385,3192,0,1660,0
05/06/2021,6366,302,3864,3457,0,1427,0
05/06/2021,8275,620,1074,2801,0,2493,0
05/06/2021,9917,650,3706,3774,0,2272,0
05/06/2021,7385,331,3790,2888,0,2327,0
05/06/2021,9656,451,3040,1479,0,1709,0
05/06/2021,6384,442,3111,1182,0,2097,0
05/06/2021,5348,493,3418,1500,0,1232,0
05/06/2021,7284,507,3974,2815,0,1378,0
06/06/2021,5897,487,3633,2562,0,1720,0
06/06/2021,6792,343,3289,1586,0,1665,0
06/06/2021,8942,342,2872,2472,0,1111,0
06/06/2021,7736,523,3727,3683,0,2264,0
06/06/2021,8953,590,3375,2030,0,2709,0
06/06/2021,7248,464,3809,3819,0,2363,0
06/06/2021,5563,325,1653,1697,0,1254,0
06/06/2021,5998,471,3384,1083,0,2527,0
06/06/2021,5359,642,1412,3131,0,1127,0
06/06/2021,6661,601,1646,3185,0,1672,0
06/06/2021,9992,333,3562,3321,0,2753,0
06/06/2021,7534,610,1948,1270,0,2917,0
07/06/2021,9241,660,2822,3667,0,2063,0
07/06/2021,6847,312,1659,3262,0,2254,0
07/06/2021,7561,519,1222,3410,0,1513,0
07/06/2021,6549,488,2021,3751,0,2925,0
07/06/2021,5990,573,3783,1808,0,2070,0
07/06/2021,8034,550,2979,3345,0,1505,0
07/06/2021,6747,503,3782,2542,0,1596,0
07/06/2021,6918,541,3884,2290,0,1694,0
07/06/2021,6312,587,1026,3207,0,1987,0
07/06/2021,7269,410,2462,1530,0,1468,0
07/06/2021,9193,619,1686,1141,0,1721,0
07/06/2021,6042,517,2556,2558,0,1689,0
07/06/2021,7770,579,3817,3607,0,1310,0
08/06/2021,9873,650,1622,1307,0,2820,0
08/06/2021,5792,643,1919,3562,0,1800,0
08/06/2021,7394,663,2588,1917,0,1625,0
08/06/2021,5907,324,3047,3414,0,1736,0
08/06/2021,6111,495,2127,1118,0,1397,0
08/06/2021,5818,511,1761,1921,0,1265,0
08/06/2021,7391,564,2133,2793,0,2489,0
08/06/2021,8268,313,1869,3285,0,2990,0
08/06/2021,9212,500,1912,1093,0,2826,0
08/06/2021,6256,347,3912,3103,0,1932,0
08/06/2021,7663,321,2413,1581,0,1925,0
08/06/2021,7137,621,3352,2726,0,2377,0
09/06/2021,7757,385,1731,1191,0,2343,0
09/06/2021,8338,530,3451,1505,0,1086,0
09/06/2021,8972,587,2078,2872,0,1221,0
09/06/2021,8712,318,3227,1730,0,1190,0
09/06/2021,7181,496,3423,2733,0,2419,0
09/06/2021,7861,421,2605,3637,0,2896,0
09/06/2021,5961,310,3825,3473,0,1752,0
09/06/2021,7333,328,2770,2465,0,1604,0
09/06/2021,9714,325,2620,1087,0,2024,0
09/06/2021,6733,552,3356,1699,0,1101,0
09/06/2021,5574,662,1962,3905,0,2786,0
09/06/2021,9566,588,2400,2923,0,1565,0
10/06/2021,5350,377,1449,2544,0,2700,0
10/06/2021,5634,335,1387,2632,0,1513,0
10/06/2021,5360,358,1614,2992,0,2467,0
10/06/2021,6849,618,3994,3685,0,2522,0
10/06/2021,6455,532,2723,2849,0,2824,0
10/06/2021,9309,369,2044,1449,0,2288,0
10/06/2021,9681,547,3198,2018,0,1840,0
10/06/2021,9552,338,1252,2056,0,2970,0
10/06/2021,6298,615,1767,1960,0,1406,0
10/06/2021,9353,684,3339,3924,0,2066,0
10/06/2021,8720,324,3381,2695,0,1653,0
10/06/2021,8110,515,3143,3641,0,2791,0
11/06/2021,6873,584,2577,1152,0,1671,0
11/06/2021,6170,468,3236,1196,0,2892,0
11/06/2021,5607,635,2346,1410,0,1526,0
11/06/2021,8138,321,1185,1122,0,2337,0
11/06/2021,6172,473,3077,3217,0,1593,0
11/06/2021,5503,622,1856,2660,0,2832,0
11/06/2021,5241,378,3212,2909,0,2203,0
11/06/2021,5401,662,2938,2535,0,1141,0
11/06/2021,7990,454,3151,1306,0,2948,0
11/06/2021,6261,482,1315,2124,0,2634,0
11/06/2021,8696,304,2053,1180,0,2733,0
11/06/2021,7510,609,3804,3730,0,1599,0
12/06/2021,6319,482,2828,2635,0,2311,0
12/06/2021,7311,384,2505,1748,0,1183,0
12/06/2021,9886,492,1911,2073,0,1119,0
12/06/2021,9905,508,3405,1762,0,1306,0
12/06/2021,9613,459,2526,2792,0,2321,0
12/06/2021,7618,360,2052,3479,0,1625,0
12/06/2021,9375,467,2660,3682,0,2410,0
12/06/2021,5425,561,1632,2600,0,2045,0
12/06/2021,9485,458,2439,1492,0,1229,0
12/06/2021,8587,604,1793,2858,0,1608,0
12/06/2021,5490,362,2168,3068,0,1611,0
12/06/2021,5474,359,1802,2548,0,1086,0
13/06/2021,5289,331,1322,3967,0,2459,0
13/06/2021,8439,700,1692,3933,0,2977,0
13/06/2021,6098,495,1681,2982,0,1815,0
13/06/2021,6175,535,1175,2997,0,2967,0
13/06/2021,8695,331,2904,1460,0,2603,0
13/06/2021,8021,489,3816,2395,0,1188,0
13/06/2021,9998,454,2296,3955,0,2614,0
13/06/2021,9281,592,2658,1090,0,2569,0
13/06/2021,8358,561,3163,2622,0,2151,0
13/06/2021,7665,549,2755,3323,0,1023,0
13/06/2021,5051,314,1010,1675,0,2469,0
14/06/2021,6364,366,1623,1814,0,2828,0
14/06/2021,8788,657,3298,1614,0,1752,0
14/06/2021,9387,371,3199,3814,0,2110,0
14/06/2021,6151,300,1828,1060,0,2177,0
14/06/2021,9055,652,2714,3484,0,2499,0
14/06/2021,7160,619,2161,3989,0,1519,0
14/06/2021,9266,355,3175,1472,0,1620,0
14/06/2021,6189,649,1456,1946,0,1158,0
14/06/2021,6596,582,3888,2602,0,2525,0
14/06/2021,7769,379,2826,2928,0,2089,0
14/06/2021,8976,607,2524,3312,0,1182,0
14/06/2021,7544,697,2360,1652,0,2135,0
14/06/2021,6544,491,2639,1768,0,2368,0
15/06/2021,5339,371,1551,1680,0,2704,0
15/06/2021,9218,485,1034,1964,0,2009,0
15/06/2021,5560,687,3772,3250,0,1720,0
15/06/2021,6320,627,3156,3441,0,2151,0
15/06/2021,7479,451,2769,1696,0,1061,0
15/06/2021,7665,600,3984,3211,0,1248,0
15/06/2021,9650,320,3592,1187,0,1725,0
15/06/2021,9727,371,3157,3314,0,2611,0
15/06/2021,6493,320,2756,3694,0,1402,0
15/06/2021,8198,502,1538,3367,0,2465,0
15/06/2021,7979,453,2933,2967,0,2638,0
15/06/2021,7949,544,1291,1577,0,1115,0
15/06/2021,7533,520,3036,2391,0,1394,0
16/06/2021,9353,594,2900,2166,0,2633,0
16/06/2021,9509,481,3996,2814,0,1168,0
16/06/2021,6641,634,1785,2789,0,2987,0
16/06/2021,9931,616,1503,1978,0,1487,0
16/06/2021,7405,346,3856,2486,0,1222,0
16/06/2021,6805,369,3315,3170,0,2748,0
16/06/2021,6607,433,1775,3533,0,1022,0
16/06/2021,6582,633,3230,1506,0,2390,0
16/06/2021,5732,494,1317,2378,0,2030,0
16/06/2021,8120,622,1258,2309,0,2978,0
16/06/2021,6082,470,1562,1573,0,1842,0
16/06/2021,5060,457,3256,1195,0,1884,0
16/06/2021,8614,442,3211,3653,0,1614,0
17/06/2021,7579,590,3847,1387,0,1804,0
17/06/2021,7932,598,1597,3510,0,1362,0
17/06/2021,9822,413,3826,2350,0,1499,0
17/06/2021,8300,399,2126,3753,0,2439,0
17/06/2021,7971,624,1160,2435,0,2785,0
17/06/2021,9087,554,3494,3363,0,1502,0
17/06/2021,7652,477,3549,3277,0,2663,0
17/06/2021,8364,607,2546,2009,0,2538,0
17/06/2021,5658,451,2374,1573,0,2009,0
17/06/2021,9985,666,3184,1699,0,2019,0
17/06/2021,5033,675,1360,3196,0,2933,0
17/06/2021,8628,609,2130,1803,0,1986,0
17/06/2021,9693,350,2059,2702,0,2873,0
18/06/2021,5080,324,1738,2953,0,1109,0
18/06/2021,7767,493,2835,1756,0,2332,0
18/06/2021,6429,663,3742,2047,0,1167,0
18/06/2021,5026,461,2524,2121,0,1866,0
18/06/2021,5443,340,1264,2735,0,2297,0
18/06/2021,6149,300,3502,2403,0,2937,0
18/06/2021,7014,442,2636,3962,0,2087,0
18/06/2021,8374,641,1140,2133,0,1185,0
18/06/2021,6356,447,3957,3612,0,1451,0
18/06/2021,6855,672,1206,2655,0,2411,0
18/06/2021,5181,616,3967,2629,0,1074,0
18/06/2021,9632,316,1451,3369,0,2625,0
19/06/2021,9940,628,2404,1411,0,1128,0
19/06/2021,5507,606,2446,1572,0,1388,0
19/06/2021,9196,673,1128,1568,0,2360,0
19/06/2021,8155,471,1974,1451,0,2340,0
19/06/2021,7143,607,1387,3715,0,2747,0
19/06/2021,5051,578,1834,1440,0,1521,0
19/06/2021,9881,347,2152,1300,0,1012,0
19/06/2021,7474,356,2667,2925,0,1679,0
19/06/2021,8815,504,2842,2853,0,2864,0
19/06/2021,8022,516,2789,1281,0,1329,0
19/06/2021,9406,423,2041,3711,0,2888,0
19/06/2021,7058,636,2063,2197,0,2712,0
20/06/2021,6402,617,3284,2886,0,2006,0
20/06/2021,7573,502,2409,2615,0,2680,0
20/06/2021,6310,547,3522,2223,0,2190,0
20/06/2021,8907,577,1703,3530,0,2055,0
20/06/2021,5036,472,2360,3445,0,1456,0
20/06/2021,9183,316,2296,2972,0,2575,0
20/06/2021,6293,571,3528,1701,0,2236,0
20/06/2021,9422,372,1371,3622,0,1272,0
20/06/2021,6895,375,3134,3803,0,1506,0
20/06/2021,5081,621,3452,3028,0,1392,0
20/06/2021,7475,321,1769,1164,0,1192,0
21/06/2021,9574,505,3984,3748,0,1947,0
21/06/2021,9286,391,1031,2387,0,2189,0
21/06/2021,5252,510,2244,3682,0,1050,0
21/06/2021,7315,560,2837,3295,0,1225,0
21/06/2021,5117,312,2869,1335,0,2530,0
21/06/2021,8699,310,3786,2897,0,2100,0
21/06/2021,7691,429,2737,3247,0,1097,0
21/06/2021,8256,523,2632,1287,0,2883,0
21/06/2021,9622,644,3274,3720,0,1593,0
21/06/2021,8131,635,3303,3563,0,1613,0
21/06/2021,6175,394,3746,2284,0,1532,0
21/06/2021,9282,568,2547,3142,0,2501,0
21/06/2021,5894,668,3762,1003,0,1649,0
22/06/2021,9291,425,2023,2712,0,1066,0
22/06/2021,9494,482,1316,3327,0,1774,0
22/06/2021,6097,311,1769,1844,0,1970,0
22/06/2021,6038,373,2948,1107,0,1796,0
22/06/2021,8113,677,2018,2453,0,2007,0
22/06/2021,6840,651,1166,2014,0,1805,0
22/06/2021,6443,430,2101,3089,0,1931,0
22/06/2021,5939,356,2794,1092,0,2568,0
22/06/2021,6312,643,2121,3221,0,2889,0
22/06/2021,8683,549,1321,1913,0,1172,0
22/06/2021,6597,357,1957,3982,0,1034,0
22/06/2021,7547,531,1778,3804,0,1801,0
23/06/2021,6217,682,3137,2763,0,2754,0
23/06/2021,9835,336,1500,1092,0,2228,0
23/06/2021,9612,377,1926,1347,0,2890,0
23/06/2021,9293,579,3938,1735,0,1887,0
23/06/2021,6025,403,1246,2704,0,1431,0
23/06/2021,6240,477,2956,1462,0,1165,0
23/06/2021,6691,342,3324,1067,0,1746,0
23/06/2021,9912,541,1045,2261,0,1195,0
23/06/2021,5719,318,2318,1761,0,2804,0
23/06/2021,9543,480,1340,1998,0,2326,0
23/06/2021,6276,687,2005,3476,0,1428,0
23/06/2021,9343,517,3940,2205,0,2561,0
24/06/2021,8420,523,1189,3581,0,2844,0
24/06/2021,7254,697,1762,1584,0,1556,0
24/06/2021,7142,438,2662,3875,0,1179,0
24/06/2021,9890,450,2613,3524,0,2421,0
24/06/2021,5475,362,3653,3829,0,2813,0
24/06/2021,8473,500,3674,3060,0,2150,0
24/06/2021,9255,368,2164,1966,0,2907,0
24/06/2021,9470,541,1001,1139,0,1088,0
24/06/2021,7724,479,3151,1950,0,1239,0
24/06/2021,7924,355,2856,2907,0,2999,0
24/06/2021,5991,440,1019,2970,0,2012,0
24/06/2021,6022,579,1381,3850,0,1137,0
24/06/2021,6041,570,3012,1941,0,1744,0
24/06/2021,5390,568,2170,1164,0,1785,0
25/06/2021,5411,625,3153,3194,0,1325,0
25/06/2021,9752,386,3221,1603,0,2982,0
25/06/2021,9395,392,1520,1975,0,1374,0
25/06/2021,7526,472,3200,2578,0,1862,0
25/06/2021,9792,536,2842,3046,0,2820,0
25/06/2021,6267,316,1629,3607,0,2351,0
25/06/2021,7010,524,3032,3207,0,2443,0
25/06/2021,7992,423,3762,3791,0,1546,0
25/06/2021,9441,562,1931,3533,0,1747,0
25/06/2021,6004,451,3330,3363,0,2561,0
25/06/2021,6850,565,1225,2854,0,1573,0
25/06/2021,6922,326,1317,1164,0,1898,0
25/06/2021,9078,336,3161,3236,0,2818,0
26/06/2021,7711,429,3253,3387,0,2206,0
26/06/2021,8466,367,3984,2910,0,2942,0
26/06/2021,7253,502,1040,3746,0,1630,0
26/06/2021,6119,571,2200,3802,0,2358,0
26/06/2021,7115,594,3341,1080,0,1226,0
26/06/2021,5494,466,1886,2055,0,2878,0
26/06/2021,7867,506,1857,2180,0,1747,0
26/06/2021,8275,467,1038,3813,0,1880,0
26/06/2021,6051,511,3144,2899,0,2947,0
26/06/2021,6060,684,3254,1096,0,2228,0
26/06/2021,6629,674,2809,2077,0,2136,0
26/06/2021,7128,572,2824,3282,0,2900,0
26/06/2021,7327,457,1198,3481,0,2949,0
27/06/2021,7186,668,2856,1607,0,2914,0
27/06/2021,5225,331,3409,2063,0,1867,0
27/06/2021,9032,525,1903,1484,0,2042,0
27/06/2021,6458,374,2685,3921,0,1010,0
27/06/2021,6282,620,1939,1040,0,1570,0
27/06/2021,6825,617,2395,3176,0,1512,0
27/06/2021,8490,319,3641,2622,0,1811,0
27/06/2021,5242,653,1662,3807,0,2264,0
27/06/2021,9322,321,1715,3841,0,2040,0
27/06/2021,7176,620,1569,2975,0,1680,0
27/06/2021,7818,684,2321,1972,0,2697,0
27/06/2021,5863,399,1214,1058,0,2547,0
28/06/2021,7508,642,2764,2646,0,2508,0
29/06/2021,5683,522,1295,1204,0,1324,0
30/06/2021,6094,332,1458,1490,0,1489,0
01/07/2021,6303,697,3070,1446,0,2382,0
02/07/2021,7804,672,3479,3966,0,1019,0
27/07/2021,8271,613,1597,3512,0,1361,0
28/07/2021,7585,666,3832,1983,0,1810,0
28/07/2021,7702,351,1077,2437,0,1817,0
29/07/2021,5014,346,2588,1378,0,2713,0
02/08/2021,9400,441,1934,3784,0,1865,0
03/08/2021,6328,539,3814,3941,0,1920,0
04/08/2021,8038,338,1279,3690,0,2082,0
05/08/2021,8416,627,3941,1127,0,2477,0
06/08/2021,8610,399,2579,1901,0,2897,0
07/08/2021,5356,595,2964,3458,0,1831,0
07/08/2021,6520,338,2179,2953,0,1845,0
08/08/2021,9866,675,2244,1874,0,1239,0
08/08/2021,5684,677,1664,3909,0,1790,0
09/08/2021,5803,664,2086,1208,0,2868,0
09/08/2021,7016,683,2613,1454,0,1021,0
10/08/2021,9207,471,1189,2103,0,2651,0
10/08/2021,5473,418,1588,2377,0,1895,0
11/08/2021,6452,583,3142,1555,0,1841,0
11/08/2021,8430,480,2669,3923,0,1209,0
12/08/2021,6456,318,3898,3984,0,2598,0
13/08/2021,5949,363,2570,3064,0,2917,0
13/08/2021,8350,362,1862,2290,0,1165,0
14/08/2021,5144,562,2818,3647,0,2374,0
14/08/2021,7283,335,3686,2973,0,2204,0
15/08/2021,5281,629,1003,3262,0,1484,0
15/08/2021,6940,425,1734,2281,0,1539,0
16/08/2021,8139,675,2448,2730,0,1833,0
16/08/2021,7454,517,1312,2052,0,1859,0
17/08/2021,7055,684,2133,1389,0,1362,0
17/08/2021,9561,675,3539,2765,0,2509,0
18/08/2021,6884,646,1865,2372,0,2685,0
18/08/2021,8763,366,2968,1568,0,1581,0
19/08/2021,8661,630,1394,2107,0,1231,0
19/08/2021,9145,508,2309,3432,0,1830,0
20/08/2021,6104,672,2611,3912,0,2407,0
20/08/2021,7681,336,1961,2821,0,1937,0
21/08/2021,8190,659,1695,2361,0,1973,0
21/08/2021,8388,408,3599,2075,0,1195,0
22/08/2021,6426,374,3863,1132,0,2420,0
22/08/2021,7167,447,3430,1824,0,2846,0
23/08/2021,8763,373,3907,2786,0,2678,0
23/08/2021,7485,561,2412,1010,0,1655,0
23/08/2021,7652,676,1711,2985,0,2089,0
24/08/2021,6522,691,1150,2224,0,1189,0
24/08/2021,7438,537,3349,1027,0,1876,0
25/08/2021,9845,694,2323,2631,0,1167,0
25/08/2021,8455,674,1544,1968,0,2696,0
26/08/2021,6668,682,1502,1538,0,1427,0
26/08/2021,5907,419,2507,3298,0,2873,0
27/08/2021,9168,474,2742,2521,0,2526,0
27/08/2021,8532,463,2947,2874,0,2490,0
28/08/2021,8111,352,1011,1253,0,2459,0
28/08/2021,6273,560,2925,3731,0,1376,0
28/08/2021,5546,652,2648,2161,0,2891,0
29/08/2021,5943,503,1813,3779,0,2045,0
29/08/2021,8420,668,2065,2885,0,2974,0
29/08/2021,5682,568,1858,3100,0,2611,0
29/08/2021,6088,611,1873,2260,0,1780,0
29/08/2021,7997,635,3578,3985,0,1676,0
29/08/2021,5520,547,3111,2032,0,1044,0
30/08/2021,9108,645,1520,1995,0,2760,0
30/08/2021,5330,383,2393,1492,0,2257,0
30/08/2021,8955,322,2255,2353,0,2273,0
30/08/2021,9076,423,3938,3106,0,1216,0
30/08/2021,9390,660,1106,3419,0,2938,0
30/08/2021,5212,466,2067,2704,0,1239,0
30/08/2021,5375,679,2293,3932,0,1180,0
30/08/2021,5300,580,2431,1253,0,2615,0
30/08/2021,9913,685,3236,3115,0,1411,0
31/08/2021,6211,627,2780,1114,0,1039,0
31/08/2021,9568,494,3696,2687,0,1548,0
31/08/2021,8209,417,1112,1836,0,1202,0
31/08/2021,6960,513,3924,1790,0,1411,0
31/08/2021,7927,466,1056,2613,0,1822,0
31/08/2021,7731,361,3072,3967,0,1445,0
31/08/2021,9162,640,1629,1046,0,2101,0
31/08/2021,7533,488,3062,1244,0,2053,0
31/08/2021,9578,435,2860,3498,0,1218,0
31/08/2021,5442,357,1050,2707,0,2181,0
01/09/2021,6838,598,2139,2004,0,2384,0
01/09/2021,6940,327,1822,2156,0,2999,0
01/09/2021,8705,679,3437,2662,0,2873,0
01/09/2021,7433,552,2081,1885,0,1597,0
01/09/2021,8804,694,1406,3750,0,1750,0
01/09/2021,7583,529,3501,1005,0,2365,0
01/09/2021,7007,546,2713,2072,0,1035,0
01/09/2021,9879,348,3214,3519,0,1232,0
01/09/2021,8051,645,2857,2591,0,1640,0
01/09/2021,6665,693,1570,3462,0,2324,0
01/09/2021,5074,522,2413,2301,0,1507,0
01/09/2021,8158,653,3859,3045,0,2475,0
02/09/2021,7973,443,3679,3125,0,2283,0
02/09/2021,8827,301,3489,3274,0,2811,0
02/09/2021,8193,659,1176,2493,0,1269,0
02/09/2021,8985,690,3728,2222,0,2550,0
02/09/2021,8656,446,3513,1697,0,1942,0
02/09/2021,6294,546,3396,2263,0,2125,0
02/09/2021,7459,481,1122,3151,0,2762,0
02/09/2021,6680,463,3300,2133,0,2314,0
02/09/2021,7482,491,3314,2606,0,2958,0
02/09/2021,8454,566,3845,3296,0,1275,0
02/09/2021,5179,613,1065,2848,0,2491,0
02/09/2021,8990,375,1701,2457,0,1957,0
02/09/2021,9975,480,3876,1249,0,1960,0
03/09/2021,9086,322,2603,1229,0,2243,0
03/09/2021,6623,556,3179,3726,0,1760,0
03/09/2021,5276,551,1614,2138,0,1040,0
03/09/2021,9921,467,2594,3080,0,1725,0
03/09/2021,6278,417,2724,2355,0,1914,0
03/09/2021,8878,321,2134,1191,0,1121,0
03/09/2021,5109,667,3259,2550,0,1394,0
03/09/2021,6429,689,2437,3528,0,2594,0
03/09/2021,5871,445,2039,2350,0,1654,0
03/09/2021,7738,305,3886,3694,0,1616,0
03/09/2021,8774,580,1178,1855,0,2431,0
03/09/2021,5119,456,2876,1458,0,1890,0
03/09/2021,9326,600,2009,1633,0,1949,0
04/09/2021,5148,504,2300,1212,0,2905,0
04/09/2021,5005,476,2292,3930,0,2298,0
04/09/2021,5897,493,1893,3753,0,1283,0
04/09/2021,6123,697,3804,1702,0,1656,0
04/09/2021,9978,433,2067,3900,0,2560,0
04/09/2021,6032,690,1213,3606,0,2211,0
04/09/2021,5064,499,2645,2432,0,1159,0
04/09/2021,7095,341,2667,3565,0,2183,0
04/09/2021,7481,328,1001,2776,0,1973,0
04/09/2021,9450,417,2508,2671,0,1404,0
04/09/2021,8772,663,3196,2088,0,1452,0
04/09/2021,7966,589,2885,2673,0,1507,0
04/09/2021,5027,367,1983,2033,0,2446,0
05/09/2021,5676,339,3064,2100,0,2184,0
05/09/2021,9638,493,3718,1973,0,2936,0
05/09/2021,6469,529,3271,2178,0,1865,0
05/09/2021,9559,369,3864,2615,0,2655,0
05/09/2021,7099,453,2749,1555,0,1254,0
05/09/2021,6612,461,3448,1901,0,1381,0
05/09/2021,6031,473,2668,2660,0,1023,0
05/09/2021,6009,641,2900,2608,0,1450,0
05/09/2021,5442,624,2053,2644,0,2654,0
05/09/2021,7177,412,3718,3548,0,2428,0
05/09/2021,6628,501,2987,3448,0,1293,0
05/09/2021,8284,691,3721,2507,0,1262,0
05/09/2021,9266,696,2141,1601,0,2469,0
06/09/2021,6688,335,2995,1201,0,1643,0
06/09/2021,5532,619,1486,3737,0,2207,0
06/09/2021,8854,600,3389,1551,0,2008,0
06/09/2021,7664,595,1758,2193,0,2106,0
06/09/2021,7584,562,2068,2962,0,1133,0
06/09/2021,6416,658,1002,3229,0,2003,0
06/09/2021,6533,590,3736,3367,0,2299,0
06/09/2021,9168,407,1077,3520,0,1773,0
06/09/2021,6438,384,3170,3114,0,2592,0
06/09/2021,7773,436,2718,1496,0,1614,0
06/09/2021,9823,698,3236,2192,0,2698,0
06/09/2021,7386,598,1909,3835,0,2746,0
06/09/2021,9961,361,1194,2403,0,1998,0
06/09/2021,8516,482,3993,2708,0,2908,0
07/09/2021,6383,444,2737,3061,0,2804,0
07/09/2021,9582,441,1566,2532,0,2012,0
07/09/2021,8777,571,3966,2737,0,2544,0
07/09/2021,8652,473,1413,2084,0,2383,0
07/09/2021,9661,474,1070,3932,0,1026,0
07/09/2021,7813,378,1399,1518,0,2013,0
07/09/2021,8473,608,3325,2383,0,2747,0
07/09/2021,6143,515,2704,2833,0,1605,0
07/09/2021,8281,472,3044,3268,0,2529,0
07/09/2021,7143,614,2560,3508,0,2676,0
07/09/2021,7827,646,2241,2292,0,1759,0
07/09/2021,7675,527,1747,3634,0,1588,0
07/09/2021,7155,375,2728,1431,0,2941,0
07/09/2021,5184,610,2507,2672,0,1225,0
08/09/2021,6018,406,1997,2957,0,2118,0
08/09/2021,9429,452,3615,1146,0,1613,0
08/09/2021,8075,376,1710,2439,0,1385,0
08/09/2021,6111,326,3510,2800,0,1489,0
08/09/2021,6261,326,3345,2976,0,2791,0
08/09/2021,5611,700,3129,1914,0,2319,0
08/09/2021,8352,543,2385,2327,0,2543,0
08/09/2021,5313,675,1648,2873,0,2522,0
08/09/2021,5584,345,2358,1558,0,2971,0
08/09/2021,5522,582,2015,1292,0,1497,0
08/09/2021,9446,496,1560,2632,0,2660,0
08/09/2021,9396,633,3299,3652,0,1728,0
08/09/2021,5331,598,1222,3717,0,2397,0
08/09/2021,5625,620,2200,3833,0,2961,0
09/09/2021,9393,436,3601,1068,0,2844,0
09/09/2021,5159,526,3217,2773,0,2549,0
09/09/2021,9316,309,1533,3651,0,1924,0
09/09/2021,6408,572,3456,2495,0,2962,0
09/09/2021,6840,631,1337,1030,0,1731,0
09/09/2021,9894,642,1898,2234,0,2840,0
09/09/2021,6756,485,3651,2223,0,1344,0
09/09/2021,9608,641,1293,3459,0,2051,0
09/09/2021,8143,536,2175,1815,0,1577,0
09/09/2021,8481,515,3174,3085,0,1160,0
09/09/2021,6027,580,2041,3163,0,1787,0
09/09/2021,7855,422,3594,3631,0,1991,0
09/09/2021,9708,688,2342,2935,0,1046,0
09/09/2021,8599,578,3668,3679,0,2778,0
10/09/2021,8650,317,3331,2320,0,2106,0
10/09/2021,8297,370,2664,2515,0,1406,0
10/09/2021,9129,445,1928,1706,0,2819,0
10/09/2021,7299,455,2608,3240,0,2213,0
10/09/2021,6321,475,1046,2917,0,2437,0
10/09/2021,8900,568,1918,3442,0,1392,0
10/09/2021,5430,471,2202,2665,0,2380,0
10/09/2021,6671,409,1382,3746,0,2877,0
10/09/2021,8368,551,2976,1643,0,2532,0
10/09/2021,5853,333,2626,1352,0,1790,0
10/09/2021,5262,509,2806,2677,0,2867,0
10/09/2021,8413,338,3901,3832,0,2070,0
10/09/2021,5620,462,1808,1158,0,1476,0
10/09/2021,8275,337,1509,3106,0,1721,0
11/09/2021,8045,359,2527,2167,0,2689,0
11/09/2021,9499,565,1459,1867,0,2879,0
11/09/2021,8136,606,2456,1304,0,1661,0
11/09/2021,6647,641,2546,1707,0,1700,0
11/09/2021,5951,469,3828,2936,0,1335,0
11/09/2021,6714,563,3276,1168,0,1014,0
11/09/2021,5148,396,3130,2803,0,1665,0
11/09/2021,6414,310,3791,1175,0,1618,0
11/09/2021,7960,351,1820,3149,0,2630,0
11/09/2021,7162,646,1145,2996,0,1255,0
11/09/2021,7172,517,2603,1760,0,2899,0
11/09/2021,6633,592,1809,2482,0,1075,0
11/09/2021,5602,319,1868,3879,0,2708,0
11/09/2021,6086,486,3273,2621,0,2065,0
12/09/2021,6246,366,3139,2685,0,2865,0
12/09/2021,6166,591,3111,1603,0,2987,0
12/09/2021,5904,473,1504,3630,0,2114,0
12/09/2021,6579,655,2260,1657,0,1093,0
12/09/2021,9431,523,2478,2684,0,2095,0
12/09/2021,6385,592,1742,2938,0,2615,0
12/09/2021,5595,379,2802,3037,0,2426,0
12/09/2021,8992,548,3717,1495,0,1474,0
12/09/2021,5488,361,1729,3163,0,1386,0
12/09/2021,9600,649,3079,1285,0,1626,0
12/09/2021,5142,577,3295,3162,0,1571,0
12/09/2021,5133,346,3625,2230,0,1074,0
12/09/2021,9941,482,1991,3362,0,2196,0
12/09/2021,9190,457,1016,1204,0,1305,0
13/09/2021,8206,300,1461,2161,0,2557,0
13/09/2021,9935,464,2141,1883,0,2347,0
13/09/2021,9754,501,3160,1294,0,1805,0
13/09/2021,6869,529,3113,1139,0,2848,0
13/09/2021,7444,418,2263,2389,0,2299,0
13/09/2021,7739,330,1012,1776,0,1355,0
13/09/2021,8406,454,2313,1081,0,1155,0
13/09/2021,6765,547,3523,3204,0,1459,0
13/09/2021,8567,413,3875,3799,0,2407,0
13/09/2021,7759,387,2986,2416,0,1843,0
13/09/2021,9485,438,1268,3892,0,1011,0
13/09/2021,8371,626,3399,3091,0,2110,0
13/09/2021,6916,356,2275,2081,0,1628,0
13/09/2021,5098,348,1131,3806,0,2904,0
14/09/2021,5357,410,2471,2208,0,1222,0
14/09/2021,8011,695,3667,2657,0,1674,0
14/09/2021,7495,601,3865,2350,0,2648,0
14/09/2021,7300,342,1269,1657,0,2733,0
14/09/2021,5129,544,2382,2625,0,1673,0
14/09/2021,6461,336,1440,3518,0,2276,0
14/09/2021,9774,699,3087,1967,0,2560,0
14/09/2021,7725,334,2439,2965,0,1237,0
14/09/2021,9661,322,2048,2053,0,2083,0
14/09/2021,7674,566,1311,1934,0,1922,0
14/09/2021,7446,375,2397,2008,0,2935,0
14/09/2021,5090,324,1587,2032,0,1098,0
14/09/2021,5056,688,3313,1775,0,1205,0
14/09/2021,9209,391,1564,3894,0,1678,0
15/09/2021,6716,371,3812,2741,0,1398,0
15/09/2021,6849,544,1854,3013,0,1581,0
15/09/2021,9356,301,3692,2108,0,2773,0
15/09/2021,5610,667,2102,3358,0,1095,0
15/09/2021,7664,668,2129,1486,0,2265,0
15/09/2021,8127,560,2240,3443,0,2113,0
15/09/2021,7143,643,2604,2961,0,1372,0
15/09/2021,8427,541,3659,3969,0,1436,0
15/09/2021,8265,504,1468,3404,0,2988,0
15/09/2021,9727,386,3134,1227,0,1494,0
15/09/2021,9800,361,3009,2164,0,1733,0
15/09/2021,8310,529,3693,2957,0,1396,0
15/09/2021,7701,320,1918,2399,0,2945,0
15/09/2021,9925,520,1705,2862,0,1202,0
16/09/2021,9185,565,2724,3055,0,2893,0
16/09/2021,8212,675,1171,3618,0,1852,0
16/09/2021,7738,320,3774,1896,0,2310,0
16/09/2021,5499,496,1595,1553,0,2309,0
16/09/2021,9778,378,3807,2834,0,1646,0
16/09/2021,9816,412,1059,1302,0,1028,0
16/09/2021,6567,501,2583,2421,0,2189,0
16/09/2021,5447,302,2626,2776,0,2467,0
16/09/2021,5901,560,2954,1809,0,1000,0
16/09/2021,5135,321,1901,3484,0,2886,0
16/09/2021,6167,404,1555,3215,0,2712,0
16/09/2021,8553,576,3690,1464,0,1885,0
16/09/2021,5648,681,3585,1448,0,1958,0
16/09/2021,8347,393,2291,3062,0,1919,0
17/09/2021,5084,650,1995,2343,0,2026,0
17/09/2021,5651,415,1873,2859,0,1255,0
17/09/2021,7484,331,2484,3871,0,1947,0
17/09/2021,8898,474,3697,2224,0,2105,0
17/09/2021,8247,321,2451,3489,0,2402,0
17/09/2021,6210,421,2864,2332,0,1635,0
17/09/2021,8767,643,2173,2182,0,2629,0
17/09/2021,8858,603,2579,2989,0,1266,0
17/09/2021,9267,363,1389,3402,0,2352,0
17/09/2021,6514,504,3664,3684,0,1193,0
17/09/2021,8279,668,3898,1627,0,2490,0
17/09/2021,9480,644,1973,2654,0,2137,0
17/09/2021,7187,584,1386,1808,0,2361,0
17/09/2021,5042,414,2384,1036,0,2597,0
18/09/2021,5290,324,2222,1400,0,2759,0
18/09/2021,5774,653,3019,1204,0,1062,0
18/09/2021,7931,414,1987,2790,0,2826,0
18/09/2021,5957,629,3367,1605,0,1949,0
18/09/2021,5856,597,3230,3030,0,1758,0
18/09/2021,5303,565,1617,1769,0,1883,0
18/09/2021,8144,671,2918,2416,0,2145,0
18/09/2021,6418,398,1445,2893,0,2916,0
18/09/2021,8092,469,2664,3089,0,1763,0
18/09/2021,6685,440,2562,2657,0,2231,0
18/09/2021,7904,629,1068,3572,0,1886,0
18/09/2021,5997,464,3532,1770,0,2828,0
18/09/2021,5481,505,2994,2528,0,2613,0
18/09/2021,9973,369,1242,1736,0,1388,0
19/09/2021,6834,572,1139,2038,0,2927,0
19/09/2021,8384,378,2208,2509,0,2616,0
19/09/2021,8685,457,1266,2852,0,1301,0
19/09/2021,5247,673,1670,1108,0,1285,0
19/09/2021,8348,676,3693,3657,0,1983,0
19/09/2021,5685,470,3578,2968,0,1999,0
19/09/2021,5150,341,3089,3091,0,2008,0
19/09/2021,8745,634,1727,3482,0,1167,0
19/09/2021,10000,531,1857,2439,0,1400,0
19/09/2021,9318,432,2816,1397,0,1380,0
19/09/2021,5234,418,1590,2350,0,1205,0
19/09/2021,8470,561,3122,3490,0,1774,0
19/09/2021,5195,540,1995,2590,0,1451,0
20/09/2021,5157,377,3214,2273,0,2641,0
20/09/2021,9738,443,2983,1983,0,1538,0
20/09/2021,9104,665,1295,3421,0,1661,0
20/09/2021,5944,493,2365,2318,0,2858,0
20/09/2021,5863,423,1832,3754,0,2648,0
20/09/2021,7435,682,2933,2817,0,2968,0
20/09/2021,9553,391,3845,3590,0,2887,0
20/09/2021,8990,555,2443,2754,0,2136,0
20/09/2021,5174,669,2290,3679,0,2700,0
20/09/2021,6634,363,2467,3177,0,1250,0
20/09/2021,7847,364,3415,1494,0,1259,0
20/09/2021,6995,587,1287,2973,0,2793,0
20/09/2021,8997,444,2116,3407,0,2019,0
20/09/2021,9837,587,1462,3949,0,2570,0
21/09/2021,7761,388,2646,1349,0,2658,0
21/09/2021,9567,680,2241,2179,0,2583,0
21/09/2021,9590,509,1279,2864,0,1201,0
21/09/2021,7204,436,3286,2467,0,2155,0
21/09/2021,8337,460,1213,3496,0,2772,0
21/09/2021,7994,334,3119,2636,0,1807,0
21/09/2021,6233,302,3183,3234,0,1979,0
21/09/2021,8324,602,1634,2651,0,1978,0
21/09/2021,6493,307,3835,3314,0,2364,0
21/09/2021,7075,406,1393,3681,0,2472,0
21/09/2021,6559,413,2319,3446,0,2277,0
21/09/2021,8480,630,1988,3992,0,2206,0
21/09/2021,9644,398,2228,1794,0,2071,0
21/09/2021,6815,369,1372,1706,0,1933,0
22/09/2021,9074,638,3218,2244,0,2560,0
22/09/2021,7393,580,1552,1191,0,2159,0
22/09/2021,6440,645,1155,2149,0,2524,0
22/09/2021,7742,379,1771,1897,0,2212,0
22/09/2021,7395,332,2801,1442,0,1376,0
22/09/2021,6776,622,2269,2781,0,2137,0
22/09/2021,7323,353,3859,2664,0,2685,0
22/09/2021,9181,343,1914,3444,0,1218,0
22/09/2021,6707,384,3051,1816,0,1723,0
22/09/2021,8775,528,2765,1061,0,1217,0
22/09/2021,7320,325,2487,1177,0,1430,0
22/09/2021,8710,411,1539,1575,0,2648,0
22/09/2021,8703,692,2931,2078,0,1828,0
22/09/2021,9663,307,1137,2044,0,2024,0
23/09/2021,5476,632,3227,3786,0,1683,0
23/09/2021,5996,333,2073,2457,0,2007,0
23/09/2021,5939,638,3393,1625,0,1478,0
23/09/2021,8010,418,3390,1761,0,1219,0
23/09/2021,7045,345,3462,1073,0,1846,0
23/09/2021,7106,530,2034,3070,0,2498,0
23/09/2021,8456,447,3853,3676,0,2115,0
23/09/2021,5835,429,1065,2973,0,1706,0
23/09/2021,6705,391,3304,2046,0,1377,0
23/09/2021,5335,366,3620,2867,0,1502,0
23/09/2021,7401,469,1040,2978,0,2647,0
23/09/2021,8964,689,3984,3199,0,1985,0
23/09/2021,6950,640,1791,1382,0,2376,0
23/09/2021,9357,310,2038,1121,0,2920,0
24/09/2021,7157,393,2923,3431,0,2168,0
24/09/2021,9167,594,1425,1066,0,2493,0
24/09/2021,9769,500,2457,3335,0,2301,0
24/09/2021,9307,445,2136,2116,0,1079,0
24/09/2021,5923,505,1431,3270,0,1001,0
24/09/2021,9428,639,1418,1107,0,1259,0
24/09/2021,6323,597,3968,2796,0,1153,0
24/09/2021,5780,673,1489,1839,0,1265,0
24/09/2021,8335,328,1923,3048,0,1720,0
24/09/2021,7642,432,3939,2258,0,2407,0
24/09/2021,9389,593,1273,2340,0,2879,0
24/09/2021,6557,640,2851,3667,0,2702,0
24/09/2021,8446,551,3355,3503,0,2420,0
24/09/2021,7406,568,2009,3240,0,1452,0
25/09/2021,8119,648,2858,1486,0,2400,0
25/09/2021,8012,539,1225,2094,0,2451,0
25/09/2021,6393,378,2530,2075,0,1053,0
25/09/2021,6900,612,2182,3902,0,1609,0
25/09/2021,8573,492,3081,3926,0,1112,0
25/09/2021,5754,627,3019,2510,0,2217,0
25/09/2021,5935,412,3296,3774,0,1420,0
25/09/2021,6780,317,2512,1756,0,1896,0
25/09/2021,7685,318,3951,1012,0,2524,0
25/09/2021,6921,405,1673,1693,0,2407,0
25/09/2021,9643,573,2977,1217,0,2628,0
25/09/2021,9860,686,3741,3615,0,1904,0
25/09/2021,6193,690,1095,2631,0,1778,0
25/09/2021,9980,577,1501,3657,0,2886,0
26/09/2021,5123,416,1746,2710,0,2454,0
26/09/2021,5431,421,2172,2380,0,2305,0
26/09/2021,8551,500,1427,1113,0,1619,0
26/09/2021,7292,357,2297,3649,0,1258,0
26/09/2021,5041,350,3554,1123,0,2102,0
26/09/2021,7647,360,1938,3206,0,2525,0
26/09/2021,5896,446,1329,2711,0,2919,0
26/09/2021,5901,315,1466,3369,0,1297,0
26/09/2021,5084,411,1841,1284,0,1680,0
26/09/2021,8881,572,2840,1545,0,1383,0
26/09/2021,9989,669,2864,2532,0,2351,0
26/09/2021,9864,540,2442,3149,0,1002,0
26/09/2021,7069,573,3102,2465,0,2517,0
26/09/2021,6919,362,2957,3368,0,1304,0
27/09/2021,7661,623,1378,2616,0,1979,0
27/09/2021,9910,324,1018,3849,0,2611,0
27/09/2021,7085,503,1150,2874,0,1489,0
27/09/2021,8496,452,3932,2174,0,2380,0
27/09/2021,7746,356,2420,2372,0,2974,0
27/09/2021,9895,620,1449,3378,0,1205,0
27/09/2021,8904,309,2230,3494,0,1710,0
27/09/2021,9648,484,2072,3843,0,2968,0
27/09/2021,6453,360,1951,3517,0,2229,0
27/09/2021,8128,478,2624,1816,0,1380,0
27/09/2021,8379,495,1517,2617,0,2389,0
27/09/2021,9601,303,2675,3067,0,1945,0
27/09/2021,5521,317,2958,2394,0,1465,0
28/09/2021,7242,444,1899,3325,0,1719,0
28/09/2021,9141,397,3220,1153,0,1478,0
28/09/2021,5820,697,2531,1903,0,1825,0
28/09/2021,5210,539,3001,1903,0,1066,0
28/09/2021,7696,609,1395,1760,0,1818,0
28/09/2021,5193,482,2765,3428,0,1049,0
28/09/2021,9318,410,1145,1299,0,2814,0
28/09/2021,7064,455,2383,2307,0,2670,0
28/09/2021,5914,556,1034,2979,0,2467,0
28/09/2021,9195,658,3525,3871,0,2922,0
28/09/2021,8443,424,2266,2746,0,2647,0
28/09/2021,8919,517,3319,2174,0,2279,0
28/09/2021,8621,309,2335,2462,0,1862,0
28/09/2021,5416,381,3801,3417,0,1020,0
29/09/2021,6836,335,1161,3494,0,1857,0
29/09/2021,5445,653,2912,1857,0,2191,0
29/09/2021,8937,504,1619,1620,0,2156,0
29/09/2021,9056,439,3839,1018,0,2617,0
29/09/2021,6471,587,1103,1191,0,2033,0
29/09/2021,9155,382,2065,3817,0,2486,0
29/09/2021,9979,338,2427,3798,0,1694,0
29/09/2021,8029,318,3182,3088,0,1938,0
29/09/2021,5741,675,1149,3805,0,1032,0
29/09/2021,9114,561,2960,1956,0,2562,0
29/09/2021,7236,632,1598,1965,0,1070,0
29/09/2021,5403,668,2082,1582,0,1251,0
29/09/2021,6075,497,2441,2668,0,2606,0
30/09/2021,6923,328,2286,3049,0,2670,0
30/09/2021,6052,610,3343,1333,0,2118,0
30/09/2021,7233,472,2808,3558,0,1199,0
30/09/2021,5053,321,1939,3655,0,1484,0
30/09/2021,9673,590,2339,1855,0,1591,0
30/09/2021,7605,318,1351,1015,0,1806,0
30/09/2021,8132,367,3014,3842,0,1864,0
30/09/2021,6225,528,1423,1901,0,1883,0
30/09/2021,9786,574,3750,2872,0,2067,0
30/09/2021,9476,475,2214,1858,0,2849,0
30/09/2021,8859,480,3953,2866,0,1366,0
30/09/2021,5638,689,2569,2007,0,1269,0
30/09/2021,6047,502,2400,3728,0,2670,0
30/09/2021,6014,537,2627,3138,0,1370,0
01/10/2021,8307,555,1309,1825,0,1120,0
01/10/2021,6206,617,1697,2563,0,1485,0
01/10/2021,6753,315,1830,1075,0,2700,0
01/10/2021,8065,390,3739,3808,0,1195,0
01/10/2021,6795,390,2808,3058,0,2264,0
01/10/2021,6489,653,2700,1902,0,2786,0
01/10/2021,5095,597,2800,3120,0,2566,0
01/10/2021,5305,621,1883,1978,0,1353,0
01/10/2021,9439,693,2282,3095,0,2194,0
01/10/2021,8639,456,3502,2195,0,2052,0
01/10/2021,7134,429,1695,2183,0,1252,0
01/10/2021,9556,478,1973,3356,0,1786,0
01/10/2021,8787,514,2914,2566,0,1566,0
01/10/2021,6679,341,2237,1118,0,1332,0
02/10/2021,5507,657,1602,2378,0,2747,0
02/10/2021,8501,415,1363,2627,0,2304,0
02/10/2021,9414,479,3808,2391,0,1467,0
02/10/2021,5343,347,1657,2196,0,1210,0
02/10/2021,6924,573,2108,2430,0,1897,0
02/10/2021,6563,378,1560,2724,0,2894,0
02/10/2021,5309,586,2973,1141,0,1234,0
02/10/2021,6626,534,3185,1146,0,1078,0
02/10/2021,5186,486,2269,2712,0,2820,0
02/10/2021,5963,457,1293,2436,0,2864,0
02/10/2021,7237,352,3731,1802,0,1303,0
02/10/2021,9995,348,2137,1600,0,2293,0
02/10/2021,7848,551,1729,2070,0,1712,0
03/10/2021,8557,589,3993,3967,0,1077,0
03/10/2021,5758,627,2219,1185,0,2670,0
03/10/2021,6544,347,3455,1151,0,1923,0
03/10/2021,7566,320,2907,3448,0,2214,0
03/10/2021,5497,504,2143,1945,0,1821,0
03/10/2021,5310,543,3465,1594,0,1950,0
03/10/2021,6595,438,1673,2804,0,1592,0
03/10/2021,6508,479,2581,2457,0,1635,0
03/10/2021,8698,435,3384,3866,0,1325,0
03/10/2021,7340,450,2837,1971,0,2979,0
03/10/2021,9031,444,1858,1910,0,1899,0
03/10/2021,6291,611,3564,3333,0,2178,0
03/10/2021,5856,441,2897,2979,0,2370,0
04/10/2021,6590,669,3120,1673,0,1259,0
04/10/2021,6288,466,2315,3085,0,2871,0
04/10/2021,5698,588,3302,2541,0,2439,0
04/10/2021,6482,451,1990,2464,0,1040,0
04/10/2021,6180,400,3087,2634,0,1835,0
04/10/2021,9479,327,3212,3255,0,2303,0
04/10/2021,6798,698,3388,2060,0,1784,0
04/10/2021,9146,619,3356,1683,0,2391,0
04/10/2021,7263,627,1598,3407,0,1116,0
04/10/2021,9509,430,1028,1688,0,1149,0
04/10/2021,7448,350,2130,3955,0,2392,0
04/10/2021,6795,355,2870,2529,0,2541,0
04/10/2021,9695,305,1071,1959,0,1919,0
04/10/2021,6785,305,3944,1502,0,1979,0
05/10/2021,5635,532,2743,1886,0,1667,0
05/10/2021,6760,519,1853,1870,0,2000,0
05/10/2021,7130,447,3732,2538,0,1035,0
05/10/2021,8568,329,1871,3510,0,2016,0
05/10/2021,8000,654,3661,1990,0,2487,0
05/10/2021,7096,406,3917,2816,0,1539,0
05/10/2021,9172,427,1110,1578,0,1175,0
05/10/2021,8956,386,3432,2554,0,2478,0
05/10/2021,7099,551,1494,3974,0,2043,0
05/10/2021,8808,571,2522,1202,0,2260,0
05/10/2021,7137,589,1355,2483,0,1529,0
05/10/2021,9928,606,1825,2632,0,1147,0
05/10/2021,6668,609,2804,1187,0,1754,0
06/10/2021,8216,350,1649,3406,0,1006,0
06/10/2021,8078,602,3983,1632,0,1019,0
06/10/2021,8417,544,2466,1863,0,1964,0
06/10/2021,5461,493,1428,1381,0,2380,0
06/10/2021,8016,450,2338,1003,0,1090,0
06/10/2021,9355,456,1598,2104,0,1067,0
06/10/2021,8976,682,1320,1546,0,1927,0
06/10/2021,8353,416,1323,2264,0,1379,0
06/10/2021,6246,462,2166,3243,0,2665,0
06/10/2021,7069,672,2202,2786,0,2849,0
06/10/2021,6759,405,1807,3869,0,1456,0
06/10/2021,6107,564,3590,2795,0,1557,0
06/10/2021,5215,645,3770,1130,0,1946,0
07/10/2021,5527,359,3418,2899,0,1406,0
07/10/2021,8937,355,3788,2910,0,2805,0
07/10/2021,7338,652,1521,3250,0,2750,0
07/10/2021,5399,491,1843,2304,0,2574,0
07/10/2021,8647,368,3064,3377,0,2240,0
07/10/2021,9805,650,1750,2403,0,2401,0
07/10/2021,7550,449,2632,1156,0,2189,0
07/10/2021,6697,488,1110,3295,0,2527,0
07/10/2021,7145,587,2977,2436,0,1731,0
07/10/2021,6496,668,3742,3086,0,2602,0
07/10/2021,5533,605,1688,1901,0,2641,0
07/10/2021,8465,607,3471,1545,0,2786,0
07/10/2021,9341,361,1308,1811,0,2100,0
08/10/2021,8054,653,1547,2493,0,2491,0
08/10/2021,6793,690,2310,3073,0,1045,0
08/10/2021,7612,335,3403,3085,0,2492,0
08/10/2021,8130,313,3206,3579,0,2835,0
08/10/2021,8282,650,2836,2438,0,2173,0
08/10/2021,7523,470,1233,2344,0,1150,0
08/10/2021,5275,455,2067,1175,0,1890,0
08/10/2021,6512,371,2242,1470,0,2997,0
08/10/2021,6398,632,3659,2933,0,2621,0
08/10/2021,9095,592,2909,1058,0,2643,0
08/10/2021,9963,612,3684,3228,0,1954,0
08/10/2021,9173,346,1288,1683,0,2455,0
09/10/2021,6167,585,1788,3487,0,2164,0
09/10/2021,7415,513,3210,3743,0,1761,0
09/10/2021,6628,609,2381,2024,0,2989,0
09/10/2021,6151,502,3872,1694,0,1798,0
09/10/2021,8447,695,2644,1080,0,2754,0
09/10/2021,6029,476,2941,1684,0,1028,0
09/10/2021,6332,529,1297,3961,0,1803,0
09/10/2021,7203,484,2751,2000,0,2373,0
09/10/2021,6739,376,2798,1269,0,2905,0
09/10/2021,5416,359,1324,3494,0,2343,0
09/10/2021,6042,690,3812,2526,0,2986,0
09/10/2021,5053,467,2661,2731,0,1293,0
09/10/2021,6068,366,1568,1955,0,2100,0
10/10/2021,9141,444,2590,2881,0,1212,0
10/10/2021,6517,397,2081,2307,0,1637,0
10/10/2021,9022,552,1185,3809,0,1082,0
10/10/2021,5135,482,1729,1181,0,1746,0
10/10/2021,6703,326,1342,2775,0,1860,0
10/10/2021,9109,450,2636,3360,0,2960,0
10/10/2021,6468,695,1418,3068,0,2066,0
10/10/2021,5144,378,2937,3247,0,1772,0
10/10/2021,6551,311,3027,1353,0,2000,0
10/10/2021,5152,589,3054,1405,0,1397,0
10/10/2021,9887,307,2026,3227,0,1049,0
10/10/2021,6414,383,2521,2138,0,2986,0
10/10/2021,5487,544,2136,1254,0,2591,0
11/10/2021,8947,379,3898,2678,0,2254,0
11/10/2021,6475,601,3831,1904,0,1995,0
11/10/2021,6553,494,1854,2907,0,2961,0
11/10/2021,6417,364,2920,3406,0,1974,0
11/10/2021,5822,521,1516,2153,0,2772,0
11/10/2021,9382,358,1972,2011,0,1256,0
11/10/2021,7578,549,3290,1111,0,1486,0
11/10/2021,8104,700,2024,3061,0,1954,0
11/10/2021,8925,351,3908,1488,0,2100,0
11/10/2021,5676,452,1447,3750,0,1093,0
11/10/2021,6634,681,3522,1642,0,1559,0
11/10/2021,7436,512,1175,3345,0,2161,0
11/10/2021,5192,590,2802,1276,0,2891,0
11/10/2021,6059,429,2469,2465,0,2128,0
12/10/2021,6390,382,2010,3086,0,2603,0
12/10/2021,6021,319,3368,3103,0,2542,0
12/10/2021,8084,353,2622,1980,0,1024,0
12/10/2021,8891,379,3135,3647,0,1623,0
12/10/2021,8934,616,3761,3905,0,1188,0
12/10/2021,9503,325,1283,1229,0,1220,0
12/10/2021,9223,401,2502,3491,0,1265,0
12/10/2021,5074,458,3001,3165,0,2713,0
12/10/2021,7776,350,2394,2641,0,2530,0
12/10/2021,5368,315,1472,1013,0,1957,0
12/10/2021,7989,427,1039,2896,0,2981,0
12/10/2021,8774,410,3913,1982,0,1788,0
12/10/2021,7520,402,1263,2220,0,2808,0
12/10/2021,9980,328,2987,2651,0,2499,0
13/10/2021,7740,469,1136,3185,0,1975,0
13/10/2021,9704,434,1056,3044,0,2521,0
13/10/2021,5488,369,1137,2433,0,1416,0
13/10/2021,5731,490,1031,1294,0,1793,0
13/10/2021,8467,615,1844,3266,0,1696,0
13/10/2021,7079,397,2592,2401,0,2276,0
13/10/2021,8208,455,1725,1521,0,1816,0
13/10/2021,7324,316,3999,2773,0,1921,0
13/10/2021,6990,318,2149,3758,0,1831,0
13/10/2021,6402,580,3116,3182,0,1798,0
13/10/2021,8207,579,2028,1338,0,2341,0
13/10/2021,8231,534,1434,3663,0,1847,0
13/10/2021,7002,613,1573,2107,0,1432,0
13/10/2021,9096,622,1747,2518,0,1128,0
14/10/2021,9709,577,1938,1091,0,2046,0
14/10/2021,5949,680,1647,1597,0,2672,0
14/10/2021,5938,461,2887,1768,0,2683,0
14/10/2021,9391,473,3317,2241,0,2991,0
14/10/2021,6751,636,1348,1412,0,1625,0
14/10/2021,5700,469,2869,2228,0,1093,0
14/10/2021,6706,589,3077,3198,0,2651,0
14/10/2021,7452,505,3588,3103,0,1224,0
14/10/2021,7925,519,3892,2154,0,2613,0
14/10/2021,7002,545,1899,3130,0,2940,0
14/10/2021,8133,442,2260,1879,0,2263,0
14/10/2021,6152,515,1969,3381,0,1383,0
14/10/2021,9811,655,3330,3220,0,2819,0
14/10/2021,9141,543,2107,3800,0,2523,0
15/10/2021,8633,613,3158,2287,0,1834,0
15/10/2021,6540,385,3024,3975,0,2060,0
15/10/2021,9449,698,3580,3033,0,1103,0
15/10/2021,8900,637,2030,1510,0,2406,0
15/10/2021,5581,575,1560,3215,0,2042,0
15/10/2021,7348,501,2689,2331,0,2986,0
15/10/2021,8520,437,1510,2855,0,1389,0
15/10/2021,9603,575,1465,1624,0,1534,0
15/10/2021,9697,367,1594,3714,0,2106,0
15/10/2021,6847,563,2765,2043,0,2129,0
15/10/2021,5372,350,3424,3781,0,1517,0
15/10/2021,6963,541,1911,2410,0,2481,0
15/10/2021,5964,595,1349,3746,0,1922,0
15/10/2021,7085,407,1098,3714,0,2360,0
16/10/2021,9859,644,1280,2473,0,2120,0
16/10/2021,7032,487,2837,2486,0,2093,0
16/10/2021,7445,372,3695,2111,0,1188,0
16/10/2021,5097,332,3434,2442,0,2829,0
16/10/2021,8958,541,1916,2587,0,2109,0
16/10/2021,6666,457,3866,1263,0,1448,0
16/10/2021,6919,341,1071,1741,0,1083,0
16/10/2021,5922,578,2248,2794,0,1527,0
16/10/2021,9498,676,3274,3686,0,2305,0
16/10/2021,6754,636,2506,1359,0,1420,0
16/10/2021,9925,645,3767,2976,0,2545,0
16/10/2021,7238,474,3054,3195,0,1400,0
16/10/2021,7209,384,3221,2368,0,2846,0
16/10/2021,7399,443,2337,1318,0,1749,0
17/10/2021,9060,636,3423,3746,0,1860,0
17/10/2021,6995,560,2014,1768,0,2391,0
17/10/2021,9379,625,3406,2451,0,1128,0
17/10/2021,6054,641,3538,1762,0,1668,0
17/10/2021,5520,667,2087,1882,0,1878,0
17/10/2021,6924,602,3013,1493,0,2758,0
17/10/2021,6522,623,1054,1562,0,1391,0
17/10/2021,5560,620,1330,3718,0,1379,0
17/10/2021,9046,453,1896,3959,0,1104,0
17/10/2021,8463,487,1814,2524,0,2666,0
17/10/2021,7820,323,3604,2829,0,2636,0
17/10/2021,7327,450,2879,1207,0,1033,0
17/10/2021,8571,640,1091,1852,0,2772,0
18/10/2021,6324,489,3378,2852,0,1487,0
18/10/2021,6260,585,3112,2197,0,1582,0
18/10/2021,7555,563,1238,3548,0,1762,0
18/10/2021,9042,450,3354,2124,0,2626,0
18/10/2021,7305,423,3632,1338,0,1208,0
18/10/2021,5953,488,1348,2729,0,2390,0
18/10/2021,5008,672,1212,2160,0,1243,0
18/10/2021,8870,456,1311,3225,0,2349,0
18/10/2021,5454,636,3761,3241,0,2711,0
18/10/2021,9781,433,1855,1882,0,2143,0
18/10/2021,6002,661,1471,3709,0,1472,0
18/10/2021,8658,572,1256,3821,0,1028,0
18/10/2021,6653,327,1453,2701,0,1211,0
18/10/2021,7652,543,3554,2687,0,1744,0
19/10/2021,8051,576,2505,2708,0,1850,0
19/10/2021,9010,511,3513,1049,0,2392,0
19/10/2021,5378,633,3266,3808,0,1573,0
19/10/2021,6561,650,1807,2601,0,2485,0
19/10/2021,7277,320,2563,2787,0,2329,0
19/10/2021,9119,607,2484,3660,0,2897,0
19/10/2021,5976,433,3114,2348,0,2477,0
19/10/2021,8142,635,1194,1735,0,1559,0
19/10/2021,6857,662,1597,3051,0,1177,0
19/10/2021,7225,617,2982,2975,0,2447,0
19/10/2021,6839,421,3112,2917,0,1008,0
19/10/2021,9322,540,1411,1877,0,2230,0
19/10/2021,5733,681,3504,2725,0,2899,0
19/10/2021,7450,684,1942,3168,0,2016,0
20/10/2021,8588,659,3429,3777,0,2672,0
20/10/2021,8357,411,3733,3575,0,2820,0
20/10/2021,9423,329,3892,3936,0,2365,0
20/10/2021,5522,685,2201,2470,0,2174,0
20/10/2021,6689,304,3655,2299,0,1406,0
20/10/2021,9501,411,3568,3921,0,2197,0
20/10/2021,7956,495,3067,2934,0,2198,0
20/10/2021,8885,348,2525,2710,0,2551,0
20/10/2021,6160,430,3975,1667,0,1493,0
20/10/2021,9943,422,3324,2614,0,2959,0
20/10/2021,7777,696,3335,2521,0,2396,0
20/10/2021,8783,535,2487,2345,0,1244,0
20/10/2021,5270,553,3837,3912,0,1208,0
20/10/2021,9215,433,3197,3352,0,2295,0
21/10/2021,5544,423,1599,1240,0,1195,0
21/10/2021,8619,695,2404,3353,0,1326,0
21/10/2021,9288,508,1534,1409,0,2015,0
21/10/2021,8702,602,1642,3620,0,1149,0
21/10/2021,6772,608,1503,1838,0,2027,0
21/10/2021,7501,429,1606,3932,0,1241,0
21/10/2021,5459,323,3835,1308,0,1310,0
21/10/2021,9118,327,2648,2078,0,2482,0
21/10/2021,5769,394,1346,1678,0,1698,0
21/10/2021,9825,301,1282,1429,0,2700,0
21/10/2021,8516,579,3481,1812,0,1982,0
21/10/2021,9682,594,1281,1502,0,1589,0
21/10/2021,9401,667,2919,3133,0,1625,0
21/10/2021,8889,669,1907,3284,0,2046,0
22/10/2021,6956,558,3980,3057,0,2149,0
22/10/2021,7831,410,2195,1988,0,1673,0
22/10/2021,5543,481,2233,1716,0,1707,0
22/10/2021,7287,366,3000,2676,0,1063,0
22/10/2021,9706,531,3398,3038,0,1445,0
22/10/2021,5151,691,3188,2018,0,2596,0
22/10/2021,5025,383,1552,1549,0,2768,0
22/10/2021,8985,409,3237,2798,0,1690,0
22/10/2021,7607,455,3270,2932,0,1280,0
22/10/2021,5837,533,1213,3467,0,1751,0
22/10/2021,9348,485,3312,1542,0,2055,0
22/10/2021,6306,347,3161,3305,0,2770,0
22/10/2021,9845,596,1062,3642,0,1397,0
23/10/2021,7708,665,1328,1649,0,1089,0
23/10/2021,6816,698,3669,2939,0,2533,0
23/10/2021,6420,465,3263,1739,0,2335,0
23/10/2021,8624,463,3194,3693,0,1198,0
23/10/2021,6292,548,3824,3187,0,2584,0
23/10/2021,9006,645,2996,2871,0,1642,0
23/10/2021,8914,623,2907,1795,0,2907,0
23/10/2021,7495,380,3244,2170,0,2467,0
23/10/2021,7583,547,3525,1161,0,2437,0
23/10/2021,9706,372,1833,2594,0,1779,0
23/10/2021,8120,493,2410,2783,0,2471,0
23/10/2021,6160,394,3381,3974,0,1229,0
23/10/2021,5141,470,3290,3084,0,1977,0
23/10/2021,8871,513,3880,1412,0,2997,0
24/10/2021,6456,350,2141,1202,0,2118,0
24/10/2021,5385,679,3002,2330,0,1756,0
24/10/2021,8530,622,2170,1845,0,1615,0
24/10/2021,8393,322,1783,1350,0,1219,0
24/10/2021,7379,628,2755,3011,0,2452,0
24/10/2021,5644,531,2799,3189,0,2912,0
24/10/2021,7423,376,1123,3261,0,1539,0
24/10/2021,5683,430,3486,3360,0,2973,0
24/10/2021,8583,344,1442,1685,0,2853,0
24/10/2021,8487,451,2998,1034,0,1225,0
24/10/2021,7278,659,3317,1259,0,2529,0
24/10/2021,9271,604,2681,3292,0,2211,0
24/10/2021,7232,456,1357,2686,0,1578,0
25/10/2021,9402,575,1417,2389,0,1950,0
25/10/2021,7424,617,2884,1103,0,1918,0
25/10/2021,5109,306,3987,3256,0,2013,0
25/10/2021,9943,560,3549,3951,0,2367,0
25/10/2021,5563,679,1941,1890,0,1349,0
25/10/2021,9863,382,2670,3669,0,1612,0
25/10/2021,8293,396,3169,1771,0,2000,0
25/10/2021,7254,528,2697,3153,0,1039,0
25/10/2021,7266,598,1789,3548,0,2863,0
25/10/2021,9759,479,2660,2817,0,1208,0
25/10/2021,9004,315,1590,3275,0,1503,0
25/10/2021,6080,511,2563,1759,0,2679,0
25/10/2021,5689,443,3265,1812,0,2754,0
25/10/2021,8908,467,2545,1066,0,1467,0
26/10/2021,8054,392,1977,3882,0,1097,0
26/10/2021,9823,604,1366,1932,0,2108,0
26/10/2021,5701,574,1707,1379,0,1371,0
26/10/2021,9005,598,1017,3554,0,2855,0
26/10/2021,6907,655,3033,3742,0,2676,0
26/10/2021,7483,641,3521,1853,0,1376,0
26/10/2021,8218,530,2174,1714,0,1699,0
26/10/2021,6994,443,2428,1377,0,1899,0
26/10/2021,7339,694,2499,2643,0,2916,0
26/10/2021,7246,376,2661,3191,0,1211,0
26/10/2021,8680,634,1854,2114,0,1733,0
26/10/2021,9146,666,3907,3491,0,1830,0
26/10/2021,7143,532,1290,2113,0,1019,0
26/10/2021,9572,523,2624,2405,0,1531,0
27/10/2021,8388,475,1404,1501,0,1614,0
27/10/2021,6190,562,1367,2981,0,2506,0
27/10/2021,8823,560,2084,1572,0,1038,0
27/10/2021,9627,412,2725,3243,0,2176,0
27/10/2021,6564,679,3365,3759,0,1372,0
27/10/2021,5212,541,2880,1475,0,2567,0
27/10/2021,7342,356,3741,1475,0,2213,0
27/10/2021,6596,618,2379,1093,0,1315,0
27/10/2021,8961,439,2209,2738,0,1665,0
27/10/2021,8730,354,2838,1549,0,2638,0
27/10/2021,8972,374,3736,2537,0,1429,0
27/10/2021,8398,642,3916,3262,0,1952,0
27/10/2021,5233,517,2756,2602,0,2188,0
28/10/2021,9610,637,2000,1302,0,1980,0
28/10/2021,9464,631,3594,2765,0,1239,0
28/10/2021,8637,558,1867,2116,0,1512,0
28/10/2021,6818,336,3384,3164,0,2779,0
28/10/2021,7412,536,2275,3953,0,2636,0
28/10/2021,8473,618,2843,3150,0,2348,0
28/10/2021,9231,358,3818,3856,0,1643,0
28/10/2021,8518,436,3869,2264,0,2840,0
28/10/2021,6434,615,2634,2781,0,1404,0
28/10/2021,9132,519,2716,1016,0,2110,0
28/10/2021,9258,473,3802,3388,0,1320,0
28/10/2021,8711,360,3303,2305,0,1699,0
28/10/2021,6340,564,1485,2070,0,1837,0
29/10/2021,9498,568,3461,3085,0,1428,0
29/10/2021,7023,354,2733,3640,0,1856,0
29/10/2021,5210,594,1489,1585,0,1881,0
29/10/2021,5061,455,1616,1292,0,2037,0
29/10/2021,8686,515,3941,1207,0,1093,0
29/10/2021,6644,634,1168,1092,0,1432,0
29/10/2021,7456,551,3304,1252,0,1534,0
29/10/2021,7468,633,2478,3743,0,1874,0
29/10/2021,5526,390,3459,1269,0,1709,0
29/10/2021,8150,584,2178,2762,0,1518,0
29/10/2021,8549,681,3219,2281,0,1541,0
29/10/2021,5354,364,1526,2234,0,2419,0
29/10/2021,6794,424,3745,3694,0,2405,0
29/10/2021,9690,477,1039,3813,0,2101,0
30/10/2021,8970,428,2315,2217,0,2155,0
30/10/2021,8129,307,1088,1629,0,2543,0
30/10/2021,9855,442,1465,2750,0,2912,0
30/10/2021,8745,479,1915,1584,0,2315,0
30/10/2021,5362,334,3518,1368,0,1310,0
30/10/2021,8421,523,3853,1193,0,1207,0
30/10/2021,7494,385,2395,1524,0,2106,0
30/10/2021,9370,359,1213,1058,0,1385,0
30/10/2021,7401,515,1929,3429,0,1540,0
30/10/2021,6525,316,3383,2185,0,1146,0
30/10/2021,6299,481,3116,2755,0,1449,0
30/10/2021,9647,335,1131,1740,0,1786,0
30/10/2021,6908,625,3571,1955,0,2446,0
30/10/2021,6150,653,1788,1731,0,2361,0
31/10/2021,7406,639,3620,1257,0,1606,0
31/10/2021,5021,424,3758,1675,0,1204,0
31/10/2021,9612,609,2203,3019,0,1573,0
31/10/2021,6755,313,1777,1535,0,2140,0
31/10/2021,7377,626,3472,2017,0,2433,0
31/10/2021,5849,606,2698,2596,0,2520,0
31/10/2021,7768,496,1031,1896,0,2554,0
31/10/2021,7106,695,1085,1291,0,1979,0
31/10/2021,8574,686,1878,2785,0,2992,0
31/10/2021,5207,577,1507,1763,0,2318,0
31/10/2021,7360,474,1884,1127,0,2812,0
31/10/2021,8138,329,2577,2150,0,2993,0
31/10/2021,6383,591,1542,3751,0,1193,0
01/11/2021,7788,621,3572,2032,0,1920,0
01/11/2021,7562,324,2743,3092,0,1997,0
01/11/2021,9271,606,1433,3412,0,1583,0
01/11/2021,8260,484,3979,1524,0,2540,0
01/11/2021,7532,653,2091,2908,0,1035,0
01/11/2021,5950,684,2446,2843,0,1198,0
01/11/2021,5415,696,1577,2119,0,2565,0
01/11/2021,5641,676,3915,3932,0,1832,0
01/11/2021,8203,457,2749,1924,0,2095,0
01/11/2021,9520,619,3128,3695,0,2869,0
01/11/2021,6124,326,3915,3057,0,1148,0
01/11/2021,5014,382,1438,2568,0,1119,0
01/11/2021,6325,392,3697,3500,0,2530,0
01/11/2021,9594,513,3259,3525,0,2789,0
02/11/2021,8354,528,2454,3027,0,2408,0
02/11/2021,5069,379,1601,2157,0,1604,0
02/11/2021,6040,422,3554,2262,0,2532,0
02/11/2021,9325,315,1314,3881,0,1471,0
02/11/2021,9028,622,3411,3417,0,2415,0
02/11/2021,7421,380,1260,1849,0,2697,0
02/11/2021,5608,434,2361,2006,0,1590,0
02/11/2021,7680,657,3883,3920,0,1910,0
02/11/2021,8720,547,3973,3302,0,2843,0
02/11/2021,5157,598,1042,1877,0,1208,0
02/11/2021,8703,461,3990,1895,0,2431,0
02/11/2021,7006,677,3927,3516,0,2981,0
02/11/2021,8469,437,1640,3878,0,1124,0
02/11/2021,5518,399,1786,3338,0,1362,0
03/11/2021,9531,562,2180,2048,0,1933,0
03/11/2021,9565,343,1945,3053,0,2004,0
03/11/2021,8509,523,3219,3459,0,1788,0
03/11/2021,5233,684,3636,1753,0,2054,0
03/11/2021,5085,669,1225,1919,0,1055,0
03/11/2021,5001,422,1406,3586,0,2815,0
03/11/2021,7321,680,3853,1823,0,1567,0
03/11/2021,5825,543,3305,2814,0,1397,0
03/11/2021,6091,659,2941,2840,0,2876,0
03/11/2021,7208,617,3859,2248,0,2854,0
03/11/2021,6607,359,2284,3711,0,1289,0
03/11/2021,6964,307,2316,1486,0,1262,0
03/11/2021,9503,486,2502,2523,0,2869,0
03/11/2021,6239,407,1962,1501,0,2961,0
04/11/2021,8958,358,2505,2889,0,1993,0
04/11/2021,6978,641,3482,2117,0,1281,0
04/11/2021,7766,536,3359,1978,0,1846,0
04/11/2021,7531,424,3315,3717,0,2933,0
04/11/2021,5545,384,2643,2589,0,1129,0
04/11/2021,8315,695,2638,1405,0,1054,0
04/11/2021,6003,578,2596,1320,0,1049,0
04/11/2021,5129,446,3268,1252,0,2367,0
04/11/2021,8645,449,1233,2962,0,2492,0
04/11/2021,8519,477,1710,2790,0,1891,0
04/11/2021,6720,305,3723,2624,0,2271,0
04/11/2021,5120,319,2178,1005,0,2664,0
04/11/2021,5497,538,3643,3944,0,1488,0
04/11/2021,6853,483,1115,1554,0,2545,0
05/11/2021,5539,525,1417,2874,0,2221,0
05/11/2021,8903,499,3279,3396,0,2671,0
05/11/2021,6073,328,1574,1654,0,2502,0
05/11/2021,5693,449,2099,2540,0,2777,0
05/11/2021,6588,452,3567,2438,0,1827,0
05/11/2021,9972,496,1338,3054,0,1846,0
05/11/2021,5348,387,3253,1859,0,2736,0
05/11/2021,6178,319,3054,2510,0,1623,0
05/11/2021,5214,518,2366,1509,0,1323,0
05/11/2021,7908,470,2546,1398,0,1497,0
05/11/2021,9646,578,3207,1590,0,2341,0
05/11/2021,9844,580,1563,1589,0,1064,0
05/11/2021,6436,500,2187,1927,0,1278,0
05/11/2021,5831,424,2710,1599,0,1644,0
06/11/2021,8405,596,1745,1191,0,2053,0
06/11/2021,7115,700,3362,1513,0,2820,0
06/11/2021,8105,486,3181,3134,0,1632,0
06/11/2021,7273,639,3062,2885,0,1205,0
06/11/2021,8233,496,3660,2298,0,2933,0
06/11/2021,5369,398,2609,1603,0,2055,0
06/11/2021,7877,381,3623,1004,0,2451,0
06/11/2021,7343,359,2484,3037,0,2378,0
06/11/2021,5614,649,2133,3148,0,2438,0
06/11/2021,7636,423,2738,2261,0,1836,0
06/11/2021,7921,444,2663,2486,0,2168,0
06/11/2021,9084,479,2376,1482,0,1218,0
06/11/2021,8514,497,1862,1804,0,1581,0
06/11/2021,6165,352,3968,3232,0,1328,0
07/11/2021,9016,573,2644,3852,0,2077,0
07/11/2021,6369,423,1645,3564,0,2529,0
07/11/2021,9998,438,1973,1878,0,2820,0
07/11/2021,8430,627,3494,1582,0,2011,0
07/11/2021,6251,300,1833,3309,0,1251,0
07/11/2021,7978,610,2388,1086,0,2694,0
07/11/2021,9622,635,3425,2240,0,1931,0
07/11/2021,6089,483,2616,2265,0,2955,0
07/11/2021,7305,681,3991,1437,0,2211,0
07/11/2021,6436,538,1185,3741,0,2600,0
07/11/2021,8372,429,2304,2371,0,1066,0
07/11/2021,6469,550,1049,2218,0,2054,0
07/11/2021,9455,521,2479,2288,0,2583,0
07/11/2021,6207,366,2639,1288,0,1729,0
08/11/2021,9176,345,1799,2226,0,1640,0
08/11/2021,5752,364,2382,1363,0,2163,0
08/11/2021,8168,536,2385,2485,0,1171,0
08/11/2021,8843,452,1239,1909,0,2856,0
08/11/2021,6034,694,3388,2541,0,1984,0
08/11/2021,7616,380,3120,2558,0,2611,0
08/11/2021,8576,450,3236,3596,0,2042,0
08/11/2021,7923,343,3482,2600,0,2606,0
08/11/2021,6868,462,2257,3198,0,1267,0
08/11/2021,6477,470,1307,3359,0,1811,0
08/11/2021,8567,305,3408,2186,0,1648,0
08/11/2021,5183,424,2087,1698,0,1222,0
08/11/2021,6075,628,1978,2856,0,2291,0
08/11/2021,7384,670,1983,2377,0,2351,0
09/11/2021,9670,667,3579,2304,0,2829,0
09/11/2021,5957,665,2881,1360,0,2339,0
09/11/2021,6019,619,1290,1017,0,1057,0
09/11/2021,7410,521,3773,3251,0,2772,0
09/11/2021,7078,365,2141,2619,0,1229,0
09/11/2021,9786,566,1563,2585,0,1731,0
09/11/2021,8824,623,1373,2116,0,2853,0
09/11/2021,6641,528,3916,1201,0,2040,0
09/11/2021,9616,521,1558,3306,0,2328,0
09/11/2021,9065,494,3895,2057,0,1108,0
09/11/2021,6945,308,3524,1254,0,2708,0
09/11/2021,7468,331,3240,2104,0,1032,0
09/11/2021,5409,633,1730,2442,0,1530,0
09/11/2021,8916,360,2331,1385,0,1430,0
10/11/2021,7054,565,2425,1502,0,1762,0
10/11/2021,5109,497,1985,3806,0,2000,0
10/11/2021,8962,637,2620,1832,0,1898,0
10/11/2021,7233,560,3632,1779,0,1066,0
10/11/2021,8158,543,3362,2573,0,2295,0
10/11/2021,7175,692,1983,2438,0,2924,0
10/11/2021,7200,581,3080,2503,0,2047,0
10/11/2021,7565,517,3795,3945,0,2004,0
10/11/2021,7035,394,2703,2322,0,2377,0
10/11/2021,5025,699,3941,2786,0,2345,0
10/11/2021,7335,366,3975,3353,0,1059,0
10/11/2021,8868,651,1003,1066,0,1899,0
10/11/2021,8714,647,2263,2807,0,2485,0
10/11/2021,5566,453,3526,1398,0,2113,0
11/11/2021,6163,563,2658,3215,0,1963,0
11/11/2021,6470,457,3554,2828,0,2742,0
11/11/2021,6845,642,2088,1998,0,1610,0
11/11/2021,6857,601,2451,2093,0,2013,0
11/11/2021,8458,477,1973,3412,0,1585,0
11/11/2021,5739,331,3979,3241,0,1003,0
11/11/2021,7737,384,2481,3533,0,2746,0
11/11/2021,7105,336,3190,2703,0,2349,0
11/11/2021,7480,326,3210,1815,0,2310,0
11/11/2021,9082,420,1675,3070,0,1258,0
11/11/2021,8732,512,2669,2228,0,2691,0
11/11/2021,9013,466,2942,3270,0,2501,0
11/11/2021,9055,379,1449,2032,0,2969,0
11/11/2021,9743,573,1409,1018,0,1665,0
12/11/2021,8341,643,3872,1138,0,1589,0
12/11/2021,8759,539,1225,1271,0,1094,0
12/11/2021,5577,333,3999,3441,0,2714,0
12/11/2021,8001,339,1267,2926,0,1110,0
12/11/2021,8463,612,1195,3724,0,2808,0
12/11/2021,8942,482,1184,1579,0,1942,0
12/11/2021,6331,338,2838,1015,0,1662,0
12/11/2021,7781,402,1642,2063,0,2970,0
12/11/2021,7941,419,3301,2950,0,1722,0
12/11/2021,9531,698,1209,3064,0,1068,0
12/11/2021,6862,309,1510,2081,0,1044,0
12/11/2021,5731,457,1122,2630,0,2530,0
12/11/2021,7242,315,1208,3460,0,2132,0
12/11/2021,8577,666,3124,3581,0,1129,0
13/11/2021,6213,332,1994,1378,0,1634,0
13/11/2021,5066,426,3856,2889,0,2229,0
13/11/2021,8327,695,2207,3641,0,1391,0
13/11/2021,8473,503,3564,2739,0,1275,0
13/11/2021,7029,559,1764,3354,0,2374,0
13/11/2021,6734,409,2463,1467,0,1652,0
13/11/2021,5383,436,3783,2996,0,1712,0
13/11/2021,6202,693,2558,3289,0,2814,0
13/11/2021,9270,528,2361,1010,0,1895,0
13/11/2021,5941,376,2701,3131,0,1690,0
13/11/2021,9985,580,2726,1126,0,2613,0
13/11/2021,5222,678,3696,3326,0,2235,0
13/11/2021,5687,358,3878,2124,0,2035,0
13/11/2021,5527,301,2044,3950,0,2044,0
14/11/2021,5522,345,1954,2681,0,1669,0
14/11/2021,9930,679,2694,1088,0,2339,0
14/11/2021,8395,618,1393,2110,0,1744,0
14/11/2021,6394,387,1757,3110,0,1581,0
14/11/2021,6514,357,3253,1459,0,2788,0
14/11/2021,9777,684,1167,3430,0,2867,0
14/11/2021,9967,553,1876,2423,0,2043,0
14/11/2021,9848,477,2864,3113,0,2420,0
14/11/2021,5322,521,1524,2066,0,2756,0
14/11/2021,7115,319,3687,3414,0,1400,0
14/11/2021,7547,555,1018,2053,0,1374,0
14/11/2021,5766,610,1447,1774,0,2172,0
14/11/2021,7971,460,2813,1134,0,1054,0
14/11/2021,5712,682,1215,1716,0,2631,0
15/11/2021,5979,660,2331,1174,0,1699,0
15/11/2021,6474,508,1294,3523,0,1603,0
15/11/2021,8888,599,2378,3764,0,1376,0
15/11/2021,9033,455,2991,2702,0,2039,0
15/11/2021,7580,473,3244,2579,0,1583,0
15/11/2021,8896,571,1379,3998,0,1292,0
15/11/2021,7493,654,2085,1002,0,1254,0
15/11/2021,8830,678,1478,3202,0,1507,0
15/11/2021,6919,551,3051,3396,0,1275,0
15/11/2021,5303,474,1357,1564,0,2601,0
15/11/2021,5354,367,1246,2001,0,1614,0
15/11/2021,5264,339,3258,2919,0,2502,0
15/11/2021,5265,487,3232,1173,0,1095,0
16/11/2021,8416,456,2175,2010,0,1192,0
16/11/2021,8408,388,1962,2755,0,2977,0
16/11/2021,7257,686,3243,2360,0,2161,0
16/11/2021,9713,320,3037,3910,0,2974,0
16/11/2021,9476,350,1308,1216,0,1255,0
16/11/2021,7360,473,1045,2332,0,1415,0
16/11/2021,9179,681,1812,3675,0,2803,0
16/11/2021,7652,382,3872,1867,0,1899,0
16/11/2021,7201,513,3525,2364,0,1631,0
16/11/2021,9795,478,1400,1215,0,1334,0
16/11/2021,9340,649,3957,1788,0,2725,0
16/11/2021,9954,495,1771,3732,0,1512,0
16/11/2021,8525,652,2280,2511,0,1195,0
17/11/2021,6806,526,2649,1254,0,1548,0
17/11/2021,7149,534,1311,1294,0,2354,0
17/11/2021,6869,334,2567,3398,0,2206,0
17/11/2021,8487,518,2317,1898,0,2385,0
17/11/2021,9075,429,1057,1935,0,1467,0
17/11/2021,9162,522,1727,3347,0,2235,0
17/11/2021,8271,626,1424,2145,0,2004,0
17/11/2021,8071,425,1923,3650,0,1355,0
17/11/2021,7342,536,3223,2065,0,2634,0
17/11/2021,9173,686,1858,2071,0,1862,0
17/11/2021,7889,502,3159,3625,0,2526,0
17/11/2021,9211,311,2045,1114,0,2780,0
17/11/2021,6894,370,2537,2036,0,1591,0
17/11/2021,5838,669,2952,2521,0,1509,0
18/11/2021,7415,400,3215,2612,0,2264,0
18/11/2021,7477,520,1081,3345,0,2088,0
18/11/2021,6798,508,3347,2158,0,2254,0
18/11/2021,9916,663,1256,2095,0,1012,0
18/11/2021,7394,662,3686,2236,0,2288,0
18/11/2021,8460,480,1431,3708,0,2266,0
18/11/2021,9183,683,2571,2319,0,2438,0
18/11/2021,9459,322,1939,2309,0,1458,0
18/11/2021,9179,578,2243,1482,0,2659,0
18/11/2021,9220,318,1280,2520,0,1648,0
18/11/2021,6110,442,3115,3967,0,2487,0
18/11/2021,6782,688,2438,1518,0,1582,0
18/11/2021,7812,645,2071,1449,0,1439,0
18/11/2021,5419,330,3618,2484,0,2268,0
19/11/2021,5926,359,2416,1164,0,1027,0
19/11/2021,8032,501,3197,1843,0,2626,0
19/11/2021,8940,553,2929,1303,0,2546,0
19/11/2021,5077,325,1330,2587,0,1904,0
19/11/2021,9005,631,3040,3785,0,2734,0
19/11/2021,7224,430,1390,1844,0,2038,0
19/11/2021,8426,506,3293,2130,0,1074,0
19/11/2021,9883,453,3418,3456,0,1646,0
19/11/2021,6857,664,3869,1816,0,2429,0
19/11/2021,7070,538,1674,2272,0,1755,0
19/11/2021,9184,436,2326,1764,0,2754,0
19/11/2021,6418,398,3129,2444,0,2207,0
19/11/2021,7614,660,1069,3985,0,2229,0
19/11/2021,8540,670,1188,3536,0,2097,0
20/11/2021,8706,306,2735,3005,0,1937,0
20/11/2021,7432,640,3363,1820,0,2130,0
20/11/2021,5935,458,1406,3923,0,2288,0
20/11/2021,7588,398,1137,1836,0,1808,0
20/11/2021,5698,404,2607,3366,0,2710,0
20/11/2021,8797,375,3977,3899,0,1560,0
20/11/2021,8219,658,2311,1600,0,1769,0
20/11/2021,7149,511,1361,1771,0,2984,0
20/11/2021,7833,338,1824,3516,0,1595,0
20/11/2021,8806,401,3840,1367,0,2041,0
20/11/2021,8502,342,1434,1614,0,1440,0
20/11/2021,8153,617,2060,1976,0,1422,0
20/11/2021,6179,445,1128,2700,0,2875,0
20/11/2021,8678,505,3610,2209,0,1936,0
21/11/2021,9835,419,3837,1563,0,2512,0
21/11/2021,9521,505,3149,1443,0,2595,0
21/11/2021,6963,454,2996,2642,0,2815,0
21/11/2021,9575,378,1717,3397,0,1411,0
21/11/2021,7115,382,1819,1624,0,1508,0
21/11/2021,6487,604,1203,2573,0,2250,0
21/11/2021,6769,384,2184,1751,0,1130,0
21/11/2021,6683,322,1739,2117,0,1049,0
21/11/2021,7725,481,1458,3202,0,1339,0
21/11/2021,9687,623,2636,1882,0,1435,0
21/11/2021,7445,608,1907,1860,0,1210,0
21/11/2021,5247,507,1942,1491,0,1784,0
21/11/2021,5134,344,3566,3942,0,2106,0
21/11/2021,8377,355,2177,1860,0,1757,0
22/11/2021,9168,465,1917,1763,0,1512,0
22/11/2021,6895,490,1281,3328,0,1490,0
22/11/2021,5326,443,3732,3303,0,2489,0
22/11/2021,6262,502,2758,2492,0,1149,0
22/11/2021,9038,406,2694,1983,0,2356,0
22/11/2021,5355,329,1683,2172,0,2964,0
22/11/2021,5515,532,2445,2595,0,1389,0
22/11/2021,8680,323,3852,3058,0,2573,0
22/11/2021,9844,481,3154,2840,0,1657,0
22/11/2021,9478,495,1941,1833,0,2679,0
22/11/2021,7705,690,1844,2425,0,1979,0
22/11/2021,7376,607,3981,1699,0,1575,0
22/11/2021,9797,320,1473,3371,0,2465,0
22/11/2021,9576,557,1589,1683,0,1353,0
23/11/2021,6200,447,2398,2893,0,2203,0
23/11/2021,8085,444,3025,1425,0,2972,0
23/11/2021,8274,362,3550,3395,0,1142,0
23/11/2021,8914,690,3457,1557,0,1347,0
23/11/2021,6361,308,2070,3600,0,1151,0
23/11/2021,5639,361,1429,1484,0,1065,0
23/11/2021,7284,448,2436,2902,0,2166,0
23/11/2021,5288,379,3464,3671,0,2949,0
23/11/2021,6875,390,1699,1987,0,2495,0
23/11/2021,9864,412,1111,1202,0,1885,0
23/11/2021,6242,549,3807,1028,0,2278,0
23/11/2021,8324,362,1226,3616,0,1081,0
23/11/2021,5968,338,1019,2789,0,2189,0
23/11/2021,8664,566,1707,1700,0,1092,0
24/11/2021,9614,675,3947,3192,0,2379,0
24/11/2021,8256,465,2222,1873,0,1848,0
24/11/2021,9771,675,3335,1076,0,2770,0
24/11/2021,6982,471,1984,2503,0,2150,0
24/11/2021,9560,531,2518,2155,0,2632,0
24/11/2021,9314,633,1426,2663,0,2312,0
24/11/2021,8278,366,1486,2047,0,1679,0
24/11/2021,5952,459,2962,1773,0,2223,0
24/11/2021,6544,300,1367,3578,0,1921,0
24/11/2021,7274,517,1824,1017,0,1131,0
24/11/2021,7187,479,1276,1691,0,2216,0
24/11/2021,6081,573,3422,2217,0,2480,0
24/11/2021,9183,390,2972,1488,0,2070,0
24/11/2021,5132,381,3559,1751,0,2231,0
25/11/2021,6052,412,3606,2603,0,2521,0
25/11/2021,7072,371,2957,3275,0,1307,0
25/11/2021,5275,337,1851,2238,0,2487,0
25/11/2021,7633,379,3753,1655,0,1747,0
25/11/2021,6624,612,2761,1211,0,1336,0
25/11/2021,5563,480,1568,3846,0,1681,0
25/11/2021,9326,681,2277,2806,0,2619,0
25/11/2021,7450,455,3682,1188,0,1042,0
25/11/2021,8953,454,1333,1660,0,1580,0
25/11/2021,6492,407,2844,1348,0,2659,0
25/11/2021,6862,672,2536,2883,0,1513,0
25/11/2021,9006,432,1851,2461,0,1336,0
25/11/2021,7709,418,2477,3701,0,2996,0
25/11/2021,9147,387,1119,2817,0,1086,0
26/11/2021,7160,492,3478,3547,0,2577,0
26/11/2021,7746,514,2007,3531,0,1482,0
26/11/2021,9600,513,1535,2416,0,2421,0
26/11/2021,6927,648,1367,2216,0,2495,0
26/11/2021,5345,654,3560,3914,0,1086,0
26/11/2021,8184,668,1297,2673,0,1273,0
26/11/2021,5663,483,3093,2336,0,1550,0
26/11/2021,6595,340,3691,1109,0,1839,0
26/11/2021,6758,336,2911,1916,0,2569,0
26/11/2021,8812,574,2312,2001,0,1945,0
26/11/2021,9634,332,3078,3753,0,2769,0
26/11/2021,8514,426,1147,1659,0,1366,0
26/11/2021,7372,425,1768,2155,0,2933,0
26/11/2021,8119,607,3683,1896,0,1744,0
27/11/2021,7900,575,3191,1387,0,1785,0
27/11/2021,9375,393,1190,1153,0,2654,0
27/11/2021,7184,517,3592,1482,0,1869,0
27/11/2021,8417,315,3395,2905,0,2965,0
27/11/2021,6275,421,1130,2326,0,2890,0
27/11/2021,7038,680,3086,3861,0,2792,0
27/11/2021,7270,470,2955,3378,0,2989,0
27/11/2021,8719,382,3370,3303,0,1746,0
27/11/2021,5392,388,3192,1880,0,1606,0
27/11/2021,5531,532,2253,2718,0,2931,0
27/11/2021,6409,595,2386,3935,0,1594,0
27/11/2021,7904,411,1636,1691,0,2279,0
27/11/2021,9807,439,3505,1493,0,2132,0
27/11/2021,6376,535,3685,2188,0,1217,0
28/11/2021,7008,550,2199,2502,0,1533,0
28/11/2021,5794,315,1547,3272,0,1365,0
28/11/2021,8830,680,1334,2869,0,1662,0
28/11/2021,7710,486,1891,3032,0,2219,0
28/11/2021,8991,456,1606,3591,0,1122,0
28/11/2021,7297,601,3543,1110,0,1953,0
28/11/2021,8840,366,2661,2597,0,1935,0
28/11/2021,6836,391,2297,1667,0,2613,0
28/11/2021,9252,376,3162,2037,0,1165,0
28/11/2021,7293,545,2421,1291,0,1247,0
28/11/2021,9590,314,2065,1890,0,1344,0
28/11/2021,5565,529,1184,2934,0,1621,0
28/11/2021,7353,419,3735,2496,0,1063,0
28/11/2021,5328,522,2233,2689,0,1050,0
29/11/2021,7945,593,1787,1398,0,2239,0
29/11/2021,8558,656,2905,3862,0,1160,0
29/11/2021,8999,381,3579,3848,0,1931,0
29/11/2021,5818,428,3941,1482,0,1331,0
29/11/2021,9177,596,3029,2766,0,1771,0
29/11/2021,5129,376,2018,2378,0,2805,0
29/11/2021,8636,561,3581,2311,0,1500,0
29/11/2021,7026,657,2670,1640,0,1609,0
29/11/2021,7832,679,1615,2933,0,1113,0
29/11/2021,9037,498,3100,3550,0,2735,0
29/11/2021,9664,625,2700,2478,0,2437,0
29/11/2021,7804,688,2473,1658,0,1736,0
29/11/2021,6519,515,3280,2507,0,1276,0
29/11/2021,8430,655,1878,2703,0,1722,0
30/11/2021,6755,631,3985,2039,0,2373,0
30/11/2021,6517,403,2624,2546,0,2713,0
30/11/2021,8396,324,2895,2777,0,2547,0
30/11/2021,6548,309,1099,2934,0,2944,0
30/11/2021,6192,338,1946,1392,0,2407,0
30/11/2021,8067,311,2805,1952,0,2748,0
30/11/2021,5872,399,2443,2160,0,2268,0
30/11/2021,5055,652,2307,3808,0,2932,0
30/11/2021,7657,365,3615,3486,0,1142,0
30/11/2021,5515,690,1513,1144,0,2931,0
30/11/2021,5533,468,1128,1914,0,2595,0
30/11/2021,9980,694,2403,1794,0,2722,0
30/11/2021,6693,610,3335,1853,0,1270,0
30/11/2021,9821,302,2999,2560,0,2442,0
01/12/2021,7878,619,1626,3449,0,2171,0
01/12/2021,7169,376,2945,2521,0,2570,0
01/12/2021,8360,512,2971,1900,0,1559,0
01/12/2021,5984,436,1555,2805,0,1067,0
01/12/2021,8874,335,2805,2965,0,2218,0
01/12/2021,8424,528,3459,2321,0,1403,0
01/12/2021,5720,685,3422,2825,0,2248,0
01/12/2021,8812,616,1127,1047,0,2119,0
01/12/2021,8320,434,3198,2940,0,2854,0
01/12/2021,7927,337,3469,3877,0,2785,0
01/12/2021,9469,626,1528,3991,0,2545,0
01/12/2021,9938,356,2658,4000,0,1245,0
01/12/2021,5630,318,1077,2843,0,2101,0
01/12/2021,5926,491,3334,3754,0,2201,0
02/12/2021,9220,320,2809,3034,0,1727,0
02/12/2021,8947,466,3883,1673,0,2358,0
02/12/2021,5494,398,3974,2083,0,1323,0
02/12/2021,8767,608,1757,1643,0,1503,0
02/12/2021,8084,521,2310,3476,0,2407,0
02/12/2021,7761,644,2182,1830,0,1578,0
02/12/2021,9533,597,3029,1777,0,1391,0
02/12/2021,5093,614,2918,3965,0,2845,0
02/12/2021,7795,452,2376,3736,0,1740,0
02/12/2021,7599,519,2019,2326,0,1202,0
02/12/2021,5640,349,1072,3056,0,2526,0
02/12/2021,8449,370,3880,2290,0,2575,0
02/12/2021,9999,523,1107,2146,0,2734,0
02/12/2021,5064,690,2935,2897,0,2783,0
03/12/2021,6230,435,1625,3485,0,1648,0
03/12/2021,6064,399,2560,1822,0,2834,0
03/12/2021,7177,650,1111,3834,0,2880,0
03/12/2021,7882,491,2642,2497,0,2895,0
03/12/2021,7576,638,3425,3845,0,2241,0
03/12/2021,5721,667,1463,2335,0,1061,0
03/12/2021,5776,408,2967,3758,0,1978,0
03/12/2021,9733,598,1928,3359,0,1997,0
03/12/2021,8046,438,3308,3246,0,2909,0
03/12/2021,5247,655,1883,2383,0,1411,0
03/12/2021,8105,629,1339,2350,0,1810,0
03/12/2021,8336,448,1229,1393,0,2566,0
03/12/2021,7171,694,1886,2796,0,1339,0
03/12/2021,6675,392,2423,1378,0,1014,0
04/12/2021,7670,646,2240,2126,0,2284,0
04/12/2021,9737,493,2879,3394,0,1609,0
04/12/2021,9256,420,3019,1686,0,1858,0
04/12/2021,5493,413,1651,1793,0,1949,0
04/12/2021,6660,372,3279,1150,0,2876,0
04/12/2021,6791,641,1076,3474,0,1081,0
04/12/2021,5726,662,2999,2640,0,1036,0
04/12/2021,7411,627,2892,1566,0,2426,0
04/12/2021,9063,636,2831,1263,0,2644,0
04/12/2021,8583,457,2482,2418,0,2685,0
04/12/2021,8593,474,2432,1760,0,2579,0
04/12/2021,6112,510,3602,3817,0,2067,0
04/12/2021,9485,547,1938,2598,0,2818,0
04/12/2021,5213,534,2010,2138,0,1614,0
05/12/2021,7950,501,1877,3864,0,1371,0
05/12/2021,9621,374,3423,3143,0,1312,0
05/12/2021,8800,602,1062,3256,0,2724,0
05/12/2021,9311,682,1841,1329,0,1139,0
05/12/2021,8741,591,3281,3240,0,1085,0
05/12/2021,7320,387,2471,3743,0,1451,0
05/12/2021,6776,388,1547,2709,0,2642,0
05/12/2021,6064,566,3491,1203,0,1205,0
05/12/2021,7336,497,2195,2848,0,1937,0
05/12/2021,7847,410,2172,1246,0,2175,0
05/12/2021,6957,545,1660,1326,0,2208,0
05/12/2021,9543,692,1781,3113,0,1733,0
05/12/2021,6102,624,2091,3434,0,2169,0
05/12/2021,5428,552,3876,1097,0,2709,0
06/12/2021,7215,610,1534,3124,0,1996,0
06/12/2021,8374,401,2195,2673,0,2122,0
06/12/2021,5461,592,3684,2284,0,2415,0
06/12/2021,9205,404,2707,1530,0,2981,0
06/12/2021,5018,396,2997,1488,0,1211,0
06/12/2021,5190,684,2350,1737,0,2914,0
06/12/2021,9404,433,1329,3274,0,1329,0
06/12/2021,8253,606,3637,2481,0,2377,0
06/12/2021,8191,435,2601,3442,0,1107,0
06/12/2021,6611,401,3116,1958,0,1333,0
06/12/2021,9351,345,2567,3625,0,2661,0
06/12/2021,9276,356,1009,2519,0,2120,0
06/12/2021,7430,465,3092,1121,0,2377,0
06/12/2021,5162,558,1931,3227,0,2433,0
07/12/2021,6561,326,2611,2077,0,2400,0
07/12/2021,5755,372,2134,2408,0,2210,0
07/12/2021,7764,668,3877,3771,0,2298,0
07/12/2021,9830,623,2951,1969,0,2404,0
07/12/2021,9899,456,3890,3020,0,2472,0
07/12/2021,9112,460,3795,1065,0,1658,0
07/12/2021,8147,413,2253,3998,0,2133,0
07/12/2021,5918,454,3851,3943,0,2553,0
07/12/2021,6784,643,1589,2131,0,1023,0
07/12/2021,7812,478,2404,1519,0,2778,0
07/12/2021,6957,540,3254,1939,0,2478,0
07/12/2021,8815,590,1533,1790,0,2267,0
07/12/2021,5394,363,3213,2286,0,2564,0
07/12/2021,5150,542,3424,2304,0,1252,0
08/12/2021,8028,549,2635,2744,0,1264,0
08/12/2021,8251,337,3304,1086,0,1382,0
08/12/2021,8423,506,2263,1925,0,2889,0
08/12/2021,7714,657,3504,2257,0,1368,0
08/12/2021,9930,395,3556,3191,0,2748,0
08/12/2021,5802,400,3360,3823,0,2830,0
08/12/2021,9560,304,1004,3982,0,1960,0
08/12/2021,8275,525,2394,3086,0,2762,0
08/12/2021,7152,332,2040,2339,0,1410,0
08/12/2021,9844,655,3558,1627,0,2978,0
08/12/2021,7446,654,2803,2362,0,2121,0
08/12/2021,6726,453,2286,1655,0,2825,0
08/12/2021,7387,343,3363,1513,0,1152,0
08/12/2021,7042,663,2667,2089,0,2061,0
09/12/2021,8715,508,2633,2825,0,1529,0
09/12/2021,5766,423,1462,2000,0,1114,0
09/12/2021,8074,545,3297,3518,0,2244,0
09/12/2021,7439,441,1892,3773,0,2871,0
09/12/2021,8854,335,3496,3776,0,1147,0
09/12/2021,6804,592,1173,1030,0,1633,0
09/12/2021,8002,501,1401,1661,0,2614,0
09/12/2021,7103,562,1307,2586,0,2635,0
09/12/2021,6083,537,1176,3874,0,2299,0
09/12/2021,7515,374,2060,1730,0,1668,0
09/12/2021,5679,566,3102,2360,0,2826,0
09/12/2021,7021,586,3964,1773,0,1291,0
09/12/2021,6804,378,2103,2839,0,1928,0
09/12/2021,8751,636,3060,1469,0,2780,0
10/12/2021,6605,435,2281,3786,0,2747,0
10/12/2021,6880,327,1985,3585,0,1029,0
10/12/2021,7412,394,3281,2056,0,1510,0
10/12/2021,7020,551,3221,3255,0,1859,0
10/12/2021,5968,409,3664,2547,0,1910,0
10/12/2021,7139,404,1021,1089,0,2113,0
10/12/2021,7695,652,2309,1361,0,2721,0
10/12/2021,7139,388,1887,3834,0,1719,0
10/12/2021,6972,548,1772,2072,0,2575,0
10/12/2021,8934,326,1529,1779,0,1939,0
10/12/2021,6324,585,3966,1273,0,2537,0
10/12/2021,6484,302,2757,1026,0,1064,0
10/12/2021,5698,320,1269,2012,0,1234,0
10/12/2021,6625,411,3536,2965,0,2690,0
11/12/2021,5701,441,1907,3634,0,1958,0
11/12/2021,8330,569,3695,1762,0,2168,0
11/12/2021,9241,625,3612,2008,0,1734,0
11/12/2021,5517,593,3640,2802,0,1063,0
11/12/2021,6989,493,2872,2539,0,1480,0
11/12/2021,6301,368,1487,1837,0,2680,0
11/12/2021,5093,673,2397,2709,0,1419,0
11/12/2021,5054,412,3738,2081,0,1496,0
11/12/2021,8332,377,1294,1014,0,1210,0
11/12/2021,8102,473,3829,1975,0,1138,0
11/12/2021,7577,433,1481,3455,0,1031,0
11/12/2021,7476,580,2596,3915,0,2653,0
11/12/2021,5102,451,3747,2885,0,1818,0
11/12/2021,6214,621,1143,3640,0,2080,0
12/12/2021,5939,324,3722,2798,0,2962,0
12/12/2021,6204,617,1904,1254,0,1515,0
12/12/2021,6589,369,2308,1143,0,2304,0
12/12/2021,5935,628,3833,2893,0,2322,0
12/12/2021,5478,486,1336,2302,0,1112,0
12/12/2021,5994,683,3812,1856,0,2089,0
12/12/2021,9775,667,3590,3989,0,1926,0
12/12/2021,9085,668,2818,1841,0,1488,0
12/12/2021,9426,687,2945,1499,0,1661,0
12/12/2021,8053,579,2953,2825,0,1189,0
12/12/2021,8744,452,1720,3130,0,1445,0
12/12/2021,5322,559,3975,3978,0,2046,0
12/12/2021,5846,481,2410,1055,0,1553,0
13/12/2021,5372,402,2069,1747,0,1651,0
13/12/2021,9525,613,3936,2760,0,2409,0
13/12/2021,8198,651,2529,3810,0,2379,0
13/12/2021,6740,620,1936,1798,0,2800,0
13/12/2021,9509,578,1944,3384,0,2296,0
13/12/2021,8654,691,1187,1468,0,1471,0
13/12/2021,8055,427,3703,2061,0,2038,0
13/12/2021,9805,425,2170,2033,0,2050,0
13/12/2021,7763,330,3956,2934,0,2167,0
13/12/2021,7137,353,1467,3022,0,1012,0
13/12/2021,9362,521,1417,2463,0,1307,0
13/12/2021,6662,612,2928,2313,0,1806,0
13/12/2021,9081,346,2988,3645,0,1472,0
13/12/2021,9794,516,2556,3110,0,2210,0
14/12/2021,6784,318,2517,1122,0,2068,0
14/12/2021,8814,676,2692,1464,0,1116,0
14/12/2021,7668,687,1703,2169,0,1379,0
14/12/2021,7057,353,3520,1184,0,1300,0
14/12/2021,7437,605,1506,2544,0,2269,0
14/12/2021,9172,481,1743,1081,0,2963,0
14/12/2021,8884,462,3403,3432,0,1325,0
14/12/2021,9793,487,3795,2424,0,2241,0
14/12/2021,5102,397,2549,2668,0,1541,0
14/12/2021,7123,531,3164,1338,0,1703,0
14/12/2021,7071,459,1660,1311,0,2741,0
14/12/2021,6125,359,2746,2617,0,1542,0
14/12/2021,6572,420,3133,2008,0,1083,0
14/12/2021,7942,654,2341,1773,0,1774,0
15/12/2021,9393,632,2580,1588,0,2870,0
15/12/2021,6355,469,1100,3572,0,1949,0
15/12/2021,8337,554,2517,2955,0,2801,0
15/12/2021,5543,310,3639,2047,0,2871,0
15/12/2021,5720,561,3002,3389,0,2016,0
15/12/2021,7556,311,1639,2603,0,1369,0
15/12/2021,6740,583,1949,2877,0,2034,0
15/12/2021,8507,342,2799,1414,0,1638,0
15/12/2021,9114,667,2000,3938,0,1877,0
15/12/2021,5479,393,1383,3244,0,1039,0
15/12/2021,9072,664,3070,1861,0,2006,0
15/12/2021,9196,680,2792,1492,0,2192,0
15/12/2021,5565,310,3842,2974,0,2720,0
15/12/2021,8616,524,1599,3082,0,1427,0
16/12/2021,5247,332,1794,2910,0,2077,0
16/12/2021,8298,460,3572,1194,0,1554,0
16/12/2021,9801,463,1400,2599,0,1583,0
16/12/2021,8750,623,2728,3632,0,1303,0
16/12/2021,8083,572,3955,1224,0,2744,0
16/12/2021,6127,562,2539,2322,0,1738,0
16/12/2021,7327,610,2241,1065,0,2405,0
16/12/2021,9976,566,2437,2729,0,2095,0
16/12/2021,5532,314,1215,1870,0,2951,0
16/12/2021,6169,598,2401,3222,0,2100,0
16/12/2021,5013,519,3363,1099,0,2907,0
16/12/2021,8109,397,2258,3139,0,2621,0
16/12/2021,9262,404,2395,2040,0,2859,0
16/12/2021,5584,555,1499,2945,0,1349,0
17/12/2021,8264,416,2299,1876,0,1792,0
17/12/2021,6336,590,3765,3261,0,1694,0
17/12/2021,8484,617,3516,1534,0,1773,0
17/12/2021,5514,490,2007,1539,0,1781,0
17/12/2021,5740,386,3955,2367,0,2666,0
17/12/2021,7621,343,3050,3186,0,1211,0
17/12/2021,8407,646,1444,3513,0,2745,0
17/12/2021,6701,369,2669,2752,0,2218,0
17/12/2021,9477,477,1664,3194,0,2256,0
17/12/2021,9669,537,3928,3414,0,1342,0
17/12/2021,9406,556,3828,3701,0,1296,0
17/12/2021,7615,461,1857,3588,0,2546,0
17/12/2021,6927,467,1619,3109,0,2799,0
17/12/2021,8191,424,2765,3737,0,2808,0
18/12/2021,7236,400,3804,2672,0,2306,0
18/12/2021,9533,523,1065,1384,0,1820,0
18/12/2021,9575,671,1729,2433,0,2960,0
18/12/2021,6460,379,2441,2685,0,1671,0
18/12/2021,9403,462,1967,2935,0,2859,0
18/12/2021,5178,603,3530,1240,0,2392,0
18/12/2021,9335,535,1608,3077,0,1871,0
18/12/2021,5322,536,2769,1212,0,2587,0
18/12/2021,7428,542,2757,3555,0,1967,0
18/12/2021,5956,657,2419,1890,0,1888,0
18/12/2021,9457,626,2404,3024,0,1561,0
18/12/2021,8452,546,2800,1656,0,1070,0
18/12/2021,9524,500,3811,2729,0,2404,0
18/12/2021,6473,643,1361,1554,0,2851,0
19/12/2021,6725,539,2760,2234,0,1560,0
19/12/2021,9763,563,3553,3141,0,1458,0
19/12/2021,7990,510,3432,2214,0,2727,0
19/12/2021,7256,417,1198,3674,0,1415,0
19/12/2021,9058,546,1285,3389,0,2307,0
19/12/2021,5843,405,3890,2562,0,1978,0
19/12/2021,9181,665,3638,1245,0,2147,0
19/12/2021,5868,613,1837,1030,0,1442,0
19/12/2021,8739,395,2118,2864,0,1395,0
19/12/2021,5816,356,2943,3234,0,2557,0
19/12/2021,7942,578,2291,1264,0,1293,0
19/12/2021,8003,547,3006,1530,0,1065,0
19/12/2021,7054,468,1938,1795,0,2501,0
20/12/2021,7975,424,2837,3089,0,2693,0
20/12/2021,8912,534,3999,3867,0,1786,0
20/12/2021,5750,387,3202,2033,0,1980,0
20/12/2021,6646,343,2845,3804,0,2445,0
20/12/2021,8654,645,2269,2390,0,1930,0
20/12/2021,6576,308,2831,2877,0,1838,0
20/12/2021,6737,323,3255,3822,0,1725,0
20/12/2021,5400,530,2457,2509,0,1517,0
20/12/2021,5200,417,2704,3226,0,2287,0
20/12/2021,6430,628,3711,2423,0,1995,0
20/12/2021,8970,470,1749,1677,0,1000,0
20/12/2021,6471,363,3000,1916,0,1600,0
20/12/2021,6884,532,1720,2602,0,1066,0
20/12/2021,8416,488,3065,1433,0,2802,0
21/12/2021,9820,408,2445,2873,0,1521,0
21/12/2021,9534,638,1237,2916,0,2718,0
21/12/2021,9059,538,2739,1397,0,1787,0
21/12/2021,6419,364,3561,3156,0,1080,0
21/12/2021,5898,518,2231,2116,0,2752,0
21/12/2021,9385,585,3104,3382,0,1026,0
21/12/2021,7004,519,3544,1885,0,1678,0
21/12/2021,6991,567,3683,3495,0,2130,0
21/12/2021,7251,660,1932,2721,0,2542,0
21/12/2021,5390,485,3979,3749,0,2058,0
21/12/2021,5839,515,1674,2793,0,2604,0
21/12/2021,5630,694,2945,2150,0,2962,0
21/12/2021,9136,656,1059,2383,0,1557,0
21/12/2021,6221,556,2397,2291,0,2587,0
22/12/2021,7227,466,1498,3565,0,2539,0
22/12/2021,8166,457,1896,2568,0,1503,0
22/12/2021,7417,533,3032,1954,0,2106,0
22/12/2021,6626,335,1128,2659,0,1166,0
22/12/2021,8150,387,3762,2047,0,1617,0
22/12/2021,9151,396,2453,1002,0,2676,0
22/12/2021,5200,611,2502,3554,0,2851,0
22/12/2021,7435,615,1216,3052,0,2475,0
22/12/2021,7598,414,1833,1645,0,1151,0
22/12/2021,8403,449,1643,2272,0,2753,0
22/12/2021,6056,626,1693,3743,0,1298,0
22/12/2021,6582,472,1582,1146,0,2696,0
22/12/2021,8822,363,3853,3491,0,1677,0
22/12/2021,7130,385,1884,3549,0,2889,0
23/12/2021,6059,508,2197,3862,0,1901,0
23/12/2021,5450,319,1997,1993,0,1368,0
23/12/2021,6472,371,1843,1899,0,2543,0
23/12/2021,8813,386,3020,2220,0,1679,0
23/12/2021,7742,309,3460,3876,0,1238,0
23/12/2021,8177,469,3229,2935,0,1178,0
23/12/2021,6784,328,3078,2459,0,1686,0
23/12/2021,6736,322,1348,3916,0,1344,0
23/12/2021,7051,366,2375,3935,0,1129,0
23/12/2021,8409,310,2461,2874,0,1379,0
23/12/2021,7319,301,2510,2247,0,2091,0
23/12/2021,8365,422,1920,2715,0,1751,0
23/12/2021,9499,494,1259,2882,0,1482,0
23/12/2021,9423,542,1810,1286,0,1571,0
24/12/2021,5623,362,2217,2177,0,2466,0
24/12/2021,7919,451,3071,3239,0,2064,0
24/12/2021,9505,371,2094,2089,0,1418,0
24/12/2021,9594,663,2184,2354,0,2267,0
24/12/2021,7166,384,3790,2671,0,1576,0
24/12/2021,7910,653,2263,1822,0,2249,0
24/12/2021,5383,324,1717,2169,0,1397,0
24/12/2021,7437,467,2007,2172,0,2128,0
24/12/2021,7551,533,3491,2844,0,1515,0
24/12/2021,9004,335,1133,1847,0,1611,0
24/12/2021,9272,690,3370,1839,0,2600,0
24/12/2021,6095,541,1356,2604,0,1971,0
24/12/2021,5414,582,3433,2436,0,2621,0
24/12/2021,7831,596,1822,1007,0,2903,0
25/12/2021,8811,455,3257,1016,0,2292,0
25/12/2021,5801,567,2450,1291,0,2644,0
25/12/2021,5020,688,1288,3698,0,2929,0
25/12/2021,8458,544,2753,1290,0,1508,0
25/12/2021,8370,408,3440,2530,0,1914,0
25/12/2021,9555,683,2153,3911,0,2226,0
25/12/2021,8704,345,3538,3346,0,1179,0
25/12/2021,6618,423,1763,1218,0,2975,0
25/12/2021,9401,362,2613,1314,0,1231,0
25/12/2021,5329,319,1601,3654,0,1157,0
25/12/2021,7389,660,3917,2138,0,1807,0
25/12/2021,5783,494,3359,3595,0,1616,0
25/12/2021,5998,555,2316,2472,0,2621,0
25/12/2021,8156,605,3072,3230,0,2476,0
26/12/2021,5450,405,3164,1536,0,1313,0
26/12/2021,7565,459,2827,2926,0,2480,0
26/12/2021,5181,639,2450,2093,0,1117,0
26/12/2021,8077,448,3874,2211,0,1023,0
26/12/2021,9472,645,3883,3745,0,2844,0
26/12/2021,5927,573,1294,3192,0,2451,0
26/12/2021,8763,615,2626,2354,0,2193,0
26/12/2021,6032,663,2243,1860,0,1812,0
26/12/2021,9852,379,1134,1681,0,1537,0
26/12/2021,6940,666,3734,3932,0,1406,0
26/12/2021,6864,374,1581,2609,0,1693,0
26/12/2021,5070,446,2952,2507,0,2458,0
26/12/2021,8621,356,2743,2703,0,2388,0
26/12/2021,7399,669,1971,2997,0,2509,0
27/12/2021,6951,674,3530,1706,0,1754,0
27/12/2021,5377,538,2478,3557,0,2735,0
27/12/2021,8798,616,1228,1361,0,2508,0
27/12/2021,9950,639,1449,3699,0,2486,0
27/12/2021,6534,678,2807,3274,0,2668,0
27/12/2021,9679,437,1415,3308,0,1200,0
27/12/2021,6915,428,3211,3853,0,2360,0
27/12/2021,7135,548,3063,2317,0,1601,0
27/12/2021,9869,381,1325,2766,0,2573,0
27/12/2021,7797,315,1262,3208,0,2028,0
27/12/2021,9281,405,3532,2884,0,2678,0
27/12/2021,5993,526,3149,1689,0,2148,0
27/12/2021,9577,675,1676,1184,0,2663,0
27/12/2021,8858,405,1569,2374,0,2403,0
28/12/2021,7408,379,2584,2370,0,1049,0
28/12/2021,8661,653,1237,1977,0,2790,0
28/12/2021,6313,494,3544,2592,0,1736,0
28/12/2021,7226,353,3308,1860,0,2388,0
28/12/2021,9972,338,2323,2517,0,2565,0
28/12/2021,8973,575,1593,3500,0,1200,0
28/12/2021,8000,539,2188,1717,0,1856,0
28/12/2021,6764,384,1719,1238,0,1051,0
28/12/2021,7911,661,2786,2327,0,2554,0
28/12/2021,5200,650,2079,1908,0,1533,0
28/12/2021,6085,491,3520,3115,0,1752,0
28/12/2021,9643,466,3632,3686,0,2532,0
28/12/2021,7527,503,2303,1091,0,2171,0
28/12/2021,9347,498,2894,1880,0,2288,0
29/12/2021,6656,438,2040,3685,0,1768,0
29/12/2021,7377,606,1162,1724,0,1811,0
29/12/2021,8249,510,1481,1592,0,2845,0
29/12/2021,5217,652,3620,2730,0,2261,0
29/12/2021,8065,300,3608,2490,0,2141,0
29/12/2021,7393,337,1194,1534,0,2444,0
29/12/2021,7093,537,2306,3954,0,2676,0
29/12/2021,7457,668,2160,3673,0,1926,0
29/12/2021,5566,627,2490,3722,0,2749,0
29/12/2021,8327,532,2425,2151,0,1274,0
29/12/2021,9745,392,2308,1940,0,2864,0
29/12/2021,5059,514,1866,2022,0,2222,0
29/12/2021,5000,495,3054,2271,0,2881,0
29/12/2021,5973,363,2458,3267,0,1505,0
30/12/2021,8782,519,3867,3195,0,1598,0
30/12/2021,5707,555,1214,1763,0,2497,0
30/12/2021,7217,480,1688,1473,0,2367,0
30/12/2021,5071,582,3663,1432,0,2331,0
30/12/2021,9739,408,2766,3065,0,1316,0
30/12/2021,6149,673,1055,3922,0,1991,0
30/12/2021,7144,564,1480,3403,0,2384,0
30/12/2021,5483,344,1978,3707,0,1873,0
30/12/2021,7082,416,1042,2364,0,2514,0
30/12/2021,8272,304,1199,2958,0,2557,0
30/12/2021,6644,568,3021,1578,0,1720,0
30/12/2021,8387,695,3583,1182,0,1725,0
30/12/2021,8236,350,2156,2601,0,2267,0
30/12/2021,6630,336,1032,3674,0,1869,0
31/12/2021,7448,630,1579,3377,0,1100,0
31/12/2021,5054,530,3977,2475,0,2091,0
31/12/2021,7633,330,1794,2727,0,1284,0
31/12/2021,8428,585,3929,1933,0,2455,0
31/12/2021,8732,479,3734,3324,0,1625,0
31/12/2021,7808,554,1712,3615,0,2810,0
31/12/2021,8467,494,1598,2903,0,1834,0
31/12/2021,5899,357,2261,1092,0,1097,0
31/12/2021,8993,646,3499,1566,0,2334,0
31/12/2021,9355,356,2187,1827,0,1956,0
31/12/2021,7150,378,3828,3151,0,1422,0
31/12/2021,8317,386,1626,1110,0,2188,0
31/12/2021,7000,665,2909,3772,0,2261,0
31/12/2021,5810,671,2178,1224,0,2421,0
01/01/2022,8982,501,3920,1395,0,2554,0
01/01/2022,8599,549,3149,3187,0,1521,0
01/01/2022,6173,482,2677,2212,0,2241,0
01/01/2022,7109,670,3881,1718,0,2847,0
01/01/2022,5524,599,1764,2747,0,1134,0
01/01/2022,9256,447,3720,1193,0,1799,0
01/01/2022,8144,451,2837,3253,0,2909,0
01/01/2022,8231,471,3227,2144,0,1762,0
01/01/2022,6445,301,3698,1131,0,1570,0
01/01/2022,6753,632,3255,1396,0,2966,0
01/01/2022,5517,503,2241,1935,0,1781,0
01/01/2022,8448,394,1920,2796,0,2904,0
01/01/2022,8537,321,2494,3688,0,2375,0
01/01/2022,8405,475,3021,1070,0,1278,0
02/01/2022,8804,691,2919,3956,0,1769,0
02/01/2022,9896,629,2090,3870,0,2992,0
02/01/2022,9401,438,2183,2247,0,2863,0
02/01/2022,6628,627,1331,3622,0,2230,0
02/01/2022,5345,565,2796,3414,0,1693,0
02/01/2022,9295,473,2022,1839,0,2440,0
02/01/2022,9427,332,1250,3807,0,1103,0
02/01/2022,6777,410,3136,1586,0,2434,0
02/01/2022,8332,518,3683,1254,0,2926,0
02/01/2022,5032,429,2196,1404,0,1850,0
02/01/2022,8357,699,1629,3680,0,1573,0
02/01/2022,6730,517,3258,3426,0,2729,0
02/01/2022,7522,610,1408,2554,0,2746,0
02/01/2022,5609,405,1205,1323,0,2716,0
03/01/2022,6284,577,2454,3376,0,2589,0
03/01/2022,7982,600,1965,1720,0,1925,0
03/01/2022,8279,330,2141,1367,0,1701,0
03/01/2022,5963,332,1688,1844,0,2952,0
03/01/2022,9450,445,3336,2170,0,2490,0
03/01/2022,6888,378,3423,2045,0,2225,0
03/01/2022,7739,331,3412,3755,0,1158,0
03/01/2022,5702,474,1032,1906,0,1009,0
03/01/2022,6460,328,2184,1769,0,2808,0
03/01/2022,7837,692,1436,2583,0,2433,0
03/01/2022,6686,402,2260,3634,0,2492,0
03/01/2022,9621,623,3005,3311,0,2851,0
03/01/2022,6528,518,3479,2270,0,1250,0
03/01/2022,9978,442,3113,3411,0,2563,0
04/01/2022,5821,559,2832,1607,0,1801,0
04/01/2022,6479,327,3068,1410,0,2549,0
04/01/2022,8675,686,1084,1890,0,1677,0
04/01/2022,6071,349,1305,2143,0,2177,0
04/01/2022,6123,454,2978,1381,0,1835,0
04/01/2022,6817,356,1667,3692,0,2879,0
04/01/2022,7359,304,2984,3699,0,1606,0
04/01/2022,8292,555,2677,1447,0,1687,0
04/01/2022,7806,608,2792,1454,0,2955,0
04/01/2022,5630,381,2255,3606,0,2960,0
04/01/2022,7705,663,3333,2603,0,2754,0
04/01/2022,7712,497,2527,1644,0,2998,0
04/01/2022,6527,571,3725,1258,0,2951,0
04/01/2022,8019,508,1897,1393,0,1129,0
05/01/2022,8118,621,2942,3351,0,1920,0
05/01/2022,6232,349,1151,1248,0,2330,0
05/01/2022,5403,632,1390,1999,0,1227,0
05/01/2022,5017,624,3315,1658,0,1052,0
05/01/2022,7438,522,1210,2355,0,1799,0
05/01/2022,9782,435,3922,3870,0,2263,0
05/01/2022,9617,437,2075,2193,0,2301,0
05/01/2022,9262,517,1173,3628,0,1432,0
05/01/2022,8911,438,1698,1376,0,1409,0
05/01/2022,7521,560,3007,3449,0,2450,0
05/01/2022,6879,435,1263,3462,0,1510,0
05/01/2022,6601,330,1317,1224,0,2088,0
05/01/2022,9308,641,1734,1227,0,2049,0
05/01/2022,8980,335,1929,1718,0,2459,0
06/01/2022,8966,616,3967,3392,0,1528,0
06/01/2022,8598,405,2008,1520,0,1750,0
06/01/2022,6611,568,1029,2372,0,2556,0
06/01/2022,7330,535,2748,1769,0,1839,0
06/01/2022,8035,690,1051,3773,0,1002,0
06/01/2022,5769,332,1465,2900,0,2581,0
06/01/2022,6212,517,2178,2489,0,1463,0
06/01/2022,9153,660,1978,3012,0,1441,0
06/01/2022,5112,700,2253,2081,0,1522,0
06/01/2022,7414,479,2264,1065,0,2690,0
06/01/2022,7183,347,1781,3017,0,1102,0
06/01/2022,6066,398,2064,2761,0,1739,0
06/01/2022,5425,320,2354,2646,0,2093,0
06/01/2022,9294,378,3953,3976,0,2574,0
07/01/2022,5999,575,3246,3883,0,2940,0
07/01/2022,6397,660,2342,2165,0,2549,0
07/01/2022,8811,518,2345,1777,0,1817,0
07/01/2022,6653,345,3122,2223,0,2733,0
07/01/2022,9872,504,1286,3782,0,2526,0
07/01/2022,6168,673,1099,2978,0,1492,0
07/01/2022,9665,656,1970,2412,0,1919,0
07/01/2022,5913,636,3315,3688,0,2030,0
07/01/2022,9626,643,3442,2668,0,1774,0
07/01/2022,8827,652,1808,2535,0,1922,0
07/01/2022,7579,363,3516,3050,0,1832,0
07/01/2022,7803,411,1605,1263,0,1866,0
07/01/2022,6404,432,2364,2300,0,1764,0
07/01/2022,7880,647,3395,2002,0,1852,0
08/01/2022,8279,694,3839,3202,0,2846,0
08/01/2022,5668,302,3695,2180,0,2538,0
08/01/2022,9114,535,1786,3737,0,1642,0
08/01/2022,7542,370,3658,3670,0,1750,0
08/01/2022,9488,660,1565,2434,0,2668,0
08/01/2022,6990,641,1490,2690,0,1944,0
08/01/2022,5562,408,2045,3092,0,2147,0
08/01/2022,9359,491,1843,1197,0,2028,0
08/01/2022,5235,624,3662,1338,0,2996,0
08/01/2022,9089,666,2819,1483,0,2885,0
08/01/2022,9159,602,1279,3846,0,1424,0
08/01/2022,5450,481,2754,2916,0,1547,0
08/01/2022,5994,445,1407,1182,0,2431,0
08/01/2022,9096,554,1077,1154,0,1778,0
09/01/2022,6061,343,1067,3831,0,2578,0
09/01/2022,9614,488,1147,3319,0,2487,0
09/01/2022,7267,327,3529,1188,0,1454,0
09/01/2022,7932,565,2503,2410,0,1912,0
09/01/2022,9938,382,1219,3559,0,2667,0
09/01/2022,7464,609,3429,1087,0,1680,0
09/01/2022,5541,631,2021,2976,0,2103,0
09/01/2022,7350,309,2435,2206,0,1467,0
09/01/2022,9035,700,1639,2077,0,2746,0
09/01/2022,9385,546,3980,2910,0,2937,0
09/01/2022,6896,317,1193,1514,0,1531,0
09/01/2022,5729,645,3289,1998,0,1886,0
09/01/2022,7822,607,3713,1441,0,2767,0
10/01/2022,9278,328,1998,2188,0,1931,0
10/01/2022,7130,639,3874,3133,0,1471,0
10/01/2022,5510,508,2025,1758,0,1118,0
10/01/2022,8334,611,3731,1518,0,2399,0
10/01/2022,9351,525,3067,1951,0,2520,0
10/01/2022,5991,594,1824,2244,0,2518,0
10/01/2022,6752,586,1789,2696,0,2598,0
10/01/2022,7538,514,2266,1409,0,2833,0
10/01/2022,6084,320,1983,3418,0,1144,0
10/01/2022,9937,582,2253,2165,0,2787,0
10/01/2022,5650,444,2042,3447,0,2749,0
10/01/2022,5872,387,2610,2500,0,2227,0
10/01/2022,8367,479,3063,2196,0,1585,0
10/01/2022,9278,592,2610,1695,0,2917,0
11/01/2022,6375,697,2743,2150,0,2930,0
11/01/2022,7918,481,1036,1533,0,1957,0
11/01/2022,7753,615,3510,2485,0,1510,0
11/01/2022,7993,463,3475,2009,0,2841,0
11/01/2022,7398,466,2150,1226,0,1385,0
11/01/2022,7609,594,2396,2016,0,1594,0
11/01/2022,5097,381,2194,1690,0,2231,0
11/01/2022,7721,471,1366,2987,0,1666,0
11/01/2022,9422,550,3932,3806,0,2535,0
11/01/2022,6069,504,1239,1922,0,1056,0
11/01/2022,9863,493,2185,1091,0,1702,0
11/01/2022,9504,600,3636,2523,0,1058,0
11/01/2022,7461,639,3019,1397,0,1583,0
11/01/2022,6669,469,1971,2925,0,2880,0
12/01/2022,7655,493,2211,1828,0,2665,0
12/01/2022,9061,628,1784,1014,0,2679,0
12/01/2022,8383,664,2559,2586,0,1826,0
12/01/2022,9516,544,3685,1863,0,1187,0
12/01/2022,8964,595,1656,3733,0,1890,0
12/01/2022,7914,530,1484,2082,0,2051,0
12/01/2022,6885,309,3805,3052,0,1637,0
12/01/2022,9988,578,1729,3520,0,1935,0
12/01/2022,6246,690,2165,2454,0,1089,0
12/01/2022,8858,478,2447,3885,0,2494,0
12/01/2022,9966,558,3376,3646,0,2102,0
12/01/2022,6753,393,3560,3075,0,2517,0
12/01/2022,9836,490,2379,1666,0,1255,0
12/01/2022,7832,580,1583,3345,0,2818,0
13/01/2022,8323,412,2454,3003,0,2629,0
13/01/2022,5162,569,3747,3125,0,2170,0
13/01/2022,9963,517,1809,1483,0,2392,0
13/01/2022,7625,381,3368,2282,0,1190,0
13/01/2022,5518,670,1970,1767,0,2385,0
13/01/2022,5126,623,3805,2886,0,2149,0
13/01/2022,7697,395,1861,1433,0,1414,0
13/01/2022,6470,305,3096,2261,0,2697,0
13/01/2022,9076,591,2009,1897,0,2242,0
13/01/2022,5985,454,1494,3318,0,1909,0
13/01/2022,7217,688,3377,3842,0,1456,0
13/01/2022,7532,372,1788,2593,0,1714,0
13/01/2022,5150,472,3626,2162,0,1580,0
13/01/2022,7116,431,3943,2301,0,2308,0
14/01/2022,9065,629,2885,3681,0,2600,0
14/01/2022,8249,582,3948,2676,0,1426,0
14/01/2022,8897,557,1443,2817,0,2046,0
14/01/2022,7637,317,3166,3754,0,1832,0
14/01/2022,7723,453,2736,3353,0,1527,0
14/01/2022,7790,400,3096,3943,0,2387,0
14/01/2022,6913,397,2420,3042,0,1905,0
14/01/2022,8412,661,3949,1494,0,2614,0
14/01/2022,6914,516,3590,3699,0,1203,0
14/01/2022,6227,507,1560,3230,0,2234,0
14/01/2022,7124,353,2941,2344,0,2626,0
14/01/2022,8238,639,2907,3960,0,2619,0
14/01/2022,5755,432,3079,3410,0,1883,0
14/01/2022,5406,494,2463,3246,0,2931,0
15/01/2022,7273,347,3577,2693,0,2858,0
15/01/2022,5666,615,3253,1819,0,2734,0
15/01/2022,9923,651,1933,2026,0,1485,0
15/01/2022,7798,655,2926,2704,0,1037,0
15/01/2022,8679,593,2121,3623,0,1700,0
15/01/2022,8856,527,2261,3234,0,2580,0
15/01/2022,9994,390,3833,2632,0,1860,0
15/01/2022,9517,690,2894,1228,0,2072,0
15/01/2022,9908,421,1860,3225,0,1715,0
15/01/2022,8143,550,2235,1693,0,2724,0
15/01/2022,5068,520,1369,2998,0,1687,0
15/01/2022,9688,395,2735,1149,0,1238,0
15/01/2022,8014,399,3534,1593,0,2605,0
15/01/2022,9743,540,1981,3906,0,2150,0
16/01/2022,9993,304,2516,1395,0,2796,0
16/01/2022,9514,477,1661,2136,0,1831,0
16/01/2022,8136,496,2661,3660,0,2812,0
16/01/2022,8213,409,1580,3139,0,1144,0
16/01/2022,9536,361,3870,1118,0,1664,0
16/01/2022,6855,306,2369,2060,0,2226,0
16/01/2022,6717,516,1139,1976,0,1814,0
16/01/2022,9202,433,2985,2025,0,1014,0
16/01/2022,6780,677,2535,3047,0,1773,0
16/01/2022,5465,474,3281,3444,0,2562,0
16/01/2022,8683,616,2383,1673,0,1858,0
16/01/2022,7581,510,1617,2988,0,1906,0
16/01/2022,5714,494,2150,2712,0,1185,0
17/01/2022,7664,357,3547,1995,0,1172,0
17/01/2022,9544,484,1850,3870,0,2174,0
17/01/2022,6060,366,3995,1848,0,1048,0
17/01/2022,7180,504,3001,1401,0,2455,0
17/01/2022,8976,312,3359,2521,0,1850,0
17/01/2022,5036,632,3696,2641,0,2389,0
17/01/2022,9620,684,2933,1282,0,2726,0
17/01/2022,6073,525,1252,2153,0,3000,0
17/01/2022,6220,523,2651,2892,0,1076,0
17/01/2022,9948,379,3689,3634,0,1613,0
17/01/2022,9784,422,1010,2909,0,2328,0
17/01/2022,5343,623,2019,2823,0,2114,0
17/01/2022,9859,602,1387,2149,0,2384,0
17/01/2022,8433,472,2097,1649,0,1054,0
18/01/2022,6141,473,3922,1832,0,1000,0
18/01/2022,8672,457,1887,3186,0,1004,0
18/01/2022,7563,427,3514,3761,0,2616,0
18/01/2022,6433,370,2360,2044,0,1706,0
18/01/2022,7468,664,1889,3929,0,2650,0
18/01/2022,7004,348,1166,2233,0,1615,0
18/01/2022,9002,346,2866,3397,0,2324,0
18/01/2022,9840,358,2164,1272,0,1325,0
18/01/2022,5296,465,3079,1323,0,2800,0
18/01/2022,5072,325,2140,3486,0,1966,0
18/01/2022,7066,575,1616,1435,0,1628,0
18/01/2022,6415,443,1482,3774,0,1888,0
18/01/2022,7738,332,1271,3773,0,1364,0
18/01/2022,7580,434,1235,2641,0,1899,0
19/01/2022,9766,565,1815,1805,0,2269,0
19/01/2022,5481,639,3821,1205,0,1656,0
19/01/2022,7880,447,1022,3927,0,1664,0
19/01/2022,5172,442,1028,3590,0,1948,0
19/01/2022,9950,592,3009,3669,0,1997,0
19/01/2022,7349,488,3354,3723,0,2021,0
19/01/2022,9230,504,2063,3884,0,2619,0
19/01/2022,5396,382,3918,2331,0,1237,0
19/01/2022,8857,524,1689,3859,0,2214,0
19/01/2022,6894,632,1168,2623,0,2270,0
19/01/2022,7276,456,1743,1938,0,2764,0
19/01/2022,8819,644,1021,3273,0,2490,0
19/01/2022,8226,573,2251,3012,0,2242,0
19/01/2022,7788,369,2198,3202,0,1332,0
20/01/2022,9863,654,1690,2767,0,1247,0
20/01/2022,5964,604,2587,3283,0,2134,0
20/01/2022,9851,409,3547,2650,0,2714,0
20/01/2022,7486,632,3857,1326,0,1688,0
20/01/2022,9323,489,2218,1167,0,1737,0
20/01/2022,6202,415,1307,3786,0,1635,0
20/01/2022,7626,419,3716,2274,0,1248,0
20/01/2022,5323,391,1891,3047,0,2970,0
20/01/2022,8446,640,2546,1973,0,2933,0
20/01/2022,9151,429,3420,1185,0,1020,0
20/01/2022,8153,536,1393,2086,0,1180,0
20/01/2022,5283,354,1921,1812,0,2349,0
20/01/2022,8396,395,1340,3415,0,1274,0
20/01/2022,8903,578,2905,2898,0,2806,0
21/01/2022,6071,433,3081,3709,0,2141,0
21/01/2022,9587,542,2382,2850,0,1564,0
21/01/2022,6777,556,3726,1468,0,1618,0
21/01/2022,5709,351,3304,3981,0,2934,0
21/01/2022,7858,375,1878,3138,0,2861,0
21/01/2022,7266,572,3882,3963,0,2038,0
21/01/2022,6022,382,1382,3585,0,2906,0
21/01/2022,9976,589,1532,2012,0,2107,0
21/01/2022,6051,595,2983,3698,0,1808,0
21/01/2022,5946,401,1667,2625,0,1551,0
21/01/2022,6806,332,3156,3936,0,2958,0
21/01/2022,5472,361,1229,1594,0,1623,0
21/01/2022,9034,364,1156,2588,0,1026,0
21/01/2022,7723,332,3945,3973,0,1437,0
22/01/2022,8244,584,2608,3240,0,1564,0
22/01/2022,9971,685,1186,1550,0,1567,0
22/01/2022,5300,516,1128,2119,0,2944,0
22/01/2022,8260,402,1121,3451,0,1495,0
22/01/2022,7438,308,3169,3136,0,1113,0
22/01/2022,8213,687,2593,1297,0,2128,0
22/01/2022,7285,384,2055,1174,0,2422,0
22/01/2022,9328,596,1365,2889,0,1572,0
22/01/2022,9232,314,1842,3768,0,1983,0
22/01/2022,5019,518,1513,3224,0,1269,0
22/01/2022,8606,658,2876,2580,0,1277,0
22/01/2022,5932,661,2928,2716,0,2706,0
22/01/2022,7121,394,1815,3976,0,2348,0
22/01/2022,6162,552,1527,3898,0,1347,0
23/01/2022,9694,578,1992,2923,0,2011,0
23/01/2022,7074,310,1830,1350,0,2915,0
23/01/2022,9927,593,3594,1557,0,1984,0
23/01/2022,7986,607,3046,1955,0,2145,0
23/01/2022,7103,410,2549,1173,0,2890,0
23/01/2022,7751,458,1818,3324,0,2302,0
23/01/2022,9579,530,2135,1023,0,2026,0
23/01/2022,7153,629,1763,3105,0,2712,0
23/01/2022,8197,318,3340,3237,0,1331,0
23/01/2022,5836,631,3857,3458,0,1813,0
23/01/2022,7286,340,2894,2035,0,2878,0
23/01/2022,7567,658,1657,1845,0,1989,0
23/01/2022,5693,526,3704,3103,0,1125,0
24/01/2022,6103,344,2644,1981,0,1144,0
24/01/2022,9768,315,3903,2704,0,2338,0
24/01/2022,8326,335,1858,3272,0,1416,0
24/01/2022,9911,692,2405,2805,0,2703,0
24/01/2022,9979,331,1103,2751,0,1682,0
24/01/2022,9745,667,3088,2599,0,2413,0
24/01/2022,8931,508,2037,1590,0,1888,0
24/01/2022,5690,350,3877,3927,0,1034,0
24/01/2022,6556,599,1037,1337,0,1971,0
24/01/2022,9820,515,1364,3457,0,1002,0
24/01/2022,7083,600,3768,1215,0,1255,0
24/01/2022,9256,577,3338,2400,0,1899,0
24/01/2022,6614,700,1385,2607,0,2761,0
25/01/2022,5621,695,2759,2620,0,2892,0
25/01/2022,5216,551,1711,2074,0,2470,0
25/01/2022,6658,397,2330,1305,0,2505,0
25/01/2022,7678,472,1910,3517,0,2819,0
25/01/2022,9411,587,3231,2196,0,2665,0
25/01/2022,6617,309,3480,2871,0,2917,0
25/01/2022,8663,494,2813,1961,0,1828,0
25/01/2022,6013,370,2269,2914,0,1613,0
25/01/2022,6400,311,3782,2118,0,1530,0
25/01/2022,8733,636,2818,2332,0,1795,0
25/01/2022,5888,616,3841,3791,0,2473,0
25/01/2022,8775,669,3269,1818,0,2004,0
25/01/2022,5746,518,3345,3703,0,2835,0
26/01/2022,7569,679,3572,3581,0,2770,0
26/01/2022,6996,597,1405,2301,0,2932,0
26/01/2022,8473,304,3266,3890,0,1652,0
26/01/2022,8721,310,2003,1407,0,2318,0
26/01/2022,7781,532,3509,1141,0,2757,0
26/01/2022,6734,441,3746,2828,0,2759,0
26/01/2022,6052,439,3516,1617,0,2154,0
26/01/2022,7168,649,3168,3544,0,1272,0
26/01/2022,5907,404,3360,1434,0,2883,0
26/01/2022,6832,309,1490,3616,0,1187,0
26/01/2022,6684,645,1649,2076,0,1734,0
26/01/2022,5158,358,2438,3249,0,2103,0
26/01/2022,7859,525,2855,3074,0,1404,0
27/01/2022,6369,413,1551,2621,0,1886,0
27/01/2022,6750,648,2166,2956,0,1902,0
27/01/2022,5257,645,1583,3698,0,1616,0
27/01/2022,8519,412,1346,2828,0,2131,0
27/01/2022,7676,593,3752,3402,0,1505,0
27/01/2022,5511,405,1181,3564,0,1589,0
27/01/2022,7384,668,1314,2446,0,2655,0
27/01/2022,8147,495,1622,1365,0,1651,0
27/01/2022,8886,338,3995,2163,0,2591,0
27/01/2022,5657,301,1747,2976,0,2887,0
27/01/2022,5089,642,3671,3394,0,2321,0
27/01/2022,7844,612,3061,2936,0,1223,0
27/01/2022,8557,416,1614,3905,0,2958,0
28/01/2022,8624,644,2139,3390,0,1481,0
28/01/2022,5122,520,1693,2275,0,2786,0
28/01/2022,8161,529,3996,2519,0,2531,0
28/01/2022,8645,616,1482,1274,0,1941,0
28/01/2022,5805,492,3314,1023,0,1972,0
28/01/2022,9018,389,2182,1217,0,1082,0
28/01/2022,6130,617,1790,3966,0,2718,0
28/01/2022,5206,651,1858,3644,0,1899,0
28/01/2022,8680,693,1882,1778,0,2334,0
28/01/2022,5428,413,1175,2506,0,2566,0
28/01/2022,9329,589,2551,3686,0,2155,0
28/01/2022,9166,497,3649,2121,0,2196,0
28/01/2022,7270,409,2667,3804,0,2014,0
29/01/2022,5401,633,1890,2068,0,1866,0
29/01/2022,7635,423,2284,2268,0,1149,0
29/01/2022,5842,476,3615,2058,0,1252,0
29/01/2022,6731,570,2500,2904,0,2629,0
29/01/2022,9257,536,3074,3583,0,2264,0
29/01/2022,8194,479,1164,2308,0,2841,0
29/01/2022,5097,626,3524,3956,0,2608,0
29/01/2022,7030,560,3822,3319,0,1362,0
29/01/2022,7415,689,3525,3816,0,1813,0
29/01/2022,9761,539,2866,1882,0,2249,0
29/01/2022,5453,360,1309,2812,0,1110,0
29/01/2022,9055,457,3822,3558,0,2920,0
29/01/2022,6312,331,1368,1744,0,2170,0
30/01/2022,7751,542,1954,2002,0,1002,0
30/01/2022,5390,546,1983,2231,0,1911,0
30/01/2022,5523,616,1904,1519,0,1481,0
30/01/2022,8696,443,2089,3335,0,1263,0
30/01/2022,8961,441,3404,1112,0,2912,0
30/01/2022,5430,354,1594,1654,0,1855,0
30/01/2022,9118,607,3057,1754,0,1641,0
30/01/2022,9578,522,2967,2941,0,2466,0
30/01/2022,9603,396,3231,2855,0,2994,0
30/01/2022,9112,457,3786,3349,0,1382,0
30/01/2022,7634,424,2299,1862,0,1839,0
30/01/2022,8276,536,2260,3886,0,2672,0
31/01/2022,7614,489,1382,2645,0,1834,0
31/01/2022,5413,545,1319,2419,0,2946,0
31/01/2022,7194,476,3385,3398,0,1778,0
31/01/2022,8758,315,2199,2217,0,2226,0
31/01/2022,5886,461,2329,3054,0,1639,0
31/01/2022,5684,308,1883,1319,0,2446,0
31/01/2022,6868,641,1558,3507,0,1253,0
31/01/2022,5259,648,2902,1974,0,2284,0
31/01/2022,7759,390,2683,2838,0,2152,0
31/01/2022,7689,672,3983,2886,0,2317,0
31/01/2022,8479,302,3663,1301,0,1159,0
31/01/2022,9745,537,3067,3606,0,2429,0
31/01/2022,6256,370,2765,1961,0,2817,0
31/01/2022,6817,698,3913,3040,0,1260,0
31/01/2022,9549,529,2987,1395,0,1545,0
01/02/2022,9024,386,1980,3602,0,2580,0
01/02/2022,5609,452,1384,2183,0,2702,0
01/02/2022,7190,410,2963,3554,0,1187,0
01/02/2022,6218,395,3551,3519,0,2827,0
01/02/2022,8748,632,1952,3810,0,1301,0
01/02/2022,9741,621,1173,3529,0,1108,0
01/02/2022,7459,350,1966,1772,0,1253,0
01/02/2022,6056,352,1279,2680,0,1583,0
01/02/2022,5604,400,3933,1498,0,2287,0
01/02/2022,5847,561,3773,2073,0,2845,0
01/02/2022,8729,656,2168,1048,0,2394,0
01/02/2022,7428,302,3854,2769,0,2078,0
01/02/2022,6545,415,3168,2431,0,2960,0
01/02/2022,6428,464,1719,2226,0,1669,0
02/02/2022,6905,699,3671,1718,0,2130,0
02/02/2022,9433,604,1787,3297,0,2624,0
02/02/2022,8240,675,3523,2039,0,1113,0
02/02/2022,5960,341,2893,3065,0,1910,0
02/02/2022,6235,680,3764,3759,0,2448,0
02/02/2022,7092,303,2486,1800,0,2206,0
02/02/2022,7276,552,2749,2463,0,1629,0
02/02/2022,5990,507,3668,2757,0,2580,0
02/02/2022,7337,698,3595,1362,0,1591,0
02/02/2022,9793,398,2057,2970,0,1217,0
02/02/2022,8169,651,1054,1089,0,1237,0
02/02/2022,5025,688,2199,3489,0,1873,0
02/02/2022,8317,558,3514,2367,0,1154,0
02/02/2022,5800,623,2101,2458,0,1582,0
03/02/2022,7402,635,2786,2755,0,1838,0
03/02/2022,6792,631,3966,2952,0,2680,0
03/02/2022,8190,455,1624,1153,0,2268,0
03/02/2022,9835,362,3562,3762,0,1264,0
03/02/2022,6054,397,1407,3210,0,2303,0
03/02/2022,5980,585,3563,2901,0,1870,0
03/02/2022,8559,523,2417,1094,0,2764,0
03/02/2022,8034,329,2190,3488,0,2933,0
03/02/2022,9585,432,3939,3928,0,1651,0
03/02/2022,7297,680,1675,1839,0,2205,0
03/02/2022,7557,354,3406,2593,0,1426,0
03/02/2022,9385,366,1067,3668,0,2058,0
03/02/2022,6530,659,1857,2570,0,2634,0
03/02/2022,5975,310,1735,1884,0,1488,0
04/02/2022,8853,535,2522,2830,0,1533,0
04/02/2022,5532,401,2252,1854,0,2884,0
04/02/2022,8961,411,3143,3255,0,2443,0
04/02/2022,6966,320,2349,3888,0,1385,0
04/02/2022,7040,416,1247,2486,0,2278,0
04/02/2022,7519,484,2667,3282,0,1651,0
04/02/2022,7444,434,3255,1026,0,2002,0
04/02/2022,8563,618,1795,2912,0,1490,0
04/02/2022,7895,513,1914,3611,0,1095,0
04/02/2022,7570,517,1781,3977,0,1497,0
04/02/2022,6440,677,3560,3210,0,2416,0
04/02/2022,5328,648,1558,3534,0,2614,0
04/02/2022,8023,507,3141,1249,0,1319,0
04/02/2022,6991,487,3874,2208,0,2396,0
05/02/2022,5832,483,2285,3855,0,1392,0
05/02/2022,9635,482,2077,2494,0,1121,0
05/02/2022,6821,590,1403,2668,0,1417,0
05/02/2022,7521,675,2214,1068,0,1136,0
05/02/2022,7218,509,2827,2762,0,2651,0
05/02/2022,5369,586,1713,3336,0,1187,0
05/02/2022,8236,516,2268,1918,0,2173,0
05/02/2022,7693,342,2554,3220,0,1630,0
05/02/2022,7590,302,2944,1992,0,2815,0
05/02/2022,8059,365,1211,1419,0,1580,0
05/02/2022,7895,548,3885,2914,0,2781,0
05/02/2022,6157,331,2333,3666,0,1275,0
05/02/2022,5650,574,3251,1279,0,2058,0
05/02/2022,8919,542,1294,2830,0,2938,0
06/02/2022,6174,700,3174,1516,0,2833,0
06/02/2022,8326,394,3198,3016,0,1585,0
06/02/2022,8523,680,3515,3237,0,1599,0
06/02/2022,8925,407,3836,1705,0,1269,0
06/02/2022,5603,445,2185,3004,0,1739,0
06/02/2022,9038,674,1075,3097,0,1178,0
06/02/2022,8393,534,1340,3354,0,2535,0
06/02/2022,5447,360,1788,3569,0,2402,0
06/02/2022,5935,370,1101,2636,0,1856,0
06/02/2022,6441,485,3606,3205,0,1997,0
06/02/2022,7747,457,2252,1785,0,1246,0
06/02/2022,8973,407,2276,2490,0,1748,0
06/02/2022,9900,402,2487,1474,0,1353,0
07/02/2022,5401,342,1848,3723,0,2975,0
07/02/2022,5876,459,2139,3278,0,1912,0
07/02/2022,8810,389,1797,2040,0,1228,0
07/02/2022,5222,485,3209,2186,0,1159,0
07/02/2022,8405,448,2590,2897,0,2200,0
07/02/2022,5354,369,1080,1724,0,1843,0
07/02/2022,7020,327,1909,2947,0,2864,0
07/02/2022,8432,375,1256,1027,0,1430,0
07/02/2022,8361,324,2322,3915,0,2273,0
07/02/2022,8088,460,2121,3440,0,2829,0
07/02/2022,6601,495,3759,3592,0,1051,0
07/02/2022,9515,425,2360,2884,0,1056,0
07/02/2022,7991,339,1938,3744,0,1556,0
08/02/2022,5478,449,2808,2877,0,2591,0
08/02/2022,5830,405,1956,3012,0,2748,0
08/02/2022,7571,581,2274,1069,0,2996,0
08/02/2022,5136,495,1525,2350,0,2015,0
08/02/2022,9717,584,2472,3618,0,2038,0
08/02/2022,9901,459,1354,1364,0,2694,0
08/02/2022,7368,533,3024,3899,0,1132,0
08/02/2022,5858,425,3308,1344,0,2264,0
08/02/2022,5622,301,1060,1706,0,1589,0
08/02/2022,9652,307,3722,1912,0,1688,0
08/02/2022,8751,614,2731,1085,0,2738,0
08/02/2022,5474,650,1430,3010,0,2062,0
08/02/2022,5241,537,2258,1163,0,2388,0
09/02/2022,9841,471,2456,2433,0,2265,0
09/02/2022,9408,577,3416,1923,0,2253,0
09/02/2022,8827,586,1566,2765,0,1020,0
09/02/2022,5392,556,3072,2359,0,2432,0
09/02/2022,7576,383,3497,2838,0,2257,0
09/02/2022,8480,464,2956,1350,0,2654,0
09/02/2022,9545,318,2370,3521,0,2097,0
09/02/2022,8447,639,2572,2951,0,2250,0
09/02/2022,7048,578,3479,3431,0,2314,0
09/02/2022,9317,675,3807,3401,0,2462,0
09/02/2022,5193,502,3155,2477,0,2472,0
09/02/2022,6257,474,3644,2587,0,2214,0
09/02/2022,5822,501,2242,2702,0,1467,0
10/02/2022,5575,556,3886,2789,0,1436,0
10/02/2022,9153,361,3530,2852,0,1996,0
10/02/2022,9602,440,1011,1584,0,1597,0
10/02/2022,8931,482,3684,3951,0,1174,0
10/02/2022,5894,654,2599,3411,0,1588,0
10/02/2022,7723,415,2266,3598,0,1514,0
10/02/2022,9385,515,2788,2614,0,2747,0
10/02/2022,7787,350,2353,1236,0,1197,0
10/02/2022,5982,587,3265,1777,0,2019,0
10/02/2022,5456,406,3679,3985,0,1490,0
10/02/2022,7164,533,2085,2789,0,1405,0
10/02/2022,6563,640,3344,2343,0,1445,0
10/02/2022,6715,550,3971,3798,0,2580,0
10/02/2022,8005,642,3561,3234,0,2858,0
11/02/2022,9481,514,2226,2238,0,2909,0
11/02/2022,8805,324,3023,2132,0,2264,0
11/02/2022,6046,303,3417,2866,0,1061,0
11/02/2022,9601,496,3473,1552,0,1142,0
11/02/2022,9359,367,1164,1472,0,2488,0
11/02/2022,8043,431,1286,1027,0,1697,0
11/02/2022,8181,444,2030,3342,0,2932,0
11/02/2022,6451,356,3467,1047,0,1063,0
11/02/2022,7799,637,1455,3474,0,2904,0
11/02/2022,9838,328,1885,1790,0,2561,0
11/02/2022,7534,670,1518,3846,0,2936,0
11/02/2022,5150,479,2355,1398,0,1634,0
11/02/2022,9774,639,3271,1945,0,1556,0
11/02/2022,9083,314,2590,3239,0,2879,0
12/02/2022,8960,324,1902,1770,0,1999,0
12/02/2022,6714,595,1210,1678,0,1546,0
12/02/2022,5177,399,3484,1897,0,1836,0
12/02/2022,7856,326,1374,2152,0,2604,0
12/02/2022,8789,681,2459,3655,0,2409,0
12/02/2022,7742,541,1540,3079,0,1012,0
12/02/2022,6746,528,3989,2694,0,1191,0
12/02/2022,5213,372,3955,3457,0,1315,0
12/02/2022,6404,569,1968,1395,0,2241,0
12/02/2022,7758,440,1061,3208,0,2739,0
12/02/2022,7306,510,3494,1753,0,1230,0
12/02/2022,5522,421,2262,2042,0,1966,0
12/02/2022,7518,419,1585,3345,0,2262,0
12/02/2022,5958,578,1925,3089,0,1375,0
13/02/2022,7915,526,3208,2632,0,1929,0
13/02/2022,7711,395,2295,2094,0,1110,0
13/02/2022,6361,663,2764,1581,0,1801,0
13/02/2022,5431,646,3703,3724,0,1464,0
13/02/2022,8987,343,3239,1496,0,1119,0
13/02/2022,8146,608,3273,2088,0,1791,0
13/02/2022,6070,539,3835,3332,0,2855,0
13/02/2022,7280,322,2939,3820,0,1144,0
13/02/2022,9245,433,2104,3168,0,1670,0
13/02/2022,5524,652,2997,3598,0,1270,0
13/02/2022,9890,410,3660,2198,0,2906,0
13/02/2022,8640,700,2414,3213,0,1736,0
13/02/2022,6411,586,1366,2817,0,2552,0
14/02/2022,6653,516,3786,2716,0,2339,0
14/02/2022,7475,516,2270,3010,0,2561,0
14/02/2022,6421,376,1826,3444,0,1217,0
14/02/2022,9276,432,3465,2576,0,2174,0
14/02/2022,9323,561,1438,1693,0,2116,0
14/02/2022,9593,629,2625,3081,0,2206,0
14/02/2022,6893,448,2249,1924,0,2167,0
14/02/2022,8611,685,1686,3337,0,2761,0
14/02/2022,5644,476,1692,1258,0,1875,0
14/02/2022,8501,310,2853,2994,0,2771,0
14/02/2022,5207,670,2483,1292,0,1198,0
14/02/2022,9956,606,1876,3742,0,1727,0
14/02/2022,9040,601,2658,2719,0,1174,0
14/02/2022,9924,454,3868,3985,0,1467,0
15/02/2022,8220,319,2558,1568,0,2614,0
15/02/2022,8520,591,1952,2430,0,2653,0
15/02/2022,9338,320,2650,1720,0,1225,0
15/02/2022,7871,656,2323,1941,0,1152,0
15/02/2022,6055,455,3708,2782,0,1689,0
15/02/2022,6193,434,1978,2381,0,1117,0
15/02/2022,9941,441,3488,3117,0,2236,0
15/02/2022,9596,534,3820,3838,0,2725,0
15/02/2022,9042,305,3274,1631,0,1225,0
15/02/2022,6088,450,1447,1768,0,1059,0
15/02/2022,7377,688,2959,2844,0,2463,0
15/02/2022,8796,636,2022,2441,0,1328,0
15/02/2022,5782,627,1620,1867,0,2837,0
15/02/2022,7103,524,1013,1485,0,2872,0
16/02/2022,6702,650,1321,3192,0,2211,0
16/02/2022,5125,406,2847,1709,0,1151,0
16/02/2022,7354,525,1089,1878,0,1216,0
16/02/2022,7801,429,3527,1209,0,1568,0
16/02/2022,5748,573,1480,3945,0,1459,0
16/02/2022,7963,498,1408,2930,0,1159,0
16/02/2022,6966,431,1981,2887,0,1321,0
16/02/2022,8905,664,2479,3331,0,2286,0
16/02/2022,7216,415,1311,3248,0,2089,0
16/02/2022,5351,470,2265,3732,0,2101,0
16/02/2022,5487,573,3096,1013,0,1310,0
16/02/2022,5509,371,1323,3743,0,2873,0
16/02/2022,6563,444,3228,2276,0,1756,0
16/02/2022,5016,517,1922,1699,0,2734,0
17/02/2022,9998,342,2980,3393,0,2122,0
17/02/2022,9936,551,2434,3102,0,2538,0
17/02/2022,5734,526,3373,2924,0,2090,0
17/02/2022,9693,305,3763,3414,0,1955,0
17/02/2022,5822,448,3542,3338,0,2481,0
17/02/2022,7659,586,2307,3870,0,1637,0
17/02/2022,6539,474,2813,2617,0,2991,0
17/02/2022,8613,667,3947,1503,0,1044,0
17/02/2022,9826,301,1870,2241,0,1333,0
17/02/2022,6378,466,2945,1031,0,2227,0
17/02/2022,9409,312,2147,1406,0,1805,0
17/02/2022,8649,619,3981,3815,0,1591,0
17/02/2022,5005,398,1359,1692,0,2097,0
17/02/2022,9020,431,2269,1616,0,2540,0
18/02/2022,9415,566,1599,3791,0,1182,0
18/02/2022,5198,699,3613,3669,0,2901,0
18/02/2022,9212,452,2256,3030,0,2787,0
18/02/2022,9855,351,1175,3582,0,2063,0
18/02/2022,5352,693,1318,3423,0,1996,0
18/02/2022,8748,413,3891,3999,0,2396,0
18/02/2022,6685,611,1309,3648,0,2067,0
18/02/2022,5377,432,3575,1132,0,2357,0
18/02/2022,6469,386,2382,1073,0,1449,0
18/02/2022,7530,518,2436,2823,0,1899,0
18/02/2022,9753,463,2969,2363,0,1080,0
18/02/2022,7662,476,1469,2677,0,1450,0
18/02/2022,5037,578,1827,3600,0,2147,0
18/02/2022,5941,634,2956,1762,0,1881,0
19/02/2022,8239,621,1331,3105,0,1250,0
19/02/2022,8499,619,1494,2504,0,2241,0
19/02/2022,7833,555,2488,1475,0,1710,0
19/02/2022,9409,484,3120,2956,0,2924,0
19/02/2022,9685,630,1264,2594,0,1865,0
19/02/2022,9894,575,2210,2670,0,1969,0
19/02/2022,8067,660,1470,3844,0,2070,0
19/02/2022,7496,499,2081,2760,0,2777,0
19/02/2022,9949,438,1397,2472,0,1231,0
19/02/2022,6917,488,1483,2308,0,1616,0
19/02/2022,5326,691,3625,3121,0,1933,0
19/02/2022,8388,611,2623,2180,0,1418,0
19/02/2022,8519,363,2728,1133,0,2393,0
19/02/2022,8012,402,1060,1402,0,2717,0
20/02/2022,8411,679,1263,2906,0,1703,0
20/02/2022,6805,618,1177,2846,0,2700,0
20/02/2022,5705,411,2512,2950,0,2187,0
20/02/2022,5115,635,3724,3089,0,2598,0
20/02/2022,9226,626,2420,1154,0,1135,0
20/02/2022,7173,646,3091,1160,0,2806,0
20/02/2022,9961,605,3755,1701,0,2818,0
20/02/2022,9580,601,1406,3697,0,1477,0
20/02/2022,6748,400,2248,3905,0,2824,0
20/02/2022,5941,643,1936,2013,0,1935,0
20/02/2022,6976,576,3444,1426,0,2606,0
20/02/2022,9193,694,3026,3029,0,1046,0
20/02/2022,9181,509,3608,1934,0,2427,0
21/02/2022,5633,493,2771,3647,0,1366,0
21/02/2022,8038,515,1495,1192,0,2179,0
21/02/2022,5022,404,1315,3464,0,1865,0
21/02/2022,5852,303,3787,3817,0,2115,0
21/02/2022,6015,484,2697,2798,0,2182,0
21/02/2022,7826,658,3760,2393,0,1827,0
21/02/2022,8836,602,2637,3955,0,1784,0
21/02/2022,5126,508,2856,1767,0,1317,0
21/02/2022,8577,352,2161,3580,0,1145,0
21/02/2022,9004,688,1313,2821,0,2037,0
21/02/2022,9454,431,1202,2614,0,2463,0
21/02/2022,9871,599,3192,2818,0,1380,0
21/02/2022,6100,609,3899,2256,0,2204,0
21/02/2022,7984,434,2280,2704,0,2201,0
22/02/2022,5623,473,1021,2784,0,1325,0
22/02/2022,9547,591,3598,3853,0,1319,0
22/02/2022,6897,557,2512,1922,0,2210,0
22/02/2022,9004,487,2035,2334,0,2382,0
22/02/2022,7446,683,2376,1000,0,1259,0
22/02/2022,9193,344,2889,3218,0,1882,0
22/02/2022,7352,359,2451,2476,0,2751,0
22/02/2022,5123,600,1122,2419,0,2047,0
22/02/2022,6234,491,3897,1087,0,2516,0
22/02/2022,9795,601,1602,1964,0,2025,0
22/02/2022,7723,371,2952,2428,0,1506,0
22/02/2022,6127,668,3720,1315,0,1400,0
22/02/2022,9289,682,3990,1476,0,1192,0
22/02/2022,8483,646,3628,2956,0,2789,0
23/02/2022,6259,453,1543,2183,0,1650,0
23/02/2022,5215,698,3185,1191,0,1907,0
23/02/2022,7383,348,1768,1975,0,1715,0
23/02/2022,8039,410,1255,3056,0,1275,0
23/02/2022,5530,528,1438,2025,0,2536,0
23/02/2022,8167,576,1917,1577,0,2522,0
23/02/2022,6944,372,3784,4000,0,1888,0
23/02/2022,9819,556,3143,2191,0,2913,0
23/02/2022,9865,619,3064,2046,0,1467,0
23/02/2022,7002,348,3071,1686,0,1640,0
23/02/2022,7185,604,3266,2395,0,1292,0
23/02/2022,5449,421,1696,2983,0,1463,0
23/02/2022,5520,684,2829,1161,0,2635,0
23/02/2022,7630,543,3579,2493,0,1155,0
24/02/2022,9954,564,3494,3963,0,1361,0
24/02/2022,6852,611,2846,2523,0,1162,0
24/02/2022,6009,445,1101,1510,0,2466,0
24/02/2022,6992,582,2674,3386,0,2025,0
24/02/2022,9494,646,3725,2328,0,2003,0
24/02/2022,9533,400,3604,1095,0,1709,0
24/02/2022,9606,311,1436,3134,0,2380,0
24/02/2022,7450,464,1534,2556,0,1907,0
24/02/2022,8341,475,3992,1917,0,2938,0
24/02/2022,5054,687,1880,3928,0,1125,0
24/02/2022,6607,455,3125,3187,0,2480,0
24/02/2022,6123,415,3383,1815,0,2802,0
24/02/2022,6074,632,3277,3041,0,1392,0
24/02/2022,6831,401,2913,3973,0,2443,0
25/02/2022,8480,697,3916,2048,0,1248,0
25/02/2022,5995,447,3330,3183,0,2716,0
25/02/2022,5887,653,1312,3236,0,2661,0
25/02/2022,5011,300,2211,1688,0,1780,0
25/02/2022,7450,676,3134,1127,0,1118,0
25/02/2022,6243,683,1015,3846,0,1688,0
25/02/2022,6194,580,3164,1114,0,1149,0
25/02/2022,7658,323,2857,3911,0,2982,0
25/02/2022,6019,426,1953,1471,0,2599,0
25/02/2022,8098,517,1602,3813,0,2597,0
25/02/2022,5788,317,3267,2526,0,2464,0
25/02/2022,9042,497,3661,1445,0,1650,0
25/02/2022,5934,515,3712,2428,0,2063,0
25/02/2022,6315,370,2067,1367,0,1513,0
26/02/2022,5560,600,2306,3093,0,2914,0
26/02/2022,9777,609,1385,1861,0,1734,0
26/02/2022,5215,358,1345,1521,0,1076,0
26/02/2022,7637,664,3102,3358,0,2770,0
26/02/2022,6632,602,1150,1025,0,1412,0
26/02/2022,5063,655,2383,2854,0,2158,0
26/02/2022,7169,473,2496,3307,0,1842,0
26/02/2022,9724,535,3176,3259,0,2827,0
26/02/2022,8497,537,1915,2245,0,2085,0
26/02/2022,5735,358,2387,2920,0,2225,0
26/02/2022,5320,302,3163,2714,0,1038,0
26/02/2022,9419,687,2725,1686,0,1386,0
26/02/2022,5029,682,3818,2265,0,1636,0
26/02/2022,9946,614,2025,2091,0,1210,0
27/02/2022,5079,440,3628,2012,0,2061,0
27/02/2022,5334,322,1728,2048,0,1502,0
27/02/2022,9097,554,1943,3594,0,2973,0
27/02/2022,5538,373,2360,2708,0,1777,0
27/02/2022,6856,579,3872,3145,0,1430,0
27/02/2022,8817,651,1814,3348,0,2864,0
27/02/2022,6285,581,2910,3650,0,2173,0
27/02/2022,8444,324,2459,3026,0,1796,0
27/02/2022,7523,588,3520,1051,0,2678,0
27/02/2022,8002,641,1075,1713,0,2254,0
27/02/2022,5034,389,3444,3653,0,1775,0
27/02/2022,9556,489,3470,2917,0,1428,0
27/02/2022,8203,377,1837,2014,0,1807,0
28/02/2022,8350,512,1809,3480,0,1746,0
28/02/2022,6318,503,3810,3518,0,1683,0
28/02/2022,5823,674,1936,2714,0,2486,0
28/02/2022,7245,515,2721,3708,0,1311,0
28/02/2022,5175,672,2159,1871,0,1315,0
28/02/2022,9714,410,1924,1505,0,2646,0
28/02/2022,7565,407,1329,3332,0,1402,0
28/02/2022,5038,442,3491,3207,0,1624,0
28/02/2022,9101,309,3678,1531,0,2758,0
28/02/2022,9372,412,1923,2136,0,1066,0
28/02/2022,8223,524,3908,2515,0,2316,0
28/02/2022,9148,520,2385,3435,0,2589,0
28/02/2022,9185,505,2136,2453,0,2267,0
28/02/2022,7665,608,2455,2852,0,1354,0
01/03/2022,6313,546,2179,3028,0,2561,0
01/03/2022,8095,652,3652,3671,0,2452,0
01/03/2022,6915,700,2624,2791,0,2054,0
01/03/2022,8197,460,3524,2699,0,2390,0
01/03/2022,6056,657,2059,2415,0,1173,0
01/03/2022,6216,300,3934,3394,0,1063,0
01/03/2022,7564,431,2087,1143,0,1093,0
01/03/2022,8915,324,2213,3729,0,2195,0
01/03/2022,6040,666,1223,1869,0,1344,0
01/03/2022,8844,307,1254,1679,0,1082,0
01/03/2022,7844,664,1759,3661,0,2512,0
01/03/2022,9500,410,2204,3765,0,2523,0
01/03/2022,5070,579,1006,3203,0,1142,0
01/03/2022,6317,475,3728,3565,0,2383,0
02/03/2022,7699,461,3085,1699,0,1395,0
02/03/2022,8900,548,1566,3646,0,2081,0
02/03/2022,9487,684,1860,3664,0,1561,0
02/03/2022,9792,525,2317,1161,0,2750,0
02/03/2022,8432,521,2268,1147,0,1563,0
02/03/2022,9700,427,1666,1738,0,1574,0
02/03/2022,7171,563,3221,2820,0,1397,0
02/03/2022,9795,384,1886,2166,0,2164,0
02/03/2022,5187,661,3155,3770,0,1156,0
02/03/2022,8923,415,3852,3523,0,2912,0
02/03/2022,7275,581,3117,2995,0,2691,0
02/03/2022,7642,315,2238,1163,0,2344,0
02/03/2022,7798,700,2149,3567,0,1095,0
02/03/2022,7150,586,2830,2115,0,2043,0
03/03/2022,7065,523,1567,1035,0,2850,0
03/03/2022,7170,335,1838,2783,0,1332,0
03/03/2022,8709,606,1127,2227,0,1445,0
03/03/2022,8420,419,2898,3352,0,2937,0
03/03/2022,6188,606,1383,2430,0,2663,0
03/03/2022,9701,371,2601,1553,0,1613,0
03/03/2022,7434,504,2286,2225,0,1758,0
03/03/2022,5010,395,2899,3077,0,1095,0
03/03/2022,9988,537,3648,3844,0,1004,0
03/03/2022,9209,350,3881,2584,0,2681,0
03/03/2022,8358,656,3075,3954,0,2049,0
03/03/2022,9020,459,3357,2361,0,1369,0
03/03/2022,7851,471,3084,3259,0,2233,0
03/03/2022,6765,368,2066,3785,0,1576,0
04/03/2022,9789,329,2739,1048,0,2611,0
04/03/2022,5571,463,3882,2953,0,1762,0
04/03/2022,8909,383,1793,1398,0,2296,0
04/03/2022,8403,461,1738,3971,0,2143,0
04/03/2022,7490,389,2738,3903,0,2643,0
04/03/2022,9874,398,2167,1007,0,2467,0
04/03/2022,6290,438,3087,1889,0,2552,0
04/03/2022,8747,542,1280,3192,0,1207,0
04/03/2022,9351,594,2070,3938,0,1218,0
04/03/2022,9717,507,2660,1200,0,2039,0
04/03/2022,5456,528,1542,2404,0,2497,0
04/03/2022,9841,679,3105,2767,0,2556,0
04/03/2022,6814,403,1265,1804,0,1065,0
04/03/2022,7990,617,3581,3422,0,1892,0
04/03/2022,7272,394,3338,3004,0,1846,0
05/03/2022,5326,308,2777,2750,0,1151,0
05/03/2022,8796,693,3620,2443,0,2643,0
05/03/2022,6206,621,1783,2598,0,1767,0
05/03/2022,7384,699,1231,2755,0,2034,0
05/03/2022,8396,681,2127,1744,0,2954,0
05/03/2022,7497,503,2933,3317,0,2889,0
05/03/2022,7417,341,2889,3372,0,1231,0
05/03/2022,7340,569,2363,3702,0,1541,0
05/03/2022,6162,360,1550,2013,0,2912,0
05/03/2022,9037,510,1436,2496,0,1693,0
05/03/2022,5037,461,3464,1648,0,2795,0
05/03/2022,8584,556,3781,2583,0,2116,0
05/03/2022,5118,482,3698,1710,0,1466,0
05/03/2022,5757,431,1369,1340,0,2416,0
05/03/2022,6136,501,1893,3429,0,1614,0
06/03/2022,6010,458,3174,2181,0,1406,0
06/03/2022,7468,357,2558,3341,0,2497,0
06/03/2022,5590,416,2452,2666,0,2609,0
06/03/2022,5286,361,1567,1064,0,1517,0
06/03/2022,6597,533,3996,3293,0,1721,0
06/03/2022,5358,348,1608,3159,0,2319,0
06/03/2022,9530,640,3292,2725,0,2963,0
06/03/2022,7419,683,3679,2512,0,2901,0
06/03/2022,9973,391,1143,2438,0,1384,0
06/03/2022,9227,544,3257,3589,0,1449,0
06/03/2022,5328,346,1421,2994,0,2409,0
06/03/2022,7949,610,3311,1756,0,2986,0
06/03/2022,5725,550,3153,3795,0,1772,0
06/03/2022,5091,522,2010,1212,0,2138,0
07/03/2022,5063,506,1682,1144,0,1726,0
07/03/2022,5678,456,1985,2279,0,2647,0
07/03/2022,9087,321,3088,2228,0,2957,0
07/03/2022,7775,601,1470,2562,0,1527,0
07/03/2022,9735,495,2272,3861,0,1380,0
07/03/2022,9534,303,2862,3314,0,2761,0
07/03/2022,8502,645,3090,1986,0,1479,0
07/03/2022,8626,349,3897,1958,0,1666,0
07/03/2022,9174,612,1457,2036,0,1682,0
07/03/2022,7095,420,2006,3722,0,2352,0
07/03/2022,6887,598,3417,3144,0,2735,0
07/03/2022,5844,455,2232,1349,0,1166,0
07/03/2022,5627,370,1555,2722,0,2275,0
07/03/2022,7523,413,3463,1981,0,1568,0
07/03/2022,5577,335,2413,2391,0,1454,0
08/03/2022,7111,577,3730,3811,0,1861,0
08/03/2022,6914,538,2683,2179,0,2860,0
08/03/2022,7749,613,1072,2516,0,1469,0
08/03/2022,5354,393,1066,3905,0,2866,0
08/03/2022,6544,450,2336,3438,0,2090,0
08/03/2022,7160,375,3431,1655,0,2890,0
08/03/2022,5452,576,3754,1843,0,2938,0
08/03/2022,5055,576,3552,1820,0,1775,0
08/03/2022,9421,580,3957,3714,0,2351,0
08/03/2022,8867,681,3734,3079,0,1520,0
08/03/2022,9782,530,1946,3382,0,2078,0
08/03/2022,8372,426,1681,1722,0,2437,0
08/03/2022,9795,389,2014,1715,0,2132,0
08/03/2022,9127,444,3584,3376,0,2042,0
08/03/2022,8387,656,3795,1302,0,2482,0
09/03/2022,7033,676,2700,1658,0,1559,0
09/03/2022,9787,451,3694,1310,0,2221,0
09/03/2022,9413,337,2481,3392,0,1169,0
09/03/2022,8851,557,1147,2320,0,2222,0
09/03/2022,5992,674,2057,1110,0,2448,0
09/03/2022,8907,521,1301,1117,0,2808,0
09/03/2022,6064,559,3097,2364,0,2874,0
09/03/2022,8716,429,3135,2246,0,1712,0
09/03/2022,8460,452,2477,1959,0,2046,0
09/03/2022,5807,320,2997,2994,0,2145,0
09/03/2022,9588,431,3436,2824,0,1202,0
09/03/2022,5697,512,3456,3217,0,2089,0
09/03/2022,6190,493,3419,3410,0,2518,0
09/03/2022,7506,628,2742,2922,0,2499,0
09/03/2022,6883,559,1369,3794,0,1946,0
10/03/2022,7502,611,3614,3655,0,2992,0
10/03/2022,6860,328,1752,3941,0,2881,0
10/03/2022,8150,518,3230,3806,0,1231,0
10/03/2022,5531,649,1092,2430,0,1186,0
10/03/2022,9787,411,1279,3043,0,2313,0
10/03/2022,7643,332,3969,1348,0,1226,0
10/03/2022,9219,502,2714,2140,0,1512,0
10/03/2022,7870,498,2039,3817,0,1120,0
10/03/2022,9123,514,1895,2336,0,1835,0
10/03/2022,7674,537,2328,1993,0,2093,0
10/03/2022,7244,436,3515,1756,0,2400,0
10/03/2022,9193,649,1481,2425,0,2508,0
10/03/2022,8618,471,1412,3201,0,2574,0
10/03/2022,8999,558,3852,1424,0,2857,0
10/03/2022,5591,508,2054,3145,0,2531,0
11/03/2022,6024,573,1717,2515,0,2489,0
11/03/2022,6021,592,3240,2523,0,2687,0
11/03/2022,7722,674,1710,3818,0,2932,0
11/03/2022,5063,599,2849,1348,0,2330,0
11/03/2022,7225,472,2119,3582,0,1939,0
11/03/2022,6565,619,1346,2629,0,1163,0
11/03/2022,8796,538,2580,1391,0,2372,0
11/03/2022,5145,618,3175,2965,0,1129,0
11/03/2022,5154,536,3027,3704,0,2299,0
11/03/2022,7786,438,3130,3480,0,2335,0
11/03/2022,6460,548,3609,3887,0,1695,0
11/03/2022,6429,652,3837,1825,0,1541,0
11/03/2022,8370,593,1102,3403,0,1089,0
11/03/2022,5984,309,3232,2286,0,1707,0
11/03/2022,7054,396,3454,1755,0,1924,0
12/03/2022,7192,597,2373,3639,0,2803,0
12/03/2022,8854,373,3940,2671,0,2553,0
12/03/2022,7750,676,1451,3941,0,1135,0
12/03/2022,9321,564,2110,2514,0,2507,0
12/03/2022,5763,540,2118,3467,0,1782,0
12/03/2022,5084,540,3977,2634,0,2334,0
12/03/2022,8747,528,3697,2752,0,2170,0
12/03/2022,9081,629,3356,1580,0,2774,0
12/03/2022,8818,489,2108,3405,0,1209,0
12/03/2022,7341,546,1836,1575,0,2226,0
12/03/2022,8768,448,2860,2490,0,2426,0
12/03/2022,7360,570,2909,1350,0,2209,0
12/03/2022,5273,596,3796,3044,0,1282,0
12/03/2022,7221,651,3221,2295,0,1025,0
12/03/2022,5921,370,2345,2275,0,1073,0
13/03/2022,9161,533,3821,2609,0,2394,0
13/03/2022,6374,317,2297,2027,0,1349,0
13/03/2022,5475,499,3041,3088,0,1422,0
13/03/2022,7149,429,3745,2391,0,2464,0
13/03/2022,8032,339,3685,1130,0,1165,0
13/03/2022,5621,523,1939,2577,0,1781,0
13/03/2022,6514,483,2764,3999,0,1692,0
13/03/2022,7632,615,1912,3812,0,1066,0
13/03/2022,6485,455,2383,3659,0,2437,0
13/03/2022,7850,395,2534,1373,0,2007,0
13/03/2022,6273,455,1190,2764,0,2849,0
13/03/2022,8908,531,3640,3753,0,1635,0
13/03/2022,8027,343,3650,2351,0,1554,0
13/03/2022,9327,700,2787,1038,0,2856,0
13/03/2022,9336,490,1996,2121,0,2478,0
14/03/2022,7535,515,3228,3914,0,2403,0
14/03/2022,9060,414,3306,2986,0,1788,0
14/03/2022,8822,349,2613,2358,0,2639,0
14/03/2022,7214,591,3044,2466,0,1270,0
14/03/2022,9553,507,1112,2330,0,2939,0
14/03/2022,8006,451,2183,1378,0,2677,0
14/03/2022,7966,583,2300,1034,0,2062,0
14/03/2022,9886,679,3091,3718,0,1018,0
14/03/2022,5231,429,1559,3426,0,2267,0
14/03/2022,5134,656,1484,3004,0,2096,0
14/03/2022,8172,311,2894,3041,0,2477,0
14/03/2022,8493,363,1520,2375,0,2609,0
14/03/2022,9452,522,2062,3307,0,1856,0
14/03/2022,6082,610,3131,3972,0,2707,0
14/03/2022,7812,411,1888,2599,0,1228,0
15/03/2022,9004,311,3866,2922,0,2674,0
15/03/2022,7723,636,2569,1134,0,1274,0
15/03/2022,9623,515,3661,3630,0,2227,0
15/03/2022,5867,415,3849,3359,0,2589,0
15/03/2022,9631,376,2748,2358,0,2189,0
15/03/2022,5521,532,1044,3128,0,1113,0
15/03/2022,6394,433,3051,2909,0,1346,0
15/03/2022,9161,662,3467,2028,0,1332,0
15/03/2022,5536,335,3645,1326,0,2667,0
15/03/2022,9026,326,2300,2138,0,2383,0
15/03/2022,8219,320,2413,3680,0,1147,0
15/03/2022,9773,444,3221,1090,0,1475,0
15/03/2022,7179,665,2704,2268,0,2854,0
15/03/2022,8058,335,1918,3400,0,2268,0
15/03/2022,6028,530,3237,3331,0,1899,0
16/03/2022,5773,524,1715,3290,0,2998,0
16/03/2022,5882,497,3293,3853,0,2942,0
16/03/2022,9234,356,2085,2582,0,1459,0
16/03/2022,5306,666,3590,2425,0,2241,0
16/03/2022,9591,368,3152,3381,0,2062,0
16/03/2022,6353,535,2476,3297,0,2504,0
16/03/2022,8340,656,3244,2192,0,2788,0
16/03/2022,7297,579,1986,2873,0,2387,0
16/03/2022,5134,493,2440,2364,0,1043,0
16/03/2022,9931,504,2128,3911,0,2325,0
16/03/2022,6493,493,2473,2119,0,1098,0
16/03/2022,8037,434,2752,3392,0,1203,0
16/03/2022,7406,562,2631,3404,0,2699,0
16/03/2022,6210,415,1216,3579,0,2424,0
16/03/2022,9421,571,3838,1768,0,2758,0
17/03/2022,8699,474,2411,1787,0,1174,0
17/03/2022,8180,495,2641,2629,0,2491,0
17/03/2022,9836,548,2445,1226,0,1200,0
17/03/2022,9356,494,2358,2526,0,2605,0
17/03/2022,7319,467,3164,2588,0,1721,0
17/03/2022,7024,398,3388,2679,0,2593,0
17/03/2022,6425,631,1676,2964,0,2954,0
17/03/2022,8518,452,2838,1287,0,2847,0
17/03/2022,9610,568,3804,3485,0,2384,0
17/03/2022,6898,323,1970,3024,0,1494,0
17/03/2022,7035,560,3958,3206,0,1627,0
17/03/2022,8986,333,3305,2890,0,2117,0
17/03/2022,5901,414,2885,3302,0,2196,0
17/03/2022,5704,425,2925,1230,0,2272,0
17/03/2022,6912,350,2913,1139,0,2130,0
18/03/2022,7959,662,2201,3641,0,2558,0
18/03/2022,8450,411,2012,3098,0,1445,0
18/03/2022,9731,425,1053,3145,0,1824,0
18/03/2022,6867,525,1209,1968,0,2613,0
18/03/2022,7965,575,2627,1119,0,2195,0
18/03/2022,9892,499,1136,3892,0,2969,0
18/03/2022,6746,569,1782,2315,0,1865,0
18/03/2022,9192,445,2452,2788,0,2525,0
18/03/2022,5883,619,1613,3894,0,2468,0
18/03/2022,7714,484,3600,1183,0,1371,0
18/03/2022,5178,374,3455,2524,0,2665,0
18/03/2022,6164,352,3479,1702,0,1935,0
18/03/2022,9859,634,3253,1649,0,1872,0
18/03/2022,6045,366,3366,1629,0,1976,0
18/03/2022,6227,389,1120,3070,0,2884,0
19/03/2022,8709,339,2954,3119,0,2556,0
19/03/2022,9893,323,3257,1418,0,2312,0
19/03/2022,9826,685,3322,2179,0,1025,0
19/03/2022,8380,336,3949,3031,0,1509,0
19/03/2022,8700,417,3854,3954,0,1635,0
19/03/2022,7455,448,2150,1469,0,2750,0
19/03/2022,5372,544,2612,2746,0,1142,0
19/03/2022,6190,342,1151,2509,0,1881,0
19/03/2022,8289,395,2021,3686,0,1780,0
19/03/2022,6871,691,2860,2707,0,2636,0
19/03/2022,8384,574,2678,1606,0,1454,0
19/03/2022,8065,527,1996,1751,0,1533,0
19/03/2022,7137,490,3041,3404,0,1781,0
19/03/2022,9245,525,2220,2375,0,1315,0
19/03/2022,7558,574,2428,2082,0,1130,0
20/03/2022,8283,456,3561,2544,0,2099,0
20/03/2022,9481,322,2140,3689,0,2939,0
20/03/2022,6270,469,2293,2062,0,1383,0
20/03/2022,5148,631,3454,1610,0,1856,0
20/03/2022,9951,351,3530,3032,0,2198,0
20/03/2022,5513,474,2747,2453,0,2989,0
20/03/2022,7910,608,3214,3035,0,1621,0
20/03/2022,6390,548,3499,1633,0,1531,0
20/03/2022,5083,568,2429,3135,0,1494,0
20/03/2022,6099,516,3558,2177,0,1463,0
20/03/2022,7925,372,1411,1274,0,1195,0
20/03/2022,8220,642,2395,2405,0,1277,0
20/03/2022,8252,431,1798,3496,0,1256,0
20/03/2022,5899,466,3384,1655,0,2911,0
21/03/2022,7758,323,1200,1641,0,1997,0
21/03/2022,6293,307,3396,1841,0,2671,0
21/03/2022,8486,460,2928,1354,0,2911,0
21/03/2022,8899,548,2222,2051,0,1107,0
21/03/2022,6259,609,1897,3953,0,2478,0
21/03/2022,5604,307,2124,3873,0,2295,0
21/03/2022,6278,597,2956,3883,0,2033,0
21/03/2022,7556,323,2758,1136,0,2053,0
21/03/2022,8516,526,3938,2761,0,2520,0
21/03/2022,6096,457,3202,2831,0,2768,0
21/03/2022,6711,568,1716,3515,0,1597,0
21/03/2022,5783,465,3477,1908,0,2540,0
21/03/2022,5299,314,2641,1734,0,1638,0
22/03/2022,8840,418,2570,3510,0,2363,0
22/03/2022,8363,541,1184,2132,0,2376,0
22/03/2022,8465,349,1622,2769,0,1747,0
22/03/2022,9546,386,2801,2524,0,2658,0
22/03/2022,6170,610,2639,3961,0,1645,0
22/03/2022,6902,511,1351,3084,0,2215,0
22/03/2022,6402,692,1434,3887,0,2148,0
22/03/2022,8045,532,2083,3950,0,2117,0
22/03/2022,8018,457,3838,2725,0,1582,0
22/03/2022,7863,345,2802,3716,0,1435,0
22/03/2022,5022,661,1342,2982,0,1344,0
22/03/2022,9938,394,2695,2921,0,2372,0
22/03/2022,9756,391,2325,3458,0,2119,0
22/03/2022,8618,555,3678,2145,0,1678,0
22/03/2022,7611,696,2399,2286,0,1595,0
23/03/2022,7037,649,2047,2115,0,2347,0
23/03/2022,7620,542,3357,2126,0,2772,0
23/03/2022,5785,498,3120,2890,0,2523,0
23/03/2022,5258,365,3826,2138,0,1445,0
23/03/2022,7846,406,1150,1354,0,2366,0
23/03/2022,9886,330,1342,1782,0,2226,0
23/03/2022,9398,628,2707,1226,0,2947,0
23/03/2022,5011,570,3960,1839,0,1067,0
23/03/2022,7042,439,3720,1199,0,2208,0
23/03/2022,5501,468,3169,1234,0,2227,0
23/03/2022,8715,327,3787,3413,0,2827,0
23/03/2022,6631,655,1383,1656,0,1989,0
23/03/2022,6501,540,2553,2051,0,2308,0
23/03/2022,9880,361,3300,3269,0,1074,0
23/03/2022,6336,319,2117,2644,0,1449,0
24/03/2022,7545,469,1337,1877,0,2521,0
24/03/2022,8073,393,1236,3075,0,2948,0
24/03/2022,6270,519,2799,2939,0,2913,0
24/03/2022,5615,696,1837,3432,0,1730,0
24/03/2022,7152,660,3077,1094,0,1958,0
24/03/2022,8445,535,3705,3374,0,1719,0
24/03/2022,9159,633,3964,3374,0,2561,0
24/03/2022,5663,428,1248,3847,0,2953,0
24/03/2022,6817,574,2403,3298,0,1456,0
24/03/2022,5693,456,1858,3204,0,2835,0
24/03/2022,5689,452,1166,2520,0,1128,0
24/03/2022,9489,360,1788,2333,0,2629,0
24/03/2022,9307,514,2736,3215,0,2733,0
24/03/2022,6335,630,1166,3378,0,1890,0
24/03/2022,9403,612,3093,2124,0,2894,0
25/03/2022,8837,558,3008,1612,0,1277,0
25/03/2022,5385,444,3560,3699,0,2239,0
25/03/2022,9668,559,2386,1128,0,2460,0
25/03/2022,9845,681,3846,3683,0,1519,0
25/03/2022,5684,629,2384,2681,0,2856,0
25/03/2022,7652,487,2542,3385,0,1331,0
25/03/2022,9599,549,1614,3402,0,2914,0
25/03/2022,7051,528,1502,3258,0,1643,0
25/03/2022,5539,427,1599,3625,0,1795,0
25/03/2022,9520,524,2408,2648,0,2885,0
25/03/2022,6310,499,2953,1334,0,1499,0
25/03/2022,8637,429,2337,3783,0,2045,0
25/03/2022,9100,540,3894,3862,0,2876,0
25/03/2022,9009,393,2426,3571,0,2111,0
25/03/2022,9337,545,1622,1362,0,2638,0
26/03/2022,7897,465,2785,2088,0,1402,0
26/03/2022,8210,406,1754,3633,0,1229,0
26/03/2022,6777,370,2503,3313,0,1040,0
26/03/2022,9407,507,1647,2464,0,1187,0
26/03/2022,9389,549,1764,1141,0,1164,0
26/03/2022,7614,669,2389,1725,0,1376,0
26/03/2022,5332,386,1365,1771,0,2952,0
26/03/2022,7821,656,2024,1543,0,1974,0
26/03/2022,8979,600,1864,2765,0,1525,0
26/03/2022,9491,593,1607,1282,0,2850,0
26/03/2022,5588,600,1706,3345,0,1017,0
26/03/2022,5499,321,2422,1405,0,2679,0
26/03/2022,7222,529,2877,1522,0,2055,0
26/03/2022,9044,305,1196,1351,0,1191,0
26/03/2022,9060,435,2565,1104,0,1032,0
27/03/2022,5800,338,1976,1760,0,2016,0
27/03/2022,8181,694,3917,2529,0,2671,0
27/03/2022,5366,593,1235,1244,0,2340,0
27/03/2022,6038,498,2462,2031,0,1193,0
27/03/2022,9777,408,2722,1817,0,1258,0
27/03/2022,8803,583,2640,2465,0,1836,0
27/03/2022,6227,384,3781,2919,0,2707,0
27/03/2022,9680,653,3618,3424,0,2117,0
27/03/2022,9960,378,1347,1950,0,1732,0
27/03/2022,7446,671,1280,3607,0,2290,0
27/03/2022,7050,316,2422,1396,0,2441,0
27/03/2022,5635,439,2378,2536,0,1765,0
27/03/2022,7682,568,2450,1404,0,2906,0
28/03/2022,7420,698,3965,1971,0,2113,0
28/03/2022,6599,420,2328,3085,0,2204,0
28/03/2022,8679,619,3906,1274,0,2226,0
28/03/2022,8115,686,2210,1542,0,1458,0
28/03/2022,8342,466,2364,3641,0,1956,0
28/03/2022,9967,329,1654,3409,0,2836,0
28/03/2022,8495,359,3818,3601,0,1978,0
28/03/2022,5861,451,2187,3122,0,2687,0
28/03/2022,6827,459,2232,2552,0,2551,0
28/03/2022,6539,629,2708,2266,0,1308,0
28/03/2022,6100,519,3338,3916,0,1898,0
28/03/2022,8999,375,1088,1794,0,2462,0
28/03/2022,9724,609,3636,3579,0,2018,0
28/03/2022,5137,464,2504,2426,0,1556,0
28/03/2022,5173,583,1878,3716,0,1306,0
29/03/2022,6458,553,3944,3562,0,1480,0
29/03/2022,7069,535,2761,1487,0,1733,0
29/03/2022,6469,302,2079,2493,0,2882,0
29/03/2022,6794,489,1411,3395,0,1005,0
29/03/2022,5394,306,1436,1257,0,1201,0
29/03/2022,9620,614,2398,2196,0,1735,0
29/03/2022,7280,591,1935,2323,0,2707,0
29/03/2022,8498,323,1205,3016,0,2244,0
29/03/2022,5799,352,2346,1573,0,1461,0
29/03/2022,7272,498,1367,3702,0,2811,0
29/03/2022,9183,319,1051,1673,0,2468,0
29/03/2022,5897,466,3062,3794,0,1640,0
29/03/2022,8266,461,1868,3361,0,2464,0
29/03/2022,5074,353,3868,2405,0,2800,0
29/03/2022,8715,447,1917,1825,0,1724,0
30/03/2022,9754,436,3958,2464,0,2052,0
30/03/2022,6778,676,2447,2821,0,1965,0
30/03/2022,8442,372,1111,1962,0,2926,0
30/03/2022,7274,699,3608,1255,0,1247,0
30/03/2022,8124,699,1113,2148,0,1965,0
30/03/2022,9623,465,1184,3305,0,1928,0
30/03/2022,8852,658,2721,2122,0,2576,0
30/03/2022,6181,494,3265,1119,0,1445,0
30/03/2022,9541,637,1480,3878,0,1015,0
30/03/2022,6344,648,1949,2625,0,2837,0
30/03/2022,5516,303,1102,1696,0,1536,0
30/03/2022,5753,648,2990,3139,0,2177,0
30/03/2022,8524,420,2026,2376,0,2510,0
30/03/2022,5448,371,3747,2808,0,1132,0
30/03/2022,5973,416,3060,1234,0,1081,0
31/03/2022,8721,368,2178,3277,0,2906,0
31/03/2022,8533,379,1949,2071,0,1818,0
31/03/2022,5373,521,1821,1534,0,2935,0
31/03/2022,5509,475,3813,1563,0,2467,0
31/03/2022,5136,488,3992,2768,0,1046,0
31/03/2022,9975,632,1896,2098,0,2814,0
31/03/2022,8135,683,3835,1853,0,1144,0
31/03/2022,6403,613,3333,2456,0,1660,0
31/03/2022,9242,320,3805,2129,0,1210,0
31/03/2022,7019,595,3104,3427,0,2978,0
31/03/2022,6738,663,1912,1547,0,1065,0
31/03/2022,5481,524,1992,1673,0,2253,0
31/03/2022,5468,396,1331,2966,0,2758,0
31/03/2022,7474,641,1625,2799,0,1348,0
31/03/2022,9037,531,1248,3697,0,1563,0
01/04/2022,6063,425,3279,3251,0,1297,0
01/04/2022,8942,574,3306,3903,0,1856,0
01/04/2022,7605,407,2207,2361,0,2535,0
01/04/2022,7856,407,3324,3307,0,2834,0
01/04/2022,9660,448,2158,3574,0,2993,0
01/04/2022,9640,519,2176,1786,0,2544,0
01/04/2022,6182,525,1090,2076,0,2437,0
01/04/2022,6822,493,2341,2785,0,1986,0
01/04/2022,8616,687,2048,2860,0,1260,0
01/04/2022,9257,494,1660,3303,0,1330,0
01/04/2022,7864,682,3751,1987,0,1231,0
01/04/2022,6507,553,2989,3114,0,1566,0
01/04/2022,7229,667,1601,2037,0,2783,0
01/04/2022,8509,416,1397,1167,0,2419,0
01/04/2022,7553,362,2482,3167,0,2843,0
02/04/2022,8705,663,2843,3170,0,2913,0
02/04/2022,7098,687,2857,1823,0,1185,0
02/04/2022,5216,457,1899,2683,0,1004,0
02/04/2022,9948,659,1356,2513,0,2747,0
02/04/2022,9790,368,3963,2902,0,1173,0
02/04/2022,9237,685,2247,3201,0,1229,0
02/04/2022,6269,477,2824,2049,0,1581,0
02/04/2022,9839,519,1874,2810,0,2822,0
02/04/2022,7488,307,1354,1421,0,1912,0
02/04/2022,9889,462,3933,1336,0,2783,0
02/04/2022,6830,544,2981,3254,0,1125,0
02/04/2022,9569,541,1214,2022,0,1022,0
02/04/2022,6418,456,3013,3478,0,2596,0
02/04/2022,9842,630,2577,1334,0,1708,0
02/04/2022,8189,470,1209,1287,0,1278,0
03/04/2022,5507,543,3112,3522,0,2514,0
03/04/2022,5429,410,3887,2830,0,2151,0
03/04/2022,7199,453,2234,1206,0,2979,0
03/04/2022,9344,444,3438,1222,0,1251,0
03/04/2022,9148,524,1460,2754,0,1406,0
03/04/2022,7836,648,2021,3648,0,2892,0
03/04/2022,6987,387,3482,1994,0,1387,0
03/04/2022,7209,489,1760,3438,0,2413,0
03/04/2022,8134,644,1635,3731,0,1115,0
03/04/2022,6449,624,1132,3800,0,2316,0
03/04/2022,6969,350,3987,2353,0,1689,0
03/04/2022,8442,462,2011,3795,0,1544,0
03/04/2022,7781,462,1718,3317,0,2527,0
03/04/2022,9483,404,1648,3262,0,2487,0
04/04/2022,5833,336,3552,2433,0,2113,0
04/04/2022,8354,302,2038,1189,0,2253,0
04/04/2022,7141,480,2047,3926,0,2996,0
04/04/2022,9752,394,1312,3060,0,1097,0
04/04/2022,9395,349,1167,2184,0,1696,0
04/04/2022,9453,515,1159,3949,0,2351,0
04/04/2022,7254,352,2469,1566,0,1405,0
04/04/2022,5530,515,3057,3194,0,1268,0
04/04/2022,6129,388,3655,2150,0,1618,0
04/04/2022,5928,438,1097,3108,0,1376,0
04/04/2022,7159,524,1350,2805,0,2132,0
04/04/2022,7530,380,2762,3054,0,2495,0
04/04/2022,7619,327,2125,2418,0,2906,0
04/04/2022,6153,559,2907,3384,0,1119,0
05/04/2022,7413,510,1696,1535,0,2514,0
05/04/2022,5238,496,1260,2807,0,1075,0
05/04/2022,5876,507,2819,2223,0,2945,0
05/04/2022,6605,319,2802,2778,0,1080,0
05/04/2022,8220,374,2194,3161,0,1562,0
05/04/2022,6110,432,2750,1411,0,2746,0
05/04/2022,6266,392,3420,1666,0,1343,0
05/04/2022,9098,427,1624,3049,0,1675,0
05/04/2022,5862,523,2855,3055,0,1624,0
05/04/2022,9822,397,3649,2472,0,2048,0
05/04/2022,8053,480,1473,2556,0,2541,0
05/04/2022,7163,619,3760,1146,0,1647,0
05/04/2022,6792,618,2649,2729,0,2880,0
05/04/2022,6935,355,2626,3189,0,1996,0
06/04/2022,6866,647,2572,2077,0,2532,0
06/04/2022,6524,670,1308,3387,0,2289,0
06/04/2022,9979,609,1423,2898,0,1808,0
06/04/2022,8348,381,2251,3605,0,1385,0
06/04/2022,8696,584,1789,2736,0,2913,0
06/04/2022,5426,351,2874,3858,0,2877,0
06/04/2022,8370,332,2953,2485,0,2868,0
06/04/2022,6516,691,3170,1698,0,1371,0
06/04/2022,8524,569,3013,1547,0,2245,0
06/04/2022,9498,453,3653,3525,0,2315,0
06/04/2022,7580,332,1459,1129,0,1675,0
06/04/2022,7530,584,1848,3528,0,1565,0
06/04/2022,7654,569,1773,2183,0,1200,0
06/04/2022,8134,669,2226,1115,0,1448,0
07/04/2022,9457,655,3999,2047,0,2586,0
07/04/2022,6252,513,2414,1860,0,1196,0
07/04/2022,9873,524,1221,1077,0,2916,0
07/04/2022,5715,462,3989,2234,0,1345,0
07/04/2022,7192,311,1718,1144,0,2709,0
07/04/2022,6575,646,3318,3240,0,2975,0
07/04/2022,5928,431,3196,2908,0,2764,0
07/04/2022,7213,584,1662,1651,0,2483,0
07/04/2022,5579,524,1344,2067,0,1454,0
07/04/2022,7640,635,2665,3639,0,1381,0
07/04/2022,6425,317,3317,1342,0,2641,0
07/04/2022,5184,505,2475,1657,0,1608,0
07/04/2022,5288,644,2280,3830,0,2412,0
07/04/2022,6991,593,3913,2593,0,1059,0
08/04/2022,7828,386,2521,2450,0,1378,0
08/04/2022,6721,612,2271,2135,0,2876,0
08/04/2022,8593,618,3695,2817,0,1343,0
08/04/2022,8468,611,2254,2402,0,1356,0
08/04/2022,8663,675,3039,3739,0,2763,0
08/04/2022,7970,448,2874,3917,0,1662,0
08/04/2022,6048,428,1140,2839,0,1960,0
08/04/2022,5129,613,2854,3918,0,2656,0
08/04/2022,9167,460,2448,1923,0,2330,0
08/04/2022,8209,427,2988,2632,0,2867,0
08/04/2022,9702,368,2816,2693,0,1837,0
08/04/2022,8764,392,1144,1833,0,2297,0
08/04/2022,6269,628,3286,2330,0,1830,0
08/04/2022,7191,494,1801,2386,0,2024,0
09/04/2022,5692,670,2131,3789,0,2126,0
09/04/2022,5009,681,2254,3338,0,2534,0
09/04/2022,8116,333,3040,3076,0,1393,0
09/04/2022,5878,452,2298,3928,0,1461,0
09/04/2022,6829,358,2142,1642,0,1843,0
09/04/2022,5253,448,2459,3836,0,2415,0
09/04/2022,7856,589,2626,1474,0,2390,0
09/04/2022,9180,546,2952,3470,0,1350,0
09/04/2022,8250,647,1501,2522,0,2051,0
09/04/2022,5740,653,1905,2414,0,1671,0
09/04/2022,9311,318,3884,2344,0,1919,0
09/04/2022,7660,619,2276,2531,0,2188,0
09/04/2022,5492,681,2371,3047,0,2610,0
09/04/2022,7581,489,3332,2227,0,1034,0
10/04/2022,5481,487,1175,1743,0,1436,0
10/04/2022,7409,390,1242,3682,0,2883,0
10/04/2022,8748,544,2669,2477,0,2014,0
10/04/2022,6867,369,1604,1076,0,2933,0
10/04/2022,7734,599,2529,3656,0,2463,0
10/04/2022,5823,686,2495,3062,0,1109,0
10/04/2022,6588,439,2342,2044,0,2495,0
10/04/2022,8918,642,1383,2001,0,1756,0
10/04/2022,6814,586,2528,2600,0,1957,0
10/04/2022,6127,387,2921,2560,0,2522,0
10/04/2022,6609,668,3865,2092,0,2491,0
10/04/2022,9848,361,1018,3031,0,1186,0
10/04/2022,7989,595,1380,3014,0,2801,0
10/04/2022,6972,382,3737,1558,0,2699,0
11/04/2022,7485,327,2425,2162,0,2813,0
11/04/2022,5397,593,3243,2419,0,2581,0
11/04/2022,8684,515,3370,1374,0,2742,0
11/04/2022,7818,534,3620,1575,0,2677,0
11/04/2022,6285,664,3676,2319,0,1033,0
11/04/2022,5588,537,2221,2839,0,1676,0
11/04/2022,9407,364,1487,1692,0,1970,0
11/04/2022,8527,301,1500,2214,0,1265,0
11/04/2022,6853,534,1155,1453,0,2826,0
11/04/2022,7613,344,1044,2470,0,2457,0
11/04/2022,7026,507,2038,1743,0,1659,0
11/04/2022,7708,471,1675,2876,0,2349,0
11/04/2022,7255,605,3386,2033,0,2077,0
11/04/2022,8824,479,1102,3135,0,2886,0
11/04/2022,7317,681,1840,2532,0,1780,0
12/04/2022,7937,617,2030,1784,0,2564,0
12/04/2022,5881,624,2895,1599,0,1219,0
12/04/2022,7654,305,1423,2669,0,1690,0
12/04/2022,8874,440,2642,2448,0,2117,0
12/04/2022,8227,301,3453,2637,0,1938,0
12/04/2022,8140,533,2944,1611,0,1908,0
12/04/2022,8734,313,1954,3842,0,2765,0
12/04/2022,9551,621,2556,2027,0,1525,0
12/04/2022,5350,480,1819,3321,0,2632,0
12/04/2022,7861,318,1891,1308,0,2876,0
12/04/2022,5531,374,2265,2590,0,1269,0
12/04/2022,8386,357,3684,1372,0,2569,0
12/04/2022,9286,319,2509,2322,0,1444,0
12/04/2022,5539,594,2216,2616,0,1021,0
12/04/2022,6884,445,3796,3812,0,2921,0
13/04/2022,5158,301,2686,3085,0,2727,0
13/04/2022,8280,447,1775,1432,0,1581,0
13/04/2022,7133,376,2582,3973,0,1791,0
13/04/2022,6460,689,1132,1781,0,1953,0
13/04/2022,7612,483,3964,3860,0,1571,0
13/04/2022,9414,483,3447,1241,0,2695,0
13/04/2022,8765,315,1114,3505,0,2859,0
13/04/2022,6707,454,2621,2597,0,1477,0
13/04/2022,9426,318,3427,1257,0,2471,0
13/04/2022,7264,470,2646,1822,0,1517,0
13/04/2022,7420,380,3135,2419,0,1496,0
13/04/2022,6615,357,3401,3068,0,1420,0
13/04/2022,8295,534,3836,2258,0,2820,0
13/04/2022,7861,450,1394,2071,0,2020,0
13/04/2022,5535,451,1380,3320,0,1513,0
14/04/2022,8191,452,3692,3402,0,2675,0
14/04/2022,8118,578,1210,1892,0,1798,0
14/04/2022,8545,392,2788,3536,0,2235,0
14/04/2022,7907,591,2621,2411,0,2988,0
14/04/2022,5746,318,2562,1384,0,1382,0
14/04/2022,5158,374,1799,1016,0,2789,0
14/04/2022,7578,306,2515,1858,0,2833,0
14/04/2022,7544,509,3611,1696,0,1914,0
14/04/2022,5452,520,3705,3948,0,1872,0
14/04/2022,5112,650,2172,2507,0,1968,0
14/04/2022,8911,397,1431,2109,0,2431,0
14/04/2022,9021,464,1977,1006,0,2995,0
14/04/2022,9181,661,1685,1127,0,2246,0
14/04/2022,8102,458,3431,3477,0,1739,0
14/04/2022,9308,496,1604,1974,0,2865,0
15/04/2022,6697,589,3724,2165,0,1853,0
15/04/2022,8718,528,2151,3346,0,2723,0
15/04/2022,7946,314,3462,1978,0,2459,0
15/04/2022,5498,462,2468,3933,0,1968,0
15/04/2022,6650,442,3824,2551,0,1796,0
15/04/2022,7757,372,3812,2851,0,2116,0
15/04/2022,7415,650,3920,1902,0,2613,0
15/04/2022,7162,399,1257,1126,0,1473,0
15/04/2022,7833,331,2262,2140,0,2461,0
15/04/2022,9803,481,2490,3951,0,1282,0
15/04/2022,6860,307,2123,2451,0,2034,0
15/04/2022,6545,668,2076,3144,0,1767,0
15/04/2022,9911,315,3839,1173,0,1908,0
15/04/2022,7676,318,1829,3394,0,2699,0
15/04/2022,8530,686,3916,1991,0,2106,0
16/04/2022,6763,553,3566,3184,0,1246,0
16/04/2022,5654,387,2553,1729,0,2647,0
16/04/2022,8838,610,3849,3367,0,2447,0
16/04/2022,8135,639,3077,1601,0,2372,0
16/04/2022,8919,395,2666,3125,0,1573,0
16/04/2022,5620,695,3984,3164,0,1983,0
16/04/2022,8475,361,1565,3197,0,2892,0
16/04/2022,5443,495,3238,3778,0,2876,0
16/04/2022,9959,579,1743,2873,0,1932,0
16/04/2022,9610,670,3694,3029,0,2130,0
16/04/2022,8539,651,2810,3474,0,1445,0
16/04/2022,8115,669,3371,1098,0,1440,0
16/04/2022,7750,462,1639,1851,0,1575,0
16/04/2022,6797,584,3896,2720,0,2340,0
16/04/2022,6792,574,1583,1165,0,1833,0
17/04/2022,6148,409,2428,2978,0,2440,0
17/04/2022,9233,686,3972,3690,0,2261,0
17/04/2022,8300,369,2673,2127,0,2541,0
17/04/2022,6444,618,1461,2706,0,2790,0
17/04/2022,7291,647,1921,2830,0,2908,0
17/04/2022,5847,555,1373,3418,0,2851,0
17/04/2022,8305,542,3991,2882,0,2973,0
17/04/2022,5164,682,3934,1443,0,2372,0
17/04/2022,5145,639,2544,2838,0,1775,0
17/04/2022,6755,667,1882,1082,0,2054,0
17/04/2022,7152,687,1038,3212,0,1275,0
17/04/2022,8247,571,3112,1000,0,1409,0
17/04/2022,6721,510,1010,3458,0,2950,0
17/04/2022,5670,592,3779,1437,0,1029,0
17/04/2022,8567,646,3527,1730,0,2631,0
18/04/2022,9243,392,3274,2972,0,1936,0
18/04/2022,8840,683,3723,2424,0,1879,0
18/04/2022,7440,477,2351,1713,0,1120,0
18/04/2022,6259,561,1162,2322,0,1530,0
18/04/2022,6738,688,1666,1650,0,1242,0
18/04/2022,6837,350,1421,1507,0,1443,0
18/04/2022,8429,433,1404,1849,0,2241,0
18/04/2022,9215,324,3434,1587,0,2746,0
18/04/2022,9159,347,1723,3666,0,2097,0
18/04/2022,7965,470,1147,2497,0,1303,0
18/04/2022,7523,629,3983,2046,0,2303,0
18/04/2022,9017,689,3322,2020,0,2554,0
18/04/2022,9893,591,2417,1132,0,2709,0
18/04/2022,5291,665,1488,3510,0,2096,0
18/04/2022,5538,623,2455,3942,0,1956,0
19/04/2022,7521,629,2199,1252,0,1166,0
19/04/2022,9045,629,3801,1981,0,1167,0
19/04/2022,9974,617,1411,3344,0,2005,0
19/04/2022,7310,494,1330,3460,0,1536,0
19/04/2022,7143,688,2065,2691,0,2386,0
19/04/2022,8549,626,3491,3700,0,1945,0
19/04/2022,6711,423,2795,3711,0,2167,0
19/04/2022,9214,527,2496,1228,0,1599,0
19/04/2022,5177,689,2011,3989,0,2314,0
19/04/2022,5947,622,2162,2108,0,2938,0
19/04/2022,7889,460,2080,3548,0,2516,0
19/04/2022,9560,599,1165,3962,0,2358,0
19/04/2022,8446,642,3870,1957,0,1251,0
19/04/2022,6203,623,2631,2516,0,1687,0
19/04/2022,8605,427,3649,1776,0,2414,0
20/04/2022,6647,660,3627,3154,0,2437,0
20/04/2022,9905,492,1493,2530,0,1903,0
20/04/2022,7217,341,2791,1806,0,2482,0
20/04/2022,9581,349,2515,3852,0,1428,0
20/04/2022,5836,521,1146,3178,0,2172,0
20/04/2022,7112,426,3140,3587,0,1978,0
20/04/2022,6426,574,1719,1072,0,1647,0
20/04/2022,5633,465,2252,3927,0,2524,0
20/04/2022,7113,463,2521,2230,0,2338,0
20/04/2022,8255,382,2841,2742,0,1337,0
20/04/2022,7156,599,3058,1958,0,1522,0
20/04/2022,7540,582,2649,3721,0,2061,0
20/04/2022,5453,575,3687,3237,0,1560,0
20/04/2022,9643,688,2136,3297,0,2297,0
21/04/2022,6973,309,3011,2267,0,2929,0
21/04/2022,9364,632,2802,1884,0,1198,0
21/04/2022,7354,483,3924,3989,0,1225,0
21/04/2022,6151,694,3794,1801,0,1697,0
21/04/2022,9056,417,1458,1738,0,1571,0
21/04/2022,8295,415,3394,2343,0,2355,0
21/04/2022,6210,420,3173,3229,0,2917,0
21/04/2022,5662,374,2541,3876,0,1609,0
21/04/2022,5525,660,1277,3320,0,2491,0
21/04/2022,6505,580,3779,2745,0,1728,0
21/04/2022,6978,410,1801,1735,0,1195,0
21/04/2022,9710,327,2145,1026,0,2660,0
21/04/2022,6156,648,2842,2816,0,1354,0
21/04/2022,7605,395,2994,3908,0,2815,0
21/04/2022,6705,477,3926,2658,0,2287,0
22/04/2022,7190,616,1149,2500,0,2202,0
22/04/2022,6125,619,2103,1081,0,1029,0
22/04/2022,7404,570,1113,1830,0,2547,0
22/04/2022,5294,623,3989,3633,0,2183,0
22/04/2022,9304,522,1522,3199,0,2259,0
22/04/2022,8346,355,2532,3808,0,2405,0
22/04/2022,7697,322,2617,3122,0,2262,0
22/04/2022,7183,656,2743,1421,0,1777,0
22/04/2022,7562,691,3216,3406,0,2668,0
22/04/2022,5089,463,3442,2897,0,2975,0
22/04/2022,8476,619,2621,2909,0,1781,0
22/04/2022,9725,415,3168,2996,0,2264,0
22/04/2022,5811,430,2876,3053,0,2238,0
22/04/2022,9573,551,2374,1423,0,2278,0
22/04/2022,6331,543,3203,1141,0,1965,0
23/04/2022,7740,530,1154,1828,0,2716,0
23/04/2022,5626,517,1555,2506,0,1684,0
23/04/2022,8181,332,2572,3025,0,1887,0
23/04/2022,5665,320,2612,1631,0,2319,0
23/04/2022,9320,437,1862,2094,0,1252,0
23/04/2022,6159,631,2308,1633,0,1858,0
23/04/2022,7616,336,3270,1914,0,2791,0
23/04/2022,7922,304,3867,2931,0,2345,0
23/04/2022,9708,652,1016,1548,0,2399,0
23/04/2022,8249,594,2025,3915,0,1204,0
23/04/2022,6868,675,1140,2428,0,1690,0
23/04/2022,7901,694,2304,2340,0,2780,0
23/04/2022,7857,654,2666,1471,0,1245,0
23/04/2022,6557,485,2953,1968,0,2914,0
23/04/2022,5589,314,2060,3484,0,1188,0
24/04/2022,6839,428,3782,1430,0,2712,0
24/04/2022,5283,489,3232,3885,0,1793,0
24/04/2022,5084,447,3791,3337,0,1481,0
24/04/2022,7720,405,2250,1136,0,2470,0
24/04/2022,7598,427,3839,2534,0,2950,0
24/04/2022,6115,467,2950,2757,0,1637,0
24/04/2022,9664,512,2540,2807,0,1911,0
24/04/2022,5468,309,1081,3977,0,1830,0
24/04/2022,8443,359,1945,1436,0,2149,0
24/04/2022,7146,441,1079,3816,0,2726,0
24/04/2022,5097,621,3073,1887,0,2645,0
24/04/2022,6072,566,1067,1675,0,2615,0
24/04/2022,6627,686,1332,2711,0,2184,0
24/04/2022,6087,519,3070,1618,0,2935,0
25/04/2022,7285,432,3846,1308,0,2127,0
25/04/2022,5891,391,1098,2915,0,2162,0
25/04/2022,8158,567,1943,1761,0,1313,0
25/04/2022,8721,534,1120,2500,0,1310,0
25/04/2022,6226,520,1302,3430,0,2483,0
25/04/2022,6007,338,3686,2111,0,1880,0
25/04/2022,6602,372,1449,2053,0,2911,0
25/04/2022,9544,493,1309,2010,0,2655,0
25/04/2022,8956,348,2740,3938,0,2558,0
25/04/2022,7651,636,1038,1617,0,1150,0
25/04/2022,6887,500,2313,1820,0,1235,0
25/04/2022,7329,606,1387,2619,0,1921,0
25/04/2022,9469,622,1133,1793,0,2215,0
25/04/2022,5543,488,3888,3122,0,1940,0
25/04/2022,8593,541,2613,2073,0,2000,0
26/04/2022,5898,408,1234,1630,0,2873,0
26/04/2022,5219,471,2489,3432,0,2558,0
26/04/2022,7900,658,1329,2114,0,1601,0
26/04/2022,8242,543,3321,3836,0,2882,0
26/04/2022,7838,408,2085,1314,0,1992,0
26/04/2022,5768,646,1629,1556,0,1528,0
26/04/2022,8948,598,1655,1173,0,2323,0
26/04/2022,9872,497,1634,1874,0,2502,0
26/04/2022,5540,602,1214,2629,0,2507,0
26/04/2022,5936,586,2972,2795,0,1955,0
26/04/2022,6734,554,3726,1308,0,2260,0
26/04/2022,7063,459,1157,3210,0,2010,0
26/04/2022,8314,401,2799,2344,0,2711,0
26/04/2022,8411,506,3736,1789,0,1183,0
26/04/2022,8014,376,1278,2171,0,1483,0
27/04/2022,8583,440,2167,3070,0,2273,0
27/04/2022,9253,450,3423,3123,0,2395,0
27/04/2022,9508,533,3670,1179,0,1224,0
27/04/2022,8371,510,3003,1904,0,1178,0
27/04/2022,7228,553,3329,3389,0,2801,0
27/04/2022,6838,438,2649,2395,0,2310,0
27/04/2022,7367,651,3387,2660,0,1268,0
27/04/2022,9528,338,3936,3550,0,2601,0
27/04/2022,6457,553,2380,1486,0,2267,0
27/04/2022,7055,302,1759,3348,0,1224,0
27/04/2022,9766,460,2218,3434,0,2502,0
27/04/2022,8474,613,1039,2938,0,1354,0
27/04/2022,9938,542,3145,1992,0,1028,0
27/04/2022,6132,328,3725,3434,0,2312,0
27/04/2022,8758,555,3804,1664,0,2804,0
28/04/2022,8685,549,1758,1468,0,2450,0
28/04/2022,7752,389,1506,2813,0,1194,0
28/04/2022,9025,331,1394,1302,0,1097,0
28/04/2022,8027,344,3749,2738,0,2834,0
28/04/2022,8822,604,2464,1092,0,1826,0
28/04/2022,6269,663,1714,1391,0,2187,0
28/04/2022,5026,574,1655,2598,0,1842,0
28/04/2022,5960,537,1283,2127,0,2649,0
28/04/2022,6522,345,3558,2385,0,2735,0
28/04/2022,5110,599,1580,3628,0,2640,0
28/04/2022,8071,471,3154,2625,0,2409,0
28/04/2022,5184,562,2175,1869,0,1512,0
28/04/2022,9830,564,3656,2782,0,2473,0
28/04/2022,8810,428,2528,2655,0,2811,0
28/04/2022,8931,359,2758,2121,0,2779,0
29/04/2022,5108,497,3434,1341,0,1181,0
29/04/2022,7271,327,2089,3657,0,2411,0
29/04/2022,7649,584,2257,2139,0,2878,0
29/04/2022,8700,498,3860,3624,0,1231,0
29/04/2022,9890,641,1199,1542,0,1476,0
29/04/2022,8629,659,3821,3622,0,2432,0
29/04/2022,5286,381,2615,3990,0,2164,0
29/04/2022,6932,326,2286,2584,0,1558,0
29/04/2022,7351,690,3913,2355,0,2528,0
29/04/2022,8308,677,1197,1301,0,1245,0
29/04/2022,6776,333,1585,2365,0,1765,0
29/04/2022,6037,398,3910,3063,0,1437,0
29/04/2022,8692,520,3907,3185,0,2896,0
29/04/2022,6559,346,1332,1270,0,2023,0
29/04/2022,9037,519,2390,1075,0,2178,0
30/04/2022,9167,335,2672,2887,0,2982,0
30/04/2022,8500,413,3884,1090,0,1314,0
30/04/2022,7967,675,2784,2009,0,1764,0
30/04/2022,8325,606,1690,3485,0,1564,0
30/04/2022,5375,347,3856,1784,0,2262,0
30/04/2022,6773,380,3377,2065,0,1395,0
30/04/2022,7615,404,2467,3585,0,2739,0
30/04/2022,8152,454,1969,1846,0,2963,0
30/04/2022,7516,583,1481,1269,0,1628,0
30/04/2022,9224,550,3822,3072,0,2327,0
30/04/2022,6412,514,2741,1849,0,1579,0
30/04/2022,8999,531,3199,1771,0,2953,0
30/04/2022,8930,659,3982,3287,0,1594,0
30/04/2022,5271,642,3065,3039,0,1995,0
30/04/2022,8788,659,2816,2166,0,1166,0
16/04/2022,7220,628,2331,1136,0,1869,0
16/04/2022,7985,318,3726,1080,0,2959,0
16/04/2022,5772,312,2425,2669,0,2270,0
16/04/2022,8803,375,1711,3900,0,2859,0
16/04/2022,6819,562,2989,2580,0,2100,0
16/04/2022,8835,358,1737,1959,0,2898,0
16/04/2022,9207,416,2498,2070,0,2951,0
16/04/2022,6761,617,1200,1034,0,1385,0
16/04/2022,7326,395,3001,3523,0,2482,0
16/04/2022,7710,445,3296,3596,0,2030,0
16/04/2022,6545,339,2122,1715,0,2049,0
16/04/2022,7409,579,1893,2313,0,1766,0
16/04/2022,8294,674,3429,1166,0,1517,0
16/04/2022,6735,399,1820,1842,0,2835,0
16/04/2022,5513,572,2127,1835,0,2781,0
17/04/2022,5285,539,1460,2050,0,2675,0
17/04/2022,9157,574,3952,1864,0,2202,0
17/04/2022,9082,461,1904,1156,0,1576,0
17/04/2022,8095,657,2738,3168,0,2309,0
17/04/2022,7115,500,1750,3432,0,1845,0
17/04/2022,7856,590,2794,3317,0,2854,0
17/04/2022,6286,559,3666,1780,0,1728,0
17/04/2022,6689,405,3744,1690,0,2099,0
17/04/2022,5507,659,2248,2759,0,2278,0
17/04/2022,8039,504,2602,3220,0,2465,0
17/04/2022,5289,395,1654,2386,0,2219,0
17/04/2022,5555,378,1111,1199,0,2475,0
17/04/2022,9975,619,1390,2266,0,1674,0
17/04/2022,6177,310,3828,1028,0,1045,0
17/04/2022,5704,439,1506,3192,0,1071,0
18/04/2022,7943,429,2923,1422,0,2161,0
18/04/2022,5739,501,2503,1683,0,1560,0
18/04/2022,9613,483,3370,2400,0,1268,0
18/04/2022,5614,511,3210,3102,0,1194,0
18/04/2022,7086,435,3042,1053,0,2665,0
18/04/2022,5973,675,2229,1809,0,1754,0
18/04/2022,5924,356,1637,2274,0,2973,0
18/04/2022,9358,645,2354,2842,0,2124,0
18/04/2022,8430,684,1271,1798,0,2530,0
18/04/2022,7763,615,2012,3485,0,1531,0
18/04/2022,7987,480,3599,2514,0,1779,0
18/04/2022,9035,485,2820,1949,0,1903,0
18/04/2022,6695,347,2290,1941,0,2139,0
18/04/2022,7023,551,2915,3834,0,1980,0
18/04/2022,6178,500,3618,1689,0,1449,0
19/04/2022,5179,469,2446,1742,0,2678,0
19/04/2022,5802,374,3213,2023,0,1339,0
19/04/2022,9159,669,3437,3318,0,2375,0
19/04/2022,6088,462,3623,2256,0,1377,0
19/04/2022,6162,484,2766,1345,0,1956,0
19/04/2022,9800,612,2829,2041,0,2431,0
19/04/2022,6238,337,3908,3342,0,1420,0
19/04/2022,7634,508,1553,2230,0,1147,0
19/04/2022,5216,613,2572,1596,0,1387,0
19/04/2022,8917,479,2445,1235,0,2721,0
19/04/2022,7408,558,1826,1932,0,2477,0
19/04/2022,6532,385,1104,2713,0,1920,0
19/04/2022,6427,434,2448,2711,0,1409,0
19/04/2022,8353,332,1915,1978,0,2326,0
19/04/2022,7630,364,1480,3456,0,1623,0
20/04/2022,8837,656,2365,2091,0,2354,0
20/04/2022,7387,680,3611,1314,0,2565,0
20/04/2022,8178,568,2309,2938,0,1265,0
20/04/2022,10000,541,1477,2506,0,2452,0
20/04/2022,9859,352,3933,2920,0,2921,0
20/04/2022,5417,411,1176,3040,0,2546,0
20/04/2022,5915,314,3088,1988,0,2555,0
20/04/2022,9107,427,3346,3912,0,1398,0
20/04/2022,9204,538,1979,3312,0,1812,0
20/04/2022,7086,436,2252,2264,0,1113,0
20/04/2022,7025,682,2406,3510,0,1938,0
20/04/2022,6304,494,3987,3035,0,1654,0
20/04/2022,7361,572,3875,3764,0,1601,0
20/04/2022,5508,325,2191,2800,0,2891,0
21/04/2022,6228,618,2144,1058,0,1369,0
21/04/2022,5494,564,2848,2818,0,2805,0
21/04/2022,9438,481,3593,1373,0,1625,0
21/04/2022,8984,579,1094,3310,0,2634,0
21/04/2022,9198,456,1530,3109,0,2899,0
21/04/2022,8824,513,3702,1411,0,1058,0
21/04/2022,7711,500,3177,3559,0,2435,0
21/04/2022,9171,582,2212,2373,0,1585,0
21/04/2022,9438,594,3160,3492,0,3000,0
21/04/2022,6873,525,2232,1886,0,2356,0
21/04/2022,7338,358,2066,2779,0,1084,0
21/04/2022,7115,322,3218,3143,0,1964,0
21/04/2022,7201,530,3338,1803,0,1369,0
21/04/2022,9963,462,3567,1920,0,2508,0
21/04/2022,9099,689,3714,1969,0,2857,0
22/04/2022,5807,514,2409,3229,0,2787,0
22/04/2022,6418,358,1067,2674,0,1242,0
22/04/2022,8899,366,3851,3297,0,1154,0
22/04/2022,7598,509,2538,1018,0,1318,0
22/04/2022,5768,550,3522,2658,0,1567,0
22/04/2022,7847,599,1969,1788,0,2218,0
22/04/2022,7625,323,2065,1140,0,1907,0
22/04/2022,6729,556,1410,3720,0,2613,0
22/04/2022,9206,562,3936,1366,0,1933,0
22/04/2022,7055,601,3736,1411,0,2289,0
22/04/2022,8693,378,1935,2785,0,1359,0
22/04/2022,9266,405,3448,1710,0,1119,0
22/04/2022,7099,522,1045,3526,0,1414,0
22/04/2022,8641,690,2862,3916,0,2408,0
22/04/2022,6931,677,1681,3070,0,1083,0
23/04/2022,9063,495,3060,2892,0,2217,0
23/04/2022,7452,523,3398,1696,0,1095,0
23/04/2022,5225,557,2331,1618,0,1489,0
23/04/2022,7120,411,2643,2458,0,2681,0
23/04/2022,9061,333,1271,2043,0,2488,0
23/04/2022,5035,419,3050,3688,0,1081,0
23/04/2022,7745,311,3662,3545,0,2041,0
23/04/2022,5326,454,2473,3763,0,2366,0
23/04/2022,8466,357,1294,4000,0,1153,0
23/04/2022,5469,372,1953,3218,0,2747,0
23/04/2022,7712,393,1381,3352,0,1831,0
23/04/2022,8810,627,1910,3229,0,2786,0
23/04/2022,5534,428,1821,2691,0,2352,0
23/04/2022,5283,367,2862,1603,0,1321,0
23/04/2022,9014,627,1183,2596,0,1918,0
24/04/2022,5333,493,2217,2509,0,1119,0
24/04/2022,5639,525,3607,2250,0,1606,0
24/04/2022,7869,367,1346,3944,0,2111,0
24/04/2022,6902,611,1207,2934,0,2691,0
24/04/2022,9335,442,1352,1748,0,1150,0
24/04/2022,7481,366,2456,1331,0,2867,0
24/04/2022,8899,587,2370,1728,0,1076,0
24/04/2022,8015,500,2932,3926,0,2456,0
24/04/2022,6502,663,1686,1488,0,1273,0
24/04/2022,5015,680,1761,1001,0,1226,0
24/04/2022,9146,647,3329,2989,0,2065,0
24/04/2022,8188,479,3121,1253,0,1822,0
24/04/2022,8218,552,1585,1363,0,2609,0
24/04/2022,6317,385,1506,1682,0,2409,0
25/04/2022,5976,574,2520,1430,0,2143,0
25/04/2022,5139,601,3405,2860,0,1477,0
25/04/2022,6489,620,3100,2351,0,1428,0
25/04/2022,7336,325,1683,2157,0,1827,0
25/04/2022,6593,542,2485,1252,0,2117,0
25/04/2022,5333,562,2205,1600,0,2673,0
25/04/2022,7965,461,3217,1549,0,1593,0
25/04/2022,9550,691,3013,1745,0,1952,0
25/04/2022,6725,372,1408,2548,0,2383,0
25/04/2022,8449,493,2549,3365,0,1892,0
25/04/2022,5595,474,2177,3375,0,2855,0
25/04/2022,9717,456,2163,2370,0,2657,0
25/04/2022,7828,348,1131,2982,0,2244,0
25/04/2022,9312,481,2039,2973,0,1643,0
25/04/2022,6679,629,1892,2300,0,2673,0
26/04/2022,5413,497,3228,1623,0,2213,0
26/04/2022,6979,353,1159,2618,0,1512,0
26/04/2022,7248,477,3492,3074,0,1921,0
26/04/2022,5892,536,3283,3934,0,1768,0
26/04/2022,6082,651,1026,1987,0,2414,0
26/04/2022,8623,683,1727,1330,0,1473,0
26/04/2022,9648,458,2499,3230,0,1819,0
26/04/2022,8908,553,3694,2857,0,1472,0
26/04/2022,5383,480,3790,2435,0,1142,0
26/04/2022,6484,603,1521,1151,0,1016,0
26/04/2022,8929,661,1039,1111,0,1418,0
26/04/2022,9882,303,3362,2015,0,1201,0
26/04/2022,8518,349,2615,2873,0,2824,0
26/04/2022,9311,546,3131,3648,0,2848,0
26/04/2022,7946,434,1552,1475,0,1405,0
27/04/2022,8928,414,1842,2006,0,1781,0
27/04/2022,7279,388,2880,1798,0,2247,0
27/04/2022,7856,444,3792,3128,0,1649,0
27/04/2022,5532,358,1827,2326,0,2523,0
27/04/2022,6339,384,3001,3865,0,2211,0
27/04/2022,5731,624,1568,2882,0,2197,0
27/04/2022,7798,414,2041,3265,0,2353,0
27/04/2022,9194,384,2943,3701,0,2063,0
27/04/2022,6404,555,1956,1790,0,2720,0
27/04/2022,6458,362,2930,1451,0,1037,0
27/04/2022,6850,611,2097,1288,0,2864,0
27/04/2022,9263,391,1473,2327,0,2129,0
27/04/2022,8145,479,1608,3966,0,1707,0
27/04/2022,9741,592,1640,2775,0,1672,0
27/04/2022,9506,315,3004,1372,0,2520,0
28/04/2022,9121,461,3121,3768,0,1242,0
28/04/2022,5372,646,1476,1265,0,2729,0
28/04/2022,8595,477,2315,3644,0,1124,0
28/04/2022,9992,582,1452,3956,0,2423,0
28/04/2022,9683,447,2535,3813,0,2584,0
28/04/2022,9732,445,2268,1408,0,2397,0
28/04/2022,8619,635,1212,2473,0,1552,0
28/04/2022,6614,441,3755,2617,0,1372,0
28/04/2022,8871,422,3134,2080,0,1220,0
28/04/2022,7735,575,1179,3154,0,2976,0
28/04/2022,6921,397,2031,3003,0,2049,0
28/04/2022,7750,516,3810,1257,0,2890,0
28/04/2022,8655,412,1274,3897,0,1019,0
28/04/2022,8807,322,2618,2801,0,1028,0
28/04/2022,5777,549,1391,3380,0,2149,0
29/04/2022,8214,605,3458,2080,0,2818,0
29/04/2022,7155,499,1294,3185,0,2086,0
29/04/2022,7809,371,1506,3964,0,2585,0
29/04/2022,8530,641,3940,3477,0,2036,0
29/04/2022,6986,504,1334,2944,0,2826,0
29/04/2022,8201,647,3147,2993,0,1334,0
29/04/2022,8468,622,1019,3458,0,1597,0
29/04/2022,6235,307,2828,1301,0,2394,0
29/04/2022,9280,365,1250,1508,0,1760,0
29/04/2022,6887,580,1348,3312,0,2566,0
29/04/2022,5259,427,2666,3202,0,2776,0
29/04/2022,5166,418,1142,1628,0,1487,0
29/04/2022,5113,598,1874,3227,0,1495,0
29/04/2022,9571,478,2667,1094,0,2107,0
29/04/2022,5015,389,2396,1046,0,1924,0
30/04/2022,5719,332,3272,1858,0,2141,0
30/04/2022,5263,517,3646,2043,0,2084,0
30/04/2022,5313,573,2021,2037,0,1421,0
30/04/2022,5578,625,2827,3708,0,2167,0
30/04/2022,6739,605,3445,2563,0,2825,0
30/04/2022,5962,632,3643,1475,0,2764,0
30/04/2022,5368,383,2328,1714,0,2843,0
30/04/2022,5419,467,2508,2021,0,2565,0
30/04/2022,8239,579,3009,1434,0,2951,0
30/04/2022,6811,523,3292,1686,0,1076,0
30/04/2022,7440,422,2525,1054,0,2964,0
30/04/2022,9725,345,2071,3299,0,1781,0
30/04/2022,5139,501,1011,2797,0,2416,0
30/04/2022,7115,443,2374,3014,0,1607,0
30/04/2022,7092,544,3798,2264,0,1590,0
16/05/2022,6222,550,1032,3367,0,1248,0
16/05/2022,8015,336,1990,3619,0,1379,0
16/05/2022,8724,459,1087,2554,0,1260,0
16/05/2022,6327,429,3515,3243,0,1416,0
16/05/2022,6549,513,1304,2643,0,2257,0
16/05/2022,9392,329,1824,1901,0,2822,0
16/05/2022,7628,665,3241,2112,0,2564,0
16/05/2022,9422,566,1195,1944,0,1805,0
16/05/2022,7337,514,3780,3154,0,2453,0
16/05/2022,7397,405,1361,1379,0,1730,0
16/05/2022,5253,535,2373,2772,0,1400,0
16/05/2022,6513,588,3470,1483,0,1726,0
16/05/2022,5072,395,1323,3997,0,2323,0
17/05/2022,7652,335,1604,1312,0,2926,0
17/05/2022,5126,451,1168,2616,0,1975,0
17/05/2022,9236,689,2869,2774,0,2447,0
17/05/2022,6276,317,1344,1589,0,2469,0
17/05/2022,7564,480,1204,1723,0,2527,0
17/05/2022,7878,455,1817,1115,0,2156,0
17/05/2022,7253,582,1029,2654,0,2082,0
17/05/2022,8708,335,3534,1426,0,1521,0
17/05/2022,7040,332,1992,3931,0,2028,0
17/05/2022,6359,689,2638,2789,0,2460,0
17/05/2022,7692,603,1968,2341,0,2244,0
17/05/2022,9169,413,2777,2608,0,1853,0
17/05/2022,8250,463,1464,3967,0,1370,0
17/05/2022,5932,405,1014,1241,0,1856,0
17/05/2022,5810,576,1057,2565,0,2880,0
18/05/2022,9986,341,2108,2974,0,1068,0
18/05/2022,6911,553,3525,3862,0,1888,0
18/05/2022,9853,488,3280,2015,0,1386,0
18/05/2022,7357,656,2948,2423,0,1983,0
18/05/2022,9436,359,1480,1728,0,1352,0
18/05/2022,5604,363,1892,2653,0,2923,0
18/05/2022,6359,673,2408,3228,0,1118,0
18/05/2022,9207,443,2366,2546,0,1064,0
18/05/2022,8953,476,3766,1775,0,1432,0
18/05/2022,5444,525,2157,2551,0,1255,0
18/05/2022,5716,425,1044,3560,0,1089,0
18/05/2022,9274,482,3346,1621,0,1599,0
18/05/2022,8864,471,2353,1703,0,1853,0
18/05/2022,7129,463,1423,2869,0,2473,0
18/05/2022,9714,614,1086,3074,0,1165,0
19/05/2022,6324,530,3650,2866,0,2972,0
19/05/2022,5032,508,3979,2211,0,2682,0
19/05/2022,5299,385,2954,1134,0,2697,0
19/05/2022,7388,482,1281,1620,0,2228,0
19/05/2022,9816,663,2974,3040,0,1226,0
19/05/2022,8458,469,2215,1159,0,2981,0
19/05/2022,8026,355,2090,2767,0,2640,0
19/05/2022,6525,404,1987,1204,0,1386,0
19/05/2022,7430,558,1983,1916,0,2422,0
19/05/2022,5780,687,3896,3942,0,1142,0
19/05/2022,8876,398,2631,3844,0,1096,0
19/05/2022,6569,678,3951,2925,0,1630,0
19/05/2022,6419,689,3447,3073,0,1538,0
19/05/2022,5800,476,2476,2209,0,2491,0
19/05/2022,5701,677,3276,1957,0,2261,0
20/05/2022,5699,665,2484,3347,0,1154,0
20/05/2022,5773,315,1929,3055,0,2555,0
20/05/2022,9280,681,3056,2273,0,1329,0
20/05/2022,9126,661,3924,1933,0,1314,0
20/05/2022,9473,384,3365,1000,0,2881,0
20/05/2022,7782,648,3723,3264,0,2006,0
20/05/2022,7033,470,1303,3992,0,2465,0
20/05/2022,9462,338,2255,1782,0,2254,0
20/05/2022,5293,685,2023,2220,0,1117,0
20/05/2022,9781,693,2688,2487,0,2887,0
20/05/2022,7059,358,1846,2388,0,1188,0
20/05/2022,6251,693,1860,2739,0,2487,0
20/05/2022,7783,394,2589,3255,0,1842,0
20/05/2022,9840,303,3540,3785,0,2260,0
20/05/2022,8977,444,2857,3586,0,1349,0
21/05/2022,9583,632,3352,3196,0,2508,0
21/05/2022,8072,337,2399,3648,0,1441,0
21/05/2022,9548,417,1273,3869,0,1521,0
21/05/2022,7051,484,1294,1624,0,1097,0
21/05/2022,9744,595,1599,3296,0,1196,0
21/05/2022,6127,497,2055,3354,0,2733,0
21/05/2022,7755,323,3455,3864,0,1953,0
21/05/2022,9254,401,3504,2908,0,2945,0
21/05/2022,8370,530,1304,1468,0,1007,0
21/05/2022,5374,611,2072,2049,0,1773,0
21/05/2022,8264,553,3820,3849,0,1267,0
21/05/2022,9292,496,2953,1796,0,2241,0
21/05/2022,9106,364,1650,2085,0,1641,0
21/05/2022,8605,420,2109,1456,0,1104,0
21/05/2022,5225,559,3528,3784,0,1756,0
22/05/2022,6884,622,1914,3161,0,1575,0
22/05/2022,6937,493,2194,2254,0,1852,0
22/05/2022,5665,653,1126,2784,0,2000,0
22/05/2022,5206,482,1965,1785,0,2864,0
22/05/2022,9042,407,3366,1352,0,2683,0
22/05/2022,7150,522,3174,1115,0,2581,0
22/05/2022,8971,506,3085,1288,0,1261,0
22/05/2022,9117,641,1840,1047,0,2072,0
22/05/2022,6827,585,1568,2776,0,2790,0
22/05/2022,6251,598,2063,1733,0,1831,0
22/05/2022,5467,686,3432,1748,0,2120,0
22/05/2022,6592,348,1467,3901,0,2687,0
22/05/2022,6919,680,1999,2041,0,2505,0
23/05/2022,8056,524,2561,2227,0,2394,0
23/05/2022,8800,342,2004,3529,0,2978,0
23/05/2022,9515,397,2821,3055,0,2789,0
23/05/2022,8075,652,2449,3102,0,2724,0
23/05/2022,7353,504,3170,2787,0,1433,0
23/05/2022,7031,667,2524,1428,0,2874,0
23/05/2022,6780,643,3465,2124,0,2818,0
23/05/2022,6710,411,1814,3525,0,1922,0
23/05/2022,9055,369,3393,3682,0,1759,0
23/05/2022,5759,562,3598,2226,0,1371,0
23/05/2022,8884,509,1979,1608,0,2113,0
23/05/2022,6914,344,3046,2365,0,1828,0
23/05/2022,6500,534,2857,1309,0,2939,0
23/05/2022,7491,442,2864,3370,0,2974,0
23/05/2022,5152,675,3976,3001,0,1227,0
24/05/2022,9038,700,1129,3559,0,1100,0
24/05/2022,9066,604,2361,2089,0,1374,0
24/05/2022,9733,681,1861,2127,0,2047,0
24/05/2022,8304,460,1484,2919,0,2447,0
24/05/2022,9361,411,2303,1736,0,1724,0
24/05/2022,8847,322,1751,3349,0,2283,0
24/05/2022,6161,449,3857,3834,0,2331,0
24/05/2022,7164,485,1651,3355,0,1680,0
24/05/2022,8100,489,2283,1715,0,2439,0
24/05/2022,5564,696,3168,2231,0,1817,0
24/05/2022,8663,403,3498,1821,0,2334,0
24/05/2022,7508,538,2377,3410,0,1300,0
24/05/2022,5129,557,1123,3820,0,1806,0
24/05/2022,8576,554,1714,3885,0,1427,0
24/05/2022,5810,404,1311,1752,0,1637,0
25/05/2022,8845,426,2594,2395,0,2487,0
25/05/2022,5981,393,2300,3253,0,1453,0
25/05/2022,5234,382,3818,1541,0,2310,0
25/05/2022,8566,700,2245,3958,0,1556,0
25/05/2022,8805,651,2336,3900,0,2497,0
25/05/2022,8195,412,1105,3315,0,2059,0
25/05/2022,9461,332,1455,2835,0,1469,0
25/05/2022,9213,590,1915,3393,0,1768,0
25/05/2022,7833,509,3497,1495,0,1081,0
25/05/2022,9877,322,1019,2024,0,1296,0
25/05/2022,6644,387,1966,3539,0,1757,0
25/05/2022,6049,614,1622,1860,0,2804,0
25/05/2022,5597,418,1127,2701,0,2435,0
25/05/2022,8496,341,1890,3223,0,2231,0
26/05/2022,9706,688,3310,3487,0,2950,0
26/05/2022,5868,606,2023,3034,0,1694,0
26/05/2022,9584,558,1760,2053,0,2065,0
26/05/2022,6686,414,2948,2610,0,2178,0
26/05/2022,5059,533,1767,2099,0,1531,0
26/05/2022,5673,506,3120,1155,0,2925,0
26/05/2022,6502,677,3755,2515,0,2829,0
26/05/2022,9138,696,1933,3173,0,1310,0
26/05/2022,6522,490,2249,1715,0,1588,0
26/05/2022,7539,554,1781,2000,0,2650,0
26/05/2022,7111,304,3588,1758,0,2755,0
26/05/2022,7247,698,3993,3522,0,2591,0
26/05/2022,7377,583,3456,2622,0,1077,0
26/05/2022,9083,575,1559,3685,0,1070,0
26/05/2022,8567,312,2799,1286,0,2117,0
27/05/2022,9654,698,3555,1383,0,1552,0
27/05/2022,6929,453,1514,3966,0,1271,0
27/05/2022,7110,656,3293,3888,0,2432,0
27/05/2022,8505,583,1888,2398,0,2864,0
27/05/2022,7112,445,2422,3512,0,2134,0
27/05/2022,6423,357,3978,2068,0,2591,0
27/05/2022,7530,442,3552,2530,0,2759,0
27/05/2022,7042,589,3362,3814,0,1448,0
27/05/2022,7212,351,3888,1119,0,1822,0
27/05/2022,9092,535,2684,2286,0,2188,0
27/05/2022,7764,446,1933,1211,0,2103,0
27/05/2022,6171,495,2565,3049,0,1023,0
27/05/2022,6555,366,2970,2882,0,2517,0
27/05/2022,8304,465,1459,3385,0,1799,0
27/05/2022,5517,586,3658,1596,0,1533,0
28/05/2022,5651,483,3936,2557,0,2611,0
28/05/2022,5682,493,2338,2231,0,2031,0
28/05/2022,5190,381,3524,2739,0,1058,0
28/05/2022,6603,658,3765,2022,0,1637,0
28/05/2022,7284,669,3329,1398,0,1496,0
28/05/2022,9007,575,1957,1234,0,1642,0
28/05/2022,6616,586,1174,3876,0,1112,0
28/05/2022,7515,668,3581,3633,0,1122,0
28/05/2022,8352,457,2070,1617,0,2942,0
28/05/2022,5454,334,3349,1450,0,2260,0
28/05/2022,9139,661,1016,2439,0,1525,0
28/05/2022,7431,574,1018,2112,0,2073,0
28/05/2022,6528,439,3506,1648,0,2992,0
28/05/2022,5235,550,3029,3466,0,2562,0
28/05/2022,7402,491,2677,3254,0,2806,0
29/05/2022,8728,625,3282,3657,0,2772,0
29/05/2022,8547,452,2609,3904,0,1146,0
29/05/2022,6192,445,3129,2335,0,2885,0
29/05/2022,8221,503,1047,1916,0,2121,0
29/05/2022,5695,489,2354,1659,0,2139,0
29/05/2022,5989,348,3566,2836,0,1872,0
29/05/2022,6335,404,3073,2956,0,1684,0
29/05/2022,5021,649,2582,2706,0,2819,0
29/05/2022,6409,385,2002,3963,0,2801,0
29/05/2022,8912,431,2157,2348,0,2070,0
29/05/2022,7803,555,1088,2402,0,1165,0
29/05/2022,6014,459,1827,1866,0,2161,0
29/05/2022,6155,498,2068,2116,0,1855,0
29/05/2022,5656,446,2342,3085,0,2449,0
29/05/2022,7036,546,3165,3238,0,2411,0
30/05/2022,9680,381,3883,1239,0,1562,0
30/05/2022,6821,381,3810,2369,0,2419,0
30/05/2022,8493,585,2561,3706,0,1363,0
30/05/2022,6324,669,2330,2477,0,1023,0
30/05/2022,9245,369,2133,2714,0,1219,0
30/05/2022,8779,629,1182,2248,0,1632,0
30/05/2022,7897,433,1164,3542,0,2406,0
30/05/2022,8558,534,1212,1077,0,2136,0
30/05/2022,7559,466,2140,3113,0,1201,0
30/05/2022,9403,492,1552,2299,0,2382,0
30/05/2022,7351,465,3529,3868,0,1625,0
30/05/2022,5145,417,1421,3135,0,2083,0
30/05/2022,7678,383,3219,1864,0,1009,0
30/05/2022,5828,390,2397,2502,0,2758,0
30/05/2022,9136,554,2436,3042,0,2522,0
31/05/2022,9160,455,1113,3844,0,2107,0
31/05/2022,6845,305,1459,3454,0,2673,0
31/05/2022,6931,477,2658,3794,0,2681,0
31/05/2022,7683,527,1693,3171,0,2418,0
31/05/2022,7130,692,2540,2772,0,2265,0
31/05/2022,6879,487,1067,2661,0,1170,0
31/05/2022,8181,469,1156,2745,0,2274,0
31/05/2022,5104,607,2538,2611,0,2037,0
31/05/2022,7479,332,2936,1355,0,2140,0
31/05/2022,8807,411,1677,1950,0,2289,0
31/05/2022,9577,642,1208,2742,0,1585,0
31/05/2022,9539,492,2810,3370,0,1368,0
31/05/2022,7656,391,2045,1621,0,2045,0
31/05/2022,9324,315,3140,1571,0,2000,0
31/05/2022,9804,598,2494,2167,0,2347,0
01/06/2022,8322,614,1038,3807,0,1522,0
01/06/2022,5997,458,2282,2255,0,1745,0
01/06/2022,6062,551,2668,1145,0,2852,0
01/06/2022,9116,531,1650,3594,0,1345,0
01/06/2022,8633,659,3815,2547,0,2324,0
01/06/2022,5579,362,2154,1733,0,1311,0
01/06/2022,7453,515,2379,2533,0,1408,0
01/06/2022,5021,441,1102,1993,0,2105,0
01/06/2022,5801,470,2173,1160,0,1647,0
01/06/2022,9803,394,1382,2367,0,2472,0
01/06/2022,8600,589,1747,2438,0,2660,0
01/06/2022,6118,390,1309,3053,0,2788,0
01/06/2022,6956,307,1040,1994,0,2028,0
01/06/2022,7345,622,1932,2886,0,1383,0
01/06/2022,6160,569,2617,2599,0,1655,0
02/06/2022,7059,696,3957,2478,0,2291,0
02/06/2022,9306,304,1065,2256,0,2396,0
02/06/2022,6358,308,3543,2405,0,2931,0
02/06/2022,7709,546,2100,3627,0,2579,0
02/06/2022,7561,462,2200,1090,0,2723,0
02/06/2022,5135,638,3158,3847,0,1250,0
02/06/2022,7545,313,3925,1557,0,2024,0
02/06/2022,7612,448,1134,2272,0,2779,0
02/06/2022,5761,304,3447,2887,0,2174,0
02/06/2022,8171,463,2766,1173,0,2361,0
02/06/2022,6826,654,1889,1209,0,2950,0
02/06/2022,5344,330,3912,2417,0,2944,0
02/06/2022,7727,302,3338,2701,0,2946,0
02/06/2022,6224,636,1214,3234,0,2798,0
03/06/2022,7371,696,2227,1170,0,1544,0
03/06/2022,8723,546,3123,2475,0,2686,0
03/06/2022,8449,440,1990,1482,0,2327,0
03/06/2022,6732,629,2078,3243,0,1507,0
03/06/2022,8093,483,1134,3102,0,2406,0
03/06/2022,8456,476,3568,3751,0,2178,0
03/06/2022,5064,507,3775,3841,0,1828,0
03/06/2022,5373,618,2813,2180,0,2451,0
03/06/2022,5812,416,1472,2002,0,1317,0
03/06/2022,5111,665,1495,1734,0,2940,0
03/06/2022,9637,643,3842,3615,0,2749,0
03/06/2022,9062,653,2769,3181,0,2159,0
03/06/2022,9139,520,2785,2478,0,2693,0
03/06/2022,9055,453,2217,1212,0,2907,0
03/06/2022,5883,353,3649,1252,0,2059,0
04/06/2022,8849,655,2319,2011,0,1392,0
04/06/2022,8740,694,3132,2892,0,2643,0
04/06/2022,5469,471,1118,3806,0,2806,0
04/06/2022,7510,521,1595,2551,0,1278,0
04/06/2022,9910,524,3025,1921,0,1792,0
04/06/2022,7316,670,3939,1019,0,2367,0
04/06/2022,8606,409,2816,1093,0,2358,0
04/06/2022,8969,619,3206,1275,0,1975,0
04/06/2022,7672,300,2721,2346,0,2716,0
04/06/2022,5033,435,1169,1449,0,1308,0
04/06/2022,9402,661,3347,3092,0,2053,0
04/06/2022,5839,427,3024,3493,0,1965,0
04/06/2022,6341,432,2619,1347,0,2762,0
04/06/2022,8704,456,1481,2241,0,2067,0
05/06/2022,8377,305,1605,3896,0,2078,0
05/06/2022,7935,477,2367,1166,0,1853,0
05/06/2022,7736,649,2798,1170,0,2756,0
05/06/2022,9311,405,1017,1588,0,1634,0
05/06/2022,8441,459,2561,1596,0,2528,0
05/06/2022,9010,389,1180,3961,0,2716,0
05/06/2022,6905,687,3540,2332,0,2528,0
05/06/2022,6114,484,1706,1636,0,1449,0
05/06/2022,7303,641,2753,1708,0,2381,0
05/06/2022,8139,366,2782,3184,0,1059,0
05/06/2022,5892,405,2447,3324,0,2736,0
05/06/2022,6500,459,3151,1818,0,2496,0
05/06/2022,8779,476,1702,3297,0,2074,0
05/06/2022,6415,409,3192,2945,0,2021,0
06/06/2022,5458,334,2216,1030,0,1499,0
06/06/2022,7876,402,2252,2053,0,2385,0
06/06/2022,9116,458,2392,2367,0,2515,0
06/06/2022,6219,576,1871,2974,0,2644,0
06/06/2022,8306,513,2809,1021,0,1694,0
06/06/2022,5660,629,2650,2867,0,2247,0
06/06/2022,9517,330,1865,1117,0,1990,0
06/06/2022,9368,504,3043,1449,0,1875,0
06/06/2022,6924,443,1676,1543,0,1546,0
06/06/2022,6457,669,1988,3704,0,1959,0
06/06/2022,8550,577,2117,2720,0,2247,0
06/06/2022,8169,353,1921,3945,0,1172,0
06/06/2022,7573,678,1587,2734,0,2835,0
06/06/2022,9577,688,2680,2145,0,1938,0
06/06/2022,7720,572,3755,3189,0,2346,0
07/06/2022,7029,658,3159,1093,0,1978,0
07/06/2022,8083,556,1438,3661,0,1420,0
07/06/2022,5942,666,2962,1465,0,2688,0
07/06/2022,7813,332,1993,2304,0,2994,0
07/06/2022,9976,422,2597,3476,0,1362,0
07/06/2022,7939,518,2864,1624,0,2851,0
07/06/2022,8103,540,1064,1737,0,2553,0
07/06/2022,7699,603,3560,3292,0,2843,0
07/06/2022,8264,682,2755,2608,0,2426,0
07/06/2022,5443,638,2499,2454,0,1590,0
07/06/2022,7790,414,3960,1341,0,2319,0
07/06/2022,8427,470,3492,1686,0,2811,0
07/06/2022,6558,655,1854,2972,0,2120,0
07/06/2022,6982,428,2883,1328,0,2359,0
07/06/2022,7528,399,3342,2683,0,2255,0
08/06/2022,7633,639,2968,2144,0,1547,0
08/06/2022,6375,644,3826,1892,0,2997,0
08/06/2022,9462,441,2138,1134,0,2382,0
08/06/2022,8877,316,3512,1918,0,2848,0
08/06/2022,7069,304,1327,2546,0,2814,0
08/06/2022,7565,507,1293,1283,0,1992,0
08/06/2022,5752,400,2925,3832,0,2303,0
08/06/2022,5481,663,3916,2963,0,1319,0
08/06/2022,5190,558,1503,3513,0,2584,0
08/06/2022,8321,493,3069,2574,0,1319,0
08/06/2022,9199,631,2909,1895,0,2382,0
08/06/2022,5814,578,2309,3769,0,2487,0
08/06/2022,6437,408,1010,3721,0,1824,0
08/06/2022,9720,684,3497,2176,0,2666,0
08/06/2022,9589,637,2963,2339,0,1984,0
09/06/2022,7788,560,2395,2450,0,2290,0
09/06/2022,9634,384,1354,1640,0,2936,0
09/06/2022,9886,680,2725,3950,0,2370,0
09/06/2022,5390,564,3242,1295,0,2290,0
09/06/2022,6947,443,3337,1906,0,1468,0
09/06/2022,8968,581,1805,1793,0,2549,0
09/06/2022,6969,327,3002,3859,0,1332,0
09/06/2022,7108,477,2619,1160,0,2037,0
09/06/2022,6809,657,2628,3687,0,1292,0
09/06/2022,5689,464,1115,1681,0,2422,0
09/06/2022,8213,447,2622,3631,0,1542,0
09/06/2022,8830,525,3204,2711,0,2003,0
09/06/2022,9538,630,1186,2127,0,1449,0
09/06/2022,9976,552,2975,1946,0,1127,0
09/06/2022,7556,383,1113,3264,0,2816,0
10/06/2022,5418,318,3095,3908,0,2407,0
10/06/2022,5783,344,3037,1163,0,2686,0
10/06/2022,8526,616,3154,2067,0,2410,0
10/06/2022,8724,579,3830,1994,0,2067,0
10/06/2022,9628,311,3546,3024,0,2088,0
10/06/2022,8459,302,1811,1047,0,1085,0
10/06/2022,5000,678,2916,3416,0,2323,0
10/06/2022,7320,328,1375,1644,0,2741,0
10/06/2022,6434,447,1370,3317,0,2045,0
10/06/2022,7074,343,1963,1801,0,1693,0
10/06/2022,9074,580,2923,3158,0,1418,0
10/06/2022,6836,381,1170,2485,0,2683,0
10/06/2022,8401,632,1680,2391,0,1270,0
10/06/2022,6471,492,2718,2866,0,2535,0
10/06/2022,8582,611,2738,2834,0,2591,0
11/06/2022,5041,525,2248,3598,0,1445,0
11/06/2022,8735,369,3060,3240,0,2146,0
11/06/2022,8321,496,1226,3945,0,1391,0
11/06/2022,7060,545,2798,2076,0,2998,0
11/06/2022,9810,641,1772,2229,0,1715,0
11/06/2022,6134,382,3881,1844,0,2665,0
11/06/2022,8428,527,1545,3875,0,2525,0
11/06/2022,9509,416,3774,3278,0,1163,0
11/06/2022,9277,555,3050,2120,0,1213,0
11/06/2022,5752,534,2228,3868,0,2144,0
11/06/2022,9877,414,1347,1004,0,2507,0
11/06/2022,8655,620,1396,1626,0,1135,0
11/06/2022,8404,403,1503,1301,0,1101,0
11/06/2022,5845,487,3385,2231,0,2694,0
11/06/2022,5013,409,3302,1944,0,2268,0
12/06/2022,6294,700,1062,1219,0,2826,0
12/06/2022,6127,355,2050,3164,0,1687,0
12/06/2022,8219,552,1759,1627,0,2594,0
12/06/2022,8469,556,1361,2002,0,2204,0
12/06/2022,8747,492,1420,1157,0,2087,0
12/06/2022,6040,599,1070,3032,0,2812,0
12/06/2022,7745,420,3175,1838,0,2709,0
12/06/2022,7538,349,1258,1011,0,2746,0
12/06/2022,8204,329,1929,1414,0,2154,0
12/06/2022,9406,390,2396,3626,0,2370,0
12/06/2022,7259,690,1887,1427,0,2892,0
12/06/2022,7873,393,3233,2989,0,2286,0
12/06/2022,7620,415,2020,2541,0,1592,0
12/06/2022,7465,320,3059,3903,0,1845,0
12/06/2022,5772,386,3993,1132,0,1476,0
13/06/2022,9024,616,2699,2880,0,2617,0
13/06/2022,5911,629,2073,3623,0,2814,0
13/06/2022,5495,478,1737,3354,0,2274,0
13/06/2022,7878,632,3273,2081,0,1484,0
13/06/2022,5526,565,3028,2588,0,1169,0
13/06/2022,5120,495,3813,3074,0,2181,0
13/06/2022,8784,683,1404,2827,0,2515,0
13/06/2022,7707,579,3615,1086,0,2648,0
13/06/2022,5057,516,2677,1516,0,2832,0
13/06/2022,8286,496,3198,2676,0,1168,0
13/06/2022,5280,431,1761,2378,0,1218,0
13/06/2022,6516,681,1879,3405,0,2225,0
13/06/2022,8287,448,2325,3073,0,2905,0
13/06/2022,9943,595,1143,3650,0,1830,0
13/06/2022,6988,423,3085,2963,0,2220,0
14/06/2022,8147,533,3566,3535,0,1333,0
14/06/2022,7710,493,1838,1736,0,1898,0
14/06/2022,8800,464,3778,3084,0,2567,0
14/06/2022,5821,682,2681,2828,0,1266,0
14/06/2022,8498,615,3024,3649,0,2812,0
14/06/2022,7500,587,2286,3703,0,1547,0
14/06/2022,6894,592,3846,2359,0,1076,0
14/06/2022,9938,583,3695,3942,0,1739,0
14/06/2022,6393,482,1340,1126,0,2062,0
14/06/2022,8930,586,2446,1171,0,1207,0
14/06/2022,8028,373,3151,1635,0,2442,0
14/06/2022,5648,606,1803,3734,0,2919,0
14/06/2022,5123,316,3724,3799,0,1656,0
14/06/2022,7443,617,3608,2644,0,2822,0
15/06/2022,7926,677,3344,3423,0,1629,0
15/06/2022,9460,582,2499,1005,0,2168,0
15/06/2022,9421,625,2998,2435,0,1141,0
15/06/2022,9929,502,2839,1576,0,2950,0
15/06/2022,8163,336,3758,1233,0,1858,0
15/06/2022,6760,530,3455,1597,0,1343,0
15/06/2022,9982,413,2318,1369,0,1873,0
15/06/2022,9159,658,3783,3374,0,1148,0
15/06/2022,5308,675,3619,1925,0,2750,0
15/06/2022,5372,483,1659,2094,0,1007,0
15/06/2022,6785,515,1779,1432,0,1456,0
15/06/2022,6532,342,3088,2042,0,1769,0
15/06/2022,8828,386,1210,2453,0,2544,0
15/06/2022,8648,470,2488,3679,0,2984,0
15/06/2022,5522,691,1923,1741,0,1612,0
16/06/2022,6341,664,3384,1691,0,2217,0
16/06/2022,8908,535,1526,3094,0,2186,0
16/06/2022,5185,377,3974,1502,0,2104,0
16/06/2022,7901,420,1673,1684,0,1061,0
16/06/2022,7127,376,2435,1833,0,2313,0
16/06/2022,6672,561,1016,2685,0,1989,0
16/06/2022,8546,661,3739,1376,0,1245,0
16/06/2022,5788,527,1947,2404,0,2226,0
16/06/2022,8172,412,3226,2805,0,2872,0
16/06/2022,9505,624,3360,1983,0,1850,0
16/06/2022,9693,571,1034,1626,0,1247,0
16/06/2022,9091,364,3229,1008,0,1500,0
16/06/2022,7911,480,1397,2640,0,1655,0
16/06/2022,7978,417,3356,3049,0,2835,0
17/06/2022,9054,319,2803,3012,0,1282,0
17/06/2022,5693,329,2057,2429,0,1656,0
17/06/2022,6883,525,2033,1883,0,1858,0
17/06/2022,5147,549,1533,3776,0,2253,0
17/06/2022,8858,496,2488,2900,0,2914,0
17/06/2022,5779,345,2994,1398,0,2631,0
17/06/2022,8377,466,3365,3977,0,1984,0
17/06/2022,8350,415,1861,1298,0,1211,0
17/06/2022,7803,519,3125,1317,0,2868,0
17/06/2022,6581,642,3692,3990,0,2618,0
17/06/2022,6329,608,3855,2775,0,1209,0
17/06/2022,6416,631,2196,3301,0,1406,0
17/06/2022,7154,527,2321,1166,0,1897,0
17/06/2022,5310,417,3214,2301,0,1470,0
17/06/2022,6468,446,3158,3809,0,1033,0
18/06/2022,7373,464,1770,3990,0,1028,0
18/06/2022,6250,665,3858,2566,0,1255,0
18/06/2022,5214,397,1209,3301,0,1845,0
18/06/2022,9355,608,2842,3760,0,1219,0
18/06/2022,8227,393,2969,1381,0,1254,0
18/06/2022,6961,515,3764,2791,0,1748,0
18/06/2022,9688,613,3195,1378,0,1174,0
18/06/2022,6783,301,3288,2223,0,2528,0
18/06/2022,7151,669,1289,1353,0,1258,0
18/06/2022,8116,326,1233,3174,0,1459,0
18/06/2022,7858,679,3789,2003,0,2733,0
18/06/2022,6227,622,2403,3772,0,1654,0
18/06/2022,7904,580,2659,1785,0,1400,0
18/06/2022,9246,581,2505,2858,0,1089,0
18/06/2022,6122,412,3655,1813,0,2240,0
19/06/2022,5370,662,2427,3429,0,1708,0
19/06/2022,6727,402,1642,2188,0,2829,0
19/06/2022,5290,300,1244,3403,0,2753,0
19/06/2022,9158,426,3428,1225,0,2063,0
19/06/2022,7654,560,1624,3957,0,2255,0
19/06/2022,9469,447,1507,3306,0,1726,0
19/06/2022,6137,321,2919,2303,0,2635,0
19/06/2022,5489,474,2392,1226,0,2593,0
19/06/2022,6915,495,2809,2977,0,2326,0
19/06/2022,9829,404,2033,3157,0,2324,0
19/06/2022,5302,577,3409,1136,0,2390,0
19/06/2022,8713,698,1303,2787,0,1964,0
19/06/2022,7867,672,1548,3909,0,2383,0
19/06/2022,9512,623,2675,3688,0,2702,0
20/06/2022,5891,425,1506,1004,0,1853,0
20/06/2022,7389,536,1919,1250,0,2420,0
20/06/2022,6927,410,2287,3824,0,1974,0
20/06/2022,9194,606,1312,1737,0,2649,0
20/06/2022,8722,305,1664,3353,0,1797,0
20/06/2022,7641,570,2271,3471,0,2774,0
20/06/2022,6473,359,1435,2045,0,1651,0
20/06/2022,8830,370,2308,1601,0,2523,0
20/06/2022,6856,579,2451,3079,0,1223,0
20/06/2022,7981,498,1923,3440,0,2479,0
20/06/2022,5826,644,2699,1168,0,2631,0
20/06/2022,7015,319,1160,3860,0,2318,0
20/06/2022,9564,489,1529,3469,0,2229,0
20/06/2022,7044,689,3166,1491,0,1870,0
20/06/2022,6149,585,1232,2090,0,1195,0
21/06/2022,7295,614,1075,1418,0,2201,0
21/06/2022,8506,569,2640,1619,0,2250,0
21/06/2022,6668,383,2925,2697,0,2875,0
21/06/2022,5165,391,1413,2329,0,2162,0
21/06/2022,9755,574,1945,3532,0,1817,0
21/06/2022,5612,322,3162,1240,0,1273,0
21/06/2022,5882,526,3949,2963,0,2066,0
21/06/2022,6716,344,3722,2810,0,1252,0
21/06/2022,8193,334,1582,3257,0,1786,0
21/06/2022,8144,491,2097,2573,0,1152,0
21/06/2022,7702,402,1842,1367,0,1384,0
21/06/2022,9445,695,2230,3807,0,1140,0
21/06/2022,5782,422,3686,1565,0,2090,0
21/06/2022,8207,301,2706,2134,0,2854,0
21/06/2022,6463,460,2855,1487,0,2310,0
22/06/2022,8899,653,3400,3264,0,2587,0
22/06/2022,5183,609,3200,2095,0,1782,0
22/06/2022,8566,673,2563,1279,0,2199,0
22/06/2022,6513,312,2987,3525,0,2202,0
22/06/2022,8125,389,2255,1020,0,1169,0
22/06/2022,9357,448,1962,3624,0,1220,0
22/06/2022,8999,540,3894,3973,0,2771,0
22/06/2022,9300,558,2525,3433,0,1954,0
22/06/2022,9340,404,1765,2432,0,1253,0
22/06/2022,9338,455,3397,1005,0,2872,0
22/06/2022,8536,458,1157,2424,0,2941,0
22/06/2022,7400,379,3465,1362,0,2394,0
22/06/2022,5015,490,2911,2223,0,1233,0
22/06/2022,8789,330,2307,2875,0,2994,0
22/06/2022,7452,469,1381,1154,0,1265,0
23/06/2022,9426,608,3389,2224,0,2312,0
23/06/2022,5417,475,3917,1171,0,1755,0
23/06/2022,9191,656,2529,3346,0,1468,0
23/06/2022,6437,386,2069,2011,0,2892,0
23/06/2022,5774,652,3680,2769,0,1267,0
23/06/2022,6321,435,2962,3863,0,2209,0
23/06/2022,7620,700,2699,1114,0,2960,0
23/06/2022,5087,698,2756,2153,0,2691,0
23/06/2022,9576,364,3639,2451,0,2817,0
23/06/2022,7297,654,3944,3556,0,2282,0
23/06/2022,5084,521,1784,2792,0,2216,0
23/06/2022,5064,508,3848,2725,0,1531,0
23/06/2022,5865,330,1829,3726,0,1867,0
23/06/2022,7427,313,1232,3730,0,2964,0
24/06/2022,8704,336,3658,1804,0,2860,0
24/06/2022,9023,700,2650,3549,0,1792,0
24/06/2022,6037,403,1174,2005,0,2719,0
24/06/2022,9815,538,2174,2797,0,1442,0
24/06/2022,7129,683,1274,3242,0,1820,0
24/06/2022,6191,429,3103,2873,0,2374,0
24/06/2022,5898,600,3525,3032,0,1662,0
24/06/2022,5754,474,1248,2337,0,1485,0
24/06/2022,9476,389,3504,3850,0,1461,0
24/06/2022,5165,426,1996,3392,0,1883,0
24/06/2022,5901,561,2730,1532,0,2851,0
24/06/2022,9896,683,2769,1220,0,1139,0
24/06/2022,9922,666,3085,1171,0,1400,0
24/06/2022,8241,334,2903,3899,0,1201,0
24/06/2022,5835,509,2155,3868,0,2259,0
25/06/2022,6492,610,2444,3949,0,2080,0
25/06/2022,9403,542,1539,3612,0,1297,0
25/06/2022,9378,380,2766,3106,0,1854,0
25/06/2022,7000,424,2794,1290,0,1048,0
25/06/2022,9667,699,2688,2242,0,2369,0
25/06/2022,9940,380,3039,1351,0,2486,0
25/06/2022,5195,557,2368,3194,0,1360,0
25/06/2022,9716,559,2701,3231,0,2411,0
25/06/2022,6748,512,2187,1367,0,1730,0
25/06/2022,5928,474,3655,2017,0,2622,0
25/06/2022,9610,400,1661,1287,0,2858,0
25/06/2022,8581,339,1590,2406,0,1264,0
25/06/2022,8031,639,3501,1309,0,2103,0
25/06/2022,8544,380,3007,2599,0,2820,0
25/06/2022,5365,655,1442,1486,0,1784,0
26/06/2022,6234,332,3874,3994,0,2296,0
26/06/2022,8419,315,1921,2446,0,1872,0
26/06/2022,7038,437,3911,3134,0,2557,0
26/06/2022,5040,652,1794,3255,0,2987,0
26/06/2022,5611,313,1651,2855,0,2715,0
26/06/2022,9786,514,2321,2028,0,1110,0
26/06/2022,9197,401,2865,2168,0,1337,0
26/06/2022,7089,303,1359,2705,0,2320,0
26/06/2022,9132,673,3817,1653,0,2625,0
26/06/2022,8987,405,3645,2348,0,1065,0
26/06/2022,6149,384,3234,1198,0,2147,0
26/06/2022,6145,625,2542,3559,0,2260,0
26/06/2022,7581,675,3110,1775,0,1940,0
26/06/2022,7798,391,1999,2234,0,2919,0
27/06/2022,9795,542,2470,3321,0,2072,0
27/06/2022,7964,695,3627,1756,0,2112,0
27/06/2022,5539,605,1289,2749,0,1490,0
27/06/2022,8234,604,2462,2480,0,1973,0
27/06/2022,5063,506,3058,2300,0,1530,0
27/06/2022,8262,473,2776,2974,0,2337,0
27/06/2022,5064,384,2135,2232,0,2169,0
27/06/2022,5246,463,2303,2303,0,1446,0
27/06/2022,9674,476,1154,3349,0,1745,0
27/06/2022,7507,446,1717,3424,0,2031,0
27/06/2022,6713,682,3423,2712,0,2643,0
27/06/2022,8890,466,2493,2945,0,2671,0
27/06/2022,8686,387,2735,2222,0,1633,0
27/06/2022,5900,429,1970,2517,0,1252,0
27/06/2022,9691,418,3841,1761,0,2512,0
28/06/2022,7976,584,3386,3212,0,2774,0
28/06/2022,9484,350,1385,2752,0,1304,0
28/06/2022,9386,312,2362,3842,0,1067,0
28/06/2022,5429,552,2472,3900,0,2631,0
28/06/2022,8289,662,2446,2244,0,2710,0
28/06/2022,6659,408,1803,2891,0,1307,0
28/06/2022,5336,461,2961,2028,0,1207,0
28/06/2022,6956,524,1284,3039,0,1191,0
28/06/2022,7819,507,1577,2040,0,1510,0
28/06/2022,7937,425,2720,2555,0,1911,0
28/06/2022,6012,530,1428,3126,0,2573,0
28/06/2022,5826,640,3902,2253,0,2481,0
28/06/2022,6610,508,3551,3354,0,1086,0
28/06/2022,9736,482,3413,1444,0,1669,0
28/06/2022,7571,314,3554,3224,0,1732,0
29/06/2022,5045,482,1259,2287,0,1617,0
29/06/2022,7223,311,3071,2567,0,1825,0
29/06/2022,5346,373,2978,2134,0,1345,0
29/06/2022,9829,616,3880,2872,0,2332,0
29/06/2022,5505,401,1677,1337,0,1596,0
29/06/2022,5141,569,3409,3349,0,1217,0
29/06/2022,5392,457,1489,2553,0,1352,0
29/06/2022,9682,624,1029,3632,0,2346,0
29/06/2022,6064,443,1851,1425,0,2805,0
29/06/2022,6056,509,2242,1459,0,1974,0
29/06/2022,7913,463,2953,2833,0,2332,0
29/06/2022,7242,408,1212,1303,0,1941,0
29/06/2022,7120,626,3207,3184,0,2825,0
29/06/2022,5528,448,1646,1818,0,2243,0
29/06/2022,9776,312,3716,2921,0,1411,0
30/06/2022,6061,653,3667,2053,0,1711,0
30/06/2022,7442,429,1550,2624,0,1085,0
30/06/2022,7398,443,1724,3547,0,1231,0
30/06/2022,9918,618,1231,3733,0,2914,0
30/06/2022,6858,578,1427,2067,0,2398,0
30/06/2022,6174,529,2952,2548,0,1815,0
30/06/2022,7728,423,1661,3616,0,1720,0
30/06/2022,8087,386,1659,1430,0,2280,0
30/06/2022,6671,688,1424,1919,0,1026,0
30/06/2022,9240,377,1318,2769,0,1230,0
30/06/2022,9177,592,2570,1488,0,1068,0
30/06/2022,8973,555,3211,2690,0,2192,0
30/06/2022,7198,496,3704,3926,0,2815,0
30/06/2022,7247,450,2495,1191,0,2159,0
01/07/2022,5713,544,2674,2406,0,2379,0
01/07/2022,8338,567,2220,3348,0,2167,0
01/07/2022,5115,590,1551,1465,0,2595,0
01/07/2022,9163,493,1561,2287,0,1446,0
01/07/2022,9390,315,2748,3194,0,2011,0
01/07/2022,8152,387,2463,2130,0,2177,0
01/07/2022,7754,502,3806,3452,0,1265,0
01/07/2022,8590,550,3568,3691,0,2645,0
01/07/2022,7042,481,1409,3404,0,1955,0
01/07/2022,7798,691,1712,1325,0,2692,0
01/07/2022,5539,407,2057,1703,0,1111,0
01/07/2022,6036,358,3249,3912,0,2132,0
01/07/2022,9351,490,1791,3602,0,1830,0
01/07/2022,8756,545,1836,3545,0,1031,0
02/07/2022,7895,489,3132,3041,0,1252,0
02/07/2022,8312,698,3414,3727,0,1492,0
02/07/2022,8137,535,3563,2623,0,1817,0
02/07/2022,6856,683,2288,2875,0,1271,0
02/07/2022,9048,673,3579,3907,0,2909,0
02/07/2022,8153,632,2921,3969,0,1828,0
02/07/2022,7424,683,1061,3707,0,1467,0
02/07/2022,6213,668,3112,3157,0,1770,0
02/07/2022,8956,316,2645,3858,0,1234,0
02/07/2022,6994,313,2886,3300,0,1098,0
02/07/2022,8853,611,1743,3272,0,2900,0
02/07/2022,8577,404,1175,2318,0,2195,0
02/07/2022,7076,584,1379,2359,0,1628,0
02/07/2022,9765,482,3789,1536,0,2899,0
03/07/2022,5150,613,1220,1979,0,2399,0
03/07/2022,8963,638,2564,2408,0,1411,0
03/07/2022,7558,344,1676,1227,0,2846,0
03/07/2022,6320,655,2740,1206,0,2637,0
03/07/2022,7733,534,1129,3866,0,2052,0
03/07/2022,6241,457,3066,3055,0,2830,0
03/07/2022,8518,644,2504,3997,0,2862,0
03/07/2022,9925,501,1956,3461,0,1183,0
03/07/2022,8101,670,2536,1932,0,1966,0
03/07/2022,5352,301,3752,3219,0,2814,0
03/07/2022,7674,584,2625,1137,0,1834,0
03/07/2022,9467,322,2138,3680,0,2910,0
03/07/2022,9771,506,1722,1673,0,2507,0
04/07/2022,6798,469,2758,3929,0,2567,0
04/07/2022,9109,677,3349,1954,0,1581,0
04/07/2022,7279,507,2351,3610,0,1496,0
04/07/2022,7507,500,3046,3034,0,1358,0
04/07/2022,6598,431,2553,3113,0,2782,0
04/07/2022,8628,343,2230,2303,0,2170,0
04/07/2022,6907,648,2081,1161,0,1800,0
04/07/2022,7892,349,3483,2989,0,1998,0
04/07/2022,7361,435,2911,1112,0,1161,0
04/07/2022,5887,375,2292,2752,0,1989,0
04/07/2022,9343,496,2403,1551,0,2031,0
04/07/2022,9550,313,1938,2493,0,2158,0
04/07/2022,6700,504,2256,3539,0,1338,0
04/07/2022,6063,483,1376,3616,0,1571,0
05/07/2022,6396,398,1765,2794,0,2934,0
05/07/2022,7649,562,2209,1790,0,1396,0
05/07/2022,9640,591,3497,1551,0,2679,0
05/07/2022,5206,514,2380,3844,0,1345,0
05/07/2022,7258,356,2388,1682,0,2749,0
05/07/2022,5751,489,3684,2030,0,1371,0
05/07/2022,9115,647,3032,2966,0,2690,0
05/07/2022,9824,619,2861,3916,0,1604,0
05/07/2022,7952,663,2180,3462,0,2940,0
05/07/2022,9101,488,2214,2977,0,2446,0
05/07/2022,9709,544,1360,1617,0,1124,0
05/07/2022,8776,395,1828,2698,0,1292,0
05/07/2022,5080,410,3165,3268,0,1248,0
06/07/2022,8053,608,1595,1509,0,2730,0
06/07/2022,6938,649,1960,1083,0,2970,0
06/07/2022,8429,391,3002,1281,0,1876,0
06/07/2022,8037,487,3336,2929,0,2824,0
06/07/2022,7392,571,1464,1714,0,2669,0
06/07/2022,7596,499,1750,2839,0,1929,0
06/07/2022,9189,394,3134,1478,0,2292,0
06/07/2022,6087,335,1400,1966,0,1544,0
06/07/2022,9417,489,3062,2662,0,2883,0
06/07/2022,5721,344,3190,2824,0,2649,0
06/07/2022,6193,681,1782,3281,0,2685,0
06/07/2022,6625,630,3111,3524,0,1216,0
06/07/2022,9287,583,2249,2133,0,1164,0
06/07/2022,7245,480,2026,1000,0,1911,0
07/07/2022,6163,468,1451,1148,0,1418,0
07/07/2022,6456,550,1583,2408,0,2583,0
07/07/2022,8559,360,2827,2665,0,1810,0
07/07/2022,8132,584,3737,3213,0,1418,0
07/07/2022,5816,401,1213,3371,0,1437,0
07/07/2022,9936,383,2263,3874,0,1190,0
07/07/2022,5431,488,3403,2967,0,2820,0
07/07/2022,8772,551,1528,3518,0,2480,0
07/07/2022,9887,308,1256,2831,0,1582,0
07/07/2022,8998,634,1290,1354,0,1401,0
07/07/2022,9748,313,1737,2798,0,2222,0
07/07/2022,6096,654,1627,1269,0,2407,0
07/07/2022,5341,543,2905,3537,0,2369,0
07/07/2022,7983,698,1421,3128,0,1193,0
08/07/2022,5670,620,2124,3614,0,1749,0
08/07/2022,5561,342,3821,2604,0,2314,0
08/07/2022,6931,384,3745,1760,0,2640,0
08/07/2022,9106,681,3975,3404,0,1091,0
08/07/2022,8373,433,1229,2319,0,1671,0
08/07/2022,6467,666,1230,1193,0,1591,0
08/07/2022,5024,647,1712,3817,0,2169,0
08/07/2022,8310,505,1836,1711,0,2219,0
08/07/2022,5497,361,1117,2925,0,2321,0
08/07/2022,8489,388,3714,1695,0,2186,0
08/07/2022,7678,387,2049,2962,0,2032,0
08/07/2022,9864,392,3202,1843,0,2652,0
08/07/2022,9966,673,2863,2904,0,1214,0
09/07/2022,8678,462,1129,1183,0,2463,0
09/07/2022,6872,683,1021,2945,0,1166,0
09/07/2022,9665,646,2989,3507,0,1536,0
09/07/2022,7563,426,1400,3050,0,1694,0
09/07/2022,6868,595,1167,2311,0,2363,0
09/07/2022,6110,692,2736,1635,0,2558,0
09/07/2022,6714,558,1135,1200,0,2047,0
09/07/2022,7722,383,3147,2872,0,1448,0
09/07/2022,5841,513,1455,1198,0,2483,0
09/07/2022,6759,520,3429,1925,0,2814,0
09/07/2022,6573,472,1700,2023,0,2979,0
09/07/2022,5616,661,2123,2961,0,2594,0
09/07/2022,9823,510,3597,3415,0,2184,0
09/07/2022,8647,551,2556,1879,0,2978,0
10/07/2022,7049,582,1594,3581,0,1963,0
10/07/2022,7385,461,1612,2630,0,2643,0
10/07/2022,8326,673,1694,3113,0,2020,0
10/07/2022,9310,494,1861,3334,0,1745,0
10/07/2022,8702,335,1658,2625,0,1749,0
10/07/2022,9003,397,3800,1170,0,2277,0
10/07/2022,8281,524,2093,3463,0,2546,0
10/07/2022,8887,517,1878,2083,0,1474,0
10/07/2022,7255,557,2242,1313,0,2782,0
10/07/2022,7823,544,3679,3396,0,1459,0
10/07/2022,8881,513,3770,3497,0,1153,0
10/07/2022,9352,589,1871,2856,0,1795,0
10/07/2022,6038,316,2111,3072,0,1390,0
10/07/2022,9187,435,3174,3063,0,1770,0
11/07/2022,5307,513,3665,2472,0,2273,0
11/07/2022,9302,656,3560,1901,0,1096,0
11/07/2022,9121,683,1797,1754,0,1833,0
11/07/2022,5349,370,2203,3463,0,1247,0
11/07/2022,5790,630,2134,1936,0,2535,0
11/07/2022,8921,613,3466,3719,0,2661,0
11/07/2022,9733,309,3686,2457,0,2142,0
11/07/2022,5332,696,1564,2674,0,2085,0
11/07/2022,6592,667,1855,1179,0,1505,0
11/07/2022,9621,444,3400,1653,0,1442,0
11/07/2022,6973,674,2030,3129,0,1326,0
11/07/2022,9812,561,2965,2467,0,2279,0
11/07/2022,9636,673,2179,1178,0,1151,0
11/07/2022,5967,331,1704,1620,0,1856,0
12/07/2022,5179,358,1858,3067,0,1811,0
12/07/2022,9964,396,2704,1046,0,1901,0
12/07/2022,7905,395,2103,2034,0,2435,0
12/07/2022,5274,647,2698,3642,0,1404,0
12/07/2022,7164,547,1817,1290,0,1681,0
12/07/2022,9474,357,1127,1914,0,2573,0
12/07/2022,9935,393,3497,1089,0,1274,0
12/07/2022,7840,628,1399,2358,0,2363,0
12/07/2022,8288,506,1849,1486,0,2904,0
12/07/2022,9157,667,2784,2443,0,1604,0
12/07/2022,9615,466,2035,1846,0,2273,0
12/07/2022,5018,463,2885,1326,0,1012,0
12/07/2022,6691,568,1712,2658,0,1368,0
12/07/2022,9598,675,1774,1836,0,2304,0
13/07/2022,6352,606,1299,3850,0,2201,0
13/07/2022,5812,585,1851,1936,0,1809,0
13/07/2022,9086,573,3366,1669,0,2724,0
13/07/2022,5387,329,3059,2980,0,2851,0
13/07/2022,9090,511,2961,1903,0,2443,0
13/07/2022,9886,364,1161,3862,0,2815,0
13/07/2022,9062,667,2563,3302,0,2921,0
13/07/2022,9349,356,3415,3183,0,1364,0
13/07/2022,9654,358,3939,2727,0,1590,0
13/07/2022,6448,578,2515,1514,0,1330,0
13/07/2022,6452,691,1887,2151,0,1319,0
13/07/2022,7351,568,1011,1085,0,1824,0
13/07/2022,8520,650,1528,1186,0,1401,0
13/07/2022,5607,633,3872,2185,0,2423,0
14/07/2022,9079,509,3999,1270,0,2021,0
14/07/2022,9256,475,1985,1949,0,1840,0
14/07/2022,7617,300,2858,1479,0,2945,0
14/07/2022,8907,309,1494,3880,0,2668,0
14/07/2022,9028,417,3767,2768,0,1518,0
14/07/2022,5844,616,3607,3026,0,1431,0
14/07/2022,7474,603,3592,2851,0,1333,0
14/07/2022,5409,409,2761,1560,0,2336,0
14/07/2022,6297,404,3601,2470,0,2119,0
14/07/2022,6687,418,3908,2403,0,2715,0
14/07/2022,7931,545,2630,1258,0,1694,0
14/07/2022,5459,387,1561,1527,0,2219,0
14/07/2022,5315,443,3060,2646,0,1814,0
14/07/2022,9653,588,3246,1523,0,2918,0
15/07/2022,8514,435,3127,1025,0,2999,0
15/07/2022,7177,469,2583,1167,0,2080,0
15/07/2022,6308,336,3787,3374,0,1073,0
15/07/2022,8879,326,2572,1036,0,2431,0
15/07/2022,5524,340,2990,2524,0,1991,0
15/07/2022,5174,386,3693,1585,0,2286,0
15/07/2022,6662,624,2938,1538,0,1389,0
15/07/2022,8849,389,2018,1258,0,1523,0
15/07/2022,6923,592,2301,1791,0,2949,0
15/07/2022,5788,368,2465,1324,0,2860,0
15/07/2022,9521,390,1072,1361,0,2150,0
15/07/2022,8830,459,1090,3875,0,2883,0
15/07/2022,9549,377,1364,3115,0,2476,0
15/07/2022,9519,359,3725,3060,0,1254,0
15/07/2022,8155,502,1988,1937,0,2790,0
16/07/2022,6474,325,3492,3849,0,1403,0
16/07/2022,9007,468,1652,1732,0,1480,0
16/07/2022,7306,512,3016,1589,0,2510,0
16/07/2022,9557,315,1439,1694,0,1718,0
16/07/2022,7745,534,1571,1040,0,2863,0
16/07/2022,6586,678,3757,2127,0,1476,0
16/07/2022,6528,634,1191,1534,0,2621,0
16/07/2022,9551,546,2334,3183,0,2753,0
16/07/2022,7380,341,2762,1724,0,2692,0
16/07/2022,7432,660,3875,3777,0,2079,0
16/07/2022,8600,318,3561,3282,0,1674,0
16/07/2022,7337,404,1709,1658,0,1723,0
16/07/2022,5912,318,3211,1330,0,1824,0
16/07/2022,6624,387,2516,3367,0,2902,0
17/07/2022,8603,452,3073,2742,0,2303,0
17/07/2022,6572,421,3375,1324,0,2473,0
17/07/2022,7979,655,1135,2657,0,1270,0
17/07/2022,8559,565,3540,1918,0,1089,0
17/07/2022,6560,374,3588,1271,0,2036,0
17/07/2022,6850,330,1270,2182,0,1565,0
17/07/2022,8997,354,3206,1980,0,1237,0
17/07/2022,6342,589,2278,1316,0,1566,0
17/07/2022,9448,649,1918,2515,0,2116,0
17/07/2022,9094,535,2920,3947,0,1988,0
17/07/2022,5759,303,3587,2746,0,2640,0
17/07/2022,8980,401,2956,3525,0,2491,0
17/07/2022,9232,319,3446,2644,0,1191,0
17/07/2022,9573,694,3145,3137,0,1277,0
18/07/2022,7775,427,1215,1932,0,2988,0
18/07/2022,6357,451,1520,3526,0,2648,0
18/07/2022,5821,653,1507,2212,0,1108,0
18/07/2022,7739,381,2543,2417,0,2308,0
18/07/2022,7831,657,2243,2609,0,1953,0
18/07/2022,6834,336,1878,3358,0,2514,0
18/07/2022,5169,521,1422,1703,0,1539,0
18/07/2022,8768,610,3032,3864,0,2679,0
18/07/2022,8307,482,2820,1161,0,2408,0
18/07/2022,9547,492,2252,3556,0,2947,0
18/07/2022,9798,322,3633,1760,0,1317,0
18/07/2022,7636,612,2846,2705,0,1295,0
18/07/2022,7718,578,1411,1979,0,2081,0
18/07/2022,7996,599,1130,1240,0,1410,0
18/07/2022,9687,487,1792,3124,0,2456,0
19/07/2022,7274,623,3226,1927,0,1017,0
19/07/2022,8994,313,3967,1473,0,1534,0
19/07/2022,5254,600,1760,3360,0,1945,0
19/07/2022,7871,641,2081,2230,0,2750,0
19/07/2022,6733,593,2172,1186,0,2628,0
19/07/2022,9538,326,3234,2285,0,1451,0
19/07/2022,7163,496,3966,3273,0,2070,0
19/07/2022,8946,444,2059,2862,0,1269,0
19/07/2022,5265,570,2093,1733,0,1699,0
19/07/2022,7479,413,3500,1226,0,1063,0
19/07/2022,9412,695,2699,2701,0,2385,0
19/07/2022,6969,301,2072,2022,0,1518,0
19/07/2022,7538,371,3412,3237,0,2125,0
19/07/2022,7919,493,2235,3399,0,1768,0
19/07/2022,5077,552,3960,1197,0,1739,0
20/07/2022,8480,402,2307,3278,0,1979,0
20/07/2022,7890,365,3188,3177,0,1907,0
20/07/2022,8533,528,1218,3244,0,1388,0
20/07/2022,6301,677,2946,3868,0,1436,0
20/07/2022,7604,322,2021,1791,0,2967,0
20/07/2022,6578,497,2178,1836,0,2509,0
20/07/2022,7795,414,2077,3305,0,2909,0
20/07/2022,6917,670,2884,1788,0,2514,0
20/07/2022,8871,660,1946,1749,0,1204,0
20/07/2022,7983,687,1276,3064,0,2854,0
20/07/2022,9960,332,1773,2716,0,2156,0
20/07/2022,6216,609,2629,2203,0,1006,0
20/07/2022,7620,372,2581,3434,0,1174,0
20/07/2022,5484,571,1405,3277,0,1538,0
20/07/2022,9933,610,2353,3427,0,2534,0
21/07/2022,5922,689,3073,3092,0,2747,0
21/07/2022,5826,548,2274,1270,0,1859,0
21/07/2022,9313,591,1284,3082,0,2557,0
21/07/2022,7439,396,3139,3827,0,1794,0
21/07/2022,5798,606,1313,3592,0,2425,0
21/07/2022,8181,474,2860,3598,0,2999,0
21/07/2022,9637,540,3059,2533,0,2448,0
21/07/2022,8390,531,3118,3261,0,1159,0
21/07/2022,8044,649,3179,3551,0,2921,0
21/07/2022,7999,391,1119,2032,0,1128,0
21/07/2022,7805,625,2739,3940,0,1088,0
21/07/2022,8695,516,3971,2457,0,1500,0
21/07/2022,5931,570,2145,3431,0,1799,0
21/07/2022,6103,522,3291,1167,0,1894,0
21/07/2022,9038,526,3116,2117,0,1082,0
22/07/2022,6857,419,1254,1071,0,1972,0
22/07/2022,9824,665,2492,3496,0,1811,0
22/07/2022,7327,546,3771,3388,0,1511,0
22/07/2022,7385,427,2978,2351,0,1245,0
22/07/2022,8054,592,1213,3311,0,2223,0
22/07/2022,9100,343,2784,1981,0,3000,0
22/07/2022,7947,632,3853,2093,0,1398,0
22/07/2022,5114,330,1203,1006,0,2283,0
22/07/2022,6622,651,1528,2119,0,1032,0
22/07/2022,7796,361,3736,1976,0,1660,0
22/07/2022,5126,321,2329,3042,0,1450,0
22/07/2022,6399,364,3653,1066,0,1326,0
22/07/2022,6776,596,1590,2837,0,2144,0
22/07/2022,5948,569,2251,2938,0,1503,0
22/07/2022,8306,307,2560,2622,0,2158,0
23/07/2022,8511,641,1699,3726,0,1786,0
23/07/2022,8125,656,3839,3356,0,2544,0
23/07/2022,8463,644,1283,2521,0,1315,0
23/07/2022,8974,604,3979,2332,0,2089,0
23/07/2022,5962,472,2936,3102,0,2708,0
23/07/2022,7680,424,2877,3858,0,2376,0
23/07/2022,8946,387,2055,3983,0,1849,0
23/07/2022,5071,318,1623,2530,0,1282,0
23/07/2022,6410,388,3321,2175,0,2590,0
23/07/2022,9006,469,2719,1373,0,2401,0
23/07/2022,5569,534,1012,1426,0,1338,0
23/07/2022,9504,534,1144,2773,0,2076,0
23/07/2022,6016,644,3982,3400,0,1895,0
23/07/2022,8800,404,1481,1881,0,1997,0
24/07/2022,6932,340,1676,2695,0,2707,0
24/07/2022,6317,598,2484,3252,0,2896,0
24/07/2022,7732,481,3235,1843,0,2999,0
24/07/2022,5265,363,1530,3782,0,1284,0
24/07/2022,7018,445,2463,2757,0,1609,0
24/07/2022,5291,308,1172,3527,0,2797,0
24/07/2022,7978,349,1653,3000,0,2115,0
24/07/2022,9054,446,1384,1126,0,1726,0
24/07/2022,8488,530,3786,2332,0,2837,0
24/07/2022,9716,681,3681,3579,0,1169,0
24/07/2022,5375,662,3394,2105,0,2810,0
24/07/2022,7031,637,1276,1518,0,2485,0
24/07/2022,8770,526,1791,3216,0,2566,0
25/07/2022,7147,527,1246,3013,0,2538,0
25/07/2022,5266,512,1016,1764,0,1752,0
25/07/2022,5478,649,3817,2652,0,1332,0
25/07/2022,9452,533,3926,1879,0,2015,0
25/07/2022,9310,436,2085,2477,0,1795,0
25/07/2022,5650,494,3507,1064,0,1331,0
25/07/2022,7072,582,1714,1442,0,1323,0
25/07/2022,9655,341,2361,1051,0,1519,0
25/07/2022,9307,659,2618,3473,0,1655,0
25/07/2022,9102,554,1208,3746,0,2315,0
25/07/2022,8240,567,1178,1923,0,2529,0
25/07/2022,6000,369,3601,3231,0,2475,0
25/07/2022,8826,383,3041,2315,0,1759,0
26/07/2022,9944,510,1631,3418,0,1531,0
26/07/2022,5574,478,3826,3211,0,2933,0
26/07/2022,7199,406,3113,1671,0,2505,0
26/07/2022,7287,575,2136,1030,0,2925,0
26/07/2022,5673,674,1280,2787,0,2666,0
26/07/2022,5200,693,2687,3404,0,2541,0
26/07/2022,5560,444,2187,1779,0,1711,0
26/07/2022,9847,531,3840,2107,0,2932,0
26/07/2022,8400,516,3856,3749,0,2642,0
26/07/2022,8166,302,2345,3930,0,1309,0
26/07/2022,9235,352,2507,2747,0,2401,0
26/07/2022,7080,654,3521,1126,0,2219,0
26/07/2022,7126,507,3204,3730,0,1026,0
26/07/2022,5656,472,2406,2747,0,1605,0
27/07/2022,8400,577,1665,2346,0,2246,0
27/07/2022,5789,330,2715,2830,0,1588,0
27/07/2022,9880,669,1993,2013,0,2834,0
27/07/2022,9271,630,1518,3091,0,2560,0
27/07/2022,5804,411,1656,2304,0,2993,0
27/07/2022,8266,632,2112,2935,0,2790,0
27/07/2022,7558,680,2124,2663,0,1486,0
27/07/2022,7729,466,2597,1859,0,2921,0
27/07/2022,6918,408,2235,3174,0,1958,0
27/07/2022,7690,612,1381,2717,0,1559,0
27/07/2022,9044,351,2664,2055,0,2605,0
27/07/2022,6438,347,1264,3671,0,1858,0
27/07/2022,9921,483,1680,3755,0,1603,0
27/07/2022,6872,446,3134,1912,0,2153,0
28/07/2022,6088,464,1024,1963,0,1568,0
28/07/2022,6416,673,2228,2351,0,1893,0
28/07/2022,5167,471,1573,2898,0,1595,0
28/07/2022,8763,528,1899,3840,0,1155,0
28/07/2022,7132,341,2405,1863,0,1718,0
28/07/2022,8098,487,2314,3620,0,1469,0
28/07/2022,8210,655,1726,1750,0,1754,0
28/07/2022,6537,573,2612,1395,0,1811,0
28/07/2022,9227,353,2167,2226,0,1089,0
28/07/2022,9013,518,1419,2206,0,1928,0
28/07/2022,8651,357,3574,3848,0,2903,0
28/07/2022,6473,413,2526,2578,0,1082,0
28/07/2022,8874,397,1441,2408,0,1524,0
28/07/2022,7562,304,3455,1805,0,1536,0
29/07/2022,8476,668,2453,2130,0,1392,0
29/07/2022,7293,580,2290,3867,0,1458,0
29/07/2022,8854,502,3260,1890,0,2794,0
29/07/2022,9776,575,3010,2913,0,1330,0
29/07/2022,8491,607,1412,2963,0,1059,0
29/07/2022,9999,623,2792,1602,0,2681,0
29/07/2022,9560,657,3141,2677,0,2362,0
29/07/2022,5884,663,3001,1237,0,2226,0
29/07/2022,6646,579,1460,1346,0,2249,0
29/07/2022,5084,518,3514,2815,0,1037,0
29/07/2022,9209,530,1826,2039,0,1271,0
29/07/2022,7274,694,1852,2044,0,1890,0
29/07/2022,5006,559,1080,1915,0,1291,0
29/07/2022,6925,683,1028,1744,0,1898,0
30/07/2022,5883,435,3378,3441,0,1898,0
30/07/2022,8668,408,2777,3757,0,2921,0
30/07/2022,8742,448,3405,2698,0,2401,0
30/07/2022,8045,529,3956,1808,0,1479,0
30/07/2022,7170,673,2439,3708,0,2179,0
30/07/2022,8170,554,3388,2506,0,1575,0
30/07/2022,9273,374,2497,1062,0,1917,0
30/07/2022,7008,646,2307,1039,0,1182,0
30/07/2022,8079,605,1716,3140,0,2620,0
30/07/2022,7400,525,1561,1898,0,2532,0
30/07/2022,7511,377,3517,3660,0,2485,0
30/07/2022,6515,474,2804,2805,0,1022,0
30/07/2022,6857,636,2240,2226,0,1097,0
31/07/2022,6772,445,3993,2174,0,2589,0
31/07/2022,5495,333,2423,1880,0,2694,0
31/07/2022,9924,497,3052,1203,0,2360,0
31/07/2022,9504,401,2038,3293,0,2602,0
31/07/2022,8148,676,1638,3339,0,1439,0
31/07/2022,5946,393,2335,3230,0,1726,0
31/07/2022,8827,619,1267,1399,0,2801,0
31/07/2022,8165,428,1313,1880,0,1975,0
31/07/2022,7040,601,2509,1749,0,2846,0
31/07/2022,7175,540,1135,3318,0,2408,0
31/07/2022,6608,602,1684,2782,0,2010,0
31/07/2022,9676,302,2407,3220,0,1038,0
31/07/2022,6242,453,3387,3469,0,1243,0
01/08/2022,7802,568,1454,2199,0,2364,0
01/08/2022,7349,562,1661,1643,0,1365,0
01/08/2022,6001,620,3248,3857,0,2142,0
01/08/2022,9189,627,2144,1512,0,2465,0
01/08/2022,9532,304,3756,2228,0,2062,0
01/08/2022,7891,647,1468,3530,0,1252,0
01/08/2022,9914,490,3156,1983,0,1177,0
01/08/2022,7877,410,1508,3132,0,1379,0
01/08/2022,8494,314,1841,1065,0,2077,0
01/08/2022,6028,571,2368,2564,0,2014,0
01/08/2022,5476,671,1984,3331,0,1007,0
01/08/2022,5356,306,2160,3283,0,2977,0
01/08/2022,8021,389,2894,3560,0,2669,0
01/08/2022,6443,618,1055,2876,0,1629,0
02/08/2022,7782,540,2645,2271,0,1731,0
02/08/2022,9247,464,2216,3710,0,1340,0
02/08/2022,9104,635,2683,1935,0,2786,0
02/08/2022,6835,594,1659,1071,0,2937,0
02/08/2022,7028,432,1426,1604,0,2536,0
02/08/2022,9826,483,1814,2782,0,1118,0
02/08/2022,9155,309,2441,1715,0,2147,0
02/08/2022,9919,458,2276,3373,0,1009,0
02/08/2022,7033,681,2528,3624,0,1173,0
02/08/2022,6105,369,2859,3492,0,1127,0
02/08/2022,5324,578,2304,2516,0,1182,0
02/08/2022,9445,602,3010,3446,0,2667,0
02/08/2022,8251,623,1453,1997,0,1713,0
02/08/2022,8570,652,1862,2760,0,2268,0
03/08/2022,6560,560,1112,1880,0,1277,0
03/08/2022,6371,529,1305,1541,0,2015,0
03/08/2022,9688,543,2357,3040,0,1371,0
03/08/2022,8646,366,1495,2764,0,1673,0
03/08/2022,9130,595,2602,1965,0,1839,0
03/08/2022,9152,415,2195,2498,0,1440,0
03/08/2022,7667,599,3786,2765,0,1092,0
03/08/2022,6451,607,3207,2318,0,2155,0
03/08/2022,8674,595,2795,3155,0,2437,0
03/08/2022,9647,657,1526,1752,0,1106,0
03/08/2022,7773,304,2121,3496,0,2711,0
03/08/2022,7539,430,2945,3306,0,2199,0
03/08/2022,9810,396,3503,1822,0,1002,0
03/08/2022,9968,379,1433,3386,0,1705,0
03/08/2022,7230,627,2346,3502,0,2015,0
04/08/2022,6695,664,2811,1780,0,2752,0
04/08/2022,8946,618,2766,2121,0,2922,0
04/08/2022,7516,531,3493,3337,0,1707,0
04/08/2022,5559,651,2625,3406,0,1799,0
04/08/2022,5787,538,2209,3746,0,1871,0
04/08/2022,6451,649,1584,2376,0,2094,0
04/08/2022,6868,479,2786,1026,0,2916,0
04/08/2022,9325,501,1802,1494,0,2670,0
04/08/2022,9740,603,3711,2418,0,2607,0
04/08/2022,6919,621,1056,1255,0,2681,0
04/08/2022,8147,568,2420,1511,0,1303,0
04/08/2022,7528,623,1810,1736,0,1266,0
04/08/2022,5875,358,2064,3755,0,2651,0
04/08/2022,7571,533,1433,1271,0,1839,0
05/08/2022,5481,391,2166,2437,0,2706,0
05/08/2022,8945,656,2923,3804,0,1074,0
05/08/2022,9011,579,2093,1597,0,2157,0
05/08/2022,6825,609,3186,2556,0,1174,0
05/08/2022,5965,346,1124,3418,0,1224,0
05/08/2022,7610,325,1066,2400,0,2503,0
05/08/2022,6251,631,2165,1957,0,2710,0
05/08/2022,6810,421,3459,3817,0,2720,0
05/08/2022,5088,356,2360,1891,0,1677,0
05/08/2022,7304,582,3931,3601,0,1489,0
05/08/2022,6753,371,1183,2248,0,2737,0
05/08/2022,9704,369,1882,3725,0,1156,0
05/08/2022,6453,320,3080,2426,0,2178,0
05/08/2022,7664,396,2204,2568,0,1015,0
06/08/2022,9367,394,3486,1857,0,1017,0
06/08/2022,6432,368,3986,1968,0,2418,0
06/08/2022,8810,487,3974,1083,0,2117,0
06/08/2022,7343,391,3821,3391,0,1900,0
06/08/2022,7636,306,1227,1409,0,2751,0
06/08/2022,6344,365,2469,2435,0,2698,0
06/08/2022,9871,684,3961,3510,0,2014,0
06/08/2022,9530,442,2698,2817,0,2780,0
06/08/2022,9470,456,3053,2942,0,1010,0
06/08/2022,9150,657,1936,2015,0,1652,0
06/08/2022,7326,505,3044,1690,0,2184,0
06/08/2022,6595,583,1915,2548,0,1473,0
06/08/2022,9324,301,1575,2988,0,2298,0
07/08/2022,6351,682,3614,3698,0,2581,0
07/08/2022,9717,536,1265,3701,0,1174,0
07/08/2022,8874,485,1613,1772,0,1669,0
07/08/2022,6852,432,1823,1674,0,2221,0
07/08/2022,6367,335,2384,2306,0,2307,0
07/08/2022,8017,524,1852,2433,0,1153,0
07/08/2022,7673,580,1413,2021,0,1755,0
07/08/2022,7938,334,2143,2351,0,2081,0
07/08/2022,8129,602,1587,3065,0,2033,0
07/08/2022,9234,312,3558,3619,0,1869,0
07/08/2022,5180,621,1647,3568,0,2389,0
07/08/2022,7148,382,3746,1925,0,1923,0
07/08/2022,9147,541,2079,3109,0,2795,0
08/08/2022,7535,655,1286,3673,0,1011,0
08/08/2022,6311,549,2688,1542,0,1052,0
08/08/2022,8460,578,2621,2795,0,2207,0
08/08/2022,7654,465,1508,3409,0,2594,0
08/08/2022,7080,657,3743,1923,0,2787,0
08/08/2022,8354,632,1053,2732,0,2068,0
08/08/2022,7879,679,3714,2903,0,2126,0
08/08/2022,9288,436,2367,1047,0,1029,0
08/08/2022,9099,434,1719,1892,0,1377,0
08/08/2022,5518,433,3447,3989,0,2249,0
08/08/2022,8520,337,1393,2291,0,1255,0
08/08/2022,8542,637,1413,2590,0,2214,0
08/08/2022,6501,582,3258,1820,0,2894,0
08/08/2022,9285,436,3550,1055,0,1409,0
09/08/2022,7721,533,3748,3654,0,1705,0
09/08/2022,8532,612,1661,1959,0,2380,0
09/08/2022,7586,600,1690,2077,0,2759,0
09/08/2022,9052,315,1396,2089,0,2438,0
09/08/2022,9418,595,1033,1710,0,2322,0
09/08/2022,9026,382,2680,2291,0,1646,0
09/08/2022,6150,526,1113,1385,0,1913,0
09/08/2022,5717,512,3038,3347,0,1484,0
09/08/2022,7953,638,3131,3541,0,1530,0
09/08/2022,5416,357,2980,2836,0,1461,0
09/08/2022,7077,486,2403,1962,0,2616,0
09/08/2022,8852,568,3013,2019,0,1652,0
09/08/2022,5081,517,3930,3634,0,2047,0
09/08/2022,8477,564,2215,1562,0,1562,0
09/08/2022,9838,438,3137,2594,0,2024,0
10/08/2022,8682,388,1459,2858,0,2845,0
10/08/2022,8735,410,1434,2005,0,1332,0
10/08/2022,7742,617,1263,2456,0,1900,0
10/08/2022,5820,540,1525,3725,0,2787,0
10/08/2022,9956,455,2707,1716,0,1900,0
10/08/2022,5260,301,2807,1572,0,2641,0
10/08/2022,7500,608,1390,1930,0,2531,0
10/08/2022,9153,458,3919,1906,0,1007,0
10/08/2022,5022,412,2886,2832,0,1514,0
10/08/2022,8006,397,2256,1148,0,2553,0
10/08/2022,7487,451,3191,1777,0,2023,0
10/08/2022,7191,494,3310,2492,0,2023,0
10/08/2022,7440,317,1980,3534,0,2692,0
10/08/2022,7648,616,3843,3462,0,2757,0
11/08/2022,8213,540,2931,2279,0,1824,0
11/08/2022,9498,501,2509,3007,0,1992,0
11/08/2022,5916,605,1604,3679,0,1225,0
11/08/2022,5693,395,2427,1692,0,2419,0
11/08/2022,8118,430,1448,3146,0,1872,0
11/08/2022,5993,627,2466,2341,0,1929,0
11/08/2022,6312,412,3457,3821,0,2074,0
11/08/2022,7333,488,2583,1904,0,2175,0
11/08/2022,9277,699,2455,2186,0,2485,0
11/08/2022,7818,680,3067,2640,0,2992,0
11/08/2022,6688,695,2458,2569,0,2464,0
11/08/2022,5144,301,2784,2514,0,1003,0
11/08/2022,9595,666,2757,3718,0,1918,0
11/08/2022,9850,320,3440,1143,0,1618,0
12/08/2022,5303,478,2047,2643,0,2912,0
12/08/2022,5953,319,3707,3265,0,1198,0
12/08/2022,9945,680,2715,2481,0,2160,0
12/08/2022,7023,336,2103,2927,0,1404,0
12/08/2022,8644,648,3132,1574,0,2500,0
12/08/2022,7914,672,3932,1300,0,1819,0
12/08/2022,8056,518,3168,1016,0,2382,0
12/08/2022,5551,450,2020,3081,0,2041,0
12/08/2022,7203,621,2477,1478,0,2654,0
12/08/2022,7809,626,3238,2193,0,2995,0
12/08/2022,5742,487,2878,3894,0,2866,0
12/08/2022,7921,313,2201,1208,0,2047,0
12/08/2022,7626,355,3427,3885,0,1158,0
12/08/2022,9994,537,3232,1878,0,1331,0
13/08/2022,8135,323,3896,3351,0,2672,0
13/08/2022,8620,352,2621,1685,0,2161,0
13/08/2022,6197,408,2408,1886,0,1156,0
13/08/2022,7860,654,2043,2924,0,1102,0
13/08/2022,6599,602,1596,2830,0,1203,0
13/08/2022,9294,621,3092,2428,0,2728,0
13/08/2022,5636,459,3198,3812,0,2121,0
13/08/2022,8226,339,2504,3138,0,2467,0
13/08/2022,9475,572,3672,3041,0,2179,0
13/08/2022,5367,304,3761,3862,0,1324,0
13/08/2022,9041,529,3561,3787,0,1872,0
13/08/2022,6288,593,3178,3761,0,2341,0
13/08/2022,8196,523,1273,2191,0,1552,0
13/08/2022,7619,500,3303,2544,0,2757,0
14/08/2022,8511,481,3235,2557,0,2299,0
14/08/2022,6418,550,1509,3451,0,2542,0
14/08/2022,5912,593,2682,3973,0,2130,0
14/08/2022,6874,543,1298,1493,0,2181,0
14/08/2022,6901,538,3567,2925,0,2948,0
14/08/2022,9347,665,1278,1259,0,2097,0
14/08/2022,8199,617,2025,1151,0,2699,0
14/08/2022,5117,669,3753,1159,0,2395,0
14/08/2022,8876,618,2515,2536,0,1778,0
14/08/2022,7046,418,3592,2080,0,2000,0
14/08/2022,9500,541,1819,1372,0,1153,0
14/08/2022,7060,674,2537,2620,0,2752,0
14/08/2022,7888,465,1551,2127,0,1433,0
14/08/2022,7811,350,2446,3885,0,1706,0
14/08/2022,9137,530,1579,1366,0,1823,0
15/08/2022,6015,470,2035,1156,0,1028,0
15/08/2022,6313,307,1891,3727,0,2428,0
15/08/2022,9698,454,2170,1503,0,1410,0
15/08/2022,6912,556,3504,2394,0,2907,0
15/08/2022,6247,363,2113,4000,0,1283,0
15/08/2022,7861,647,2192,3976,0,1188,0
15/08/2022,6372,659,1450,2231,0,2028,0
15/08/2022,6300,453,1751,3769,0,2615,0
15/08/2022,8731,622,1568,2767,0,2452,0
15/08/2022,7470,550,2581,2995,0,1947,0
15/08/2022,7266,640,1753,2632,0,2460,0
15/08/2022,8713,569,3543,2225,0,1481,0
15/08/2022,9470,350,2445,3937,0,2778,0
15/08/2022,9716,349,3105,3663,0,2150,0
15/08/2022,8806,502,2241,3073,0,2431,0
16/08/2022,5297,426,3659,2159,0,1498,0
16/08/2022,8417,441,1127,2440,0,1268,0
16/08/2022,8701,362,3370,3850,0,2091,0
16/08/2022,7046,675,2384,1046,0,2930,0
16/08/2022,9573,542,3850,3763,0,2271,0
16/08/2022,5071,678,2866,1650,0,2753,0
16/08/2022,8914,311,2958,3699,0,1704,0
16/08/2022,8414,316,1142,2261,0,2154,0
16/08/2022,9950,533,1079,2742,0,1977,0
16/08/2022,6984,595,3731,2898,0,2180,0
16/08/2022,5500,313,3163,3667,0,1308,0
16/08/2022,8726,348,2563,1337,0,1393,0
16/08/2022,7648,360,3792,1910,0,2761,0
16/08/2022,6586,372,1175,3884,0,1233,0
16/08/2022,6004,573,3931,3063,0,1978,0
17/08/2022,5792,624,1410,2894,0,1475,0
17/08/2022,9450,637,3479,2760,0,2911,0
17/08/2022,5812,443,3043,2796,0,1435,0
17/08/2022,9264,338,2075,3897,0,2754,0
17/08/2022,9143,697,1678,3341,0,1597,0
17/08/2022,7063,356,3154,1050,0,2904,0
17/08/2022,9823,688,3749,1926,0,2727,0
17/08/2022,6316,443,3174,3996,0,2521,0
17/08/2022,9987,367,2079,1992,0,1333,0
17/08/2022,8777,423,3594,3046,0,2600,0
17/08/2022,7251,489,3978,1217,0,1476,0
17/08/2022,5274,496,3479,2597,0,1937,0
17/08/2022,5132,541,2945,2081,0,1452,0
17/08/2022,8454,382,1675,1353,0,2557,0
17/08/2022,9189,692,1188,3801,0,1676,0
18/08/2022,8176,384,2842,2518,0,2068,0
18/08/2022,5263,306,1177,1423,0,1958,0
18/08/2022,8531,574,2289,2515,0,2888,0
18/08/2022,8556,634,2280,1298,0,1809,0
18/08/2022,8673,658,3825,1630,0,2997,0
18/08/2022,9853,603,3159,3514,0,1578,0
18/08/2022,5514,570,2928,1189,0,1257,0
18/08/2022,6985,654,3264,1787,0,2753,0
18/08/2022,9975,335,3063,3740,0,2668,0
18/08/2022,6689,588,2290,2263,0,2311,0
18/08/2022,9806,479,2526,2171,0,1612,0
18/08/2022,5455,523,3995,3811,0,2032,0
18/08/2022,9825,300,1284,3341,0,2487,0
18/08/2022,8068,559,3378,1921,0,2741,0
18/08/2022,8966,498,3516,2628,0,2736,0
19/08/2022,9471,520,2123,2917,0,1171,0
19/08/2022,5268,524,2898,3003,0,2236,0
19/08/2022,9425,345,1925,3736,0,1066,0
19/08/2022,7979,548,3401,1059,0,1982,0
19/08/2022,5743,542,2174,2293,0,1573,0
19/08/2022,5073,426,2788,1853,0,2567,0
19/08/2022,5817,665,3976,1522,0,2393,0
19/08/2022,6372,415,1404,1712,0,2862,0
19/08/2022,7053,357,2106,3701,0,2719,0
19/08/2022,5054,618,3320,2420,0,1536,0
19/08/2022,8621,516,1574,3492,0,1073,0
19/08/2022,8690,518,1964,2233,0,2376,0
19/08/2022,8716,494,1334,2561,0,2590,0
19/08/2022,6997,470,2898,2993,0,2536,0
20/08/2022,9217,333,1467,3870,0,1112,0
20/08/2022,9401,597,3144,1401,0,1284,0
20/08/2022,5991,326,3785,2589,0,2444,0
20/08/2022,8187,640,3060,1222,0,1996,0
20/08/2022,6043,314,1123,3875,0,1810,0
20/08/2022,6767,617,2599,2766,0,2061,0
20/08/2022,8707,667,2954,3469,0,1278,0
20/08/2022,8683,506,1931,2161,0,2358,0
20/08/2022,7689,492,1184,2085,0,1569,0
20/08/2022,8302,434,3104,3548,0,2230,0
20/08/2022,6731,392,3784,1083,0,1639,0
20/08/2022,8833,607,3905,3720,0,2463,0
20/08/2022,9991,615,2397,2249,0,2297,0
20/08/2022,8495,674,3882,3500,0,2575,0
21/08/2022,5527,445,3407,1561,0,1949,0
21/08/2022,5387,689,1500,2699,0,2925,0
21/08/2022,5378,537,3899,3349,0,1370,0
21/08/2022,7030,486,2092,1466,0,1341,0
21/08/2022,6264,433,1683,2363,0,1296,0
21/08/2022,7458,683,3472,3541,0,1444,0
21/08/2022,9634,458,1585,3928,0,2437,0
21/08/2022,6260,390,3384,3057,0,2204,0
21/08/2022,5893,409,2230,2789,0,2755,0
21/08/2022,9045,431,1305,1230,0,2812,0
21/08/2022,5204,665,2554,1631,0,2250,0
21/08/2022,5796,634,1249,2383,0,1459,0
21/08/2022,7316,574,3469,1573,0,1395,0
22/08/2022,5056,310,1156,1918,0,2396,0
22/08/2022,9162,471,1801,2151,0,2434,0
22/08/2022,7243,695,2770,3027,0,1175,0
22/08/2022,9135,382,3330,3879,0,2836,0
22/08/2022,6472,590,1337,2703,0,2767,0
22/08/2022,6912,579,2923,1642,0,2284,0
22/08/2022,7654,312,2035,2837,0,2690,0
22/08/2022,9487,662,1186,3418,0,1549,0
22/08/2022,5876,531,2027,3086,0,2767,0
22/08/2022,8598,458,1443,3297,0,1765,0
22/08/2022,9182,608,2523,2968,0,1341,0
22/08/2022,7063,513,1340,2663,0,1297,0
22/08/2022,7156,447,2370,3676,0,1420,0
22/08/2022,9208,647,3424,3865,0,1284,0
23/08/2022,7130,623,3484,1793,0,1372,0
23/08/2022,5974,334,1436,1978,0,1932,0
23/08/2022,8777,303,3151,1434,0,2617,0
23/08/2022,7990,393,2342,1131,0,1508,0
23/08/2022,7589,591,1512,2716,0,1554,0
23/08/2022,9350,638,2742,1937,0,2924,0
23/08/2022,6860,614,3955,3497,0,1178,0
23/08/2022,8511,480,2530,2556,0,2166,0
23/08/2022,8997,361,1778,1714,0,1375,0
23/08/2022,8470,473,2125,2207,0,1521,0
23/08/2022,5155,656,2783,3471,0,1844,0
23/08/2022,9344,505,3903,1209,0,2220,0
23/08/2022,6711,601,3448,3135,0,2702,0
23/08/2022,8870,343,3156,3894,0,1813,0
23/08/2022,5328,409,3306,2455,0,2993,0
24/08/2022,7663,640,1346,2205,0,2122,0
24/08/2022,9670,487,2842,1008,0,1586,0
24/08/2022,9593,568,2205,2953,0,2591,0
24/08/2022,7732,562,3710,1708,0,1240,0
24/08/2022,8277,461,2397,1962,0,2290,0
24/08/2022,8145,382,2519,2699,0,2585,0
24/08/2022,9090,302,2876,1379,0,1429,0
24/08/2022,7159,487,1976,2869,0,2535,0
24/08/2022,9964,555,1221,1888,0,2671,0
24/08/2022,9487,637,1661,3573,0,2843,0
24/08/2022,8053,528,1159,3627,0,2936,0
24/08/2022,9212,581,3039,2942,0,1439,0
24/08/2022,9581,549,1925,1640,0,1572,0
24/08/2022,8845,483,3466,1619,0,1709,0
24/08/2022,5698,451,2534,3202,0,2661,0
25/08/2022,7392,574,2423,1446,0,1887,0
25/08/2022,5861,485,2675,1502,0,1651,0
25/08/2022,9708,439,2697,2151,0,1730,0
25/08/2022,5064,505,2121,1543,0,2548,0
25/08/2022,5897,645,3976,2936,0,2635,0
25/08/2022,5829,312,1691,2957,0,2564,0
25/08/2022,5726,324,2714,3637,0,2400,0
25/08/2022,5890,655,1934,2557,0,2533,0
25/08/2022,5688,434,3402,2566,0,2902,0
25/08/2022,7229,512,2991,2954,0,1333,0
25/08/2022,5353,475,2962,3316,0,2480,0
25/08/2022,6635,621,1417,3428,0,2202,0
25/08/2022,7646,561,3976,2853,0,1971,0
25/08/2022,6731,508,2237,1430,0,1400,0
26/08/2022,7740,577,3528,2876,0,1509,0
26/08/2022,7365,370,2769,3473,0,2574,0
26/08/2022,8828,574,1076,1112,0,1613,0
26/08/2022,6975,350,1615,1125,0,2657,0
26/08/2022,9414,643,1726,1465,0,1752,0
26/08/2022,9897,523,2920,3499,0,2807,0
26/08/2022,6813,354,2729,1025,0,2332,0
26/08/2022,9243,429,3866,2105,0,1914,0
26/08/2022,7414,400,2582,3435,0,2939,0
26/08/2022,8539,444,2260,2614,0,2245,0
26/08/2022,7611,302,3946,1544,0,1302,0
26/08/2022,6736,593,1181,2257,0,1924,0
26/08/2022,5407,370,1355,3987,0,1110,0
26/08/2022,5159,658,2848,2875,0,2080,0
27/08/2022,6326,485,2444,3185,0,2511,0
27/08/2022,8027,636,3241,2376,0,2937,0
27/08/2022,5169,434,2133,3115,0,2438,0
27/08/2022,8181,694,1997,2765,0,2241,0
27/08/2022,8011,380,2208,1873,0,1707,0
27/08/2022,9798,617,3983,1815,0,2163,0
27/08/2022,6496,585,3027,2768,0,1077,0
27/08/2022,5607,491,1178,2337,0,2772,0
27/08/2022,9382,532,2335,1842,0,2559,0
27/08/2022,7164,461,2130,3477,0,2236,0
27/08/2022,9720,333,1123,1568,0,1949,0
27/08/2022,6245,454,3488,1646,0,2770,0
27/08/2022,7824,334,3577,3366,0,2562,0
27/08/2022,7863,642,2420,1061,0,1244,0
28/08/2022,9273,573,2007,3386,0,1975,0
28/08/2022,7942,361,1759,2141,0,2126,0
28/08/2022,9921,373,3474,2871,0,2763,0
28/08/2022,8562,426,3596,2249,0,2129,0
28/08/2022,6639,349,2018,2687,0,2349,0
28/08/2022,6063,668,3182,3683,0,1429,0
28/08/2022,9618,376,3657,3031,0,1130,0
28/08/2022,5622,342,1655,1714,0,1862,0
28/08/2022,5207,590,2053,2239,0,2281,0
28/08/2022,6408,610,2151,1622,0,1951,0
28/08/2022,5283,655,2717,1283,0,2420,0
28/08/2022,9515,411,1618,1151,0,2796,0
28/08/2022,7148,435,1437,3595,0,2035,0
28/08/2022,5807,637,2282,1595,0,1886,0
29/08/2022,9924,497,2647,2676,0,2583,0
29/08/2022,7384,523,1589,3950,0,2195,0
29/08/2022,7147,592,1299,2350,0,1231,0
29/08/2022,6022,304,2160,2555,0,1619,0
29/08/2022,7783,366,1632,1638,0,2844,0
29/08/2022,5359,432,2999,2486,0,2464,0
29/08/2022,5166,635,3153,2909,0,2696,0
29/08/2022,5165,415,2545,2582,0,2224,0
29/08/2022,8252,594,2997,1010,0,1833,0
29/08/2022,6227,437,1093,3160,0,2948,0
29/08/2022,9265,422,2641,2475,0,1754,0
29/08/2022,7880,575,1971,2509,0,1813,0
29/08/2022,7245,650,3900,3575,0,2062,0
29/08/2022,8661,679,3000,1672,0,2272,0
30/08/2022,5752,654,2801,3342,0,1879,0
30/08/2022,8888,425,2112,3691,0,1723,0
30/08/2022,6340,477,3299,3596,0,2352,0
30/08/2022,5626,325,3255,3205,0,1205,0
30/08/2022,7235,400,1413,2578,0,2342,0
30/08/2022,8410,467,3309,2077,0,2004,0
30/08/2022,6855,356,2653,2663,0,1761,0
30/08/2022,8727,436,3190,2794,0,2105,0
30/08/2022,5246,478,2781,1967,0,1122,0
30/08/2022,9093,403,3650,2966,0,1969,0
30/08/2022,7677,315,3089,2892,0,1346,0
30/08/2022,7957,333,1860,3167,0,1771,0
30/08/2022,7015,325,1936,1168,0,1815,0
30/08/2022,9127,608,2690,1586,0,1349,0
31/08/2022,8581,396,1794,1615,0,1298,0
31/08/2022,9652,495,2261,3794,0,2238,0
31/08/2022,9497,628,2469,3745,0,1315,0
31/08/2022,8765,406,2609,2420,0,1223,0
31/08/2022,7218,462,1548,1361,0,1597,0
31/08/2022,9924,570,1706,1828,0,1923,0
31/08/2022,9713,641,3428,2982,0,2506,0
31/08/2022,5658,519,3092,1775,0,1353,0
31/08/2022,6811,308,2858,2431,0,2922,0
31/08/2022,9721,540,3196,3322,0,2586,0
31/08/2022,7305,327,2551,2430,0,2348,0
31/08/2022,7299,588,3560,3268,0,1768,0
31/08/2022,6108,508,3390,1277,0,2990,0
31/08/2022,7483,311,2591,1047,0,1800,0
01/09/2022,5218,518,3855,3760,0,2317,0
01/09/2022,6588,696,3439,3156,0,1040,0
01/09/2022,5290,325,3935,3949,0,1430,0
01/09/2022,6279,614,3438,2996,0,1541,0
01/09/2022,9277,305,3486,2160,0,1752,0
01/09/2022,9869,536,2780,1261,0,2979,0
01/09/2022,9142,360,1322,1925,0,1048,0
01/09/2022,8735,433,1368,2647,0,1417,0
01/09/2022,9747,438,2402,1637,0,1063,0
01/09/2022,5804,348,3441,2984,0,2960,0
01/09/2022,9175,567,1958,3278,0,1558,0
01/09/2022,9950,316,2745,2422,0,1134,0
01/09/2022,8074,370,1795,2372,0,1010,0
01/09/2022,9845,373,2158,3619,0,1247,0
02/09/2022,9870,415,1418,3470,0,1618,0
02/09/2022,5695,376,2136,1301,0,1871,0
02/09/2022,8612,425,1839,2192,0,1028,0
02/09/2022,7849,666,1665,3628,0,2920,0
02/09/2022,5783,326,1165,1407,0,2489,0
02/09/2022,8998,613,1188,1795,0,1384,0
02/09/2022,9647,488,1017,2841,0,1696,0
02/09/2022,8636,360,1957,3422,0,1742,0
02/09/2022,5436,486,3040,2711,0,1010,0
02/09/2022,7947,460,1071,3035,0,1913,0
02/09/2022,6733,654,1050,1731,0,1864,0
02/09/2022,8156,658,2559,2434,0,2882,0
02/09/2022,7329,674,3601,2239,0,1401,0
02/09/2022,5153,403,1387,2293,0,1145,0
03/09/2022,9588,519,1902,2476,0,1102,0
03/09/2022,5444,498,1212,2991,0,1329,0
03/09/2022,7067,655,3666,1890,0,1384,0
03/09/2022,9340,404,2827,3127,0,1812,0
03/09/2022,5550,398,1089,2615,0,2168,0
03/09/2022,9960,668,2520,1462,0,2220,0
03/09/2022,8500,512,3705,1600,0,1532,0
03/09/2022,5261,389,1994,3492,0,2808,0
03/09/2022,9710,462,2605,3834,0,1653,0
03/09/2022,7873,450,2218,1748,0,2964,0
03/09/2022,7322,590,3887,3859,0,2768,0
03/09/2022,6542,447,3047,3086,0,2085,0
03/09/2022,5012,352,3937,1369,0,2722,0
03/09/2022,9031,405,1397,1741,0,1241,0
04/09/2022,7511,359,1630,3404,0,1440,0
04/09/2022,7406,353,2268,2447,0,1317,0
04/09/2022,7343,478,2482,3980,0,1210,0
04/09/2022,5147,655,2352,3427,0,1692,0
04/09/2022,7340,528,1824,2329,0,1482,0
04/09/2022,6868,380,1903,3803,0,1779,0
04/09/2022,9953,392,3186,1719,0,2564,0
04/09/2022,7663,413,2539,1284,0,1348,0
04/09/2022,5225,344,3434,1164,0,1214,0
04/09/2022,8805,581,3899,3637,0,1688,0
04/09/2022,7067,484,2572,1761,0,1859,0
04/09/2022,7687,585,3330,1746,0,1257,0
04/09/2022,9386,451,1392,3864,0,2697,0
05/09/2022,6438,406,3063,1380,0,1811,0
05/09/2022,6408,304,3101,2691,0,1430,0
05/09/2022,5084,390,2848,3206,0,2453,0
05/09/2022,7610,454,2526,1888,0,1101,0
05/09/2022,5017,482,2383,3815,0,1302,0
05/09/2022,6846,399,1222,1048,0,2771,0
05/09/2022,8952,435,2016,1116,0,2515,0
05/09/2022,8926,457,1237,2977,0,2360,0
05/09/2022,6702,344,2926,2976,0,2652,0
05/09/2022,5915,368,1085,1807,0,1113,0
05/09/2022,6061,371,2815,2488,0,2251,0
05/09/2022,9088,583,2572,3543,0,2271,0
05/09/2022,5524,365,2567,1782,0,2986,0
05/09/2022,9134,546,2075,2915,0,1136,0
06/09/2022,6702,659,2919,3572,0,2333,0
06/09/2022,7257,680,1397,3288,0,2091,0
06/09/2022,7282,476,2450,1151,0,1182,0
06/09/2022,7095,512,2775,2658,0,2555,0
06/09/2022,6839,371,2555,1559,0,1069,0
06/09/2022,7584,686,3375,1823,0,1590,0
06/09/2022,5260,558,2765,2217,0,1609,0
06/09/2022,6100,557,3561,3593,0,1447,0
06/09/2022,6771,473,2851,3051,0,1918,0
06/09/2022,8989,526,1062,3507,0,1018,0
06/09/2022,8754,591,2851,1847,0,2497,0
06/09/2022,5305,323,2735,1963,0,2942,0
06/09/2022,5246,323,3341,1109,0,2109,0
06/09/2022,9579,350,3720,3101,0,2475,0
06/09/2022,8936,368,3846,2353,0,2779,0
07/09/2022,8923,590,2825,3531,0,2567,0
07/09/2022,6222,574,2870,2034,0,1690,0
07/09/2022,7972,528,1597,2992,0,1548,0
07/09/2022,5298,548,1395,3252,0,1956,0
07/09/2022,6886,431,3244,1735,0,1334,0
07/09/2022,5819,512,2516,3671,0,2532,0
07/09/2022,6715,623,1811,2429,0,2013,0
07/09/2022,8505,319,2435,2985,0,2767,0
07/09/2022,6433,340,2709,2831,0,2834,0
07/09/2022,5650,445,1548,3573,0,1460,0
07/09/2022,9003,519,1935,1688,0,2719,0
07/09/2022,7577,305,3913,1555,0,1664,0
07/09/2022,7707,677,2493,1081,0,2930,0
07/09/2022,5072,396,3026,2076,0,1401,0
07/09/2022,9894,486,2024,3990,0,1646,0
08/09/2022,9050,475,3569,2390,0,2324,0
08/09/2022,6557,487,1262,1930,0,2611,0
08/09/2022,8339,577,2153,3549,0,2706,0
08/09/2022,9381,495,1801,2977,0,2143,0
08/09/2022,9683,631,3911,1894,0,2962,0
08/09/2022,6903,564,3925,1800,0,1132,0
08/09/2022,7697,443,1959,2775,0,1812,0
08/09/2022,8199,547,2302,3303,0,2555,0
08/09/2022,7332,603,3564,2923,0,1413,0
08/09/2022,7808,357,3925,1981,0,1906,0
08/09/2022,6222,505,2820,1225,0,2269,0
08/09/2022,6858,539,1278,2011,0,2806,0
08/09/2022,5051,479,1990,1118,0,1284,0
08/09/2022,5087,576,2267,3263,0,2212,0
08/09/2022,8936,627,2786,2626,0,1550,0
09/09/2022,8960,334,1208,2488,0,1818,0
09/09/2022,5297,333,2216,2851,0,2119,0
09/09/2022,5680,666,3824,3604,0,2567,0
09/09/2022,5268,599,1240,2521,0,2420,0
09/09/2022,7551,596,1819,3908,0,2214,0
09/09/2022,9048,611,3232,1296,0,1230,0
09/09/2022,6234,675,1841,3569,0,1261,0
09/09/2022,8795,659,3153,3404,0,2249,0
09/09/2022,9646,663,2819,1219,0,2990,0
09/09/2022,7568,603,3491,2785,0,2166,0
09/09/2022,6831,359,2226,2320,0,2341,0
09/09/2022,9649,614,3708,3923,0,1062,0
09/09/2022,7100,327,1268,3064,0,1052,0
09/09/2022,8265,354,3744,3070,0,1759,0
09/09/2022,5015,427,1648,1080,0,1261,0
10/09/2022,8221,573,1625,2030,0,1286,0
10/09/2022,5363,346,3418,2742,0,1683,0
10/09/2022,6122,521,1694,3044,0,1139,0
10/09/2022,7930,503,3576,2555,0,1562,0
10/09/2022,9547,363,2191,2353,0,1153,0
10/09/2022,8399,571,2039,3341,0,1176,0
10/09/2022,7348,385,3446,3502,0,1028,0
10/09/2022,9081,341,2754,3845,0,1165,0
10/09/2022,6609,566,3289,2354,0,1213,0
10/09/2022,8913,544,2440,1878,0,2984,0
10/09/2022,6134,459,3615,2484,0,2350,0
10/09/2022,7999,512,2933,2347,0,1862,0
10/09/2022,5036,465,1610,3601,0,1732,0
10/09/2022,6458,327,1569,1569,0,2514,0
11/09/2022,7242,429,1047,3479,0,1792,0
11/09/2022,8765,523,1591,1031,0,2729,0
11/09/2022,7515,692,2165,3957,0,1290,0
11/09/2022,5098,409,3997,2882,0,1574,0
11/09/2022,9171,658,1029,2549,0,1405,0
11/09/2022,5481,345,2532,2291,0,2961,0
11/09/2022,9426,301,2652,2066,0,2352,0
11/09/2022,8159,635,2792,1792,0,1052,0
11/09/2022,8758,369,3645,1304,0,2655,0
11/09/2022,5037,521,1931,1071,0,2767,0
11/09/2022,8684,352,2630,2730,0,1437,0
11/09/2022,7216,542,3252,1595,0,1382,0
11/09/2022,8677,487,3280,2670,0,1148,0
11/09/2022,5600,503,2681,1563,0,1198,0
12/09/2022,6328,314,2689,2607,0,2633,0
12/09/2022,7142,361,3184,2937,0,1260,0
12/09/2022,7397,561,3791,3034,0,2132,0
12/09/2022,5816,685,1089,3709,0,2558,0
12/09/2022,9841,524,2820,2367,0,1472,0
12/09/2022,9819,458,3177,3690,0,1777,0
12/09/2022,8494,545,1029,3961,0,2363,0
12/09/2022,9863,551,1058,2476,0,2500,0
12/09/2022,8904,390,1845,3328,0,2938,0
12/09/2022,5288,675,3299,1134,0,1378,0
12/09/2022,5635,535,2839,3255,0,2863,0
12/09/2022,9001,347,2759,1460,0,2204,0
12/09/2022,5510,379,2352,1663,0,1663,0
12/09/2022,7374,365,1251,1222,0,2885,0
13/09/2022,8273,619,3966,3500,0,2212,0
13/09/2022,8557,547,1240,1897,0,1359,0
13/09/2022,6573,337,3750,3056,0,2874,0
13/09/2022,5268,551,1681,2401,0,1978,0
13/09/2022,9709,495,1055,2584,0,1744,0
13/09/2022,9343,424,2937,3397,0,2383,0
13/09/2022,8333,614,2463,2977,0,2750,0
13/09/2022,6007,620,2474,1630,0,2628,0
13/09/2022,6418,317,1024,3140,0,1016,0
13/09/2022,9789,481,1034,3474,0,1828,0
13/09/2022,5115,429,2999,1686,0,1851,0
13/09/2022,5568,553,3129,3657,0,1554,0
13/09/2022,8801,444,3088,3364,0,1208,0
13/09/2022,9388,556,2499,3675,0,1806,0
14/09/2022,7653,675,1184,3485,0,2967,0
14/09/2022,8244,323,1780,1791,0,2053,0
14/09/2022,8924,665,3035,1856,0,1362,0
14/09/2022,7810,530,2963,2188,0,2809,0
14/09/2022,5267,493,1386,3634,0,2380,0
14/09/2022,8833,450,1710,3744,0,2095,0
14/09/2022,6560,594,3220,1085,0,1067,0
14/09/2022,6100,580,1904,2833,0,2943,0
14/09/2022,6580,435,2434,2490,0,1462,0
14/09/2022,5800,634,1539,1680,0,1784,0
14/09/2022,5848,348,3404,1520,0,1353,0
14/09/2022,9901,572,3265,1675,0,1967,0
14/09/2022,6130,676,2528,3179,0,1759,0
14/09/2022,9356,377,2371,1958,0,2935,0
15/09/2022,5238,517,2830,3868,0,1344,0
15/09/2022,8534,496,3225,2968,0,2307,0
15/09/2022,8753,384,3399,2730,0,1594,0
15/09/2022,7882,402,1767,2045,0,1435,0
15/09/2022,9898,386,3460,2676,0,1292,0
15/09/2022,7088,669,1372,1614,0,1100,0
15/09/2022,5556,644,1245,2945,0,2503,0
15/09/2022,7956,541,1608,2737,0,2666,0
15/09/2022,5008,531,3495,2121,0,2016,0
15/09/2022,8722,457,1605,2736,0,1299,0
15/09/2022,7827,382,2830,2662,0,2511,0
15/09/2022,8605,374,2275,1490,0,1484,0
15/09/2022,6060,543,1595,3645,0,1475,0
15/09/2022,8793,594,1128,3217,0,1586,0
16/09/2022,7723,677,2143,2562,0,1580,0
16/09/2022,6078,529,2704,2437,0,1713,0
16/09/2022,5480,329,2554,1932,0,2100,0
16/09/2022,7653,430,3330,1724,0,2450,0
16/09/2022,6670,463,1150,3697,0,2319,0
16/09/2022,5679,314,3837,3222,0,2120,0
16/09/2022,6901,626,2419,2646,0,1620,0
16/09/2022,5082,552,3754,1528,0,2927,0
16/09/2022,7451,493,2752,3458,0,2248,0
16/09/2022,8444,580,3622,2379,0,2390,0
16/09/2022,8134,406,2484,3263,0,2650,0
16/09/2022,6128,360,3733,2390,0,2275,0
16/09/2022,9629,311,1036,1692,0,1903,0
16/09/2022,8624,546,3897,3215,0,1279,0
17/09/2022,7188,411,3274,1717,0,2298,0
17/09/2022,6394,621,3673,2195,0,1165,0
17/09/2022,7193,671,2359,3324,0,1310,0
17/09/2022,8171,423,3084,2091,0,1536,0
17/09/2022,6744,492,3644,3449,0,1959,0
17/09/2022,9683,461,2981,3075,0,2380,0
17/09/2022,6872,656,1093,3317,0,1231,0
17/09/2022,7806,418,1764,2468,0,1655,0
17/09/2022,9284,489,2353,1417,0,2371,0
17/09/2022,6696,472,3872,2009,0,2750,0
17/09/2022,6856,653,3777,2301,0,1904,0
17/09/2022,8589,370,1592,2742,0,1669,0
17/09/2022,6241,368,3665,1865,0,2475,0
17/09/2022,8229,600,1278,3736,0,2416,0
18/09/2022,5063,373,1422,3220,0,1914,0
18/09/2022,7598,530,2888,1440,0,1870,0
18/09/2022,7231,640,2487,1978,0,2219,0
18/09/2022,8143,562,3314,1878,0,2295,0
18/09/2022,5627,431,2045,2477,0,2374,0
18/09/2022,8051,329,1815,3837,0,2908,0
18/09/2022,6673,653,3697,1080,0,2565,0
18/09/2022,7193,568,3143,3777,0,1606,0
18/09/2022,9750,693,1184,3229,0,2475,0
18/09/2022,7799,601,3917,2712,0,2327,0
18/09/2022,9164,354,3500,1290,0,1953,0
18/09/2022,9688,676,3384,3290,0,1983,0
18/09/2022,9329,333,2214,2690,0,2191,0
18/09/2022,6120,662,3544,1281,0,1237,0
19/09/2022,6887,437,2993,3171,0,2021,0
19/09/2022,7512,429,2911,2361,0,2740,0
19/09/2022,8485,614,3469,2614,0,1299,0
19/09/2022,8449,596,3658,3463,0,1595,0
19/09/2022,5648,404,1709,2955,0,2321,0
19/09/2022,8852,425,2140,3778,0,2066,0
19/09/2022,8951,371,1000,1601,0,2534,0
19/09/2022,5304,363,2087,2426,0,2317,0
19/09/2022,9855,665,1271,2410,0,2561,0
19/09/2022,6518,610,3126,2625,0,2699,0
19/09/2022,5061,688,1858,2374,0,1871,0
19/09/2022,7534,397,3911,2289,0,2237,0
19/09/2022,8461,456,2180,3719,0,1234,0
19/09/2022,9265,457,1940,3544,0,1011,0
19/09/2022,5012,640,3407,2792,0,1669,0
20/09/2022,9504,567,1968,3947,0,2315,0
20/09/2022,9155,327,1330,2474,0,1007,0
20/09/2022,6224,674,1451,3646,0,2496,0
20/09/2022,6431,407,3649,1329,0,1227,0
20/09/2022,6442,463,2187,1277,0,1821,0
20/09/2022,5945,475,1874,1268,0,1999,0
20/09/2022,6618,436,3436,2824,0,1387,0
20/09/2022,5741,398,3423,2935,0,1238,0
20/09/2022,5460,515,2831,2386,0,1357,0
20/09/2022,5194,349,2046,2939,0,2688,0
20/09/2022,6111,589,3378,2883,0,1523,0
20/09/2022,8355,460,2866,2486,0,2582,0
20/09/2022,8189,594,2437,3701,0,1194,0
20/09/2022,7764,401,2360,3011,0,1457,0
21/09/2022,5630,350,2544,1652,0,2244,0
21/09/2022,8782,346,2261,2523,0,1134,0
21/09/2022,6135,603,3842,3604,0,1468,0
21/09/2022,8643,657,2391,1509,0,2320,0
21/09/2022,9270,609,1917,2195,0,2934,0
21/09/2022,5986,492,3839,3785,0,2220,0
21/09/2022,7565,527,3001,1594,0,2264,0
21/09/2022,9644,485,3488,3305,0,1482,0
21/09/2022,5116,531,1118,1167,0,1333,0
21/09/2022,8639,336,2866,1694,0,1726,0
21/09/2022,6385,420,1894,1526,0,2163,0
21/09/2022,7032,474,1826,3680,0,2990,0
21/09/2022,5225,562,3308,2641,0,2880,0
21/09/2022,8465,639,1506,1727,0,1441,0
22/09/2022,8065,687,1731,2640,0,2379,0
22/09/2022,9076,601,3539,2410,0,1697,0
22/09/2022,8282,661,1008,1288,0,1509,0
22/09/2022,9387,663,3202,1216,0,1028,0
22/09/2022,7895,643,2419,1005,0,2465,0
22/09/2022,9446,462,2303,3791,0,1649,0
22/09/2022,5774,550,1477,2678,0,2890,0
22/09/2022,6458,441,3449,3366,0,1200,0
22/09/2022,7938,523,2640,3204,0,2201,0
22/09/2022,6515,563,1227,3136,0,1317,0
22/09/2022,5196,623,2270,3154,0,1812,0
22/09/2022,5327,547,3525,2632,0,1791,0
22/09/2022,8765,508,3405,3092,0,2796,0
22/09/2022,6429,377,3580,1589,0,2362,0
23/09/2022,5892,445,2107,2632,0,2812,0
23/09/2022,8504,337,3179,3429,0,1052,0
23/09/2022,9861,371,3267,3897,0,1670,0
23/09/2022,5911,616,1520,2555,0,1717,0
23/09/2022,7113,491,1303,2849,0,2017,0
23/09/2022,7326,479,2927,2899,0,1973,0
23/09/2022,9108,378,1752,1922,0,1252,0
23/09/2022,6757,671,1296,1800,0,2792,0
23/09/2022,6025,666,1761,1948,0,1971,0
23/09/2022,9114,400,2019,3773,0,1185,0
23/09/2022,6177,534,1576,2327,0,2380,0
23/09/2022,5961,700,1044,1887,0,2202,0
23/09/2022,9537,360,2414,1524,0,1216,0
23/09/2022,9588,387,3443,3236,0,2098,0
24/09/2022,6847,554,3136,1036,0,1395,0
24/09/2022,9129,504,2912,3653,0,1090,0
24/09/2022,5478,509,2328,2868,0,1539,0
24/09/2022,6194,358,2270,3591,0,1818,0
24/09/2022,7322,376,1609,3937,0,2153,0
24/09/2022,5128,567,1864,1344,0,1592,0
24/09/2022,5500,522,1233,2954,0,1911,0
24/09/2022,8210,459,1358,2063,0,2595,0
24/09/2022,5397,628,3115,2853,0,1348,0
24/09/2022,7086,485,2816,1538,0,2844,0
24/09/2022,8901,531,3107,1808,0,2380,0
24/09/2022,7651,354,2422,2596,0,1527,0
24/09/2022,9037,589,3068,3419,0,1667,0
24/09/2022,7295,416,3234,1634,0,2346,0
25/09/2022,6060,355,1041,2212,0,1367,0
25/09/2022,8348,628,3929,3066,0,2863,0
25/09/2022,7458,599,1247,3790,0,1535,0
25/09/2022,7553,617,3383,1890,0,1473,0
25/09/2022,7922,457,2083,3193,0,2556,0
25/09/2022,5491,408,1147,2959,0,2337,0
25/09/2022,6094,660,2221,2378,0,1968,0
25/09/2022,7206,532,3961,2051,0,2910,0
25/09/2022,6139,335,1399,3666,0,1542,0
25/09/2022,5667,514,3289,1627,0,2176,0
25/09/2022,7802,601,1371,1209,0,1793,0
25/09/2022,9319,563,3621,1965,0,1567,0
25/09/2022,6975,554,1805,3685,0,2802,0
25/09/2022,5255,644,1511,1542,0,2031,0
26/09/2022,8610,502,1232,2551,0,2963,0
26/09/2022,7449,688,3942,1447,0,2165,0
26/09/2022,9948,624,3169,1918,0,1956,0
26/09/2022,6087,482,3010,3432,0,2518,0
26/09/2022,5641,335,1247,1396,0,2992,0
26/09/2022,7540,625,1459,2238,0,2331,0
26/09/2022,7500,659,2187,3993,0,2325,0
26/09/2022,9192,325,1438,1214,0,1399,0
26/09/2022,9128,665,3362,1400,0,1196,0
26/09/2022,7163,654,1269,1247,0,1939,0
26/09/2022,7169,486,2361,4000,0,1849,0
26/09/2022,5339,575,3852,3758,0,2740,0
26/09/2022,5096,575,1874,3356,0,2029,0
26/09/2022,7094,308,2821,3710,0,1315,0
27/09/2022,6881,476,1992,2344,0,2362,0
27/09/2022,5297,475,2533,1305,0,1431,0
27/09/2022,7583,489,1744,2888,0,2342,0
27/09/2022,7808,534,3196,1131,0,2074,0
27/09/2022,6454,363,1065,1339,0,2642,0
27/09/2022,6874,696,3136,2199,0,1433,0
27/09/2022,8031,536,2551,2430,0,1721,0
27/09/2022,7765,328,2588,2602,0,1004,0
27/09/2022,7724,422,1989,3897,0,1555,0
27/09/2022,8504,519,1297,1604,0,2502,0
27/09/2022,6529,431,1697,2137,0,2486,0
27/09/2022,9555,385,3561,2572,0,2549,0
27/09/2022,9900,360,1178,3780,0,2517,0
28/09/2022,8671,525,1051,1562,0,2608,0
28/09/2022,9443,488,1168,2282,0,2483,0
28/09/2022,5973,428,1650,3948,0,1924,0
28/09/2022,7477,348,1701,3931,0,1180,0
28/09/2022,8130,408,2490,2288,0,1949,0
28/09/2022,7880,365,1893,2700,0,1540,0
28/09/2022,7357,318,2210,3860,0,1460,0
28/09/2022,5531,328,3792,1691,0,1785,0
28/09/2022,6106,325,1525,2117,0,2286,0
28/09/2022,9108,565,2484,1625,0,2039,0
28/09/2022,9216,485,3108,3068,0,2129,0
28/09/2022,6124,466,1823,1206,0,1461,0
28/09/2022,9615,376,1270,3634,0,2943,0
29/09/2022,9741,354,3099,3941,0,2830,0
29/09/2022,7986,661,3455,1630,0,1149,0
29/09/2022,7469,496,1629,1857,0,2541,0
29/09/2022,7789,381,1956,1350,0,1070,0
29/09/2022,9056,610,1218,3695,0,1719,0
29/09/2022,5907,503,1768,3448,0,2936,0
29/09/2022,5525,302,3556,2112,0,2167,0
29/09/2022,9058,650,1185,3808,0,1870,0
29/09/2022,5168,630,1227,2250,0,2726,0
29/09/2022,7083,340,1004,1896,0,1333,0
29/09/2022,6522,442,2211,3164,0,2995,0
29/09/2022,6222,598,2504,3042,0,2708,0
29/09/2022,7367,668,3112,3049,0,2517,0
29/09/2022,8455,340,3380,3392,0,2485,0
29/09/2022,8758,559,3175,1971,0,1931,0
30/09/2022,5336,659,1873,1421,0,2484,0
30/09/2022,6741,429,3323,2924,0,2881,0
30/09/2022,7818,568,2567,3193,0,1832,0
30/09/2022,6861,367,1983,1901,0,2895,0
30/09/2022,8158,654,2149,3015,0,1807,0
30/09/2022,6879,654,1728,2742,0,1472,0
30/09/2022,8467,653,2316,3328,0,1308,0
30/09/2022,6495,626,3888,2569,0,1828,0
30/09/2022,5399,488,1746,3505,0,1833,0
30/09/2022,5838,546,3867,3782,0,1551,0
30/09/2022,9153,438,1895,3232,0,2344,0
30/09/2022,5175,414,2356,2944,0,1082,0
30/09/2022,6721,415,1488,1712,0,1401,0
30/09/2022,7050,641,2910,3341,0,2437,0
01/10/2022,6719,540,2980,3878,0,2208,0
01/10/2022,9369,466,2296,2360,0,2224,0
01/10/2022,9067,411,3425,3288,0,2709,0
01/10/2022,5509,319,2298,3722,0,2437,0
01/10/2022,7757,381,3304,2008,0,2923,0
01/10/2022,5021,557,1810,2952,0,2096,0
01/10/2022,7087,317,1614,1159,0,2221,0
01/10/2022,5944,505,3883,1351,0,1706,0
01/10/2022,7231,604,1340,3557,0,1757,0
01/10/2022,5022,509,1109,2174,0,1917,0
01/10/2022,9316,481,2523,3615,0,1806,0
01/10/2022,6223,387,2361,1455,0,2032,0
01/10/2022,7799,394,2454,2207,0,1267,0
01/10/2022,7513,620,1319,3299,0,2514,0
02/10/2022,7798,451,1159,1280,0,2977,0
02/10/2022,8860,329,3021,3013,0,1832,0
02/10/2022,6499,655,1803,2972,0,1922,0
02/10/2022,7267,489,1219,2655,0,1831,0
02/10/2022,8627,460,2520,1130,0,2570,0
02/10/2022,7622,555,3351,1158,0,2685,0
02/10/2022,9386,368,1526,2049,0,2875,0
02/10/2022,6857,694,1867,3740,0,2891,0
02/10/2022,6227,638,2390,1359,0,1637,0
02/10/2022,6163,359,1146,2731,0,1397,0
02/10/2022,5051,319,3845,2162,0,1945,0
02/10/2022,9325,319,1861,2679,0,1918,0
02/10/2022,5321,641,1074,3197,0,2070,0
02/10/2022,5877,693,3235,2751,0,2567,0
03/10/2022,6228,350,1698,3683,0,2346,0
03/10/2022,6511,447,1380,3013,0,1901,0
03/10/2022,6581,316,2019,1867,0,2431,0
03/10/2022,6437,567,1724,3074,0,1019,0
03/10/2022,8499,318,3975,1340,0,2528,0
03/10/2022,9615,630,3621,2368,0,1983,0
03/10/2022,7694,400,1879,1905,0,2695,0
03/10/2022,6121,315,3837,3706,0,1836,0
03/10/2022,5584,654,1747,1423,0,2042,0
03/10/2022,8697,532,2120,1467,0,1108,0
03/10/2022,6436,456,2603,1344,0,1745,0
03/10/2022,7667,438,3344,2425,0,1409,0
03/10/2022,9204,394,3370,1270,0,2214,0
03/10/2022,9140,516,1934,1313,0,1815,0
04/10/2022,9294,568,2136,3575,0,1699,0
04/10/2022,7195,513,3190,2361,0,1376,0
04/10/2022,7454,599,2751,3924,0,1898,0
04/10/2022,5324,521,2168,1184,0,1611,0
04/10/2022,6725,605,3120,2302,0,2577,0
04/10/2022,5349,322,1545,3531,0,2056,0
04/10/2022,5213,431,3765,2933,0,2623,0
04/10/2022,9579,575,3735,2285,0,2341,0
04/10/2022,9739,622,2553,3034,0,2220,0
04/10/2022,7131,562,3136,3349,0,2485,0
04/10/2022,5428,385,2460,1523,0,2431,0
04/10/2022,8607,570,3162,1960,0,1981,0
04/10/2022,8451,310,1990,2924,0,2719,0
04/10/2022,6723,489,1605,3042,0,2055,0
05/10/2022,8941,596,3805,1041,0,2114,0
05/10/2022,5202,447,3778,3992,0,2438,0
05/10/2022,6934,627,3524,2858,0,1824,0
05/10/2022,5580,578,3725,2678,0,2578,0
05/10/2022,6571,575,3495,3885,0,2601,0
05/10/2022,5505,428,2517,2512,0,1327,0
05/10/2022,9328,592,2591,3241,0,1414,0
05/10/2022,8435,372,2548,1013,0,2625,0
05/10/2022,8654,462,2948,3277,0,1531,0
05/10/2022,7567,632,1563,3431,0,1115,0
05/10/2022,7355,602,2616,2101,0,2829,0
05/10/2022,5905,690,1219,3616,0,2037,0
05/10/2022,9435,309,1203,1496,0,2570,0
05/10/2022,6246,650,3180,1750,0,2796,0
06/10/2022,9316,690,2443,1186,0,1396,0
06/10/2022,6813,477,2598,3774,0,1446,0
06/10/2022,5589,483,2636,2616,0,1918,0
06/10/2022,9651,331,2946,1349,0,2109,0
06/10/2022,9439,307,1362,1119,0,2402,0
06/10/2022,8815,669,2265,1427,0,2536,0
06/10/2022,6171,659,1316,2373,0,1678,0
06/10/2022,5938,457,3671,2362,0,1108,0
06/10/2022,9743,366,3884,3849,0,2234,0
06/10/2022,7934,348,2169,1612,0,1662,0
06/10/2022,8348,622,2030,2931,0,1541,0
06/10/2022,7919,644,3169,1736,0,1303,0
06/10/2022,8363,587,3970,2314,0,1529,0
06/10/2022,8344,386,2344,3642,0,1875,0
07/10/2022,9815,316,3295,1393,0,1561,0
07/10/2022,8422,456,2945,1130,0,2731,0
07/10/2022,6039,581,1334,3458,0,1778,0
07/10/2022,7015,434,1165,3789,0,2582,0
07/10/2022,9612,334,3196,2885,0,1245,0
07/10/2022,7421,605,1883,1139,0,1730,0
07/10/2022,7283,399,2215,2723,0,2475,0
07/10/2022,6419,477,1259,2195,0,1048,0
07/10/2022,9048,377,1900,2933,0,2172,0
07/10/2022,9609,473,1182,1134,0,2882,0
07/10/2022,6875,519,1228,2247,0,1344,0
07/10/2022,8124,532,1796,1564,0,1048,0
07/10/2022,8109,593,2418,2039,0,1015,0
07/10/2022,9980,447,2863,2030,0,2349,0
08/10/2022,8291,690,3529,2782,0,1211,0
08/10/2022,5369,386,3529,2095,0,1485,0
08/10/2022,8171,596,3196,1902,0,1268,0
08/10/2022,7517,429,2338,2577,0,2111,0
08/10/2022,8376,657,2383,1302,0,2688,0
08/10/2022,9606,453,2594,2626,0,1854,0
08/10/2022,8106,414,2467,3695,0,1055,0
08/10/2022,7285,510,1196,3887,0,1006,0
08/10/2022,8798,676,1448,3294,0,2237,0
08/10/2022,9697,502,1861,2688,0,2049,0
08/10/2022,6634,668,1065,2262,0,1672,0
08/10/2022,8853,406,2359,1293,0,2015,0
08/10/2022,7141,680,2279,3793,0,1365,0
08/10/2022,7247,615,2377,3130,0,1847,0
09/10/2022,9923,398,1810,1639,0,1736,0
09/10/2022,7172,579,2900,1226,0,1466,0
09/10/2022,5894,355,1360,3651,0,1440,0
09/10/2022,9131,649,1696,1163,0,2270,0
09/10/2022,7829,453,3074,2283,0,2134,0
09/10/2022,6302,356,3826,2354,0,2269,0
09/10/2022,6720,520,2307,3519,0,2093,0
09/10/2022,6487,605,2270,3674,0,2540,0
09/10/2022,5207,576,3689,2777,0,1682,0
09/10/2022,5158,522,2479,1741,0,1818,0
09/10/2022,5405,354,2311,3589,0,2170,0
09/10/2022,6545,672,2714,3976,0,2912,0
09/10/2022,7960,554,3526,2264,0,2099,0
09/10/2022,5024,301,3870,3356,0,1654,0
10/10/2022,9469,472,1403,2207,0,1790,0
10/10/2022,9615,444,3610,1108,0,1348,0
10/10/2022,7028,390,2554,1307,0,2137,0
10/10/2022,9486,673,3363,3688,0,2714,0
10/10/2022,7036,537,1913,1132,0,1616,0
10/10/2022,9869,682,3276,1264,0,2114,0
10/10/2022,7445,679,2057,3530,0,1298,0
10/10/2022,7080,560,2358,1323,0,1520,0
10/10/2022,8125,515,1199,1711,0,2043,0
10/10/2022,8550,447,2656,1535,0,1757,0
10/10/2022,5902,402,3992,3556,0,2952,0
10/10/2022,8336,310,2061,3575,0,2773,0
10/10/2022,7082,575,2917,2041,0,2943,0
10/10/2022,8627,666,1660,2236,0,2989,0
11/10/2022,8643,522,1225,3492,0,1233,0
11/10/2022,8471,519,2898,1256,0,2272,0
11/10/2022,9999,367,2773,3129,0,1751,0
11/10/2022,5767,495,1363,1083,0,2133,0
11/10/2022,6948,688,3469,1336,0,1977,0
11/10/2022,9700,581,2912,2940,0,1011,0
11/10/2022,6053,532,3072,2465,0,1294,0
11/10/2022,9564,573,2224,1083,0,1914,0
11/10/2022,8754,633,1303,2088,0,1845,0
11/10/2022,8694,612,1518,1679,0,1862,0
11/10/2022,7036,650,2921,2972,0,2647,0
11/10/2022,6328,667,2770,2094,0,2280,0
11/10/2022,9122,497,1318,1978,0,1911,0
11/10/2022,6686,699,1469,1295,0,2446,0
12/10/2022,6526,388,3934,3374,0,1413,0
12/10/2022,9177,341,1256,1736,0,2246,0
12/10/2022,7486,553,2778,2672,0,2432,0
12/10/2022,5757,520,3756,1105,0,1871,0
12/10/2022,6597,536,2702,1195,0,2855,0
12/10/2022,8008,371,2036,3883,0,1956,0
12/10/2022,9098,634,1974,2006,0,2300,0
12/10/2022,7590,559,1079,3067,0,1910,0
12/10/2022,6716,327,3843,1014,0,2984,0
12/10/2022,9940,460,3451,3750,0,1929,0
12/10/2022,6186,570,2941,2030,0,1933,0
12/10/2022,5449,542,1534,1825,0,2026,0
12/10/2022,7348,379,2766,2763,0,1941,0
12/10/2022,5035,470,1276,2638,0,1182,0
13/10/2022,8116,622,1375,1530,0,2705,0
13/10/2022,7491,341,1951,2978,0,1243,0
13/10/2022,9803,494,3638,2211,0,1645,0
13/10/2022,7601,463,3987,3237,0,2907,0
13/10/2022,9678,323,2912,3823,0,1309,0
13/10/2022,5054,544,3044,3093,0,1656,0
13/10/2022,5465,548,3696,3553,0,2072,0
13/10/2022,8564,613,2545,2775,0,1708,0
13/10/2022,9230,577,1904,3140,0,1036,0
13/10/2022,5967,604,1235,1763,0,1296,0
13/10/2022,6580,490,2652,3524,0,2880,0
13/10/2022,7309,624,2608,1697,0,1934,0
13/10/2022,7171,549,1199,2077,0,1582,0
13/10/2022,6079,417,2247,3301,0,1184,0
14/10/2022,7793,469,1947,2959,0,1010,0
14/10/2022,6026,307,2167,3115,0,2000,0
14/10/2022,9309,423,1279,1502,0,2990,0
14/10/2022,5964,559,1990,1801,0,1498,0
14/10/2022,9451,552,1053,1307,0,1161,0
14/10/2022,6977,652,3210,2942,0,1869,0
14/10/2022,7024,367,2706,2197,0,2161,0
14/10/2022,8983,446,3234,3477,0,2196,0
14/10/2022,9180,381,1354,1029,0,2021,0
14/10/2022,9406,404,1793,3289,0,2525,0
14/10/2022,7554,422,1075,2142,0,2663,0
14/10/2022,6150,576,2212,2357,0,2834,0
14/10/2022,7285,552,2287,1703,0,1202,0
14/10/2022,7288,502,2257,2333,0,1504,0
15/10/2022,5598,459,3512,1035,0,1023,0
15/10/2022,9472,542,3911,2971,0,1901,0
15/10/2022,7047,407,2263,2657,0,1349,0
15/10/2022,5238,647,3975,2418,0,2581,0
15/10/2022,8637,444,1001,1737,0,2233,0
15/10/2022,9153,388,2461,3385,0,1557,0
15/10/2022,8230,346,1739,2269,0,2177,0
15/10/2022,9391,457,1626,3498,0,2824,0
15/10/2022,5694,626,1719,3192,0,1593,0
15/10/2022,5562,504,3137,2798,0,1712,0
15/10/2022,6955,663,3992,3453,0,1554,0
15/10/2022,9959,491,3920,1722,0,2674,0
15/10/2022,7921,463,3749,1461,0,2727,0
15/10/2022,8150,465,3762,1056,0,1876,0
16/10/2022,8231,354,2411,1905,0,2256,0
16/10/2022,8534,420,3154,3126,0,2982,0
16/10/2022,9877,369,2054,3482,0,2372,0
16/10/2022,9427,392,2659,1099,0,2400,0
16/10/2022,5760,672,1117,1127,0,2496,0
16/10/2022,7991,572,1342,2706,0,1440,0
16/10/2022,7163,550,2532,1729,0,1114,0
16/10/2022,8184,580,1382,3353,0,1787,0
16/10/2022,5599,506,3962,2684,0,1122,0
16/10/2022,5873,514,1493,2834,0,2742,0
16/10/2022,9300,639,3315,1633,0,2185,0
16/10/2022,8989,578,2234,1289,0,1958,0
16/10/2022,6380,599,1860,2580,0,1857,0
16/10/2022,7626,417,3050,1358,0,1368,0
17/10/2022,7624,332,3977,1461,0,2580,0
17/10/2022,7917,507,2620,2372,0,1338,0
17/10/2022,6957,513,1235,2044,0,2502,0
17/10/2022,5474,403,2393,2578,0,1017,0
17/10/2022,6803,311,2164,3760,0,2344,0
17/10/2022,6694,338,1993,1814,0,2645,0
17/10/2022,9888,515,3866,1585,0,1072,0
17/10/2022,6157,641,2674,2093,0,1497,0
17/10/2022,9704,334,2714,2411,0,2220,0
17/10/2022,6830,426,2479,3080,0,1573,0
17/10/2022,6746,580,1277,2331,0,1808,0
17/10/2022,7712,505,3779,3605,0,1063,0
17/10/2022,6639,427,1361,3086,0,1850,0
17/10/2022,5296,400,3559,1901,0,2545,0
18/10/2022,8376,624,3471,3793,0,1123,0
18/10/2022,8872,617,1135,2770,0,1701,0
18/10/2022,6618,687,3928,3228,0,2944,0
18/10/2022,6551,540,3949,1879,0,1061,0
18/10/2022,8409,422,2773,1609,0,2154,0
18/10/2022,8824,397,3475,3627,0,2155,0
18/10/2022,8818,328,1861,1130,0,1304,0
18/10/2022,6883,589,2333,2421,0,1987,0
18/10/2022,6230,700,3378,1137,0,2668,0
18/10/2022,5003,666,3042,1262,0,2393,0
18/10/2022,8745,568,2065,3796,0,1684,0
18/10/2022,8408,677,3465,3926,0,2965,0
18/10/2022,6544,408,3142,2378,0,1858,0
18/10/2022,8599,530,2012,3288,0,1209,0
19/10/2022,5499,613,3851,3516,0,1932,0
19/10/2022,9812,406,3730,2833,0,1789,0
19/10/2022,5199,302,3009,1799,0,2948,0
19/10/2022,7520,472,2472,2762,0,2886,0
19/10/2022,5761,348,1536,3599,0,2618,0
19/10/2022,5311,683,2853,2011,0,2145,0
19/10/2022,8650,328,2725,3233,0,2081,0
19/10/2022,8209,570,2303,1852,0,2597,0
19/10/2022,7276,404,2776,1588,0,2106,0
19/10/2022,5216,428,2828,2166,0,2891,0
19/10/2022,5896,314,1544,1192,0,1623,0
19/10/2022,9658,681,1226,2899,0,2633,0
19/10/2022,9918,516,2835,3846,0,2468,0
19/10/2022,8385,504,1644,3613,0,2563,0
20/10/2022,9350,692,1889,3632,0,1081,0
20/10/2022,5520,509,2584,1963,0,2562,0
20/10/2022,9127,356,2095,1232,0,1499,0
20/10/2022,7196,643,3416,1000,0,1155,0
20/10/2022,8855,399,1106,1750,0,1743,0
20/10/2022,6640,633,3894,2494,0,1849,0
20/10/2022,6075,418,2851,3097,0,1985,0
20/10/2022,5603,507,2582,3085,0,2138,0
20/10/2022,7879,500,3396,1165,0,1568,0
20/10/2022,5523,416,1670,2436,0,1231,0
20/10/2022,5267,641,3127,2499,0,2355,0
20/10/2022,6447,547,3757,2590,0,1554,0
20/10/2022,9130,424,1000,1857,0,2059,0
20/10/2022,9470,622,1077,3327,0,2467,0
21/10/2022,7424,495,2217,2992,0,1403,0
21/10/2022,6584,669,3819,3439,0,2709,0
21/10/2022,9573,425,1605,3521,0,1377,0
21/10/2022,6982,500,1928,3452,0,1857,0
21/10/2022,9181,491,2003,3944,0,1957,0
21/10/2022,7372,665,2118,3983,0,2837,0
21/10/2022,9627,498,3055,2680,0,2946,0
21/10/2022,9207,366,3793,1544,0,2779,0
21/10/2022,5593,317,1702,2523,0,2999,0
21/10/2022,8630,328,1173,2201,0,1093,0
21/10/2022,6287,523,1622,3890,0,2786,0
21/10/2022,9866,549,1647,3110,0,2769,0
21/10/2022,7354,531,2112,2644,0,1103,0
21/10/2022,7366,526,2185,1542,0,2654,0
21/10/2022,8308,587,1715,3038,0,1258,0
22/10/2022,6485,407,3949,3495,0,1257,0
22/10/2022,9731,305,2220,3683,0,1030,0
22/10/2022,8469,578,2030,2967,0,2431,0
22/10/2022,8538,435,1173,1548,0,2173,0
22/10/2022,5682,700,2267,2428,0,1123,0
22/10/2022,5611,375,1057,1638,0,2942,0
22/10/2022,5795,585,3364,3066,0,1273,0
22/10/2022,7498,468,3913,1131,0,1069,0
22/10/2022,9317,530,2510,2152,0,2629,0
22/10/2022,7759,541,3500,3253,0,2430,0
22/10/2022,9727,351,2934,3457,0,1275,0
22/10/2022,5864,684,2098,2216,0,1375,0
22/10/2022,9568,340,1064,2657,0,3000,0
22/10/2022,7377,413,3412,2459,0,2629,0
22/10/2022,8786,634,3930,2267,0,2658,0
23/10/2022,6623,686,2805,1873,0,2809,0
23/10/2022,8405,396,3137,3088,0,1318,0
23/10/2022,9372,572,3550,3912,0,2363,0
23/10/2022,8813,352,2645,1225,0,1121,0
23/10/2022,8695,640,2297,1683,0,2965,0
23/10/2022,9121,606,1938,3057,0,1827,0
23/10/2022,5944,396,3984,3467,0,2809,0
23/10/2022,9447,393,2334,2779,0,2798,0
23/10/2022,5606,403,2005,3662,0,1319,0
23/10/2022,8802,437,2834,1283,0,1070,0
23/10/2022,5215,384,1951,2857,0,2767,0
23/10/2022,8284,382,1421,3830,0,1136,0
23/10/2022,6681,555,3714,3669,0,2917,0
23/10/2022,6554,487,2682,1785,0,1028,0
24/10/2022,5099,544,1349,3033,0,2712,0
24/10/2022,7522,465,1331,2588,0,1339,0
24/10/2022,5752,387,2631,2619,0,2943,0
24/10/2022,8475,558,2860,1985,0,1271,0
24/10/2022,6432,621,2669,3622,0,2874,0
24/10/2022,7032,642,1546,1720,0,2365,0
24/10/2022,7243,537,2615,1933,0,2321,0
24/10/2022,6563,394,1810,3394,0,2585,0
24/10/2022,7562,441,3399,2466,0,1219,0
24/10/2022,9436,351,1526,2011,0,1842,0
24/10/2022,8203,465,3160,2066,0,1993,0
24/10/2022,5248,513,3391,2312,0,1686,0
24/10/2022,7355,334,1198,2314,0,1699,0
24/10/2022,5574,457,3089,1887,0,2212,0
24/10/2022,5422,657,2997,3733,0,2141,0
25/10/2022,6387,377,3966,1432,0,1049,0
25/10/2022,7243,564,1524,2781,0,1552,0
25/10/2022,5756,521,2919,2625,0,1187,0
25/10/2022,9095,660,3673,2850,0,1327,0
25/10/2022,7933,455,2403,3803,0,2699,0
25/10/2022,6513,377,2131,1360,0,1500,0
25/10/2022,6720,666,2039,3380,0,2528,0
25/10/2022,9821,590,2011,2517,0,2851,0
25/10/2022,6374,445,1453,1551,0,1588,0
25/10/2022,9430,378,1825,1386,0,2381,0
25/10/2022,5575,635,3456,1681,0,1331,0
25/10/2022,8474,554,2649,3015,0,2540,0
25/10/2022,8070,457,2995,1391,0,1040,0
26/10/2022,8659,562,1440,2548,0,2646,0
26/10/2022,6989,420,1977,1218,0,1601,0
26/10/2022,8332,645,1768,2453,0,2320,0
26/10/2022,9219,589,3131,3274,0,2753,0
26/10/2022,8771,530,2802,3454,0,1892,0
26/10/2022,5498,565,1920,3515,0,1832,0
26/10/2022,8204,317,3625,3997,0,2577,0
26/10/2022,7664,453,3728,2701,0,2652,0
26/10/2022,5976,653,2825,1465,0,1596,0
26/10/2022,7885,335,2211,3884,0,1808,0
26/10/2022,8708,475,3472,1840,0,2911,0
26/10/2022,6442,479,1315,2636,0,2515,0
26/10/2022,8726,339,2090,1984,0,1650,0
26/10/2022,5900,367,2766,3801,0,1735,0
27/10/2022,9827,390,1817,2184,0,2370,0
27/10/2022,7957,667,2578,3429,0,2323,0
27/10/2022,9799,571,2006,3920,0,1527,0
27/10/2022,6732,393,2249,1570,0,1971,0
27/10/2022,6710,592,2537,1337,0,2307,0
27/10/2022,9227,666,3353,3826,0,1786,0
27/10/2022,6596,312,1879,2308,0,2312,0
27/10/2022,5167,594,3663,1414,0,1293,0
27/10/2022,7200,504,2160,1067,0,1883,0
27/10/2022,7781,483,1810,1148,0,2574,0
27/10/2022,9685,480,1156,3230,0,2806,0
27/10/2022,6540,612,1198,3546,0,2846,0
27/10/2022,7416,325,2562,2954,0,2478,0
27/10/2022,9551,536,2055,2971,0,2625,0
27/10/2022,9212,318,3859,3573,0,2387,0
28/10/2022,7704,436,2999,3433,0,1195,0
28/10/2022,7838,466,3137,3118,0,1824,0
28/10/2022,8839,389,1442,1160,0,1230,0
28/10/2022,7906,683,2700,2029,0,1830,0
28/10/2022,8591,591,3861,1727,0,1354,0
28/10/2022,9857,635,2771,1475,0,1347,0
28/10/2022,5703,494,2420,2650,0,2106,0
28/10/2022,7162,411,3131,3252,0,2089,0
28/10/2022,5203,555,1444,3315,0,1871,0
28/10/2022,9842,572,1088,3862,0,2852,0
28/10/2022,5223,615,2741,3996,0,1087,0
28/10/2022,6576,544,3630,2495,0,1444,0
28/10/2022,8740,445,1528,3020,0,1971,0
28/10/2022,8545,633,2712,3685,0,2096,0
28/10/2022,7022,557,1096,3563,0,1142,0
29/10/2022,6802,409,2724,3713,0,2100,0
29/10/2022,8360,570,1631,3553,0,2212,0
29/10/2022,7746,451,1616,2439,0,1610,0
29/10/2022,6471,388,2718,2148,0,1965,0
29/10/2022,7116,330,1166,1761,0,1762,0
29/10/2022,7665,693,2367,1867,0,1441,0
29/10/2022,6421,314,3265,3318,0,1813,0
29/10/2022,6465,615,3488,1955,0,1108,0
29/10/2022,5517,484,1411,1670,0,1395,0
29/10/2022,7126,592,2311,2338,0,1685,0
29/10/2022,6541,664,2492,3660,0,1314,0
29/10/2022,6273,491,1969,3582,0,1376,0
29/10/2022,9449,591,1805,1137,0,2872,0
29/10/2022,9226,424,1663,3508,0,2051,0
29/10/2022,8847,405,3262,2850,0,2833,0
30/10/2022,8993,427,1807,1054,0,2033,0
30/10/2022,7722,618,1909,3855,0,1112,0
30/10/2022,7756,548,3925,3873,0,1957,0
30/10/2022,6893,465,1099,1917,0,2072,0
30/10/2022,9322,350,1034,1181,0,2306,0
30/10/2022,9962,432,1071,1636,0,1634,0
30/10/2022,6125,600,2882,2808,0,2685,0
30/10/2022,5565,631,3057,1271,0,2161,0
30/10/2022,7600,365,3153,3679,0,2162,0
30/10/2022,9733,633,1283,1673,0,2314,0
30/10/2022,5867,302,3387,2899,0,2049,0
30/10/2022,8616,601,1873,2275,0,1580,0
30/10/2022,7414,377,3083,3114,0,1430,0
30/10/2022,6930,406,2942,3040,0,1491,0
30/10/2022,9777,321,1867,1590,0,2502,0
31/10/2022,6347,374,3245,2252,0,1539,0
31/10/2022,5680,520,3193,3492,0,2324,0
31/10/2022,7795,561,3900,2246,0,1164,0
31/10/2022,8230,657,1695,3555,0,1112,0
31/10/2022,9028,320,1800,2572,0,1393,0
31/10/2022,9879,586,3600,2419,0,2554,0
31/10/2022,7513,537,2862,3774,0,2223,0
31/10/2022,7453,472,3298,2476,0,2204,0
31/10/2022,7274,318,1270,2563,0,1884,0
31/10/2022,7645,685,3372,2165,0,2005,0
31/10/2022,5006,556,2908,1796,0,2994,0
31/10/2022,9636,394,2576,3727,0,2051,0
31/10/2022,8225,570,3502,2053,0,1272,0
31/10/2022,6353,341,1629,1331,0,1340,0
31/10/2022,6264,433,2842,1966,0,2348,0
01/11/2022,8278,630,1287,1575,0,2927,0
01/11/2022,6820,388,2094,2948,0,1005,0
01/11/2022,9795,510,3378,3163,0,1293,0
01/11/2022,5574,487,3368,1140,0,1580,0
01/11/2022,6873,625,1142,2757,0,1149,0
01/11/2022,5102,623,1616,1349,0,2915,0
01/11/2022,9858,373,2051,2269,0,1538,0
01/11/2022,6006,446,3026,3624,0,1458,0
01/11/2022,5481,549,3737,2074,0,1935,0
01/11/2022,5870,494,2825,2787,0,1516,0
01/11/2022,6682,476,3675,1428,0,2499,0
01/11/2022,6261,442,3248,2988,0,2271,0
01/11/2022,6423,490,3582,3599,0,2995,0
01/11/2022,5629,685,2353,1537,0,2535,0
01/11/2022,5116,453,1682,2399,0,2392,0
01/11/2022,6076,698,2164,3145,0,2790,0
02/11/2022,7637,427,3494,1097,0,2474,0
02/11/2022,7020,455,2556,2329,0,1351,0
02/11/2022,8496,534,3925,1642,0,1368,0
02/11/2022,9455,381,2851,3360,0,1620,0
02/11/2022,5709,574,1246,3704,0,1428,0
02/11/2022,9407,492,3841,2501,0,2273,0
02/11/2022,5334,539,3059,2842,0,2093,0
02/11/2022,6452,431,3687,1562,0,2005,0
02/11/2022,5489,385,1406,1847,0,2963,0
02/11/2022,8345,604,3434,2278,0,2514,0
02/11/2022,8786,602,2775,1962,0,1335,0
02/11/2022,6041,655,1569,3484,0,1103,0
02/11/2022,5140,409,1837,1568,0,1213,0
02/11/2022,9875,359,3340,1403,0,1519,0
02/11/2022,6253,367,1161,1973,0,2981,0
02/11/2022,6429,419,1276,2409,0,2829,0
03/11/2022,8091,368,1069,2660,0,2008,0
03/11/2022,6859,576,3595,2394,0,2841,0
03/11/2022,7909,517,3537,2734,0,2781,0
03/11/2022,8032,441,1580,2126,0,2821,0
03/11/2022,5279,537,3320,1601,0,1299,0
03/11/2022,9676,581,2533,1671,0,2408,0
03/11/2022,7634,610,1673,1290,0,2850,0
03/11/2022,9799,332,1995,3039,0,2765,0
03/11/2022,7458,615,3787,1885,0,2792,0
03/11/2022,5848,665,3968,2810,0,2933,0
03/11/2022,5624,621,1184,3285,0,2954,0
03/11/2022,8328,569,2223,2594,0,2900,0
03/11/2022,9277,465,3516,3047,0,1195,0
03/11/2022,9304,389,1007,2491,0,1803,0
03/11/2022,7412,545,2949,2112,0,1471,0
04/11/2022,6423,597,3510,3977,0,1540,0
04/11/2022,9489,494,1768,1148,0,1646,0
04/11/2022,8179,441,2871,3324,0,2380,0
04/11/2022,9447,370,3697,3272,0,1861,0
04/11/2022,7040,670,1705,1115,0,1566,0
04/11/2022,6150,673,1251,2217,0,2061,0
04/11/2022,8218,684,3348,2070,0,2316,0
04/11/2022,5985,659,2812,1775,0,1157,0
04/11/2022,7511,458,2786,3179,0,2605,0
04/11/2022,7392,570,2227,2914,0,2489,0
04/11/2022,7568,362,3161,3521,0,1835,0
04/11/2022,5233,613,1217,3772,0,2595,0
04/11/2022,7779,332,1250,2483,0,1263,0
04/11/2022,9298,552,3703,3368,0,2608,0
04/11/2022,8348,552,3168,2276,0,2713,0
05/11/2022,6312,579,3668,3905,0,2938,0
05/11/2022,9899,529,3973,3194,0,2703,0
05/11/2022,5467,580,3786,3611,0,1580,0
05/11/2022,8395,450,1415,2603,0,2834,0
05/11/2022,7259,426,2500,2806,0,2848,0
05/11/2022,7315,592,3140,2341,0,2278,0
05/11/2022,6978,338,2176,2539,0,2293,0
05/11/2022,7423,316,3189,3518,0,2560,0
05/11/2022,8140,510,2076,1530,0,1971,0
05/11/2022,6990,594,1400,2162,0,1464,0
05/11/2022,7653,350,2478,1476,0,2177,0
05/11/2022,5581,680,1601,3238,0,1037,0
05/11/2022,5502,330,2966,3145,0,1015,0
05/11/2022,6699,379,1744,3928,0,2481,0
05/11/2022,8202,514,1175,1532,0,2320,0
05/11/2022,5420,553,2901,1299,0,2743,0
06/11/2022,8838,573,1050,1099,0,2049,0
06/11/2022,5249,593,3507,2825,0,1406,0
06/11/2022,9608,511,2071,2957,0,1462,0
06/11/2022,7856,335,1050,3186,0,2578,0
06/11/2022,8587,611,2875,2462,0,2931,0
06/11/2022,5278,575,2470,3497,0,1508,0
06/11/2022,7097,466,2504,3083,0,2536,0
06/11/2022,8097,313,3131,2642,0,1461,0
06/11/2022,5730,416,2296,1276,0,1287,0
06/11/2022,7736,449,3380,3242,0,1227,0
06/11/2022,7023,404,2412,3016,0,1264,0
06/11/2022,9975,332,3790,1049,0,1441,0
06/11/2022,8297,493,3289,1973,0,1312,0
06/11/2022,7003,506,3137,3480,0,2605,0
06/11/2022,7186,610,3949,2202,0,2689,0
07/11/2022,6292,424,2650,1019,0,2546,0
07/11/2022,5562,586,1519,2255,0,1830,0
07/11/2022,5365,573,3017,2533,0,1731,0
07/11/2022,6706,607,2698,2865,0,1990,0
07/11/2022,9413,572,2093,3483,0,2597,0
07/11/2022,6262,632,1338,1078,0,1486,0
07/11/2022,7882,616,3915,3513,0,2803,0
07/11/2022,7754,465,3995,2831,0,2047,0
07/11/2022,8323,611,2066,1235,0,1668,0
07/11/2022,9777,427,1984,2975,0,1417,0
07/11/2022,6988,373,2299,2793,0,2692,0
07/11/2022,6742,608,1224,3658,0,1477,0
07/11/2022,7901,626,3290,2753,0,1860,0
07/11/2022,7926,551,2073,2451,0,2583,0
07/11/2022,6557,589,1670,1708,0,2445,0
07/11/2022,9621,601,1027,1357,0,2079,0
08/11/2022,8648,450,2885,2152,0,2411,0
08/11/2022,5163,671,2033,2617,0,2667,0
08/11/2022,5566,434,3719,1597,0,1638,0
08/11/2022,6140,357,3976,1250,0,1175,0
08/11/2022,6115,434,2492,3775,0,2653,0
08/11/2022,7862,472,3106,1104,0,1764,0
08/11/2022,8384,451,1767,2051,0,2717,0
08/11/2022,9605,455,1633,3543,0,1811,0
08/11/2022,5431,626,3958,3330,0,2566,0
08/11/2022,9975,436,2292,3249,0,1751,0
08/11/2022,7892,576,1207,3385,0,2440,0
08/11/2022,8300,310,1585,3256,0,1769,0
08/11/2022,8498,627,3035,3086,0,1254,0
08/11/2022,9524,674,3214,3150,0,1861,0
08/11/2022,6515,633,2264,2664,0,2419,0
08/11/2022,5800,519,2125,1170,0,2488,0
09/11/2022,5786,528,2523,1618,0,2605,0
09/11/2022,7540,458,1688,1726,0,2525,0
09/11/2022,6149,455,1998,1460,0,1867,0
09/11/2022,5020,568,3046,2970,0,1159,0
09/11/2022,9250,318,3131,2415,0,2064,0
09/11/2022,9324,465,2206,2222,0,1443,0
09/11/2022,8569,385,2364,1412,0,2149,0
09/11/2022,8158,491,3920,2543,0,1284,0
09/11/2022,6399,379,2982,1383,0,2778,0
09/11/2022,7228,587,2171,1058,0,2598,0
09/11/2022,5388,613,3097,2718,0,2970,0
09/11/2022,8983,473,2854,1824,0,1806,0
09/11/2022,9796,531,3555,1322,0,1619,0
09/11/2022,9475,582,1236,2828,0,1917,0
09/11/2022,6015,577,3155,1793,0,2048,0
10/11/2022,8534,580,2380,1263,0,1633,0
10/11/2022,8269,585,1532,2537,0,1212,0
10/11/2022,9347,518,2864,2830,0,2517,0
10/11/2022,8929,526,3119,1061,0,1807,0
10/11/2022,5377,352,3427,1322,0,1194,0
10/11/2022,8643,326,1311,1987,0,1941,0
10/11/2022,8078,395,1215,3048,0,1851,0
10/11/2022,6322,614,1140,1932,0,1752,0
10/11/2022,8095,606,2444,3897,0,2520,0
10/11/2022,6260,637,3458,2654,0,1505,0
10/11/2022,7429,619,3880,1817,0,1733,0
10/11/2022,6910,408,1038,1446,0,1083,0
10/11/2022,6536,540,1253,1538,0,1172,0
10/11/2022,5565,342,2591,1038,0,2706,0
10/11/2022,8028,670,3113,3651,0,2848,0
11/11/2022,6545,500,1138,1505,0,1140,0
11/11/2022,8223,489,1217,2814,0,2832,0
11/11/2022,7331,581,2043,2874,0,1953,0
11/11/2022,6646,622,1431,3023,0,1610,0
11/11/2022,8776,482,1656,1664,0,1470,0
11/11/2022,5645,622,2792,3456,0,2694,0
11/11/2022,5323,304,3872,2522,0,2165,0
11/11/2022,7624,691,3046,3433,0,2499,0
11/11/2022,7524,491,3619,1442,0,1089,0
11/11/2022,9534,462,2965,2060,0,2432,0
11/11/2022,6912,339,3919,1753,0,1980,0
11/11/2022,7966,345,3074,3512,0,1530,0
11/11/2022,8399,403,3835,2601,0,2314,0
11/11/2022,8866,320,1693,1965,0,2945,0
11/11/2022,7190,471,3060,1485,0,1307,0
12/11/2022,7824,538,1787,2946,0,1504,0
12/11/2022,8150,353,3191,2673,0,1907,0
12/11/2022,9730,654,2726,2887,0,1923,0
12/11/2022,9133,694,2988,3820,0,2417,0
12/11/2022,6559,588,3106,3425,0,2085,0
12/11/2022,6159,694,2118,3505,0,1235,0
12/11/2022,5035,533,2551,2682,0,2317,0
12/11/2022,8081,614,2400,2243,0,2901,0
12/11/2022,8037,432,2578,3622,0,1723,0
12/11/2022,8098,415,3626,2682,0,1217,0
12/11/2022,7981,407,2980,2997,0,1031,0
12/11/2022,9635,367,1269,3540,0,2766,0
12/11/2022,8148,354,2563,2148,0,1481,0
12/11/2022,9070,385,3479,2193,0,1481,0
12/11/2022,9099,318,3707,2277,0,2571,0
13/11/2022,8819,577,2977,2504,0,1826,0
13/11/2022,6630,372,2589,3823,0,2532,0
13/11/2022,7279,398,1240,3409,0,1127,0
13/11/2022,9832,674,2845,1486,0,2519,0
13/11/2022,8469,428,3123,1655,0,1942,0
13/11/2022,7188,444,2702,3430,0,1842,0
13/11/2022,5163,567,2105,2259,0,2955,0
13/11/2022,5270,465,3408,2758,0,2753,0
13/11/2022,5494,358,1027,1458,0,2987,0
13/11/2022,7532,686,1442,2119,0,2415,0
13/11/2022,7004,400,3196,2623,0,1165,0
13/11/2022,7314,636,1196,1972,0,1139,0
13/11/2022,8481,316,3847,3510,0,2156,0
13/11/2022,5260,407,2800,3578,0,1254,0
14/11/2022,7996,433,1324,2348,0,2985,0
14/11/2022,6883,493,1170,3731,0,2315,0
14/11/2022,6227,583,3322,1933,0,1938,0
14/11/2022,6425,423,3785,1364,0,2147,0
14/11/2022,6325,331,1685,3295,0,2261,0
14/11/2022,6107,590,1778,2368,0,1452,0
14/11/2022,7370,586,1537,1263,0,2317,0
14/11/2022,8145,456,2687,1052,0,2020,0
14/11/2022,5472,646,2751,3111,0,2247,0
14/11/2022,8475,606,2410,3518,0,1640,0
14/11/2022,7927,437,3288,3793,0,1723,0
14/11/2022,7320,346,2868,3394,0,1469,0
14/11/2022,5561,483,3168,3650,0,1723,0
14/11/2022,7502,676,2373,1546,0,2704,0
14/11/2022,8666,412,2283,1534,0,2414,0
14/11/2022,8775,371,2370,2737,0,2283,0
15/11/2022,9393,430,2346,3972,0,2304,0
15/11/2022,7978,687,1174,1389,0,1232,0
15/11/2022,6964,696,1402,2788,0,1790,0
15/11/2022,5614,682,1238,2204,0,1824,0
15/11/2022,6580,653,2208,3594,0,2838,0
15/11/2022,8041,653,1994,1412,0,1911,0
15/11/2022,5502,543,1588,2178,0,1897,0
15/11/2022,5283,696,2921,3883,0,2183,0
15/11/2022,5629,359,3041,2950,0,1863,0
15/11/2022,7558,422,3409,1128,0,2575,0
15/11/2022,9157,617,2390,2656,0,1119,0
15/11/2022,9753,449,2615,2883,0,2668,0
15/11/2022,5475,627,1213,2471,0,2242,0
15/11/2022,8735,665,2148,3255,0,1699,0
15/11/2022,9132,425,2317,2047,0,2207,0
15/11/2022,7703,627,3827,2052,0,1328,0
16/11/2022,7249,671,1660,2459,0,2678,0
16/11/2022,8744,533,3730,2537,0,1015,0
16/11/2022,9009,311,1346,2333,0,1753,0
16/11/2022,8393,508,3105,3107,0,2756,0
16/11/2022,5716,567,3392,1865,0,1850,0
16/11/2022,6451,552,1495,3237,0,1368,0
16/11/2022,7284,574,2799,3527,0,2378,0
16/11/2022,7675,544,3176,3241,0,2188,0
16/11/2022,8757,390,1691,3375,0,1686,0
16/11/2022,5018,557,2630,3289,0,1919,0
16/11/2022,8106,485,3540,2355,0,1868,0
16/11/2022,6400,391,2940,2694,0,1822,0
16/11/2022,6210,304,2825,2971,0,2799,0
16/11/2022,9812,589,2556,2514,0,2847,0
16/11/2022,8179,673,1048,3301,0,2409,0
16/11/2022,6424,513,3706,2896,0,1427,0
17/11/2022,6485,617,3184,3238,0,1557,0
17/11/2022,5191,590,1292,3198,0,1842,0
17/11/2022,6349,463,1790,3717,0,2112,0
17/11/2022,9010,581,1126,3616,0,2541,0
17/11/2022,9314,321,2937,1048,0,2639,0
17/11/2022,7052,477,3955,2078,0,2482,0
17/11/2022,5234,370,2471,2537,0,1694,0
17/11/2022,8029,396,1201,3107,0,2693,0
17/11/2022,6404,689,1228,1752,0,1547,0
17/11/2022,5085,554,3656,2302,0,1769,0
17/11/2022,7187,684,2959,2493,0,2597,0
17/11/2022,8307,519,1451,1721,0,2389,0
17/11/2022,7107,489,2297,1173,0,2401,0
17/11/2022,7243,457,1075,3055,0,2347,0
17/11/2022,9258,506,3853,2730,0,1810,0
18/11/2022,5241,633,1385,3228,0,1137,0
18/11/2022,5282,513,2796,3088,0,2103,0
18/11/2022,8227,392,3045,2309,0,1151,0
18/11/2022,7662,654,3425,3328,0,2888,0
18/11/2022,5520,457,3744,3657,0,2791,0
18/11/2022,8608,632,3363,2441,0,1759,0
18/11/2022,7804,572,2297,1343,0,2952,0
18/11/2022,6922,679,1400,2694,0,1410,0
18/11/2022,8543,473,1762,2123,0,2564,0
18/11/2022,7116,589,3418,3876,0,1011,0
18/11/2022,5005,449,1344,1471,0,1904,0
18/11/2022,7596,650,1500,3686,0,1361,0
18/11/2022,9798,660,1195,3077,0,1094,0
18/11/2022,9531,501,2706,3900,0,2639,0
18/11/2022,9453,301,1849,1625,0,1436,0
18/11/2022,7413,331,1339,1308,0,2177,0
19/11/2022,9830,585,2257,1121,0,1469,0
19/11/2022,7525,420,1502,1742,0,2576,0
19/11/2022,5779,561,1822,3611,0,2853,0
19/11/2022,5850,628,3834,1386,0,1230,0
19/11/2022,9450,493,3398,2274,0,2360,0
19/11/2022,7475,686,2425,3161,0,1453,0
19/11/2022,9669,613,2614,1189,0,1606,0
19/11/2022,9642,560,1467,1497,0,1018,0
19/11/2022,5525,518,1987,2015,0,1039,0
19/11/2022,5456,305,1106,3078,0,1587,0
19/11/2022,8032,303,1231,2525,0,2057,0
19/11/2022,9571,392,3770,1690,0,1828,0
19/11/2022,8998,369,1936,3570,0,2019,0
19/11/2022,8635,441,3999,3902,0,1387,0
19/11/2022,9073,676,2753,3687,0,2372,0
19/11/2022,7408,303,3247,3865,0,1868,0
20/11/2022,6143,513,1550,2374,0,2901,0
20/11/2022,5124,634,2306,3723,0,2186,0
20/11/2022,8668,484,1616,1216,0,1866,0
20/11/2022,6093,341,1308,2550,0,1407,0
20/11/2022,7553,328,3759,3882,0,2084,0
20/11/2022,9398,528,1625,1658,0,2370,0
20/11/2022,7323,503,1086,1555,0,1641,0
20/11/2022,9749,438,2750,3135,0,2506,0
20/11/2022,6974,632,2549,3831,0,1829,0
20/11/2022,8798,542,3725,1917,0,2775,0
20/11/2022,7527,427,1216,1057,0,1986,0
20/11/2022,7538,667,3748,2673,0,2648,0
20/11/2022,6405,537,2806,3618,0,2751,0
20/11/2022,6683,613,2815,3101,0,2689,0
21/11/2022,8255,377,3196,1218,0,2496,0
21/11/2022,9473,321,2325,1624,0,1799,0
21/11/2022,8276,501,3976,1752,0,1659,0
21/11/2022,6074,359,1921,3431,0,1107,0
21/11/2022,9255,328,2823,2088,0,1649,0
21/11/2022,8948,547,2363,3511,0,2167,0
21/11/2022,7832,341,3005,1396,0,1942,0
21/11/2022,5306,679,1197,2693,0,2168,0
21/11/2022,8780,341,3867,1277,0,1144,0
21/11/2022,8332,639,1337,2705,0,2160,0
21/11/2022,8404,541,1298,1964,0,2564,0
21/11/2022,7332,690,2431,3036,0,1656,0
21/11/2022,8958,458,1700,1237,0,1897,0
21/11/2022,5816,315,1377,2605,0,2908,0
21/11/2022,9889,497,1070,3723,0,2563,0
22/11/2022,7556,600,1279,1141,0,2902,0
22/11/2022,9386,550,3610,3087,0,1721,0
22/11/2022,7044,351,1231,1274,0,1633,0
22/11/2022,8080,315,1218,3001,0,1673,0
22/11/2022,8053,536,1741,2784,0,1077,0
22/11/2022,8636,650,1403,2144,0,1374,0
22/11/2022,8044,363,2870,3455,0,2314,0
22/11/2022,6549,306,3236,1329,0,2395,0
22/11/2022,7637,592,1916,2667,0,1133,0
22/11/2022,7189,696,1585,1592,0,2653,0
22/11/2022,5048,381,3942,3853,0,2069,0
22/11/2022,8229,351,3017,1236,0,2393,0
22/11/2022,7214,662,1822,1978,0,1531,0
22/11/2022,8486,524,1288,1420,0,2767,0
23/11/2022,6805,368,2795,3995,0,2798,0
23/11/2022,7781,404,3813,3268,0,1613,0
23/11/2022,8968,361,3147,1039,0,1868,0
23/11/2022,8152,652,3222,2665,0,1567,0
23/11/2022,6796,388,1408,3056,0,2080,0
23/11/2022,6945,479,1909,1650,0,2783,0
23/11/2022,6704,634,1005,3419,0,1599,0
23/11/2022,5334,563,3707,2036,0,2911,0
23/11/2022,6201,588,1939,1900,0,1177,0
23/11/2022,9154,665,3761,1562,0,2378,0
23/11/2022,7782,337,2174,3120,0,2186,0
23/11/2022,7111,316,2629,3885,0,2971,0
23/11/2022,7882,596,1510,2357,0,1919,0
23/11/2022,9639,580,1771,1890,0,2847,0
23/11/2022,7705,652,2216,1173,0,1715,0
24/11/2022,9944,366,1790,2450,0,2866,0
24/11/2022,6631,593,2130,2157,0,2732,0
24/11/2022,9718,311,1224,3437,0,1082,0
24/11/2022,8095,470,2679,2827,0,2976,0
24/11/2022,5040,576,1464,3051,0,1697,0
24/11/2022,8391,664,2562,3245,0,1964,0
24/11/2022,8796,462,3332,3854,0,2339,0
24/11/2022,9094,645,2779,1406,0,2163,0
24/11/2022,7244,566,1261,3985,0,2795,0
24/11/2022,6221,638,1183,2959,0,1608,0
24/11/2022,9757,568,2955,1209,0,2443,0
24/11/2022,7021,385,3199,1824,0,2218,0
24/11/2022,8763,401,1848,2485,0,1191,0
24/11/2022,5063,532,1329,2297,0,2915,0
25/11/2022,7629,678,1489,1060,0,1353,0
25/11/2022,5608,690,2510,1764,0,2597,0
25/11/2022,6878,322,1446,3326,0,1629,0
25/11/2022,6239,459,1221,3912,0,1064,0
25/11/2022,9666,632,2237,3146,0,1840,0
25/11/2022,7020,480,3441,3813,0,2678,0
25/11/2022,5690,491,3701,1664,0,1454,0
25/11/2022,7479,443,3949,2173,0,2361,0
25/11/2022,6438,358,2889,1816,0,2964,0
25/11/2022,5297,553,3159,3530,0,2770,0
25/11/2022,8511,321,1387,1188,0,1900,0
25/11/2022,5420,302,3159,2892,0,1126,0
25/11/2022,6197,530,3841,3264,0,1526,0
25/11/2022,9288,534,2658,3296,0,2287,0
26/11/2022,9590,384,2778,2558,0,2443,0
26/11/2022,5192,396,1947,2835,0,1795,0
26/11/2022,8068,389,1427,2879,0,1389,0
26/11/2022,6793,431,3756,1185,0,1165,0
26/11/2022,8591,659,2031,1488,0,2643,0
26/11/2022,7714,416,1926,3046,0,2531,0
26/11/2022,5325,644,1554,2128,0,1652,0
26/11/2022,8409,537,3431,1460,0,2751,0
26/11/2022,6688,611,1229,1990,0,1217,0
26/11/2022,8091,512,1837,1429,0,1191,0
26/11/2022,6474,536,2726,1951,0,1365,0
26/11/2022,8705,606,2790,2948,0,2768,0
26/11/2022,7396,487,3258,2110,0,1814,0
27/11/2022,6044,571,2936,2046,0,1641,0
27/11/2022,9886,549,2222,1845,0,2453,0
27/11/2022,5586,544,2353,1514,0,1852,0
27/11/2022,5886,366,2649,2106,0,2194,0
27/11/2022,9668,320,2194,3635,0,2453,0
27/11/2022,9012,591,2953,2194,0,1446,0
27/11/2022,5638,429,2803,1032,0,1316,0
27/11/2022,8488,563,1249,2498,0,1332,0
27/11/2022,8841,580,1764,1049,0,1210,0
27/11/2022,8403,632,3782,3857,0,1944,0
27/11/2022,6426,506,2363,2422,0,2157,0
27/11/2022,8322,584,2982,3790,0,2098,0
27/11/2022,9893,427,1881,3797,0,2964,0
27/11/2022,6308,676,1314,1085,0,1909,0
28/11/2022,5552,382,3795,2595,0,1467,0
28/11/2022,8678,492,1835,3261,0,2751,0
28/11/2022,8646,624,1490,3853,0,2691,0
28/11/2022,9307,479,2752,2925,0,1130,0
28/11/2022,7299,481,1621,2488,0,2252,0
28/11/2022,9180,494,3723,1221,0,2954,0
28/11/2022,6404,538,3713,1347,0,1854,0
28/11/2022,8195,490,2367,1221,0,1873,0
28/11/2022,7840,456,3179,1370,0,2112,0
28/11/2022,9704,555,1640,3037,0,2811,0
28/11/2022,7689,693,1775,1082,0,1862,0
28/11/2022,6851,562,2046,3978,0,2189,0
28/11/2022,8439,597,1256,2298,0,1303,0
28/11/2022,7526,550,1238,2551,0,2352,0
28/11/2022,7871,684,1460,3262,0,2597,0
29/11/2022,8225,382,2978,3192,0,1927,0
29/11/2022,8933,635,3314,3588,0,2055,0
29/11/2022,5796,687,1527,1477,0,1367,0
29/11/2022,5566,635,1424,1984,0,1777,0
29/11/2022,6239,450,2068,1034,0,2738,0
29/11/2022,6930,398,2875,2211,0,2454,0
29/11/2022,7997,622,3824,1875,0,1091,0
29/11/2022,7566,567,1819,2614,0,1224,0
29/11/2022,8135,627,1784,1406,0,1414,0
29/11/2022,6102,506,2872,3296,0,1031,0
29/11/2022,5587,659,3653,1617,0,1250,0
29/11/2022,8633,633,3476,1559,0,2069,0
29/11/2022,5952,464,1357,2055,0,2339,0
29/11/2022,7848,501,3600,2753,0,1806,0
29/11/2022,6812,441,3202,3959,0,1843,0
30/11/2022,5919,512,2971,1333,0,2781,0
30/11/2022,9481,617,2483,1640,0,1467,0
30/11/2022,5405,637,3686,1409,0,2362,0
30/11/2022,6176,584,3226,3294,0,2572,0
30/11/2022,7573,580,2196,1318,0,1293,0
30/11/2022,6060,649,2017,3436,0,2866,0
30/11/2022,5095,495,3078,3159,0,1623,0
30/11/2022,7441,620,3148,1244,0,2344,0
30/11/2022,7911,392,2534,3130,0,2082,0
30/11/2022,6509,567,2280,2177,0,1259,0
30/11/2022,9790,475,1092,1006,0,2136,0
30/11/2022,9251,602,1925,2603,0,2385,0
30/11/2022,9441,353,1574,2902,0,1529,0
30/11/2022,5526,425,2903,2073,0,2052,0
30/11/2022,9650,690,1791,3147,0,1061,0
01/12/2022,6819,319,3362,3269,0,2330,0
01/12/2022,5627,321,2773,2902,0,2019,0
01/12/2022,7078,319,3706,3419,0,1056,0
01/12/2022,5816,460,3867,3491,0,1921,0
01/12/2022,6803,396,3223,2836,0,1371,0
01/12/2022,7654,502,3274,2870,0,1311,0
01/12/2022,5021,591,1660,3924,0,2853,0
01/12/2022,5084,306,2975,1976,0,1428,0
01/12/2022,5118,407,3947,1732,0,1566,0
01/12/2022,5674,313,1762,2134,0,2746,0
01/12/2022,9910,320,2533,2842,0,2245,0
01/12/2022,6494,509,2281,3315,0,1879,0
01/12/2022,5677,625,1619,1797,0,2381,0
02/12/2022,5104,380,1236,3294,0,1524,0
02/12/2022,7375,600,1123,2705,0,2100,0
02/12/2022,8907,501,3182,2746,0,1231,0
02/12/2022,6727,365,1061,1004,0,2501,0
02/12/2022,7255,671,3691,2020,0,2538,0
02/12/2022,6132,379,1640,2431,0,2311,0
02/12/2022,8627,637,3784,1290,0,1159,0
02/12/2022,6838,389,3411,1029,0,2798,0
02/12/2022,7584,587,2046,3734,0,1326,0
02/12/2022,7734,399,1973,1733,0,2478,0
02/12/2022,8907,588,1966,3231,0,2675,0
02/12/2022,8596,648,1863,2191,0,1372,0
02/12/2022,9841,560,1329,3409,0,1535,0
02/12/2022,5488,433,2942,3894,0,2847,0
03/12/2022,6058,534,2596,1428,0,1984,0
03/12/2022,6351,393,2731,1657,0,2070,0
03/12/2022,6832,551,1626,1182,0,2904,0
03/12/2022,8807,438,3433,2764,0,2900,0
03/12/2022,6384,423,3179,3210,0,1707,0
03/12/2022,7185,536,1673,2151,0,2160,0
03/12/2022,7899,591,1100,2672,0,1862,0
03/12/2022,5155,523,3123,2088,0,2256,0
03/12/2022,7366,306,1892,1609,0,2100,0
03/12/2022,5380,501,3454,3845,0,2267,0
03/12/2022,5033,546,2905,3447,0,2600,0
03/12/2022,9200,685,1811,1725,0,2777,0
03/12/2022,5533,690,2994,2736,0,2982,0
03/12/2022,9406,369,3960,3683,0,2462,0
03/12/2022,8552,334,3425,2803,0,1115,0
04/12/2022,5394,468,2249,3783,0,1560,0
04/12/2022,9194,644,1644,1189,0,2430,0
04/12/2022,9257,375,1213,1989,0,1397,0
04/12/2022,8796,583,3773,2179,0,1955,0
04/12/2022,8511,691,3103,3892,0,1674,0
04/12/2022,6653,482,1290,2510,0,2052,0
04/12/2022,8539,431,3910,2375,0,2806,0
04/12/2022,6836,554,3875,3890,0,1674,0
04/12/2022,7943,398,1508,3602,0,2597,0
04/12/2022,5985,514,3657,2452,0,1663,0
04/12/2022,7305,499,2242,2519,0,2818,0
04/12/2022,6032,394,3175,1931,0,2260,0
04/12/2022,7697,404,1133,2367,0,2814,0
04/12/2022,8128,629,3626,2506,0,2256,0
04/12/2022,7913,330,2221,2519,0,2767,0
05/12/2022,5024,383,1768,3225,0,2889,0
05/12/2022,5878,443,1858,3804,0,1398,0
05/12/2022,8385,426,2005,3285,0,2193,0
05/12/2022,6623,526,3928,2093,0,2303,0
05/12/2022,9599,682,1163,3828,0,2487,0
05/12/2022,6089,698,3127,1001,0,1103,0
05/12/2022,7488,504,3249,3815,0,2356,0
05/12/2022,9714,583,3929,1490,0,2331,0
05/12/2022,9452,646,2810,1772,0,2663,0
05/12/2022,6269,493,1075,1225,0,1622,0
05/12/2022,7191,608,1735,3566,0,2604,0
05/12/2022,5426,470,1331,2662,0,1769,0
05/12/2022,8473,332,2999,2887,0,2146,0
05/12/2022,8015,301,1374,2555,0,2259,0
05/12/2022,8202,494,2048,2621,0,2353,0
06/12/2022,9190,514,2463,1406,0,1940,0
06/12/2022,8832,566,1962,1048,0,1296,0
06/12/2022,5942,351,1269,3291,0,2969,0
06/12/2022,7513,590,1322,1694,0,2416,0
06/12/2022,5069,487,3310,3991,0,2369,0
06/12/2022,9351,510,2451,3839,0,1473,0
06/12/2022,5187,608,1855,1293,0,2850,0
06/12/2022,5291,375,2004,1848,0,2900,0
06/12/2022,7537,511,3284,2046,0,2575,0
06/12/2022,7114,663,2630,2353,0,1718,0
06/12/2022,7145,363,2390,1773,0,2005,0
06/12/2022,6326,440,2284,1032,0,2970,0
06/12/2022,6548,637,2296,1966,0,1068,0
06/12/2022,5588,535,1258,1490,0,2456,0
06/12/2022,5735,513,2874,2152,0,1109,0
07/12/2022,6864,446,3744,3504,0,2923,0
07/12/2022,9035,400,3579,1946,0,2964,0
07/12/2022,6803,506,3186,3776,0,1863,0
07/12/2022,6490,485,3150,2357,0,2679,0
07/12/2022,6535,482,2384,1661,0,1788,0
07/12/2022,9165,561,3542,2634,0,2293,0
07/12/2022,6814,472,3920,1267,0,2823,0
07/12/2022,7619,599,1301,1184,0,2400,0
07/12/2022,9313,391,1194,2654,0,1966,0
07/12/2022,9468,587,3964,3811,0,1353,0
07/12/2022,8880,606,2873,1944,0,2773,0
07/12/2022,9670,355,1916,2195,0,2834,0
07/12/2022,8547,331,1610,1592,0,2993,0
07/12/2022,9064,420,2703,1124,0,2973,0
07/12/2022,5682,517,1555,1648,0,2567,0
08/12/2022,5468,649,2721,2324,0,1477,0
08/12/2022,8197,382,3294,1968,0,2225,0
08/12/2022,8728,506,2310,2639,0,1180,0
08/12/2022,8412,328,1712,1691,0,1310,0
08/12/2022,9963,590,3973,3961,0,1043,0
08/12/2022,8418,655,3000,1056,0,1028,0
08/12/2022,8456,338,1234,3882,0,1577,0
08/12/2022,9224,424,1439,2456,0,1961,0
08/12/2022,8392,578,2850,3619,0,1846,0
08/12/2022,8921,640,3610,2288,0,1573,0
08/12/2022,7504,433,2730,3868,0,1871,0
08/12/2022,6537,681,1466,3658,0,1063,0
08/12/2022,6878,617,1543,3414,0,2922,0
08/12/2022,9073,628,3070,3947,0,1076,0
08/12/2022,8395,640,3021,2422,0,1403,0
08/12/2022,7500,673,1087,1399,0,1136,0
09/12/2022,7544,599,1936,3512,0,2812,0
09/12/2022,7314,602,3907,3567,0,2958,0
09/12/2022,8402,558,3404,2722,0,1764,0
09/12/2022,7836,521,3917,3311,0,1601,0
09/12/2022,7959,414,2700,1467,0,2435,0
09/12/2022,5353,463,2289,3567,0,1507,0
09/12/2022,5068,384,3735,2436,0,1590,0
09/12/2022,6045,367,3533,1533,0,2421,0
09/12/2022,8050,321,2671,3259,0,2332,0
09/12/2022,8313,576,3066,3655,0,1902,0
09/12/2022,6071,470,1436,1105,0,1751,0
09/12/2022,8155,609,3269,3058,0,1864,0
09/12/2022,9853,650,1962,2557,0,2747,0
09/12/2022,5921,326,2754,1431,0,1540,0
09/12/2022,7162,489,3833,3167,0,2947,0
09/12/2022,9852,333,1470,1194,0,1749,0
10/12/2022,7944,412,1830,3700,0,2742,0
10/12/2022,9276,333,1673,1629,0,1076,0
10/12/2022,7259,445,2606,2183,0,1429,0
10/12/2022,9575,496,2249,1092,0,2258,0
10/12/2022,8858,559,1067,3870,0,1507,0
10/12/2022,5664,529,2736,3740,0,2120,0
10/12/2022,9728,421,2060,3077,0,2210,0
10/12/2022,7788,371,1151,2193,0,1557,0
10/12/2022,6337,402,1178,2399,0,2227,0
10/12/2022,5937,667,3879,3993,0,2632,0
10/12/2022,5996,605,3697,1644,0,1351,0
10/12/2022,5367,423,3106,2227,0,2975,0
10/12/2022,6615,453,2940,3872,0,1082,0
10/12/2022,5261,547,1132,1143,0,2281,0
10/12/2022,5805,688,3754,3171,0,1628,0
10/12/2022,6754,542,2044,1316,0,1103,0
11/12/2022,9228,357,2586,2813,0,2140,0
11/12/2022,9856,569,1657,1489,0,1822,0
11/12/2022,7979,632,2137,2325,0,2843,0
11/12/2022,8915,464,3975,1097,0,2241,0
11/12/2022,5806,587,1059,1121,0,1649,0
11/12/2022,6362,571,3140,2020,0,2977,0
11/12/2022,6511,592,2828,1479,0,1801,0
11/12/2022,5134,423,2489,3033,0,2696,0
11/12/2022,8919,304,3183,1697,0,1637,0
11/12/2022,5540,692,2932,3383,0,1313,0
11/12/2022,8375,575,1554,1756,0,1127,0
11/12/2022,7087,657,3903,1085,0,2183,0
11/12/2022,7071,365,1440,2733,0,1454,0
11/12/2022,6254,538,3441,1120,0,2310,0
11/12/2022,5721,478,3880,1882,0,1318,0
12/12/2022,8231,397,3787,2370,0,1066,0
12/12/2022,5299,307,3914,2498,0,1718,0
12/12/2022,7178,333,1977,1818,0,1337,0
12/12/2022,5070,350,3513,1282,0,2139,0
12/12/2022,9270,326,3024,2166,0,2483,0
12/12/2022,6455,303,3572,2821,0,2524,0
12/12/2022,5932,415,1984,2829,0,1106,0
12/12/2022,5923,383,3769,1354,0,1902,0
12/12/2022,9872,664,2743,1174,0,2487,0
12/12/2022,7918,653,3817,2009,0,2507,0
12/12/2022,6281,627,2328,1380,0,2524,0
12/12/2022,7654,606,2857,3109,0,1551,0
12/12/2022,5516,605,3183,2723,0,1975,0
12/12/2022,8168,505,3282,3896,0,2848,0
12/12/2022,6408,397,1509,1670,0,1848,0
12/12/2022,5148,563,1509,2713,0,2108,0
13/12/2022,5192,520,1483,3856,0,1670,0
13/12/2022,7324,397,1403,3574,0,2345,0
13/12/2022,8794,428,2449,2864,0,2965,0
13/12/2022,7916,382,3884,3480,0,2945,0
13/12/2022,5515,378,3084,3516,0,2967,0
13/12/2022,8485,316,2480,3270,0,2150,0
13/12/2022,7921,534,2318,3625,0,2950,0
13/12/2022,9176,605,3909,2037,0,2271,0
13/12/2022,8477,675,2514,1646,0,2492,0
13/12/2022,6796,641,1262,2800,0,1587,0
13/12/2022,8554,302,3643,2184,0,2632,0
13/12/2022,8951,440,2634,1039,0,2145,0
13/12/2022,6424,512,3081,3989,0,1574,0
13/12/2022,9211,523,2611,1287,0,2253,0
13/12/2022,5883,547,2378,2671,0,2269,0
14/12/2022,6374,450,1527,2248,0,1843,0
14/12/2022,5075,458,1679,1150,0,2160,0
14/12/2022,7564,491,2619,2140,0,1702,0
14/12/2022,5403,686,3457,3253,0,1357,0
14/12/2022,8458,440,3068,2738,0,2034,0
14/12/2022,7554,424,1436,3857,0,2890,0
14/12/2022,5674,578,3681,3171,0,1337,0
14/12/2022,7341,596,3577,2375,0,2604,0
14/12/2022,8216,542,1851,2414,0,1540,0
14/12/2022,9991,644,3183,3107,0,1759,0
14/12/2022,8828,353,1680,3596,0,1100,0
14/12/2022,8892,363,3983,1128,0,1328,0
14/12/2022,6362,624,1669,2975,0,1931,0
14/12/2022,5124,368,1577,1472,0,2691,0
14/12/2022,7012,430,2260,1255,0,2598,0
15/12/2022,6213,679,1491,1518,0,1553,0
15/12/2022,6053,499,2972,2426,0,1142,0
15/12/2022,7234,314,2266,2583,0,1616,0
15/12/2022,6664,654,2329,2937,0,1176,0
15/12/2022,5530,417,3109,3163,0,2077,0
15/12/2022,7878,472,3172,1694,0,1345,0
15/12/2022,9618,500,1473,1371,0,2087,0
15/12/2022,7897,587,1933,2698,0,2010,0
15/12/2022,5525,472,2677,2105,0,1328,0
15/12/2022,5415,630,1687,3857,0,1317,0
15/12/2022,8022,605,1415,2016,0,1010,0
15/12/2022,7217,449,1729,1112,0,2357,0
15/12/2022,7217,584,3092,1486,0,2130,0
15/12/2022,8451,564,1109,3015,0,2746,0
16/12/2022,8881,525,1554,3583,0,2220,0
16/12/2022,6725,598,2256,2202,0,2103,0
16/12/2022,5265,426,3808,3596,0,1132,0
16/12/2022,8677,636,3117,2066,0,1635,0
16/12/2022,5756,376,3046,2847,0,1514,0
16/12/2022,7139,621,2924,2184,0,1978,0
16/12/2022,7258,319,1177,1855,0,1516,0
16/12/2022,5913,646,3486,3239,0,2686,0
16/12/2022,9080,695,1859,3334,0,2977,0
16/12/2022,5288,576,1319,1660,0,1771,0
16/12/2022,8825,585,1041,1714,0,1579,0
16/12/2022,5602,699,1513,2713,0,2751,0
16/12/2022,7900,335,2170,1146,0,1612,0
16/12/2022,6774,521,1299,1677,0,2637,0
17/12/2022,8369,545,1680,2868,0,1340,0
17/12/2022,5043,378,2050,1675,0,1541,0
17/12/2022,9713,547,2153,2664,0,1919,0
17/12/2022,5126,543,1296,1215,0,2269,0
17/12/2022,7194,427,2388,1772,0,2251,0
17/12/2022,5469,432,3863,2282,0,1042,0
17/12/2022,8069,418,2136,3213,0,1016,0
17/12/2022,7731,403,2192,3028,0,1224,0
17/12/2022,7380,390,3081,3677,0,1877,0
17/12/2022,8305,689,2706,2480,0,2010,0
17/12/2022,9893,476,1773,3516,0,2440,0
17/12/2022,9602,565,2035,2962,0,2836,0
17/12/2022,8975,335,1714,3490,0,1180,0
17/12/2022,9193,640,2324,1204,0,2382,0
18/12/2022,6017,659,2443,2796,0,2291,0
18/12/2022,5032,471,1752,2441,0,1686,0
18/12/2022,9339,420,1890,2795,0,2653,0
18/12/2022,8825,611,2339,3117,0,2697,0
18/12/2022,8618,421,1082,2489,0,1195,0
18/12/2022,6957,428,1414,1203,0,2038,0
18/12/2022,7398,560,2830,1966,0,2529,0
18/12/2022,6278,341,2850,2240,0,1830,0
18/12/2022,8012,699,2394,2168,0,1149,0
18/12/2022,8939,409,3759,2108,0,1411,0
18/12/2022,5040,647,1310,1245,0,2126,0
18/12/2022,6790,380,3130,2412,0,2140,0
18/12/2022,6003,372,1243,2349,0,2493,0
19/12/2022,6038,318,2551,3425,0,2697,0
19/12/2022,7902,439,3992,2855,0,2777,0
19/12/2022,5376,545,3980,3413,0,1170,0
19/12/2022,5029,551,1248,1041,0,2597,0
19/12/2022,8145,669,3670,3857,0,1669,0
19/12/2022,7979,305,1515,2795,0,2886,0
19/12/2022,7905,469,2480,3217,0,2282,0
19/12/2022,5643,410,1134,1764,0,2212,0
19/12/2022,9028,548,3778,1664,0,2916,0
19/12/2022,5005,567,2201,3231,0,2069,0
19/12/2022,5788,628,3291,1550,0,1462,0
19/12/2022,9323,457,3262,2788,0,2319,0
19/12/2022,5261,606,2402,1769,0,2288,0
19/12/2022,9299,399,2793,2560,0,2948,0
20/12/2022,7457,638,3705,2002,0,2147,0
20/12/2022,7780,320,1634,1064,0,2134,0
20/12/2022,9160,414,1555,2572,0,2123,0
20/12/2022,6889,417,3729,3197,0,1346,0
20/12/2022,6771,656,2754,3809,0,2560,0
20/12/2022,7668,303,1370,3729,0,1973,0
20/12/2022,9207,677,2298,2140,0,2358,0
20/12/2022,6684,397,1432,2887,0,1333,0
20/12/2022,5427,544,1135,1217,0,2932,0
20/12/2022,6181,468,1030,2152,0,2002,0
20/12/2022,8918,340,1281,3913,0,2637,0
20/12/2022,6266,598,3339,2268,0,2625,0
20/12/2022,9656,407,3157,2095,0,1482,0
20/12/2022,9299,666,3493,2516,0,1543,0
20/12/2022,9843,534,3750,1363,0,1690,0
21/12/2022,9946,471,3018,1358,0,2960,0
21/12/2022,6788,673,2866,3389,0,1151,0
21/12/2022,7773,500,3083,1016,0,1251,0
21/12/2022,6393,461,1253,2541,0,2260,0
21/12/2022,5111,305,3585,1749,0,2902,0
21/12/2022,7737,697,2586,3632,0,2369,0
21/12/2022,8734,374,1295,1204,0,1172,0
21/12/2022,5104,601,1821,1617,0,2282,0
21/12/2022,6070,573,1130,3960,0,2560,0
21/12/2022,6326,479,1891,1500,0,1382,0
21/12/2022,8701,663,2491,1230,0,1953,0
21/12/2022,7625,351,2622,2505,0,1867,0
21/12/2022,8004,456,2948,3637,0,1964,0
21/12/2022,6670,552,3033,1220,0,1487,0
22/12/2022,7406,465,1326,3313,0,1559,0
22/12/2022,9304,376,1529,2940,0,2861,0
22/12/2022,6918,598,3673,2190,0,1625,0
22/12/2022,9396,316,3338,1507,0,1957,0
22/12/2022,6710,580,2956,1427,0,1958,0
22/12/2022,8873,631,2676,3384,0,1606,0
22/12/2022,7459,617,2277,3499,0,1192,0
22/12/2022,8303,313,1329,1239,0,1179,0
22/12/2022,5120,586,3160,3174,0,1260,0
22/12/2022,6151,642,1576,2912,0,1005,0
22/12/2022,8315,442,2967,1592,0,2449,0
22/12/2022,6356,528,1347,1952,0,2955,0
22/12/2022,8855,670,2125,3901,0,1863,0
22/12/2022,9250,568,1323,2139,0,1848,0
23/12/2022,8400,530,3506,3362,0,1984,0
23/12/2022,9398,603,3158,2863,0,2544,0
23/12/2022,5090,487,3265,3683,0,2307,0
23/12/2022,8694,527,2912,2279,0,1087,0
23/12/2022,5798,479,1274,1631,0,2412,0
23/12/2022,7508,308,1236,1467,0,1730,0
23/12/2022,6754,445,1440,3973,0,1001,0
23/12/2022,9742,333,2095,1601,0,2147,0
23/12/2022,6489,611,1159,1430,0,2779,0
23/12/2022,5608,348,2035,2508,0,1661,0
23/12/2022,9733,561,1133,1366,0,1427,0
23/12/2022,8173,692,3243,2547,0,2441,0
23/12/2022,7820,534,1649,2986,0,2625,0
23/12/2022,5560,674,2721,3402,0,2557,0
24/12/2022,7527,539,3644,1616,0,1406,0
24/12/2022,8192,307,3594,2751,0,2204,0
24/12/2022,9238,479,3236,1803,0,1370,0
24/12/2022,9982,611,1313,2144,0,2284,0
24/12/2022,9999,478,3488,2719,0,2950,0
24/12/2022,5511,509,1906,3370,0,2557,0
24/12/2022,7087,494,3650,3959,0,1420,0
24/12/2022,6875,595,3096,3265,0,1581,0
24/12/2022,5962,538,2194,2164,0,1829,0
24/12/2022,6569,449,2147,2064,0,2975,0
24/12/2022,8457,486,3475,1796,0,1577,0
24/12/2022,6255,545,1884,3505,0,2808,0
24/12/2022,8108,478,2225,1604,0,2200,0
25/12/2022,9792,565,3112,2811,0,1256,0
25/12/2022,6939,501,1979,3598,0,1305,0
25/12/2022,9731,379,1187,1911,0,1130,0
25/12/2022,6480,404,3506,3452,0,1757,0
25/12/2022,7826,691,2361,1494,0,1462,0
25/12/2022,6314,699,3506,3052,0,2427,0
25/12/2022,5595,700,1022,1128,0,2772,0
25/12/2022,6770,686,2595,1211,0,2259,0
25/12/2022,5931,541,3835,3066,0,2838,0
25/12/2022,8223,307,2558,3773,0,1701,0
25/12/2022,7786,347,2703,1737,0,1001,0
25/12/2022,9126,376,3201,3999,0,2324,0
25/12/2022,7990,310,1436,1525,0,2613,0
26/12/2022,8283,667,3873,3456,0,2351,0
26/12/2022,8300,350,2970,1360,0,1995,0
26/12/2022,8127,447,3762,2053,0,1738,0
26/12/2022,5994,686,1628,1440,0,1695,0
26/12/2022,9901,655,3522,3412,0,2162,0
26/12/2022,9913,519,2587,1131,0,2214,0
26/12/2022,9471,485,1213,1958,0,2365,0
26/12/2022,9740,484,1284,3389,0,2263,0
26/12/2022,9053,494,1256,3851,0,2612,0
26/12/2022,7230,616,2845,1539,0,2062,0
26/12/2022,5240,699,2548,1186,0,1775,0
26/12/2022,8701,683,1164,1441,0,1213,0
26/12/2022,7067,388,3061,1180,0,1656,0
26/12/2022,9946,354,1519,1518,0,2643,0
27/12/2022,8874,545,3396,3090,0,2901,0
27/12/2022,7871,614,3551,2944,0,1137,0
27/12/2022,8417,415,3771,3977,0,2491,0
27/12/2022,7958,508,3970,1424,0,2370,0
27/12/2022,6441,333,3336,1658,0,1017,0
27/12/2022,6889,307,1792,2624,0,2999,0
27/12/2022,8550,618,3024,3227,0,1802,0
27/12/2022,6755,383,2913,3355,0,1803,0
27/12/2022,9616,561,1874,1869,0,1233,0
27/12/2022,8221,358,2914,1343,0,1084,0
27/12/2022,7652,633,3136,2660,0,1855,0
27/12/2022,7382,459,3491,3106,0,1829,0
27/12/2022,7239,474,2389,2117,0,2243,0
27/12/2022,8913,399,2563,3297,0,2618,0
28/12/2022,6698,550,3358,3872,0,2257,0
28/12/2022,7909,405,1881,3973,0,1811,0
28/12/2022,5804,526,3584,1209,0,2015,0
28/12/2022,6296,362,1389,2731,0,2359,0
28/12/2022,9131,693,2279,3840,0,1544,0
28/12/2022,5536,590,1615,1776,0,2326,0
28/12/2022,7201,527,2700,1262,0,2384,0
28/12/2022,8040,470,3400,3093,0,2622,0
28/12/2022,6898,332,3171,1798,0,1375,0
28/12/2022,7358,312,1936,2875,0,1565,0
28/12/2022,7530,353,2139,1764,0,1939,0
28/12/2022,7101,553,1940,2210,0,1281,0
28/12/2022,8737,675,3355,1964,0,2482,0
28/12/2022,8198,341,1646,3675,0,1436,0
29/12/2022,5446,579,1244,3913,0,1721,0
29/12/2022,9874,566,1197,1834,0,1838,0
29/12/2022,5654,676,3887,3104,0,2063,0
29/12/2022,6964,571,3920,1620,0,1441,0
29/12/2022,9222,485,1609,2194,0,1124,0
29/12/2022,5629,530,1683,3206,0,2202,0
29/12/2022,7837,689,3275,3921,0,1162,0
29/12/2022,8668,516,1023,1958,0,2215,0
29/12/2022,7132,455,1568,3565,0,1411,0
29/12/2022,5370,329,3641,3394,0,2838,0
29/12/2022,5149,556,2775,2840,0,2465,0
29/12/2022,8857,617,2334,1317,0,2336,0
29/12/2022,9012,495,1491,1852,0,1324,0
29/12/2022,5560,311,3928,1966,0,2970,0
30/12/2022,7211,436,3449,3942,0,2939,0
30/12/2022,7066,362,2051,3921,0,1776,0
30/12/2022,6105,302,2167,1474,0,2645,0
30/12/2022,9961,610,1226,3395,0,2866,0
30/12/2022,9485,497,3961,1796,0,2259,0
30/12/2022,6425,668,3187,2699,0,1875,0
30/12/2022,7990,547,1628,1616,0,1759,0
30/12/2022,9106,657,1881,2189,0,1138,0
30/12/2022,5170,446,3873,2528,0,2616,0
30/12/2022,6558,505,1838,2916,0,2074,0
30/12/2022,9094,367,1287,3751,0,2946,0
30/12/2022,8972,625,3743,2670,0,1707,0
30/12/2022,8239,638,3791,2060,0,2972,0
30/12/2022,9081,306,1268,3770,0,1811,0
31/12/2022,6676,601,3699,2858,0,1154,0
31/12/2022,5727,571,2322,2276,0,2880,0
31/12/2022,6006,546,3916,1172,0,1403,0
31/12/2022,8637,301,2507,1003,0,1673,0
31/12/2022,8634,540,1865,2660,0,1777,0
31/12/2022,7973,329,2289,3677,0,1965,0
31/12/2022,8363,442,1350,1133,0,1015,0
31/12/2022,5351,501,3386,2794,0,1429,0
31/12/2022,5488,484,3714,1665,0,2324,0
31/12/2022,6597,554,1597,1442,0,1942,0
31/12/2022,9899,361,1404,1845,0,2453,0
31/12/2022,6137,542,1883,3644,0,1025,0
31/12/2022,5893,672,2910,3812,0,1907,0
31/12/2022,6783,393,3018,2087,0,1169,0
01/01/2023,5276,312,2236,2420,0,2573,0
01/01/2023,9759,671,2728,1652,0,1642,0
01/01/2023,9732,680,1795,1547,0,2904,0
01/01/2023,7370,438,1120,2461,0,1238,0
01/01/2023,9874,445,3544,1023,0,2695,0
01/01/2023,8944,536,3921,3423,0,1090,0
01/01/2023,7549,537,3400,3617,0,1130,0
01/01/2023,5146,376,3520,2186,0,1204,0
01/01/2023,8253,323,1573,3196,0,1981,0
01/01/2023,6424,557,3934,1614,0,2308,0
01/01/2023,6333,311,3241,3892,0,1803,0
01/01/2023,7757,395,3978,2118,0,1158,0
01/01/2023,8367,591,1024,3046,0,1205,0
01/01/2023,8206,499,3286,2262,0,1523,0
02/01/2023,7755,593,3572,2822,0,1166,0
02/01/2023,9696,454,2228,3605,0,2193,0
02/01/2023,6515,598,2172,3462,0,2322,0
02/01/2023,5835,356,3508,1798,0,1607,0
02/01/2023,6963,653,2063,1800,0,1830,0
02/01/2023,6178,679,3882,1890,0,1563,0
02/01/2023,9504,603,2151,2128,0,2297,0
02/01/2023,8192,476,3881,2121,0,2452,0
02/01/2023,5807,622,2670,1388,0,2144,0
02/01/2023,5417,550,1094,2635,0,2519,0
02/01/2023,6789,369,1744,1774,0,1258,0
02/01/2023,8192,638,3781,1281,0,2314,0
02/01/2023,6645,464,3370,3715,0,1280,0
02/01/2023,5477,372,1814,3547,0,2609,0
03/01/2023,9804,459,1364,1573,0,2765,0
03/01/2023,7200,696,1462,3006,0,2128,0
03/01/2023,7241,521,1581,1279,0,1039,0
03/01/2023,8927,397,2189,3845,0,1658,0
03/01/2023,6986,565,3658,2851,0,2604,0
03/01/2023,9013,695,1634,1631,0,2182,0
03/01/2023,8884,350,3758,2226,0,2631,0
03/01/2023,6141,502,1456,1427,0,2424,0
03/01/2023,9813,577,1394,2606,0,2572,0
03/01/2023,7328,430,3163,2539,0,2086,0
03/01/2023,7164,659,1177,1296,0,1668,0
03/01/2023,9688,353,1683,2070,0,2674,0
03/01/2023,5598,435,2464,1193,0,1217,0
03/01/2023,5359,302,1850,1344,0,1280,0
04/01/2023,7057,683,3471,2648,0,1676,0
04/01/2023,8699,514,2425,2305,0,2824,0
04/01/2023,7054,475,3960,1733,0,2423,0
04/01/2023,5147,304,1420,2630,0,2106,0
04/01/2023,6652,518,2981,1508,0,2569,0
04/01/2023,8048,347,2414,3415,0,2958,0
04/01/2023,5305,514,2928,1365,0,1919,0
04/01/2023,5369,358,1816,2535,0,1301,0
04/01/2023,9696,537,1256,1048,0,1357,0
04/01/2023,9479,385,1962,1705,0,1353,0
04/01/2023,8690,366,3378,2205,0,2891,0
04/01/2023,6675,551,1597,2170,0,1484,0
04/01/2023,6543,406,2385,1425,0,1888,0
04/01/2023,6508,430,2059,1625,0,2797,0
05/01/2023,7420,558,1839,1552,0,2934,0
05/01/2023,9701,511,2727,1071,0,2164,0
05/01/2023,5191,408,3101,2360,0,1154,0
05/01/2023,5849,461,3119,1635,0,1107,0
05/01/2023,7977,538,3659,1585,0,2553,0
05/01/2023,5579,428,2049,3686,0,2151,0
05/01/2023,5311,616,4000,1763,0,1231,0
05/01/2023,9484,591,3247,1144,0,2668,0
05/01/2023,6195,472,3863,1903,0,1668,0
05/01/2023,5054,397,1186,3012,0,1252,0
05/01/2023,9515,596,2139,2707,0,2789,0
05/01/2023,8086,510,1021,1053,0,1971,0
05/01/2023,8854,612,3581,1232,0,1728,0
05/01/2023,8715,593,1276,1223,0,1512,0
06/01/2023,7759,616,3774,3221,0,2722,0
06/01/2023,5079,690,3891,3449,0,2452,0
06/01/2023,9588,665,3831,3705,0,1979,0
06/01/2023,6799,402,1455,1647,0,2357,0
06/01/2023,9441,407,3046,2399,0,2569,0
06/01/2023,9676,310,1414,3008,0,1881,0
06/01/2023,6994,401,2904,1472,0,2294,0
06/01/2023,8164,442,3806,2746,0,2726,0
06/01/2023,5391,551,2982,2191,0,2870,0
06/01/2023,6778,364,2372,1036,0,2200,0
06/01/2023,7106,326,2132,1201,0,1826,0
06/01/2023,5875,457,3272,3609,0,2920,0
06/01/2023,7118,643,2610,1771,0,1557,0
06/01/2023,6327,427,2723,1759,0,2783,0
07/01/2023,7763,609,2721,1247,0,2793,0
07/01/2023,7035,458,1693,1278,0,1096,0
07/01/2023,6497,640,3875,2763,0,1840,0
07/01/2023,6864,432,3642,2245,0,1496,0
07/01/2023,9809,469,1824,2169,0,2140,0
07/01/2023,5631,486,2140,3254,0,2233,0
07/01/2023,7935,610,1560,3213,0,1041,0
07/01/2023,5893,580,1313,1791,0,2739,0
07/01/2023,8763,333,2007,2347,0,1016,0
07/01/2023,8438,591,2622,1080,0,1820,0
07/01/2023,8397,561,2236,2443,0,1793,0
07/01/2023,5848,517,3292,1389,0,1172,0
07/01/2023,9031,508,3819,3978,0,2036,0
07/01/2023,6115,670,1849,3860,0,1349,0
08/01/2023,8705,636,3811,2081,0,2962,0
08/01/2023,7015,428,3280,2694,0,1615,0
08/01/2023,6241,469,3488,1890,0,1175,0
08/01/2023,8402,629,1066,1408,0,1569,0
08/01/2023,7236,569,2146,3213,0,1581,0
08/01/2023,8091,325,1036,1654,0,2512,0
08/01/2023,6308,600,3317,1634,0,2552,0
08/01/2023,5204,574,2219,1929,0,1147,0
08/01/2023,8529,621,1608,1711,0,2933,0
08/01/2023,6965,543,3739,3080,0,1511,0
08/01/2023,9767,689,3220,3488,0,1816,0
08/01/2023,5217,486,3494,1270,0,2528,0
08/01/2023,9136,310,1605,3131,0,2572,0
08/01/2023,8223,503,3502,1494,0,2146,0
09/01/2023,5618,402,1712,1615,0,1056,0
09/01/2023,8061,627,2238,2675,0,1267,0
09/01/2023,5612,352,1291,1601,0,1548,0
09/01/2023,8608,370,1417,3112,0,2769,0
09/01/2023,6467,424,1301,2920,0,1471,0
09/01/2023,5430,426,3836,3890,0,1414,0
09/01/2023,5380,534,1744,2409,0,2030,0
09/01/2023,5976,536,3858,2522,0,2792,0
09/01/2023,7825,557,1487,1890,0,1682,0
09/01/2023,6789,532,3107,2898,0,2141,0
09/01/2023,9223,444,3358,3716,0,2929,0
09/01/2023,8336,488,3085,2043,0,1423,0
09/01/2023,6847,577,3148,2262,0,2321,0
09/01/2023,8082,666,3149,1203,0,2265,0
10/01/2023,9081,432,3148,2802,0,2344,0
10/01/2023,8695,561,3942,2906,0,2419,0
10/01/2023,5548,411,3141,2186,0,1442,0
10/01/2023,5420,505,3318,3690,0,1965,0
10/01/2023,6392,467,3801,2331,0,1032,0
10/01/2023,8142,355,3631,3110,0,1754,0
10/01/2023,7330,660,3104,3768,0,2492,0
10/01/2023,9049,570,3576,1713,0,2952,0
10/01/2023,6846,469,2980,1214,0,2855,0
10/01/2023,8748,436,3555,1253,0,1077,0
10/01/2023,8632,369,1442,3321,0,1670,0
10/01/2023,9540,564,2264,2287,0,1187,0
10/01/2023,6555,369,1018,3806,0,2845,0
10/01/2023,5332,681,2067,1537,0,1812,0
11/01/2023,5033,652,1969,3786,0,1766,0
11/01/2023,5317,506,1913,3154,0,1193,0
11/01/2023,9283,583,1798,1753,0,2804,0
11/01/2023,6817,611,2666,3343,0,1699,0
11/01/2023,6950,679,2742,1806,0,2423,0
11/01/2023,7312,404,2911,2777,0,1689,0
11/01/2023,6852,637,3511,1733,0,2732,0
11/01/2023,7589,497,1537,2555,0,1502,0
11/01/2023,7778,467,3813,1686,0,1974,0
11/01/2023,8130,612,2658,2633,0,2861,0
11/01/2023,6211,611,2488,1243,0,2708,0
11/01/2023,7593,450,2147,1369,0,2561,0
11/01/2023,6919,658,1932,3259,0,1461,0
12/01/2023,5031,366,1554,3732,0,2304,0
12/01/2023,9909,390,1823,1997,0,2703,0
12/01/2023,5412,544,2480,3958,0,2833,0
12/01/2023,5262,419,3088,3443,0,1472,0
12/01/2023,5662,450,3703,1749,0,2868,0
12/01/2023,8494,447,3332,3221,0,1112,0
12/01/2023,7140,636,3305,2964,0,1023,0
12/01/2023,7131,392,2258,2737,0,1061,0
12/01/2023,7375,355,3953,2121,0,2724,0
12/01/2023,8215,360,2272,2843,0,2635,0
12/01/2023,5817,518,2128,3418,0,1082,0
12/01/2023,8041,467,2919,2154,0,2983,0
12/01/2023,6132,672,2333,2373,0,2774,0
12/01/2023,7631,460,1383,3536,0,2836,0
13/01/2023,9082,360,1548,2546,0,1514,0
13/01/2023,5630,396,3921,3545,0,1157,0
13/01/2023,7845,688,1281,1173,0,2657,0
13/01/2023,6431,688,2435,3634,0,1914,0
13/01/2023,9908,469,1563,1747,0,1696,0
13/01/2023,9262,392,2911,2613,0,1069,0
13/01/2023,7862,565,2632,1262,0,1273,0
13/01/2023,8537,322,1052,2707,0,1552,0
13/01/2023,6759,384,1873,1562,0,2330,0
13/01/2023,6936,533,3493,1508,0,2493,0
13/01/2023,6673,428,1519,1729,0,2723,0
13/01/2023,6727,508,2274,2478,0,2066,0
13/01/2023,7086,502,2639,3995,0,2430,0
13/01/2023,7563,489,1532,1913,0,2228,0
14/01/2023,5461,604,1708,3518,0,2544,0
14/01/2023,7376,550,2282,2664,0,1718,0
14/01/2023,6799,589,1646,3243,0,1516,0
14/01/2023,6475,538,1269,1033,0,2127,0
14/01/2023,9425,549,2649,2198,0,2050,0
14/01/2023,9373,332,1815,3908,0,2289,0
14/01/2023,6322,698,1192,1620,0,2719,0
14/01/2023,5493,620,3571,2026,0,2717,0
14/01/2023,5416,525,2933,3490,0,2626,0
14/01/2023,8579,669,1757,1109,0,2382,0
14/01/2023,5250,589,2078,2984,0,2799,0
14/01/2023,7999,483,3083,1178,0,1193,0
14/01/2023,8940,689,2057,1838,0,2067,0
14/01/2023,9966,373,2534,2561,0,2894,0
15/01/2023,9658,466,3498,3531,0,1712,0
15/01/2023,7186,454,1537,1097,0,2887,0
15/01/2023,7937,373,1577,2499,0,1274,0
15/01/2023,6624,418,1005,2233,0,1983,0
15/01/2023,8012,351,1635,1592,0,1307,0
15/01/2023,7549,419,1137,1090,0,2878,0
15/01/2023,5790,668,3609,2628,0,2270,0
15/01/2023,9929,327,2229,2503,0,2263,0
15/01/2023,7658,461,3768,2637,0,1779,0
15/01/2023,5582,459,2051,1411,0,1910,0
15/01/2023,9986,567,3310,3280,0,1087,0
15/01/2023,8569,403,1373,2246,0,1688,0
15/01/2023,5093,445,1522,3827,0,1171,0
15/01/2023,5160,488,1006,1072,0,2159,0
16/01/2023,9539,618,2452,2656,0,2789,0
16/01/2023,7365,460,3130,3966,0,1696,0
16/01/2023,8275,667,2745,2168,0,2159,0
16/01/2023,8082,548,2575,2201,0,1227,0
16/01/2023,5220,599,1022,1366,0,1966,0
16/01/2023,9145,417,2137,3508,0,2508,0
16/01/2023,5478,387,2241,2798,0,1140,0
16/01/2023,7471,349,1346,3136,0,2733,0
16/01/2023,8538,552,2446,1398,0,2911,0
16/01/2023,6574,530,2844,3541,0,1373,0
16/01/2023,5670,450,1164,2763,0,1043,0
16/01/2023,7968,508,3684,2919,0,2973,0
16/01/2023,9638,361,2598,3591,0,2142,0
16/01/2023,5337,399,3255,1234,0,1725,0
16/01/2023,6205,432,1485,3299,0,1378,0
17/01/2023,6168,492,2524,3394,0,2859,0
17/01/2023,8353,349,3909,3715,0,2343,0
17/01/2023,8244,559,3414,1978,0,1386,0
17/01/2023,8815,402,1754,2407,0,1056,0
17/01/2023,9053,673,1583,1056,0,1740,0
17/01/2023,7212,436,3376,1067,0,1646,0
17/01/2023,5055,526,2614,3833,0,2811,0
17/01/2023,6388,672,3688,1413,0,1182,0
17/01/2023,7395,310,3511,2302,0,1922,0
17/01/2023,6464,613,2169,3123,0,2946,0
17/01/2023,5355,384,2069,1879,0,2830,0
17/01/2023,7503,538,2946,3846,0,2568,0
17/01/2023,5433,399,1976,1918,0,1601,0
17/01/2023,6114,339,2973,3626,0,1613,0
17/01/2023,7599,435,2966,3230,0,2572,0
18/01/2023,7635,406,3195,2622,0,1554,0
18/01/2023,6973,502,2692,3175,0,1312,0
18/01/2023,6739,548,1866,3401,0,1029,0
18/01/2023,8653,447,1111,1566,0,2773,0
18/01/2023,7783,303,3000,3964,0,2489,0
18/01/2023,9001,628,2720,2881,0,1496,0
18/01/2023,5828,616,3852,2106,0,1321,0
18/01/2023,8092,463,3721,1818,0,2882,0
18/01/2023,8004,452,1951,1338,0,2984,0
18/01/2023,9995,443,2108,3942,0,1413,0
18/01/2023,7161,358,1737,2085,0,2032,0
18/01/2023,6988,518,3438,3798,0,1817,0
18/01/2023,7846,419,1117,3239,0,1520,0
18/01/2023,7901,349,3052,3397,0,2032,0
18/01/2023,5378,523,2100,2309,0,1815,0
19/01/2023,7161,660,2383,2267,0,2900,0
19/01/2023,8181,330,2443,1835,0,1745,0
19/01/2023,5451,496,1637,3434,0,1874,0
19/01/2023,9584,686,3402,1670,0,1121,0
19/01/2023,6705,514,3781,3922,0,1393,0
19/01/2023,9318,450,3971,2648,0,2523,0
19/01/2023,8521,467,2963,2977,0,2662,0
19/01/2023,5462,403,3994,3745,0,1164,0
19/01/2023,5565,386,1788,3505,0,1153,0
19/01/2023,7647,601,1677,2749,0,2139,0
19/01/2023,7995,465,3084,1334,0,1201,0
19/01/2023,5019,349,1856,3386,0,1105,0
19/01/2023,9063,540,1633,3980,0,1471,0
19/01/2023,8753,434,1961,3268,0,1480,0
19/01/2023,9542,403,3910,1862,0,2145,0
20/01/2023,8056,344,1377,1746,0,2572,0
20/01/2023,7485,623,2705,3237,0,1847,0
20/01/2023,5915,398,2707,2093,0,1745,0
20/01/2023,8487,536,2631,2491,0,2318,0
20/01/2023,8877,531,3196,1427,0,1162,0
20/01/2023,8860,545,1786,2749,0,1631,0
20/01/2023,9649,654,3645,1234,0,2571,0
20/01/2023,5559,516,1026,3694,0,1867,0
20/01/2023,7173,661,3574,1086,0,2114,0
20/01/2023,6985,629,2484,2022,0,1489,0
20/01/2023,8817,619,1664,2037,0,1522,0
20/01/2023,6739,504,2099,1624,0,2464,0
20/01/2023,9491,351,1641,3759,0,1401,0
20/01/2023,5623,544,2984,1288,0,1025,0
20/01/2023,9880,411,2277,3978,0,2958,0
21/01/2023,6357,564,3514,3666,0,1908,0
21/01/2023,6306,482,2119,2008,0,1323,0
21/01/2023,6427,489,3401,3871,0,1835,0
21/01/2023,6612,662,1429,2614,0,2563,0
21/01/2023,6427,536,2918,2657,0,1275,0
21/01/2023,9107,398,1544,2145,0,2458,0
21/01/2023,9505,557,2131,3916,0,1059,0
21/01/2023,9198,593,1061,2280,0,2782,0
21/01/2023,9491,553,3191,1332,0,1197,0
21/01/2023,9295,532,2354,2919,0,2984,0
21/01/2023,9090,382,2216,3974,0,1603,0
21/01/2023,7882,356,2005,2787,0,2338,0
21/01/2023,6685,633,2271,3458,0,1922,0
21/01/2023,7923,526,2008,3530,0,2182,0
21/01/2023,7485,561,1462,2957,0,1453,0
22/01/2023,8902,641,3476,3698,0,2636,0
22/01/2023,7693,538,1427,1223,0,1502,0
22/01/2023,9378,337,2761,3422,0,1283,0
22/01/2023,5284,594,1907,3028,0,1483,0
22/01/2023,8940,630,2919,3689,0,2127,0
22/01/2023,6741,559,1885,2944,0,2682,0
22/01/2023,7949,669,1074,3198,0,1506,0
22/01/2023,8079,338,2793,1213,0,2356,0
22/01/2023,7323,439,1630,3702,0,2204,0
22/01/2023,7521,686,2250,2799,0,2925,0
22/01/2023,5233,397,2688,1757,0,2390,0
22/01/2023,7055,364,3791,2173,0,2699,0
22/01/2023,7783,519,1090,3347,0,2983,0
22/01/2023,6648,319,3778,1250,0,1425,0
23/01/2023,7123,506,3252,1108,0,1680,0
23/01/2023,9574,326,1359,2669,0,1583,0
23/01/2023,6236,635,1575,2009,0,1668,0
23/01/2023,5831,416,1324,1767,0,1306,0
23/01/2023,6270,314,1743,1165,0,1295,0
23/01/2023,5668,564,2512,2754,0,2302,0
23/01/2023,6200,351,3246,3715,0,1464,0
23/01/2023,9727,432,2151,3738,0,1423,0
23/01/2023,8834,481,3696,3420,0,1576,0
23/01/2023,9866,506,1728,2934,0,2688,0
23/01/2023,6197,539,3471,1968,0,1797,0
23/01/2023,6106,527,2829,2569,0,1123,0
23/01/2023,8660,380,3368,3442,0,1745,0
23/01/2023,6145,566,3512,1951,0,1090,0
23/01/2023,8752,320,2881,1337,0,1593,0
24/01/2023,5333,320,2086,2652,0,2156,0
24/01/2023,9782,537,2066,1991,0,2501,0
24/01/2023,6493,447,1584,2393,0,2778,0
24/01/2023,9900,323,2107,3749,0,2675,0
24/01/2023,8341,441,3070,3856,0,1262,0
24/01/2023,8738,405,1348,1528,0,2849,0
24/01/2023,5802,432,2855,2563,0,2924,0
24/01/2023,9586,552,3587,1391,0,1985,0
24/01/2023,5697,409,2971,1856,0,1483,0
24/01/2023,8936,505,2156,2824,0,2847,0
24/01/2023,9292,501,3279,1827,0,2671,0
24/01/2023,5700,472,3079,2409,0,1319,0
24/01/2023,6730,551,1749,1278,0,2675,0
24/01/2023,9733,680,2427,3368,0,2709,0
24/01/2023,9884,481,1581,1686,0,2107,0
25/01/2023,8031,413,3614,1231,0,1716,0
25/01/2023,6653,370,1296,3730,0,1442,0
25/01/2023,9453,430,3396,1938,0,1847,0
25/01/2023,6223,493,2731,2060,0,2165,0
25/01/2023,6409,524,2721,3213,0,1663,0
25/01/2023,8506,485,1790,2392,0,2283,0
25/01/2023,8577,503,1024,1219,0,1748,0
25/01/2023,9409,498,3021,1708,0,1635,0
25/01/2023,7010,607,1725,1249,0,1701,0
25/01/2023,7864,457,2638,1655,0,1342,0
25/01/2023,6846,664,3493,1422,0,2486,0
25/01/2023,7849,363,3447,3891,0,1840,0
25/01/2023,5144,458,2968,1096,0,1517,0
25/01/2023,6824,396,3043,2477,0,1643,0
25/01/2023,8804,338,3189,3609,0,1643,0
26/01/2023,6195,537,2425,2083,0,2933,0
26/01/2023,7718,341,1210,2814,0,2483,0
26/01/2023,7667,688,3848,2777,0,2330,0
26/01/2023,7094,620,3475,1666,0,2940,0
26/01/2023,7651,674,1732,3594,0,2189,0
26/01/2023,5415,468,2332,1392,0,2647,0
26/01/2023,8827,372,1071,2119,0,1697,0
26/01/2023,9476,617,1168,2180,0,2524,0
26/01/2023,8970,309,3817,2684,0,2623,0
26/01/2023,5913,646,1084,3465,0,1863,0
26/01/2023,5339,500,2918,2520,0,2089,0
26/01/2023,8231,438,2457,1777,0,2904,0
26/01/2023,6086,355,2884,2266,0,2130,0
26/01/2023,9860,457,2569,1628,0,1155,0
26/01/2023,7961,671,3708,1824,0,1315,0
27/01/2023,7618,343,3304,2023,0,1860,0
27/01/2023,7957,425,2249,3813,0,1474,0
27/01/2023,6584,554,2384,2325,0,1312,0
27/01/2023,9754,368,3492,3610,0,1733,0
27/01/2023,8851,326,1633,3170,0,1668,0
27/01/2023,9431,624,3620,1813,0,1631,0
27/01/2023,8732,685,1796,3929,0,1740,0
27/01/2023,5165,630,1918,3637,0,2102,0
27/01/2023,5480,403,3985,3293,0,1835,0
27/01/2023,7725,527,3873,3965,0,1599,0
27/01/2023,5357,314,3486,3426,0,2938,0
27/01/2023,9128,555,1505,3070,0,2368,0
27/01/2023,8981,539,1327,2451,0,1699,0
27/01/2023,6939,326,3657,3202,0,1120,0
27/01/2023,5252,637,2553,3157,0,2789,0
28/01/2023,9761,330,1372,2270,0,1433,0
28/01/2023,8894,365,2406,3719,0,2959,0
28/01/2023,5481,308,3304,3877,0,2617,0
28/01/2023,6922,655,2983,2279,0,1218,0
28/01/2023,5462,691,3657,2594,0,2808,0
28/01/2023,5434,643,1775,3773,0,1068,0
28/01/2023,8870,412,2428,1226,0,2233,0
28/01/2023,6612,598,3031,1295,0,1121,0
28/01/2023,6074,559,1320,1003,0,1450,0
28/01/2023,9843,525,3190,2292,0,1388,0
28/01/2023,7059,607,3387,3827,0,2593,0
28/01/2023,6362,542,3304,2520,0,2288,0
28/01/2023,8923,316,2408,3750,0,1009,0
28/01/2023,7208,536,1140,1382,0,1696,0
29/01/2023,6188,631,2585,1187,0,1322,0
29/01/2023,9871,461,1707,1954,0,2600,0
29/01/2023,6435,334,1153,2340,0,1265,0
29/01/2023,7837,493,3573,3288,0,2166,0
29/01/2023,8855,344,2674,2227,0,1120,0
29/01/2023,7548,468,1460,2588,0,1653,0
29/01/2023,9987,322,1133,3109,0,2656,0
29/01/2023,8361,526,3515,1968,0,1595,0
29/01/2023,7251,657,1569,3093,0,1344,0
29/01/2023,7255,379,1097,1373,0,2812,0
29/01/2023,8523,409,1538,3476,0,1258,0
29/01/2023,9166,496,1067,1269,0,1668,0
29/01/2023,6964,615,2687,3341,0,2577,0
30/01/2023,5027,405,1174,1366,0,1047,0
30/01/2023,8818,684,3191,1918,0,1023,0
30/01/2023,5665,460,2203,3409,0,1770,0
30/01/2023,7522,336,1305,3917,0,2262,0
30/01/2023,5922,399,3648,2818,0,2673,0
30/01/2023,8128,676,3865,1065,0,1437,0
30/01/2023,9487,397,1481,1322,0,2896,0
30/01/2023,6042,652,2337,3453,0,2177,0
30/01/2023,8386,453,1231,2118,0,1257,0
30/01/2023,8808,391,2680,3124,0,1983,0
30/01/2023,6673,330,2505,1801,0,2033,0
30/01/2023,5753,373,2283,2487,0,2414,0
30/01/2023,8846,654,1641,1704,0,2153,0
30/01/2023,8112,459,1074,3780,0,2025,0
30/01/2023,9375,449,3326,1724,0,1269,0
31/01/2023,7484,580,1491,1501,0,2147,0
31/01/2023,5129,443,3624,1237,0,2875,0
31/01/2023,7051,512,2342,1766,0,1905,0
31/01/2023,5190,649,3002,2548,0,1918,0
31/01/2023,7558,672,3005,3785,0,2128,0
31/01/2023,7973,610,2744,1481,0,1256,0
31/01/2023,7528,479,3427,3442,0,2171,0
31/01/2023,7823,430,2452,3881,0,1663,0
31/01/2023,9548,637,3907,3364,0,1276,0
31/01/2023,9915,558,1577,1332,0,2770,0
31/01/2023,8609,539,1284,2191,0,2117,0
31/01/2023,8641,428,2672,2974,0,1422,0
31/01/2023,9476,373,1449,3314,0,1467,0
31/01/2023,7878,417,1720,3148,0,2790,0
01/02/2023,5011,653,1849,3364,0,1011,0
01/02/2023,5416,430,3815,1514,0,2640,0
01/02/2023,7663,650,2107,3012,0,1686,0
01/02/2023,6596,404,2243,2530,0,1691,0
01/02/2023,9873,337,1035,1000,0,1891,0
01/02/2023,5808,356,2369,2718,0,2395,0
01/02/2023,9858,503,1998,1986,0,2834,0
01/02/2023,7218,485,1745,1380,0,2771,0
01/02/2023,8975,574,3174,2685,0,1377,0
01/02/2023,5298,401,2251,3419,0,1821,0
01/02/2023,5020,599,2624,1171,0,2944,0
01/02/2023,7606,649,3906,1799,0,2034,0
01/02/2023,6205,564,2262,2874,0,2669,0
01/02/2023,5205,521,1791,2312,0,2677,0
02/02/2023,9493,597,3907,1499,0,1873,0
02/02/2023,9417,487,2985,1110,0,2056,0
02/02/2023,6829,590,1282,1251,0,1180,0
02/02/2023,6249,306,2658,2010,0,2977,0
02/02/2023,7371,361,3183,2241,0,1702,0
02/02/2023,7985,324,2762,1947,0,2168,0
02/02/2023,6280,329,2966,1120,0,1264,0
02/02/2023,7049,655,2116,2386,0,2784,0
02/02/2023,6183,620,1738,3473,0,1207,0
02/02/2023,5314,444,2926,1110,0,1184,0
02/02/2023,7327,699,2741,3093,0,2166,0
02/02/2023,7684,659,2356,2141,0,2228,0
02/02/2023,6884,664,1244,2230,0,1383,0
02/02/2023,5805,500,1187,3390,0,2179,0
03/02/2023,8890,588,2406,3159,0,2638,0
03/02/2023,8530,550,2222,2216,0,2728,0
03/02/2023,6970,469,3716,1650,0,2937,0
03/02/2023,7843,392,1735,1208,0,1284,0
03/02/2023,6446,442,3834,1687,0,1734,0
03/02/2023,6300,339,1142,2734,0,2370,0
03/02/2023,5885,685,1407,1309,0,1898,0
03/02/2023,7243,317,1761,1880,0,2138,0
03/02/2023,7656,506,3888,1322,0,2198,0
03/02/2023,8733,329,2021,3434,0,1959,0
03/02/2023,9140,490,3491,1054,0,1700,0
03/02/2023,9870,372,1238,3554,0,1792,0
03/02/2023,9377,682,1683,3980,0,1219,0
03/02/2023,9023,410,1735,2940,0,2531,0
04/02/2023,9858,425,3805,2109,0,1044,0
04/02/2023,9167,469,1029,1776,0,1646,0
04/02/2023,6522,362,2113,1885,0,2308,0
04/02/2023,6203,324,1424,2639,0,1493,0
04/02/2023,6685,383,3612,3096,0,2455,0
04/02/2023,7158,322,3008,2344,0,1693,0
04/02/2023,5504,696,1245,3433,0,1869,0
04/02/2023,5807,335,2617,2129,0,1938,0
04/02/2023,7943,451,2123,3071,0,2983,0
04/02/2023,8987,635,3088,2152,0,2362,0
04/02/2023,8423,534,1955,2336,0,1725,0
04/02/2023,6711,518,2690,2816,0,2214,0
04/02/2023,6848,539,2763,2408,0,2332,0
04/02/2023,6343,445,3869,3039,0,1543,0
05/02/2023,7565,383,1894,3601,0,1422,0
05/02/2023,7786,581,2806,2427,0,1914,0
05/02/2023,7914,630,1604,1263,0,2722,0
05/02/2023,7958,681,3895,2408,0,1684,0
05/02/2023,5055,473,2533,3404,0,1464,0
05/02/2023,9032,549,1557,1599,0,1109,0
05/02/2023,7253,390,1283,3370,0,1777,0
05/02/2023,8193,624,2279,3999,0,1439,0
05/02/2023,8918,427,3020,2504,0,1860,0
05/02/2023,8146,362,2747,3086,0,2166,0
05/02/2023,5752,513,1065,2531,0,2836,0
05/02/2023,9019,375,1046,2430,0,1000,0
05/02/2023,7915,363,1047,3494,0,2077,0
05/02/2023,5903,322,3276,1087,0,2156,0
06/02/2023,7406,662,1447,3145,0,1856,0
06/02/2023,6872,540,2243,3732,0,2088,0
06/02/2023,7119,333,3117,3754,0,1003,0
06/02/2023,5161,564,1722,3393,0,1066,0
06/02/2023,7384,451,3131,2965,0,2359,0
06/02/2023,9879,504,1756,1007,0,2407,0
06/02/2023,7989,670,1199,3382,0,2600,0
06/02/2023,7828,640,3463,3228,0,2536,0
06/02/2023,7118,605,2828,3599,0,2643,0
06/02/2023,9012,634,1250,2634,0,1701,0
06/02/2023,9569,425,2551,2588,0,2671,0
06/02/2023,9149,465,2640,2488,0,1559,0
06/02/2023,5683,320,3457,1868,0,1568,0
06/02/2023,9745,372,3452,3309,0,1676,0
07/02/2023,8249,408,2216,2720,0,1034,0
07/02/2023,9350,620,2733,1035,0,2316,0
07/02/2023,6291,466,3649,1693,0,2185,0
07/02/2023,5230,647,3432,1393,0,2909,0
07/02/2023,5485,318,3061,2546,0,2592,0
07/02/2023,6706,683,2325,2161,0,2210,0
07/02/2023,6639,316,2439,3966,0,2661,0
07/02/2023,5894,460,1822,2138,0,1553,0
07/02/2023,7953,606,1596,2214,0,2875,0
07/02/2023,6864,310,3090,3020,0,2923,0
07/02/2023,9778,600,1661,2640,0,2571,0
07/02/2023,5059,331,3425,2418,0,2293,0
07/02/2023,6384,304,2469,3376,0,2410,0
07/02/2023,7005,555,2202,3599,0,1795,0
08/02/2023,6467,360,3059,1474,0,1304,0
08/02/2023,7194,332,1323,2001,0,2563,0
08/02/2023,5754,579,1886,3173,0,2994,0
08/02/2023,9870,511,2311,3889,0,1696,0
08/02/2023,8414,467,1488,1870,0,2421,0
08/02/2023,7392,646,3684,2080,0,1211,0
08/02/2023,6064,478,2981,1530,0,2397,0
08/02/2023,8250,604,1911,3862,0,2106,0
08/02/2023,5042,665,2134,1997,0,1838,0
08/02/2023,9431,654,1652,2521,0,2633,0
08/02/2023,9772,650,1507,3075,0,2110,0
08/02/2023,8397,685,1120,1728,0,1994,0
08/02/2023,8049,653,2969,3136,0,1125,0
09/02/2023,8258,323,2294,3528,0,1964,0
09/02/2023,7958,680,2760,2391,0,1845,0
09/02/2023,7802,522,2456,3765,0,1195,0
09/02/2023,7442,324,1251,3981,0,1647,0
09/02/2023,8480,602,2369,2838,0,2587,0
09/02/2023,5173,331,3261,3566,0,2500,0
09/02/2023,9785,660,3986,1503,0,2676,0
09/02/2023,9282,427,2843,2729,0,2809,0
09/02/2023,9822,424,2439,1579,0,2229,0
09/02/2023,6631,549,1110,2120,0,2663,0
09/02/2023,5868,661,2268,3370,0,2594,0
09/02/2023,6790,570,3804,3717,0,1066,0
09/02/2023,7254,540,2852,2294,0,2171,0
10/02/2023,6050,543,3614,2843,0,1387,0
10/02/2023,7319,653,1557,2952,0,1735,0
10/02/2023,5505,582,3974,2086,0,2418,0
10/02/2023,5643,594,2096,1052,0,2446,0
10/02/2023,9083,432,1563,2379,0,2716,0
10/02/2023,7138,437,1353,2308,0,2397,0
10/02/2023,9392,418,3213,1512,0,2573,0
10/02/2023,7349,608,2977,2214,0,1460,0
10/02/2023,7562,501,3398,3878,0,2338,0
10/02/2023,7447,544,2766,2225,0,1099,0
10/02/2023,9522,620,3420,1287,0,2486,0
10/02/2023,8507,594,3096,3857,0,1176,0
10/02/2023,6014,369,1630,1280,0,2682,0
10/02/2023,8900,551,2857,2945,0,1721,0
10/02/2023,7542,656,3429,2990,0,2683,0
11/02/2023,5520,472,2992,3939,0,2595,0
11/02/2023,8987,415,3678,3642,0,2490,0
11/02/2023,9118,683,1930,2637,0,2742,0
11/02/2023,6264,352,1609,1528,0,2978,0
11/02/2023,7641,473,2422,2007,0,1232,0
11/02/2023,7160,534,2389,3392,0,2899,0
11/02/2023,9830,450,2270,2373,0,2133,0
11/02/2023,8067,338,1038,3416,0,1397,0
11/02/2023,7179,511,1953,1612,0,2963,0
11/02/2023,5186,588,3279,2051,0,2782,0
11/02/2023,9787,469,3682,1508,0,2695,0
11/02/2023,9691,661,2176,3719,0,2762,0
11/02/2023,7212,477,1079,1676,0,2819,0
11/02/2023,5112,494,3735,1790,0,2968,0
12/02/2023,5697,664,2235,2995,0,1611,0
12/02/2023,6926,412,1118,1954,0,2943,0
12/02/2023,8460,592,3744,3899,0,2601,0
12/02/2023,5833,659,3317,3459,0,1025,0
12/02/2023,5774,586,3379,3560,0,2922,0
12/02/2023,7935,420,1605,3561,0,2108,0
12/02/2023,9976,459,3238,1126,0,2102,0
12/02/2023,7008,339,1105,2341,0,2349,0
12/02/2023,6987,311,3765,1327,0,2089,0
12/02/2023,9629,580,2297,1213,0,1936,0
12/02/2023,5318,453,2787,2627,0,1582,0
12/02/2023,5191,337,2748,2988,0,2182,0
12/02/2023,6956,372,3161,3439,0,2690,0
13/02/2023,9759,558,2226,2058,0,1806,0
13/02/2023,8865,503,3896,3855,0,1821,0
13/02/2023,9223,506,2262,3280,0,2647,0
13/02/2023,5993,667,2493,1599,0,2047,0
13/02/2023,9316,540,2160,2995,0,2823,0
13/02/2023,5850,334,3281,3597,0,1103,0
13/02/2023,7679,614,3543,3643,0,2808,0
13/02/2023,5382,308,2086,3059,0,2425,0
13/02/2023,6529,550,2143,1920,0,2525,0
13/02/2023,9044,490,2268,2479,0,1414,0
13/02/2023,8504,669,3666,3628,0,1719,0
13/02/2023,7582,661,2052,1604,0,1341,0
13/02/2023,6076,487,2284,3370,0,1023,0
13/02/2023,5114,355,2908,3061,0,2649,0
14/02/2023,8312,380,2809,3442,0,1663,0
14/02/2023,5085,439,1474,1586,0,1496,0
14/02/2023,8182,465,3477,1157,0,1768,0
14/02/2023,6194,531,1851,3487,0,1593,0
14/02/2023,7048,357,1438,3028,0,1625,0
14/02/2023,9806,636,3617,2841,0,2489,0
14/02/2023,6126,346,2158,1318,0,1145,0
14/02/2023,7688,388,3747,1085,0,2203,0
14/02/2023,7089,307,2629,3473,0,1101,0
14/02/2023,9988,518,3489,3687,0,2969,0
14/02/2023,6418,499,3381,3437,0,2296,0
14/02/2023,6655,600,3228,1519,0,1711,0
14/02/2023,9906,415,2106,2219,0,1144,0
14/02/2023,5722,618,1742,1263,0,1310,0
14/02/2023,9234,563,2833,1857,0,1617,0
15/02/2023,8222,575,1185,3530,0,2123,0
15/02/2023,6544,419,2611,3139,0,2878,0
15/02/2023,9143,446,1026,2706,0,1545,0
15/02/2023,5294,398,3879,1876,0,2587,0
15/02/2023,7728,350,1205,1409,0,1734,0
15/02/2023,7042,464,3864,2207,0,1921,0
15/02/2023,7096,588,2234,1426,0,1327,0
15/02/2023,7202,501,3518,2255,0,2258,0
15/02/2023,6436,415,2203,2409,0,1538,0
15/02/2023,5408,411,1859,1800,0,1924,0
15/02/2023,8014,570,2057,2125,0,1707,0
15/02/2023,7678,440,2026,1583,0,1649,0
15/02/2023,9846,495,3382,2943,0,2398,0
15/02/2023,7476,345,1260,3879,0,2866,0
15/02/2023,8826,615,2537,2839,0,2808,0
16/02/2023,6802,578,3763,3312,0,2821,0
16/02/2023,9472,418,3234,2842,0,1593,0
16/02/2023,5999,650,3507,2359,0,2228,0
16/02/2023,5695,526,3756,3577,0,1985,0
16/02/2023,9702,307,3916,2761,0,1151,0
16/02/2023,5321,320,3062,3516,0,1520,0
16/02/2023,6827,460,3004,3655,0,1081,0
16/02/2023,6347,421,1734,2251,0,1232,0
16/02/2023,5036,680,2102,2239,0,1483,0
16/02/2023,9364,587,3916,2383,0,2646,0
16/02/2023,6120,631,3199,2171,0,1215,0
16/02/2023,7612,621,1002,1417,0,2000,0
16/02/2023,8755,326,1948,1988,0,1842,0
16/02/2023,9715,545,2892,2865,0,2559,0
16/02/2023,9346,363,2101,2533,0,1458,0
17/02/2023,8555,676,1111,2892,0,1442,0
17/02/2023,6111,566,3302,2354,0,2934,0
17/02/2023,7901,310,1210,1440,0,1651,0
17/02/2023,7866,635,3885,1646,0,1210,0
17/02/2023,9675,434,2938,3907,0,1057,0
17/02/2023,9020,626,3082,2259,0,1428,0
17/02/2023,8678,445,3334,1898,0,1083,0
17/02/2023,6359,407,1035,2870,0,1844,0
17/02/2023,9285,562,2079,3058,0,1517,0
17/02/2023,8630,545,3808,3780,0,2449,0
17/02/2023,5849,691,3067,3001,0,2293,0
17/02/2023,5563,640,2476,3724,0,1015,0
17/02/2023,8809,496,3047,3820,0,1932,0
17/02/2023,6315,401,3266,2909,0,1494,0
18/02/2023,7121,332,2020,1949,0,1935,0
18/02/2023,9984,307,2179,2639,0,1207,0
18/02/2023,5734,353,2484,1097,0,2215,0
18/02/2023,8798,445,2534,3168,0,2280,0
18/02/2023,8206,621,2702,3260,0,2110,0
18/02/2023,9277,587,3754,3174,0,1261,0
18/02/2023,5016,382,3307,1821,0,1758,0
18/02/2023,8016,452,3633,1661,0,2597,0
18/02/2023,5660,585,2915,1439,0,1667,0
18/02/2023,6536,592,2365,1424,0,1988,0
18/02/2023,8360,598,1855,3185,0,2843,0
18/02/2023,5820,509,3115,3686,0,1544,0
18/02/2023,9622,534,3072,1085,0,1628,0
18/02/2023,5206,494,2731,3139,0,1128,0
18/02/2023,6019,509,1520,3735,0,1185,0
19/02/2023,8795,517,3677,2492,0,1657,0
19/02/2023,6679,327,1665,3545,0,2303,0
19/02/2023,7222,555,3772,1289,0,2826,0
19/02/2023,5864,330,2969,3765,0,1680,0
19/02/2023,5591,541,3137,1409,0,1002,0
19/02/2023,8100,565,1223,1298,0,2334,0
19/02/2023,8550,489,2924,2670,0,1586,0
19/02/2023,9762,662,2650,3893,0,2883,0
19/02/2023,6652,485,2045,2787,0,2769,0
19/02/2023,6135,453,3668,2226,0,1495,0
19/02/2023,6778,478,1522,1201,0,2155,0
19/02/2023,6529,347,1913,3361,0,2821,0
19/02/2023,5913,644,3809,3710,0,2776,0
19/02/2023,8291,646,2624,2990,0,2946,0
20/02/2023,9766,643,1947,2652,0,2426,0
20/02/2023,7134,678,1474,1288,0,1112,0
20/02/2023,8508,322,3744,2696,0,2363,0
20/02/2023,9335,581,1152,3839,0,2391,0
20/02/2023,5380,659,1450,3379,0,1700,0
20/02/2023,6790,669,2216,2210,0,2594,0
20/02/2023,9766,460,2981,2546,0,1828,0
20/02/2023,8165,536,1120,1993,0,2795,0
20/02/2023,7703,591,2048,1169,0,1011,0
20/02/2023,7764,415,1957,2801,0,1692,0
20/02/2023,6318,591,3457,2169,0,2979,0
20/02/2023,9017,480,3462,1592,0,2358,0
20/02/2023,5985,687,2537,1231,0,1795,0
20/02/2023,7190,589,3861,2989,0,2487,0
21/02/2023,9051,464,1100,2432,0,2822,0
21/02/2023,5914,610,2574,2864,0,2272,0
21/02/2023,8308,483,2805,2030,0,2092,0
21/02/2023,6455,540,2920,3590,0,2257,0
21/02/2023,5592,698,2120,1827,0,2359,0
21/02/2023,6583,302,1721,3652,0,2674,0
21/02/2023,7776,506,3890,1551,0,2520,0
21/02/2023,8378,629,3096,1072,0,2080,0
21/02/2023,6394,529,1240,2228,0,2245,0
21/02/2023,5896,678,3434,2105,0,2447,0
21/02/2023,7694,630,3827,3509,0,1395,0
21/02/2023,7971,367,3313,1739,0,2977,0
21/02/2023,7375,694,1544,2577,0,2665,0
21/02/2023,8077,409,3276,3406,0,2642,0
22/02/2023,6642,346,3262,3212,0,1645,0
22/02/2023,5382,398,1288,3455,0,2740,0
22/02/2023,7093,591,1092,1793,0,1294,0
22/02/2023,8984,559,2039,3054,0,1257,0
22/02/2023,6868,567,1655,3973,0,2995,0
22/02/2023,9727,392,2232,1033,0,1550,0
22/02/2023,6570,460,3491,2408,0,1129,0
22/02/2023,6389,481,3579,3609,0,2106,0
22/02/2023,9039,527,2650,1345,0,1909,0
22/02/2023,6456,527,3198,1878,0,1024,0
22/02/2023,6305,436,1858,3581,0,1776,0
22/02/2023,6736,684,2024,1134,0,1842,0
22/02/2023,7754,411,3152,2119,0,1132,0
22/02/2023,6052,551,3629,3812,0,2515,0
23/02/2023,9321,645,3019,2279,0,2793,0
23/02/2023,6181,522,2263,1008,0,1647,0
23/02/2023,6814,605,2777,3671,0,1227,0
23/02/2023,6191,587,1212,3102,0,1780,0
23/02/2023,6529,659,3829,2395,0,2431,0
23/02/2023,9704,694,1491,3251,0,2312,0
23/02/2023,7316,634,3126,3452,0,2562,0
23/02/2023,8370,422,3377,3743,0,1623,0
23/02/2023,8051,556,3431,3686,0,1731,0
23/02/2023,8923,435,3361,3101,0,2278,0
23/02/2023,6107,341,2187,3151,0,1256,0
23/02/2023,5104,439,3156,1338,0,2486,0
23/02/2023,8214,381,3895,2875,0,1288,0
23/02/2023,9719,352,3775,1081,0,1319,0
24/02/2023,7532,391,3688,2573,0,2499,0
24/02/2023,7332,401,3751,1001,0,1519,0
24/02/2023,8836,470,1400,1654,0,2209,0
24/02/2023,9393,532,1687,3217,0,1325,0
24/02/2023,8078,654,1056,3159,0,1174,0
24/02/2023,5117,573,2137,3005,0,1572,0
24/02/2023,5379,539,2848,2870,0,1040,0
24/02/2023,9636,556,1023,3442,0,1981,0
24/02/2023,5872,326,1020,1129,0,2453,0
24/02/2023,5437,432,1774,1944,0,2706,0
24/02/2023,5451,337,2764,2794,0,2962,0
24/02/2023,7464,653,1322,3973,0,1649,0
24/02/2023,9529,388,1703,2223,0,2036,0
24/02/2023,6285,409,1778,1236,0,2780,0
25/02/2023,6362,648,1480,1586,0,2179,0
25/02/2023,8446,442,1588,3973,0,2877,0
25/02/2023,6405,549,2047,2785,0,1333,0
25/02/2023,9030,431,1178,1305,0,2946,0
25/02/2023,8207,354,2741,3869,0,2139,0
25/02/2023,9912,475,2377,2765,0,2348,0
25/02/2023,9137,666,1052,2672,0,1289,0
25/02/2023,6313,697,2159,1533,0,2138,0
25/02/2023,9106,618,1650,1721,0,1843,0
25/02/2023,8296,497,2597,1298,0,2765,0
25/02/2023,6802,314,3736,2990,0,2218,0
25/02/2023,6050,390,2630,2253,0,1845,0
25/02/2023,7878,491,3462,1084,0,2113,0
26/02/2023,7149,556,3838,1816,0,2507,0
26/02/2023,7306,673,1233,1428,0,2323,0
26/02/2023,6337,524,3630,3770,0,2733,0
26/02/2023,7140,689,1333,1904,0,2609,0
26/02/2023,5006,626,1489,1746,0,2791,0
26/02/2023,5445,474,2596,1645,0,2062,0
26/02/2023,8674,654,3790,1130,0,1701,0
26/02/2023,8986,507,2178,3628,0,1414,0
26/02/2023,7470,433,2706,1172,0,1136,0
26/02/2023,6989,410,3119,1869,0,2117,0
26/02/2023,5639,432,2063,2167,0,2335,0
26/02/2023,6708,424,3034,3094,0,2204,0
26/02/2023,8067,390,1428,1252,0,1195,0
27/02/2023,9158,329,3553,3875,0,1512,0
27/02/2023,6693,343,3813,2627,0,1730,0
27/02/2023,6118,637,3625,2545,0,2840,0
27/02/2023,7891,329,1415,2320,0,1198,0
27/02/2023,6889,334,3152,3499,0,2896,0
27/02/2023,5094,695,1469,1684,0,2419,0
27/02/2023,5021,486,3488,3755,0,2006,0
27/02/2023,9716,382,2808,1005,0,1368,0
27/02/2023,5113,628,2318,2408,0,2157,0
27/02/2023,7707,676,3650,3852,0,1585,0
27/02/2023,5356,582,3024,2606,0,1416,0
27/02/2023,8712,561,1300,2248,0,2308,0
27/02/2023,9063,488,1614,3184,0,1279,0
28/02/2023,7323,649,3134,1791,0,2685,0
28/02/2023,9452,647,2647,1981,0,1267,0
28/02/2023,9929,344,2283,3619,0,1374,0
28/02/2023,7944,596,2579,1456,0,2103,0
28/02/2023,5687,524,2384,3028,0,2180,0
28/02/2023,7577,671,3752,3932,0,2864,0
28/02/2023,6246,414,2375,3039,0,2658,0
28/02/2023,6832,532,3525,3213,0,1464,0
28/02/2023,6748,556,3161,2953,0,1095,0
28/02/2023,6607,687,3602,2066,0,1473,0
28/02/2023,6460,557,1547,2069,0,2519,0
28/02/2023,8675,524,2675,3574,0,2165,0
28/02/2023,6623,594,3567,3421,0,2144,0
01/03/2023,6084,647,1146,2284,0,2431,0
01/03/2023,7217,445,2269,1335,0,2051,0
01/03/2023,5851,553,1582,3150,0,1571,0
01/03/2023,6255,368,2571,2378,0,2624,0
01/03/2023,7583,446,3354,3616,0,2922,0
01/03/2023,5742,557,3650,3432,0,2455,0
01/03/2023,8847,445,2662,1263,0,2070,0
01/03/2023,9437,617,3090,3392,0,1947,0
01/03/2023,8088,304,2736,1784,0,2957,0
01/03/2023,7660,476,2757,2983,0,1900,0
01/03/2023,7854,311,1506,3807,0,2372,0
01/03/2023,6516,670,3467,3368,0,2397,0
02/03/2023,7985,646,2287,2783,0,2990,0
02/03/2023,6864,578,2576,3428,0,2539,0
02/03/2023,9200,463,2433,3645,0,2825,0
02/03/2023,6881,604,1948,2494,0,1534,0
02/03/2023,6413,328,2034,2098,0,1609,0
02/03/2023,5268,358,1114,3919,0,1802,0
02/03/2023,9301,457,2980,1702,0,1551,0
02/03/2023,9774,309,1510,2301,0,1337,0
02/03/2023,9444,411,2113,1892,0,1191,0
02/03/2023,9088,593,3673,3081,0,2045,0
02/03/2023,6113,636,1779,2319,0,1548,0
02/03/2023,9614,694,1248,3134,0,2449,0
02/03/2023,8202,324,1095,2386,0,1261,0
02/03/2023,9963,402,1005,1741,0,1902,0
03/03/2023,5908,625,3876,2371,0,1636,0
03/03/2023,8591,515,2607,3260,0,2286,0
03/03/2023,9557,693,2491,2862,0,1233,0
03/03/2023,9705,367,3776,2772,0,2889,0
03/03/2023,7026,401,1385,3160,0,2410,0
03/03/2023,7466,484,2383,3648,0,1958,0
03/03/2023,6800,425,3871,2677,0,1316,0
03/03/2023,7562,544,3023,3327,0,2799,0
03/03/2023,9206,678,3924,2225,0,2191,0
03/03/2023,5033,357,2311,1907,0,1584,0
03/03/2023,8598,603,3797,2044,0,2511,0
03/03/2023,6001,376,3771,2180,0,2081,0
03/03/2023,9941,321,1789,3157,0,1836,0
04/03/2023,6106,450,3313,1690,0,2844,0
04/03/2023,7289,464,3337,3865,0,1284,0
04/03/2023,7711,460,2383,2628,0,2558,0
04/03/2023,9783,538,1451,1767,0,1249,0
04/03/2023,5188,360,1842,1712,0,2183,0
04/03/2023,8440,674,1419,2731,0,1071,0
04/03/2023,6147,507,2322,2291,0,2723,0
04/03/2023,7332,584,2243,3164,0,2224,0
04/03/2023,9203,313,1383,3483,0,2427,0
04/03/2023,8605,427,3920,3781,0,1650,0
04/03/2023,7568,411,1951,2022,0,1377,0
04/03/2023,6019,626,2376,3907,0,2630,0
04/03/2023,9152,493,1011,3569,0,1530,0
05/03/2023,9353,546,2585,1244,0,2065,0
05/03/2023,8667,440,1488,1609,0,1062,0
05/03/2023,9432,348,3703,1490,0,2647,0
05/03/2023,7062,422,1615,2800,0,1596,0
05/03/2023,8518,406,2850,2129,0,2294,0
05/03/2023,5292,473,3663,3039,0,1977,0
05/03/2023,5297,598,2066,3407,0,2376,0
05/03/2023,5770,657,3904,2999,0,2346,0
05/03/2023,7037,595,3867,2825,0,1430,0
05/03/2023,9554,607,3033,2001,0,2769,0
05/03/2023,7254,576,1727,1751,0,2331,0
05/03/2023,6343,344,3840,3195,0,2444,0
05/03/2023,9004,687,1633,3666,0,2537,0
06/03/2023,6586,628,1578,1180,0,1851,0
06/03/2023,8242,436,1601,1721,0,2782,0
06/03/2023,5389,431,1841,2358,0,2401,0
06/03/2023,9119,317,3431,1738,0,1861,0
06/03/2023,8162,650,2200,2551,0,1060,0
06/03/2023,9651,353,3362,1623,0,2330,0
06/03/2023,8364,356,1225,3895,0,2258,0
06/03/2023,5289,650,2787,1536,0,2263,0
06/03/2023,7934,496,2851,2285,0,1936,0
06/03/2023,6218,454,1114,1792,0,2250,0
06/03/2023,5508,660,1668,2738,0,1239,0
06/03/2023,9599,505,3603,3692,0,1473,0
06/03/2023,7508,468,1443,3787,0,1832,0
06/03/2023,7994,367,3111,2299,0,2828,0
07/03/2023,6845,355,3315,3117,0,1935,0
07/03/2023,5975,311,1022,2834,0,2771,0
07/03/2023,7881,499,3895,2228,0,2046,0
07/03/2023,5399,392,1923,1743,0,1843,0
07/03/2023,5259,348,3725,1753,0,2791,0
07/03/2023,6021,672,2202,2989,0,2113,0
07/03/2023,8989,583,1855,3172,0,1769,0
07/03/2023,7852,376,1763,1277,0,1187,0
07/03/2023,7819,374,1387,3071,0,2229,0
07/03/2023,6875,627,1122,1020,0,2327,0
07/03/2023,6227,330,1072,2287,0,1501,0
07/03/2023,8611,624,3449,1366,0,2510,0
07/03/2023,6939,420,2500,1970,0,2957,0
07/03/2023,6357,426,3882,3500,0,2376,0
08/03/2023,8321,357,2814,2311,0,2657,0
08/03/2023,6456,527,3759,1134,0,1031,0
08/03/2023,5713,419,1802,2926,0,2535,0
08/03/2023,5561,404,3170,2641,0,1670,0
08/03/2023,5705,470,2217,3204,0,1308,0
08/03/2023,6243,474,2026,3222,0,2485,0
08/03/2023,9558,684,2652,3461,0,1295,0
08/03/2023,8393,669,1501,3048,0,1241,0
08/03/2023,9739,444,3744,3674,0,2872,0
08/03/2023,8579,458,1089,2362,0,2215,0
08/03/2023,5876,671,1096,1242,0,2264,0
08/03/2023,8545,506,1110,1632,0,1526,0
08/03/2023,6605,323,3794,3441,0,2503,0
08/03/2023,5333,420,2980,1819,0,1385,0
09/03/2023,9231,604,3391,3011,0,1862,0
09/03/2023,8844,613,2490,3152,0,2552,0
09/03/2023,5078,487,1193,2137,0,1214,0
09/03/2023,6903,492,3432,3384,0,1869,0
09/03/2023,5655,671,2547,2149,0,2688,0
09/03/2023,7334,334,1940,2777,0,1421,0
09/03/2023,8568,536,2330,3781,0,1086,0
09/03/2023,7882,343,3079,1850,0,2161,0
09/03/2023,8260,351,1798,1945,0,2699,0
09/03/2023,8442,644,2625,3086,0,1693,0
09/03/2023,5872,363,2127,3982,0,1496,0
09/03/2023,7954,569,2301,1045,0,2427,0
09/03/2023,8138,368,3146,3024,0,2996,0
09/03/2023,8509,421,2504,2105,0,2593,0
10/03/2023,9475,367,2859,1590,0,2218,0
10/03/2023,5374,690,1910,1761,0,1214,0
10/03/2023,8086,697,1825,3004,0,2855,0
10/03/2023,7522,567,1314,3429,0,2271,0
10/03/2023,6092,492,3216,3702,0,1740,0
10/03/2023,8420,324,1122,1670,0,1391,0
10/03/2023,9259,342,1476,2058,0,2498,0
10/03/2023,7014,339,3890,1499,0,1043,0
10/03/2023,6137,611,1021,2387,0,1232,0
10/03/2023,9614,366,2556,2884,0,1781,0
10/03/2023,8410,655,3924,1025,0,2181,0
10/03/2023,9035,600,3482,1665,0,2653,0
10/03/2023,9183,500,1934,1724,0,1612,0
10/03/2023,5715,320,1154,2210,0,2416,0
11/03/2023,6942,570,2813,1131,0,1203,0
11/03/2023,7516,562,2041,2506,0,1615,0
11/03/2023,5858,375,3566,3128,0,1329,0
11/03/2023,7583,545,3929,1587,0,1797,0
11/03/2023,7980,434,2396,2180,0,1497,0
11/03/2023,9572,362,2089,3981,0,2810,0
11/03/2023,9107,416,3043,3827,0,1218,0
11/03/2023,6635,585,3235,2684,0,2430,0
11/03/2023,6260,488,1847,2017,0,1290,0
11/03/2023,8839,484,3670,3880,0,1439,0
11/03/2023,9589,616,3078,3789,0,1805,0
11/03/2023,5355,414,1994,3335,0,1004,0
11/03/2023,7227,550,2506,1912,0,2192,0
11/03/2023,5437,618,3817,2900,0,2768,0
12/03/2023,7699,441,2543,3850,0,1207,0
12/03/2023,8335,406,3625,1262,0,2733,0
12/03/2023,6418,377,1030,3054,0,1936,0
12/03/2023,7272,396,1303,3318,0,2054,0
12/03/2023,8690,305,2775,2744,0,2938,0
12/03/2023,6859,353,1454,2050,0,2293,0
12/03/2023,6060,312,3918,3604,0,1554,0
12/03/2023,8099,641,2653,2863,0,1639,0
12/03/2023,8731,517,2891,1888,0,2373,0
12/03/2023,6257,352,3123,3895,0,1890,0
12/03/2023,8670,516,3111,3966,0,1359,0
12/03/2023,7039,495,2984,2958,0,1689,0
12/03/2023,7114,577,2648,2577,0,2898,0
13/03/2023,8445,396,3396,3468,0,2699,0
13/03/2023,9047,398,1708,2398,0,1126,0
13/03/2023,6128,369,2819,2733,0,1200,0
13/03/2023,7539,381,1016,1703,0,1160,0
13/03/2023,5645,433,2569,3708,0,2356,0
13/03/2023,9436,557,1946,3173,0,1505,0
13/03/2023,8477,449,3219,3926,0,2407,0
13/03/2023,10000,656,2076,2708,0,1291,0
13/03/2023,5394,562,2865,3282,0,1638,0
13/03/2023,7388,514,1834,3045,0,1472,0
13/03/2023,9896,409,2950,1188,0,1804,0
13/03/2023,5987,492,1427,3319,0,1614,0
13/03/2023,5125,367,3588,3494,0,2756,0
13/03/2023,5829,404,3861,1829,0,2336,0
14/03/2023,6103,352,1830,2784,0,1127,0
14/03/2023,7691,332,2689,3807,0,1149,0
14/03/2023,5877,389,2025,2991,0,1128,0
14/03/2023,6127,690,2014,2038,0,1519,0
14/03/2023,8091,587,3797,3574,0,1725,0
14/03/2023,7799,652,1371,1137,0,1826,0
14/03/2023,8503,503,2698,1743,0,1281,0
14/03/2023,6523,449,2326,3737,0,1134,0
14/03/2023,7450,465,2878,3191,0,1386,0
14/03/2023,8956,504,3478,1005,0,2671,0
14/03/2023,9038,604,1883,2065,0,1080,0
14/03/2023,5461,358,1780,1731,0,1344,0
14/03/2023,6435,619,3148,3913,0,2350,0
14/03/2023,6856,579,3756,3064,0,1636,0
15/03/2023,8369,330,3255,1220,0,1598,0
15/03/2023,8053,345,1447,1051,0,1413,0
15/03/2023,7758,450,1127,1835,0,2869,0
15/03/2023,9688,637,2382,1798,0,1220,0
15/03/2023,9590,619,1762,1830,0,2144,0
15/03/2023,7395,636,1917,2132,0,2616,0
15/03/2023,5902,580,2252,3912,0,1900,0
15/03/2023,8987,533,1274,3421,0,1797,0
15/03/2023,6551,387,1316,1053,0,2092,0
15/03/2023,6120,567,3424,1122,0,2062,0
15/03/2023,7782,698,2389,3437,0,1093,0
15/03/2023,9456,493,1030,1521,0,1581,0
15/03/2023,8994,444,2369,1661,0,2977,0
15/03/2023,5794,431,3833,2148,0,2520,0
16/03/2023,7056,478,3348,1843,0,2296,0
16/03/2023,7926,639,2687,3759,0,1721,0
16/03/2023,9140,406,1609,1699,0,1707,0
16/03/2023,6109,410,2432,1305,0,1318,0
16/03/2023,7254,616,1013,3809,0,1292,0
16/03/2023,7056,650,1300,1731,0,2079,0
16/03/2023,8168,482,2164,1241,0,2982,0
16/03/2023,9554,556,1106,3582,0,1823,0
16/03/2023,5047,564,1897,2200,0,1926,0
16/03/2023,7882,686,3333,3493,0,2786,0
16/03/2023,6366,500,2036,2580,0,2102,0
16/03/2023,5560,342,3070,1413,0,2558,0
16/03/2023,5563,405,1176,1110,0,2117,0
16/03/2023,5016,656,2111,1611,0,2977,0
17/03/2023,8090,607,2444,2123,0,1675,0
17/03/2023,6793,382,1955,3601,0,1789,0
17/03/2023,8968,476,2321,2505,0,2642,0
17/03/2023,7502,320,3416,2292,0,2621,0
17/03/2023,8174,372,1058,3926,0,2112,0
17/03/2023,9368,308,1832,3475,0,1443,0
17/03/2023,6170,407,3592,3450,0,2540,0
17/03/2023,7367,495,3767,1223,0,2125,0
17/03/2023,5503,418,1039,1332,0,1680,0
17/03/2023,9711,600,2469,2870,0,1096,0
17/03/2023,6308,671,2358,1752,0,1667,0
17/03/2023,6491,558,3171,3573,0,2094,0
17/03/2023,5623,513,2062,1022,0,2765,0
17/03/2023,5999,469,3869,3797,0,1521,0
18/03/2023,9477,669,2095,1442,0,1775,0
18/03/2023,7547,600,3707,1955,0,1643,0
18/03/2023,8215,314,2496,2145,0,2458,0
18/03/2023,6155,340,3839,2387,0,2865,0
18/03/2023,8693,427,3734,1822,0,1633,0
18/03/2023,8264,545,3154,2427,0,2918,0
18/03/2023,6887,578,2453,3440,0,2525,0
18/03/2023,6835,412,3971,3953,0,2764,0
18/03/2023,5983,590,1218,1822,0,1234,0
18/03/2023,9363,507,3832,1192,0,1556,0
18/03/2023,6638,314,3354,1520,0,2987,0
18/03/2023,5913,600,1021,3595,0,1226,0
18/03/2023,6242,553,3657,1525,0,1417,0
18/03/2023,7254,343,1578,1142,0,1002,0
19/03/2023,8184,435,3673,3937,0,2137,0
19/03/2023,8370,435,3876,3232,0,2897,0
19/03/2023,6018,408,2097,3433,0,2626,0
19/03/2023,9457,509,2052,1250,0,2919,0
19/03/2023,6219,620,1550,1162,0,2172,0
19/03/2023,6696,620,1409,1394,0,1076,0
19/03/2023,6628,376,2894,3002,0,1165,0
19/03/2023,5246,371,2096,1665,0,1937,0
19/03/2023,7159,392,1817,1520,0,1098,0
19/03/2023,7902,645,2875,3864,0,1861,0
19/03/2023,7686,621,3616,1726,0,2035,0
19/03/2023,8603,662,1287,1894,0,1874,0
20/03/2023,9114,344,2864,1734,0,1556,0
20/03/2023,9331,581,3743,2154,0,1447,0
20/03/2023,8133,588,3630,3541,0,1845,0
20/03/2023,8235,619,3092,3388,0,1308,0
20/03/2023,7390,315,2963,1463,0,2120,0
20/03/2023,6259,473,1775,1604,0,1044,0
20/03/2023,9978,651,1905,3084,0,2793,0
20/03/2023,6757,609,3350,1349,0,1967,0
20/03/2023,7831,463,3556,2899,0,2025,0
20/03/2023,6312,530,1156,2450,0,1531,0
20/03/2023,5441,582,2696,1764,0,2346,0
20/03/2023,6445,479,2961,3253,0,1156,0
20/03/2023,7011,537,1055,1563,0,2461,0
20/03/2023,8594,648,3899,3326,0,2625,0
21/03/2023,7585,402,3675,1232,0,1677,0
21/03/2023,7801,505,2734,2259,0,2223,0
21/03/2023,5655,436,1725,3186,0,1837,0
21/03/2023,5277,392,2879,1019,0,1070,0
21/03/2023,7283,490,1146,1703,0,2966,0
21/03/2023,8466,352,2127,3929,0,2321,0
21/03/2023,6224,591,3541,3188,0,2119,0
21/03/2023,7799,678,3352,3660,0,2426,0
21/03/2023,8175,326,2096,1963,0,1694,0
21/03/2023,6286,386,1838,2293,0,2789,0
21/03/2023,9326,334,3779,2729,0,2713,0
21/03/2023,5714,653,2956,2957,0,1521,0
21/03/2023,7074,475,1578,3604,0,1909,0
21/03/2023,5839,529,2318,3035,0,1297,0
22/03/2023,6358,543,1567,1792,0,2522,0
22/03/2023,7555,464,3463,2566,0,2048,0
22/03/2023,9737,686,3797,1215,0,1402,0
22/03/2023,9265,567,3402,3176,0,2056,0
22/03/2023,7515,497,2821,3770,0,1102,0
22/03/2023,7992,310,2585,1181,0,1807,0
22/03/2023,9756,549,2255,1239,0,2677,0
22/03/2023,5366,463,2283,1976,0,1918,0
22/03/2023,6508,642,1604,1131,0,1297,0
22/03/2023,8266,602,1226,2564,0,2568,0
22/03/2023,9457,558,2191,1689,0,2643,0
22/03/2023,7408,526,2978,2120,0,1968,0
22/03/2023,8783,467,1769,2820,0,2553,0
22/03/2023,8186,606,1072,3993,0,1249,0
23/03/2023,7223,603,1688,2565,0,2329,0
23/03/2023,5160,571,3372,2432,0,2946,0
23/03/2023,8867,673,2709,1866,0,2040,0
23/03/2023,6388,322,2173,2251,0,2668,0
23/03/2023,5431,422,3357,1388,0,2939,0
23/03/2023,6033,461,2615,1458,0,1079,0
23/03/2023,5475,590,1369,3695,0,1606,0
23/03/2023,6246,652,3597,3579,0,2310,0
23/03/2023,6287,312,1621,3728,0,1650,0
23/03/2023,7631,347,1462,1690,0,2524,0
23/03/2023,5043,660,1758,3207,0,1637,0
23/03/2023,7917,391,1705,1226,0,2997,0
23/03/2023,5101,634,3730,3261,0,1452,0
23/03/2023,8658,553,2522,1477,0,2946,0
24/03/2023,9781,627,1382,3309,0,1126,0
24/03/2023,8452,382,1125,2581,0,2886,0
24/03/2023,9984,677,3686,2764,0,2040,0
24/03/2023,5359,319,1402,2729,0,1202,0
24/03/2023,8271,417,1436,3290,0,2604,0
24/03/2023,8368,640,2789,2891,0,2305,0
24/03/2023,9395,432,1006,1223,0,2438,0
24/03/2023,9438,598,3412,2397,0,1529,0
24/03/2023,9368,311,1214,1760,0,1874,0
24/03/2023,9957,313,2358,1922,0,2443,0
24/03/2023,6719,596,3437,3176,0,2467,0
24/03/2023,7769,567,3748,2983,0,2667,0
24/03/2023,7618,492,1670,3958,0,2570,0
24/03/2023,9422,529,1359,1693,0,1840,0
25/03/2023,8443,367,1186,3233,0,1634,0
25/03/2023,8344,327,1658,2112,0,1080,0
25/03/2023,8889,588,1112,1930,0,2478,0
25/03/2023,9919,347,1622,3260,0,2754,0
25/03/2023,6484,474,1628,3231,0,1824,0
25/03/2023,8427,355,1388,2784,0,2087,0
25/03/2023,7562,591,3088,1955,0,2691,0
25/03/2023,7304,466,1926,2174,0,1073,0
25/03/2023,7075,422,3676,1180,0,2690,0
25/03/2023,7581,539,3464,2651,0,2169,0
25/03/2023,7045,533,2541,3309,0,2506,0
25/03/2023,7428,604,1934,2780,0,2934,0
25/03/2023,8119,574,2660,1040,0,1641,0
25/03/2023,7902,639,1849,2022,0,2423,0
26/03/2023,6634,590,2101,1535,0,2440,0
26/03/2023,8683,430,1296,1807,0,1389,0
26/03/2023,8284,344,3912,2784,0,2837,0
26/03/2023,5820,359,2672,2469,0,1223,0
26/03/2023,8663,481,3608,2218,0,1307,0
26/03/2023,6836,573,1551,3582,0,1886,0
26/03/2023,9197,474,2832,1457,0,2007,0
26/03/2023,6237,437,3136,3907,0,1303,0
26/03/2023,5001,572,3565,2516,0,2970,0
26/03/2023,5877,487,2929,3893,0,1053,0
26/03/2023,7374,653,1215,3948,0,2626,0
26/03/2023,6117,444,1799,2444,0,1469,0
26/03/2023,7062,377,3749,2514,0,2458,0
27/03/2023,9910,396,2163,3561,0,1494,0
27/03/2023,8008,554,1589,2871,0,1331,0
27/03/2023,7725,592,2738,1687,0,1460,0
27/03/2023,5528,426,3717,1816,0,2702,0
27/03/2023,6717,495,1774,1851,0,2663,0
27/03/2023,6857,549,2160,2061,0,1784,0
27/03/2023,5625,519,1907,3052,0,2918,0
27/03/2023,6383,433,2416,1058,0,2618,0
27/03/2023,7061,465,1322,1743,0,2322,0
27/03/2023,6126,326,3436,1175,0,1400,0
27/03/2023,7569,367,1734,2810,0,2019,0
27/03/2023,8694,548,1562,1648,0,1945,0
27/03/2023,7441,640,1649,2269,0,1955,0
27/03/2023,6974,423,1187,1366,0,1082,0
28/03/2023,5410,433,1015,2184,0,2546,0
28/03/2023,9140,462,3474,1885,0,1484,0
28/03/2023,9642,346,3480,3595,0,2603,0
28/03/2023,9336,491,1196,1513,0,1231,0
28/03/2023,7897,308,2254,2374,0,1446,0
28/03/2023,5502,502,2665,2316,0,2574,0
28/03/2023,7611,552,2478,2182,0,2817,0
28/03/2023,8504,668,3864,2642,0,1208,0
28/03/2023,9015,490,3524,2901,0,2889,0
28/03/2023,8392,363,2242,2237,0,1964,0
28/03/2023,6905,652,1970,3091,0,1112,0
28/03/2023,9369,651,1940,1489,0,2336,0
28/03/2023,7949,343,2672,2814,0,1348,0
28/03/2023,6089,535,1472,3358,0,2257,0
29/03/2023,6409,511,1488,1521,0,1085,0
29/03/2023,8329,523,3941,1589,0,1174,0
29/03/2023,7967,304,3474,1649,0,1965,0
29/03/2023,9836,477,2411,2656,0,2287,0
29/03/2023,9333,700,1865,1354,0,2438,0
29/03/2023,5989,537,1724,1897,0,1162,0
29/03/2023,5883,602,1392,3798,0,2338,0
29/03/2023,9623,643,3107,3773,0,2944,0
29/03/2023,8594,541,2407,2044,0,2956,0
29/03/2023,5042,623,1893,2607,0,1016,0
29/03/2023,8504,666,3105,3749,0,2911,0
29/03/2023,6014,359,1138,1455,0,2676,0
29/03/2023,5293,372,1808,2705,0,1500,0
29/03/2023,5462,513,1407,3618,0,1267,0
30/03/2023,7378,305,3761,1332,0,1325,0
30/03/2023,6166,693,1408,1042,0,1636,0
30/03/2023,8333,580,3242,3844,0,1657,0
30/03/2023,6236,336,3274,3123,0,2135,0
30/03/2023,8442,608,1781,3932,0,1013,0
30/03/2023,5378,400,1149,2007,0,1037,0
30/03/2023,9290,676,3284,1142,0,1929,0
30/03/2023,9388,593,2769,3285,0,2825,0
30/03/2023,8655,567,3149,1276,0,2243,0
30/03/2023,9667,424,2707,2992,0,1956,0
30/03/2023,8062,415,1449,2405,0,1280,0
30/03/2023,5945,415,2482,1034,0,2543,0
30/03/2023,9302,300,2654,1259,0,1467,0
30/03/2023,8753,673,1459,2551,0,1963,0
31/03/2023,6707,671,1448,2216,0,2005,0
31/03/2023,7273,472,1768,2592,0,2483,0
31/03/2023,9234,645,1857,1307,0,2116,0
31/03/2023,7332,523,1841,3634,0,2454,0
31/03/2023,8363,401,2405,1137,0,1764,0
31/03/2023,7318,401,1802,3436,0,1120,0
31/03/2023,7951,331,2426,2241,0,2824,0
31/03/2023,7590,619,1840,1269,0,1105,0
31/03/2023,9964,665,1443,2267,0,1920,0
31/03/2023,8644,381,3352,3877,0,2220,0
31/03/2023,9826,402,3620,1857,0,2753,0
31/03/2023,9084,664,1759,2687,0,2228,0
31/03/2023,5248,328,2139,1578,0,1572,0
31/03/2023,5218,668,3026,2384,0,2495,0
01/04/2023,5185,486,1074,2981,0,2440,0
01/04/2023,5975,385,3287,1252,0,2334,0
01/04/2023,8191,464,1778,2994,0,1556,0
01/04/2023,7459,368,2136,3191,0,1626,0
01/04/2023,5584,369,2920,2722,0,2798,0
01/04/2023,6898,542,2031,2710,0,2871,0
01/04/2023,8807,541,3291,2083,0,2563,0
01/04/2023,8084,636,3907,1669,0,2433,0
01/04/2023,6017,554,2603,3246,0,1950,0
01/04/2023,7696,458,1170,1563,0,2263,0
01/04/2023,9726,491,1287,2961,0,2227,0
01/04/2023,6398,575,2452,1509,0,1893,0
01/04/2023,7057,373,1891,3522,0,1496,0
01/04/2023,7117,547,3508,1900,0,1024,0
02/04/2023,8833,437,3260,2660,0,2554,0
02/04/2023,7288,477,2865,2577,0,2651,0
02/04/2023,5741,650,2815,3552,0,1887,0
02/04/2023,6597,563,3388,2510,0,1770,0
02/04/2023,8518,643,2621,3781,0,1237,0
02/04/2023,6327,687,2738,3303,0,2569,0
02/04/2023,8022,584,1934,3660,0,1865,0
02/04/2023,7583,442,3485,3973,0,2830,0
02/04/2023,6208,530,3048,2620,0,1912,0
02/04/2023,8674,670,1918,1802,0,2418,0
02/04/2023,6036,551,1648,3777,0,1255,0
02/04/2023,6890,594,1704,1451,0,2730,0
02/04/2023,8547,638,1319,2099,0,1617,0
03/04/2023,6658,655,3890,1689,0,1478,0
03/04/2023,5989,699,1322,2058,0,2087,0
03/04/2023,6879,621,3249,1131,0,2308,0
03/04/2023,8226,555,1269,3206,0,2887,0
03/04/2023,9794,546,2601,2283,0,2924,0
03/04/2023,6180,486,1586,2328,0,2634,0
03/04/2023,9288,359,1644,1256,0,1812,0
03/04/2023,8322,527,3717,2550,0,2908,0
03/04/2023,6416,344,1991,3439,0,1145,0
03/04/2023,6070,675,3934,3955,0,2884,0
03/04/2023,9127,592,1987,3870,0,2348,0
03/04/2023,9484,668,3757,3759,0,2540,0
03/04/2023,8035,691,2926,3795,0,1088,0
03/04/2023,6047,404,3701,3146,0,2013,0
04/04/2023,9151,333,2199,1492,0,2651,0
04/04/2023,8572,485,1699,3001,0,1663,0
04/04/2023,7397,637,2935,2551,0,1694,0
04/04/2023,8696,686,3878,1268,0,1845,0
04/04/2023,7487,562,2956,3563,0,2941,0
04/04/2023,6543,691,1187,3259,0,2935,0
04/04/2023,6322,548,2422,3559,0,1148,0
04/04/2023,6254,553,3104,3385,0,2051,0
04/04/2023,9653,426,2001,2390,0,2248,0
04/04/2023,7854,565,3613,2292,0,2551,0
04/04/2023,7174,589,2441,2895,0,1113,0
04/04/2023,7167,650,1296,2883,0,1646,0
04/04/2023,9045,557,2205,3626,0,2636,0
04/04/2023,9424,366,2925,3182,0,1062,0
05/04/2023,9100,401,3390,3545,0,2369,0
05/04/2023,9576,696,3234,3709,0,2991,0
05/04/2023,5593,439,1517,2909,0,2957,0
05/04/2023,6213,580,3453,2116,0,2550,0
05/04/2023,8809,469,1728,3934,0,1734,0
05/04/2023,8982,486,3341,3130,0,2720,0
05/04/2023,6556,605,2459,2280,0,1054,0
05/04/2023,9209,622,2044,2538,0,2996,0
05/04/2023,5051,696,2060,3536,0,2432,0
05/04/2023,6700,300,2070,3162,0,1693,0
05/04/2023,5904,308,2060,2997,0,1856,0
05/04/2023,8923,331,3147,3940,0,2672,0
05/04/2023,6284,344,1820,1026,0,2034,0
06/04/2023,5215,309,2090,2401,0,2202,0
06/04/2023,9765,387,3386,1503,0,2466,0
06/04/2023,5631,327,2171,2886,0,2380,0
06/04/2023,5349,555,3391,3660,0,2652,0
06/04/2023,9690,509,1181,2945,0,2988,0
06/04/2023,6685,368,1028,2921,0,2560,0
06/04/2023,9835,418,2843,3873,0,1007,0
06/04/2023,5404,356,1491,2023,0,2529,0
06/04/2023,8006,405,2996,3941,0,1598,0
06/04/2023,9380,666,1471,1291,0,1684,0
06/04/2023,5971,535,3936,1022,0,1029,0
06/04/2023,7806,444,2106,3865,0,1696,0
06/04/2023,9543,574,2744,2096,0,2666,0
06/04/2023,9303,378,2753,3923,0,1251,0
07/04/2023,5703,446,1902,2806,0,1061,0
07/04/2023,6254,562,3794,2577,0,1082,0
07/04/2023,6479,551,2149,1231,0,1892,0
07/04/2023,6718,488,2334,1960,0,2921,0
07/04/2023,5045,470,3802,1936,0,1473,0
07/04/2023,9196,672,1074,1351,0,2424,0
07/04/2023,8400,364,1505,3819,0,1401,0
07/04/2023,9140,656,2306,1993,0,1901,0
07/04/2023,6045,636,1751,1281,0,1137,0
07/04/2023,8712,419,3496,3357,0,2096,0
07/04/2023,8162,512,1491,3289,0,2901,0
07/04/2023,6551,652,3561,1390,0,2699,0
07/04/2023,7195,395,3794,1393,0,1613,0
08/04/2023,7609,523,1004,1510,0,2287,0
08/04/2023,7672,670,2698,2914,0,2084,0
08/04/2023,8288,589,3032,3708,0,1200,0
08/04/2023,9966,429,2563,3303,0,2293,0
08/04/2023,6306,546,3093,1622,0,2275,0
08/04/2023,7098,590,2841,2113,0,1654,0
08/04/2023,9832,638,3523,1549,0,2264,0
08/04/2023,9783,428,3828,1404,0,2726,0
08/04/2023,5898,308,3237,3265,0,2282,0
08/04/2023,6037,535,1524,3424,0,2905,0
08/04/2023,6727,504,1282,1232,0,2560,0
08/04/2023,6539,423,2893,3833,0,1047,0
08/04/2023,5560,398,2012,1565,0,2487,0
08/04/2023,7421,561,3576,2310,0,1279,0
09/04/2023,7031,575,2650,2434,0,2460,0
09/04/2023,6112,445,2960,1171,0,1492,0
09/04/2023,8464,639,3733,2523,0,2048,0
09/04/2023,8969,318,2988,2137,0,2465,0
09/04/2023,9101,510,1478,1218,0,1982,0
09/04/2023,7860,406,3378,3019,0,1227,0
09/04/2023,6016,351,1737,3876,0,2563,0
09/04/2023,9291,312,1627,2444,0,1137,0
09/04/2023,5226,657,2827,2404,0,2429,0
09/04/2023,9321,431,2640,3072,0,2085,0
09/04/2023,6403,609,1842,2801,0,2848,0
09/04/2023,9036,411,1140,3547,0,1329,0
09/04/2023,6612,626,1021,3721,0,2805,0
10/04/2023,9568,579,3355,1162,0,1197,0
10/04/2023,6601,346,1067,3113,0,1657,0
10/04/2023,8436,311,2568,1188,0,1629,0
10/04/2023,9189,308,3945,3946,0,2907,0
10/04/2023,5899,563,3581,1318,0,1560,0
10/04/2023,5669,569,3315,3089,0,2639,0
10/04/2023,5058,439,2793,1174,0,1407,0
10/04/2023,8440,555,3147,3537,0,1003,0
10/04/2023,8935,335,1885,2823,0,1571,0
10/04/2023,5778,528,3011,3420,0,2163,0
10/04/2023,7394,609,2985,3904,0,2674,0
10/04/2023,9882,628,2466,2085,0,2595,0
10/04/2023,9676,365,2449,3551,0,2299,0
10/04/2023,7041,329,2509,2547,0,2661,0
11/04/2023,8184,643,3256,2253,0,1224,0
11/04/2023,6894,306,2657,1085,0,2177,0
11/04/2023,7082,450,3284,1404,0,1859,0
11/04/2023,8612,379,1169,2017,0,1069,0
11/04/2023,5320,356,3961,2776,0,2400,0
11/04/2023,7327,344,1643,1642,0,2470,0
11/04/2023,9914,475,1402,2479,0,2556,0
11/04/2023,6294,608,1184,1872,0,2852,0
11/04/2023,7576,418,2115,3268,0,1012,0
11/04/2023,7736,328,2862,3650,0,2505,0
11/04/2023,9692,609,3274,3915,0,2104,0
11/04/2023,6015,685,1391,1912,0,1682,0
11/04/2023,5459,538,2117,3086,0,2481,0
11/04/2023,8372,604,1459,3694,0,1636,0
12/04/2023,5481,490,1704,2728,0,2099,0
12/04/2023,9780,650,2764,3919,0,2274,0
12/04/2023,5492,588,2609,3169,0,1604,0
12/04/2023,9470,572,3977,3626,0,1338,0
12/04/2023,7404,626,1136,1382,0,2820,0
12/04/2023,6685,401,2688,1354,0,1170,0
12/04/2023,8267,560,1367,2982,0,3000,0
12/04/2023,8662,439,2808,3727,0,1847,0
12/04/2023,6026,357,3268,3157,0,1648,0
12/04/2023,8492,355,1327,1540,0,1910,0
12/04/2023,9219,414,1191,3820,0,2042,0
12/04/2023,5610,562,1468,1313,0,2105,0
12/04/2023,9808,644,3273,3599,0,2592,0
12/04/2023,7161,522,2634,1649,0,2357,0
13/04/2023,7943,417,1115,2992,0,2238,0
13/04/2023,5744,374,2132,3488,0,2576,0
13/04/2023,7608,317,3379,2141,0,2554,0
13/04/2023,5372,386,1325,2155,0,2316,0
13/04/2023,6245,615,1380,3633,0,2320,0
13/04/2023,6412,530,3910,1539,0,1062,0
13/04/2023,9085,389,1277,1518,0,1744,0
13/04/2023,9327,433,3889,1272,0,1612,0
13/04/2023,7311,590,3383,3075,0,1396,0
13/04/2023,8681,620,3570,1977,0,1589,0
13/04/2023,7235,514,1865,3995,0,2062,0
13/04/2023,5364,574,3801,2192,0,1827,0
13/04/2023,6637,300,2154,3495,0,2178,0
13/04/2023,7274,652,2964,1040,0,2252,0
14/04/2023,8266,590,2846,3587,0,1798,0
14/04/2023,8214,620,1376,2302,0,2292,0
14/04/2023,7685,618,3584,2427,0,1720,0
14/04/2023,8319,496,1413,2526,0,2195,0
14/04/2023,8517,465,2718,1409,0,1554,0
14/04/2023,5702,485,3588,3080,0,2653,0
14/04/2023,9913,495,2261,1686,0,2076,0
14/04/2023,8260,510,1008,1836,0,2539,0
14/04/2023,6461,526,1208,3985,0,1864,0
14/04/2023,7136,587,3568,2453,0,1502,0
14/04/2023,6906,368,3663,2006,0,1556,0
14/04/2023,8082,426,2924,1412,0,2908,0
14/04/2023,9623,460,2702,2845,0,2195,0
14/04/2023,9781,489,3853,3964,0,2815,0
15/04/2023,8610,334,1340,1873,0,1003,0
15/04/2023,7203,414,2863,1401,0,2834,0
15/04/2023,6000,695,2195,1073,0,2396,0
15/04/2023,6663,514,1761,3110,0,1710,0
15/04/2023,6120,510,3675,3771,0,1066,0
15/04/2023,6616,581,2789,3239,0,1287,0
15/04/2023,8546,537,1667,2066,0,1659,0
15/04/2023,8161,642,1099,2768,0,2662,0
15/04/2023,6915,617,3970,3381,0,1672,0
15/04/2023,6133,625,2750,3296,0,2883,0
15/04/2023,9119,685,3408,1398,0,1459,0
15/04/2023,7143,675,2123,2837,0,1490,0
15/04/2023,9256,420,3920,3318,0,1083,0
15/04/2023,7747,307,3548,2571,0,2922,0
16/04/2023,9596,663,3364,3521,0,2064,0
16/04/2023,9637,629,2588,1637,0,2499,0
16/04/2023,7018,591,2955,3022,0,2354,0
16/04/2023,8292,411,2478,2402,0,1687,0
16/04/2023,6110,556,1871,3633,0,2592,0
16/04/2023,9634,490,1882,3895,0,1198,0
16/04/2023,8902,517,3785,3059,0,1495,0
16/04/2023,7191,312,2799,3881,0,2711,0
16/04/2023,9634,376,1169,1288,0,2185,0
16/04/2023,5171,358,1286,2150,0,1377,0
16/04/2023,6508,350,2521,3989,0,1879,0
16/04/2023,5817,401,1556,3959,0,1599,0
16/04/2023,7470,521,3411,2188,0,2901,0
17/04/2023,6857,337,1691,2034,0,2692,0
17/04/2023,5178,676,3793,2215,0,1472,0
17/04/2023,5838,420,1801,1598,0,1755,0
17/04/2023,8328,449,1913,2941,0,2102,0
17/04/2023,8975,691,1597,2559,0,2335,0
17/04/2023,9153,341,2211,2876,0,1321,0
17/04/2023,5606,520,2226,1821,0,1578,0
17/04/2023,7861,349,3988,1232,0,1974,0
17/04/2023,7362,506,2991,3343,0,2085,0
17/04/2023,8835,464,2371,2940,0,1347,0
17/04/2023,7199,553,2207,1538,0,2365,0
17/04/2023,9657,619,2144,2673,0,2818,0
17/04/2023,8110,404,2801,1842,0,2192,0
17/04/2023,7339,635,2777,2634,0,1832,0
18/04/2023,8785,480,3496,3463,0,1556,0
18/04/2023,8440,559,1266,1255,0,2540,0
18/04/2023,7562,355,3647,3695,0,2196,0
18/04/2023,5611,634,3090,1802,0,1513,0
18/04/2023,8194,305,3015,3095,0,1896,0
18/04/2023,8820,508,1448,1493,0,1123,0
18/04/2023,8610,565,2228,2749,0,2464,0
18/04/2023,6314,555,2997,1423,0,1739,0
18/04/2023,9402,391,2197,2370,0,2303,0
18/04/2023,9857,677,1196,1396,0,1177,0
18/04/2023,6878,443,2142,1832,0,2011,0
18/04/2023,9119,639,2118,2015,0,2856,0
18/04/2023,7693,372,1815,3670,0,2585,0
18/04/2023,6462,500,1106,1876,0,2210,0
19/04/2023,9277,689,1858,1337,0,1549,0
19/04/2023,8146,519,1315,3401,0,2609,0
19/04/2023,8453,418,2132,1866,0,1539,0
19/04/2023,8765,329,3137,2634,0,2745,0
19/04/2023,6102,493,3349,2472,0,1840,0
19/04/2023,5745,507,3605,3328,0,2583,0
19/04/2023,5531,660,1333,3134,0,2567,0
19/04/2023,6551,598,2970,1924,0,2142,0
19/04/2023,5412,410,3418,3614,0,1026,0
19/04/2023,5092,381,2599,3424,0,1603,0
19/04/2023,8337,492,3186,1119,0,2716,0
19/04/2023,9292,368,2461,3768,0,1570,0
19/04/2023,6986,650,3556,1543,0,1511,0
19/04/2023,9811,390,2483,1750,0,1129,0
20/04/2023,7841,327,2806,2881,0,1513,0
20/04/2023,8175,585,2386,3340,0,1251,0
20/04/2023,7563,613,3091,3204,0,2792,0
20/04/2023,8390,658,1946,1819,0,2223,0
20/04/2023,9565,396,2496,2384,0,1543,0
20/04/2023,8209,502,1513,1958,0,1578,0
20/04/2023,7857,645,2453,1659,0,2896,0
20/04/2023,7905,398,3578,1475,0,2025,0
20/04/2023,8935,396,2624,2812,0,1827,0
20/04/2023,9891,661,1841,2946,0,1171,0
20/04/2023,7592,684,3798,3188,0,2681,0
20/04/2023,5611,695,3309,1214,0,1822,0
20/04/2023,8719,333,1667,2078,0,2743,0
20/04/2023,7806,524,3238,3436,0,1032,0
21/04/2023,8998,391,2923,1737,0,2077,0
21/04/2023,6382,629,2249,3758,0,1053,0
21/04/2023,6483,685,3939,2990,0,1861,0
21/04/2023,5714,340,2490,3828,0,1803,0
21/04/2023,8322,535,3349,2060,0,2834,0
21/04/2023,6121,655,2269,1245,0,2365,0
21/04/2023,8149,627,1435,3072,0,2698,0
21/04/2023,7748,697,2127,3771,0,2391,0
21/04/2023,8381,364,1067,3967,0,2279,0
21/04/2023,9358,563,1737,1203,0,2457,0
21/04/2023,6256,367,2248,3025,0,1820,0
21/04/2023,9140,360,1254,3353,0,1711,0
21/04/2023,5435,318,2078,2626,0,1846,0
21/04/2023,9108,582,2077,1633,0,2760,0
22/04/2023,8850,374,2391,1942,0,2293,0
22/04/2023,6620,302,3439,2622,0,2169,0
22/04/2023,9770,414,3227,1741,0,2050,0
22/04/2023,5481,313,3392,2612,0,2412,0
22/04/2023,8965,423,3258,2175,0,2687,0
22/04/2023,5462,356,3282,3468,0,2435,0
22/04/2023,7407,581,1929,2039,0,2309,0
22/04/2023,9925,543,2758,2875,0,2167,0
22/04/2023,5424,433,3728,2678,0,2535,0
22/04/2023,8475,562,1828,2004,0,2155,0
22/04/2023,7420,511,2740,2540,0,1500,0
22/04/2023,5732,551,2900,2158,0,2564,0
22/04/2023,9706,622,2569,1060,0,1168,0
22/04/2023,9003,507,3796,1252,0,1651,0
23/04/2023,5452,636,2136,3319,0,1759,0
23/04/2023,6164,399,3588,2265,0,2096,0
23/04/2023,7342,622,2720,2020,0,2286,0
23/04/2023,8994,490,2744,1968,0,2771,0
23/04/2023,5823,336,2699,2315,0,2501,0
23/04/2023,5549,307,2312,3218,0,1831,0
23/04/2023,8344,612,2281,3192,0,2164,0
23/04/2023,8576,340,3609,1491,0,1954,0
23/04/2023,8821,465,1608,2672,0,2737,0
23/04/2023,8415,681,2182,2966,0,1990,0
23/04/2023,5855,373,1154,1836,0,1067,0
23/04/2023,5999,479,1075,3253,0,2049,0
23/04/2023,8388,357,2772,1759,0,1782,0
24/04/2023,5110,548,1970,3925,0,1688,0
24/04/2023,7341,442,1730,1050,0,1577,0
24/04/2023,9263,526,3556,3582,0,1225,0
24/04/2023,7251,375,1688,3033,0,1571,0
24/04/2023,5233,433,3703,2239,0,2862,0
24/04/2023,9137,396,3710,1144,0,1942,0
24/04/2023,5177,570,1458,1907,0,1625,0
24/04/2023,9157,374,1633,3615,0,1763,0
24/04/2023,6141,464,3586,3647,0,1544,0
24/04/2023,5736,633,1240,1776,0,2101,0
24/04/2023,8218,308,3316,3321,0,2965,0
24/04/2023,8172,628,3118,1961,0,1017,0
24/04/2023,5281,676,3131,3298,0,1728,0
24/04/2023,7934,384,1401,1539,0,2913,0
25/04/2023,5950,655,1257,3881,0,2655,0
25/04/2023,8618,359,2885,2559,0,2171,0
25/04/2023,5375,336,1501,1016,0,1765,0
25/04/2023,8475,323,2674,2775,0,1616,0
25/04/2023,6829,464,1123,2315,0,1847,0
25/04/2023,9435,368,1178,1302,0,1621,0
25/04/2023,6772,563,1812,2556,0,2604,0
25/04/2023,7761,584,2859,2321,0,1923,0
25/04/2023,8128,656,1494,2564,0,1606,0
25/04/2023,6637,512,2370,2788,0,1839,0
25/04/2023,9833,482,1175,3603,0,1999,0
25/04/2023,9087,677,1057,3763,0,2550,0
25/04/2023,7333,444,3040,2151,0,2204,0
25/04/2023,9537,362,1300,3360,0,2739,0
26/04/2023,8134,581,3828,2536,0,2351,0
26/04/2023,9059,643,2086,2819,0,1355,0
26/04/2023,6259,653,2972,1388,0,2992,0
26/04/2023,9538,511,1575,2496,0,1855,0
26/04/2023,7625,339,3969,1441,0,1904,0
26/04/2023,9910,529,1395,1852,0,2869,0
26/04/2023,7376,313,3455,2249,0,1078,0
26/04/2023,7997,364,1516,3580,0,2549,0
26/04/2023,9770,436,1304,2711,0,1942,0
26/04/2023,8561,454,1299,3240,0,1206,0
26/04/2023,9886,360,2987,3743,0,2451,0
26/04/2023,9989,557,3184,2094,0,2270,0
26/04/2023,9070,461,3101,3446,0,2146,0
26/04/2023,8282,411,1910,3403,0,2412,0
27/04/2023,6781,529,2828,2570,0,2398,0
27/04/2023,9415,457,3055,2356,0,1674,0
27/04/2023,9762,516,1146,1546,0,1163,0
27/04/2023,7919,486,2915,3894,0,2586,0
27/04/2023,7898,425,1488,3765,0,1759,0
27/04/2023,7227,566,3238,3568,0,2581,0
27/04/2023,9960,390,2212,1769,0,1543,0
27/04/2023,5521,495,1922,1757,0,1129,0
27/04/2023,5564,436,2832,2174,0,1032,0
27/04/2023,7399,341,1101,3549,0,2960,0
27/04/2023,9241,574,3666,3615,0,1678,0
27/04/2023,6682,483,3784,1605,0,1429,0
27/04/2023,9543,619,1608,2836,0,1578,0
27/04/2023,5999,385,3191,2197,0,1211,0
28/04/2023,7918,322,1174,2133,0,2174,0
28/04/2023,6092,668,2535,3522,0,2332,0
28/04/2023,8701,581,3587,2749,0,2970,0
28/04/2023,9800,368,2245,1271,0,1400,0
28/04/2023,8850,560,1731,1376,0,2480,0
28/04/2023,7539,506,3255,2469,0,1432,0
28/04/2023,7657,512,3796,3654,0,2634,0
28/04/2023,6046,419,1761,1613,0,1304,0
28/04/2023,6072,442,3762,1535,0,2233,0
28/04/2023,7062,472,1473,3131,0,1166,0
28/04/2023,9492,481,1331,1048,0,1193,0
28/04/2023,5706,605,3475,1316,0,2771,0
28/04/2023,9965,604,1778,2268,0,1278,0
28/04/2023,7318,443,2438,1332,0,1428,0
29/04/2023,5050,476,2175,3214,0,1830,0
29/04/2023,9817,652,1528,3278,0,1430,0
29/04/2023,5942,561,1632,2801,0,1101,0
29/04/2023,8041,350,1522,3446,0,2730,0
29/04/2023,8788,532,3559,3565,0,2929,0
29/04/2023,5513,397,1691,1954,0,2327,0
29/04/2023,6942,485,2027,3456,0,1206,0
29/04/2023,7207,552,1525,2086,0,1045,0
29/04/2023,8993,451,3982,2463,0,1681,0
29/04/2023,9362,308,2348,2422,0,1783,0
29/04/2023,9373,694,1388,2776,0,1155,0
29/04/2023,9100,347,3655,2001,0,1863,0
29/04/2023,7822,304,3321,1664,0,1926,0
29/04/2023,8664,331,1461,1656,0,2519,0
30/04/2023,9998,447,2826,3907,0,2300,0
30/04/2023,7900,423,3625,1959,0,2013,0
30/04/2023,6619,400,3491,1540,0,1327,0
30/04/2023,5539,581,2172,1267,0,1035,0
30/04/2023,6396,371,2584,2795,0,2140,0
30/04/2023,7259,609,2897,3493,0,2719,0
30/04/2023,6514,405,3354,1567,0,1409,0
30/04/2023,8170,437,1546,2060,0,2553,0
30/04/2023,9661,385,3877,2739,0,1915,0
30/04/2023,7039,390,3464,2436,0,1736,0
30/04/2023,7405,561,3971,2611,0,2483,0
30/04/2023,9210,659,3431,3526,0,2481,0
30/04/2023,8567,585,2833,2400,0,2801,0
01/05/2023,8965,604,2133,3482,0,2511,0
01/05/2023,9515,632,1743,3029,0,2061,0
01/05/2023,7228,585,3920,3444,0,2826,0
01/05/2023,7599,451,1867,1135,0,2634,0
01/05/2023,7925,663,2618,3041,0,1001,0
01/05/2023,7646,690,1224,3723,0,2490,0
01/05/2023,6205,591,3492,2331,0,1467,0
01/05/2023,6803,440,2123,2279,0,1076,0
01/05/2023,6125,696,2173,2734,0,2863,0
01/05/2023,9529,351,2662,3197,0,1089,0
01/05/2023,6375,303,1034,2586,0,1479,0
01/05/2023,5762,451,2461,1217,0,1890,0
01/05/2023,7891,471,3419,1743,0,2344,0
01/05/2023,8202,470,3377,2910,0,2369,0
02/05/2023,7429,470,3996,2231,0,2928,0
02/05/2023,9314,318,2652,2062,0,1564,0
02/05/2023,8562,624,2441,2007,0,1565,0
02/05/2023,7277,350,3143,3676,0,2312,0
02/05/2023,6891,574,2682,1356,0,2700,0
02/05/2023,5948,585,3853,3942,0,1050,0
02/05/2023,6740,353,2260,1758,0,2634,0
02/05/2023,8941,331,1066,3272,0,1257,0
02/05/2023,5349,508,3979,2032,0,2042,0
02/05/2023,5092,658,2749,3400,0,1726,0
02/05/2023,5941,575,2515,3034,0,2888,0
02/05/2023,5797,345,3288,2758,0,1682,0
02/05/2023,9879,487,3823,3164,0,2970,0
02/05/2023,9771,349,1134,1870,0,1501,0
03/05/2023,5429,454,3081,2213,0,1841,0
03/05/2023,6328,589,1343,3145,0,1283,0
03/05/2023,7826,489,3953,1221,0,1710,0
03/05/2023,9080,507,3532,1791,0,2726,0
03/05/2023,6929,620,1373,1414,0,2026,0
03/05/2023,9943,498,1641,1211,0,2085,0
03/05/2023,5263,338,3213,2699,0,2757,0
03/05/2023,6472,520,3122,3439,0,2665,0
03/05/2023,5152,584,1919,3012,0,1637,0
03/05/2023,8994,495,2751,2767,0,2272,0
03/05/2023,9378,314,2057,3556,0,2016,0
03/05/2023,9121,472,1249,2363,0,2308,0
03/05/2023,8283,582,2773,2646,0,2143,0
03/05/2023,8388,378,2939,1511,0,1184,0
04/05/2023,8621,402,1920,3828,0,2309,0
04/05/2023,9056,471,3031,1002,0,2759,0
04/05/2023,5815,580,2845,1879,0,2293,0
04/05/2023,9716,576,3512,2601,0,1182,0
04/05/2023,5964,598,1473,2241,0,2552,0
04/05/2023,7546,354,1109,2008,0,2000,0
04/05/2023,6914,452,1569,2997,0,1092,0
04/05/2023,8544,429,3478,2284,0,1557,0
04/05/2023,9908,371,2796,1006,0,2999,0
04/05/2023,5676,322,3929,2854,0,1018,0
04/05/2023,9996,699,3163,2447,0,1614,0
04/05/2023,7770,616,3919,1162,0,1937,0
04/05/2023,7186,565,3931,1310,0,1894,0
04/05/2023,5785,495,1913,3415,0,2302,0
05/05/2023,8224,469,2510,2885,0,2959,0
05/05/2023,7810,576,3050,2209,0,1028,0
05/05/2023,8120,537,3162,1624,0,2471,0
05/05/2023,9250,530,2628,2044,0,2217,0
05/05/2023,7670,578,1618,1478,0,2876,0
05/05/2023,7966,305,1982,1015,0,1898,0
05/05/2023,9451,583,3027,1027,0,1946,0
05/05/2023,7953,477,1997,3778,0,1084,0
05/05/2023,9064,438,2300,2449,0,2631,0
05/05/2023,7550,535,1477,2334,0,2771,0
05/05/2023,7477,503,3111,2937,0,1381,0
05/05/2023,5065,398,3588,2968,0,1659,0
05/05/2023,6416,390,3787,1684,0,1966,0
05/05/2023,9066,317,1509,3179,0,2138,0
06/05/2023,7486,546,1269,3531,0,2633,0
06/05/2023,5790,377,2846,1363,0,1764,0
06/05/2023,8821,324,1758,3808,0,1116,0
06/05/2023,9871,645,1611,2285,0,2108,0
06/05/2023,7622,583,2529,2834,0,1677,0
06/05/2023,5822,481,1996,1426,0,1975,0
06/05/2023,5925,556,1208,1804,0,2790,0
06/05/2023,8945,380,3134,2436,0,2647,0
06/05/2023,9343,594,3023,3095,0,1271,0
06/05/2023,5929,345,1253,1074,0,1167,0
06/05/2023,8472,485,1325,3172,0,2926,0
06/05/2023,7676,316,2840,3658,0,1161,0
06/05/2023,5379,363,2920,1924,0,2664,0
06/05/2023,8412,638,1405,2067,0,1081,0
07/05/2023,5131,421,1030,3313,0,1052,0
07/05/2023,5368,678,3839,3797,0,2941,0
07/05/2023,7151,336,3199,1545,0,2998,0
07/05/2023,5245,563,2575,1537,0,2558,0
07/05/2023,6401,369,3687,2561,0,2062,0
07/05/2023,6516,409,2295,3367,0,1312,0
07/05/2023,9785,498,2859,2813,0,1194,0
07/05/2023,6549,319,1228,1495,0,2759,0
07/05/2023,7465,669,2329,1368,0,2781,0
07/05/2023,7226,566,1643,3017,0,2457,0
07/05/2023,9118,660,2524,2971,0,1128,0
07/05/2023,8548,476,2862,2508,0,2553,0
07/05/2023,8001,406,1344,1961,0,2878,0
08/05/2023,9000,301,2320,2986,0,2864,0
08/05/2023,6600,684,2332,1512,0,1580,0
08/05/2023,5949,689,2937,1942,0,2304,0
08/05/2023,8636,630,2727,1625,0,1625,0
08/05/2023,6755,658,3874,3765,0,2926,0
08/05/2023,6310,429,2097,1491,0,2664,0
08/05/2023,9149,615,3046,1340,0,2634,0
08/05/2023,5119,636,1466,3157,0,2804,0
08/05/2023,7808,603,2853,1862,0,1539,0
08/05/2023,7287,479,1991,3819,0,2750,0
08/05/2023,7873,684,3895,3565,0,1738,0
08/05/2023,9560,539,2399,3997,0,1828,0
08/05/2023,6281,537,3950,3830,0,2638,0
09/05/2023,5523,375,3109,3913,0,1883,0
09/05/2023,8050,317,2743,3775,0,2964,0
09/05/2023,8867,503,1226,2308,0,2217,0
09/05/2023,7833,382,3565,1291,0,1179,0
09/05/2023,6148,618,3456,1183,0,1414,0
09/05/2023,7802,474,3970,1698,0,2551,0
09/05/2023,5609,347,2642,2730,0,2006,0
09/05/2023,5224,647,3491,1287,0,1855,0
09/05/2023,8353,588,1639,1927,0,2980,0
09/05/2023,7163,483,2955,3746,0,2118,0
09/05/2023,8827,347,2472,1082,0,2408,0
09/05/2023,5493,552,3938,1314,0,1154,0
09/05/2023,5653,328,1891,1244,0,1253,0
09/05/2023,9683,372,3869,1760,0,2969,0
09/05/2023,5650,582,3096,1448,0,1335,0
10/05/2023,8849,440,3841,2768,0,2838,0
10/05/2023,7683,341,1341,3899,0,2602,0
10/05/2023,6235,403,2469,1179,0,1692,0
10/05/2023,7680,319,3817,2149,0,2939,0
10/05/2023,5486,619,3047,1671,0,1410,0
10/05/2023,5736,612,3984,2469,0,2943,0
10/05/2023,7535,487,2510,1980,0,1616,0
10/05/2023,8398,502,2289,1157,0,1717,0
10/05/2023,8266,454,3901,2480,0,2852,0
10/05/2023,5146,531,1150,3189,0,1442,0
10/05/2023,7214,471,1963,1435,0,2253,0
10/05/2023,5513,623,2707,3421,0,2168,0
10/05/2023,5635,631,3336,2224,0,1342,0
10/05/2023,9392,474,2711,2040,0,2762,0
10/05/2023,7149,667,1259,2735,0,1306,0
11/05/2023,8488,349,1156,2682,0,2711,0
11/05/2023,5338,398,3966,3817,0,2472,0
11/05/2023,9955,460,3997,3105,0,1392,0
11/05/2023,8237,516,2548,2711,0,2326,0
11/05/2023,6528,346,3284,3267,0,2037,0
11/05/2023,6845,448,1389,3306,0,2128,0
11/05/2023,6629,381,3395,3710,0,2061,0
11/05/2023,5478,498,3176,2749,0,1071,0
11/05/2023,7667,320,1807,3429,0,1274,0
11/05/2023,9452,354,3781,2298,0,1127,0
11/05/2023,7032,691,3750,3042,0,2177,0
11/05/2023,7922,359,2736,1796,0,2451,0
11/05/2023,5857,325,1063,1330,0,2062,0
11/05/2023,8544,432,1826,1002,0,2990,0
11/05/2023,6599,601,1639,2586,0,1580,0
12/05/2023,9115,484,3865,2248,0,2894,0
12/05/2023,9292,474,1131,3834,0,1443,0
12/05/2023,9975,581,1646,1553,0,2417,0
12/05/2023,6979,469,2539,2976,0,2686,0
12/05/2023,9325,656,1922,2867,0,2820,0
12/05/2023,7172,412,2108,2165,0,2922,0
12/05/2023,8726,539,1813,2144,0,2227,0
12/05/2023,9981,613,1349,2300,0,2647,0
12/05/2023,9823,551,1282,1962,0,1920,0
12/05/2023,5424,534,2974,1389,0,2231,0
12/05/2023,5653,482,1037,1603,0,2166,0
12/05/2023,6561,338,1566,2592,0,1577,0
12/05/2023,8667,434,2029,2578,0,1994,0
12/05/2023,9631,424,1219,3177,0,2443,0
12/05/2023,5389,563,2726,3591,0,1191,0
13/05/2023,6432,623,1448,3867,0,1401,0
13/05/2023,7150,382,2011,3450,0,1391,0
13/05/2023,7087,538,3989,2238,0,2420,0
13/05/2023,5848,350,3901,1828,0,1022,0
13/05/2023,9792,348,1801,2779,0,1246,0
13/05/2023,8332,654,2376,2216,0,1287,0
13/05/2023,7190,515,3313,1881,0,1521,0
13/05/2023,7426,480,1663,3449,0,2058,0
13/05/2023,6886,451,3395,2261,0,1904,0
13/05/2023,7194,690,3639,1672,0,2451,0
13/05/2023,5735,372,1110,3548,0,2905,0
13/05/2023,6961,506,2203,1208,0,2546,0
13/05/2023,6974,388,3739,1112,0,2269,0
13/05/2023,9529,578,1633,1523,0,2997,0
13/05/2023,7732,550,3935,1277,0,1317,0
14/05/2023,8240,393,1493,2465,0,1220,0
14/05/2023,6102,463,3090,1766,0,2332,0
14/05/2023,5232,530,2194,3134,0,2239,0
14/05/2023,9399,609,1023,3172,0,1188,0
14/05/2023,5318,401,1879,1390,0,2067,0
14/05/2023,8956,471,3240,2798,0,2168,0
14/05/2023,6065,652,2028,3541,0,1068,0
14/05/2023,7551,519,2550,2481,0,1516,0
14/05/2023,7728,330,1345,1692,0,1048,0
14/05/2023,8463,375,3494,3975,0,1705,0
14/05/2023,7744,449,1805,3936,0,2205,0
14/05/2023,8750,405,3824,3066,0,2867,0
14/05/2023,9328,415,2896,1959,0,2659,0
15/05/2023,5623,329,3912,3119,0,2879,0
15/05/2023,9208,374,1933,3816,0,1309,0
15/05/2023,7766,676,3921,1528,0,1288,0
15/05/2023,6785,680,3434,1734,0,2750,0
15/05/2023,5477,526,3481,2910,0,2266,0
15/05/2023,9051,503,2259,1665,0,2558,0
15/05/2023,7930,392,2041,2180,0,1075,0
15/05/2023,5377,449,2074,1521,0,1114,0
15/05/2023,6106,680,3543,2207,0,1280,0
15/05/2023,5974,499,2572,1905,0,2999,0
15/05/2023,5089,667,2925,3233,0,1428,0
15/05/2023,5165,680,1728,3093,0,2754,0
15/05/2023,7864,415,2207,3010,0,1161,0
15/05/2023,8657,320,3191,3241,0,1878,0
15/05/2023,8770,311,1874,1417,0,1442,0
16/05/2023,6089,584,3292,3894,0,2898,0
16/05/2023,5570,674,1629,1746,0,2647,0
16/05/2023,5385,657,2617,1962,0,1083,0
16/05/2023,8813,517,3718,2314,0,2271,0
16/05/2023,7958,592,2944,3550,0,1799,0
16/05/2023,6840,544,3865,2982,0,1039,0
16/05/2023,7181,654,3410,3465,0,1594,0
16/05/2023,5315,338,3384,2201,0,2137,0
16/05/2023,9999,338,3915,3609,0,2236,0
16/05/2023,7638,540,2958,3952,0,2849,0
16/05/2023,9010,559,1350,1107,0,1393,0
16/05/2023,9553,608,3938,3018,0,2032,0
16/05/2023,6086,684,1031,3953,0,1177,0
16/05/2023,9493,492,1258,3008,0,1697,0
16/05/2023,6262,496,3347,1153,0,2096,0
17/05/2023,9943,688,1973,1015,0,2369,0
17/05/2023,9203,366,3276,1504,0,2464,0
17/05/2023,6978,368,1598,1735,0,2375,0
17/05/2023,6138,421,3687,3907,0,1270,0
17/05/2023,9585,393,1889,1138,0,1921,0
17/05/2023,5621,494,1657,3008,0,1737,0
17/05/2023,8155,428,3266,2445,0,1795,0
17/05/2023,9005,567,3530,2369,0,2257,0
17/05/2023,9834,686,2716,1574,0,1870,0
17/05/2023,9322,325,1292,3995,0,1753,0
17/05/2023,8042,470,2943,1452,0,1968,0
17/05/2023,6935,306,1596,1644,0,2307,0
17/05/2023,5330,615,3087,2522,0,1209,0
17/05/2023,9231,643,1618,1498,0,2741,0
17/05/2023,6835,484,1861,2274,0,2672,0
18/05/2023,6603,566,3416,3686,0,2128,0
18/05/2023,8126,395,3621,2167,0,2675,0
18/05/2023,8932,457,1179,2959,0,1297,0
18/05/2023,7431,389,2954,1826,0,1501,0
18/05/2023,9874,403,3062,1550,0,1568,0
18/05/2023,6218,619,2189,3937,0,2150,0
18/05/2023,8574,528,3589,1276,0,1252,0
18/05/2023,5290,438,1000,2717,0,2846,0
18/05/2023,6410,697,1477,1533,0,2905,0
18/05/2023,9125,526,1870,2971,0,1740,0
18/05/2023,7071,339,1009,1660,0,1141,0
18/05/2023,5766,581,3837,3485,0,1313,0
18/05/2023,5328,600,1841,1509,0,1120,0
18/05/2023,6174,648,1975,1481,0,1744,0
18/05/2023,9057,402,3885,2620,0,1623,0
19/05/2023,7581,492,2442,1981,0,2663,0
19/05/2023,7018,517,1486,3153,0,1345,0
19/05/2023,5740,616,3413,1294,0,2292,0
19/05/2023,5153,668,3876,1188,0,2962,0
19/05/2023,5900,361,3800,3711,0,2222,0
19/05/2023,9777,365,1021,3185,0,2252,0
19/05/2023,8705,576,1204,2687,0,2167,0
19/05/2023,6661,613,1590,1258,0,2965,0
19/05/2023,8681,315,1771,1246,0,1027,0
19/05/2023,8893,411,2618,3970,0,1278,0
19/05/2023,9632,329,2478,1216,0,2674,0
19/05/2023,5931,686,3324,2592,0,2455,0
19/05/2023,6936,395,1167,3355,0,2458,0
19/05/2023,6798,698,1658,2182,0,1060,0
19/05/2023,6369,681,2049,3875,0,2263,0
20/05/2023,6854,597,3367,2090,0,1456,0
20/05/2023,7569,689,2740,1071,0,1533,0
20/05/2023,9045,572,1035,1273,0,2757,0
20/05/2023,5140,511,3479,1745,0,1871,0
20/05/2023,7693,444,2037,1456,0,1793,0
20/05/2023,7719,409,3869,3491,0,2298,0
20/05/2023,5623,435,2513,2677,0,2281,0
20/05/2023,8143,637,1233,1254,0,1959,0
20/05/2023,8738,308,2608,3066,0,2354,0
20/05/2023,9763,643,2023,2547,0,2494,0
20/05/2023,5786,432,3151,2788,0,2862,0
20/05/2023,8524,531,1397,3630,0,1111,0
20/05/2023,9821,470,2059,3987,0,1796,0
20/05/2023,8161,687,2555,3831,0,2947,0
20/05/2023,6176,533,1436,3766,0,2686,0
21/05/2023,7074,400,3490,3476,0,1919,0
21/05/2023,8965,348,1009,2504,0,2942,0
21/05/2023,7176,458,1527,3168,0,2946,0
21/05/2023,7079,483,1209,3199,0,2357,0
21/05/2023,5188,450,3764,1389,0,1928,0
21/05/2023,6997,463,2425,1445,0,1023,0
21/05/2023,6577,355,3946,2635,0,2438,0
21/05/2023,6744,624,3204,2403,0,1606,0
21/05/2023,9534,653,1157,3064,0,1145,0
21/05/2023,6109,423,2363,1592,0,1374,0
21/05/2023,9880,336,3156,2078,0,2742,0
21/05/2023,5136,409,3775,2189,0,2414,0
22/05/2023,9517,605,1575,1450,0,2314,0
22/05/2023,9256,630,1602,3254,0,1220,0
22/05/2023,8584,378,1045,1403,0,1115,0
22/05/2023,6326,700,1330,2118,0,1813,0
22/05/2023,7770,367,2620,1099,0,1464,0
22/05/2023,8801,495,1961,3734,0,1449,0
22/05/2023,8901,594,2640,2619,0,1119,0
22/05/2023,7343,447,3614,1958,0,2665,0
22/05/2023,5174,663,2498,2765,0,2383,0
22/05/2023,6643,620,2428,3697,0,2611,0
22/05/2023,8785,663,3818,3976,0,2116,0
22/05/2023,7320,611,2316,3536,0,1729,0
22/05/2023,8646,662,1159,3501,0,1904,0
22/05/2023,7637,677,3274,1260,0,2156,0
22/05/2023,6724,661,1528,3704,0,1973,0
23/05/2023,8305,353,3823,2651,0,1457,0
23/05/2023,8539,662,3202,1920,0,2393,0
23/05/2023,6938,424,3105,2906,0,2161,0
23/05/2023,7260,533,2357,3679,0,2364,0
23/05/2023,6149,547,3430,1511,0,1941,0
23/05/2023,9981,420,3151,2277,0,1265,0
23/05/2023,6588,340,3969,3674,0,1641,0
23/05/2023,8735,558,1021,2040,0,1463,0
23/05/2023,8900,332,1721,1687,0,1302,0
23/05/2023,9312,384,3516,2504,0,1416,0
23/05/2023,7190,576,2156,2092,0,1724,0
23/05/2023,7115,483,3750,3053,0,1646,0
23/05/2023,7366,684,2311,2897,0,2287,0
23/05/2023,7795,488,3509,1958,0,2087,0
23/05/2023,6823,671,3846,3729,0,1267,0
24/05/2023,8635,658,3491,3015,0,1675,0
24/05/2023,9565,497,1616,3362,0,2442,0
24/05/2023,9600,434,1205,2784,0,2234,0
24/05/2023,6996,435,2478,3218,0,1051,0
24/05/2023,7046,500,3659,3664,0,1596,0
24/05/2023,6114,486,2240,3727,0,1870,0
24/05/2023,8897,630,3540,1386,0,2957,0
24/05/2023,9274,567,1139,2387,0,2854,0
24/05/2023,7632,491,1717,3867,0,1517,0
24/05/2023,5983,682,2486,1463,0,2125,0
24/05/2023,9957,340,1276,2984,0,1204,0
24/05/2023,7054,566,1211,1277,0,2860,0
24/05/2023,8427,302,2979,1532,0,2531,0
24/05/2023,7715,365,1078,2846,0,1999,0
24/05/2023,9059,490,3014,1850,0,2378,0
25/05/2023,5760,649,1199,2939,0,2446,0
25/05/2023,6540,322,3023,3661,0,2255,0
25/05/2023,6304,397,1683,2453,0,1452,0
25/05/2023,7379,399,1075,1511,0,2550,0
25/05/2023,8706,340,3833,1292,0,1510,0
25/05/2023,6936,353,2592,3873,0,1548,0
25/05/2023,5446,605,3839,1575,0,2521,0
25/05/2023,6281,661,2744,1100,0,2618,0
25/05/2023,5432,345,2390,2146,0,2885,0
25/05/2023,7431,413,3859,3032,0,1878,0
25/05/2023,7571,615,1198,2457,0,1801,0
25/05/2023,8723,682,1170,3796,0,2885,0
25/05/2023,5124,511,3043,2780,0,1114,0
25/05/2023,8814,308,3732,2933,0,1800,0
25/05/2023,9008,695,2043,1803,0,1110,0
26/05/2023,5342,406,1129,2080,0,2680,0
26/05/2023,5316,599,2060,1695,0,1739,0
26/05/2023,8167,322,2966,2489,0,1222,0
26/05/2023,8142,316,3603,3871,0,1635,0
26/05/2023,6520,366,1975,2751,0,1343,0
26/05/2023,9845,418,3975,3557,0,2332,0
26/05/2023,5878,354,1518,1463,0,1605,0
26/05/2023,7947,693,3927,1300,0,2219,0
26/05/2023,6231,301,1744,3615,0,1513,0
26/05/2023,8500,456,1695,1024,0,2961,0
26/05/2023,8936,655,2583,1441,0,2160,0
26/05/2023,7113,637,2562,1340,0,2707,0
26/05/2023,6284,579,3220,2140,0,1375,0
26/05/2023,8000,532,3431,1852,0,2919,0
27/05/2023,5278,511,1622,2553,0,1238,0
27/05/2023,7304,496,1218,1588,0,1652,0
27/05/2023,5218,437,3256,3851,0,2432,0
27/05/2023,7145,452,3527,1318,0,1114,0
27/05/2023,8114,694,1195,2544,0,1581,0
27/05/2023,7621,537,2836,2249,0,2478,0
27/05/2023,8769,645,2705,3889,0,2652,0
27/05/2023,5838,502,1294,3623,0,1157,0
27/05/2023,7414,531,1969,1412,0,2257,0
27/05/2023,5432,353,3675,1609,0,1563,0
27/05/2023,7718,339,3194,1634,0,1157,0
27/05/2023,5967,416,2802,2099,0,2687,0
27/05/2023,9937,612,3788,2193,0,2300,0
28/05/2023,8548,639,3154,1960,0,1815,0
28/05/2023,8375,338,3945,3610,0,1296,0
28/05/2023,7328,343,2172,3637,0,2111,0
28/05/2023,9857,573,1940,1967,0,1079,0
28/05/2023,5292,653,1020,1354,0,2214,0
28/05/2023,8981,554,2325,3480,0,2497,0
28/05/2023,9383,418,3932,1938,0,2051,0
28/05/2023,6313,489,3863,3767,0,1781,0
28/05/2023,6736,361,1257,1088,0,2285,0
28/05/2023,9590,452,1556,2133,0,1515,0
28/05/2023,8722,543,2752,3787,0,2343,0
28/05/2023,7928,431,1996,2287,0,2311,0
28/05/2023,9320,585,2849,1242,0,1393,0
29/05/2023,7321,502,1932,3173,0,1572,0
29/05/2023,9508,596,1967,2601,0,2908,0
29/05/2023,7006,685,1887,1781,0,2385,0
29/05/2023,6830,335,1958,2057,0,2807,0
29/05/2023,6564,357,3094,2288,0,1123,0
29/05/2023,8308,484,2646,2236,0,2055,0
29/05/2023,5781,302,3165,1979,0,1057,0
29/05/2023,8239,386,2263,3962,0,1657,0
29/05/2023,8549,350,2453,3933,0,2682,0
29/05/2023,6254,665,3465,1813,0,1413,0
29/05/2023,7446,657,1815,2847,0,1626,0
29/05/2023,6127,326,3950,1956,0,2372,0
29/05/2023,8654,344,3286,1269,0,2743,0
29/05/2023,7760,334,2193,2031,0,1612,0
29/05/2023,9264,647,1786,1072,0,1509,0
30/05/2023,8062,388,1041,1965,0,1879,0
30/05/2023,9870,442,3050,1146,0,1944,0
30/05/2023,8936,388,2412,1799,0,2280,0
30/05/2023,7977,696,2256,1057,0,2841,0
30/05/2023,6806,312,3813,1294,0,1955,0
30/05/2023,5212,609,1604,2780,0,2831,0
30/05/2023,8054,512,3310,1318,0,1564,0
30/05/2023,8614,408,3777,2860,0,2545,0
30/05/2023,5016,638,2877,3628,0,2528,0
30/05/2023,9897,384,1495,3425,0,1576,0
30/05/2023,6278,643,1428,2406,0,1926,0
30/05/2023,5851,504,3588,1917,0,2229,0
30/05/2023,5825,333,3964,3667,0,2928,0
31/05/2023,7316,348,3463,2788,0,2802,0
31/05/2023,5622,611,3712,3866,0,2315,0
31/05/2023,5921,454,1183,1126,0,1829,0
31/05/2023,5029,622,3032,1072,0,1895,0
31/05/2023,9511,623,2498,3681,0,1922,0
31/05/2023,6695,599,2171,3283,0,2036,0
31/05/2023,5357,675,1433,1673,0,1384,0
31/05/2023,7532,674,2277,2722,0,1586,0
31/05/2023,5005,473,1641,3134,0,1839,0
31/05/2023,8324,628,3002,1229,0,1029,0
31/05/2023,5600,689,3758,2717,0,2346,0
31/05/2023,9736,365,1284,1017,0,2526,0
01/06/2023,7360,442,3916,2965,0,1387,0
01/06/2023,7487,405,3191,3751,0,1136,0
01/06/2023,8290,629,3970,1328,0,2076,0
01/06/2023,8228,555,3739,2854,0,1353,0
01/06/2023,9709,472,1809,2779,0,1200,0
01/06/2023,7797,314,2687,3261,0,2751,0
01/06/2023,6699,408,2682,1712,0,1899,0
01/06/2023,5323,588,3311,1139,0,2817,0
01/06/2023,6870,432,2765,3982,0,2628,0
01/06/2023,6418,642,2810,2881,0,2781,0
01/06/2023,6572,671,2188,2102,0,1480,0
01/06/2023,7026,360,1346,1107,0,1737,0
01/06/2023,9688,339,3264,2975,0,2082,0
01/06/2023,9748,366,1124,1485,0,2387,0
02/06/2023,5852,499,1923,3728,0,1178,0
02/06/2023,7840,499,1977,2216,0,1542,0
02/06/2023,5701,430,1691,3183,0,2774,0
02/06/2023,9815,332,1764,2114,0,1877,0
02/06/2023,8671,325,1915,2743,0,1376,0
02/06/2023,8496,307,1605,2097,0,2447,0
02/06/2023,7246,595,1881,3247,0,1404,0
02/06/2023,5868,638,1807,3321,0,1457,0
02/06/2023,6552,691,1867,1064,0,2809,0
02/06/2023,5942,404,3979,2425,0,1046,0
02/06/2023,9631,420,1887,1058,0,1241,0
02/06/2023,6237,650,2339,3644,0,1033,0
02/06/2023,7610,349,1860,2610,0,2308,0
02/06/2023,5341,544,2327,2962,0,2438,0
03/06/2023,8737,649,1901,3836,0,1672,0
03/06/2023,5642,569,1256,2383,0,2823,0
03/06/2023,9480,414,3879,1708,0,1328,0
03/06/2023,9511,374,3426,3123,0,2718,0
03/06/2023,6685,669,2551,3353,0,2497,0
03/06/2023,7266,383,3346,3016,0,1118,0
03/06/2023,7021,443,2823,2316,0,1033,0
03/06/2023,8687,369,2466,1924,0,2175,0
03/06/2023,7829,435,1410,3427,0,2008,0
03/06/2023,5826,355,2206,1255,0,2031,0
03/06/2023,7311,441,1608,2033,0,1514,0
03/06/2023,7008,392,3432,3265,0,1393,0
03/06/2023,7089,556,1405,3010,0,2563,0
03/06/2023,7410,494,2187,3560,0,1321,0
03/06/2023,6337,695,1819,3595,0,1605,0
04/06/2023,7348,386,2746,1879,0,1160,0
04/06/2023,8421,335,3763,1433,0,2597,0
04/06/2023,7058,519,3309,1959,0,2464,0
04/06/2023,5884,353,1972,2541,0,2186,0
04/06/2023,5704,534,1792,2341,0,1308,0
04/06/2023,7938,700,2837,2127,0,2318,0
04/06/2023,9586,664,3663,1747,0,2112,0
04/06/2023,7736,624,3834,3732,0,2298,0
04/06/2023,9392,406,1627,1207,0,1073,0
04/06/2023,6881,400,3901,1971,0,2319,0
04/06/2023,5144,642,3257,3834,0,2207,0
04/06/2023,9809,609,1560,2387,0,2459,0
04/06/2023,9001,512,1827,2757,0,1948,0
05/06/2023,9612,686,1126,3339,0,1889,0
05/06/2023,8428,393,1217,2802,0,1681,0
05/06/2023,9304,493,2236,3912,0,2926,0
05/06/2023,8346,517,3290,2428,0,2659,0
05/06/2023,9551,649,2089,1165,0,1123,0
05/06/2023,8571,671,3618,3199,0,2532,0
05/06/2023,6452,688,3809,1476,0,1584,0
05/06/2023,8968,659,3909,2389,0,1462,0
05/06/2023,5052,588,3526,1337,0,1277,0
05/06/2023,9759,569,2491,3242,0,2829,0
05/06/2023,7618,597,3966,1500,0,1111,0
05/06/2023,6080,509,3436,3627,0,2447,0
05/06/2023,5665,619,1508,1846,0,1915,0
06/06/2023,7677,338,1650,2155,0,1393,0
06/06/2023,7444,536,3192,2394,0,1986,0
06/06/2023,8975,628,1632,2158,0,2845,0
06/06/2023,5577,591,3303,3888,0,2079,0
06/06/2023,5687,583,3855,2871,0,1167,0
06/06/2023,8874,574,3770,3542,0,1354,0
06/06/2023,9711,444,3320,1148,0,2545,0
06/06/2023,6775,665,1482,2014,0,1250,0
06/06/2023,9958,665,2224,3408,0,2870,0
06/06/2023,6077,500,3747,2946,0,1428,0
06/06/2023,7168,528,1686,2674,0,2145,0
06/06/2023,6754,410,3209,1408,0,2933,0
06/06/2023,8435,485,2157,3992,0,2519,0
06/06/2023,8172,625,1113,3680,0,1084,0
07/06/2023,9476,561,3028,2243,0,1741,0
07/06/2023,9073,346,1625,1563,0,1887,0
07/06/2023,6028,658,1223,2313,0,1930,0
07/06/2023,6868,645,1550,3521,0,1025,0
07/06/2023,7682,603,3707,2916,0,1525,0
07/06/2023,9604,402,1676,2171,0,1586,0
07/06/2023,6675,477,1114,3299,0,2836,0
07/06/2023,6322,628,2137,1600,0,1680,0
07/06/2023,8835,471,1730,1111,0,1399,0
07/06/2023,7258,397,1265,3286,0,2185,0
07/06/2023,6010,516,1309,2006,0,1515,0
07/06/2023,7966,599,3825,3872,0,1599,0
07/06/2023,9745,485,3048,2625,0,2834,0
07/06/2023,5468,482,3721,1504,0,2618,0
07/06/2023,6056,583,2545,3726,0,2552,0
08/06/2023,6391,423,1945,3215,0,1128,0
08/06/2023,7262,405,2506,3164,0,1877,0
08/06/2023,5401,461,2002,3306,0,1334,0
08/06/2023,9556,664,2726,3860,0,1272,0
08/06/2023,8978,536,2597,2161,0,1514,0
08/06/2023,9824,304,1901,1354,0,1725,0
08/06/2023,5723,413,1931,1958,0,2198,0
08/06/2023,8707,522,1314,3813,0,1996,0
08/06/2023,9171,316,2631,3106,0,2481,0
08/06/2023,7455,365,3483,3853,0,1816,0
08/06/2023,8815,538,1364,3032,0,1875,0
08/06/2023,9266,443,1906,3908,0,2455,0
08/06/2023,6931,458,2904,3887,0,1623,0
08/06/2023,7512,639,3573,2312,0,2876,0
08/06/2023,6146,441,3830,2977,0,2539,0
09/06/2023,6937,373,1420,1680,0,2034,0
09/06/2023,6650,658,2009,1897,0,2693,0
09/06/2023,8359,332,3485,1435,0,1456,0
09/06/2023,6300,408,3227,1798,0,1991,0
09/06/2023,6677,471,2818,2076,0,2939,0
09/06/2023,5040,379,2613,3260,0,1843,0
09/06/2023,9774,320,2691,3197,0,1855,0
09/06/2023,5061,408,2989,3612,0,1906,0
09/06/2023,6915,368,1537,3793,0,2288,0
09/06/2023,8977,668,3566,1844,0,2609,0
09/06/2023,7389,534,2699,3782,0,1086,0
09/06/2023,9930,606,2828,2948,0,2936,0
09/06/2023,9979,636,2818,3330,0,1046,0
09/06/2023,7331,364,1192,1926,0,2213,0
09/06/2023,6353,423,2461,1225,0,2144,0
10/06/2023,6687,615,2092,2648,0,1164,0
10/06/2023,6176,524,2324,1042,0,1344,0
10/06/2023,7737,434,3177,3412,0,2893,0
10/06/2023,5445,433,1711,1360,0,2664,0
10/06/2023,6889,322,1964,2326,0,1325,0
10/06/2023,7639,442,1992,1497,0,2206,0
10/06/2023,5268,472,1811,2649,0,2001,0
10/06/2023,7192,638,1217,1721,0,2418,0
10/06/2023,9954,624,2275,1319,0,1615,0
10/06/2023,7050,421,1428,1701,0,2739,0
10/06/2023,7520,590,1810,2622,0,1280,0
10/06/2023,9557,634,1825,3207,0,1354,0
10/06/2023,7400,652,2263,1901,0,1794,0
10/06/2023,7030,681,1680,2056,0,1587,0
11/06/2023,9710,486,3634,2204,0,2218,0
11/06/2023,9823,644,2097,1084,0,1657,0
11/06/2023,9655,442,1714,3319,0,2473,0
11/06/2023,6639,631,1160,1926,0,2424,0
11/06/2023,6576,445,1617,1570,0,1173,0
11/06/2023,9748,567,3188,1952,0,2253,0
11/06/2023,7147,368,2038,2041,0,1445,0
11/06/2023,9530,412,1881,3251,0,1460,0
11/06/2023,7023,592,1568,2899,0,2481,0
11/06/2023,9627,482,2702,3671,0,2779,0
11/06/2023,8617,691,1043,2429,0,2708,0
11/06/2023,8214,518,2389,3279,0,2541,0
11/06/2023,6398,311,1545,2855,0,1788,0
11/06/2023,6748,358,1588,3608,0,1214,0
12/06/2023,8094,564,2124,1603,0,1894,0
12/06/2023,7110,581,1365,2772,0,1483,0
12/06/2023,8869,549,1379,2442,0,2037,0
12/06/2023,6111,349,2602,2456,0,1353,0
12/06/2023,8110,309,1459,1541,0,2277,0
12/06/2023,7343,334,3419,1339,0,2381,0
12/06/2023,8728,373,1185,2679,0,2461,0
12/06/2023,6412,301,3317,3685,0,1068,0
12/06/2023,6478,435,3771,1093,0,1427,0
12/06/2023,7262,584,1712,1645,0,2227,0
12/06/2023,6565,529,1462,2489,0,1941,0
12/06/2023,6568,608,2361,2698,0,2483,0
12/06/2023,9848,497,2037,2394,0,2063,0
12/06/2023,8081,515,3527,2736,0,1990,0
12/06/2023,5210,664,2787,1305,0,2113,0
13/06/2023,5171,315,2875,1591,0,1890,0
13/06/2023,5717,372,3058,1944,0,2508,0
13/06/2023,9968,367,1468,1434,0,1082,0
13/06/2023,8288,617,1128,2970,0,1487,0
13/06/2023,9783,449,1149,3885,0,1903,0
13/06/2023,7088,330,2928,2510,0,2842,0
13/06/2023,9356,473,3232,2159,0,1410,0
13/06/2023,7653,317,1446,3471,0,1851,0
13/06/2023,9732,592,3930,2970,0,2374,0
13/06/2023,8621,674,3809,2394,0,1251,0
13/06/2023,9797,491,1736,1705,0,1153,0
13/06/2023,7154,688,3192,3412,0,2038,0
13/06/2023,5179,304,2176,1083,0,1754,0
13/06/2023,5643,646,3475,1713,0,2525,0
13/06/2023,7094,352,2380,3095,0,1535,0
14/06/2023,6977,354,1439,3245,0,1337,0
14/06/2023,8633,585,1463,3535,0,1382,0
14/06/2023,7846,657,2459,3231,0,1539,0
14/06/2023,7042,697,3820,2873,0,1946,0
14/06/2023,9897,361,2129,3632,0,1993,0
14/06/2023,6952,391,2502,3257,0,1247,0
14/06/2023,6249,578,2125,1369,0,1313,0
14/06/2023,8941,608,2639,1163,0,1860,0
14/06/2023,6404,565,1555,3999,0,2696,0
14/06/2023,7444,397,3761,3146,0,1054,0
14/06/2023,8134,661,2482,2166,0,1694,0
14/06/2023,6437,517,2818,3826,0,2901,0
14/06/2023,5714,429,2618,2004,0,2318,0
14/06/2023,9220,433,2353,1283,0,2467,0
15/06/2023,7068,350,3639,2435,0,1377,0
15/06/2023,6736,591,3626,2676,0,1666,0
15/06/2023,6705,608,3570,3138,0,1944,0
15/06/2023,9115,408,2122,2676,0,1587,0
15/06/2023,7868,373,2878,1228,0,1267,0
15/06/2023,5204,410,3849,1364,0,2019,0
15/06/2023,8185,584,2781,2178,0,2508,0
15/06/2023,9899,333,1533,1103,0,1034,0
15/06/2023,7603,347,1496,1972,0,2973,0
15/06/2023,8478,601,2875,3712,0,1876,0
15/06/2023,8772,343,2799,2194,0,2194,0
15/06/2023,9998,605,1818,2975,0,2376,0
15/06/2023,8156,341,2094,2984,0,2575,0
15/06/2023,6200,395,2818,2958,0,1884,0
16/06/2023,6655,653,3465,1519,0,2409,0
16/06/2023,9989,477,2343,2415,0,1243,0
16/06/2023,6264,381,2041,3893,0,1312,0
16/06/2023,8402,337,1755,2526,0,1382,0
16/06/2023,5747,308,1009,3865,0,2457,0
16/06/2023,6875,658,2894,3454,0,1887,0
16/06/2023,9534,640,3191,2505,0,2968,0
16/06/2023,6455,509,3930,2925,0,1704,0
16/06/2023,7204,563,3431,2356,0,2709,0
16/06/2023,8096,472,2569,1259,0,2107,0
16/06/2023,8169,444,1844,2696,0,1619,0
16/06/2023,7308,439,3491,3224,0,1241,0
16/06/2023,6340,533,1972,1269,0,2527,0
16/06/2023,5243,415,2819,1689,0,2924,0
17/06/2023,5096,551,1416,1187,0,1555,0
17/06/2023,8215,576,3273,1502,0,2512,0
17/06/2023,7293,330,1810,2143,0,1757,0
17/06/2023,8362,373,2885,3858,0,1535,0
17/06/2023,5258,694,3103,2748,0,1693,0
17/06/2023,9591,309,3450,3448,0,2358,0
17/06/2023,8043,581,2441,1292,0,2671,0
17/06/2023,6344,580,3743,1622,0,1782,0
17/06/2023,7044,632,2128,3939,0,2949,0
17/06/2023,7421,366,3234,3782,0,2889,0
17/06/2023,5288,699,2896,3561,0,2646,0
17/06/2023,7885,544,2502,2934,0,2194,0
17/06/2023,5004,389,1852,2066,0,2223,0
17/06/2023,8600,459,1899,3694,0,1948,0
18/06/2023,8229,461,2151,2702,0,1140,0
18/06/2023,8765,485,1581,2108,0,1141,0
18/06/2023,6244,537,1475,3061,0,1333,0
18/06/2023,7679,578,3031,2048,0,1758,0
18/06/2023,9567,582,2147,2029,0,2655,0
18/06/2023,8282,658,3885,2115,0,2380,0
18/06/2023,7234,604,2053,2940,0,2425,0
18/06/2023,9201,559,1856,2652,0,1877,0
18/06/2023,8068,342,2280,3701,0,2302,0
18/06/2023,6115,435,3564,2620,0,2291,0
18/06/2023,5540,674,2618,1870,0,2216,0
18/06/2023,7632,352,3543,3282,0,1381,0
18/06/2023,6404,647,3036,1555,0,2114,0
19/06/2023,7560,347,2980,3890,0,2972,0
19/06/2023,9663,430,2670,3646,0,2114,0
19/06/2023,9338,435,3480,1478,0,1323,0
19/06/2023,6482,433,1714,3062,0,1204,0
19/06/2023,8907,616,2186,1296,0,1232,0
19/06/2023,5265,476,3630,1422,0,1445,0
19/06/2023,6630,600,1743,3055,0,2309,0
19/06/2023,6649,492,3020,3885,0,2382,0
19/06/2023,9794,439,2588,3542,0,2664,0
19/06/2023,5787,699,3091,2438,0,1003,0
19/06/2023,8626,498,1438,2563,0,2968,0
19/06/2023,7448,474,3913,3150,0,2962,0
19/06/2023,8607,300,3809,1915,0,1767,0
19/06/2023,9985,334,1841,2500,0,2046,0
20/06/2023,8357,611,3602,1414,0,1477,0
20/06/2023,6306,441,3520,3518,0,1359,0
20/06/2023,5429,391,2464,1185,0,1162,0
20/06/2023,8355,581,3720,1785,0,2171,0
20/06/2023,8576,349,3404,1146,0,2245,0
20/06/2023,8770,528,1789,1671,0,2636,0
20/06/2023,8155,503,2586,1274,0,2550,0
20/06/2023,7345,379,3672,3223,0,1050,0
20/06/2023,5087,615,1244,2577,0,2972,0
20/06/2023,7872,383,1741,1778,0,2468,0
20/06/2023,9392,323,2752,2571,0,1763,0
20/06/2023,6896,310,3598,3334,0,2558,0
20/06/2023,9287,630,1427,3693,0,2363,0
20/06/2023,7383,340,2629,3415,0,2977,0
20/06/2023,5620,384,3978,1397,0,2402,0
21/06/2023,9517,509,3491,3178,0,2508,0
21/06/2023,9066,542,1011,1826,0,2590,0
21/06/2023,9558,553,2463,3485,0,1854,0
21/06/2023,8251,300,2796,2230,0,2302,0
21/06/2023,7279,482,3528,3009,0,1457,0
21/06/2023,5153,424,3498,2270,0,1037,0
21/06/2023,5617,657,2914,2140,0,1322,0
21/06/2023,7943,642,2423,3428,0,2871,0
21/06/2023,9532,667,2224,3185,0,1487,0
21/06/2023,8990,450,1359,3803,0,2123,0
21/06/2023,5299,452,2749,3995,0,2391,0
21/06/2023,5050,438,2252,2497,0,1257,0
21/06/2023,8074,534,2255,2158,0,2015,0
21/06/2023,6632,689,3173,3273,0,2821,0
21/06/2023,7853,333,3906,2237,0,1411,0
22/06/2023,6265,538,2765,1000,0,1841,0
22/06/2023,9940,408,2725,2366,0,2361,0
22/06/2023,6960,480,1608,3182,0,1137,0
22/06/2023,7368,539,3763,3447,0,1628,0
22/06/2023,8128,688,3047,2410,0,2502,0
22/06/2023,7485,592,2191,1842,0,1168,0
22/06/2023,5294,363,2891,2542,0,2186,0
22/06/2023,6427,660,3229,2132,0,1569,0
22/06/2023,9842,517,1121,2848,0,1177,0
22/06/2023,7775,623,1006,3366,0,1944,0
22/06/2023,7976,687,2714,1277,0,2903,0
22/06/2023,8060,664,1038,3703,0,2636,0
22/06/2023,9558,477,1592,2206,0,2177,0
22/06/2023,8657,356,1295,3210,0,1092,0
22/06/2023,6609,449,3515,3006,0,1770,0
23/06/2023,8426,396,1102,3377,0,2033,0
23/06/2023,8436,310,1564,1658,0,2790,0
23/06/2023,6856,564,2691,2541,0,1238,0
23/06/2023,8760,324,3124,3905,0,1492,0
23/06/2023,5839,366,3417,3496,0,2278,0
23/06/2023,6253,663,2854,2091,0,1779,0
23/06/2023,7128,524,3366,3416,0,1898,0
23/06/2023,8474,407,1777,3415,0,2336,0
23/06/2023,6010,308,3701,2578,0,1111,0
23/06/2023,8611,366,3480,3001,0,2591,0
23/06/2023,9456,668,2268,1847,0,2912,0
23/06/2023,5348,636,2246,3816,0,1740,0
23/06/2023,5756,491,2111,1008,0,1570,0
23/06/2023,6717,699,2143,1710,0,2727,0
23/06/2023,9988,405,1269,2437,0,1712,0
24/06/2023,7639,415,1555,1980,0,2088,0
24/06/2023,8982,657,3958,2598,0,1086,0
24/06/2023,5517,459,1044,1558,0,1220,0
24/06/2023,5230,656,3563,1031,0,1662,0
24/06/2023,9598,322,1213,2338,0,2498,0
24/06/2023,7727,475,2359,2861,0,2092,0
24/06/2023,8229,501,1194,3311,0,2412,0
24/06/2023,9469,570,3661,3143,0,2138,0
24/06/2023,9748,500,1829,1827,0,2843,0
24/06/2023,7482,504,1647,2294,0,2243,0
24/06/2023,7600,577,2078,1715,0,1818,0
24/06/2023,5074,540,2328,2031,0,2726,0
24/06/2023,8006,507,2941,1259,0,2957,0
24/06/2023,5203,466,1092,1297,0,1383,0
24/06/2023,8132,602,2255,2598,0,2205,0
25/06/2023,5977,464,3469,2484,0,1468,0
25/06/2023,6441,418,1812,2839,0,1695,0
25/06/2023,8025,677,1532,2074,0,2680,0
25/06/2023,8096,395,2645,2526,0,1417,0
25/06/2023,9639,511,3405,1129,0,2514,0
25/06/2023,6258,695,1916,1372,0,1585,0
25/06/2023,6975,341,3164,3645,0,2730,0
25/06/2023,8634,341,1758,2678,0,1159,0
25/06/2023,8140,418,2857,3671,0,2566,0
25/06/2023,9233,405,3829,1488,0,1752,0
25/06/2023,9497,639,1720,2404,0,2715,0
25/06/2023,8682,659,2228,3952,0,2220,0
25/06/2023,5715,380,2580,3602,0,2897,0
26/06/2023,6393,538,1964,1025,0,2026,0
26/06/2023,9431,627,2016,1594,0,1135,0
26/06/2023,8924,482,2944,3418,0,1610,0
26/06/2023,6619,636,2030,1394,0,1873,0
26/06/2023,5289,674,1750,1196,0,1600,0
26/06/2023,5004,587,1355,2157,0,2089,0
26/06/2023,8375,459,3252,1916,0,1917,0
26/06/2023,6048,400,3126,2136,0,2747,0
26/06/2023,7697,368,3303,1854,0,1769,0
26/06/2023,8506,301,3164,3403,0,2787,0
26/06/2023,6839,625,3433,3576,0,2270,0
26/06/2023,5740,590,3187,3345,0,1387,0
26/06/2023,8547,310,1814,2139,0,1187,0
26/06/2023,5959,406,1494,1048,0,2029,0
26/06/2023,7218,586,3253,3080,0,2829,0
27/06/2023,9665,591,1435,1155,0,2664,0
27/06/2023,7892,467,1212,2965,0,2607,0
27/06/2023,9594,601,2992,2028,0,2212,0
27/06/2023,6854,450,3896,3724,0,1673,0
27/06/2023,5796,530,2691,1010,0,1135,0
27/06/2023,9399,482,1891,3630,0,2242,0
27/06/2023,6387,439,1032,2804,0,1263,0
27/06/2023,6314,343,2310,2947,0,1044,0
27/06/2023,9753,326,1854,2605,0,1267,0
27/06/2023,8379,685,2845,1311,0,2409,0
27/06/2023,5235,469,2966,3109,0,1950,0
27/06/2023,7561,513,3925,2256,0,2884,0
27/06/2023,8865,315,2206,2558,0,1258,0
27/06/2023,9574,651,1123,2763,0,1210,0
27/06/2023,7012,683,2303,1578,0,2390,0
28/06/2023,8350,566,2300,2718,0,2810,0
28/06/2023,5368,485,3442,3941,0,1225,0
28/06/2023,7951,677,1643,2456,0,2116,0
28/06/2023,6175,385,3861,2239,0,2599,0
28/06/2023,8297,384,3707,3207,0,1955,0
28/06/2023,6931,346,2612,2989,0,2325,0
28/06/2023,5399,455,3791,2989,0,2639,0
28/06/2023,9645,544,2513,3912,0,1583,0
28/06/2023,5602,647,2309,2954,0,2981,0
28/06/2023,9631,423,3349,3101,0,2080,0
28/06/2023,5569,486,1159,1543,0,1016,0
28/06/2023,8413,694,3054,2194,0,1589,0
28/06/2023,9719,680,3772,2361,0,2149,0
28/06/2023,7134,478,2813,1727,0,1380,0
28/06/2023,8025,357,3427,1569,0,2714,0
29/06/2023,6024,657,3480,2119,0,1533,0
29/06/2023,8299,500,3668,2346,0,2214,0
29/06/2023,9673,561,3699,1391,0,2260,0
29/06/2023,5967,426,1291,2058,0,2720,0
29/06/2023,5485,304,2030,3931,0,2182,0
29/06/2023,6590,402,1553,1803,0,1645,0
29/06/2023,8484,412,1802,1546,0,1868,0
29/06/2023,7618,574,2649,3247,0,1518,0
29/06/2023,8356,377,3286,2399,0,2051,0
29/06/2023,6231,328,3898,3546,0,1470,0
29/06/2023,6745,658,3427,1685,0,2882,0
29/06/2023,7324,588,2001,2146,0,2520,0
29/06/2023,7870,645,3328,2637,0,1361,0
29/06/2023,5535,461,3571,3559,0,2364,0
29/06/2023,8013,520,2388,2428,0,2275,0
30/06/2023,5563,631,2898,1004,0,2678,0
30/06/2023,5297,380,2893,1589,0,1991,0
30/06/2023,9063,561,2458,2190,0,1653,0
30/06/2023,5176,652,3726,1438,0,2400,0
30/06/2023,6825,572,2097,1675,0,1630,0
30/06/2023,5176,551,2582,3252,0,2873,0
30/06/2023,7296,427,2764,3483,0,2280,0
30/06/2023,7079,582,2385,1069,0,1273,0
30/06/2023,8782,313,1961,2245,0,2646,0
30/06/2023,5434,521,3111,1081,0,2912,0
30/06/2023,8033,585,3094,2527,0,2248,0
30/06/2023,7226,675,2131,2692,0,1183,0
30/06/2023,7451,325,2486,1402,0,1889,0
30/06/2023,9153,608,1371,2686,0,2620,0
30/06/2023,6799,397,3867,2902,0,1117,0
01/07/2023,8021,462,1000,1606,0,1079,0
01/07/2023,7010,469,3316,3185,0,2822,0
01/07/2023,7139,360,3950,2742,0,1076,0
01/07/2023,7605,471,2070,2782,0,1077,0
01/07/2023,5145,519,2476,1856,0,1252,0
01/07/2023,9992,462,1651,2025,0,1013,0
01/07/2023,7663,332,2784,3316,0,1754,0
01/07/2023,9008,654,1443,2950,0,2793,0
01/07/2023,7893,388,2249,3007,0,1031,0
01/07/2023,6081,481,3314,1322,0,1691,0
01/07/2023,6673,573,3464,2806,0,2660,0
01/07/2023,8911,632,3938,1204,0,2224,0
01/07/2023,7892,660,3057,1898,0,2344,0
01/07/2023,6070,487,1051,1785,0,1576,0
02/07/2023,7669,380,2131,2860,0,1623,0
02/07/2023,6591,360,1139,1630,0,2144,0
02/07/2023,6262,410,1992,3370,0,1015,0
02/07/2023,9401,528,2567,3372,0,2516,0
02/07/2023,7016,622,1127,1755,0,1279,0
02/07/2023,6998,369,2053,2033,0,2788,0
02/07/2023,6790,516,1503,2284,0,1919,0
02/07/2023,5665,621,2919,2340,0,1487,0
02/07/2023,6654,522,2756,2381,0,2633,0
02/07/2023,6815,351,2752,1083,0,2185,0
02/07/2023,6467,505,3576,1301,0,1466,0
02/07/2023,9848,551,2563,3525,0,2657,0
03/07/2023,5302,335,3874,2498,0,1010,0
03/07/2023,9315,377,2636,3580,0,1162,0
03/07/2023,8953,501,2909,3819,0,2486,0
03/07/2023,8124,390,1263,2543,0,2711,0
03/07/2023,5928,686,2001,2920,0,1128,0
03/07/2023,8111,441,3700,1088,0,1867,0
03/07/2023,5122,558,3899,1472,0,2778,0
03/07/2023,8335,389,2931,1671,0,2706,0
03/07/2023,9167,604,3569,3973,0,1758,0
03/07/2023,5524,412,1065,2924,0,2577,0
03/07/2023,7860,381,2948,3846,0,1661,0
03/07/2023,9435,397,3742,1871,0,2804,0
03/07/2023,7702,505,1136,1821,0,2800,0
03/07/2023,9699,463,3322,1851,0,2791,0
04/07/2023,8062,631,1404,2045,0,1857,0
04/07/2023,8113,432,3306,1451,0,1019,0
04/07/2023,8178,579,3539,2970,0,2442,0
04/07/2023,7845,520,1455,2695,0,1714,0
04/07/2023,7189,404,2520,2433,0,2790,0
04/07/2023,5567,644,1343,3740,0,2654,0
04/07/2023,5170,618,1604,2366,0,1307,0
04/07/2023,6878,521,2538,3874,0,2886,0
04/07/2023,8985,565,3076,1470,0,2131,0
04/07/2023,5617,579,3319,1553,0,2911,0
04/07/2023,5419,589,1098,2346,0,1791,0
04/07/2023,9310,699,2764,1821,0,2768,0
04/07/2023,7930,334,1546,3725,0,1867,0
04/07/2023,9168,551,2007,2142,0,1817,0
05/07/2023,7102,674,2878,1150,0,2915,0
05/07/2023,8100,324,2191,1488,0,1980,0
05/07/2023,6347,391,2547,3270,0,2428,0
05/07/2023,7625,476,2486,2371,0,1336,0
05/07/2023,7714,522,2566,1990,0,2496,0
05/07/2023,5583,302,1136,2355,0,1977,0
05/07/2023,7365,635,3321,1679,0,1858,0
05/07/2023,8656,522,1848,3181,0,2327,0
05/07/2023,9896,585,2672,3151,0,2530,0
05/07/2023,7310,602,1100,3770,0,1468,0
05/07/2023,6041,339,1597,1151,0,2626,0
05/07/2023,8279,626,3189,2080,0,1924,0
05/07/2023,9617,613,3830,3089,0,1285,0
05/07/2023,8796,588,3519,3871,0,1929,0
05/07/2023,8527,677,3400,3223,0,2904,0
06/07/2023,7939,454,3905,1925,0,1374,0
06/07/2023,9261,471,2805,2302,0,2629,0
06/07/2023,8763,476,2656,3454,0,2057,0
06/07/2023,6484,660,2779,3551,0,2125,0
06/07/2023,5155,472,3823,3438,0,2883,0
06/07/2023,5690,315,3883,3722,0,2475,0
06/07/2023,9029,535,2222,3483,0,2764,0
06/07/2023,6963,691,3018,3323,0,2873,0
06/07/2023,5936,453,2857,1962,0,2806,0
06/07/2023,5509,572,1636,1883,0,2908,0
06/07/2023,7562,439,3117,2300,0,2419,0
06/07/2023,7866,341,3353,3697,0,1603,0
06/07/2023,7747,321,1051,1289,0,1153,0
06/07/2023,9480,578,1738,1361,0,1134,0
07/07/2023,5575,482,3473,1849,0,2155,0
07/07/2023,5856,563,2403,3239,0,2898,0
07/07/2023,5468,547,2293,2368,0,1366,0
07/07/2023,7737,555,3610,2180,0,1235,0
07/07/2023,9717,686,2117,2881,0,2647,0
07/07/2023,8403,331,3253,1983,0,2177,0
07/07/2023,5998,671,3669,1175,0,1780,0
07/07/2023,9391,439,1260,3947,0,2874,0
07/07/2023,7403,605,2395,2264,0,1448,0
07/07/2023,7849,532,1498,1707,0,1999,0
07/07/2023,5135,554,1090,3262,0,1405,0
07/07/2023,5671,523,3281,3380,0,1021,0
07/07/2023,6466,376,2537,3735,0,2266,0
07/07/2023,8358,595,3441,2701,0,2696,0
08/07/2023,8183,476,2980,2072,0,2179,0
08/07/2023,9653,523,1094,3559,0,1204,0
08/07/2023,7047,542,3097,1825,0,1431,0
08/07/2023,5711,416,1064,1450,0,1629,0
08/07/2023,9162,393,3558,1922,0,1445,0
08/07/2023,9855,410,2377,3430,0,2525,0
08/07/2023,5575,588,2360,1109,0,2504,0
08/07/2023,7617,489,3419,1174,0,2230,0
08/07/2023,9801,406,3932,2265,0,2231,0
08/07/2023,7819,551,2858,2675,0,2640,0
08/07/2023,7320,337,1804,2526,0,2741,0
08/07/2023,5250,301,1636,3531,0,2825,0
08/07/2023,6499,470,1862,1428,0,2951,0
08/07/2023,7466,425,3008,3879,0,2816,0
09/07/2023,7845,621,3525,1704,0,2138,0
09/07/2023,8132,608,2495,2073,0,1727,0
09/07/2023,8137,522,3698,2641,0,2844,0
09/07/2023,5273,435,2670,3423,0,1063,0
09/07/2023,8539,444,1939,1022,0,2089,0
09/07/2023,8551,547,3579,2231,0,2926,0
09/07/2023,9242,428,1686,1378,0,1726,0
09/07/2023,6160,316,3957,1370,0,1379,0
09/07/2023,8510,350,3462,1832,0,2969,0
09/07/2023,7397,579,3669,1653,0,2584,0
09/07/2023,6635,353,1702,3763,0,1016,0
09/07/2023,5898,626,2640,1134,0,2178,0
10/07/2023,8797,476,3386,2927,0,1522,0
10/07/2023,8358,669,1732,2194,0,1413,0
10/07/2023,6460,408,3159,2221,0,1140,0
10/07/2023,6258,541,3180,1654,0,1180,0
10/07/2023,6950,657,1368,2089,0,2832,0
10/07/2023,6822,697,3912,3087,0,1012,0
10/07/2023,9212,551,2727,2562,0,1599,0
10/07/2023,8827,489,1539,2661,0,2037,0
10/07/2023,5607,375,3144,1157,0,1846,0
10/07/2023,7379,360,2320,1150,0,1945,0
10/07/2023,8002,310,1914,2969,0,1363,0
10/07/2023,9553,497,3974,3240,0,2635,0
10/07/2023,5688,372,1374,3870,0,1103,0
10/07/2023,6262,453,3595,2160,0,1193,0
11/07/2023,6618,621,1743,2797,0,1960,0
11/07/2023,8082,564,2203,1658,0,1940,0
11/07/2023,7253,673,3570,2392,0,1951,0
11/07/2023,7972,639,2194,3213,0,1817,0
11/07/2023,7089,542,2602,3548,0,2571,0
11/07/2023,8789,523,2753,1837,0,1414,0
11/07/2023,9685,609,1707,2010,0,2656,0
11/07/2023,5404,603,3733,3230,0,1516,0
11/07/2023,6347,541,1950,2455,0,1713,0
11/07/2023,9476,414,1870,1051,0,2542,0
11/07/2023,6932,689,1187,1053,0,2366,0
11/07/2023,6364,402,2837,1738,0,1085,0
11/07/2023,8175,311,1022,2919,0,2682,0
12/07/2023,6726,546,3370,3060,0,1712,0
12/07/2023,8049,480,3464,1021,0,2752,0
12/07/2023,8456,582,1467,2619,0,1519,0
12/07/2023,5581,611,2096,1505,0,1282,0
12/07/2023,7737,641,2585,2646,0,2825,0
12/07/2023,6792,343,2480,3520,0,2077,0
12/07/2023,6503,523,2612,3112,0,2254,0
12/07/2023,6735,493,1556,1570,0,1605,0
12/07/2023,6034,433,3435,1036,0,1638,0
12/07/2023,6578,688,2956,1553,0,1974,0
12/07/2023,5666,674,1450,2288,0,2347,0
12/07/2023,5059,349,1491,1856,0,2384,0
12/07/2023,8475,570,1776,1059,0,2389,0
13/07/2023,5197,361,1448,3080,0,2014,0
13/07/2023,6544,576,3614,3236,0,2694,0
13/07/2023,5995,438,2481,2374,0,1719,0
13/07/2023,8091,462,1212,1930,0,1156,0
13/07/2023,8196,689,2885,2730,0,1806,0
13/07/2023,9942,312,1172,1487,0,2270,0
13/07/2023,7789,566,3441,2662,0,1505,0
13/07/2023,6533,637,1091,3790,0,2917,0
13/07/2023,6265,471,1226,2720,0,1695,0
13/07/2023,6009,511,3940,1147,0,2236,0
13/07/2023,8310,645,2677,3209,0,2839,0
13/07/2023,9438,651,3124,2404,0,1373,0
13/07/2023,6190,595,2569,3429,0,1492,0
14/07/2023,8752,300,3369,2438,0,2375,0
14/07/2023,5123,402,3851,1290,0,1809,0
14/07/2023,9614,451,1875,1105,0,2601,0
14/07/2023,5295,427,3922,2693,0,1883,0
14/07/2023,5947,438,3768,2509,0,2705,0
14/07/2023,7884,336,2800,3695,0,1460,0
14/07/2023,7610,317,1765,3748,0,1055,0
14/07/2023,9803,544,3230,3432,0,1872,0
14/07/2023,6243,472,2900,1451,0,2501,0
14/07/2023,5217,364,2807,1035,0,2285,0
14/07/2023,5434,381,1273,2114,0,1335,0
14/07/2023,6833,595,3426,1804,0,2802,0
14/07/2023,5573,646,1012,1697,0,1519,0
15/07/2023,6824,604,3492,3552,0,1945,0
15/07/2023,8869,566,2765,1463,0,1562,0
15/07/2023,6285,418,2387,1722,0,2114,0
15/07/2023,7194,423,2159,1561,0,2008,0
15/07/2023,8025,696,2714,3994,0,2496,0
15/07/2023,8715,560,2142,2862,0,2400,0
15/07/2023,6215,465,3385,2669,0,2472,0
15/07/2023,8698,481,3526,2336,0,1856,0
15/07/2023,8810,700,3233,1919,0,2802,0
15/07/2023,9216,549,1793,2852,0,1538,0
15/07/2023,6962,304,2765,2899,0,2161,0
15/07/2023,8762,690,2140,3512,0,2650,0
15/07/2023,6646,339,3277,3558,0,2902,0
15/07/2023,5107,409,1677,2154,0,1276,0
16/07/2023,6635,461,1287,1531,0,2893,0
16/07/2023,8785,367,2749,2871,0,2703,0
16/07/2023,8280,503,2050,2772,0,1728,0
16/07/2023,6979,378,1811,1303,0,2220,0
16/07/2023,5401,574,2773,1974,0,1663,0
16/07/2023,9247,336,1461,1297,0,2028,0
16/07/2023,7537,324,3047,3552,0,2083,0
16/07/2023,8869,609,2929,2995,0,1842,0
16/07/2023,6425,527,3175,3024,0,1522,0
16/07/2023,7028,661,2770,1828,0,2306,0
16/07/2023,8998,312,1949,1316,0,1953,0
16/07/2023,7109,688,1746,3153,0,2137,0
16/07/2023,5200,397,1776,2800,0,2907,0
17/07/2023,9192,321,3933,1390,0,2190,0
17/07/2023,9277,461,3969,3690,0,1828,0
17/07/2023,8919,562,3207,3110,0,1216,0
17/07/2023,8516,420,1173,2535,0,2301,0
17/07/2023,7135,550,1141,2994,0,1584,0
17/07/2023,6571,552,1980,1760,0,1655,0
17/07/2023,9660,567,1999,1647,0,1516,0
17/07/2023,6957,604,1510,1313,0,1915,0
17/07/2023,6789,643,3877,3866,0,1828,0
17/07/2023,9687,690,3750,2511,0,1632,0
17/07/2023,5658,388,3398,1947,0,2696,0
17/07/2023,6149,342,2485,1929,0,2913,0
17/07/2023,6664,684,3289,2355,0,1657,0
18/07/2023,6135,466,2984,2968,0,2036,0
18/07/2023,7810,498,1393,1708,0,2520,0
18/07/2023,9192,618,1250,3249,0,2949,0
18/07/2023,7224,467,3517,2855,0,2814,0
18/07/2023,9299,664,3397,3227,0,1090,0
18/07/2023,7151,521,1343,1138,0,2322,0
18/07/2023,6059,307,1795,1030,0,1769,0
18/07/2023,8508,596,2096,2426,0,2625,0
18/07/2023,9807,495,3469,3197,0,1951,0
18/07/2023,6713,317,1142,2966,0,1488,0
18/07/2023,8894,433,1825,1048,0,1688,0
18/07/2023,5864,455,1890,1711,0,1155,0
18/07/2023,9481,697,2432,3397,0,1030,0
18/07/2023,6709,450,3388,1030,0,1375,0
19/07/2023,8890,332,3103,2706,0,2143,0
19/07/2023,6638,433,1087,2009,0,1102,0
19/07/2023,5535,338,3328,1431,0,1178,0
19/07/2023,7253,387,3522,2958,0,2294,0
19/07/2023,9807,324,1537,3954,0,1201,0
19/07/2023,5929,546,1134,1568,0,1178,0
19/07/2023,5918,643,3984,1675,0,2760,0
19/07/2023,9553,520,3781,3824,0,2175,0
19/07/2023,8805,567,3318,2576,0,2716,0
19/07/2023,6829,397,1307,1753,0,1986,0
19/07/2023,7554,323,2286,3607,0,1652,0
19/07/2023,6483,694,1084,3086,0,2295,0
19/07/2023,8227,424,3840,2323,0,1907,0
19/07/2023,6364,433,1986,3426,0,2932,0
20/07/2023,8464,366,3923,2738,0,2101,0
20/07/2023,8449,553,3275,2952,0,2581,0
20/07/2023,6607,580,2442,2011,0,2176,0
20/07/2023,5296,543,3744,2082,0,2964,0
20/07/2023,5416,401,1094,2933,0,2002,0
20/07/2023,6203,317,2196,3323,0,1437,0
20/07/2023,6394,671,3100,3453,0,1692,0
20/07/2023,9186,537,3145,1901,0,1955,0
20/07/2023,9193,592,3030,1341,0,2095,0
20/07/2023,8123,657,3289,2682,0,1511,0
20/07/2023,7327,514,3922,3320,0,2965,0
20/07/2023,7930,639,1341,3373,0,1609,0
20/07/2023,8548,468,1730,1708,0,1697,0
20/07/2023,6332,432,1457,1750,0,2780,0
21/07/2023,9072,470,2954,2134,0,2461,0
21/07/2023,9835,390,2224,2544,0,1972,0
21/07/2023,6369,657,1190,1153,0,1951,0
21/07/2023,7411,641,2663,1473,0,2474,0
21/07/2023,9225,588,3485,2867,0,2812,0
21/07/2023,7443,548,3525,3875,0,1676,0
21/07/2023,6969,588,3108,3948,0,1596,0
21/07/2023,5886,668,1798,2441,0,1647,0
21/07/2023,6603,610,2148,3128,0,1123,0
21/07/2023,6905,555,1241,1012,0,2920,0
21/07/2023,7341,693,3238,1873,0,1463,0
21/07/2023,8835,462,1179,2605,0,2011,0
21/07/2023,5933,332,1235,2580,0,2946,0
22/07/2023,6251,517,1918,2328,0,1112,0
22/07/2023,7582,582,3559,3621,0,2226,0
22/07/2023,8369,492,3281,3910,0,2673,0
22/07/2023,8444,687,2814,2635,0,1471,0
22/07/2023,9502,357,2692,2692,0,2736,0
22/07/2023,8709,680,2021,3806,0,2971,0
22/07/2023,5225,465,2038,2247,0,2620,0
22/07/2023,8187,359,1387,2258,0,2486,0
22/07/2023,5395,345,3827,2643,0,1189,0
22/07/2023,5115,406,2086,2127,0,2094,0
22/07/2023,7301,359,1676,3239,0,1295,0
22/07/2023,7526,488,3161,2815,0,1761,0
22/07/2023,9508,469,3457,3046,0,2535,0
22/07/2023,9450,572,1184,1314,0,2951,0
23/07/2023,5649,354,2794,1290,0,1539,0
23/07/2023,9650,613,1555,2930,0,2416,0
23/07/2023,9962,638,2430,3378,0,2790,0
23/07/2023,7514,671,3415,2218,0,1539,0
23/07/2023,6771,305,3570,1121,0,1557,0
23/07/2023,5207,669,3154,1254,0,2926,0
23/07/2023,5642,519,2988,2464,0,2507,0
23/07/2023,6976,608,2833,3786,0,2428,0
23/07/2023,5358,590,1253,3541,0,1595,0
23/07/2023,8614,598,2216,1059,0,2333,0
23/07/2023,9828,680,1421,2951,0,2137,0
23/07/2023,9218,476,2542,3018,0,1024,0
23/07/2023,9905,563,3619,3394,0,1368,0
24/07/2023,9872,389,1355,1552,0,2830,0
24/07/2023,8563,513,2202,3645,0,2998,0
24/07/2023,6942,561,3117,2005,0,1399,0
24/07/2023,5884,334,2105,2056,0,1661,0
24/07/2023,5172,535,1045,3516,0,2555,0
24/07/2023,8260,554,3883,1469,0,2674,0
24/07/2023,6108,407,3214,3215,0,1960,0
24/07/2023,9632,464,2267,2300,0,2138,0
24/07/2023,6124,599,3129,2465,0,2762,0
24/07/2023,9450,359,2452,2974,0,1840,0
24/07/2023,5404,546,1987,2432,0,2942,0
24/07/2023,7082,606,1262,1355,0,2420,0
24/07/2023,8738,604,3699,1971,0,2487,0
24/07/2023,5943,685,2792,3100,0,1768,0
25/07/2023,9047,653,3162,1577,0,2756,0
25/07/2023,7535,656,3464,2270,0,2099,0
25/07/2023,5133,476,1698,1702,0,1554,0
25/07/2023,5995,344,1867,3865,0,1819,0
25/07/2023,9866,408,3389,2043,0,2431,0
25/07/2023,9099,321,1247,1234,0,2132,0
25/07/2023,5822,664,3457,1958,0,2846,0
25/07/2023,6659,313,2181,2043,0,2615,0
25/07/2023,6636,317,3087,1538,0,2590,0
25/07/2023,6191,360,2267,2498,0,2836,0
25/07/2023,9168,689,2805,1722,0,2992,0
25/07/2023,6941,479,1419,1808,0,2678,0
25/07/2023,6172,478,3918,3498,0,2663,0
25/07/2023,8403,347,2018,2896,0,1105,0
26/07/2023,7412,645,1227,3324,0,2449,0
26/07/2023,9036,432,1279,1555,0,1845,0
26/07/2023,7252,388,1270,2624,0,2802,0
26/07/2023,5690,669,2018,2367,0,2487,0
26/07/2023,8242,432,2317,2579,0,2749,0
26/07/2023,9878,407,3370,1500,0,2243,0
26/07/2023,6374,575,3867,2162,0,2697,0
26/07/2023,7194,634,3989,1934,0,1521,0
26/07/2023,9717,550,1179,3844,0,1331,0
26/07/2023,9239,672,1670,1656,0,2185,0
26/07/2023,6286,435,3206,3322,0,1497,0
26/07/2023,9688,464,3729,3391,0,1817,0
26/07/2023,6039,689,1212,2139,0,2642,0
26/07/2023,8462,653,1567,1845,0,1032,0
27/07/2023,5904,426,3234,2334,0,2703,0
27/07/2023,8251,440,2321,1392,0,2814,0
27/07/2023,6673,559,3224,2328,0,2836,0
27/07/2023,5067,687,2312,2013,0,2821,0
27/07/2023,6441,517,1235,1806,0,1940,0
27/07/2023,9090,345,3172,3521,0,1343,0
27/07/2023,7854,684,2287,3280,0,1854,0
27/07/2023,7826,648,3786,2732,0,2702,0
27/07/2023,6894,379,2621,3340,0,1477,0
27/07/2023,8537,658,3245,3135,0,2840,0
27/07/2023,9205,366,3309,2285,0,2868,0
27/07/2023,5217,335,3335,3445,0,1564,0
27/07/2023,5624,478,1253,3170,0,1205,0
27/07/2023,5003,326,2631,3815,0,1512,0
28/07/2023,8179,427,3531,3517,0,1920,0
28/07/2023,7467,624,3902,3228,0,1762,0
28/07/2023,7726,335,2302,3490,0,2432,0
28/07/2023,8314,592,2430,1226,0,1420,0
28/07/2023,6722,510,3594,1682,0,2105,0
28/07/2023,6699,628,2060,3255,0,1519,0
28/07/2023,9182,556,2610,1392,0,2245,0
28/07/2023,8729,699,3182,3483,0,2094,0
28/07/2023,8766,342,1684,1330,0,1942,0
28/07/2023,8539,495,1314,1173,0,1979,0
28/07/2023,9961,381,2825,1456,0,2203,0
28/07/2023,8901,605,3464,2708,0,2556,0
28/07/2023,6317,689,3319,2657,0,2251,0
28/07/2023,9065,676,3228,2270,0,1265,0
29/07/2023,8250,475,2427,2029,0,2532,0
29/07/2023,9811,671,1766,3456,0,1240,0
29/07/2023,8201,412,1467,1428,0,1706,0
29/07/2023,7431,617,3024,2915,0,1566,0
29/07/2023,7071,402,1619,1343,0,2115,0
29/07/2023,8196,334,3131,3714,0,1862,0
29/07/2023,8144,667,1133,3724,0,2557,0
29/07/2023,7941,663,3011,1973,0,1045,0
29/07/2023,7159,493,3567,1956,0,1218,0
29/07/2023,5464,659,3288,2283,0,2791,0
29/07/2023,6677,379,3269,1619,0,1020,0
29/07/2023,6158,635,1729,1262,0,2590,0
29/07/2023,9958,511,1570,2490,0,2911,0
29/07/2023,6901,393,2290,3085,0,2780,0
30/07/2023,9431,399,3528,3523,0,2491,0
30/07/2023,8605,540,2824,1791,0,2144,0
30/07/2023,9162,584,1385,2798,0,2967,0
30/07/2023,6815,410,2353,2029,0,1092,0
30/07/2023,6973,549,1844,1074,0,1319,0
30/07/2023,5037,449,1151,1784,0,1449,0
30/07/2023,8316,541,2139,1954,0,2227,0
30/07/2023,6273,537,1971,2673,0,2067,0
30/07/2023,5935,496,2205,3635,0,1594,0
30/07/2023,8881,471,2016,1745,0,2869,0
30/07/2023,8678,648,1792,2762,0,1756,0
30/07/2023,9055,639,3678,1508,0,2344,0
30/07/2023,6043,355,3056,3163,0,2099,0
31/07/2023,8758,366,2722,2980,0,2895,0
31/07/2023,9385,376,3598,2324,0,2659,0
31/07/2023,5301,675,3283,3348,0,2612,0
31/07/2023,9597,650,3128,3898,0,1123,0
31/07/2023,5090,434,2121,3657,0,2966,0
31/07/2023,5050,598,3379,3248,0,1231,0
31/07/2023,9471,377,1931,2880,0,2501,0
31/07/2023,5668,550,1489,3684,0,2071,0
31/07/2023,9375,649,1619,1622,0,2616,0
31/07/2023,9312,482,3806,3542,0,2047,0
31/07/2023,9278,530,2749,2130,0,1384,0
31/07/2023,6963,307,1201,1338,0,2325,0
31/07/2023,5981,433,3666,2084,0,1740,0
01/08/2023,5189,517,1110,2226,0,1072,0
01/08/2023,6961,535,1814,2397,0,1791,0
01/08/2023,5865,677,1520,3505,0,2296,0
01/08/2023,7094,439,1231,1857,0,1412,0
01/08/2023,9965,496,2112,2387,0,2814,0
01/08/2023,6559,677,1395,3027,0,2548,0
01/08/2023,8391,615,3178,2692,0,1556,0
01/08/2023,7654,350,3667,1890,0,2989,0
01/08/2023,6658,618,3345,1559,0,1882,0
01/08/2023,7638,499,2849,2278,0,1838,0
01/08/2023,6454,448,1421,1849,0,1271,0
01/08/2023,7058,506,1674,1866,0,1798,0
01/08/2023,9793,494,1823,2525,0,1132,0
02/08/2023,5400,521,1829,2334,0,1636,0
02/08/2023,8437,532,3398,2668,0,1421,0
02/08/2023,5118,454,2082,2747,0,1727,0
02/08/2023,8538,398,1391,3233,0,1496,0
02/08/2023,6649,353,2812,1797,0,1813,0
02/08/2023,7917,553,2584,3527,0,2509,0
02/08/2023,6016,593,3923,3742,0,2709,0
02/08/2023,8798,656,3330,3118,0,2653,0
02/08/2023,8458,341,1581,3898,0,2543,0
02/08/2023,8448,453,3480,2624,0,1595,0
02/08/2023,5493,600,3599,3220,0,2218,0
02/08/2023,8177,343,3481,1632,0,2508,0
03/08/2023,6256,468,2387,3712,0,2410,0
03/08/2023,9828,587,3778,2457,0,2655,0
03/08/2023,8653,364,1615,1893,0,1521,0
03/08/2023,7254,606,3060,2993,0,1041,0
03/08/2023,5459,376,1494,3456,0,1832,0
03/08/2023,8354,309,1213,1762,0,2933,0
03/08/2023,8091,630,3095,2333,0,2679,0
03/08/2023,7872,502,1698,3708,0,2507,0
03/08/2023,8475,407,2024,3130,0,2756,0
03/08/2023,6861,696,3400,1338,0,1958,0
03/08/2023,9382,416,3604,3196,0,2195,0
03/08/2023,6265,608,2802,2383,0,2935,0
04/08/2023,7386,481,2376,2676,0,2164,0
04/08/2023,7657,517,2966,1090,0,2836,0
04/08/2023,7552,392,1017,2032,0,1212,0
04/08/2023,8509,546,2477,1729,0,2705,0
04/08/2023,7066,310,3193,2829,0,1495,0
04/08/2023,8335,590,1204,3847,0,1326,0
04/08/2023,8697,468,2263,2838,0,1671,0
04/08/2023,7616,513,2899,1049,0,2230,0
04/08/2023,9310,619,1825,3918,0,2956,0
04/08/2023,7079,498,1419,2264,0,2851,0
04/08/2023,8196,536,3366,1003,0,2957,0
04/08/2023,6691,674,1868,1699,0,1646,0
05/08/2023,8331,371,1008,3631,0,1432,0
05/08/2023,7450,337,1971,3978,0,1942,0
05/08/2023,7353,311,3069,2414,0,2365,0
05/08/2023,8777,598,3510,3908,0,1110,0
05/08/2023,7086,450,1497,3681,0,2843,0
05/08/2023,9598,337,1067,3518,0,2458,0
05/08/2023,7027,376,2474,3371,0,2229,0
05/08/2023,6955,462,2336,3367,0,2809,0
05/08/2023,5708,597,3658,3782,0,2789,0
05/08/2023,7843,332,1519,1835,0,1211,0
05/08/2023,5600,374,3613,1633,0,2922,0
05/08/2023,8732,404,1469,1605,0,2996,0
06/08/2023,5345,516,2836,3260,0,2434,0
06/08/2023,9168,671,3965,1598,0,2797,0
06/08/2023,6063,536,2571,1299,0,2653,0
06/08/2023,7103,538,3651,1384,0,2202,0
06/08/2023,7273,310,2260,2561,0,1149,0
06/08/2023,5037,513,1070,3964,0,2275,0
06/08/2023,7876,358,1770,1702,0,2703,0
06/08/2023,8461,324,3437,1700,0,2160,0
06/08/2023,8524,539,3794,3909,0,1732,0
06/08/2023,5770,334,2501,1228,0,2079,0
06/08/2023,5215,570,3342,1536,0,2910,0
06/08/2023,8422,638,2468,3533,0,2513,0
07/08/2023,8455,485,2350,2935,0,2919,0
07/08/2023,8232,587,3213,2272,0,2642,0
07/08/2023,6672,639,2087,1305,0,1681,0
07/08/2023,6040,552,1176,1132,0,2676,0
07/08/2023,5376,434,3257,2695,0,1102,0
07/08/2023,6730,498,3716,1316,0,2802,0
07/08/2023,9882,342,3566,2620,0,2281,0
07/08/2023,7192,326,2908,3854,0,2137,0
07/08/2023,9358,405,1314,3284,0,2245,0
07/08/2023,7925,332,1308,2602,0,1028,0
07/08/2023,5169,553,3298,2041,0,1855,0
07/08/2023,9588,678,1551,2623,0,2659,0
07/08/2023,6840,586,1880,3837,0,2596,0
08/08/2023,6502,613,1293,1369,0,1622,0
08/08/2023,6479,378,3393,2920,0,2860,0
08/08/2023,8674,324,1505,1782,0,1612,0
08/08/2023,6859,343,2815,1909,0,2660,0
08/08/2023,6044,560,3098,2171,0,2553,0
08/08/2023,6067,531,1894,2493,0,1352,0
08/08/2023,8360,649,3430,3429,0,2830,0
08/08/2023,9540,552,2055,3062,0,1762,0
08/08/2023,5709,317,1296,1099,0,1624,0
08/08/2023,7984,510,2791,3569,0,2328,0
08/08/2023,5997,604,3530,2058,0,1760,0
08/08/2023,6975,546,3266,3500,0,1981,0
08/08/2023,7506,553,2538,1575,0,2420,0
09/08/2023,9985,655,3626,3148,0,1067,0
09/08/2023,7987,595,1891,3934,0,1460,0
09/08/2023,7583,435,2645,1894,0,2228,0
09/08/2023,9784,515,3919,1331,0,1244,0
09/08/2023,7814,621,1641,2234,0,1067,0
09/08/2023,5585,540,2673,1972,0,1620,0
09/08/2023,7920,417,3023,3095,0,1308,0
09/08/2023,9836,562,1887,3963,0,1605,0
09/08/2023,8816,495,1024,2995,0,1982,0
09/08/2023,8188,414,1571,1127,0,2503,0
09/08/2023,8215,549,2997,2591,0,2705,0
09/08/2023,5259,303,1443,2379,0,2761,0
09/08/2023,6631,380,2262,2176,0,2703,0
09/08/2023,5764,603,3560,2753,0,1709,0
10/08/2023,5852,519,1207,1422,0,2964,0
10/08/2023,6349,411,1167,3402,0,1494,0
10/08/2023,6396,539,2313,2352,0,1894,0
10/08/2023,5040,671,1098,3413,0,1591,0
10/08/2023,5915,644,1923,1937,0,2848,0
10/08/2023,5021,603,3476,3419,0,2341,0
10/08/2023,9574,480,2494,2626,0,1538,0
10/08/2023,5507,331,3101,3900,0,1497,0
10/08/2023,7980,436,2687,2248,0,2775,0
10/08/2023,6688,649,3356,2261,0,1550,0
10/08/2023,9772,487,1443,1206,0,2749,0
10/08/2023,6040,442,1070,1622,0,1486,0
10/08/2023,5241,664,2235,2622,0,2310,0
10/08/2023,8158,597,1588,1960,0,1052,0
11/08/2023,5139,675,1120,1461,0,2255,0
11/08/2023,8556,626,3788,3675,0,2643,0
11/08/2023,9777,496,3952,2224,0,2107,0
11/08/2023,5506,385,2395,3568,0,1952,0
11/08/2023,8460,482,2579,3052,0,2584,0
11/08/2023,5139,641,3961,3368,0,1813,0
11/08/2023,6309,414,3698,3505,0,2449,0
11/08/2023,6894,452,1870,1928,0,2051,0
11/08/2023,9635,588,2969,1697,0,2124,0
11/08/2023,6070,521,3759,2069,0,2529,0
11/08/2023,9942,456,2165,3131,0,1613,0
11/08/2023,8814,591,3882,2766,0,1202,0
11/08/2023,5364,311,2788,1459,0,2586,0
11/08/2023,6817,336,3828,1171,0,1082,0
12/08/2023,5565,552,1553,2313,0,1091,0
12/08/2023,8294,455,3219,2123,0,2127,0
12/08/2023,6075,316,1645,3200,0,1258,0
12/08/2023,5632,503,3679,2935,0,1664,0
12/08/2023,6833,477,1591,1564,0,2953,0
12/08/2023,8080,520,1345,2261,0,1812,0
12/08/2023,6764,678,1455,3194,0,2630,0
12/08/2023,7474,608,3921,3360,0,2034,0
12/08/2023,8879,306,1463,3355,0,2675,0
12/08/2023,9022,652,3951,2459,0,1179,0
12/08/2023,6629,641,2467,2465,0,2145,0
12/08/2023,5256,673,3194,3114,0,1833,0
12/08/2023,7429,547,2208,1952,0,1682,0
12/08/2023,9378,487,3257,3825,0,2215,0
13/08/2023,5731,364,1711,1382,0,2294,0
13/08/2023,7741,513,2827,3671,0,2229,0
13/08/2023,9957,359,2911,3146,0,1567,0
13/08/2023,5929,696,2427,3511,0,1551,0
13/08/2023,5105,643,3731,3447,0,2267,0
13/08/2023,8871,576,3494,1626,0,2132,0
13/08/2023,9751,347,2783,2668,0,2760,0
13/08/2023,8464,326,1906,3499,0,2354,0
13/08/2023,6084,539,3772,2892,0,1747,0
13/08/2023,9322,616,2788,2237,0,1929,0
13/08/2023,5459,635,1636,1068,0,1691,0
13/08/2023,5864,395,2371,3769,0,2138,0
13/08/2023,6055,478,2107,1466,0,1619,0
14/08/2023,7067,493,3371,1893,0,2728,0
14/08/2023,7823,530,2784,2508,0,1622,0
14/08/2023,7398,519,2529,1209,0,1311,0
14/08/2023,8031,488,2777,2875,0,1716,0
14/08/2023,8628,695,3604,3419,0,2416,0
14/08/2023,7198,577,3045,2945,0,2253,0
14/08/2023,6503,482,3581,1074,0,2522,0
14/08/2023,9925,460,1546,3329,0,1276,0
14/08/2023,9786,331,1789,2680,0,2707,0
14/08/2023,7626,345,1183,3996,0,2246,0
14/08/2023,9874,498,2507,2833,0,2312,0
14/08/2023,6277,307,2711,2666,0,2625,0
14/08/2023,6195,431,1510,3947,0,2884,0
14/08/2023,8873,571,3524,3982,0,1205,0
15/08/2023,9176,417,2628,1332,0,2154,0
15/08/2023,5490,637,1553,2301,0,1031,0
15/08/2023,9940,434,1066,1403,0,2473,0
15/08/2023,6354,418,3232,2055,0,2191,0
15/08/2023,7699,398,3510,2685,0,1878,0
15/08/2023,5140,402,1654,2432,0,1709,0
15/08/2023,5054,612,2428,1476,0,2385,0
15/08/2023,6510,385,3332,3932,0,1891,0
15/08/2023,7363,662,2127,3409,0,2399,0
15/08/2023,7450,681,3037,1557,0,2771,0
15/08/2023,7275,595,3083,3590,0,2177,0
15/08/2023,5331,552,3311,2957,0,1561,0
15/08/2023,8521,575,1575,3316,0,1060,0
15/08/2023,8302,633,3940,1270,0,1431,0
16/08/2023,7844,613,2302,2303,0,2629,0
16/08/2023,6193,346,1425,3912,0,1885,0
16/08/2023,8946,444,2923,1347,0,1354,0
16/08/2023,6369,651,1735,1113,0,1355,0
16/08/2023,7457,522,1443,3576,0,1282,0
16/08/2023,5145,477,2256,3265,0,2393,0
16/08/2023,9243,420,1651,2762,0,2045,0
16/08/2023,5293,357,1006,2147,0,2678,0
16/08/2023,8276,319,1924,3002,0,2527,0
16/08/2023,9743,564,1366,1997,0,2710,0
16/08/2023,8384,428,2444,3925,0,1503,0
16/08/2023,5888,616,1919,2356,0,2927,0
16/08/2023,7243,405,2421,1152,0,2485,0
16/08/2023,8555,629,3067,3040,0,2331,0
17/08/2023,7180,620,1485,1573,0,2665,0
17/08/2023,9342,590,3257,2536,0,1711,0
17/08/2023,5211,305,1536,2507,0,1436,0
17/08/2023,7937,700,3782,1382,0,2737,0
17/08/2023,8457,464,2349,1402,0,1393,0
17/08/2023,7346,621,3062,1679,0,1978,0
17/08/2023,8828,554,1284,2344,0,2788,0
17/08/2023,8469,551,3726,3717,0,1677,0
17/08/2023,9936,654,2848,3387,0,1460,0
17/08/2023,6606,348,2003,1598,0,1530,0
17/08/2023,6165,393,3621,3124,0,2155,0
17/08/2023,9112,363,2766,2327,0,1461,0
17/08/2023,9299,608,3277,3015,0,2889,0
17/08/2023,6438,422,3880,1318,0,2757,0
18/08/2023,9045,400,1993,1649,0,2251,0
18/08/2023,6733,557,3995,1276,0,1933,0
18/08/2023,7950,357,2781,2016,0,1844,0
18/08/2023,5689,614,1556,2920,0,2543,0
18/08/2023,7943,610,2750,3117,0,2503,0
18/08/2023,6204,616,1035,3234,0,2605,0
18/08/2023,6605,401,1297,1753,0,1472,0
18/08/2023,9671,411,3358,1298,0,2606,0
18/08/2023,6242,486,3279,1517,0,1655,0
18/08/2023,6869,310,2964,1297,0,1838,0
18/08/2023,9953,572,3466,1072,0,2523,0
18/08/2023,9679,637,1916,1564,0,1946,0
18/08/2023,8074,344,2785,1473,0,1508,0
18/08/2023,5686,477,2752,1665,0,2993,0
19/08/2023,6378,591,1749,2737,0,1849,0
19/08/2023,8862,366,3999,2178,0,2304,0
19/08/2023,9734,608,1989,1058,0,1840,0
19/08/2023,9903,634,1759,3159,0,1418,0
19/08/2023,6835,386,3763,1706,0,2455,0
19/08/2023,6476,578,1615,3657,0,1587,0
19/08/2023,5289,571,2910,2576,0,2681,0
19/08/2023,8196,302,2935,2969,0,1019,0
19/08/2023,8609,599,2592,3689,0,2010,0
19/08/2023,7208,446,2548,3574,0,1308,0
19/08/2023,5850,550,2160,1957,0,2994,0
19/08/2023,7422,655,1883,2282,0,1477,0
19/08/2023,7856,360,3639,3782,0,1823,0
20/08/2023,5764,532,2839,1490,0,1255,0
20/08/2023,8826,461,2984,3420,0,2706,0
20/08/2023,6353,501,3347,3049,0,2612,0
20/08/2023,8564,488,3195,2752,0,2054,0
20/08/2023,5394,596,2886,2732,0,2998,0
20/08/2023,5313,597,3544,2742,0,2306,0
20/08/2023,9059,610,2979,2187,0,1291,0
20/08/2023,9227,496,1940,1119,0,1129,0
20/08/2023,6162,364,1100,3578,0,2850,0
20/08/2023,8076,563,2028,2873,0,2148,0
20/08/2023,6870,395,2198,1334,0,2943,0
20/08/2023,7881,379,1083,3106,0,1869,0
20/08/2023,8145,542,2951,1663,0,2611,0
21/08/2023,6863,387,2643,2733,0,2802,0
21/08/2023,8317,677,3642,2653,0,1332,0
21/08/2023,6572,568,1624,1080,0,1058,0
21/08/2023,7214,623,1278,3174,0,1826,0
21/08/2023,6154,592,3092,1734,0,1997,0
21/08/2023,8039,312,1216,2438,0,1282,0
21/08/2023,5451,556,3798,3519,0,1441,0
21/08/2023,7495,512,2942,3885,0,1873,0
21/08/2023,7217,315,1087,3538,0,1276,0
21/08/2023,7560,613,2967,3428,0,2813,0
21/08/2023,9840,400,3427,3471,0,2641,0
21/08/2023,7394,409,3642,3817,0,2514,0
21/08/2023,6716,694,1953,3389,0,1313,0
21/08/2023,6508,308,1394,2739,0,2905,0
22/08/2023,8217,524,3662,1236,0,1519,0
22/08/2023,9585,583,2396,1137,0,2625,0
22/08/2023,8267,558,2366,1793,0,2646,0
22/08/2023,6472,494,1365,3902,0,1172,0
22/08/2023,6963,492,2572,1258,0,1176,0
22/08/2023,5992,496,1035,1688,0,1861,0
22/08/2023,9651,338,3532,2768,0,2547,0
22/08/2023,7084,686,1389,1279,0,2901,0
22/08/2023,9946,355,3241,2903,0,1446,0
22/08/2023,5742,557,2275,1169,0,1880,0
22/08/2023,8582,606,3687,3840,0,2352,0
22/08/2023,9099,341,3082,1443,0,1344,0
22/08/2023,7476,578,2647,3238,0,1259,0
22/08/2023,9240,476,3422,2688,0,1160,0
23/08/2023,8104,344,1409,2643,0,2353,0
23/08/2023,5638,601,1706,1162,0,2299,0
23/08/2023,9436,663,3974,2243,0,1837,0
23/08/2023,9623,511,3302,3955,0,1823,0
23/08/2023,6211,661,1402,3622,0,1956,0
23/08/2023,5765,693,3215,1991,0,1360,0
23/08/2023,5798,379,3316,3203,0,2808,0
23/08/2023,7015,386,3696,2379,0,1569,0
23/08/2023,8606,695,2942,1403,0,2182,0
23/08/2023,6135,558,1292,2533,0,1653,0
23/08/2023,8227,674,1526,3550,0,1419,0
23/08/2023,6447,582,3746,1307,0,1004,0
23/08/2023,9690,676,2951,1494,0,2261,0
23/08/2023,5259,409,2030,3174,0,1574,0
24/08/2023,8042,645,2332,3052,0,1467,0
24/08/2023,6570,403,3442,1347,0,2736,0
24/08/2023,6027,677,3136,2990,0,1117,0
24/08/2023,6195,401,3691,2193,0,2574,0
24/08/2023,9420,385,1405,3751,0,1677,0
24/08/2023,8941,659,2336,2682,0,1743,0
24/08/2023,7864,626,2692,1166,0,2361,0
24/08/2023,8184,414,3781,1673,0,1093,0
24/08/2023,5181,402,1501,1350,0,1245,0
24/08/2023,5190,535,1453,3421,0,1094,0
24/08/2023,5511,511,1923,3542,0,1443,0
24/08/2023,6450,591,3094,3468,0,1242,0
24/08/2023,5122,303,2394,3924,0,1761,0
24/08/2023,6008,302,1003,1139,0,1190,0
25/08/2023,8287,301,3760,1997,0,1477,0
25/08/2023,8613,676,1535,1721,0,1862,0
25/08/2023,5368,428,2227,2023,0,1853,0
25/08/2023,8434,467,1112,2994,0,2483,0
25/08/2023,9360,627,2574,1411,0,1022,0
25/08/2023,5579,309,2900,3752,0,1758,0
25/08/2023,8622,426,1544,2106,0,1829,0
25/08/2023,6253,479,2152,1566,0,2264,0
25/08/2023,5286,428,2856,3358,0,2930,0
25/08/2023,8116,380,1360,3632,0,1192,0
25/08/2023,6287,505,1514,2088,0,1571,0
25/08/2023,5222,637,3420,3883,0,1373,0
25/08/2023,7682,384,3535,3134,0,1591,0
25/08/2023,6966,300,3589,1727,0,2980,0
26/08/2023,6339,354,3401,2961,0,2867,0
26/08/2023,5386,371,2503,1274,0,2630,0
26/08/2023,6904,648,3649,1178,0,1112,0
26/08/2023,8945,544,2675,3919,0,2198,0
26/08/2023,8712,421,2114,2382,0,1105,0
26/08/2023,7371,616,1746,3811,0,2671,0
26/08/2023,6361,453,2599,1426,0,2483,0
26/08/2023,6525,370,3312,1257,0,2602,0
26/08/2023,8180,415,3371,3055,0,2770,0
26/08/2023,6924,626,1359,2469,0,2020,0
26/08/2023,9093,415,2428,1579,0,1630,0
26/08/2023,6400,565,2165,1009,0,1179,0
26/08/2023,6363,510,3326,3501,0,1087,0
26/08/2023,8013,468,1007,3335,0,1357,0
27/08/2023,6844,559,2123,2442,0,1468,0
27/08/2023,5434,492,3691,3623,0,1362,0
27/08/2023,9709,602,2495,1881,0,1323,0
27/08/2023,5337,643,2102,2165,0,1904,0
27/08/2023,8607,392,1734,1113,0,2293,0
27/08/2023,8401,669,2090,2747,0,1017,0
27/08/2023,6867,351,1410,1186,0,1124,0
27/08/2023,9242,529,1132,1957,0,1330,0
27/08/2023,7710,392,3279,1500,0,1085,0
27/08/2023,5195,407,2954,3015,0,1122,0
27/08/2023,7499,319,2345,3744,0,2100,0
27/08/2023,6373,686,1845,1655,0,1591,0
28/08/2023,8724,316,3528,1494,0,2138,0
28/08/2023,6197,598,3470,2808,0,1694,0
28/08/2023,5237,698,3470,3002,0,1590,0
28/08/2023,8244,335,2645,1834,0,1714,0
28/08/2023,6218,480,3791,2418,0,2798,0
28/08/2023,9530,657,3620,3732,0,1699,0
28/08/2023,6905,311,3142,2237,0,2245,0
28/08/2023,7337,670,1968,2679,0,1989,0
28/08/2023,9072,691,3946,2779,0,1467,0
28/08/2023,8770,512,1336,2913,0,2314,0
28/08/2023,6634,350,3423,2817,0,2271,0
28/08/2023,7549,670,2178,1578,0,1611,0
28/08/2023,8881,450,1038,2335,0,1078,0
29/08/2023,5693,611,2297,2915,0,1995,0
29/08/2023,7445,306,1781,2341,0,2350,0
29/08/2023,8707,482,3849,2358,0,2881,0
29/08/2023,7720,371,1264,1905,0,1558,0
29/08/2023,9959,416,3092,2252,0,2353,0
29/08/2023,8449,389,1810,2423,0,1962,0
29/08/2023,6534,531,2992,3357,0,2081,0
29/08/2023,7360,440,3807,3704,0,2887,0
29/08/2023,6531,548,3206,3259,0,1005,0
29/08/2023,7108,563,2705,2373,0,2868,0
29/08/2023,9723,580,1223,2160,0,1585,0
29/08/2023,9581,650,2034,3826,0,1089,0
29/08/2023,5923,311,1446,1763,0,1428,0
30/08/2023,8752,312,1179,3708,0,2868,0
30/08/2023,9572,331,3184,3453,0,2565,0
30/08/2023,9093,395,2620,2105,0,1249,0
30/08/2023,5129,387,2883,2889,0,1138,0
30/08/2023,7391,673,3924,3509,0,2797,0
30/08/2023,9926,497,2958,3482,0,1861,0
30/08/2023,5967,464,1148,1901,0,1252,0
30/08/2023,9410,446,3495,3588,0,1261,0
30/08/2023,7780,685,1899,1911,0,2443,0
30/08/2023,8072,534,3853,2659,0,2142,0
30/08/2023,8588,632,1632,1897,0,2309,0
30/08/2023,8882,350,2550,2096,0,1084,0
30/08/2023,5849,552,2752,2329,0,2054,0
30/08/2023,7293,393,3332,3501,0,2263,0
31/08/2023,6438,662,1856,1083,0,2056,0
31/08/2023,6725,437,3471,1216,0,1537,0
31/08/2023,7699,520,1828,2195,0,2884,0
31/08/2023,9632,663,2679,2059,0,2592,0
31/08/2023,6994,405,3822,2637,0,1795,0
31/08/2023,7997,461,1225,2501,0,2000,0
31/08/2023,8778,577,2678,2490,0,1890,0
31/08/2023,9679,469,1289,2714,0,2195,0
31/08/2023,6610,469,3046,2093,0,2155,0
31/08/2023,8801,398,1823,3750,0,1887,0
31/08/2023,6482,318,1485,3267,0,2867,0
31/08/2023,5558,516,3141,2921,0,1841,0
31/08/2023,8330,411,1264,1566,0,2835,0
31/08/2023,9421,685,1705,1766,0,1603,0
01/09/2023,5686,695,1512,1389,0,2274,0
01/09/2023,5102,401,1680,1739,0,2322,0
01/09/2023,8980,529,3525,1515,0,2653,0
01/09/2023,8640,550,3087,3971,0,2172,0
01/09/2023,7670,326,2208,1747,0,1167,0
01/09/2023,9276,635,2013,2529,0,1261,0
01/09/2023,9527,439,2782,3087,0,2347,0
01/09/2023,7555,523,2962,3587,0,2593,0
01/09/2023,6337,671,2336,1205,0,2929,0
01/09/2023,8674,698,2139,1047,0,2330,0
01/09/2023,7230,382,1577,2865,0,2382,0
01/09/2023,7556,617,1414,2580,0,2905,0
01/09/2023,6824,654,2877,2585,0,2181,0
01/09/2023,8655,664,3741,3657,0,2324,0
02/09/2023,5561,324,1521,2786,0,2138,0
02/09/2023,7695,610,1238,2137,0,1644,0
02/09/2023,5049,469,3808,1564,0,2656,0
02/09/2023,7537,555,1987,3415,0,2395,0
02/09/2023,9236,590,2544,3195,0,2895,0
02/09/2023,9224,306,1939,3650,0,2833,0
02/09/2023,8574,684,2984,2659,0,2601,0
02/09/2023,6641,497,2739,1570,0,2303,0
02/09/2023,7725,592,3593,2492,0,1760,0
02/09/2023,6767,691,3909,3353,0,2476,0
02/09/2023,8109,578,1459,2945,0,1894,0
02/09/2023,8475,441,1442,3336,0,1653,0
02/09/2023,6315,372,3704,1186,0,2994,0
03/09/2023,7154,376,3087,3174,0,1498,0
03/09/2023,9483,335,2188,3561,0,1355,0
03/09/2023,8247,584,1545,3350,0,1474,0
03/09/2023,6871,325,1675,3385,0,2289,0
03/09/2023,7403,403,3344,2449,0,1803,0
03/09/2023,9820,675,2148,3046,0,2836,0
03/09/2023,7710,530,3175,2405,0,2553,0
03/09/2023,7130,634,2948,2159,0,2927,0
03/09/2023,9685,621,2143,2727,0,2340,0
03/09/2023,5505,645,1702,3574,0,2113,0
03/09/2023,9530,374,2234,2701,0,1113,0
03/09/2023,8611,614,2104,1116,0,2475,0
04/09/2023,9776,582,3807,3502,0,1286,0
04/09/2023,8665,390,3287,1661,0,2738,0
04/09/2023,5615,607,1141,3386,0,2521,0
04/09/2023,8884,329,2012,3539,0,1253,0
04/09/2023,8265,606,1777,2082,0,2871,0
04/09/2023,8713,537,2065,2034,0,1491,0
04/09/2023,7120,544,1412,3374,0,2457,0
04/09/2023,6566,538,2400,1241,0,1655,0
04/09/2023,7230,531,3324,1850,0,2264,0
04/09/2023,8576,437,3136,2365,0,2737,0
04/09/2023,9034,654,2702,2368,0,2556,0
04/09/2023,9697,498,2204,3157,0,1053,0
04/09/2023,7084,493,3770,2134,0,1628,0
04/09/2023,7228,517,1302,2782,0,2020,0
05/09/2023,8896,447,3692,1838,0,2007,0
05/09/2023,9135,523,1896,1134,0,2692,0
05/09/2023,7548,685,2336,3518,0,2653,0
05/09/2023,8699,536,1993,3523,0,2987,0
05/09/2023,6463,453,2394,1960,0,1644,0
05/09/2023,5610,331,1243,3744,0,2717,0
05/09/2023,5309,412,2192,3441,0,2209,0
05/09/2023,9526,439,3447,2856,0,1170,0
05/09/2023,6971,599,1415,3614,0,2373,0
05/09/2023,5590,567,3398,3389,0,1337,0
05/09/2023,9650,333,1733,1518,0,1446,0
05/09/2023,5736,605,3255,3308,0,1558,0
05/09/2023,9325,467,1009,1859,0,1590,0
06/09/2023,9163,480,1259,1748,0,2933,0
06/09/2023,9444,523,3559,3059,0,2414,0
06/09/2023,5616,333,2550,2218,0,2403,0
06/09/2023,8724,335,1971,1963,0,2455,0
06/09/2023,5209,525,1673,3201,0,1373,0
06/09/2023,9406,507,1987,3485,0,1793,0
06/09/2023,7244,553,2466,1299,0,1212,0
06/09/2023,8159,532,2512,2139,0,1750,0
06/09/2023,5557,612,3647,3468,0,1571,0
06/09/2023,6918,562,1012,3090,0,2401,0
06/09/2023,9808,675,1526,2533,0,1690,0
06/09/2023,9781,342,1828,2533,0,1617,0
06/09/2023,7690,582,1990,3135,0,1421,0
07/09/2023,5754,410,1154,2685,0,1782,0
07/09/2023,8812,638,1790,3860,0,2808,0
07/09/2023,5926,516,2191,1490,0,1747,0
07/09/2023,9998,569,2838,3089,0,1964,0
07/09/2023,8094,386,3566,3675,0,1140,0
07/09/2023,7375,479,3732,3832,0,2946,0
07/09/2023,6998,633,3253,3967,0,2998,0
07/09/2023,7283,515,1086,3918,0,2545,0
07/09/2023,9955,685,3033,1269,0,2939,0
07/09/2023,5836,672,1156,3457,0,1269,0
07/09/2023,7091,664,3442,2656,0,1606,0
07/09/2023,5378,664,3903,3356,0,2712,0
07/09/2023,6485,306,2387,3311,0,1006,0
08/09/2023,5378,354,1298,1800,0,1624,0
08/09/2023,6974,455,1179,1846,0,2083,0
08/09/2023,8734,313,1533,3910,0,2249,0
08/09/2023,8283,347,2948,2683,0,2234,0
08/09/2023,6189,514,2186,2715,0,2676,0
08/09/2023,9685,539,1611,1881,0,1408,0
08/09/2023,5066,364,3668,3161,0,1311,0
08/09/2023,6954,428,1764,1993,0,2485,0
08/09/2023,9242,685,2689,2372,0,1144,0
08/09/2023,7708,308,3083,3898,0,2012,0
08/09/2023,8702,418,1513,2069,0,1592,0
08/09/2023,8917,506,2695,2048,0,1331,0
08/09/2023,5892,394,2815,1514,0,2392,0
08/09/2023,6297,372,2348,1587,0,1418,0
09/09/2023,5266,700,3869,2830,0,2515,0
09/09/2023,5461,465,3043,3248,0,1558,0
09/09/2023,8902,382,3255,3556,0,1438,0
09/09/2023,8996,587,1579,2539,0,1153,0
09/09/2023,8705,457,1416,1568,0,1964,0
09/09/2023,9351,402,3739,1508,0,2555,0
09/09/2023,7956,439,1112,3869,0,2509,0
09/09/2023,9013,313,3232,2703,0,1352,0
09/09/2023,7886,331,3784,2465,0,2240,0
09/09/2023,9544,306,1966,3528,0,2794,0
09/09/2023,5339,675,1569,1305,0,1699,0
09/09/2023,9554,639,3793,2802,0,2150,0
09/09/2023,9847,362,1144,3805,0,2935,0
10/09/2023,7882,538,2326,2285,0,2537,0
10/09/2023,7876,652,3842,1590,0,2494,0
10/09/2023,9801,646,3546,2210,0,1986,0
10/09/2023,5347,449,1758,1646,0,1129,0
10/09/2023,5526,555,2683,1592,0,1021,0
10/09/2023,6334,652,2481,2944,0,1235,0
10/09/2023,5112,548,3113,1717,0,2887,0
10/09/2023,8339,542,2754,1419,0,2231,0
10/09/2023,5727,542,2896,3862,0,1712,0
10/09/2023,9567,538,1417,1004,0,1419,0
10/09/2023,8818,582,2014,2126,0,2574,0
10/09/2023,7725,358,1329,3221,0,2071,0
10/09/2023,7304,385,2206,1669,0,2742,0
11/09/2023,8149,543,1261,1305,0,1572,0
11/09/2023,5587,534,2106,1101,0,2394,0
11/09/2023,7725,550,1468,3761,0,1075,0
11/09/2023,6188,679,2822,1602,0,2536,0
11/09/2023,5095,339,2433,1745,0,2297,0
11/09/2023,6466,420,3006,1869,0,1603,0
11/09/2023,5317,321,2875,2586,0,1247,0
11/09/2023,7794,396,1376,3249,0,2121,0
11/09/2023,6488,615,3367,2783,0,1789,0
11/09/2023,9507,679,1232,1834,0,2908,0
11/09/2023,7055,613,3655,3342,0,1251,0
11/09/2023,9377,625,3106,2114,0,2889,0
11/09/2023,7261,474,2457,1788,0,1997,0
11/09/2023,8264,641,1788,1278,0,2491,0
12/09/2023,5917,597,2472,2997,0,2998,0
12/09/2023,7077,505,1165,3515,0,1558,0
12/09/2023,9825,315,2361,3566,0,1131,0
12/09/2023,5804,566,3528,2128,0,2513,0
12/09/2023,9543,544,2299,1172,0,2528,0
12/09/2023,8279,594,2226,2887,0,1447,0
12/09/2023,9676,650,1201,1621,0,2295,0
12/09/2023,7167,620,3598,1833,0,1456,0
12/09/2023,6836,434,2362,3091,0,1158,0
12/09/2023,5271,668,3375,3267,0,1088,0
12/09/2023,9523,342,3962,2800,0,2338,0
12/09/2023,5943,500,1760,1759,0,1620,0
12/09/2023,7474,350,1876,2078,0,1851,0
12/09/2023,7016,403,1582,2948,0,1335,0
12/09/2023,6740,384,3622,3768,0,2548,0
13/09/2023,8930,347,1363,2892,0,2611,0
13/09/2023,6390,412,1265,3565,0,1914,0
13/09/2023,8819,392,3345,1372,0,2824,0
13/09/2023,7124,692,2277,1563,0,1708,0
13/09/2023,6071,580,3642,3398,0,1171,0
13/09/2023,8519,429,1361,3610,0,2461,0
13/09/2023,8462,376,3621,1961,0,2540,0
13/09/2023,9948,625,2254,2847,0,2686,0
13/09/2023,9607,459,3530,2215,0,2479,0
13/09/2023,7153,347,2772,1158,0,1687,0
13/09/2023,9071,675,2569,1371,0,2442,0
13/09/2023,6532,376,1324,1680,0,2060,0
13/09/2023,6028,651,3255,1837,0,1925,0
13/09/2023,8293,359,2906,2432,0,1161,0
13/09/2023,9947,403,1686,2344,0,1325,0
14/09/2023,9047,399,2748,1091,0,1850,0
14/09/2023,8127,385,3249,2039,0,1252,0
14/09/2023,8946,691,3255,1501,0,1374,0
14/09/2023,8396,517,2590,2353,0,2747,0
14/09/2023,7710,369,2175,3330,0,2721,0
14/09/2023,5676,330,3564,1995,0,2761,0
14/09/2023,5001,482,2313,1263,0,2454,0
14/09/2023,7162,537,3322,1871,0,2623,0
14/09/2023,5921,535,2628,3544,0,2129,0
14/09/2023,6694,630,2977,3714,0,2821,0
14/09/2023,5010,352,1842,2306,0,1723,0
14/09/2023,5161,498,3957,2267,0,2137,0
14/09/2023,5740,569,2890,3872,0,1018,0
14/09/2023,5739,314,3199,1555,0,2539,0
14/09/2023,7163,303,3768,3021,0,2233,0
15/09/2023,6203,382,2131,2345,0,1645,0
15/09/2023,7842,631,3114,3648,0,1845,0
15/09/2023,6377,671,3396,1699,0,2867,0
15/09/2023,5547,386,1620,2450,0,2108,0
15/09/2023,8134,653,2079,2614,0,2919,0
15/09/2023,8303,695,2722,2198,0,1825,0
15/09/2023,9211,457,2936,2233,0,2325,0
15/09/2023,8569,500,1277,3659,0,2031,0
15/09/2023,9796,508,3448,3615,0,1054,0
15/09/2023,7471,468,2764,1057,0,1257,0
15/09/2023,6489,377,3148,1471,0,2837,0
15/09/2023,8858,428,1767,3734,0,2207,0
15/09/2023,9835,389,2222,2665,0,1959,0
15/09/2023,8984,417,3525,2169,0,1297,0
15/09/2023,8297,666,1832,2522,0,2620,0
16/09/2023,6903,340,3289,1925,0,2250,0
16/09/2023,5344,419,2986,1829,0,1211,0
16/09/2023,5665,610,3308,1973,0,2004,0
16/09/2023,8082,616,1777,3254,0,2770,0
16/09/2023,8899,690,2704,1355,0,2353,0
16/09/2023,5405,523,3309,2422,0,2783,0
16/09/2023,6315,497,3019,1464,0,2972,0
16/09/2023,5787,332,3249,3002,0,1331,0
16/09/2023,8373,416,2463,1461,0,1651,0
16/09/2023,5348,647,2141,3627,0,2222,0
16/09/2023,9841,392,3890,2811,0,1794,0
16/09/2023,5388,465,2849,2855,0,1476,0
16/09/2023,8134,632,3726,1185,0,2356,0
17/09/2023,6530,525,3805,3250,0,2773,0
17/09/2023,7126,316,1884,3459,0,1671,0
17/09/2023,7044,374,1796,1395,0,1945,0
17/09/2023,6285,552,2386,1501,0,2014,0
17/09/2023,7065,562,2162,2950,0,2341,0
17/09/2023,7144,468,3794,3620,0,2999,0
17/09/2023,7460,365,1582,2430,0,1666,0
17/09/2023,5442,602,2150,2561,0,1049,0
17/09/2023,7690,435,1676,1002,0,1569,0
17/09/2023,8276,696,3095,2703,0,1301,0
17/09/2023,5467,686,1752,1306,0,2061,0
17/09/2023,7113,344,3606,1192,0,2446,0
17/09/2023,8203,521,3398,3608,0,1256,0
18/09/2023,7377,477,3916,2643,0,1093,0
18/09/2023,9655,635,3290,2478,0,2778,0
18/09/2023,9762,414,2398,3828,0,2727,0
18/09/2023,5142,366,3824,1542,0,1153,0
18/09/2023,6694,386,2401,2632,0,2322,0
18/09/2023,9153,628,2305,1554,0,1791,0
18/09/2023,8842,502,2641,2511,0,1895,0
18/09/2023,9732,505,2076,1466,0,2750,0
18/09/2023,5083,579,2795,3562,0,1962,0
18/09/2023,6756,313,1834,3764,0,1119,0
18/09/2023,7044,550,3702,2841,0,1916,0
18/09/2023,6349,507,2740,1520,0,2793,0
18/09/2023,9139,601,1768,2943,0,2419,0
19/09/2023,8803,313,1699,3005,0,1245,0
19/09/2023,8310,300,2365,3492,0,2656,0
19/09/2023,8888,456,2248,1007,0,2982,0
19/09/2023,5200,423,1515,3681,0,2530,0
19/09/2023,5684,421,3675,1586,0,2564,0
19/09/2023,8548,473,3443,3001,0,1942,0
19/09/2023,7963,673,1670,1780,0,1479,0
19/09/2023,8111,563,3337,1247,0,2911,0
19/09/2023,8299,340,2006,1171,0,2205,0
19/09/2023,6488,638,2700,3729,0,2510,0
19/09/2023,5818,431,1119,2090,0,1898,0
19/09/2023,6111,447,1471,1900,0,1511,0
19/09/2023,8223,514,1659,1902,0,1785,0
20/09/2023,8269,476,1505,3585,0,2361,0
20/09/2023,8324,431,1001,3993,0,2374,0
20/09/2023,8038,694,3571,1243,0,2759,0
20/09/2023,7274,627,3310,3520,0,2965,0
20/09/2023,9491,651,1556,1212,0,1067,0
20/09/2023,5805,490,1185,3420,0,1827,0
20/09/2023,6922,519,1650,3777,0,2903,0
20/09/2023,7665,315,1894,1560,0,1985,0
20/09/2023,5648,413,2878,2514,0,1476,0
20/09/2023,8364,399,2848,2484,0,1444,0
20/09/2023,6616,625,2638,2698,0,2735,0
20/09/2023,7089,686,2308,1651,0,1721,0
20/09/2023,7307,678,3205,3204,0,2597,0
21/09/2023,8880,681,3752,2116,0,2370,0
21/09/2023,7318,682,3022,1437,0,2529,0
21/09/2023,5206,546,3026,1195,0,1063,0
21/09/2023,8711,497,3154,3882,0,1879,0
21/09/2023,5698,468,2121,2809,0,1913,0
21/09/2023,7023,611,1962,1671,0,2569,0
21/09/2023,8257,582,1405,2195,0,1052,0
21/09/2023,5978,429,3261,1958,0,2004,0
21/09/2023,5102,420,2609,1848,0,2940,0
21/09/2023,9360,361,3927,1011,0,2949,0
21/09/2023,9659,684,3049,1090,0,2560,0
21/09/2023,8549,505,3594,2745,0,2713,0
21/09/2023,9600,625,2656,1206,0,2552,0
22/09/2023,8178,302,1246,3438,0,1674,0
22/09/2023,7748,537,3820,1083,0,2799,0
22/09/2023,6502,410,1165,1322,0,1190,0
22/09/2023,6675,592,2130,3734,0,1091,0
22/09/2023,9703,368,2019,3983,0,1908,0
22/09/2023,9284,690,1001,2488,0,1743,0
22/09/2023,6424,646,3128,2744,0,1403,0
22/09/2023,7767,339,2908,3064,0,2047,0
22/09/2023,9241,427,2726,1682,0,1110,0
22/09/2023,7528,678,2661,2303,0,2071,0
22/09/2023,6142,412,2506,3880,0,2121,0
22/09/2023,9864,633,3167,1375,0,1531,0
22/09/2023,6895,465,1961,3414,0,1437,0
23/09/2023,6184,446,1851,2259,0,1709,0
23/09/2023,6120,675,1603,3531,0,1993,0
23/09/2023,8478,493,2808,1273,0,1276,0
23/09/2023,9850,685,2772,3682,0,1426,0
23/09/2023,7876,380,3694,1698,0,1994,0
23/09/2023,6481,651,3493,1429,0,1020,0
23/09/2023,5844,573,1636,3491,0,1583,0
23/09/2023,8227,674,1763,2315,0,1051,0
23/09/2023,8148,551,3348,2879,0,2947,0
23/09/2023,7305,579,2688,1464,0,2217,0
23/09/2023,7927,326,1388,1511,0,2180,0
23/09/2023,6824,588,2363,1011,0,1957,0
23/09/2023,8292,452,1705,2618,0,2709,0
24/09/2023,5026,410,1494,3169,0,1426,0
24/09/2023,8432,359,3584,2391,0,1917,0
24/09/2023,7849,567,2872,1798,0,2283,0
24/09/2023,9379,476,2868,1531,0,1327,0
24/09/2023,5468,503,3982,1684,0,1499,0
24/09/2023,6351,489,2024,1362,0,1256,0
24/09/2023,8325,465,2602,2860,0,1869,0
24/09/2023,9377,674,2437,2981,0,2526,0
24/09/2023,7816,530,2250,3908,0,1606,0
24/09/2023,6571,556,3143,1279,0,2074,0
24/09/2023,7110,431,1004,3493,0,1374,0
24/09/2023,7038,687,3469,2802,0,1881,0
25/09/2023,9517,304,1537,1479,0,1582,0
25/09/2023,6023,547,2275,2055,0,2688,0
25/09/2023,7118,581,2373,2035,0,1701,0
25/09/2023,6187,609,2463,1807,0,1168,0
25/09/2023,7570,337,2441,2754,0,2337,0
25/09/2023,9666,308,1744,3591,0,2505,0
25/09/2023,8698,420,3187,1933,0,1745,0
25/09/2023,8755,550,2416,2933,0,2110,0
25/09/2023,5906,525,1874,3944,0,2687,0
25/09/2023,7913,672,1916,2302,0,2572,0
25/09/2023,7317,547,2312,2365,0,2386,0
25/09/2023,7280,645,2806,3787,0,2805,0
26/09/2023,7644,367,2897,1390,0,1774,0
26/09/2023,9197,519,2861,2534,0,2923,0
26/09/2023,7914,470,3550,1425,0,2754,0
26/09/2023,8447,323,2914,2216,0,1925,0
26/09/2023,5800,456,1708,1262,0,2697,0
26/09/2023,5343,349,1340,1348,0,1408,0
26/09/2023,6654,379,1560,3240,0,2387,0
26/09/2023,9557,574,2394,1346,0,1970,0
26/09/2023,7667,622,1104,3180,0,1464,0
26/09/2023,6828,528,2456,2389,0,2499,0
26/09/2023,5182,378,2648,1893,0,2642,0
26/09/2023,9747,460,3779,1317,0,2496,0
26/09/2023,7164,685,1943,2888,0,2019,0
27/09/2023,6739,353,2276,2522,0,2643,0
27/09/2023,9982,519,1476,1062,0,1312,0
27/09/2023,5000,550,1450,1415,0,2109,0
27/09/2023,9263,499,2136,2880,0,2946,0
27/09/2023,6742,343,2388,1019,0,1775,0
27/09/2023,9442,424,1207,2440,0,2329,0
27/09/2023,6266,411,2765,3713,0,1984,0
27/09/2023,9702,533,3196,2194,0,1163,0
27/09/2023,7539,392,3682,2416,0,1088,0
27/09/2023,9195,597,3968,1826,0,1531,0
27/09/2023,8412,323,2300,3666,0,1301,0
27/09/2023,9001,528,2464,3253,0,2878,0
27/09/2023,6205,384,1373,2932,0,1540,0
28/09/2023,5526,630,3400,1129,0,2681,0
28/09/2023,7241,412,3120,3066,0,1702,0
28/09/2023,6598,614,3918,3359,0,2286,0
28/09/2023,6119,456,3067,2672,0,2322,0
28/09/2023,6622,548,2482,3488,0,1529,0
28/09/2023,5938,503,3578,1974,0,1615,0
28/09/2023,7824,527,2208,2911,0,1384,0
28/09/2023,7204,355,2465,1839,0,2700,0
28/09/2023,7913,369,1681,3685,0,2782,0
28/09/2023,6436,639,1242,3282,0,2017,0
28/09/2023,8882,585,3407,1909,0,1049,0
28/09/2023,9411,345,2091,2603,0,1744,0
28/09/2023,8433,390,3202,3534,0,1105,0
29/09/2023,9652,410,1191,3841,0,2430,0
29/09/2023,6744,559,3928,2294,0,1372,0
29/09/2023,6890,413,1465,2213,0,2615,0
29/09/2023,5074,327,2739,3462,0,2090,0
29/09/2023,9289,634,3100,1114,0,1150,0
29/09/2023,6190,640,3343,3232,0,2619,0
29/09/2023,6660,354,1766,3050,0,2885,0
29/09/2023,6482,641,1651,3504,0,1488,0
29/09/2023,9372,564,1043,3454,0,2284,0
29/09/2023,6243,562,3932,2787,0,2616,0
29/09/2023,8699,567,1952,1752,0,2028,0
29/09/2023,8232,390,1777,3342,0,2586,0
29/09/2023,7823,364,2690,3796,0,2494,0
29/09/2023,6993,635,1893,3367,0,2886,0
30/09/2023,6562,459,2371,3919,0,1035,0
30/09/2023,8470,385,1783,1591,0,2944,0
30/09/2023,5895,521,3887,1486,0,2002,0
30/09/2023,9565,644,2768,3343,0,2963,0
30/09/2023,6205,434,1888,3875,0,2844,0
30/09/2023,6707,401,1623,3789,0,1025,0
30/09/2023,6023,592,1573,3367,0,2498,0
30/09/2023,6893,532,1407,2586,0,2478,0
30/09/2023,6382,478,1154,3658,0,2849,0
30/09/2023,8677,363,2179,2536,0,2658,0
30/09/2023,6118,617,2528,1642,0,2538,0
30/09/2023,7649,562,3195,1270,0,2006,0
01/10/2023,8887,691,3087,2786,0,2727,0
01/10/2023,8360,554,1198,3686,0,1237,0
01/10/2023,7969,445,3866,2712,0,1465,0
01/10/2023,5849,366,1076,1149,0,2046,0
01/10/2023,6171,467,3037,3120,0,1690,0
01/10/2023,5870,330,2537,3084,0,1779,0
01/10/2023,6759,444,3807,2556,0,1878,0
01/10/2023,8687,546,2574,2452,0,1319,0
01/10/2023,5148,531,1915,1244,0,1119,0
01/10/2023,8438,562,1880,3061,0,1538,0
01/10/2023,6541,602,1626,3327,0,1481,0
01/10/2023,9648,330,3744,3244,0,1134,0
02/10/2023,8106,644,3020,2540,0,2538,0
02/10/2023,8565,405,1738,1449,0,1458,0
02/10/2023,5251,685,1495,1115,0,2857,0
02/10/2023,9281,429,1601,1250,0,2334,0
02/10/2023,7205,544,3777,1361,0,2238,0
02/10/2023,5611,521,3100,1371,0,2754,0
02/10/2023,8240,637,3943,3126,0,2917,0
02/10/2023,7408,497,1253,3001,0,1439,0
02/10/2023,7799,590,2224,2139,0,1533,0
02/10/2023,6918,511,1220,3029,0,2254,0
02/10/2023,8312,510,2516,1239,0,2666,0
02/10/2023,5864,531,1518,2236,0,2338,0
03/10/2023,7736,377,1701,3413,0,2467,0
03/10/2023,5661,437,1142,1707,0,2344,0
03/10/2023,9781,544,1987,1327,0,1712,0
03/10/2023,6971,529,2784,3978,0,1505,0
03/10/2023,6723,524,3605,2755,0,1542,0
03/10/2023,8364,674,3754,2870,0,2820,0
03/10/2023,5009,483,2180,1022,0,1282,0
03/10/2023,5413,616,3273,1176,0,1247,0
03/10/2023,5661,467,1348,2777,0,2354,0
03/10/2023,5042,428,1847,1262,0,1303,0
03/10/2023,9731,617,1666,1257,0,1710,0
03/10/2023,6921,542,3619,2346,0,2348,0
04/10/2023,8177,321,1790,2696,0,1954,0
04/10/2023,8380,691,3729,1144,0,1864,0
04/10/2023,7466,698,1885,2094,0,1769,0
04/10/2023,9911,569,3563,2520,0,1172,0
04/10/2023,9731,569,3736,2349,0,2953,0
04/10/2023,7541,501,2209,2011,0,2312,0
04/10/2023,9179,449,1023,2884,0,2849,0
04/10/2023,7196,321,2911,1959,0,2933,0
04/10/2023,8738,483,1045,1660,0,1245,0
04/10/2023,9323,394,2760,2229,0,2174,0
04/10/2023,6620,487,1633,3116,0,2638,0
04/10/2023,5306,324,1306,3603,0,1943,0
04/10/2023,7404,457,2001,2242,0,1410,0
05/10/2023,7943,513,3379,3293,0,2225,0
05/10/2023,9286,387,3467,1679,0,1639,0
05/10/2023,5802,528,1552,3347,0,1898,0
05/10/2023,9250,389,1717,1757,0,2461,0
05/10/2023,7576,670,1044,1103,0,2956,0
05/10/2023,8647,545,3592,2779,0,1287,0
05/10/2023,6099,582,2805,2196,0,1667,0
05/10/2023,5532,542,2581,2366,0,1615,0
05/10/2023,6936,510,1239,1797,0,2554,0
05/10/2023,9401,677,2630,3517,0,2608,0
05/10/2023,5263,367,2549,1110,0,2055,0
05/10/2023,5883,375,2263,2097,0,2625,0
05/10/2023,5761,565,3936,1221,0,1133,0
06/10/2023,5580,529,1527,2081,0,2050,0
06/10/2023,7970,454,3192,1134,0,1745,0
06/10/2023,6656,399,1780,3123,0,2252,0
06/10/2023,6046,545,1623,2055,0,2655,0
06/10/2023,7402,494,3951,2302,0,2634,0
06/10/2023,5692,391,3047,2010,0,1763,0
06/10/2023,8911,661,2590,1811,0,1813,0
06/10/2023,8431,621,3478,3698,0,1764,0
06/10/2023,7396,660,3447,1519,0,2332,0
06/10/2023,7174,549,2089,2771,0,1707,0
06/10/2023,6670,607,2830,1081,0,2899,0
06/10/2023,5466,569,1403,2234,0,1756,0
06/10/2023,6898,676,1025,1091,0,2801,0
07/10/2023,5428,473,1002,3729,0,1435,0
07/10/2023,7309,616,3654,1958,0,1097,0
07/10/2023,9910,391,2363,1827,0,1663,0
07/10/2023,8875,439,1113,2516,0,1837,0
07/10/2023,9334,477,1442,2098,0,2512,0
07/10/2023,8939,589,2532,1272,0,2007,0
07/10/2023,6199,499,3707,1867,0,1464,0
07/10/2023,8740,457,3483,3038,0,2856,0
07/10/2023,9588,323,3110,2848,0,1594,0
07/10/2023,9970,478,2417,3403,0,1481,0
07/10/2023,5664,352,3504,2579,0,2393,0
07/10/2023,5691,469,2180,2666,0,2960,0
07/10/2023,8038,640,1072,1781,0,1919,0
08/10/2023,9959,452,3486,1375,0,1875,0
08/10/2023,5238,663,1609,1492,0,1669,0
08/10/2023,6246,568,1855,2063,0,2804,0
08/10/2023,8357,559,1759,3454,0,2965,0
08/10/2023,9097,423,3859,1149,0,1033,0
08/10/2023,5503,506,1669,2754,0,2615,0
08/10/2023,7256,497,1950,2183,0,2722,0
08/10/2023,6798,530,3853,2377,0,2525,0
08/10/2023,9706,615,2285,2396,0,2912,0
08/10/2023,5290,539,1587,2111,0,1848,0
08/10/2023,9514,480,3851,1173,0,1890,0
08/10/2023,7270,628,1005,3636,0,1663,0
09/10/2023,7577,311,2721,2765,0,1326,0
09/10/2023,7859,563,2216,3250,0,1752,0
09/10/2023,7201,487,3679,3880,0,2588,0
09/10/2023,7349,605,2531,1347,0,2457,0
09/10/2023,8513,514,3780,1668,0,1744,0
09/10/2023,5973,654,2306,2739,0,2803,0
09/10/2023,5454,530,2681,3120,0,1439,0
09/10/2023,6914,514,1252,3930,0,1673,0
09/10/2023,6894,318,1418,3756,0,2985,0
09/10/2023,7734,338,2045,3054,0,1878,0
09/10/2023,9812,586,3366,1716,0,1014,0
09/10/2023,5622,362,1268,3571,0,1525,0
09/10/2023,8721,464,1002,2826,0,1535,0
09/10/2023,9900,367,2459,2320,0,1760,0
10/10/2023,9474,567,3284,1613,0,1926,0
10/10/2023,9726,675,1198,1939,0,1379,0
10/10/2023,8636,445,2301,2641,0,2170,0
10/10/2023,5685,439,2709,3015,0,1200,0
10/10/2023,8794,476,2428,3511,0,1570,0
10/10/2023,7174,639,2880,1522,0,2777,0
10/10/2023,6342,658,3059,2420,0,1153,0
10/10/2023,7188,638,2142,2106,0,1688,0
10/10/2023,7423,424,2165,1803,0,2123,0
10/10/2023,8677,398,1855,3034,0,1569,0
10/10/2023,9356,373,2750,1866,0,1431,0
10/10/2023,7346,562,3241,1604,0,2508,0
10/10/2023,7969,659,2555,2410,0,2129,0
11/10/2023,6661,563,2923,3267,0,1653,0
11/10/2023,8636,326,2136,2157,0,1300,0
11/10/2023,8083,685,3650,3789,0,1740,0
11/10/2023,5218,353,2365,3365,0,2904,0
11/10/2023,7949,408,1318,3762,0,1153,0
11/10/2023,6315,374,2573,1593,0,1937,0
11/10/2023,8175,453,2429,2672,0,2245,0
11/10/2023,5045,528,2390,3380,0,2060,0
11/10/2023,6907,332,3393,2420,0,2406,0
11/10/2023,5268,678,2352,2889,0,2452,0
11/10/2023,6520,671,1406,2051,0,1798,0
11/10/2023,6934,640,3433,3815,0,1882,0
11/10/2023,9225,390,2890,3674,0,2856,0
12/10/2023,8435,553,2405,1583,0,1324,0
12/10/2023,8343,649,2060,1752,0,2789,0
12/10/2023,7638,563,2147,1033,0,2457,0
12/10/2023,6142,656,1018,3977,0,2893,0
12/10/2023,6043,327,1564,3915,0,1696,0
12/10/2023,7318,501,1393,2418,0,1027,0
12/10/2023,5982,525,3395,2331,0,2021,0
12/10/2023,9307,579,3317,1638,0,2311,0
12/10/2023,6468,496,3471,1506,0,2174,0
12/10/2023,9463,604,1501,1834,0,2266,0
12/10/2023,8154,658,2730,1176,0,1292,0
12/10/2023,8571,567,3674,1323,0,1109,0
12/10/2023,7869,588,3590,3563,0,2577,0
13/10/2023,6267,325,3015,3324,0,1602,0
13/10/2023,6472,427,3799,3573,0,1453,0
13/10/2023,5229,431,1323,3107,0,2504,0
13/10/2023,8941,417,1408,2973,0,2512,0
13/10/2023,6032,439,3137,2396,0,2595,0
13/10/2023,5414,418,3996,3461,0,1339,0
13/10/2023,6595,565,2068,1893,0,1992,0
13/10/2023,6056,377,3872,3611,0,2810,0
13/10/2023,9696,403,2782,2986,0,2423,0
13/10/2023,5578,410,3525,3662,0,2278,0
13/10/2023,5212,305,1704,1837,0,1510,0
13/10/2023,5881,445,1634,1175,0,2980,0
13/10/2023,9570,494,3050,2883,0,1006,0
14/10/2023,7440,649,2303,3992,0,2693,0
14/10/2023,9920,477,3030,1607,0,2712,0
14/10/2023,8052,377,2031,3001,0,2364,0
14/10/2023,9829,339,3727,1315,0,1980,0
14/10/2023,8657,349,3448,2250,0,1202,0
14/10/2023,8499,695,1974,3308,0,1498,0
14/10/2023,6220,356,2315,2440,0,1963,0
14/10/2023,9779,321,3792,1970,0,2450,0
14/10/2023,8007,450,2968,2808,0,1474,0
14/10/2023,8459,418,3314,2379,0,2147,0
14/10/2023,6853,643,2578,3224,0,1916,0
14/10/2023,9934,492,3808,3604,0,1964,0
14/10/2023,8682,492,2426,1515,0,1324,0
15/10/2023,5290,434,2040,3451,0,1778,0
15/10/2023,6340,618,1847,2513,0,1774,0
15/10/2023,6314,512,3861,2893,0,1341,0
15/10/2023,8228,334,2069,2057,0,2646,0
15/10/2023,8364,339,3324,1165,0,2503,0
15/10/2023,8493,547,3394,2559,0,2691,0
15/10/2023,8806,529,3462,2547,0,2814,0
15/10/2023,8985,420,3106,3543,0,1874,0
15/10/2023,7427,447,1950,2961,0,1273,0
15/10/2023,6682,580,2333,1912,0,1552,0
15/10/2023,8711,505,1115,1724,0,1258,0
15/10/2023,8113,334,2454,2370,0,1201,0
15/10/2023,7938,445,1285,3774,0,2618,0
16/10/2023,8185,514,1218,2622,0,1871,0
16/10/2023,9965,384,1364,3871,0,1464,0
16/10/2023,9388,501,2824,2530,0,2780,0
16/10/2023,5548,514,3873,2988,0,1793,0
16/10/2023,5326,330,3872,3690,0,2950,0
16/10/2023,5401,651,1165,1978,0,2680,0
16/10/2023,5194,492,1331,2888,0,1074,0
16/10/2023,8595,358,2831,2309,0,1535,0
16/10/2023,9260,573,2434,3054,0,1933,0
16/10/2023,5370,348,1577,2673,0,2275,0
16/10/2023,6189,597,3778,1120,0,2249,0
16/10/2023,5699,683,2270,3131,0,2682,0
16/10/2023,6234,540,2632,1680,0,1122,0
17/10/2023,7047,452,3210,2804,0,2979,0
17/10/2023,5733,442,1601,3155,0,1358,0
17/10/2023,5978,446,2444,2058,0,2927,0
17/10/2023,8963,302,3986,2478,0,1662,0
17/10/2023,7147,623,3647,2595,0,2426,0
17/10/2023,6706,312,2072,2203,0,1325,0
17/10/2023,5295,434,1873,2373,0,1955,0
17/10/2023,5817,343,3812,2626,0,1255,0
17/10/2023,8123,513,2542,2134,0,2485,0
17/10/2023,8584,666,1389,3338,0,2202,0
17/10/2023,5100,312,3855,2499,0,2150,0
17/10/2023,8799,321,3409,2430,0,1551,0
17/10/2023,9331,506,2196,1297,0,2308,0
18/10/2023,8369,642,2498,1960,0,2190,0
18/10/2023,8405,499,1805,2864,0,1426,0
18/10/2023,5975,362,1230,3476,0,1928,0
18/10/2023,9130,328,1018,3582,0,2980,0
18/10/2023,8705,566,2494,2952,0,2830,0
18/10/2023,5016,355,3869,3601,0,2040,0
18/10/2023,8532,359,2977,2888,0,1234,0
18/10/2023,7034,571,2827,2656,0,2158,0
18/10/2023,6853,329,3011,2575,0,2171,0
18/10/2023,6701,312,3828,1885,0,1169,0
18/10/2023,9744,516,3317,1367,0,1074,0
18/10/2023,9358,552,1326,3355,0,1830,0
18/10/2023,9540,521,3393,3654,0,1752,0
19/10/2023,9308,628,2802,2306,0,2182,0
19/10/2023,8455,502,1966,1305,0,2034,0
19/10/2023,9311,339,3985,2265,0,2088,0
19/10/2023,9658,607,3858,3078,0,1876,0
19/10/2023,5752,378,3048,2613,0,1701,0
19/10/2023,5834,349,3563,3145,0,1525,0
19/10/2023,9173,366,1064,1526,0,2781,0
19/10/2023,9125,691,2451,2963,0,2153,0
19/10/2023,8485,522,2894,2514,0,2421,0
19/10/2023,6808,538,1929,2942,0,2286,0
19/10/2023,9593,642,2984,2676,0,2839,0
19/10/2023,7156,438,1009,2579,0,2928,0
19/10/2023,6870,338,2828,2205,0,2634,0
19/10/2023,8190,497,2120,2325,0,1253,0
20/10/2023,9607,691,2668,2736,0,2154,0
20/10/2023,9688,596,2052,3267,0,1240,0
20/10/2023,5092,536,2887,3721,0,2590,0
20/10/2023,7667,429,1825,2278,0,1091,0
20/10/2023,9360,678,2267,2084,0,1517,0
20/10/2023,5111,487,3470,2656,0,2629,0
20/10/2023,5101,695,1690,1106,0,2006,0
20/10/2023,9441,617,3486,1858,0,2435,0
20/10/2023,9463,605,3432,3931,0,2276,0
20/10/2023,9429,457,3760,3317,0,2838,0
20/10/2023,9420,574,2167,1315,0,1782,0
20/10/2023,8809,572,3560,3583,0,2661,0
20/10/2023,5332,361,1785,3574,0,1887,0
21/10/2023,9217,658,1691,3644,0,1554,0
21/10/2023,7721,338,1317,1116,0,1374,0
21/10/2023,8948,460,1956,1841,0,1018,0
21/10/2023,9209,646,3682,2366,0,2947,0
21/10/2023,8162,502,2218,2566,0,1250,0
21/10/2023,6650,485,1062,2273,0,1753,0
21/10/2023,8259,384,1689,2247,0,1805,0
21/10/2023,8815,317,2826,1142,0,1834,0
21/10/2023,7157,503,3149,2983,0,1030,0
21/10/2023,6053,513,3772,1901,0,2893,0
21/10/2023,9710,430,3846,3407,0,1394,0
21/10/2023,7065,536,3683,1528,0,2575,0
21/10/2023,8212,301,3832,2196,0,1991,0
22/10/2023,6622,517,1705,3369,0,2481,0
22/10/2023,5393,679,2741,3130,0,1173,0
22/10/2023,9908,345,1818,3948,0,2365,0
22/10/2023,9120,635,3619,3850,0,2027,0
22/10/2023,5257,638,1847,1132,0,2864,0
22/10/2023,9678,489,3814,2308,0,2606,0
22/10/2023,7245,562,2472,1075,0,2056,0
22/10/2023,6786,301,2764,1415,0,1951,0
22/10/2023,5654,673,3325,1778,0,1985,0
22/10/2023,8576,621,2008,3591,0,2611,0
22/10/2023,7615,657,3091,3106,0,1691,0
22/10/2023,9342,579,1296,2144,0,1636,0
22/10/2023,7366,534,3449,1617,0,1665,0
23/10/2023,6529,366,3739,1874,0,1607,0
23/10/2023,9319,650,3292,3817,0,2498,0
23/10/2023,8243,615,3894,2032,0,2065,0
23/10/2023,9334,392,2453,2697,0,1135,0
23/10/2023,6913,340,3133,2314,0,2902,0
23/10/2023,8712,613,1335,2837,0,2026,0
23/10/2023,8125,512,3828,1359,0,2736,0
23/10/2023,7293,700,1704,3571,0,1471,0
23/10/2023,6537,548,3906,3610,0,2714,0
23/10/2023,9042,382,3576,1831,0,1545,0
23/10/2023,7886,538,2407,3233,0,1618,0
23/10/2023,7358,397,1682,1045,0,1347,0
23/10/2023,9811,366,1114,1821,0,1917,0
24/10/2023,8673,695,3619,1073,0,1456,0
24/10/2023,6960,619,2313,2217,0,1202,0
24/10/2023,8376,590,2063,2187,0,1360,0
24/10/2023,9706,546,3487,3252,0,2846,0
24/10/2023,5026,638,2147,1009,0,2054,0
24/10/2023,9069,421,2501,3822,0,2435,0
24/10/2023,8740,613,1320,3534,0,1360,0
24/10/2023,8773,654,1889,1351,0,2972,0
24/10/2023,7359,485,3695,1742,0,1790,0
24/10/2023,8538,419,3810,1033,0,2033,0
24/10/2023,9695,467,2736,1942,0,2104,0
24/10/2023,5911,621,1589,2062,0,1580,0
24/10/2023,6726,595,1290,1644,0,2752,0
25/10/2023,8291,380,1718,3494,0,2587,0
25/10/2023,9130,410,1334,1085,0,2443,0
25/10/2023,6544,561,1851,1910,0,2955,0
25/10/2023,5576,574,1996,1469,0,2100,0
25/10/2023,7096,651,1597,1417,0,2863,0
25/10/2023,5013,421,3229,3928,0,2293,0
25/10/2023,5791,443,3397,2049,0,1805,0
25/10/2023,5275,571,1456,1381,0,2895,0
25/10/2023,7191,581,1703,3656,0,2981,0
25/10/2023,5883,458,2808,1195,0,2116,0
25/10/2023,8896,380,2274,2794,0,1863,0
25/10/2023,5227,341,2196,3129,0,1021,0
25/10/2023,6908,316,1011,1476,0,2550,0
26/10/2023,8726,409,2589,2364,0,1451,0
26/10/2023,8819,657,1533,2928,0,1161,0
26/10/2023,6792,581,2776,1036,0,2209,0
26/10/2023,7485,564,1282,1628,0,2272,0
26/10/2023,5369,346,3402,2147,0,2795,0
26/10/2023,8640,433,2233,2558,0,1153,0
26/10/2023,9115,331,1238,3407,0,2888,0
26/10/2023,7227,572,1235,1711,0,1639,0
26/10/2023,8476,393,2804,2048,0,2172,0
26/10/2023,6197,311,3612,3500,0,2131,0
26/10/2023,5925,600,1982,1134,0,1646,0
26/10/2023,8130,667,2557,1262,0,2797,0
26/10/2023,7879,418,1903,3164,0,1615,0
26/10/2023,6042,384,2357,2294,0,2736,0
27/10/2023,8825,393,1362,3061,0,2202,0
27/10/2023,6149,651,3184,1434,0,2386,0
27/10/2023,9881,560,1532,2662,0,2014,0
27/10/2023,7469,447,3921,3323,0,2345,0
27/10/2023,7650,552,1305,1092,0,2706,0
27/10/2023,7591,485,2506,3279,0,1693,0
27/10/2023,8618,386,1060,3161,0,1505,0
27/10/2023,7860,440,2408,3792,0,1385,0
27/10/2023,5516,635,2393,3786,0,1575,0
27/10/2023,7844,589,2501,3073,0,1000,0
27/10/2023,8496,396,2530,1257,0,2722,0
27/10/2023,6263,430,2806,2866,0,1575,0
27/10/2023,8770,376,3336,2339,0,2234,0
27/10/2023,8240,591,1929,2478,0,2329,0
28/10/2023,8389,324,1769,2695,0,2561,0
28/10/2023,5873,531,1010,2040,0,2152,0
28/10/2023,7326,584,1474,3513,0,2599,0
28/10/2023,9975,324,2035,2171,0,2287,0
28/10/2023,5637,328,2900,2235,0,1098,0
28/10/2023,6111,328,2213,2796,0,1708,0
28/10/2023,5939,541,3697,2052,0,2276,0
28/10/2023,7555,497,1004,1377,0,1700,0
28/10/2023,9439,578,3743,2770,0,1025,0
28/10/2023,5379,385,1667,3263,0,1460,0
28/10/2023,6073,319,3801,1623,0,1560,0
28/10/2023,7142,478,2268,3774,0,1106,0
29/10/2023,9974,315,3215,2526,0,1269,0
29/10/2023,9271,351,2751,1095,0,1737,0
29/10/2023,8432,467,3087,3337,0,1724,0
29/10/2023,8433,311,3762,2897,0,1725,0
29/10/2023,9861,563,1315,2110,0,1061,0
29/10/2023,5103,429,1209,2600,0,1088,0
29/10/2023,9312,401,2710,2626,0,1735,0
29/10/2023,7495,680,2993,2555,0,1317,0
29/10/2023,8596,629,3036,3148,0,2353,0
29/10/2023,5901,657,3035,3132,0,2198,0
29/10/2023,7644,497,3901,2015,0,2734,0
29/10/2023,8938,593,2073,1609,0,2012,0
30/10/2023,7380,344,3826,1698,0,2802,0
30/10/2023,9320,365,3336,3546,0,1026,0
30/10/2023,6612,410,1656,1604,0,2717,0
30/10/2023,8031,536,3293,2444,0,1911,0
30/10/2023,9465,577,3540,3870,0,2499,0
30/10/2023,5168,336,3277,2553,0,2918,0
30/10/2023,9592,672,1061,1270,0,2412,0
30/10/2023,6512,580,1575,3113,0,2814,0
30/10/2023,9059,526,1976,1278,0,2299,0
30/10/2023,9945,485,2969,2722,0,1131,0
30/10/2023,7176,328,1664,3949,0,1462,0
30/10/2023,6889,668,3400,1958,0,2210,0
30/10/2023,6569,539,1506,3358,0,1392,0
30/10/2023,5208,610,3136,2316,0,2817,0
31/10/2023,9824,493,3872,2843,0,2603,0
31/10/2023,9947,406,3405,1952,0,1328,0
31/10/2023,5657,635,2904,2713,0,1990,0
31/10/2023,5048,645,1608,2512,0,1786,0
31/10/2023,7095,439,2911,2628,0,1993,0
31/10/2023,9651,578,2295,3871,0,2837,0
31/10/2023,7094,357,2326,2899,0,1709,0
31/10/2023,7205,448,1259,1340,0,1683,0
31/10/2023,9824,544,1870,3663,0,2837,0
31/10/2023,8595,662,2121,1225,0,1271,0
31/10/2023,5835,322,3222,1421,0,1552,0
31/10/2023,6147,680,2595,3586,0,1562,0
31/10/2023,6660,536,1781,3684,0,1073,0
31/10/2023,7067,586,3081,1270,0,2192,0
01/11/2023,9556,372,2826,3679,0,2443,0
01/11/2023,7448,301,3467,1351,0,2223,0
01/11/2023,5324,389,3404,2771,0,2381,0
01/11/2023,7430,646,2630,3409,0,2665,0
01/11/2023,5516,442,1099,1011,0,1838,0
01/11/2023,8441,465,2256,2380,0,2297,0
01/11/2023,8683,400,3807,2397,0,1973,0
01/11/2023,6162,319,2080,2740,0,1550,0
01/11/2023,7355,525,2331,1698,0,1102,0
01/11/2023,7054,413,2074,1604,0,1363,0
01/11/2023,6284,544,2697,3401,0,2093,0
01/11/2023,6381,318,3084,1875,0,2066,0
01/11/2023,9340,480,3822,1841,0,1336,0
01/11/2023,9859,693,2906,1491,0,2211,0
02/11/2023,6052,479,1848,2312,0,1080,0
02/11/2023,8859,643,2921,3728,0,2285,0
02/11/2023,6267,693,1336,1645,0,2707,0
02/11/2023,5419,415,2455,3979,0,2707,0
02/11/2023,8054,676,3766,3804,0,1566,0
02/11/2023,7833,471,2243,1853,0,2911,0
02/11/2023,6165,508,2366,3725,0,1354,0
02/11/2023,7324,352,3681,3233,0,1686,0
02/11/2023,7212,510,1713,3595,0,1103,0
02/11/2023,8948,300,3721,3541,0,1083,0
02/11/2023,7976,443,2658,2216,0,1289,0
02/11/2023,6745,354,2515,2621,0,1213,0
02/11/2023,5973,310,1079,1188,0,1214,0
02/11/2023,8228,649,3814,3976,0,2628,0
03/11/2023,7425,337,1718,2839,0,1147,0
03/11/2023,8552,598,1051,2547,0,2158,0
03/11/2023,9863,408,3017,1939,0,1027,0
03/11/2023,5738,509,3593,1653,0,2473,0
03/11/2023,5295,466,2403,2392,0,2066,0
03/11/2023,7379,447,3055,3226,0,2974,0
03/11/2023,8318,387,1989,3353,0,2730,0
03/11/2023,7932,494,3397,2054,0,1511,0
03/11/2023,5180,337,1616,1847,0,1421,0
03/11/2023,6827,439,1968,1652,0,2359,0
03/11/2023,5667,395,2420,3315,0,1820,0
03/11/2023,5332,584,3942,3285,0,1452,0
03/11/2023,7622,548,2732,2068,0,2834,0
04/11/2023,5099,651,1223,2487,0,2408,0
04/11/2023,9441,508,1402,3105,0,2777,0
04/11/2023,9623,438,3952,1026,0,2777,0
04/11/2023,7364,381,3862,3088,0,2037,0
04/11/2023,9671,461,2714,1933,0,2064,0
04/11/2023,5656,569,2173,2898,0,2194,0
04/11/2023,8964,696,2018,3160,0,2695,0
04/11/2023,8335,444,2721,1062,0,1811,0
04/11/2023,8969,689,3993,2322,0,1410,0
04/11/2023,8170,469,1886,1500,0,1981,0
04/11/2023,9206,345,2455,2281,0,2756,0
04/11/2023,7587,473,1565,2773,0,1785,0
04/11/2023,7891,305,1757,3079,0,2599,0
05/11/2023,5881,477,1503,2739,0,1336,0
05/11/2023,7085,508,1281,2620,0,2242,0
05/11/2023,6300,301,1502,2794,0,2965,0
05/11/2023,9744,400,1318,3156,0,1919,0
05/11/2023,6606,645,1023,1705,0,1385,0
05/11/2023,6833,556,3034,2928,0,2022,0
05/11/2023,8510,611,1979,3206,0,1350,0
05/11/2023,7374,602,2291,2567,0,2076,0
05/11/2023,5027,585,3875,2617,0,2705,0
05/11/2023,5992,379,3028,3285,0,1357,0
05/11/2023,6121,348,2697,2441,0,1243,0
05/11/2023,8873,570,1108,3355,0,1565,0
06/11/2023,8481,552,1141,3345,0,1831,0
06/11/2023,6774,672,1993,3264,0,2507,0
06/11/2023,9827,599,3872,2360,0,2469,0
06/11/2023,9630,527,2936,3153,0,1265,0
06/11/2023,7211,481,1219,2108,0,2532,0
06/11/2023,6501,640,1963,3461,0,2107,0
06/11/2023,9831,647,3219,1595,0,1192,0
06/11/2023,6576,329,1398,1942,0,1921,0
06/11/2023,6814,478,3157,1465,0,2332,0
06/11/2023,5420,601,3844,2572,0,1940,0
06/11/2023,5838,348,1729,3186,0,2360,0
06/11/2023,7221,316,1186,3406,0,1064,0
06/11/2023,8267,593,2137,1659,0,1484,0
07/11/2023,6290,580,1796,2650,0,1030,0
07/11/2023,8081,483,1618,2393,0,2065,0
07/11/2023,6273,629,3011,2956,0,1160,0
07/11/2023,8109,333,1519,2520,0,1749,0
07/11/2023,6262,421,3716,1295,0,2757,0
07/11/2023,5266,552,3552,3649,0,1810,0
07/11/2023,7694,690,1827,1120,0,1487,0
07/11/2023,8554,668,2327,1845,0,1023,0
07/11/2023,5462,322,2170,3087,0,2470,0
07/11/2023,7867,485,1224,2737,0,1029,0
07/11/2023,7738,326,2836,1439,0,2095,0
07/11/2023,8340,434,1389,2137,0,2465,0
07/11/2023,6848,360,1988,3203,0,1178,0
08/11/2023,8016,698,1469,1899,0,2876,0
08/11/2023,9724,657,3977,1015,0,1575,0
08/11/2023,5039,326,3186,3145,0,1623,0
08/11/2023,6919,348,2348,1375,0,1227,0
08/11/2023,9147,418,1111,3689,0,1106,0
08/11/2023,9708,351,2474,1221,0,1308,0
08/11/2023,5596,541,1208,2491,0,1278,0
08/11/2023,5232,366,2355,2569,0,1517,0
08/11/2023,8726,507,2063,2792,0,1323,0
08/11/2023,5990,648,2409,3960,0,1973,0
08/11/2023,7968,323,3571,2554,0,1129,0
08/11/2023,8152,546,3934,3180,0,2628,0
08/11/2023,6057,449,1361,3712,0,1146,0
09/11/2023,7342,350,2165,1069,0,1839,0
09/11/2023,8512,653,3134,1356,0,1760,0
09/11/2023,8818,475,1188,3597,0,2831,0
09/11/2023,6916,431,1313,3702,0,1021,0
09/11/2023,6059,683,3837,2397,0,1857,0
09/11/2023,6200,318,1566,3344,0,2938,0
09/11/2023,5197,398,1807,2151,0,2501,0
09/11/2023,5223,698,2050,2169,0,2708,0
09/11/2023,7169,538,2805,2840,0,2699,0
09/11/2023,6443,547,1468,3322,0,2057,0
09/11/2023,6756,343,1854,3336,0,2067,0
09/11/2023,8825,533,1806,2338,0,2525,0
09/11/2023,6788,306,1574,3452,0,2801,0
10/11/2023,6630,602,2337,3914,0,2155,0
10/11/2023,8486,383,3388,1690,0,2385,0
10/11/2023,5968,557,1784,1861,0,2738,0
10/11/2023,6555,343,2303,1249,0,1134,0
10/11/2023,7459,688,3214,2894,0,1671,0
10/11/2023,6645,488,3208,2896,0,2022,0
10/11/2023,9413,427,2676,3564,0,1747,0
10/11/2023,6042,385,2008,1784,0,1383,0
10/11/2023,6990,543,2880,2924,0,1719,0
10/11/2023,6690,533,1862,1047,0,2388,0
10/11/2023,9464,389,3951,2187,0,1249,0
10/11/2023,5203,319,2855,3655,0,2979,0
10/11/2023,9570,599,1640,1846,0,1980,0
11/11/2023,7067,512,3595,3659,0,2856,0
11/11/2023,5284,572,2121,2599,0,2783,0
11/11/2023,9873,653,1871,1183,0,1750,0
11/11/2023,6305,309,2293,3177,0,1521,0
11/11/2023,8193,314,3648,3106,0,2903,0
11/11/2023,8428,437,2978,2397,0,2472,0
11/11/2023,5131,440,3748,2624,0,2451,0
11/11/2023,5393,619,3387,1970,0,2394,0
11/11/2023,6045,598,2379,3750,0,1966,0
11/11/2023,8600,629,1232,2512,0,2709,0
11/11/2023,7957,654,1548,3912,0,1721,0
11/11/2023,9436,635,3894,2933,0,1873,0
11/11/2023,5237,660,2975,1993,0,1902,0
12/11/2023,5751,415,1456,2342,0,2960,0
12/11/2023,9372,387,2913,3653,0,2557,0
12/11/2023,6902,581,3672,1303,0,2249,0
12/11/2023,8624,500,1547,3608,0,1215,0
12/11/2023,9656,434,3186,1296,0,1872,0
12/11/2023,5338,599,3217,1780,0,2910,0
12/11/2023,7793,486,1552,1140,0,2938,0
12/11/2023,5557,591,2398,3236,0,2781,0
12/11/2023,6182,537,2979,2368,0,2402,0
12/11/2023,9249,606,1335,1512,0,1817,0
12/11/2023,5052,566,1392,2671,0,2027,0
12/11/2023,5967,582,2483,2687,0,2952,0
13/11/2023,7526,304,3360,3417,0,2671,0
13/11/2023,7186,612,3288,2008,0,2004,0
13/11/2023,5734,689,2492,1584,0,2135,0
13/11/2023,9028,302,2400,2105,0,2561,0
13/11/2023,7490,346,1695,3291,0,2590,0
13/11/2023,6073,377,1766,1291,0,1702,0
13/11/2023,8718,639,1697,2695,0,1508,0
13/11/2023,9520,479,2127,2840,0,2087,0
13/11/2023,6717,664,2232,2768,0,1512,0
13/11/2023,5588,667,1483,2270,0,2611,0
13/11/2023,5174,362,3005,3245,0,1904,0
13/11/2023,9724,680,3944,2997,0,2868,0
13/11/2023,7442,499,1848,1308,0,2464,0
14/11/2023,6639,502,2292,1158,0,1229,0
14/11/2023,5507,642,1405,3972,0,1697,0
14/11/2023,6168,460,1483,1287,0,2573,0
14/11/2023,7770,300,2368,1796,0,1795,0
14/11/2023,8415,335,1224,3885,0,2640,0
14/11/2023,8326,607,2017,2459,0,2527,0
14/11/2023,8188,509,3201,2687,0,1710,0
14/11/2023,5973,401,3101,1955,0,2106,0
14/11/2023,8049,383,3402,1421,0,2807,0
14/11/2023,8388,693,3088,1877,0,1243,0
14/11/2023,9381,513,3948,1520,0,2104,0
14/11/2023,7388,479,3203,3098,0,1456,0
14/11/2023,6356,582,1809,3091,0,2121,0
15/11/2023,9230,465,2605,3870,0,1505,0
15/11/2023,5041,691,2094,3986,0,1548,0
15/11/2023,9730,455,3300,2458,0,1134,0
15/11/2023,5845,599,1415,2379,0,1007,0
15/11/2023,7944,681,2098,1547,0,1673,0
15/11/2023,7850,521,3341,1503,0,1581,0
15/11/2023,9415,693,1978,1895,0,2918,0
15/11/2023,6889,398,1263,1597,0,2634,0
15/11/2023,8737,546,2990,2233,0,2177,0
15/11/2023,9808,317,1155,1414,0,1106,0
15/11/2023,9407,430,2395,3823,0,2655,0
15/11/2023,5177,636,3625,2785,0,2193,0
15/11/2023,7066,692,1784,3864,0,1042,0
16/11/2023,8490,383,2103,1249,0,1497,0
16/11/2023,6130,320,1965,2701,0,2945,0
16/11/2023,6915,356,3234,2723,0,2809,0
16/11/2023,9495,334,1259,1664,0,1152,0
16/11/2023,8667,301,1669,1522,0,2100,0
16/11/2023,8112,694,3080,2867,0,2987,0
16/11/2023,7277,605,2075,2761,0,2878,0
16/11/2023,7106,357,1099,1766,0,1024,0
16/11/2023,5151,481,3533,2552,0,2487,0
16/11/2023,9497,598,2389,1183,0,1895,0
16/11/2023,6594,498,1113,1497,0,2420,0
16/11/2023,5771,578,3266,1830,0,1871,0
16/11/2023,8344,404,1161,2572,0,1140,0
17/11/2023,9822,646,2908,1546,0,2421,0
17/11/2023,9218,312,2031,2110,0,2247,0
17/11/2023,9477,365,3770,3362,0,1826,0
17/11/2023,6602,488,3109,1864,0,2890,0
17/11/2023,8923,365,2484,1438,0,2664,0
17/11/2023,7613,502,1696,2457,0,1094,0
17/11/2023,8275,634,3684,2695,0,1758,0
17/11/2023,6704,490,2477,3500,0,2079,0
17/11/2023,6640,628,1544,1739,0,1301,0
17/11/2023,5202,369,2919,1084,0,2013,0
17/11/2023,8674,358,1798,1733,0,2588,0
17/11/2023,9489,590,2673,2961,0,1722,0
17/11/2023,5946,641,2836,2767,0,2914,0
18/11/2023,8782,694,1762,3806,0,2526,0
18/11/2023,9922,480,1633,2286,0,2642,0
18/11/2023,5118,506,2281,3532,0,2268,0
18/11/2023,8777,463,2745,2021,0,2009,0
18/11/2023,7867,519,1984,2501,0,1411,0
18/11/2023,8536,673,1893,1707,0,1193,0
18/11/2023,8027,654,2429,3040,0,1961,0
18/11/2023,8403,350,2209,2406,0,2276,0
18/11/2023,9804,634,1780,3319,0,2773,0
18/11/2023,6055,360,3551,1189,0,2160,0
18/11/2023,5303,633,2583,2756,0,2800,0
18/11/2023,6097,630,1203,1613,0,1889,0
19/11/2023,5234,639,3610,3589,0,2651,0
19/11/2023,8903,525,2638,3483,0,1764,0
19/11/2023,6630,593,2396,3236,0,2125,0
19/11/2023,6859,367,1746,3105,0,1892,0
19/11/2023,5256,428,1557,3807,0,2488,0
19/11/2023,8458,452,1863,1620,0,2705,0
19/11/2023,5642,692,2718,1185,0,2760,0
19/11/2023,8186,320,2910,1811,0,1833,0
19/11/2023,5149,312,3265,2478,0,2663,0
19/11/2023,8376,549,2215,3815,0,1618,0
19/11/2023,7835,684,1278,3370,0,2030,0
19/11/2023,9952,573,1808,3716,0,1534,0
20/11/2023,6910,616,2189,2256,0,2759,0
20/11/2023,8402,420,1978,1562,0,1883,0
20/11/2023,9049,607,1442,1086,0,1387,0
20/11/2023,5085,325,2643,1121,0,2773,0
20/11/2023,9601,463,2543,1074,0,1230,0
20/11/2023,5060,382,2939,2545,0,1251,0
20/11/2023,9905,567,3013,2141,0,2131,0
20/11/2023,8233,386,1290,1416,0,1229,0
20/11/2023,9722,485,1513,1006,0,1409,0
20/11/2023,6874,300,1980,1926,0,2951,0
20/11/2023,5985,624,2217,3020,0,2492,0
20/11/2023,9952,351,1334,3541,0,1457,0
20/11/2023,9919,446,3998,2708,0,1302,0
21/11/2023,8846,345,1355,1884,0,1015,0
21/11/2023,9097,577,3041,2175,0,2986,0
21/11/2023,6310,306,1253,3959,0,1069,0
21/11/2023,8160,570,3520,1991,0,1336,0
21/11/2023,6774,591,1087,2962,0,1013,0
21/11/2023,9087,370,3173,1792,0,2679,0
21/11/2023,9278,589,2289,1880,0,2137,0
21/11/2023,8265,453,2081,3448,0,2581,0
21/11/2023,9636,567,1843,2908,0,1276,0
21/11/2023,7089,596,3418,3301,0,2402,0
21/11/2023,9977,642,2497,2713,0,1236,0
21/11/2023,5128,394,1761,1392,0,1400,0
21/11/2023,7587,636,3129,1736,0,2566,0
22/11/2023,8060,435,3087,2771,0,2514,0
22/11/2023,8989,403,2509,2718,0,1913,0
22/11/2023,5943,633,1302,1947,0,2126,0
22/11/2023,6902,460,2604,1826,0,2354,0
22/11/2023,7691,699,1988,3950,0,1570,0
22/11/2023,8061,406,1461,2662,0,2463,0
22/11/2023,8309,540,2876,2546,0,2159,0
22/11/2023,9588,401,2904,3676,0,1505,0
22/11/2023,7995,498,3013,1424,0,1027,0
22/11/2023,9501,656,1916,2938,0,1914,0
22/11/2023,7561,541,3404,1771,0,1368,0
22/11/2023,7811,332,3776,1559,0,2057,0
22/11/2023,8393,452,1720,1663,0,1218,0
23/11/2023,7661,596,3628,1096,0,1294,0
23/11/2023,6473,552,3563,3995,0,1986,0
23/11/2023,7247,429,1938,3893,0,1052,0
23/11/2023,6686,302,1068,1002,0,1746,0
23/11/2023,8650,408,3387,3787,0,1787,0
23/11/2023,7592,562,3609,2166,0,1639,0
23/11/2023,8960,413,1041,1139,0,1480,0
23/11/2023,7506,529,1740,3731,0,1776,0
23/11/2023,8905,346,3408,1185,0,1154,0
23/11/2023,5805,512,2938,3270,0,1276,0
23/11/2023,9804,317,1346,1549,0,1604,0
23/11/2023,8280,558,3282,2289,0,1950,0
23/11/2023,7756,575,3895,1302,0,2916,0
24/11/2023,6753,353,3400,3048,0,1169,0
24/11/2023,5658,605,3802,2296,0,1971,0
24/11/2023,5052,630,3148,2485,0,1899,0
24/11/2023,7622,348,1539,2475,0,2016,0
24/11/2023,8607,446,3786,1573,0,1132,0
24/11/2023,9809,549,3264,2925,0,1401,0
24/11/2023,8348,401,1541,1671,0,2861,0
24/11/2023,9857,647,1240,2548,0,2783,0
24/11/2023,8461,506,3100,2750,0,2807,0
24/11/2023,7453,448,2947,3806,0,1114,0
24/11/2023,5279,488,1888,2981,0,1651,0
24/11/2023,7031,335,2647,3762,0,2527,0
24/11/2023,7794,494,2096,2063,0,2244,0
25/11/2023,7458,549,3298,1485,0,2963,0
25/11/2023,7994,693,1886,1116,0,1612,0
25/11/2023,9614,602,2310,3910,0,2053,0
25/11/2023,5813,446,3591,2284,0,2862,0
25/11/2023,8991,311,3067,3097,0,1871,0
25/11/2023,5168,601,1435,2094,0,2466,0
25/11/2023,5520,546,2081,1903,0,1003,0
25/11/2023,6826,642,2820,2881,0,1900,0
25/11/2023,8106,600,1401,1649,0,1928,0
25/11/2023,8174,635,1665,2556,0,2385,0
25/11/2023,7129,526,2426,1806,0,1960,0
25/11/2023,9757,370,2412,1033,0,2812,0
26/11/2023,6195,475,2588,2427,0,1403,0
26/11/2023,7791,693,2376,1004,0,1352,0
26/11/2023,5246,440,2574,2167,0,1971,0
26/11/2023,5716,423,3738,3988,0,1002,0
26/11/2023,7207,597,1044,1617,0,1305,0
26/11/2023,6471,685,1510,2219,0,1908,0
26/11/2023,9175,339,3539,3956,0,2828,0
26/11/2023,9078,670,1632,2594,0,2361,0
26/11/2023,7570,508,2148,3444,0,1433,0
26/11/2023,6360,492,3671,2297,0,1310,0
26/11/2023,6086,420,2837,2247,0,1942,0
26/11/2023,7019,494,2593,2162,0,1517,0
27/11/2023,5407,575,2300,3897,0,2555,0
27/11/2023,5692,644,2942,3187,0,1496,0
27/11/2023,9088,638,1148,1795,0,2539,0
27/11/2023,6943,335,3501,3356,0,2910,0
27/11/2023,5190,330,2964,2378,0,1727,0
27/11/2023,6685,698,3806,2505,0,2271,0
27/11/2023,8843,385,1980,2542,0,1171,0
27/11/2023,8741,360,1026,1067,0,1179,0
27/11/2023,7653,457,3565,1785,0,2975,0
27/11/2023,7313,437,2977,2172,0,2518,0
27/11/2023,6162,432,1410,3323,0,1122,0
27/11/2023,7726,494,3853,1825,0,2431,0
27/11/2023,7595,683,3710,3430,0,1435,0
28/11/2023,9714,360,1198,3843,0,1284,0
28/11/2023,7089,392,2631,2238,0,1998,0
28/11/2023,5753,524,2459,2247,0,2470,0
28/11/2023,6789,657,2884,3798,0,2958,0
28/11/2023,6828,535,1278,2862,0,1313,0
28/11/2023,7564,647,3470,3945,0,1264,0
28/11/2023,9960,660,2880,1474,0,1365,0
28/11/2023,5816,489,1095,1984,0,1157,0
28/11/2023,6022,690,2779,1065,0,1387,0
28/11/2023,7391,549,2922,1869,0,1647,0
28/11/2023,8878,502,3480,1319,0,1575,0
28/11/2023,8145,359,3745,2723,0,2005,0
28/11/2023,9158,592,1985,3504,0,1307,0
29/11/2023,6932,337,3954,1383,0,1624,0
29/11/2023,6118,437,1575,1936,0,2536,0
29/11/2023,8476,345,1249,2510,0,1249,0
29/11/2023,5488,465,2982,2964,0,2911,0
29/11/2023,5763,699,3548,3151,0,2212,0
29/11/2023,5758,682,3081,2717,0,1172,0
29/11/2023,8512,537,2091,3595,0,1719,0
29/11/2023,6574,512,2685,1719,0,2435,0
29/11/2023,6627,687,1594,1473,0,1993,0
29/11/2023,7724,411,2148,3520,0,2693,0
29/11/2023,7752,575,3778,1919,0,1541,0
29/11/2023,7116,557,2836,2311,0,1303,0
29/11/2023,9155,655,2069,3710,0,2227,0
30/11/2023,6612,345,2617,1978,0,1601,0
30/11/2023,8204,438,2978,3463,0,1385,0
30/11/2023,8699,413,3525,1384,0,2835,0
30/11/2023,5661,687,3061,1314,0,2591,0
30/11/2023,5663,551,1843,1445,0,1549,0
30/11/2023,7480,466,2021,2727,0,2084,0
30/11/2023,9460,683,3542,1284,0,2485,0
30/11/2023,6465,341,1554,3092,0,1453,0
30/11/2023,8992,490,2529,3974,0,2023,0
30/11/2023,7140,355,1093,2473,0,1596,0
30/11/2023,9902,490,1835,1262,0,2314,0
30/11/2023,6414,676,3007,1052,0,1117,0
30/11/2023,5650,503,2999,2017,0,1524,0
01/12/2023,6026,660,1327,1432,0,2625,0
01/12/2023,7894,459,1208,3248,0,2379,0
01/12/2023,8863,526,3561,1063,0,2298,0
01/12/2023,5256,446,3730,3799,0,1802,0
01/12/2023,9014,477,3267,2242,0,2173,0
01/12/2023,8905,454,2149,1073,0,2222,0
01/12/2023,6019,349,3777,1126,0,2856,0
01/12/2023,6573,384,3564,2071,0,2959,0
01/12/2023,8010,558,3571,1929,0,1056,0
01/12/2023,6250,382,2749,3111,0,1527,0
01/12/2023,9129,672,2017,3057,0,2607,0
01/12/2023,7117,479,2741,1690,0,2737,0
01/12/2023,5629,406,2986,3070,0,2178,0
02/12/2023,7828,332,3478,2854,0,2105,0
02/12/2023,5364,517,3805,3124,0,1864,0
02/12/2023,6011,330,2940,1578,0,1383,0
02/12/2023,5905,312,2879,2777,0,2505,0
02/12/2023,6622,626,2667,2932,0,1781,0
02/12/2023,7634,415,3476,2048,0,1827,0
02/12/2023,8350,550,1614,3520,0,2706,0
02/12/2023,9779,302,3520,3493,0,2956,0
02/12/2023,9966,594,1579,1525,0,2284,0
02/12/2023,7561,479,1213,3423,0,2290,0
02/12/2023,5941,303,2389,1850,0,2530,0
02/12/2023,7678,349,2286,1203,0,2421,0
02/12/2023,8487,647,1221,3964,0,1578,0
03/12/2023,6188,680,2260,2257,0,1630,0
03/12/2023,7359,312,3767,1914,0,2453,0
03/12/2023,7890,348,3833,1883,0,2766,0
03/12/2023,6308,633,1224,3447,0,1003,0
03/12/2023,7600,507,1821,3132,0,1144,0
03/12/2023,8875,342,2265,3010,0,1125,0
03/12/2023,8962,453,2661,3519,0,2813,0
03/12/2023,5198,403,2672,1377,0,1093,0
03/12/2023,8984,353,3710,3259,0,1667,0
03/12/2023,8448,348,2733,2600,0,1747,0
03/12/2023,8855,679,2914,2696,0,2614,0
03/12/2023,6649,662,1787,1857,0,2757,0
03/12/2023,7007,436,1434,2750,0,1925,0
04/12/2023,8144,432,3951,1947,0,2854,0
04/12/2023,5613,419,1633,2055,0,1548,0
04/12/2023,8395,624,2237,2602,0,2817,0
04/12/2023,8714,398,2545,1437,0,1088,0
04/12/2023,6510,547,1070,3006,0,1440,0
04/12/2023,9648,630,2296,3196,0,2329,0
04/12/2023,8061,595,2147,2964,0,1307,0
04/12/2023,8823,648,2031,2628,0,2186,0
04/12/2023,6841,626,2937,3168,0,1147,0
04/12/2023,7286,555,3223,2557,0,2319,0
04/12/2023,8253,642,3650,2023,0,2555,0
04/12/2023,6477,668,2403,3007,0,1196,0
04/12/2023,9024,488,2925,1600,0,2981,0
05/12/2023,9227,478,3007,3672,0,2910,0
05/12/2023,9978,482,3187,1686,0,1277,0
05/12/2023,5554,525,1101,3698,0,2517,0
05/12/2023,8607,563,2983,2697,0,2830,0
05/12/2023,8614,543,1419,1331,0,1541,0
05/12/2023,5749,351,3019,3576,0,1028,0
05/12/2023,9157,631,2499,2661,0,1065,0
05/12/2023,9785,591,1154,3081,0,1267,0
05/12/2023,5782,616,3927,3550,0,1518,0
05/12/2023,9970,627,3462,1255,0,2065,0
05/12/2023,9602,322,1151,2778,0,2249,0
05/12/2023,5068,615,3415,2850,0,1670,0
05/12/2023,6910,651,1904,3186,0,2009,0
06/12/2023,7765,477,2107,2015,0,1257,0
06/12/2023,8121,338,2809,2983,0,2807,0
06/12/2023,6185,326,1804,2131,0,2666,0
06/12/2023,6623,313,1564,2378,0,2720,0
06/12/2023,5163,520,3277,3786,0,1767,0
06/12/2023,5966,661,2547,1045,0,2275,0
06/12/2023,9846,674,2766,2024,0,1287,0
06/12/2023,7100,375,1663,1078,0,2097,0
06/12/2023,9421,399,1826,3426,0,1215,0
06/12/2023,8803,491,2690,2304,0,1675,0
06/12/2023,6471,442,1107,3351,0,1002,0
06/12/2023,7949,435,3547,3252,0,1361,0
06/12/2023,5771,486,1673,1559,0,1833,0
07/12/2023,8609,434,1268,2339,0,2423,0
07/12/2023,7602,397,2348,2379,0,1181,0
07/12/2023,8961,537,2794,2508,0,2830,0
07/12/2023,6492,470,2707,3586,0,1800,0
07/12/2023,9322,324,2353,2050,0,1096,0
07/12/2023,9634,444,1151,3420,0,2085,0
07/12/2023,9903,468,3846,1141,0,2924,0
07/12/2023,5776,547,2179,1193,0,1308,0
07/12/2023,8657,413,3043,2928,0,1175,0
07/12/2023,9396,329,3891,1246,0,2130,0
07/12/2023,9998,628,2416,2542,0,1828,0
07/12/2023,5723,544,2318,2854,0,2485,0
07/12/2023,9378,689,2209,1449,0,1512,0
08/12/2023,7909,496,1689,2787,0,1064,0
08/12/2023,9955,494,1450,2235,0,2279,0
08/12/2023,8013,456,2330,2244,0,2303,0
08/12/2023,5095,302,2292,1607,0,2957,0
08/12/2023,8984,310,3055,1361,0,2876,0
08/12/2023,5965,309,1393,2363,0,1644,0
08/12/2023,5850,405,2247,2897,0,1522,0
08/12/2023,5002,485,1944,3078,0,2801,0
08/12/2023,9836,351,3213,2307,0,1686,0
08/12/2023,9768,504,2933,1869,0,1884,0
08/12/2023,9500,669,1226,1886,0,1261,0
08/12/2023,7481,476,1137,3036,0,1884,0
08/12/2023,5046,656,3453,1220,0,1917,0
09/12/2023,9484,358,1890,3723,0,1163,0
09/12/2023,7050,642,3868,2589,0,2680,0
09/12/2023,6096,566,2156,3313,0,1383,0
09/12/2023,6647,302,3511,1189,0,2586,0
09/12/2023,6333,610,1814,3315,0,1444,0
09/12/2023,7733,466,1153,1431,0,2875,0
09/12/2023,7891,343,3453,2118,0,1627,0
09/12/2023,7594,416,3776,2132,0,1444,0
09/12/2023,8473,507,2020,1046,0,2398,0
09/12/2023,9786,550,1274,2512,0,2333,0
09/12/2023,7400,396,1437,2253,0,1595,0
09/12/2023,5905,578,2341,2680,0,1705,0
09/12/2023,5429,419,1410,3685,0,1320,0
10/12/2023,7050,375,3971,2212,0,2478,0
10/12/2023,6153,339,3275,2700,0,1395,0
10/12/2023,8742,688,2546,1968,0,1782,0
10/12/2023,7395,542,3557,2494,0,1926,0
10/12/2023,6355,453,3749,1943,0,2612,0
10/12/2023,8008,300,2754,3065,0,1450,0
10/12/2023,5653,594,1741,1968,0,2675,0
10/12/2023,9295,369,3505,1489,0,1832,0
10/12/2023,5128,613,2469,3931,0,1376,0
10/12/2023,5123,556,2703,3920,0,2527,0
10/12/2023,7872,369,3324,3972,0,2428,0
10/12/2023,7815,482,3399,3977,0,1063,0
11/12/2023,9500,512,1579,3465,0,2796,0
11/12/2023,6224,683,3911,3103,0,1825,0
11/12/2023,7273,413,1496,1621,0,1007,0
11/12/2023,9628,689,2939,2987,0,2414,0
11/12/2023,5439,385,1800,2210,0,2463,0
11/12/2023,5666,546,1598,3532,0,2797,0
11/12/2023,7440,539,1046,1166,0,1061,0
11/12/2023,8190,687,2332,3185,0,1671,0
11/12/2023,7673,690,1346,2432,0,2766,0
11/12/2023,9398,359,1481,3834,0,1855,0
11/12/2023,8850,395,3515,1402,0,2991,0
11/12/2023,5458,504,1542,2353,0,1685,0
12/12/2023,5457,378,1359,1394,0,1999,0
12/12/2023,8034,535,2809,1642,0,1682,0
12/12/2023,9376,450,3833,3245,0,2035,0
12/12/2023,5893,623,2145,1499,0,1274,0
12/12/2023,7705,433,1799,2575,0,2447,0
12/12/2023,9461,693,2638,1903,0,1876,0
12/12/2023,9692,331,1626,1065,0,1923,0
12/12/2023,9182,506,1821,3026,0,1141,0
12/12/2023,5820,365,1517,2605,0,1687,0
12/12/2023,7606,563,3838,2538,0,1347,0
12/12/2023,9371,612,1141,1708,0,2333,0
12/12/2023,7268,346,2767,2804,0,1944,0
13/12/2023,5331,400,2227,2730,0,2225,0
13/12/2023,8185,594,1632,3272,0,1878,0
13/12/2023,9076,496,3177,3318,0,1192,0
13/12/2023,8425,358,2721,1475,0,1395,0
13/12/2023,6787,326,2085,3448,0,1371,0
13/12/2023,7022,447,1426,2272,0,2831,0
13/12/2023,6434,548,1406,3048,0,2228,0
13/12/2023,5865,616,1330,2124,0,1663,0
13/12/2023,8882,370,1094,3101,0,1310,0
13/12/2023,5699,698,2932,2105,0,2991,0
13/12/2023,7484,426,2812,1864,0,1238,0
13/12/2023,8241,371,1278,3961,0,1734,0
14/12/2023,8938,442,3361,3725,0,1471,0
14/12/2023,5811,335,2044,3759,0,2951,0
14/12/2023,7016,618,2995,3315,0,1812,0
14/12/2023,7746,401,2408,1769,0,1805,0
14/12/2023,6170,590,3697,1374,0,1309,0
14/12/2023,8086,573,3580,1626,0,2659,0
14/12/2023,6445,671,1679,3536,0,2416,0
14/12/2023,8182,598,1067,2649,0,1818,0
14/12/2023,5427,478,3939,1121,0,2350,0
14/12/2023,7833,315,1659,1583,0,2961,0
14/12/2023,6764,520,1299,1906,0,1482,0
14/12/2023,9445,409,2077,3146,0,2632,0
15/12/2023,9901,321,3874,1591,0,2399,0
15/12/2023,7430,536,1309,2705,0,1092,0
15/12/2023,9532,655,1128,1855,0,1709,0
15/12/2023,5640,313,2275,2673,0,2391,0
15/12/2023,6126,543,1351,3030,0,2056,0
15/12/2023,6994,469,2103,2345,0,2850,0
15/12/2023,5456,486,2804,2240,0,1370,0
15/12/2023,6377,675,3484,1069,0,2086,0
15/12/2023,9069,628,1433,3524,0,2576,0
15/12/2023,5831,559,1444,3129,0,2325,0
15/12/2023,9864,613,1807,3461,0,2588,0
15/12/2023,7910,505,3216,2856,0,1063,0
16/12/2023,9715,339,2029,1491,0,1126,0
16/12/2023,7916,603,1200,2389,0,1232,0
16/12/2023,9027,616,1553,3365,0,1627,0
16/12/2023,8999,471,3280,2593,0,2205,0
16/12/2023,8362,427,2947,1162,0,2023,0
16/12/2023,6758,574,1987,3252,0,2601,0
16/12/2023,7080,697,1524,3937,0,1455,0
16/12/2023,7015,650,2334,3215,0,2267,0
16/12/2023,9140,606,1636,1773,0,1436,0
16/12/2023,5078,462,1501,3403,0,1460,0
16/12/2023,7188,578,1241,3988,0,2203,0
16/12/2023,5633,509,2138,1930,0,2748,0
17/12/2023,6479,420,1870,3182,0,1455,0
17/12/2023,8878,415,2985,2328,0,2680,0
17/12/2023,5825,424,2058,3423,0,1936,0
17/12/2023,5443,691,1050,1992,0,2198,0
17/12/2023,5732,686,1347,3988,0,1322,0
17/12/2023,7730,302,3549,3532,0,2829,0
17/12/2023,5857,562,1606,1811,0,2834,0
17/12/2023,9791,430,1145,2067,0,2540,0
17/12/2023,5662,650,1321,1086,0,1136,0
17/12/2023,9820,648,3823,1991,0,1195,0
17/12/2023,5961,413,3035,1356,0,2699,0
18/12/2023,7292,666,1184,3693,0,2965,0
18/12/2023,5492,623,3456,1780,0,2001,0
18/12/2023,6697,502,1850,2122,0,2689,0
18/12/2023,9005,347,3279,1232,0,2514,0
18/12/2023,6178,422,1593,2802,0,2184,0
18/12/2023,8823,374,2073,3546,0,2157,0
18/12/2023,8182,471,2976,2325,0,1568,0
18/12/2023,9770,441,2824,1638,0,1817,0
18/12/2023,8456,589,3378,2945,0,2155,0
18/12/2023,7529,644,2219,1551,0,2409,0
18/12/2023,7329,626,2677,1148,0,2910,0
18/12/2023,5040,574,1165,2153,0,2602,0
19/12/2023,5187,569,3933,3596,0,1711,0
19/12/2023,8210,612,1091,3820,0,2849,0
19/12/2023,7304,626,1583,2117,0,1863,0
19/12/2023,5271,682,3915,2043,0,1609,0
19/12/2023,8569,546,1493,2929,0,2597,0
19/12/2023,7236,398,1990,2811,0,1287,0
19/12/2023,8613,435,3852,1889,0,2405,0
19/12/2023,7630,603,2868,3399,0,1324,0
19/12/2023,5086,450,1257,2799,0,2986,0
19/12/2023,7353,535,3179,1327,0,1436,0
19/12/2023,8930,582,1666,3094,0,2552,0
19/12/2023,5255,374,2534,3622,0,2525,0
20/12/2023,8702,453,2072,2877,0,2885,0
20/12/2023,7683,465,3805,2582,0,2343,0
20/12/2023,8876,449,1165,3942,0,2673,0
20/12/2023,9612,423,3641,3209,0,1830,0
20/12/2023,5795,504,1627,2998,0,1885,0
20/12/2023,5008,428,2303,1839,0,1912,0
20/12/2023,7580,354,2441,1820,0,1943,0
20/12/2023,8509,679,2530,3303,0,2022,0
20/12/2023,9553,679,2348,1649,0,2323,0
20/12/2023,9977,418,3256,1925,0,2913,0
20/12/2023,9181,537,2860,3975,0,1166,0
20/12/2023,6715,592,3781,2857,0,2164,0
21/12/2023,8829,399,3496,1826,0,1145,0
21/12/2023,9470,426,2903,1356,0,1166,0
21/12/2023,5478,312,3059,1380,0,2727,0
21/12/2023,8654,522,2306,1061,0,1228,0
21/12/2023,8440,303,3689,2719,0,1216,0
21/12/2023,8960,530,2448,3665,0,1416,0
21/12/2023,9360,402,1272,3679,0,2539,0
21/12/2023,7352,388,3101,1481,0,2324,0
21/12/2023,9703,689,2227,3004,0,1134,0
21/12/2023,7647,442,1795,2974,0,2191,0
21/12/2023,6157,460,1949,1280,0,2523,0
21/12/2023,7332,307,1234,2042,0,2359,0
22/12/2023,7751,698,3726,3980,0,2213,0
22/12/2023,6919,485,3135,1786,0,1682,0
22/12/2023,8780,407,3413,2069,0,2768,0
22/12/2023,6464,639,2164,2476,0,2839,0
22/12/2023,5479,633,1252,3048,0,2321,0
22/12/2023,7923,672,2908,1525,0,2694,0
22/12/2023,8238,337,3546,3580,0,2357,0
22/12/2023,7694,602,3072,1067,0,1309,0
22/12/2023,9120,665,2522,3178,0,2689,0
22/12/2023,6894,607,1027,3682,0,2329,0
22/12/2023,7233,553,3151,2477,0,1913,0
22/12/2023,7483,674,2499,2955,0,1405,0
23/12/2023,8363,390,1818,2351,0,2190,0
23/12/2023,8199,578,1197,2081,0,1264,0
23/12/2023,8967,676,3622,1002,0,1087,0
23/12/2023,8743,518,2325,3834,0,2278,0
23/12/2023,8208,371,1498,1664,0,2898,0
23/12/2023,7806,661,2577,3630,0,2385,0
23/12/2023,5597,362,3171,2670,0,2851,0
23/12/2023,8570,606,2716,2311,0,1513,0
23/12/2023,7572,364,2051,3205,0,1924,0
23/12/2023,9694,535,2061,1572,0,1258,0
23/12/2023,6966,391,1697,1088,0,2988,0
24/12/2023,7650,584,3728,3711,0,1020,0
24/12/2023,5502,484,2329,2276,0,1100,0
24/12/2023,6716,583,1267,1021,0,2073,0
24/12/2023,5916,646,2622,3169,0,2828,0
24/12/2023,6171,457,3658,3341,0,2784,0
24/12/2023,9883,560,2919,3688,0,1382,0
24/12/2023,7255,686,1406,2888,0,1614,0
24/12/2023,7095,499,3505,1554,0,1596,0
24/12/2023,6108,660,3183,3711,0,1816,0
24/12/2023,7237,375,3529,3606,0,2092,0
24/12/2023,9175,374,2518,1331,0,1050,0
25/12/2023,8572,475,3168,2379,0,2691,0
25/12/2023,9743,438,2229,3147,0,1687,0
25/12/2023,7196,316,2109,2371,0,2942,0
25/12/2023,7060,695,3978,2712,0,2409,0
25/12/2023,9436,346,3475,3103,0,1863,0
25/12/2023,5604,351,2804,3761,0,2958,0
25/12/2023,8361,344,3465,2020,0,1126,0
25/12/2023,5956,627,2684,3496,0,2714,0
25/12/2023,6471,526,1806,2098,0,2660,0
25/12/2023,9477,378,1777,1272,0,1999,0
25/12/2023,5715,540,2851,1377,0,1787,0
25/12/2023,8372,485,3249,1814,0,2990,0
26/12/2023,9409,653,2174,3882,0,2558,0
26/12/2023,6759,638,2682,3137,0,2285,0
26/12/2023,8121,459,1529,1897,0,2181,0
26/12/2023,6394,525,1591,1038,0,2216,0
26/12/2023,6539,664,3610,1704,0,2709,0
26/12/2023,6225,356,1847,3451,0,2525,0
26/12/2023,5383,700,2871,2863,0,1804,0
26/12/2023,8032,504,3464,1480,0,1457,0
26/12/2023,7646,372,3487,2408,0,2205,0
26/12/2023,7953,611,2773,1720,0,2554,0
26/12/2023,7757,330,3010,1445,0,2123,0
26/12/2023,9609,391,3831,1570,0,2183,0
26/12/2023,9503,486,3320,3153,0,1410,0
27/12/2023,9767,630,3353,3042,0,1350,0
27/12/2023,9726,342,1653,2958,0,2122,0
27/12/2023,5247,309,2770,3360,0,1241,0
27/12/2023,9121,375,3883,3415,0,2860,0
27/12/2023,7099,572,1830,1819,0,1011,0
27/12/2023,7797,337,3663,2436,0,2788,0
27/12/2023,6390,340,1425,1371,0,2174,0
27/12/2023,8551,445,3464,2746,0,2827,0
27/12/2023,5368,466,2923,1211,0,1210,0
27/12/2023,7979,583,2877,1697,0,1704,0
27/12/2023,9916,603,3261,3267,0,1586,0
27/12/2023,7868,524,1132,3743,0,1875,0
27/12/2023,6271,382,3377,2411,0,1133,0
28/12/2023,9527,531,3884,2586,0,2463,0
28/12/2023,5534,390,1005,1537,0,2485,0
28/12/2023,6598,500,2168,2305,0,1818,0
28/12/2023,9313,642,1266,3534,0,1810,0
28/12/2023,6526,520,2299,1874,0,2945,0
28/12/2023,9984,395,2085,3796,0,1648,0
28/12/2023,5137,416,2440,1633,0,1780,0
28/12/2023,5158,470,3052,3916,0,1047,0
28/12/2023,5218,419,2000,1785,0,2672,0
28/12/2023,5848,480,3701,1950,0,1650,0
28/12/2023,5278,450,1717,1570,0,2286,0
28/12/2023,9511,303,3064,1457,0,1757,0
28/12/2023,7171,356,2286,2025,0,1078,0
29/12/2023,5864,479,2155,1873,0,1368,0
29/12/2023,9194,617,1350,1897,0,2845,0
29/12/2023,6956,505,3066,2388,0,1225,0
29/12/2023,8227,686,3644,1391,0,2851,0
29/12/2023,9596,469,2408,1134,0,1446,0
29/12/2023,7362,340,1218,1342,0,2127,0
29/12/2023,8534,392,3657,2145,0,2778,0
29/12/2023,6071,479,2035,2862,0,2523,0
29/12/2023,6650,307,3788,3142,0,1267,0
29/12/2023,9896,663,1798,2499,0,2609,0
29/12/2023,5715,677,3649,2931,0,2318,0
29/12/2023,5032,372,1441,1093,0,2628,0
29/12/2023,6686,366,2764,1343,0,2416,0
30/12/2023,8297,547,3013,2069,0,1464,0
30/12/2023,5218,661,2731,3656,0,2921,0
30/12/2023,7288,604,2300,2298,0,1589,0
30/12/2023,6385,456,1701,1717,0,2854,0
30/12/2023,5145,569,1251,3381,0,2300,0
30/12/2023,9178,479,1660,3940,0,2565,0
30/12/2023,5945,306,1955,2992,0,2374,0
30/12/2023,6883,428,2198,2566,0,2151,0
30/12/2023,9167,333,2198,2608,0,2510,0
30/12/2023,6544,577,1835,1061,0,2775,0
30/12/2023,8751,382,1783,1813,0,1474,0
30/12/2023,9932,582,1632,2074,0,1526,0
31/12/2023,7805,604,3633,1977,0,1160,0
31/12/2023,8347,610,3237,2675,0,2513,0
31/12/2023,6550,527,3265,3154,0,2193,0
31/12/2023,6860,639,3501,1344,0,2713,0
31/12/2023,8258,361,2839,1523,0,1190,0
31/12/2023,5696,675,3460,3502,0,1001,0
31/12/2023,7414,352,3687,2390,0,2533,0
31/12/2023,8453,518,2350,1376,0,2690,0
31/12/2023,8756,489,2227,2189,0,1957,0
31/12/2023,8884,386,3639,1005,0,2153,0
31/12/2023,7378,375,2266,2059,0,1977,0
31/12/2023,7504,424,2391,3421,0,2462,0
01/01/2024,8961,548,1223,3113,0,1194,0
01/01/2024,7261,434,1151,3437,0,1774,0
01/01/2024,7798,545,3524,1238,0,1004,0
01/01/2024,7683,592,2698,1211,0,2936,0
01/01/2024,5168,374,3142,1679,0,2702,0
01/01/2024,8741,630,3760,2409,0,1017,0
01/01/2024,7202,332,3958,1294,0,2089,0
01/01/2024,7680,408,3266,2279,0,2462,0
01/01/2024,6630,311,2884,3553,0,1963,0
01/01/2024,7905,374,1787,1795,0,1879,0
01/01/2024,6959,304,3050,3706,0,1303,0
01/01/2024,8486,674,2071,1232,0,2470,0
02/01/2024,7843,684,3561,2484,0,2903,0
02/01/2024,7185,463,3066,2417,0,2028,0
02/01/2024,6052,472,3355,1838,0,2889,0
02/01/2024,8034,365,3960,1338,0,1585,0
02/01/2024,7842,649,1478,1935,0,1746,0
02/01/2024,9596,358,3463,2477,0,1637,0
02/01/2024,9757,414,2401,1764,0,2774,0
02/01/2024,7653,306,3431,1177,0,1353,0
02/01/2024,6655,666,1246,1746,0,2646,0
02/01/2024,5731,320,1063,1092,0,2444,0
02/01/2024,8218,526,2729,2168,0,1731,0
02/01/2024,8548,531,3792,1839,0,2048,0
03/01/2024,5914,469,3557,1533,0,2686,0
03/01/2024,9149,320,3107,1242,0,2048,0
03/01/2024,6682,481,1168,3736,0,2155,0
03/01/2024,5967,407,3946,1741,0,1697,0
03/01/2024,6980,559,2288,1169,0,1696,0
03/01/2024,6941,441,2451,3486,0,1427,0
03/01/2024,6459,676,2103,3179,0,2089,0
03/01/2024,9908,396,2835,3272,0,1882,0
03/01/2024,5751,628,1842,3550,0,2931,0
03/01/2024,5423,685,3356,3027,0,2397,0
03/01/2024,8778,325,2076,2981,0,2950,0
03/01/2024,6788,687,1438,1187,0,1698,0
04/01/2024,8613,412,2822,1957,0,2354,0
04/01/2024,8573,459,1867,1484,0,2852,0
04/01/2024,9014,480,1271,3097,0,1058,0
04/01/2024,7574,669,3691,3831,0,1054,0
04/01/2024,9215,575,1834,1127,0,1889,0
04/01/2024,5199,335,3050,2612,0,2009,0
04/01/2024,5190,371,2799,3562,0,1691,0
04/01/2024,5716,588,1435,1329,0,2768,0
04/01/2024,5545,586,2870,1362,0,1304,0
04/01/2024,5811,370,1251,3750,0,1103,0
04/01/2024,6599,657,1682,3057,0,2284,0
04/01/2024,7439,636,2462,1379,0,1699,0
04/01/2024,9547,483,3771,2484,0,2962,0
05/01/2024,6224,626,1209,3013,0,2157,0
05/01/2024,5046,664,2861,3908,0,2084,0
05/01/2024,7623,348,3506,3782,0,1351,0
05/01/2024,5650,578,2894,3608,0,2850,0
05/01/2024,6451,351,1246,2997,0,2304,0
05/01/2024,6159,650,1290,2986,0,1005,0
05/01/2024,6147,687,1259,3171,0,2275,0
05/01/2024,7947,394,3377,2775,0,1650,0
05/01/2024,7682,667,1958,2155,0,1092,0
05/01/2024,5952,343,3404,3741,0,1541,0
05/01/2024,8723,457,3018,3707,0,1265,0
05/01/2024,8023,598,1730,3221,0,1331,0
06/01/2024,8334,324,3787,1565,0,2724,0
06/01/2024,6197,586,2667,2080,0,1761,0
06/01/2024,9560,557,2999,1492,0,1669,0
06/01/2024,6220,433,2240,3586,0,1015,0
06/01/2024,8207,310,1214,3605,0,1721,0
06/01/2024,6459,541,3161,3467,0,2645,0
06/01/2024,8948,691,2177,3199,0,1935,0
06/01/2024,5139,316,1919,2905,0,2597,0
06/01/2024,7946,676,2132,2361,0,1472,0
06/01/2024,7164,333,1428,3892,0,1964,0
06/01/2024,9244,531,1362,3619,0,2013,0
06/01/2024,7763,539,1021,1829,0,1075,0
07/01/2024,8479,614,1806,3793,0,2210,0
07/01/2024,7433,571,3429,1430,0,1534,0
07/01/2024,5499,612,3331,2840,0,1246,0
07/01/2024,7197,642,3165,2156,0,1772,0
07/01/2024,6277,698,3723,1427,0,1232,0
07/01/2024,6510,593,2942,2615,0,1315,0
07/01/2024,7509,586,2830,2508,0,1377,0
07/01/2024,9388,542,2489,3417,0,2112,0
07/01/2024,8176,554,1505,2787,0,2876,0
07/01/2024,9619,641,1210,2576,0,2544,0
07/01/2024,9601,564,1111,2940,0,2352,0
07/01/2024,7053,464,3847,2816,0,2766,0
08/01/2024,8041,378,1636,1558,0,1222,0
08/01/2024,7319,489,3397,1265,0,2355,0
08/01/2024,8164,655,2589,1504,0,1916,0
08/01/2024,6321,422,2137,1569,0,2483,0
08/01/2024,5722,542,1208,2807,0,2768,0
08/01/2024,5676,505,2890,2128,0,1941,0
08/01/2024,8778,687,2760,2928,0,1483,0
08/01/2024,9986,539,1826,3162,0,1525,0
08/01/2024,8359,497,2979,2974,0,1202,0
08/01/2024,8984,544,1115,2713,0,1172,0
08/01/2024,5749,469,3029,2298,0,1645,0
08/01/2024,7488,324,3117,1910,0,2091,0
08/01/2024,6011,307,2211,3660,0,1363,0
09/01/2024,8831,530,2068,1777,0,2828,0
09/01/2024,8964,368,2428,1533,0,2556,0
09/01/2024,6489,312,3862,2780,0,1261,0
09/01/2024,7813,495,3689,3488,0,1671,0
09/01/2024,7685,679,1876,3643,0,2479,0
09/01/2024,6852,411,3711,2089,0,2441,0
09/01/2024,6226,510,1467,2260,0,1935,0
09/01/2024,7296,371,3850,1078,0,2918,0
09/01/2024,9041,533,2273,3970,0,1715,0
09/01/2024,7710,474,3604,2541,0,1991,0
09/01/2024,5853,449,2606,2200,0,1977,0
09/01/2024,5039,426,2260,2705,0,2369,0
09/01/2024,5816,471,1893,3187,0,2853,0
10/01/2024,5837,418,2781,2325,0,2770,0
10/01/2024,7829,627,3249,2645,0,2928,0
10/01/2024,8853,307,3409,1778,0,2550,0
10/01/2024,6597,575,3445,1461,0,2199,0
10/01/2024,8858,630,2303,3393,0,1878,0
10/01/2024,6446,414,2345,2927,0,2446,0
10/01/2024,7394,401,3694,2973,0,1781,0
10/01/2024,6892,473,1419,2310,0,2373,0
10/01/2024,7929,605,2489,2745,0,2479,0
10/01/2024,9748,603,1696,1427,0,1038,0
10/01/2024,5767,333,3305,3417,0,2265,0
10/01/2024,8596,585,3564,1313,0,2915,0
11/01/2024,7269,573,3707,2028,0,1804,0
11/01/2024,8531,366,2987,3069,0,1185,0
11/01/2024,7729,697,2576,3780,0,2030,0
11/01/2024,9811,681,2638,3621,0,2436,0
11/01/2024,5022,497,3776,1743,0,2603,0
11/01/2024,9608,675,2030,2040,0,2156,0
11/01/2024,5590,322,2638,2205,0,2797,0
11/01/2024,9055,526,2069,2468,0,1300,0
11/01/2024,6036,448,3880,3536,0,2128,0
11/01/2024,7376,632,1287,2286,0,1240,0
11/01/2024,5398,395,1387,2402,0,1737,0
11/01/2024,5078,323,3234,1451,0,2594,0
11/01/2024,8477,682,2942,2441,0,2761,0
12/01/2024,5071,315,3910,3220,0,1101,0
12/01/2024,6584,417,1485,1508,0,2806,0
12/01/2024,6481,634,1651,2730,0,1355,0
12/01/2024,7188,402,2241,3574,0,2621,0
12/01/2024,8219,643,2663,3983,0,2774,0
12/01/2024,7594,578,3529,1604,0,2769,0
12/01/2024,9370,417,1062,1165,0,1394,0
12/01/2024,9072,400,3758,1919,0,2183,0
12/01/2024,5694,430,2791,1773,0,2540,0
12/01/2024,8059,462,3115,3015,0,2528,0
12/01/2024,5354,567,3054,2877,0,2674,0
12/01/2024,6752,500,1399,3796,0,2285,0
12/01/2024,7041,364,1235,2173,0,1213,0
13/01/2024,8297,612,1655,3762,0,2581,0
13/01/2024,9176,638,2152,3270,0,1741,0
13/01/2024,6660,473,2329,2645,0,1989,0
13/01/2024,6368,384,3476,3998,0,2279,0
13/01/2024,9204,641,3778,3437,0,2949,0
13/01/2024,6008,395,3090,2898,0,2693,0
13/01/2024,5962,411,3443,1727,0,1808,0
13/01/2024,7633,318,1789,1740,0,1087,0
13/01/2024,7285,552,3144,3779,0,1907,0
13/01/2024,7059,530,2877,1814,0,2572,0
13/01/2024,8239,684,1517,1160,0,1578,0
13/01/2024,5703,667,1306,1327,0,1614,0
14/01/2024,7696,335,3634,2452,0,2438,0
14/01/2024,6239,442,2929,1369,0,1906,0
14/01/2024,7910,441,2360,1616,0,2090,0
14/01/2024,8409,476,1961,1119,0,1879,0
14/01/2024,9209,650,1423,2209,0,2655,0
14/01/2024,5177,458,3441,1000,0,1267,0
14/01/2024,8385,543,2945,2261,0,2636,0
14/01/2024,8974,337,1668,3225,0,2022,0
14/01/2024,9737,613,2013,3109,0,1639,0
14/01/2024,6180,421,3268,3346,0,2254,0
14/01/2024,5231,633,2031,1132,0,1989,0
14/01/2024,6144,608,1933,3778,0,2792,0
15/01/2024,9138,556,1253,1227,0,2528,0
15/01/2024,8602,691,2942,3472,0,2323,0
15/01/2024,9824,354,3853,1788,0,2775,0
15/01/2024,5111,609,1307,1524,0,2653,0
15/01/2024,5351,572,1946,2177,0,2081,0
15/01/2024,7524,444,1855,3350,0,1063,0
15/01/2024,5004,491,2618,1340,0,1570,0
15/01/2024,7123,349,1858,3704,0,1870,0
15/01/2024,6681,433,1293,3986,0,2687,0
15/01/2024,9790,486,2276,1557,0,2295,0
15/01/2024,5843,462,2252,2603,0,2382,0
15/01/2024,7550,691,2740,1077,0,2998,0
15/01/2024,8763,615,2772,3879,0,2417,0
16/01/2024,5642,689,3925,3135,0,1558,0
16/01/2024,8792,669,1066,1572,0,2687,0
16/01/2024,6251,614,2271,1522,0,2303,0
16/01/2024,8908,574,2055,3241,0,2542,0
16/01/2024,7407,392,2853,3933,0,1373,0
16/01/2024,7211,678,3788,3277,0,1924,0
16/01/2024,9098,586,3341,2566,0,2622,0
16/01/2024,9871,525,1312,1984,0,2834,0
16/01/2024,7127,553,3703,3166,0,2176,0
16/01/2024,7879,598,2455,1250,0,2703,0
16/01/2024,5639,411,3219,3672,0,1521,0
16/01/2024,6478,464,3208,2759,0,1579,0
16/01/2024,6056,517,2293,1223,0,1923,0
17/01/2024,7217,652,2001,2145,0,2275,0
17/01/2024,7469,590,3486,3098,0,2184,0
17/01/2024,6173,649,3540,1835,0,2416,0
17/01/2024,5537,394,3555,3063,0,2951,0
17/01/2024,5890,498,2097,1763,0,2981,0
17/01/2024,6041,301,2812,3178,0,2429,0
17/01/2024,9122,365,2653,1707,0,1880,0
17/01/2024,9967,680,2591,2189,0,1283,0
17/01/2024,8698,568,2938,3118,0,1878,0
17/01/2024,5979,382,1526,2869,0,2453,0
17/01/2024,8376,337,1748,1781,0,2173,0
17/01/2024,5248,578,1464,1270,0,2213,0
17/01/2024,8920,397,1595,3383,0,2159,0
17/01/2024,5888,398,1974,3068,0,1627,0
18/01/2024,7127,336,1007,3544,0,1929,0
18/01/2024,7034,468,2164,2694,0,2702,0
18/01/2024,6837,449,3310,2865,0,2378,0
18/01/2024,6133,467,1718,3711,0,2445,0
18/01/2024,6752,651,1109,1223,0,1386,0
18/01/2024,5604,451,1025,1620,0,2063,0
18/01/2024,6425,421,1261,2443,0,1517,0
18/01/2024,6473,637,1085,3343,0,1375,0
18/01/2024,9644,499,1469,1127,0,2835,0
18/01/2024,5053,493,2666,3581,0,2448,0
18/01/2024,9767,482,1444,2956,0,1602,0
18/01/2024,6289,303,2465,1222,0,2547,0
18/01/2024,5141,445,3811,1084,0,1047,0
18/01/2024,8536,538,3769,2188,0,1664,0
19/01/2024,6053,648,2925,2880,0,2747,0
19/01/2024,9293,570,2610,1645,0,2724,0
19/01/2024,5160,646,3227,2687,0,2099,0
19/01/2024,5793,476,3554,2592,0,2047,0
19/01/2024,7726,659,3765,1020,0,2150,0
19/01/2024,6169,518,2980,1496,0,1196,0
19/01/2024,8643,574,1744,2460,0,2787,0
19/01/2024,7069,677,2146,3999,0,1437,0
19/01/2024,7501,369,1709,2631,0,2758,0
19/01/2024,5868,410,1879,2883,0,2609,0
19/01/2024,5392,474,3445,2514,0,2795,0
19/01/2024,7391,668,2564,3342,0,2984,0
19/01/2024,9299,687,3766,3739,0,2771,0
19/01/2024,5030,443,2261,1596,0,1614,0
20/01/2024,7280,549,3807,3252,0,2256,0
20/01/2024,5018,594,1414,3633,0,2998,0
20/01/2024,8540,647,1664,2462,0,2978,0
20/01/2024,6361,346,3861,3013,0,1900,0
20/01/2024,6484,482,1145,3057,0,2849,0
20/01/2024,9569,454,3668,1935,0,1430,0
20/01/2024,5224,452,1551,1335,0,1683,0
20/01/2024,8580,618,3139,2867,0,2981,0
20/01/2024,7613,469,1973,3643,0,2219,0
20/01/2024,9130,418,1162,3338,0,2801,0
20/01/2024,8155,559,2712,2926,0,2508,0
20/01/2024,5609,382,3597,3120,0,2677,0
20/01/2024,6954,698,2742,1440,0,2502,0
21/01/2024,9380,357,3275,2173,0,1161,0
21/01/2024,5515,621,3020,1910,0,1299,0
21/01/2024,7887,534,2754,2445,0,2695,0
21/01/2024,6570,489,2377,1883,0,1927,0
21/01/2024,9067,507,1882,1527,0,2367,0
21/01/2024,7043,508,3814,1492,0,1377,0
21/01/2024,9216,643,1178,3180,0,1468,0
21/01/2024,9808,347,2109,2007,0,2019,0
21/01/2024,8355,652,1086,3694,0,1243,0
21/01/2024,7433,536,1689,2774,0,2110,0
21/01/2024,5017,441,2127,2553,0,1136,0
21/01/2024,8014,553,1464,2980,0,2114,0
21/01/2024,7487,520,1570,3322,0,2971,0
22/01/2024,8203,417,3518,3993,0,1172,0
22/01/2024,9310,680,1469,3708,0,1745,0
22/01/2024,5101,341,1988,1734,0,1118,0
22/01/2024,5678,361,1454,2035,0,2614,0
22/01/2024,8028,326,2278,1847,0,2069,0
22/01/2024,9664,441,1222,2840,0,1960,0
22/01/2024,6935,642,3289,3630,0,1285,0
22/01/2024,8218,524,3756,3475,0,1118,0
22/01/2024,8650,531,2981,2015,0,1402,0
22/01/2024,7692,561,1402,1429,0,2738,0
22/01/2024,8729,545,1154,1745,0,2123,0
22/01/2024,8324,482,3925,3370,0,2211,0
22/01/2024,6292,322,2820,3798,0,1471,0
22/01/2024,5977,524,1555,1928,0,1757,0
23/01/2024,8073,650,1241,3147,0,1752,0
23/01/2024,8815,683,1193,2644,0,1760,0
23/01/2024,6943,552,2814,3729,0,1812,0
23/01/2024,6119,662,3179,3674,0,2949,0
23/01/2024,5425,374,3925,2797,0,2748,0
23/01/2024,7162,427,1679,3216,0,1476,0
23/01/2024,6280,637,1898,3723,0,1781,0
23/01/2024,6092,586,1585,3371,0,1392,0
23/01/2024,7803,688,3990,3476,0,2634,0
23/01/2024,6179,553,1980,3307,0,2011,0
23/01/2024,8421,432,2417,1947,0,2823,0
23/01/2024,6302,446,1965,1611,0,1082,0
23/01/2024,7229,620,2486,1030,0,2445,0
23/01/2024,7323,536,2022,3530,0,2735,0
24/01/2024,8659,531,2341,3199,0,2034,0
24/01/2024,5881,623,1254,3416,0,1962,0
24/01/2024,6055,562,1200,1481,0,1708,0
24/01/2024,9813,559,3980,1615,0,2090,0
24/01/2024,6044,628,2010,2627,0,1545,0
24/01/2024,6720,337,3288,3920,0,2020,0
24/01/2024,7078,607,2955,3055,0,1147,0
24/01/2024,5348,496,2426,2286,0,2719,0
24/01/2024,5721,314,3058,2075,0,2749,0
24/01/2024,7164,447,3165,3204,0,2736,0
24/01/2024,8624,571,2052,3829,0,2396,0
24/01/2024,6214,400,2937,3337,0,1427,0
24/01/2024,9801,642,1764,3771,0,1072,0
24/01/2024,9198,685,2815,1014,0,2990,0
25/01/2024,5645,630,1228,2382,0,1442,0
25/01/2024,8894,669,3890,1210,0,2495,0
25/01/2024,6227,371,1394,1825,0,1511,0
25/01/2024,7158,310,3541,1748,0,1595,0
25/01/2024,8959,349,1374,1143,0,2000,0
25/01/2024,8725,697,3978,2617,0,2379,0
25/01/2024,8696,499,2778,2479,0,1416,0
25/01/2024,6599,355,3411,3232,0,1836,0
25/01/2024,9743,598,2177,3337,0,1752,0
25/01/2024,9495,670,1274,1592,0,2506,0
25/01/2024,8977,581,3364,2196,0,2184,0
25/01/2024,9292,629,2819,3976,0,1086,0
25/01/2024,9557,443,3411,3054,0,2310,0
25/01/2024,5494,459,1538,2962,0,2860,0
26/01/2024,8699,497,1954,3383,0,1667,0
26/01/2024,6319,687,2279,1028,0,2678,0
26/01/2024,6726,586,1997,3038,0,2474,0
26/01/2024,5787,370,2686,2389,0,1925,0
26/01/2024,5701,359,3693,2739,0,2182,0
26/01/2024,6690,611,1206,2922,0,2931,0
26/01/2024,6674,505,2930,1375,0,2549,0
26/01/2024,6654,650,3739,3966,0,1165,0
26/01/2024,8023,644,3085,2463,0,1175,0
26/01/2024,8888,331,2954,1657,0,2617,0
26/01/2024,5702,458,3508,1532,0,1539,0
26/01/2024,5215,647,2642,3539,0,1240,0
26/01/2024,5649,677,3562,3742,0,1634,0
26/01/2024,7205,474,1940,3323,0,2658,0
27/01/2024,5011,648,2814,1955,0,1490,0
27/01/2024,7797,659,1117,1161,0,2789,0
27/01/2024,6565,659,3408,3157,0,2600,0
27/01/2024,5514,539,1231,3608,0,1383,0
27/01/2024,7486,380,1054,1074,0,1791,0
27/01/2024,5908,543,2580,3070,0,1791,0
27/01/2024,8089,300,1856,2267,0,1266,0
27/01/2024,9214,535,2711,2285,0,1542,0
27/01/2024,5995,449,2545,2194,0,2156,0
27/01/2024,6307,389,2907,2663,0,2462,0
27/01/2024,6114,437,3499,1454,0,2890,0
27/01/2024,9470,439,3075,2527,0,2092,0
27/01/2024,9362,402,2781,2793,0,1014,0
27/01/2024,8601,565,3656,1322,0,2379,0
28/01/2024,7550,396,2943,2913,0,1126,0
28/01/2024,7254,414,3277,3128,0,2604,0
28/01/2024,7607,614,3410,3917,0,1024,0
28/01/2024,5759,504,3638,3758,0,2934,0
28/01/2024,6941,460,1865,1511,0,2777,0
28/01/2024,7533,621,2032,3087,0,1101,0
28/01/2024,6412,440,1033,2368,0,1656,0
28/01/2024,8640,406,3569,3863,0,2325,0
28/01/2024,9125,564,3152,3142,0,1403,0
28/01/2024,7458,643,2946,2619,0,2809,0
28/01/2024,5288,428,3079,3703,0,1431,0
28/01/2024,8176,305,2841,1589,0,1692,0
29/01/2024,6871,606,1703,3782,0,1152,0
29/01/2024,6459,401,3229,3389,0,2971,0
29/01/2024,7417,633,1583,3884,0,2678,0
29/01/2024,6687,699,3409,2877,0,1362,0
29/01/2024,5020,662,2104,1623,0,2437,0
29/01/2024,6315,317,1024,2379,0,1583,0
29/01/2024,8020,635,3800,2321,0,1974,0
29/01/2024,9261,603,3996,1857,0,1619,0
29/01/2024,7165,522,2729,2171,0,1535,0
29/01/2024,5705,533,3550,3853,0,1281,0
29/01/2024,7940,651,2898,2725,0,2284,0
29/01/2024,7679,648,1857,1302,0,2905,0
29/01/2024,7286,540,2787,3418,0,2451,0
30/01/2024,9001,355,3326,1424,0,1141,0
30/01/2024,5826,696,1885,2259,0,1480,0
30/01/2024,7627,605,3468,3181,0,1399,0
30/01/2024,6502,665,2503,2150,0,1911,0
30/01/2024,8997,343,2542,2243,0,2354,0
30/01/2024,5107,610,3875,2218,0,1475,0
30/01/2024,5332,366,3069,3444,0,1122,0
30/01/2024,6382,453,3019,3526,0,2821,0
30/01/2024,9752,698,3984,1817,0,2277,0
30/01/2024,6103,577,3582,2805,0,2973,0
30/01/2024,6076,468,3839,2606,0,1217,0
30/01/2024,7833,307,1330,3216,0,1504,0
30/01/2024,7955,392,2151,3876,0,1874,0
30/01/2024,7886,513,1361,1544,0,1408,0
31/01/2024,7132,493,3660,1422,0,2842,0
31/01/2024,5939,462,2049,2986,0,1080,0
31/01/2024,5150,684,1567,1552,0,2625,0
31/01/2024,7299,555,1049,1863,0,1321,0
31/01/2024,9746,576,2744,3381,0,1289,0
31/01/2024,9976,353,1601,1111,0,2223,0
31/01/2024,9269,356,3073,3847,0,2350,0
31/01/2024,7287,463,3610,3851,0,1742,0
31/01/2024,7503,461,3391,2650,0,1726,0
31/01/2024,7272,645,3957,3434,0,1844,0
31/01/2024,7542,677,3804,2155,0,2936,0
31/01/2024,6219,685,3365,1647,0,2667,0
31/01/2024,7449,533,2183,2108,0,2394,0
31/01/2024,7148,595,1667,3662,0,1238,0
31/01/2024,7787,643,3721,3417,0,1704,0
01/02/2024,5749,540,2529,1402,0,1905,0
01/02/2024,8849,674,2641,1603,0,1282,0
01/02/2024,7905,606,1147,2248,0,1793,0
01/02/2024,9491,388,2098,1649,0,1121,0
01/02/2024,6221,624,1821,1652,0,2114,0
01/02/2024,8143,397,3650,1697,0,1782,0
01/02/2024,8765,361,2773,3164,0,1456,0
01/02/2024,8918,536,1843,3915,0,2267,0
01/02/2024,8374,605,3631,3638,0,2412,0
01/02/2024,9425,685,2370,2870,0,1386,0
01/02/2024,5203,346,3074,2352,0,2707,0
01/02/2024,7101,408,1928,3525,0,1690,0
01/02/2024,5654,463,2808,1296,0,2102,0
01/02/2024,9983,512,3527,2896,0,1708,0
01/02/2024,5090,584,1029,3827,0,2118,0
02/02/2024,8244,556,1936,2746,0,1458,0
02/02/2024,7404,382,2710,2805,0,1449,0
02/02/2024,6955,431,2353,1922,0,1258,0
02/02/2024,9897,610,3005,3483,0,1153,0
02/02/2024,8680,399,2429,1577,0,2886,0
02/02/2024,7791,493,2705,3069,0,1092,0
02/02/2024,5355,594,1767,2310,0,2500,0
02/02/2024,8254,548,2216,2819,0,1888,0
02/02/2024,9403,567,1260,3037,0,2927,0
02/02/2024,8752,576,1352,1301,0,1526,0
02/02/2024,5770,582,2186,1125,0,2782,0
02/02/2024,7874,398,1079,1116,0,1706,0
02/02/2024,7393,356,1772,1497,0,2304,0
02/02/2024,9358,579,1417,3793,0,2047,0
02/02/2024,5386,552,1023,1319,0,2389,0
03/02/2024,8172,403,2325,2183,0,2332,0
03/02/2024,8138,347,1691,1508,0,1051,0
03/02/2024,7618,335,1339,3512,0,2915,0
03/02/2024,8051,626,3746,1583,0,2224,0
03/02/2024,8117,378,3812,3697,0,1484,0
03/02/2024,7854,354,2092,1925,0,2277,0
03/02/2024,9631,582,2528,3648,0,2234,0
03/02/2024,5801,366,3040,2283,0,1819,0
03/02/2024,7666,384,3757,3589,0,1254,0
03/02/2024,6038,648,2686,2262,0,1730,0
03/02/2024,6294,355,2609,1861,0,1925,0
03/02/2024,9292,405,3119,1644,0,1914,0
03/02/2024,9444,323,2586,1583,0,2645,0
03/02/2024,8052,597,1536,2000,0,2990,0
04/02/2024,8378,355,3557,2833,0,2328,0
04/02/2024,5483,473,2010,1242,0,1216,0
04/02/2024,8907,631,3483,3585,0,2912,0
04/02/2024,9739,400,2339,2090,0,1791,0
04/02/2024,9775,470,3623,3392,0,1464,0
04/02/2024,8178,529,2399,1360,0,1212,0
04/02/2024,9603,315,3753,2867,0,2992,0
04/02/2024,6700,596,2709,2902,0,2390,0
04/02/2024,9989,590,1760,1240,0,1086,0
04/02/2024,6517,352,3609,3414,0,1859,0
04/02/2024,7381,499,3508,3374,0,1616,0
04/02/2024,8552,648,2564,2829,0,2834,0
04/02/2024,8377,600,3912,3386,0,2185,0
04/02/2024,7949,423,1615,3703,0,1819,0
05/02/2024,8060,452,3796,2048,0,1787,0
05/02/2024,5421,456,2411,2502,0,2981,0
05/02/2024,8264,404,2602,3693,0,2631,0
05/02/2024,8124,563,2129,1267,0,1230,0
05/02/2024,7970,680,2071,3485,0,2127,0
05/02/2024,7587,467,1814,1367,0,2783,0
05/02/2024,9850,647,3459,3561,0,2720,0
05/02/2024,8500,469,3533,2630,0,1291,0
05/02/2024,5137,478,2520,1598,0,1197,0
05/02/2024,9728,424,3024,2873,0,2374,0
05/02/2024,8595,420,2698,3046,0,2650,0
05/02/2024,5439,323,3463,1383,0,2956,0
05/02/2024,6138,433,3418,3264,0,1936,0
05/02/2024,7446,513,3437,2558,0,1262,0
06/02/2024,8090,323,2643,3981,0,1693,0
06/02/2024,8940,338,3082,3541,0,1302,0
06/02/2024,7470,676,1578,2494,0,1410,0
06/02/2024,6955,585,2398,2808,0,2635,0
06/02/2024,6088,639,3187,2751,0,2012,0
06/02/2024,9214,498,1042,2154,0,1417,0
06/02/2024,5548,394,1862,2680,0,1186,0
06/02/2024,5478,540,1427,3935,0,2793,0
06/02/2024,9230,673,2800,2098,0,2657,0
06/02/2024,9223,498,1589,2575,0,2806,0
06/02/2024,8435,538,1901,2752,0,2424,0
06/02/2024,9851,690,2094,1381,0,1935,0
06/02/2024,8940,482,3702,3526,0,2477,0
06/02/2024,6391,482,1364,2668,0,1237,0
06/02/2024,6862,628,1639,3758,0,1958,0
07/02/2024,7087,529,1034,1932,0,2767,0
07/02/2024,6581,498,1436,3342,0,2651,0
07/02/2024,6213,370,2311,3268,0,2449,0
07/02/2024,8466,358,1849,1329,0,2415,0
07/02/2024,6006,566,1338,1152,0,2324,0
07/02/2024,8848,361,3051,2058,0,2461,0
07/02/2024,5005,384,1825,1645,0,2684,0
07/02/2024,5511,699,2846,1631,0,1471,0
07/02/2024,5816,649,3945,3244,0,1249,0
07/02/2024,7746,599,3552,1158,0,1470,0
07/02/2024,7454,595,1285,1105,0,2552,0
07/02/2024,7579,657,3937,1510,0,1025,0
07/02/2024,6768,366,3656,3545,0,1816,0
07/02/2024,9137,388,3478,1237,0,1203,0
07/02/2024,6036,313,2876,3684,0,2003,0
08/02/2024,5123,398,3757,2535,0,1365,0
08/02/2024,7592,518,2720,2796,0,2378,0
08/02/2024,9131,411,3206,1727,0,2728,0
08/02/2024,7702,394,2616,1278,0,2522,0
08/02/2024,8670,325,2751,2852,0,1976,0
08/02/2024,9782,562,1296,2315,0,2717,0
08/02/2024,6875,561,1490,1696,0,1227,0
08/02/2024,7894,430,3298,2086,0,1017,0
08/02/2024,8995,674,1671,1916,0,2599,0
08/02/2024,9114,579,1421,2855,0,1577,0
08/02/2024,6244,685,3567,1646,0,2640,0
08/02/2024,8948,429,3148,1052,0,2433,0
08/02/2024,9543,609,2048,2810,0,1913,0
08/02/2024,8068,367,2354,1333,0,2649,0
08/02/2024,5756,479,1230,1399,0,1024,0
09/02/2024,9062,530,1502,1847,0,1939,0
09/02/2024,8829,480,1938,1690,0,2737,0
09/02/2024,6600,408,3163,1507,0,2573,0
09/02/2024,5179,374,3538,2116,0,1071,0
09/02/2024,5827,440,1998,2907,0,1340,0
09/02/2024,8343,680,2642,1904,0,1255,0
09/02/2024,5640,581,2801,1075,0,1863,0
09/02/2024,9335,597,3558,2524,0,1642,0
09/02/2024,8218,552,1165,2971,0,1357,0
09/02/2024,6594,465,2571,3159,0,1451,0
09/02/2024,5981,337,2165,2553,0,2457,0
09/02/2024,5312,689,3712,3384,0,2269,0
09/02/2024,9865,415,3080,1269,0,1261,0
09/02/2024,8433,375,3174,1660,0,1600,0
09/02/2024,6696,561,1188,1452,0,2745,0
10/02/2024,8249,417,1410,2491,0,2436,0
10/02/2024,8450,476,2797,2103,0,2545,0
10/02/2024,8010,660,1905,3146,0,1309,0
10/02/2024,7324,510,3252,3014,0,1395,0
10/02/2024,9123,647,2039,3538,0,1631,0
10/02/2024,5938,591,1101,2826,0,2385,0
10/02/2024,9999,502,3960,2758,0,2192,0
10/02/2024,6703,662,1172,3060,0,1090,0
10/02/2024,8797,515,3191,1207,0,1271,0
10/02/2024,8224,506,1548,2933,0,2640,0
10/02/2024,9874,523,2241,2758,0,1613,0
10/02/2024,9470,490,1147,1775,0,2544,0
10/02/2024,6461,550,2678,1158,0,2524,0
10/02/2024,8491,651,2445,2954,0,2859,0
11/02/2024,8547,565,1093,1408,0,2256,0
11/02/2024,5736,459,2219,3955,0,1507,0
11/02/2024,5695,459,1635,1823,0,2283,0
11/02/2024,7640,564,1831,2180,0,1353,0
11/02/2024,6920,495,1734,2010,0,2334,0
11/02/2024,7516,380,3931,2807,0,2353,0
11/02/2024,6240,612,3714,3184,0,2384,0
11/02/2024,6712,482,3531,3175,0,1683,0
11/02/2024,5320,468,1590,1485,0,1030,0
11/02/2024,8072,630,3850,3634,0,2146,0
11/02/2024,7262,655,2629,3024,0,1829,0
11/02/2024,5405,519,3988,3643,0,2685,0
11/02/2024,9752,420,2087,3194,0,2828,0
11/02/2024,7718,593,3807,1736,0,1957,0
12/02/2024,9623,674,3815,3513,0,2018,0
12/02/2024,9577,490,2285,2683,0,1510,0
12/02/2024,9569,311,1103,3801,0,2797,0
12/02/2024,5843,530,3796,3546,0,1655,0
12/02/2024,9050,385,3053,1234,0,1975,0
12/02/2024,5078,413,2906,1713,0,1663,0
12/02/2024,5781,468,2884,1489,0,1071,0
12/02/2024,5103,426,1641,2092,0,1485,0
12/02/2024,6509,625,1403,3175,0,2497,0
12/02/2024,8434,439,2973,3996,0,2953,0
12/02/2024,6570,331,2851,2267,0,1832,0
12/02/2024,7570,642,2495,2275,0,1333,0
12/02/2024,6945,312,1922,1616,0,1115,0
12/02/2024,9937,603,2839,2491,0,1671,0
12/02/2024,8782,597,1640,1914,0,2322,0
13/02/2024,6103,693,1701,2444,0,2792,0
13/02/2024,5414,488,3015,2316,0,2289,0
13/02/2024,9292,379,2796,3071,0,1554,0
13/02/2024,8620,447,1469,1759,0,2310,0
13/02/2024,8022,563,2080,1502,0,1369,0
13/02/2024,6396,316,1327,1746,0,2773,0
13/02/2024,6187,669,1476,2591,0,1565,0
13/02/2024,9449,681,1193,3118,0,1768,0
13/02/2024,6009,683,3720,1190,0,2272,0
13/02/2024,6524,637,2949,1768,0,2156,0
13/02/2024,6535,679,2643,1480,0,2891,0
13/02/2024,7543,608,3172,1590,0,1896,0
13/02/2024,8794,397,3045,3296,0,2326,0
13/02/2024,9704,697,1834,2962,0,2629,0
13/02/2024,6642,305,2240,1223,0,1701,0
14/02/2024,8942,564,1131,2060,0,2362,0
14/02/2024,8923,450,2308,2488,0,2558,0
14/02/2024,5666,431,2228,2252,0,2699,0
14/02/2024,5348,333,1078,3627,0,2395,0
14/02/2024,7027,427,3456,2623,0,1252,0
14/02/2024,9551,352,3030,1793,0,1348,0
14/02/2024,8472,362,1741,2980,0,1675,0
14/02/2024,8975,698,2620,1078,0,1072,0
14/02/2024,6025,660,1967,2622,0,2493,0
14/02/2024,7379,425,3458,3706,0,2773,0
14/02/2024,6118,634,3086,3738,0,2191,0
14/02/2024,6513,625,1200,2114,0,1504,0
14/02/2024,7934,619,3876,2462,0,2109,0
14/02/2024,7264,604,2256,2598,0,2368,0
14/02/2024,9904,399,3087,3170,0,2257,0
15/02/2024,5364,697,1991,3297,0,1625,0
15/02/2024,9549,447,2656,3150,0,2403,0
15/02/2024,5646,662,2854,3106,0,1546,0
15/02/2024,8581,610,2223,1508,0,2466,0
15/02/2024,9550,639,1414,2079,0,1815,0
15/02/2024,7131,512,2806,1697,0,2174,0
15/02/2024,7437,565,3111,1382,0,2689,0
15/02/2024,9134,489,1289,2701,0,1079,0
15/02/2024,8544,641,2103,3700,0,1719,0
15/02/2024,8477,361,1987,3065,0,2402,0
15/02/2024,9463,414,2738,3698,0,1345,0
15/02/2024,6274,329,2403,1647,0,2847,0
15/02/2024,5434,692,1553,3707,0,2754,0
15/02/2024,6930,624,3492,3345,0,2109,0
15/02/2024,7841,696,3518,1418,0,2217,0
16/02/2024,8835,491,2355,2643,0,1537,0
16/02/2024,7255,670,1739,3607,0,2768,0
16/02/2024,6822,310,1056,2025,0,1153,0
16/02/2024,9190,477,1210,3025,0,2193,0
16/02/2024,7245,401,3627,2470,0,1387,0
16/02/2024,6995,694,2608,1062,0,2047,0
16/02/2024,7894,511,3888,2817,0,2549,0
16/02/2024,5393,525,2149,2235,0,1322,0
16/02/2024,5877,620,3787,1100,0,2059,0
16/02/2024,6243,452,2939,1810,0,1281,0
16/02/2024,6189,470,3401,2103,0,2383,0
16/02/2024,8224,550,3792,3598,0,1394,0
16/02/2024,7392,466,2442,3287,0,2079,0
16/02/2024,5231,681,3036,3128,0,2325,0
16/02/2024,5753,437,1367,2984,0,2483,0
17/02/2024,7259,452,2252,2311,0,1570,0
17/02/2024,6609,673,3276,2632,0,2292,0
17/02/2024,5057,500,3550,2743,0,2048,0
17/02/2024,6988,670,1269,3360,0,2407,0
17/02/2024,6169,330,1183,2551,0,2073,0
17/02/2024,6690,336,3252,2244,0,1711,0
17/02/2024,8685,362,1168,1549,0,1629,0
17/02/2024,8324,412,3277,1391,0,2352,0
17/02/2024,5885,632,2680,3437,0,1477,0
17/02/2024,7675,383,1902,2162,0,1579,0
17/02/2024,7303,411,3389,3592,0,1810,0
17/02/2024,7189,598,2618,3305,0,1110,0
17/02/2024,8251,314,2264,1836,0,1204,0
17/02/2024,9974,636,3734,3422,0,1774,0
17/02/2024,9387,536,2767,2609,0,2282,0
18/02/2024,7823,377,1237,2312,0,1577,0
18/02/2024,6406,436,3208,3129,0,1371,0
18/02/2024,6145,532,2149,2121,0,2799,0
18/02/2024,7699,338,3496,1518,0,1172,0
18/02/2024,8671,422,1373,3940,0,1101,0
18/02/2024,8101,572,2670,2692,0,2545,0
18/02/2024,6630,335,2360,1269,0,1825,0
18/02/2024,9368,365,3631,2114,0,2851,0
18/02/2024,8822,361,1651,1360,0,2181,0
18/02/2024,9567,607,3507,2223,0,1055,0
18/02/2024,6476,531,3036,2360,0,2144,0
18/02/2024,9138,446,3525,1643,0,1677,0
18/02/2024,6667,378,3996,1166,0,1303,0
18/02/2024,9936,313,1156,3017,0,1127,0
18/02/2024,9453,657,1778,3837,0,2997,0
19/02/2024,7053,594,1148,1344,0,2152,0
19/02/2024,8217,457,2971,3200,0,1176,0
19/02/2024,7492,575,3377,1120,0,2765,0
19/02/2024,7137,343,2476,2831,0,1579,0
19/02/2024,9094,652,3014,3176,0,1903,0
19/02/2024,6781,548,1358,1800,0,1977,0
19/02/2024,9829,643,1410,1992,0,2148,0
19/02/2024,6505,611,3172,2371,0,2186,0
19/02/2024,5522,321,2685,2116,0,2888,0
19/02/2024,9939,520,2550,3210,0,2936,0
19/02/2024,8604,364,1560,3399,0,2995,0
19/02/2024,8207,494,1776,3647,0,1553,0
19/02/2024,5542,435,3215,2523,0,1939,0
19/02/2024,7830,502,3460,1089,0,2276,0
19/02/2024,8860,671,2512,1790,0,1118,0
20/02/2024,9878,533,3174,2909,0,2477,0
20/02/2024,6905,438,2727,1288,0,2187,0
20/02/2024,8331,396,2632,2594,0,2687,0
20/02/2024,6076,467,2353,3000,0,2305,0
20/02/2024,6026,695,1154,1610,0,2961,0
20/02/2024,7904,452,2874,1975,0,1297,0
20/02/2024,7721,576,2057,2412,0,1298,0
20/02/2024,7145,419,3933,2752,0,2711,0
20/02/2024,8918,499,1145,3612,0,1842,0
20/02/2024,6926,309,3496,1597,0,2901,0
20/02/2024,8573,689,1079,1818,0,1284,0
20/02/2024,6250,337,1516,2497,0,2014,0
20/02/2024,8278,346,1240,2006,0,1190,0
20/02/2024,8971,690,1818,2397,0,2879,0
20/02/2024,7694,549,3644,3605,0,1619,0
21/02/2024,5779,467,1600,1961,0,1219,0
21/02/2024,8003,515,1514,3891,0,1768,0
21/02/2024,9810,640,1856,3738,0,2124,0
21/02/2024,7426,442,3374,2527,0,2809,0
21/02/2024,7472,502,1224,2418,0,2694,0
21/02/2024,5623,461,3739,2221,0,1425,0
21/02/2024,8057,403,1787,2309,0,1980,0
21/02/2024,5636,613,1611,2512,0,2914,0
21/02/2024,9860,671,2872,3872,0,1336,0
21/02/2024,9177,546,2270,3270,0,2694,0
21/02/2024,7985,425,1447,2621,0,2475,0
21/02/2024,7913,633,1355,3899,0,2301,0
21/02/2024,6965,365,3352,1744,0,2540,0
21/02/2024,7469,607,3594,3822,0,2484,0
21/02/2024,5214,457,1895,3182,0,2057,0
22/02/2024,7801,440,1639,3729,0,1407,0
22/02/2024,7349,589,2869,1537,0,1550,0
22/02/2024,6277,545,1941,1467,0,2055,0
22/02/2024,5478,396,3763,3425,0,2040,0
22/02/2024,5468,367,2947,1044,0,2164,0
22/02/2024,6427,312,3452,1158,0,1472,0
22/02/2024,5145,619,3569,2252,0,2467,0
22/02/2024,8426,700,3708,2776,0,1836,0
22/02/2024,5978,636,1853,1592,0,1459,0
22/02/2024,5209,313,1275,3571,0,2565,0
22/02/2024,7238,684,3414,1681,0,1288,0
22/02/2024,6771,346,3697,1022,0,1619,0
22/02/2024,6374,517,1349,2263,0,2886,0
22/02/2024,8370,599,3377,3577,0,2210,0
22/02/2024,5408,476,2909,3980,0,1001,0
23/02/2024,5552,407,3092,2704,0,2076,0
23/02/2024,7369,678,2718,2761,0,1201,0
23/02/2024,8930,546,1178,1601,0,1360,0
23/02/2024,9189,591,3928,2455,0,1001,0
23/02/2024,8209,362,2031,3003,0,1645,0
23/02/2024,7569,559,2955,1823,0,2576,0
23/02/2024,6175,576,3454,1195,0,2479,0
23/02/2024,8611,383,2993,1137,0,2400,0
23/02/2024,6057,552,2386,1597,0,2937,0
23/02/2024,5697,361,1649,2898,0,1895,0
23/02/2024,6956,505,1761,2250,0,1309,0
23/02/2024,5493,369,1337,2885,0,2577,0
23/02/2024,7186,423,3336,3879,0,2442,0
23/02/2024,8617,639,2183,2325,0,2313,0
23/02/2024,9849,554,2878,2207,0,2664,0
24/02/2024,6445,478,1955,1751,0,1836,0
24/02/2024,8690,371,2682,3493,0,1160,0
24/02/2024,6932,697,1867,1107,0,2290,0
24/02/2024,9916,357,1333,3242,0,2714,0
24/02/2024,7705,336,3687,3059,0,2420,0
24/02/2024,7100,470,3111,1345,0,1759,0
24/02/2024,8005,542,1569,1053,0,1710,0
24/02/2024,6949,539,2097,3015,0,2089,0
24/02/2024,9997,401,1211,1777,0,2773,0
24/02/2024,5271,314,2409,2931,0,1584,0
24/02/2024,5080,455,1989,1047,0,1893,0
24/02/2024,5166,558,3703,1206,0,2236,0
24/02/2024,6593,550,2340,2874,0,2905,0
24/02/2024,6967,623,2982,2088,0,2346,0
24/02/2024,7886,630,2892,2559,0,1897,0
25/02/2024,8335,646,3205,3602,0,2977,0
25/02/2024,8588,669,1137,3647,0,1790,0
25/02/2024,5720,443,1508,1752,0,1694,0
25/02/2024,7391,358,2530,2333,0,1235,0
25/02/2024,5720,573,1760,2864,0,2967,0
25/02/2024,5000,628,1320,3915,0,1673,0
25/02/2024,8689,403,3083,1010,0,2172,0
25/02/2024,7583,482,1925,3201,0,2954,0
25/02/2024,8764,628,2610,2047,0,1212,0
25/02/2024,5908,668,2703,2362,0,2843,0
25/02/2024,9678,633,3730,1378,0,1759,0
25/02/2024,8225,628,3586,1195,0,1929,0
25/02/2024,5107,513,1071,1848,0,2050,0
25/02/2024,6285,438,1115,3093,0,2749,0
25/02/2024,7331,657,2816,1508,0,1891,0
26/02/2024,8077,384,2425,1607,0,1934,0
26/02/2024,8729,411,2797,2462,0,1320,0
26/02/2024,5541,658,1948,3527,0,2290,0
26/02/2024,5710,524,1704,3107,0,1628,0
26/02/2024,9937,408,1934,1660,0,2451,0
26/02/2024,7367,536,2596,3874,0,1157,0
26/02/2024,7263,527,1329,2412,0,1043,0
26/02/2024,7840,648,3328,2124,0,1288,0
26/02/2024,7485,442,1940,3863,0,1081,0
26/02/2024,9635,681,2701,2483,0,2920,0
26/02/2024,8890,544,2133,2174,0,1367,0
26/02/2024,7443,395,1879,1213,0,1634,0
26/02/2024,8389,691,1206,2045,0,2048,0
26/02/2024,6855,503,3094,2511,0,2801,0
26/02/2024,9460,349,3887,1524,0,2414,0
27/02/2024,7115,694,3184,1841,0,1053,0
27/02/2024,7013,617,3571,1237,0,1079,0
27/02/2024,9405,588,3626,3962,0,1226,0
27/02/2024,9451,367,3636,2172,0,1219,0
27/02/2024,6955,439,3628,3168,0,1536,0
27/02/2024,7583,658,2636,1996,0,2499,0
27/02/2024,9671,698,2430,1896,0,1797,0
27/02/2024,6518,460,2799,1878,0,1264,0
27/02/2024,8199,450,2340,2775,0,2131,0
27/02/2024,6866,459,1122,1170,0,1818,0
27/02/2024,8571,698,2771,2569,0,2684,0
27/02/2024,5207,379,2087,3396,0,1427,0
27/02/2024,5318,395,3040,2522,0,1990,0
27/02/2024,6970,656,1206,3854,0,2483,0
27/02/2024,9338,623,3369,3985,0,1589,0
28/02/2024,9637,419,3262,2795,0,1450,0
28/02/2024,5507,382,2986,3543,0,1114,0
28/02/2024,9903,581,2517,1254,0,1105,0
28/02/2024,6556,609,3304,3375,0,1188,0
28/02/2024,5053,426,2863,2517,0,1390,0
28/02/2024,5308,427,2431,2249,0,2447,0
28/02/2024,9730,539,2066,3569,0,1309,0
28/02/2024,9133,537,3270,3172,0,1102,0
28/02/2024,6683,501,1341,1243,0,1557,0
28/02/2024,7298,403,3400,3017,0,2358,0
28/02/2024,7176,615,1952,1642,0,1225,0
28/02/2024,6056,338,3807,1415,0,2312,0
28/02/2024,7985,464,2618,3818,0,2511,0
28/02/2024,7265,557,2152,2051,0,1450,0
28/02/2024,8054,656,3276,3688,0,1469,0
29/02/2024,8437,374,2408,1756,0,2959,0
29/02/2024,6806,447,2119,1718,0,1245,0
29/02/2024,6323,365,1204,3317,0,1648,0
29/02/2024,9349,543,3249,3518,0,1150,0
29/02/2024,8661,352,1492,2194,0,2117,0
29/02/2024,7514,695,3313,1989,0,1679,0
29/02/2024,9640,375,1927,2729,0,2600,0
29/02/2024,7308,416,1181,3141,0,2458,0
29/02/2024,5005,487,1991,1124,0,2916,0
29/02/2024,9322,699,2065,2268,0,1488,0
29/02/2024,5409,359,3492,2084,0,2413,0
29/02/2024,6895,415,3711,3062,0,2097,0
29/02/2024,5750,372,1746,1526,0,2118,0
29/02/2024,7404,505,3579,3113,0,2959,0
29/02/2024,9266,485,1293,2685,0,2070,0
01/03/2024,7586,357,3269,2270,0,2499,0
01/03/2024,6624,491,2139,2922,0,1153,0
01/03/2024,5745,602,1174,1173,0,1483,0
01/03/2024,8644,360,2309,2986,0,1325,0
01/03/2024,8340,532,1637,1884,0,1693,0
01/03/2024,7154,565,3088,2460,0,1793,0
01/03/2024,7452,341,1436,1873,0,2668,0
01/03/2024,5515,363,2427,2370,0,2573,0
01/03/2024,5047,534,3778,3955,0,1643,0
01/03/2024,6099,669,3207,3369,0,1934,0
01/03/2024,8143,375,3086,2677,0,2919,0
01/03/2024,7805,522,1705,1047,0,1158,0
01/03/2024,7207,499,1343,1995,0,1632,0
01/03/2024,5904,398,3107,1140,0,2176,0
01/03/2024,7175,694,1304,3067,0,2318,0
02/03/2024,5664,309,2024,3435,0,2130,0
02/03/2024,8492,650,1517,3017,0,2112,0
02/03/2024,6365,621,3267,1089,0,2424,0
02/03/2024,7086,519,2373,1897,0,2639,0
02/03/2024,9376,516,3270,1514,0,1974,0
02/03/2024,8837,327,3233,2130,0,1183,0
02/03/2024,7635,679,1010,3033,0,1039,0
02/03/2024,9363,628,2415,1840,0,1718,0
02/03/2024,9345,573,2622,2824,0,2594,0
02/03/2024,5727,654,3650,3520,0,2091,0
02/03/2024,9040,666,3725,1137,0,2420,0
02/03/2024,5545,538,2321,2535,0,1281,0
02/03/2024,5481,514,2024,2787,0,2591,0
02/03/2024,5132,371,2503,2763,0,1443,0
03/03/2024,8361,472,1968,3007,0,2778,0
03/03/2024,5459,578,3010,1612,0,1290,0
03/03/2024,7326,303,3382,3184,0,1137,0
03/03/2024,8780,580,1603,2998,0,2987,0
03/03/2024,8623,325,1971,1325,0,2940,0
03/03/2024,5000,468,3726,1929,0,1416,0
03/03/2024,6834,301,3695,2050,0,1086,0
03/03/2024,7768,440,1525,2485,0,2940,0
03/03/2024,5812,337,2447,1363,0,1586,0
03/03/2024,8025,501,2817,2149,0,1085,0
03/03/2024,5164,552,2975,2343,0,1003,0
03/03/2024,8356,368,1233,3656,0,1428,0
03/03/2024,5726,317,3008,3021,0,2708,0
03/03/2024,7378,597,2842,3764,0,2670,0
04/03/2024,7171,358,1098,3727,0,1897,0
04/03/2024,6558,435,3524,1126,0,1858,0
04/03/2024,6177,493,1557,1943,0,2979,0
04/03/2024,9097,400,3909,2815,0,2746,0
04/03/2024,5598,437,2286,3695,0,1083,0
04/03/2024,8339,482,1594,1504,0,2727,0
04/03/2024,7015,304,1358,1661,0,2925,0
04/03/2024,5140,388,3211,2166,0,1411,0
04/03/2024,5265,330,3554,3896,0,2735,0
04/03/2024,9586,478,2934,3675,0,2852,0
04/03/2024,7649,644,1420,2137,0,2773,0
04/03/2024,5952,632,1419,2643,0,1396,0
04/03/2024,7687,341,1306,3722,0,1289,0
04/03/2024,6420,663,2713,3034,0,1920,0
04/03/2024,9909,305,2801,2752,0,1067,0
05/03/2024,8677,329,1402,2620,0,2671,0
05/03/2024,9487,575,1856,3272,0,1023,0
05/03/2024,9354,643,1698,3344,0,2506,0
05/03/2024,5808,381,3293,3720,0,1620,0
05/03/2024,8197,455,3043,2320,0,1118,0
05/03/2024,5309,433,1905,3618,0,2471,0
05/03/2024,7157,606,1183,2227,0,2168,0
05/03/2024,9684,315,2881,3816,0,1482,0
05/03/2024,5963,551,2519,1390,0,2794,0
05/03/2024,8888,477,2503,2782,0,1953,0
05/03/2024,8036,528,1641,1493,0,2743,0
05/03/2024,7275,458,1731,1657,0,2739,0
05/03/2024,6316,693,1342,1755,0,2032,0
05/03/2024,9754,424,2011,1648,0,2281,0
05/03/2024,7391,562,1195,1984,0,2007,0
06/03/2024,9408,345,3935,1681,0,1895,0
06/03/2024,5264,560,3096,3202,0,2235,0
06/03/2024,8154,389,3439,3570,0,2922,0
06/03/2024,5745,426,1497,1659,0,1776,0
06/03/2024,7783,364,3547,2675,0,2203,0
06/03/2024,5114,587,3904,3453,0,2878,0
06/03/2024,5911,378,3334,1293,0,1552,0
06/03/2024,6612,310,1641,2457,0,1255,0
06/03/2024,6816,366,3277,2157,0,1478,0
06/03/2024,9424,300,3027,3264,0,2825,0
06/03/2024,8606,308,1937,2050,0,1920,0
06/03/2024,8169,441,3997,3094,0,2925,0
06/03/2024,7643,672,2105,2329,0,1968,0
06/03/2024,9835,372,3129,1437,0,1689,0
06/03/2024,9569,599,2432,1011,0,1833,0
07/03/2024,7393,305,3502,3411,0,1794,0
07/03/2024,5595,666,3343,1593,0,2267,0
07/03/2024,8156,408,2152,3429,0,1038,0
07/03/2024,7323,331,2810,2536,0,2484,0
07/03/2024,6686,340,1697,1711,0,2110,0
07/03/2024,5213,300,3279,2534,0,1727,0
07/03/2024,9032,657,1704,3865,0,2385,0
07/03/2024,6953,391,2940,3709,0,2871,0
07/03/2024,8598,344,2869,2290,0,1759,0
07/03/2024,6712,553,1340,1440,0,1565,0
07/03/2024,7191,618,1811,3754,0,2371,0
07/03/2024,5481,693,1258,1179,0,1489,0
07/03/2024,5025,676,1697,1802,0,2552,0
07/03/2024,5731,323,1772,1112,0,1874,0
07/03/2024,8755,540,1679,1016,0,2867,0
08/03/2024,6889,694,2848,2130,0,1311,0
08/03/2024,7767,642,1506,1765,0,1414,0
08/03/2024,6710,457,3061,2490,0,2384,0
08/03/2024,9511,370,1181,2703,0,2429,0
08/03/2024,9887,596,3698,2566,0,2229,0
08/03/2024,9735,308,3113,2136,0,2660,0
08/03/2024,7866,587,1719,1049,0,1105,0
08/03/2024,9341,320,3259,2729,0,1075,0
08/03/2024,9283,564,3096,3320,0,1227,0
08/03/2024,5275,581,2884,1568,0,1786,0
08/03/2024,9880,304,1668,2589,0,2202,0
08/03/2024,8130,312,1121,1610,0,1301,0
08/03/2024,6309,632,3409,3087,0,1908,0
08/03/2024,7915,349,3699,2737,0,1045,0
08/03/2024,6671,461,2190,1530,0,2854,0
09/03/2024,5815,588,2527,3907,0,2204,0
09/03/2024,8884,530,1674,1686,0,1216,0
09/03/2024,8116,654,2102,1949,0,1522,0
09/03/2024,9838,370,2335,3407,0,1654,0
09/03/2024,5755,332,2550,2033,0,2061,0
09/03/2024,6034,365,3010,1024,0,1478,0
09/03/2024,5868,425,3174,3521,0,1910,0
09/03/2024,9631,587,2195,1052,0,2970,0
09/03/2024,6824,617,1642,1009,0,2668,0
09/03/2024,7714,482,3459,1468,0,1127,0
09/03/2024,7065,622,1825,2495,0,1726,0
09/03/2024,9142,525,1226,2723,0,1750,0
09/03/2024,6228,587,3008,1839,0,2767,0
09/03/2024,7961,455,1693,1217,0,1211,0
10/03/2024,7779,431,2625,1038,0,1109,0
10/03/2024,5781,661,1019,3872,0,1538,0
10/03/2024,8174,671,1221,3265,0,1197,0
10/03/2024,8776,382,3691,2735,0,2843,0
10/03/2024,6731,482,2539,1113,0,2940,0
10/03/2024,6312,618,3983,2778,0,2815,0
10/03/2024,6691,319,3099,1643,0,2873,0
10/03/2024,5373,538,2973,3448,0,1593,0
10/03/2024,5509,335,2203,1464,0,1559,0
10/03/2024,5066,416,3998,2984,0,1715,0
10/03/2024,9549,323,3818,1337,0,1625,0
10/03/2024,8162,632,2381,1951,0,2367,0
10/03/2024,8543,683,3331,2091,0,2728,0
10/03/2024,5777,658,2772,1704,0,1923,0
11/03/2024,7823,637,2841,2539,0,2721,0
11/03/2024,5383,434,3407,1200,0,1345,0
11/03/2024,5135,502,2584,2472,0,2796,0
11/03/2024,6061,354,2471,3979,0,2484,0
11/03/2024,6925,651,2871,2006,0,1749,0
11/03/2024,6062,378,1173,3321,0,2102,0
11/03/2024,5129,412,3818,2113,0,2941,0
11/03/2024,5720,648,3645,2756,0,1866,0
11/03/2024,6542,334,1726,2303,0,1450,0
11/03/2024,5481,567,2882,2720,0,1969,0
11/03/2024,9626,373,1693,2046,0,2126,0
11/03/2024,5785,520,2463,2847,0,1873,0
11/03/2024,6880,667,3974,2604,0,1961,0
11/03/2024,7626,515,1427,2353,0,1502,0
12/03/2024,9372,606,1069,2341,0,1045,0
12/03/2024,6853,307,1730,1369,0,1160,0
12/03/2024,7200,483,3344,2550,0,2515,0
12/03/2024,8716,637,3050,1663,0,2113,0
12/03/2024,5247,594,2513,3954,0,2101,0
12/03/2024,9300,510,1577,2210,0,1492,0
12/03/2024,6005,485,1225,3931,0,2926,0
12/03/2024,6187,362,2214,2454,0,1827,0
12/03/2024,7400,336,2062,3549,0,1724,0
12/03/2024,9147,321,1834,3055,0,2791,0
12/03/2024,8662,519,2303,1895,0,2965,0
12/03/2024,7709,542,1412,2529,0,2884,0
12/03/2024,7395,310,3673,1871,0,1819,0
12/03/2024,5202,660,3488,3423,0,1965,0
13/03/2024,5720,435,2332,1373,0,2380,0
13/03/2024,5226,662,2669,3045,0,2014,0
13/03/2024,8443,644,1884,3121,0,1202,0
13/03/2024,9322,530,3490,1750,0,1346,0
13/03/2024,7408,379,2104,2213,0,1522,0
13/03/2024,7310,593,1879,3369,0,1480,0
13/03/2024,6440,661,2981,2281,0,2789,0
13/03/2024,8421,317,2400,1242,0,2375,0
13/03/2024,8943,410,3828,3099,0,2875,0
13/03/2024,9615,593,2659,3065,0,1333,0
13/03/2024,9168,449,1452,1659,0,1400,0
13/03/2024,8507,511,1567,1996,0,1008,0
13/03/2024,7193,556,2482,2614,0,2487,0
13/03/2024,9921,300,1079,3396,0,2994,0
14/03/2024,9038,534,2517,2528,0,2186,0
14/03/2024,8073,674,1888,3795,0,2211,0
14/03/2024,8509,415,2940,2803,0,1753,0
14/03/2024,8383,614,1540,1479,0,1541,0
14/03/2024,9707,398,3493,1953,0,2365,0
14/03/2024,9012,528,2267,1113,0,2025,0
14/03/2024,6791,337,1135,3202,0,1709,0
14/03/2024,7490,334,3644,2509,0,2838,0
14/03/2024,5535,416,2558,1040,0,2389,0
14/03/2024,5665,384,1100,3426,0,2088,0
14/03/2024,8292,612,1517,3053,0,2201,0
14/03/2024,7769,618,2488,2703,0,2890,0
14/03/2024,8574,449,3337,3486,0,2239,0
14/03/2024,9682,638,1334,3956,0,1289,0
15/03/2024,8665,334,3406,3952,0,2685,0
15/03/2024,5749,657,3556,2572,0,1662,0
15/03/2024,5761,458,2508,1527,0,2236,0
15/03/2024,5230,414,3164,1743,0,2259,0
15/03/2024,7608,402,2076,1324,0,1053,0
15/03/2024,9389,436,3486,3827,0,2118,0
15/03/2024,6572,693,1860,1999,0,2134,0
15/03/2024,6971,458,1218,1240,0,1046,0
15/03/2024,6748,380,3894,3660,0,1802,0
15/03/2024,5468,454,2135,2119,0,2714,0
15/03/2024,9403,311,1878,3362,0,1586,0
15/03/2024,7113,521,1150,1033,0,1947,0
15/03/2024,9442,416,3666,2735,0,2398,0
15/03/2024,8050,646,1152,2353,0,1488,0
16/03/2024,9063,368,2995,3074,0,1553,0
16/03/2024,9404,543,2574,1834,0,1816,0
16/03/2024,5135,607,3039,1401,0,2102,0
16/03/2024,5414,499,1012,3970,0,1231,0
16/03/2024,5397,346,2540,3387,0,1517,0
16/03/2024,5715,419,2350,3720,0,2069,0
16/03/2024,9726,492,2805,3135,0,2642,0
16/03/2024,6689,423,3396,3406,0,1799,0
16/03/2024,7469,562,1863,3671,0,2525,0
16/03/2024,8148,327,3687,3009,0,1902,0
16/03/2024,5224,556,3822,2588,0,2032,0
16/03/2024,7407,625,3913,3443,0,2803,0
16/03/2024,6463,430,2539,3775,0,1431,0
16/03/2024,9316,453,1481,1565,0,1016,0
17/03/2024,8342,435,2024,3826,0,1140,0
17/03/2024,7943,510,3830,2091,0,1248,0
17/03/2024,9253,640,1059,2700,0,2817,0
17/03/2024,5363,672,1222,1708,0,1173,0
17/03/2024,6275,482,3666,1308,0,1648,0
17/03/2024,6218,425,3331,2101,0,1849,0
17/03/2024,7465,446,2125,1498,0,2626,0
17/03/2024,9891,632,3243,2559,0,1565,0
17/03/2024,8750,525,1814,1584,0,1669,0
17/03/2024,6402,695,1800,2149,0,2441,0
17/03/2024,9451,605,3923,3289,0,1164,0
17/03/2024,6374,664,1167,3708,0,1597,0
17/03/2024,6373,656,3754,3405,0,1968,0
18/03/2024,8275,653,2035,2393,0,1579,0
18/03/2024,7896,594,2568,3756,0,2077,0
18/03/2024,9543,388,2608,2577,0,1424,0
18/03/2024,8301,367,2720,2062,0,2529,0
18/03/2024,5905,303,2926,2009,0,1963,0
18/03/2024,7982,524,1079,3350,0,2882,0
18/03/2024,9768,549,1375,2366,0,2766,0
18/03/2024,9002,647,1992,2098,0,2015,0
18/03/2024,5730,303,3219,1362,0,1543,0
18/03/2024,8009,436,2205,2375,0,2249,0
18/03/2024,6257,434,2946,2463,0,2773,0
18/03/2024,7513,559,2797,3014,0,1549,0
18/03/2024,7638,352,1518,3959,0,2832,0
18/03/2024,9934,578,2731,1420,0,1114,0
19/03/2024,8050,553,1231,3593,0,1044,0
19/03/2024,6919,598,3832,2033,0,2552,0
19/03/2024,5559,659,1212,3849,0,1318,0
19/03/2024,7633,532,1030,3756,0,2469,0
19/03/2024,6196,377,2253,1018,0,2324,0
19/03/2024,7987,413,3855,3597,0,2534,0
19/03/2024,6743,378,3354,2958,0,1578,0
19/03/2024,9883,384,1797,1732,0,1273,0
19/03/2024,9731,691,2144,1540,0,1182,0
19/03/2024,7269,578,1249,1559,0,2530,0
19/03/2024,5964,615,3274,3715,0,1679,0
19/03/2024,8805,413,3731,1756,0,2320,0
19/03/2024,8257,385,1213,1607,0,2444,0
19/03/2024,8220,452,1106,2879,0,1122,0
20/03/2024,6565,650,2580,1897,0,1501,0
20/03/2024,6825,453,3719,1209,0,2382,0
20/03/2024,8056,603,3548,2590,0,2715,0
20/03/2024,5492,624,2160,2318,0,2536,0
20/03/2024,9245,533,1371,2577,0,1316,0
20/03/2024,6944,560,1254,3330,0,2859,0
20/03/2024,5095,692,1211,1357,0,2734,0
20/03/2024,5012,600,3737,1110,0,1593,0
20/03/2024,8176,593,3224,2398,0,2379,0
20/03/2024,9959,529,3962,1130,0,2629,0
20/03/2024,7004,317,3749,3348,0,1246,0
20/03/2024,5933,436,2611,3273,0,1010,0
20/03/2024,5220,658,2994,2770,0,1757,0
20/03/2024,7354,472,2377,2445,0,1006,0
21/03/2024,7282,349,2193,2370,0,2494,0
21/03/2024,7581,630,2793,2014,0,2037,0
21/03/2024,5612,675,2945,2207,0,1380,0
21/03/2024,8225,686,3676,3034,0,2526,0
21/03/2024,8779,459,3821,3701,0,1292,0
21/03/2024,5856,368,3575,3309,0,1692,0
21/03/2024,5206,505,2352,2711,0,1975,0
21/03/2024,6194,574,2729,3616,0,1391,0
21/03/2024,5961,476,3227,2738,0,2393,0
21/03/2024,7929,325,2475,3708,0,1458,0
21/03/2024,8626,455,1152,2430,0,1328,0
21/03/2024,8761,308,3820,3244,0,1001,0
21/03/2024,8740,362,1072,3782,0,2028,0
21/03/2024,9875,552,2446,1212,0,2612,0
22/03/2024,6804,476,1656,2754,0,1236,0
22/03/2024,9438,615,1671,1337,0,1596,0
22/03/2024,7905,441,1546,1246,0,2145,0
22/03/2024,5192,558,3869,2564,0,2191,0
22/03/2024,8868,390,2950,2573,0,1092,0
22/03/2024,5320,462,1158,2841,0,2232,0
22/03/2024,7843,497,2490,3562,0,1007,0
22/03/2024,7665,603,2064,2458,0,2356,0
22/03/2024,8122,562,3632,1840,0,2117,0
22/03/2024,5195,304,3132,2907,0,2313,0
22/03/2024,7822,359,3456,2139,0,2658,0
22/03/2024,9884,352,2427,1862,0,1537,0
22/03/2024,8300,607,1636,3380,0,1702,0
22/03/2024,8905,603,1529,3692,0,2230,0
23/03/2024,6579,410,1160,3167,0,1869,0
23/03/2024,5768,531,3501,1604,0,2479,0
23/03/2024,9417,599,2888,2010,0,1855,0
23/03/2024,5433,366,2173,1637,0,2100,0
23/03/2024,9959,359,2187,2643,0,2835,0
23/03/2024,8295,620,3174,1618,0,2998,0
23/03/2024,7945,324,1078,2371,0,1960,0
23/03/2024,7627,682,3845,3278,0,1026,0
23/03/2024,6731,403,3348,1612,0,1502,0
23/03/2024,7312,393,3587,3468,0,1713,0
23/03/2024,7291,390,1476,2246,0,1324,0
23/03/2024,7564,385,1404,1484,0,1189,0
23/03/2024,5353,509,2847,3825,0,1870,0
23/03/2024,6475,598,3281,3333,0,2663,0
24/03/2024,8557,490,3256,2708,0,2666,0
24/03/2024,8220,308,1080,1417,0,2876,0
24/03/2024,6343,453,2964,2215,0,1609,0
24/03/2024,9037,567,2470,3960,0,2762,0
24/03/2024,8414,528,1521,3805,0,2657,0
24/03/2024,5676,415,1610,3352,0,2658,0
24/03/2024,5195,504,2913,1165,0,1799,0
24/03/2024,7183,428,2357,1857,0,1480,0
24/03/2024,7399,510,3345,3908,0,2652,0
24/03/2024,5810,318,3825,2014,0,2182,0
24/03/2024,9405,566,3621,1072,0,2506,0
24/03/2024,6490,435,3666,2341,0,1325,0
24/03/2024,9786,528,3320,3210,0,2068,0
24/03/2024,5374,412,1519,3322,0,1476,0
25/03/2024,5019,394,2117,3872,0,2767,0
25/03/2024,8329,389,3730,2354,0,1643,0
25/03/2024,7894,492,1731,2511,0,2223,0
25/03/2024,5879,329,2549,2709,0,2963,0
25/03/2024,9201,554,3143,2315,0,1734,0
25/03/2024,7475,447,2317,1002,0,2279,0
25/03/2024,5466,420,1162,2910,0,1327,0
25/03/2024,6446,446,3510,3194,0,1190,0
25/03/2024,8674,607,2047,1074,0,2968,0
25/03/2024,5392,433,3691,2524,0,2849,0
25/03/2024,6528,372,1556,2738,0,2745,0
25/03/2024,6107,627,1443,2520,0,1465,0
25/03/2024,9265,301,2821,2550,0,2831,0
25/03/2024,9155,568,2297,1719,0,2988,0
26/03/2024,7702,632,1625,2528,0,2886,0
26/03/2024,5514,571,2955,3727,0,2241,0
26/03/2024,5818,471,1120,2887,0,2117,0
26/03/2024,8579,516,2302,3141,0,1997,0
26/03/2024,9897,331,1879,3212,0,2562,0
26/03/2024,7686,565,3818,1943,0,2405,0
26/03/2024,6326,416,2699,1879,0,2783,0
26/03/2024,8430,673,3854,1593,0,2039,0
26/03/2024,6192,312,2363,3774,0,2573,0
26/03/2024,9117,518,3350,3421,0,2725,0
26/03/2024,6898,569,3937,1791,0,2726,0
26/03/2024,5400,360,2185,1290,0,1409,0
26/03/2024,5087,383,3896,3513,0,1819,0
26/03/2024,9118,572,3298,3159,0,1899,0
27/03/2024,5686,696,1029,2061,0,2511,0
27/03/2024,5325,693,2342,1132,0,2166,0
27/03/2024,9560,325,2530,3470,0,2895,0
27/03/2024,5119,319,3132,2296,0,1944,0
27/03/2024,7109,572,3324,3391,0,1351,0
27/03/2024,9526,302,2360,1743,0,1890,0
27/03/2024,9701,512,3906,1534,0,1852,0
27/03/2024,9511,351,2936,3421,0,1301,0
27/03/2024,6118,567,2248,2782,0,1583,0
27/03/2024,7569,400,2212,3120,0,2962,0
27/03/2024,5474,421,1311,3862,0,1449,0
27/03/2024,6660,414,3461,3477,0,1081,0
27/03/2024,5489,359,3564,3227,0,1671,0
27/03/2024,5883,516,2928,2830,0,2499,0
27/03/2024,6049,321,1104,2639,0,1333,0
28/03/2024,6603,384,1980,3242,0,1485,0
28/03/2024,6656,390,1129,1707,0,1339,0
28/03/2024,6362,421,2700,2709,0,2214,0
28/03/2024,7053,643,3454,2880,0,1582,0
28/03/2024,6816,590,2510,2309,0,2455,0
28/03/2024,6273,378,1186,3091,0,2470,0
28/03/2024,6434,600,2140,1519,0,1156,0
28/03/2024,9689,685,1229,1063,0,1478,0
28/03/2024,9791,455,2860,3500,0,1764,0
28/03/2024,6634,491,3643,1938,0,2536,0
28/03/2024,8495,635,1676,1695,0,2305,0
28/03/2024,8901,315,1691,2360,0,2030,0
28/03/2024,5171,547,3708,3136,0,2048,0
28/03/2024,6692,665,1037,2861,0,2338,0
29/03/2024,8314,513,3343,1502,0,1204,0
29/03/2024,5408,545,2416,3731,0,1628,0
29/03/2024,9689,566,3661,2252,0,2800,0
29/03/2024,9808,502,3865,3777,0,2885,0
29/03/2024,8089,554,1576,2140,0,2766,0
29/03/2024,5609,454,2865,2330,0,2058,0
29/03/2024,8952,618,3565,2149,0,2745,0
29/03/2024,5371,333,3862,2405,0,2510,0
29/03/2024,5762,318,2068,3957,0,1644,0
29/03/2024,6984,482,3173,3470,0,1143,0
29/03/2024,9679,623,2535,1445,0,2637,0
29/03/2024,9618,393,1274,1601,0,1966,0
29/03/2024,9778,381,2905,3554,0,2897,0
29/03/2024,5777,351,3641,2210,0,1578,0
30/03/2024,5673,477,2761,3762,0,2551,0
30/03/2024,7855,606,2467,1014,0,2063,0
30/03/2024,7498,424,1496,2494,0,1250,0
30/03/2024,7437,577,1751,1305,0,2727,0
30/03/2024,9939,549,1163,1393,0,1315,0
30/03/2024,9715,593,3312,2602,0,2163,0
30/03/2024,7990,313,1579,1111,0,2704,0
30/03/2024,9262,650,3274,3098,0,1577,0
30/03/2024,8467,698,3175,1750,0,1486,0
30/03/2024,6714,527,2192,3645,0,1744,0
30/03/2024,6496,611,3290,1591,0,1607,0
30/03/2024,8553,423,2963,2719,0,2614,0
30/03/2024,7706,314,3114,2830,0,1888,0
30/03/2024,9145,684,1318,2798,0,1547,0
31/03/2024,5451,397,1418,1663,0,1223,0
31/03/2024,9709,628,2878,1868,0,2822,0
31/03/2024,9243,390,1080,3729,0,2826,0
31/03/2024,9934,687,3836,1319,0,1906,0
31/03/2024,5302,458,1433,2001,0,2167,0
31/03/2024,9157,545,1270,3285,0,1723,0
31/03/2024,7832,323,3970,3312,0,2347,0
31/03/2024,9360,461,2475,2969,0,2646,0
31/03/2024,7588,337,3376,2418,0,2594,0
31/03/2024,5628,607,3330,2078,0,2249,0
31/03/2024,9033,636,3089,2084,0,2545,0
31/03/2024,9041,432,2302,2444,0,2121,0
31/03/2024,5700,693,1729,1519,0,2996,0
31/03/2024,5480,639,3729,3486,0,2973,0
01/04/2024,7653,429,1854,2685,0,2617,0
01/04/2024,5633,664,1465,1040,0,2649,0
01/04/2024,6916,694,3871,1878,0,2429,0
01/04/2024,7353,407,1013,2950,0,1425,0
01/04/2024,5150,682,3990,1786,0,1405,0
01/04/2024,7999,428,3684,3416,0,2809,0
01/04/2024,8911,506,2029,1834,0,2755,0
01/04/2024,9931,468,1627,2672,0,2494,0
01/04/2024,7467,483,2898,3166,0,2835,0
01/04/2024,9867,537,2689,2185,0,1888,0
01/04/2024,8578,670,1992,3814,0,1898,0
01/04/2024,9468,388,3888,3588,0,2109,0
01/04/2024,9783,432,2625,1947,0,2250,0
01/04/2024,6107,481,3735,1805,0,1094,0
02/04/2024,7848,595,3883,1960,0,1367,0
02/04/2024,9709,645,3966,3370,0,2983,0
02/04/2024,5397,526,3671,3752,0,1131,0
02/04/2024,7496,411,1563,1225,0,1086,0
02/04/2024,8235,511,3759,2568,0,2659,0
02/04/2024,9880,429,2667,1914,0,2792,0
02/04/2024,7261,370,3946,1628,0,2582,0
02/04/2024,9320,502,1925,3908,0,1218,0
02/04/2024,9254,643,3210,1151,0,2576,0
02/04/2024,6376,386,1590,3911,0,2043,0
02/04/2024,8990,656,1887,1597,0,2634,0
02/04/2024,9336,653,3476,1537,0,1923,0
02/04/2024,6551,573,2158,3000,0,2406,0
02/04/2024,5931,312,1460,3929,0,1350,0
03/04/2024,5167,452,1963,1566,0,1410,0
03/04/2024,9377,440,2154,1317,0,1780,0
03/04/2024,8133,393,2887,2370,0,1409,0
03/04/2024,5543,637,1157,1249,0,1995,0
03/04/2024,8780,628,1496,3676,0,1449,0
03/04/2024,5453,581,1513,1376,0,2673,0
03/04/2024,8810,628,3451,3545,0,1032,0
03/04/2024,8075,591,2919,2192,0,1757,0
03/04/2024,5478,479,2762,2722,0,2097,0
03/04/2024,5374,313,3347,2719,0,1804,0
03/04/2024,9534,627,1498,2486,0,2001,0
03/04/2024,9645,672,3201,3709,0,1177,0
03/04/2024,8469,524,1211,2365,0,2495,0
03/04/2024,8710,520,2616,1600,0,2680,0
04/04/2024,9280,380,3851,3811,0,1499,0
04/04/2024,5487,682,2551,3841,0,2830,0
04/04/2024,9841,694,3338,2967,0,2854,0
04/04/2024,5998,697,1034,3592,0,2622,0
04/04/2024,6100,531,2961,1958,0,2145,0
04/04/2024,8066,568,2572,1336,0,2375,0
04/04/2024,5438,583,3822,1183,0,1786,0
04/04/2024,7177,483,2739,2950,0,2586,0
04/04/2024,6743,616,1842,2874,0,2678,0
04/04/2024,8334,492,3088,3000,0,2869,0
04/04/2024,6084,316,1438,2950,0,1921,0
04/04/2024,8344,597,2075,2001,0,1412,0
04/04/2024,8974,583,1817,1042,0,1015,0
04/04/2024,6236,501,3778,2639,0,1642,0
05/04/2024,6864,547,1978,3940,0,1694,0
05/04/2024,9670,422,3772,1179,0,1697,0
05/04/2024,8517,671,3837,3016,0,1929,0
05/04/2024,9734,655,3367,1339,0,1581,0
05/04/2024,7928,543,2626,1749,0,2136,0
05/04/2024,9530,338,1523,1926,0,2385,0
05/04/2024,5111,455,2060,3255,0,1101,0
05/04/2024,6142,641,3865,3723,0,1624,0
05/04/2024,7440,301,1532,1836,0,1550,0
05/04/2024,6891,432,1117,2073,0,1749,0
05/04/2024,7185,501,2638,1452,0,2858,0
05/04/2024,7937,509,2162,1508,0,1413,0
05/04/2024,8839,329,2639,2233,0,1855,0
05/04/2024,7776,492,3391,1006,0,1403,0
06/04/2024,7095,435,3335,3093,0,1495,0
06/04/2024,8446,428,2357,3477,0,2187,0
06/04/2024,5388,543,1528,1797,0,2897,0
06/04/2024,9207,463,3872,1800,0,2521,0
06/04/2024,5849,690,3912,3290,0,1747,0
06/04/2024,6653,393,2883,3379,0,2393,0
06/04/2024,8253,460,1053,1473,0,1795,0
06/04/2024,9890,495,3940,1948,0,1402,0
06/04/2024,9306,612,1305,3715,0,2818,0
06/04/2024,8471,325,2935,3920,0,1918,0
06/04/2024,5076,552,1342,3987,0,1565,0
06/04/2024,6289,442,3893,3489,0,2442,0
06/04/2024,7105,320,2435,3071,0,1632,0
06/04/2024,5855,620,2346,3329,0,1067,0
07/04/2024,5402,542,1630,3927,0,2796,0
07/04/2024,6078,415,1698,1525,0,2310,0
07/04/2024,6934,537,2481,2691,0,2067,0
07/04/2024,5935,371,3829,2467,0,2218,0
07/04/2024,8935,632,1398,1780,0,2580,0
07/04/2024,9098,326,2112,1516,0,2928,0
07/04/2024,9638,636,1900,3627,0,1884,0
07/04/2024,9791,484,2240,1991,0,1974,0
07/04/2024,7809,656,1682,2440,0,2799,0
07/04/2024,8418,422,1110,2277,0,2876,0
07/04/2024,9385,564,2161,1478,0,1920,0
07/04/2024,9507,378,3523,2799,0,1036,0
07/04/2024,5213,420,2251,1443,0,2300,0
07/04/2024,6890,433,3675,2381,0,1944,0
08/04/2024,5236,603,2826,1021,0,1255,0
08/04/2024,9517,433,1334,3269,0,1393,0
08/04/2024,5804,362,3051,1468,0,2021,0
08/04/2024,5062,457,3306,2201,0,1157,0
08/04/2024,5185,546,2392,2262,0,1031,0
08/04/2024,6852,657,3299,2189,0,1020,0
08/04/2024,6525,487,3010,3636,0,1238,0
08/04/2024,6955,669,1599,1005,0,1915,0
08/04/2024,8462,443,1946,3426,0,2497,0
08/04/2024,8009,523,3922,1845,0,1828,0
08/04/2024,5141,475,1078,2864,0,1129,0
08/04/2024,7186,392,1367,3022,0,2888,0
08/04/2024,7774,397,2262,3154,0,2964,0
08/04/2024,8962,396,2358,1958,0,1451,0
09/04/2024,9837,675,2259,1362,0,1624,0
09/04/2024,5320,408,3998,3894,0,1768,0
09/04/2024,6993,335,1487,2601,0,1474,0
09/04/2024,8285,485,1375,2471,0,2230,0
09/04/2024,9541,415,3547,3417,0,2913,0
09/04/2024,5371,413,1405,2006,0,2144,0
09/04/2024,9409,629,1469,3710,0,1622,0
09/04/2024,6039,685,1260,1970,0,2285,0
09/04/2024,7775,309,2214,1918,0,1619,0
09/04/2024,9954,526,2537,3505,0,2359,0
09/04/2024,5806,306,1420,3890,0,2871,0
09/04/2024,6667,530,3723,1984,0,2078,0
09/04/2024,7874,675,2727,3968,0,2341,0
09/04/2024,7616,362,3832,3887,0,2509,0
09/04/2024,9255,690,2859,1459,0,1700,0
10/04/2024,7050,547,1783,2163,0,1215,0
10/04/2024,7194,325,1505,1916,0,1984,0
10/04/2024,6912,324,1590,1165,0,2064,0
10/04/2024,7128,310,2733,1741,0,1123,0
10/04/2024,6457,461,1973,1202,0,2256,0
10/04/2024,7134,420,3107,1653,0,1299,0
10/04/2024,8918,494,2448,2173,0,2088,0
10/04/2024,7732,675,2238,1250,0,2233,0
10/04/2024,5924,534,2712,1745,0,1963,0
10/04/2024,7005,683,1974,2397,0,1774,0
10/04/2024,5781,666,3038,3877,0,1840,0
10/04/2024,7910,577,3891,1749,0,2901,0
10/04/2024,9443,482,3028,1572,0,1509,0
10/04/2024,9497,585,3755,1147,0,1832,0
11/04/2024,9193,639,1647,1380,0,2967,0
11/04/2024,9528,477,2117,3964,0,2584,0
11/04/2024,5194,664,2634,2403,0,2429,0
11/04/2024,7623,587,3370,2769,0,2607,0
11/04/2024,5116,688,1298,3628,0,2297,0
11/04/2024,7189,373,2501,3065,0,2770,0
11/04/2024,6369,686,1990,3883,0,2312,0
11/04/2024,8912,517,1058,1777,0,1307,0
11/04/2024,7317,650,2801,1525,0,1035,0
11/04/2024,8324,411,2911,2779,0,2741,0
11/04/2024,5739,383,2294,1238,0,1362,0
11/04/2024,5026,676,1578,2407,0,1857,0
11/04/2024,5719,442,3721,2978,0,2527,0
11/04/2024,9574,584,3284,1037,0,1749,0
12/04/2024,9836,321,1221,3911,0,2821,0
12/04/2024,9841,546,3450,1013,0,1634,0
12/04/2024,6324,651,2145,2719,0,2111,0
12/04/2024,8196,685,1373,2118,0,2032,0
12/04/2024,9379,413,2655,1852,0,1325,0
12/04/2024,7527,511,3379,2986,0,2299,0
12/04/2024,8857,636,1889,2646,0,2390,0
12/04/2024,6707,454,3592,2445,0,2153,0
12/04/2024,9661,679,1559,1189,0,1686,0
12/04/2024,8344,490,1243,2378,0,2067,0
12/04/2024,5629,338,3787,3517,0,2651,0
12/04/2024,7914,576,2235,1213,0,1198,0
12/04/2024,9710,503,1905,1250,0,1678,0
12/04/2024,6756,545,1788,1780,0,1759,0
13/04/2024,8239,414,3016,3961,0,2556,0
13/04/2024,7837,418,1009,2374,0,1912,0
13/04/2024,7371,619,3282,1322,0,1335,0
13/04/2024,7404,407,3896,1044,0,1001,0
13/04/2024,7828,533,2851,1904,0,2321,0
13/04/2024,6789,521,2174,1196,0,1544,0
13/04/2024,7060,437,2015,3159,0,2570,0
13/04/2024,8528,533,3606,3559,0,1685,0
13/04/2024,5283,510,1781,2177,0,1443,0
13/04/2024,7722,587,2049,3939,0,1896,0
13/04/2024,8685,388,1789,3120,0,1390,0
13/04/2024,5711,516,1269,3235,0,1781,0
13/04/2024,6166,546,2795,1417,0,1282,0
13/04/2024,8758,499,2767,1410,0,1783,0
14/04/2024,7333,351,3260,2799,0,2598,0
14/04/2024,8695,564,3142,2636,0,2823,0
14/04/2024,6586,685,3796,1537,0,1200,0
14/04/2024,7887,405,2643,1505,0,1042,0
14/04/2024,7148,377,2664,1611,0,1530,0
14/04/2024,6346,394,1937,2404,0,2847,0
14/04/2024,6022,663,3235,3746,0,1298,0
14/04/2024,6289,395,3273,3231,0,2923,0
14/04/2024,7227,677,1723,3585,0,2170,0
14/04/2024,9870,534,1162,2068,0,1153,0
14/04/2024,7027,613,3345,2198,0,1799,0
14/04/2024,5475,350,1824,2897,0,2007,0
14/04/2024,9071,646,1853,2802,0,1331,0
14/04/2024,6327,492,1862,2285,0,1689,0
15/04/2024,6062,596,1871,1144,0,1859,0
15/04/2024,8784,350,1697,3080,0,2384,0
15/04/2024,7464,377,3589,3520,0,1887,0
15/04/2024,8233,321,1960,2573,0,2722,0
15/04/2024,7686,530,1678,2725,0,2356,0
15/04/2024,9231,450,1828,3018,0,1055,0
15/04/2024,7371,366,2919,1846,0,1347,0
15/04/2024,5592,637,2619,3578,0,2782,0
15/04/2024,7721,633,1245,2319,0,2584,0
15/04/2024,8966,500,2076,3500,0,1518,0
15/04/2024,7418,509,2180,3562,0,2718,0
15/04/2024,9686,330,3037,1928,0,1937,0
15/04/2024,6220,519,2413,3020,0,1559,0
15/04/2024,6765,685,1645,3269,0,2813,0
16/04/2024,5599,627,1758,3823,0,2813,0
16/04/2024,5436,361,2763,2157,0,2893,0
16/04/2024,7583,663,2096,1147,0,2664,0
16/04/2024,9415,490,2958,3558,0,2542,0
16/04/2024,6498,651,2215,1577,0,1826,0
16/04/2024,8011,556,1700,1685,0,2306,0
16/04/2024,9708,463,1633,1980,0,2821,0
16/04/2024,6206,469,1723,3135,0,2904,0
16/04/2024,8957,614,1967,1886,0,1893,0
16/04/2024,8144,311,3359,1725,0,2827,0
16/04/2024,8368,514,1612,3317,0,2223,0
16/04/2024,6865,573,3132,3154,0,1671,0
16/04/2024,8734,602,3622,1283,0,2926,0
16/04/2024,9105,394,1699,1099,0,1939,0
17/04/2024,8603,655,3432,3527,0,2553,0
17/04/2024,6781,417,1938,1060,0,1500,0
17/04/2024,7694,619,2821,3984,0,2771,0
17/04/2024,6634,557,3060,1352,0,2113,0
17/04/2024,9333,678,1055,3202,0,1852,0
17/04/2024,5520,357,1535,3325,0,1422,0
17/04/2024,7072,323,1410,2369,0,2330,0
17/04/2024,5512,369,1626,2608,0,2177,0
17/04/2024,7080,415,2815,1149,0,2166,0
17/04/2024,6498,609,2282,1587,0,1177,0
17/04/2024,6693,622,1044,1584,0,1272,0
17/04/2024,7401,532,3323,2285,0,1919,0
17/04/2024,5403,677,1715,2016,0,1331,0
17/04/2024,6406,393,1114,1431,0,2868,0
18/04/2024,9107,576,1253,2176,0,2950,0
18/04/2024,9190,432,1203,3782,0,1957,0
18/04/2024,8884,509,3909,1404,0,2837,0
18/04/2024,9443,650,2733,1312,0,2701,0
18/04/2024,9205,691,3797,1648,0,2528,0
18/04/2024,9519,656,3853,1731,0,2100,0
18/04/2024,6025,472,2957,3856,0,1035,0
18/04/2024,8725,693,1545,2017,0,2822,0
18/04/2024,5785,577,2587,1715,0,1664,0
18/04/2024,9482,583,2387,3116,0,1918,0
18/04/2024,9337,626,1860,3061,0,1807,0
18/04/2024,6577,457,3199,2523,0,1908,0
18/04/2024,5414,534,2965,2456,0,1374,0
18/04/2024,7059,353,2919,1057,0,2565,0
19/04/2024,7306,355,1511,3147,0,1093,0
19/04/2024,9267,396,1361,1071,0,2948,0
19/04/2024,7465,358,2113,1978,0,2959,0
19/04/2024,6517,516,2507,3652,0,2501,0
19/04/2024,9395,626,1568,1994,0,1686,0
19/04/2024,6750,317,3096,3693,0,2748,0
19/04/2024,9207,377,1049,3608,0,1383,0
19/04/2024,8894,372,3696,3647,0,1864,0
19/04/2024,7998,695,1497,2142,0,1677,0
19/04/2024,5854,663,1422,3936,0,1831,0
19/04/2024,9181,428,1919,1515,0,2135,0
19/04/2024,6940,330,3859,1813,0,2468,0
19/04/2024,7738,426,2990,1989,0,1762,0
19/04/2024,6072,420,2394,3901,0,2029,0
20/04/2024,9662,544,1659,1164,0,2311,0
20/04/2024,7539,638,1913,1536,0,2885,0
20/04/2024,9187,615,2820,1408,0,2231,0
20/04/2024,5322,564,1904,3536,0,1861,0
20/04/2024,6736,648,3084,3426,0,1592,0
20/04/2024,5212,661,2791,1306,0,1823,0
20/04/2024,6959,329,1772,1352,0,1691,0
20/04/2024,9752,638,1282,3491,0,1511,0
20/04/2024,5729,622,2534,2559,0,1488,0
20/04/2024,9570,353,2066,3376,0,1887,0
20/04/2024,8067,410,3585,1361,0,1026,0
20/04/2024,5212,316,4000,3643,0,1407,0
20/04/2024,7173,696,2582,3955,0,1243,0
20/04/2024,7086,378,1984,3339,0,2371,0
21/04/2024,9909,622,1780,2605,0,1693,0
21/04/2024,5253,609,1892,1840,0,2750,0
21/04/2024,9483,426,2683,3657,0,2278,0
21/04/2024,7848,456,2471,3831,0,1858,0
21/04/2024,6261,692,1156,2776,0,2343,0
21/04/2024,8133,318,2490,3262,0,1156,0
21/04/2024,8473,512,1671,2053,0,2271,0
21/04/2024,6633,581,1502,3122,0,2466,0
21/04/2024,9202,402,3822,3761,0,1536,0
21/04/2024,6504,646,1554,2877,0,1541,0
21/04/2024,9475,356,2107,1263,0,2546,0
21/04/2024,9499,372,3961,2642,0,1088,0
21/04/2024,9832,686,3152,3685,0,1635,0
21/04/2024,6225,695,3603,2289,0,2946,0
22/04/2024,5439,570,3036,1118,0,1753,0
22/04/2024,7990,523,2536,1638,0,1260,0
22/04/2024,6826,529,2203,1001,0,1452,0
22/04/2024,6223,549,3846,3421,0,1636,0
22/04/2024,5283,690,1959,2576,0,1683,0
22/04/2024,6510,395,1879,2823,0,1523,0
22/04/2024,8293,403,1742,2338,0,2797,0
22/04/2024,8476,649,2650,1972,0,2360,0
22/04/2024,6434,305,1666,2940,0,2215,0
22/04/2024,5264,455,1030,3767,0,1116,0
22/04/2024,9831,431,1063,3386,0,2019,0
22/04/2024,7675,376,2082,2400,0,1169,0
22/04/2024,7332,494,3577,1353,0,1195,0
22/04/2024,6098,519,2084,2042,0,2104,0
23/04/2024,7362,368,3082,1747,0,2938,0
23/04/2024,7486,308,1924,2568,0,2194,0
23/04/2024,5630,386,2604,2051,0,2857,0
23/04/2024,8666,458,2670,2740,0,2634,0
23/04/2024,7613,576,2699,2579,0,1730,0
23/04/2024,5318,650,1794,2796,0,1125,0
23/04/2024,5087,347,1853,3211,0,2983,0
23/04/2024,5967,391,3843,2585,0,1143,0
23/04/2024,6802,353,3705,3008,0,2787,0
23/04/2024,7543,376,3162,2772,0,2972,0
23/04/2024,8451,447,2084,2161,0,2326,0
23/04/2024,7466,599,2201,1152,0,1675,0
23/04/2024,9588,381,1973,3647,0,2365,0
23/04/2024,7523,383,3560,2325,0,2484,0
24/04/2024,9768,385,2925,3530,0,2847,0
24/04/2024,6968,460,2212,2595,0,1858,0
24/04/2024,5291,467,1309,1561,0,2244,0
24/04/2024,9411,474,2048,1573,0,2329,0
24/04/2024,5288,469,3317,1883,0,1150,0
24/04/2024,5680,379,1649,1867,0,1712,0
24/04/2024,8292,622,1482,1631,0,1396,0
24/04/2024,8894,458,3706,3962,0,2053,0
24/04/2024,9695,559,1447,3945,0,1066,0
24/04/2024,9120,396,3289,2072,0,2874,0
24/04/2024,9647,331,2535,1077,0,1854,0
24/04/2024,7376,682,1529,2917,0,1719,0
24/04/2024,9867,338,3864,1738,0,1448,0
24/04/2024,7985,543,2496,1939,0,1960,0
25/04/2024,9392,366,3964,2826,0,1510,0
25/04/2024,5617,467,3703,2555,0,2036,0
25/04/2024,8882,373,3196,3742,0,2586,0
25/04/2024,5190,620,2611,3625,0,1631,0
25/04/2024,5999,330,1412,1854,0,1957,0
25/04/2024,6681,380,3860,2993,0,1024,0
25/04/2024,9024,314,2333,1660,0,1294,0
25/04/2024,5456,310,2514,3318,0,1102,0
25/04/2024,8104,434,2632,2938,0,2614,0
25/04/2024,5854,478,3335,1646,0,1433,0
25/04/2024,9077,560,1036,1260,0,1334,0
25/04/2024,9117,695,3498,2422,0,2301,0
25/04/2024,7853,646,1626,1445,0,1357,0
25/04/2024,6930,472,1857,3987,0,1848,0
26/04/2024,5484,526,3205,1444,0,2488,0
26/04/2024,9278,603,1394,2645,0,1633,0
26/04/2024,5119,404,1100,2824,0,2963,0
26/04/2024,5355,527,1642,2325,0,2716,0
26/04/2024,5385,433,1223,2693,0,1272,0
26/04/2024,5062,409,1799,2424,0,1756,0
26/04/2024,8656,582,3865,2831,0,1601,0
26/04/2024,8826,499,3226,3170,0,1276,0
26/04/2024,8468,341,1828,1451,0,2758,0
26/04/2024,7032,327,2766,3673,0,1907,0
26/04/2024,8860,393,2756,2600,0,1123,0
26/04/2024,6476,519,3339,2631,0,2273,0
26/04/2024,7746,455,2549,2004,0,2796,0
26/04/2024,8943,681,1248,3907,0,2274,0
27/04/2024,9266,313,1971,1065,0,1185,0
27/04/2024,9494,590,1222,1364,0,2604,0
27/04/2024,7664,334,3045,3045,0,2303,0
27/04/2024,8501,563,1851,1737,0,1892,0
27/04/2024,5678,364,2016,3300,0,2083,0
27/04/2024,5052,436,2947,3599,0,1746,0
27/04/2024,7881,327,3355,1340,0,1549,0
27/04/2024,9015,413,3703,2612,0,2379,0
27/04/2024,7908,454,2486,2267,0,1765,0
27/04/2024,8955,502,2872,2585,0,2231,0
27/04/2024,5256,320,3272,3059,0,2485,0
27/04/2024,8868,588,2145,2675,0,2857,0
27/04/2024,6091,509,2247,3978,0,2954,0
27/04/2024,6370,469,2384,3228,0,1256,0
28/04/2024,8895,405,1132,1412,0,1893,0
28/04/2024,8328,324,3744,3597,0,2566,0
28/04/2024,9430,408,2041,1576,0,1669,0
28/04/2024,8179,486,2700,3433,0,2782,0
28/04/2024,7188,601,2225,1631,0,1883,0
28/04/2024,9948,365,3959,2981,0,1485,0
28/04/2024,5346,662,2253,2940,0,2108,0
28/04/2024,8226,542,2040,3261,0,2838,0
28/04/2024,7956,534,2463,3434,0,2788,0
28/04/2024,8908,622,2060,2521,0,1766,0
28/04/2024,8923,349,3003,3343,0,2119,0
28/04/2024,6635,404,2437,3786,0,1135,0
28/04/2024,5201,455,3824,1542,0,1778,0
28/04/2024,5573,332,1693,1084,0,1014,0
29/04/2024,5669,628,1516,2759,0,2426,0
29/04/2024,6222,443,3719,2613,0,1734,0
29/04/2024,8662,667,1538,1666,0,2115,0
29/04/2024,6623,481,2014,1534,0,1466,0
29/04/2024,5175,314,1085,2868,0,2311,0
29/04/2024,9819,398,3582,2066,0,1222,0
29/04/2024,9350,621,3999,3262,0,2501,0
29/04/2024,7975,302,2475,3276,0,2679,0
29/04/2024,8054,696,1054,1332,0,2070,0
29/04/2024,8439,388,1515,1022,0,1416,0
29/04/2024,9572,543,1448,3152,0,2710,0
29/04/2024,8789,560,3995,3675,0,1987,0
29/04/2024,9501,560,3279,3470,0,2747,0
29/04/2024,5255,491,3576,3360,0,1353,0
30/04/2024,8001,311,2674,2326,0,1857,0
30/04/2024,6530,306,1259,1529,0,1328,0
30/04/2024,7539,457,2618,1114,0,1381,0
30/04/2024,7379,632,1484,1687,0,1747,0
30/04/2024,8538,444,2162,2881,0,1943,0
30/04/2024,6829,390,2134,3333,0,2501,0
30/04/2024,5807,320,3549,3367,0,1419,0
30/04/2024,9210,505,2361,3682,0,2706,0
30/04/2024,7305,423,1851,3129,0,1472,0
30/04/2024,9838,625,3547,1010,0,2280,0
30/04/2024,5545,519,1894,3768,0,2641,0
30/04/2024,9351,333,2812,2280,0,2883,0
30/04/2024,5333,611,3069,1314,0,1995,0
01/05/2024,7689,695,2736,1172,0,2165,0
01/05/2024,9492,693,3106,1688,0,2310,0
01/05/2024,8952,526,3043,1765,0,2683,0
01/05/2024,9707,516,1377,3163,0,1598,0
01/05/2024,7984,454,3575,2120,0,2074,0
01/05/2024,6334,377,1669,1709,0,1688,0
01/05/2024,8472,529,1115,3016,0,2258,0
01/05/2024,5316,300,2756,3439,0,1325,0
01/05/2024,6284,493,1771,3525,0,2195,0
01/05/2024,7560,612,2214,3068,0,2124,0
01/05/2024,7670,534,2716,2895,0,1281,0
01/05/2024,7797,664,1308,3528,0,1620,0
02/05/2024,5109,566,2014,3531,0,2924,0
02/05/2024,9640,684,1709,1362,0,1915,0
02/05/2024,8418,394,1281,3051,0,2028,0
02/05/2024,9768,495,3414,2760,0,2539,0
02/05/2024,6130,688,3214,3355,0,2837,0
02/05/2024,6813,611,1064,2346,0,1350,0
02/05/2024,8037,512,1119,1522,0,2827,0
02/05/2024,9632,457,1346,1228,0,2676,0
02/05/2024,6556,604,3859,1406,0,1610,0
02/05/2024,7509,427,3834,1244,0,2006,0
02/05/2024,6965,514,1212,3495,0,1340,0
02/05/2024,8136,667,3776,2103,0,1819,0
02/05/2024,7209,625,2007,1239,0,2672,0
03/05/2024,8372,479,3893,2778,0,1922,0
03/05/2024,9119,608,2808,2518,0,2871,0
03/05/2024,9088,537,3733,2393,0,1835,0
03/05/2024,9810,380,1379,3931,0,1446,0
03/05/2024,8104,431,1472,3149,0,1799,0
03/05/2024,8686,482,2804,3553,0,2910,0
03/05/2024,9539,556,2551,3759,0,2864,0
03/05/2024,7230,661,3054,3411,0,2218,0
03/05/2024,8519,514,3409,1559,0,2048,0
03/05/2024,8076,388,2867,1676,0,1849,0
03/05/2024,7901,609,1462,2780,0,2331,0
03/05/2024,7912,523,1885,2126,0,2376,0
03/05/2024,7804,595,1249,1846,0,2052,0
04/05/2024,6873,677,1641,1880,0,1728,0
04/05/2024,8921,692,2435,2988,0,2336,0
04/05/2024,6625,477,3955,2403,0,2487,0
04/05/2024,8839,335,2883,3906,0,1568,0
04/05/2024,8762,535,3509,2217,0,2888,0
04/05/2024,5389,509,1542,3962,0,1468,0
04/05/2024,7647,350,2077,1117,0,1894,0
04/05/2024,5169,543,3280,2269,0,1276,0
04/05/2024,6676,314,3425,1953,0,1127,0
04/05/2024,6203,308,3426,3993,0,1312,0
04/05/2024,9347,672,2914,3375,0,1341,0
04/05/2024,9540,319,3500,3719,0,2969,0
04/05/2024,9276,366,3862,2782,0,2425,0
05/05/2024,8208,584,1518,1186,0,1194,0
05/05/2024,6467,531,1697,1495,0,1045,0
05/05/2024,7531,569,1426,2498,0,1099,0
05/05/2024,6417,659,3043,2908,0,2705,0
05/05/2024,6612,565,1525,3181,0,1217,0
05/05/2024,5729,668,1327,3780,0,2298,0
05/05/2024,6773,512,1074,1495,0,2573,0
05/05/2024,5798,676,2891,3319,0,2030,0
05/05/2024,8907,414,1325,3256,0,1592,0
05/05/2024,6015,615,2932,1445,0,1362,0
05/05/2024,8774,604,3077,3067,0,2221,0
05/05/2024,8758,310,3629,1871,0,2230,0
05/05/2024,7159,385,3455,2304,0,1154,0
06/05/2024,8589,519,1929,1132,0,2969,0
06/05/2024,5641,402,2913,3032,0,1997,0
06/05/2024,8862,664,3162,3833,0,2936,0
06/05/2024,7985,653,1333,1520,0,2231,0
06/05/2024,5171,342,1390,1347,0,2774,0
06/05/2024,7828,546,3439,1382,0,2619,0
06/05/2024,9260,670,3019,2711,0,2001,0
06/05/2024,7337,682,1047,3483,0,2909,0
06/05/2024,7888,659,3685,2128,0,1868,0
06/05/2024,9586,607,1198,1727,0,2668,0
06/05/2024,7660,309,1641,1001,0,1749,0
06/05/2024,6639,303,3236,1564,0,1776,0
06/05/2024,6784,464,3741,1163,0,1972,0
07/05/2024,5917,608,2155,1584,0,1520,0
07/05/2024,9898,690,3421,2559,0,1563,0
07/05/2024,9392,650,1271,2498,0,1131,0
07/05/2024,9900,321,3722,2679,0,2817,0
07/05/2024,6351,613,3847,2584,0,1018,0
07/05/2024,6978,406,3018,2387,0,2030,0
07/05/2024,6467,596,2249,3375,0,1278,0
07/05/2024,6901,344,2366,1620,0,1973,0
07/05/2024,8183,391,3781,2582,0,2787,0
07/05/2024,6251,389,1522,3752,0,1020,0
07/05/2024,7480,442,1774,3683,0,2311,0
07/05/2024,9022,600,3188,2678,0,2320,0
07/05/2024,6506,646,1886,1735,0,1605,0
08/05/2024,6566,466,1027,3284,0,1200,0
08/05/2024,8442,684,3053,2187,0,1766,0
08/05/2024,7127,626,3696,2596,0,1026,0
08/05/2024,6062,572,3303,2191,0,2178,0
08/05/2024,7638,459,3525,1066,0,2928,0
08/05/2024,5904,382,2130,3353,0,1691,0
08/05/2024,7003,409,3177,3600,0,1736,0
08/05/2024,6861,516,2762,3298,0,1140,0
08/05/2024,7433,349,1375,2317,0,2221,0
08/05/2024,7080,567,1197,3854,0,2184,0
08/05/2024,8847,623,1595,3825,0,1800,0
08/05/2024,7610,577,2531,1069,0,1077,0
08/05/2024,7390,369,1042,3232,0,1049,0
09/05/2024,7054,486,2277,3360,0,1574,0
09/05/2024,8175,351,1545,1185,0,1465,0
09/05/2024,9881,687,2940,1317,0,1018,0
09/05/2024,6985,399,1967,2182,0,2111,0
09/05/2024,8566,311,1809,3195,0,1221,0
09/05/2024,5721,562,1561,3206,0,2974,0
09/05/2024,6225,588,1054,2349,0,1246,0
09/05/2024,7119,378,3233,2919,0,2334,0
09/05/2024,8969,633,3219,3755,0,2226,0
09/05/2024,7520,537,2027,2157,0,1342,0
09/05/2024,8399,391,3629,2123,0,1080,0
09/05/2024,5310,588,2974,2533,0,1782,0
09/05/2024,8549,542,2650,1335,0,2725,0
10/05/2024,6602,398,2113,3349,0,1312,0
10/05/2024,7298,458,3905,2184,0,1725,0
10/05/2024,9167,642,3902,2383,0,2567,0
10/05/2024,7299,306,1285,3236,0,2503,0
10/05/2024,8022,598,1548,3113,0,1101,0
10/05/2024,9970,585,1041,2259,0,1100,0
10/05/2024,7652,609,1693,2739,0,1710,0
10/05/2024,5913,654,3294,3994,0,2434,0
10/05/2024,9278,518,3897,3356,0,1779,0
10/05/2024,8920,320,1325,3134,0,2811,0
10/05/2024,6992,669,2444,1208,0,2018,0
10/05/2024,8217,309,1038,1212,0,1299,0
10/05/2024,7504,640,2531,2417,0,1096,0
11/05/2024,9640,457,3765,1052,0,2559,0
11/05/2024,6233,425,1072,1301,0,2095,0
11/05/2024,5752,669,3946,2382,0,1120,0
11/05/2024,8305,675,2124,2690,0,2224,0
11/05/2024,9359,573,1179,1595,0,2251,0
11/05/2024,7639,440,2066,3941,0,1354,0
11/05/2024,9384,688,2022,3344,0,1498,0
11/05/2024,9729,584,3324,3528,0,1390,0
11/05/2024,9947,680,2717,3499,0,1346,0
11/05/2024,8650,328,3394,3812,0,2685,0
11/05/2024,7013,619,1825,1683,0,1741,0
11/05/2024,7584,404,3153,3420,0,1692,0
11/05/2024,7562,409,3914,2209,0,2670,0
12/05/2024,9367,579,3949,2451,0,2673,0
12/05/2024,5052,590,3060,3514,0,1386,0
12/05/2024,9517,623,3325,2378,0,1319,0
12/05/2024,8251,345,3993,2586,0,1042,0
12/05/2024,8410,525,2758,1201,0,2503,0
12/05/2024,8753,331,1962,1229,0,1477,0
12/05/2024,6297,496,1125,3665,0,1266,0
12/05/2024,6212,500,3877,1489,0,1529,0
12/05/2024,6947,648,2066,3911,0,1168,0
12/05/2024,5580,450,3434,1989,0,2896,0
12/05/2024,7411,592,2977,3430,0,1702,0
12/05/2024,7653,380,3163,3795,0,2874,0
12/05/2024,7726,361,3545,1331,0,1971,0
13/05/2024,5670,575,3481,3425,0,1550,0
13/05/2024,5316,630,3789,3625,0,1271,0
13/05/2024,8938,449,1772,2426,0,1630,0
13/05/2024,7726,682,2855,2983,0,2836,0
13/05/2024,8910,411,2270,1480,0,2174,0
13/05/2024,5853,525,1753,3292,0,2624,0
13/05/2024,9863,488,1144,1711,0,2347,0
13/05/2024,6572,688,3507,2497,0,2687,0
13/05/2024,5184,367,1413,2929,0,2985,0
13/05/2024,8283,403,3233,1720,0,1614,0
13/05/2024,8537,327,3084,2517,0,1633,0
13/05/2024,9649,652,2097,1798,0,2571,0
13/05/2024,9144,444,2510,3929,0,2848,0
14/05/2024,9929,658,1544,3441,0,2128,0
14/05/2024,8207,404,1619,3088,0,1893,0
14/05/2024,6327,314,1494,2663,0,2353,0
14/05/2024,7033,589,1893,3932,0,2428,0
14/05/2024,9492,622,1079,3056,0,2652,0
14/05/2024,5157,395,2068,3466,0,2929,0
14/05/2024,5621,353,3893,1438,0,2906,0
14/05/2024,5873,362,2366,1887,0,1397,0
14/05/2024,7948,536,2207,1936,0,2936,0
14/05/2024,8341,559,3358,1851,0,2661,0
14/05/2024,6558,479,2970,1850,0,2569,0
14/05/2024,7204,580,1768,2609,0,2495,0
14/05/2024,7387,489,1899,1192,0,2815,0
15/05/2024,9256,456,2286,3017,0,1907,0
15/05/2024,5465,627,2505,2952,0,2468,0
15/05/2024,7339,467,3833,2819,0,2769,0
15/05/2024,8332,466,2024,2820,0,2958,0
15/05/2024,8378,389,1877,2541,0,2733,0
15/05/2024,8947,659,3473,1854,0,2217,0
15/05/2024,5731,631,3212,1597,0,2960,0
15/05/2024,6636,319,1085,3370,0,2174,0
15/05/2024,6433,340,2511,3382,0,1845,0
15/05/2024,6881,531,3416,2279,0,1778,0
15/05/2024,5615,471,1746,1873,0,2523,0
15/05/2024,9448,447,2072,1822,0,2855,0
15/05/2024,9901,320,2748,2135,0,2269,0
16/05/2024,8816,612,2628,3685,0,2165,0
16/05/2024,5155,468,1142,3406,0,2875,0
16/05/2024,8875,350,1724,3933,0,2301,0
16/05/2024,5181,588,1953,1485,0,1851,0
16/05/2024,8683,435,3400,1327,0,2267,0
16/05/2024,6772,508,1121,2967,0,1676,0
16/05/2024,5256,494,3788,1068,0,1802,0
16/05/2024,7186,523,2198,3151,0,2518,0
16/05/2024,9466,530,2238,3800,0,2700,0
16/05/2024,6370,302,3510,1236,0,1457,0
16/05/2024,8787,358,2599,2520,0,1105,0
16/05/2024,8223,474,1213,3810,0,2035,0
16/05/2024,8780,599,2437,1251,0,1987,0
17/05/2024,5609,368,3683,3576,0,1433,0
17/05/2024,8864,499,1630,3041,0,2822,0
17/05/2024,7410,607,3047,3933,0,1177,0
17/05/2024,5734,654,2982,2148,0,1966,0
17/05/2024,8735,561,3796,1888,0,2219,0
17/05/2024,7682,321,1392,2162,0,1612,0
17/05/2024,8217,665,3578,1260,0,2229,0
17/05/2024,9639,457,1186,3116,0,2093,0
17/05/2024,6110,549,1707,3992,0,2929,0
17/05/2024,7880,308,1769,3203,0,2596,0
17/05/2024,6255,695,2651,3331,0,1370,0
17/05/2024,8501,505,1854,2588,0,2271,0
17/05/2024,6806,309,2190,3701,0,2313,0
18/05/2024,5875,377,1923,3436,0,1233,0
18/05/2024,7501,664,1280,3849,0,1900,0
18/05/2024,8525,605,2852,1787,0,1953,0
18/05/2024,5500,509,1386,1004,0,2585,0
18/05/2024,8346,626,2505,2950,0,2136,0
18/05/2024,8031,329,1209,2561,0,1326,0
18/05/2024,5227,571,1642,2646,0,1286,0
18/05/2024,6951,531,1665,1715,0,2701,0
18/05/2024,7611,679,1383,1928,0,2839,0
18/05/2024,8625,444,1054,1612,0,1906,0
18/05/2024,7095,579,3257,1274,0,1859,0
18/05/2024,8488,352,2675,1565,0,2709,0
18/05/2024,6581,442,3459,1929,0,2661,0
19/05/2024,7075,379,3258,1585,0,2756,0
19/05/2024,7859,513,1544,3487,0,1247,0
19/05/2024,6170,302,1481,3374,0,1149,0
19/05/2024,7414,552,1843,3409,0,1330,0
19/05/2024,7927,526,3786,3413,0,1382,0
19/05/2024,5426,526,3157,3038,0,2532,0
19/05/2024,8893,388,3075,2756,0,1848,0
19/05/2024,8424,424,3401,3874,0,2049,0
19/05/2024,6677,310,3677,3785,0,1843,0
19/05/2024,5829,412,2534,1389,0,1202,0
19/05/2024,7042,438,2090,2458,0,1248,0
19/05/2024,7079,448,2369,3016,0,2166,0
19/05/2024,7754,431,1775,1256,0,2989,0
20/05/2024,8540,625,2774,2654,0,2484,0
20/05/2024,7644,506,2080,2584,0,2122,0
20/05/2024,5528,318,3296,1224,0,1095,0
20/05/2024,9764,305,1816,1272,0,2835,0
20/05/2024,7504,651,3454,1086,0,2761,0
20/05/2024,6338,502,3396,1285,0,2357,0
20/05/2024,8975,670,3947,1470,0,1338,0
20/05/2024,8284,547,1036,3548,0,2532,0
20/05/2024,7222,375,3900,3898,0,1963,0
20/05/2024,6515,489,2650,3921,0,1744,0
20/05/2024,7896,495,1187,3771,0,2983,0
20/05/2024,7485,409,3720,2729,0,1998,0
20/05/2024,5338,531,3187,3880,0,2839,0
21/05/2024,7428,520,1482,1896,0,2513,0
21/05/2024,9806,600,2174,3358,0,2581,0
21/05/2024,5660,497,3154,2228,0,1937,0
21/05/2024,9024,530,1996,3472,0,2290,0
21/05/2024,9785,369,3998,1845,0,1317,0
21/05/2024,8546,499,1980,2098,0,1637,0
21/05/2024,9589,454,1127,2695,0,2266,0
21/05/2024,6366,401,3007,2728,0,1149,0
21/05/2024,9430,691,3529,2508,0,2120,0
21/05/2024,5392,403,1359,1841,0,2569,0
21/05/2024,6208,434,3584,1404,0,2085,0
21/05/2024,5256,696,1566,2241,0,2334,0
21/05/2024,6825,303,3704,3965,0,1771,0
22/05/2024,9971,347,3360,1139,0,2615,0
22/05/2024,8673,633,3563,3937,0,2989,0
22/05/2024,9101,557,2779,2082,0,2518,0
22/05/2024,6324,548,2924,1021,0,2451,0
22/05/2024,9806,301,3011,3749,0,1692,0
22/05/2024,6309,632,1560,3794,0,1761,0
22/05/2024,9453,591,2410,1413,0,1357,0
22/05/2024,8870,495,2183,3389,0,2827,0
22/05/2024,8112,439,2701,3047,0,2265,0
22/05/2024,7585,413,2640,1140,0,1058,0
22/05/2024,5363,495,2226,1634,0,2983,0
22/05/2024,8073,420,3550,2546,0,1873,0
22/05/2024,7954,548,1592,1202,0,2282,0
23/05/2024,6599,379,1878,1278,0,1190,0
23/05/2024,9316,560,2117,2638,0,1098,0
23/05/2024,7307,682,2653,2097,0,1374,0
23/05/2024,5234,640,3582,3132,0,1041,0
23/05/2024,5551,465,3544,2667,0,1208,0
23/05/2024,6381,590,3786,1835,0,1506,0
23/05/2024,5045,557,3274,2154,0,1036,0
23/05/2024,7213,408,1378,3561,0,2503,0
23/05/2024,5135,533,2177,1556,0,1417,0
23/05/2024,7309,673,2144,1289,0,2677,0
23/05/2024,5683,557,1621,3946,0,2114,0
23/05/2024,8688,638,3195,1123,0,1639,0
23/05/2024,5578,462,3954,1448,0,2026,0
24/05/2024,9863,687,2145,2133,0,1724,0
24/05/2024,5914,426,2310,3312,0,1061,0
24/05/2024,5907,442,3047,1490,0,1536,0
24/05/2024,8996,463,1243,3882,0,1101,0
24/05/2024,8405,698,2286,2524,0,1500,0
24/05/2024,9289,514,2064,1692,0,1477,0
24/05/2024,8086,586,1004,1428,0,1919,0
24/05/2024,6546,600,2732,3783,0,1861,0
24/05/2024,6767,700,2925,1880,0,2929,0
24/05/2024,8356,491,1799,3144,0,1871,0
24/05/2024,9038,445,3815,3898,0,1729,0
24/05/2024,8797,559,1078,3505,0,2146,0
24/05/2024,7996,319,2262,2598,0,2939,0
25/05/2024,5655,492,3881,2118,0,2508,0
25/05/2024,9503,385,2752,2552,0,1856,0
25/05/2024,5265,394,3582,3923,0,1672,0
25/05/2024,7145,596,1247,1145,0,2001,0
25/05/2024,7746,512,1978,2573,0,1246,0
25/05/2024,7566,425,3692,1156,0,2369,0
25/05/2024,8118,408,2820,3542,0,1305,0
25/05/2024,6760,424,1990,3530,0,1249,0
25/05/2024,8645,581,1520,1642,0,2735,0
25/05/2024,6225,347,1230,1008,0,2378,0
25/05/2024,9340,495,3814,3584,0,1979,0
25/05/2024,9406,382,1397,2115,0,2691,0
25/05/2024,9100,363,3937,1459,0,2814,0
26/05/2024,5012,684,2577,1390,0,2245,0
26/05/2024,5427,642,3107,1583,0,2750,0
26/05/2024,5028,527,1560,2973,0,2644,0
26/05/2024,9328,519,2588,2814,0,1421,0
26/05/2024,9618,507,3345,2158,0,2015,0
26/05/2024,5197,468,3782,3070,0,2046,0
26/05/2024,6635,455,2463,2969,0,1892,0
26/05/2024,6812,519,3076,2248,0,1470,0
26/05/2024,8925,631,1418,3593,0,2749,0
26/05/2024,5338,629,1418,1129,0,2221,0
26/05/2024,9392,583,3051,3167,0,2881,0
26/05/2024,5587,356,2185,2778,0,1736,0
26/05/2024,8160,407,2610,3420,0,2323,0
27/05/2024,5668,541,2759,3248,0,1355,0
27/05/2024,5567,575,1528,1324,0,2615,0
27/05/2024,8500,546,3072,3672,0,1482,0
27/05/2024,6759,654,2871,1888,0,1984,0
27/05/2024,7383,618,2073,3406,0,1448,0
27/05/2024,7798,407,2322,3540,0,2108,0
27/05/2024,9888,655,2223,2139,0,2548,0
27/05/2024,7270,605,2546,2736,0,1695,0
27/05/2024,5255,618,1105,3328,0,2981,0
27/05/2024,8701,614,2912,1255,0,2918,0
27/05/2024,7422,679,3495,2871,0,1836,0
27/05/2024,8084,354,2772,1975,0,2850,0
27/05/2024,5690,618,1797,1015,0,1352,0
28/05/2024,8952,386,3506,1528,0,2177,0
28/05/2024,8586,661,3148,2730,0,2571,0
28/05/2024,6746,466,1330,3702,0,1986,0
28/05/2024,9487,555,2894,3580,0,2884,0
28/05/2024,9402,504,2037,2384,0,1402,0
28/05/2024,5557,640,3582,2962,0,2090,0
28/05/2024,9164,379,3318,2402,0,1605,0
28/05/2024,7290,377,2316,2326,0,2343,0
28/05/2024,7102,567,1859,3169,0,1539,0
28/05/2024,9598,518,3793,1081,0,1878,0
28/05/2024,9262,363,2706,3863,0,1761,0
28/05/2024,9121,525,3401,3929,0,1194,0
28/05/2024,5020,394,1074,1617,0,1827,0
29/05/2024,5954,675,2612,2360,0,1084,0
29/05/2024,5619,356,1810,3237,0,2451,0
29/05/2024,7780,643,3444,2865,0,1588,0
29/05/2024,5854,683,1971,1905,0,2784,0
29/05/2024,7577,465,3948,2200,0,2422,0
29/05/2024,9809,665,1433,3206,0,2130,0
29/05/2024,9203,635,1278,1148,0,2573,0
29/05/2024,6647,518,2652,1514,0,2313,0
29/05/2024,7501,314,1274,3259,0,1467,0
29/05/2024,9826,446,1176,1441,0,2418,0
29/05/2024,5405,457,2196,2724,0,1924,0
29/05/2024,5996,614,3140,3225,0,1214,0
29/05/2024,7831,518,2275,2628,0,2342,0
30/05/2024,7643,328,3052,3129,0,2134,0
30/05/2024,7207,617,2141,3131,0,2842,0
30/05/2024,5840,624,3255,1843,0,1697,0
30/05/2024,7962,505,2495,3479,0,2635,0
30/05/2024,9827,392,3948,3155,0,1478,0
30/05/2024,6883,338,2499,1189,0,1301,0
30/05/2024,7419,504,1388,3975,0,1218,0
30/05/2024,9367,684,1858,2227,0,2747,0
30/05/2024,7079,366,2471,3440,0,1094,0
30/05/2024,6438,548,1198,2196,0,2053,0
30/05/2024,5700,300,1196,2922,0,2099,0
30/05/2024,7724,317,3587,1149,0,2735,0
30/05/2024,5267,589,2746,1901,0,2436,0
30/05/2024,9112,639,3837,1689,0,1807,0
31/05/2024,6804,424,2736,1227,0,2160,0
31/05/2024,7736,515,2251,2083,0,2051,0
31/05/2024,5424,387,3962,3587,0,1884,0
31/05/2024,5521,669,1796,2405,0,2833,0
31/05/2024,6946,497,2910,2827,0,1358,0
31/05/2024,5141,628,1487,3714,0,1532,0
31/05/2024,5344,414,1893,3072,0,2363,0
31/05/2024,6356,586,1766,2431,0,2482,0
31/05/2024,9941,597,1128,3685,0,2381,0
31/05/2024,6781,354,1519,3831,0,1111,0
31/05/2024,6157,478,2409,2987,0,2548,0
31/05/2024,8205,313,1121,2178,0,2341,0
31/05/2024,8735,580,2829,1768,0,2581,0
01/06/2024,8572,690,3507,1077,0,2962,0
01/06/2024,7666,619,3881,2271,0,1774,0
01/06/2024,5150,363,2827,3588,0,2840,0
01/06/2024,5418,503,3577,2947,0,1720,0
01/06/2024,9138,566,1811,3502,0,1497,0
01/06/2024,5876,556,3254,1149,0,2644,0
01/06/2024,5107,685,1563,1045,0,1262,0
01/06/2024,7314,634,2752,2011,0,2353,0
01/06/2024,9533,560,1888,1857,0,2616,0
01/06/2024,8295,331,2336,3986,0,1334,0
01/06/2024,5085,477,2158,3078,0,1927,0
01/06/2024,8284,550,1465,2700,0,2091,0
01/06/2024,8264,656,1211,1574,0,2409,0
02/06/2024,5930,460,2940,3530,0,2485,0
02/06/2024,5759,456,2355,3755,0,1672,0
02/06/2024,8565,313,3656,3235,0,1886,0
02/06/2024,7533,396,2183,1696,0,2091,0
02/06/2024,8740,651,1656,1517,0,1768,0
02/06/2024,6099,568,3730,1107,0,1176,0
02/06/2024,8362,408,2071,1723,0,2265,0
02/06/2024,6508,534,2286,3046,0,2356,0
02/06/2024,9502,483,1164,2632,0,1339,0
02/06/2024,8274,611,2518,2836,0,1209,0
02/06/2024,8712,641,1915,3715,0,1595,0
02/06/2024,9567,496,2513,3808,0,1872,0
02/06/2024,5651,489,3222,2340,0,1042,0
03/06/2024,7907,364,3167,1375,0,1728,0
03/06/2024,9153,580,3213,2964,0,2974,0
03/06/2024,6676,676,2742,3336,0,1532,0
03/06/2024,9228,486,3352,2669,0,2291,0
03/06/2024,7707,350,2461,2687,0,1657,0
03/06/2024,8666,627,1745,2198,0,1202,0
03/06/2024,5746,661,3067,2002,0,1874,0
03/06/2024,9665,366,2354,1908,0,1914,0
03/06/2024,9679,658,2777,2488,0,2716,0
03/06/2024,6963,654,1879,3713,0,2265,0
03/06/2024,5302,360,3375,2322,0,2289,0
03/06/2024,7811,641,2317,1808,0,1644,0
03/06/2024,5812,397,1984,3296,0,1197,0
03/06/2024,8304,591,2575,2639,0,2266,0
04/06/2024,5885,624,3249,3452,0,2705,0
04/06/2024,6187,642,1348,1399,0,2522,0
04/06/2024,5683,548,3428,2475,0,2142,0
04/06/2024,6511,367,1967,2794,0,1425,0
04/06/2024,8734,538,3560,2063,0,2879,0
04/06/2024,8905,667,1418,2420,0,1880,0
04/06/2024,6776,646,3748,1937,0,2286,0
04/06/2024,7341,371,2913,3099,0,2783,0
04/06/2024,7284,662,1204,2039,0,2427,0
04/06/2024,5655,432,3157,1348,0,2180,0
04/06/2024,5625,443,1667,3323,0,2206,0
04/06/2024,8630,460,1081,3786,0,2583,0
04/06/2024,8674,529,1286,3720,0,1439,0
04/06/2024,5133,398,1288,3580,0,2399,0
05/06/2024,8997,551,2636,2504,0,2153,0
05/06/2024,9777,328,2633,1908,0,1720,0
05/06/2024,8232,562,1836,3563,0,1486,0
05/06/2024,7122,313,3342,3715,0,2158,0
05/06/2024,8726,493,3538,2876,0,2072,0
05/06/2024,8508,393,1777,3862,0,1298,0
05/06/2024,6286,673,3047,2162,0,2842,0
05/06/2024,8209,546,3027,2587,0,1922,0
05/06/2024,6044,633,1375,2313,0,1718,0
05/06/2024,9396,654,3280,2428,0,2063,0
05/06/2024,5733,698,2568,2201,0,1473,0
05/06/2024,6642,651,1979,1456,0,2902,0
05/06/2024,6708,576,1363,3686,0,1791,0
06/06/2024,8253,558,1978,3718,0,2947,0
06/06/2024,9041,355,2779,1119,0,1233,0
06/06/2024,9115,419,3333,1954,0,1091,0
06/06/2024,7537,402,2110,1272,0,1566,0
06/06/2024,8975,342,2139,1001,0,2310,0
06/06/2024,5153,511,3688,2746,0,1263,0
06/06/2024,5892,588,2308,2826,0,2961,0
06/06/2024,8438,521,3565,2983,0,1601,0
06/06/2024,8046,349,2184,3551,0,1258,0
06/06/2024,7427,556,1477,2314,0,1821,0
06/06/2024,6521,483,2384,3433,0,1084,0
06/06/2024,6638,648,1511,2305,0,1127,0
06/06/2024,7078,685,2340,1619,0,2624,0
06/06/2024,8820,425,1390,2579,0,2180,0
07/06/2024,6799,686,1615,2081,0,1724,0
07/06/2024,9326,490,1385,1794,0,2878,0
07/06/2024,6006,553,2442,2642,0,1044,0
07/06/2024,7545,406,2903,1901,0,1987,0
07/06/2024,6871,412,3413,1519,0,2368,0
07/06/2024,6962,612,3874,3598,0,1000,0
07/06/2024,6182,528,3218,3180,0,2414,0
07/06/2024,8094,524,3838,2708,0,1327,0
07/06/2024,8820,563,1114,3200,0,2240,0
07/06/2024,6552,400,2735,3640,0,2086,0
07/06/2024,5400,442,3909,2795,0,2013,0
07/06/2024,8600,472,2211,2218,0,1684,0
07/06/2024,7905,339,1075,1350,0,1589,0
08/06/2024,5372,446,3944,2588,0,2882,0
08/06/2024,6652,489,2806,2603,0,2090,0
08/06/2024,9923,504,3928,2666,0,2716,0
08/06/2024,7518,626,1241,2734,0,1087,0
08/06/2024,7212,639,2041,2468,0,1542,0
08/06/2024,7119,487,2918,3074,0,2409,0
08/06/2024,5611,569,3243,3223,0,2735,0
08/06/2024,9691,659,2159,2586,0,2143,0
08/06/2024,6321,380,3865,2337,0,1551,0
08/06/2024,9418,690,1668,3611,0,2438,0
08/06/2024,7509,478,3612,2459,0,1255,0
08/06/2024,7046,526,2566,1541,0,2853,0
08/06/2024,6601,482,3037,2943,0,1319,0
09/06/2024,8456,593,2685,3525,0,1337,0
09/06/2024,8174,492,3241,1461,0,1376,0
09/06/2024,9410,377,1985,1654,0,2763,0
09/06/2024,8299,400,3827,1489,0,2042,0
09/06/2024,5516,462,3265,3594,0,2143,0
09/06/2024,6283,389,2968,2414,0,2096,0
09/06/2024,6774,436,1967,3240,0,1962,0
09/06/2024,6817,601,1708,1373,0,1921,0
09/06/2024,7918,520,1264,3584,0,2231,0
09/06/2024,6635,422,3235,1482,0,1533,0
09/06/2024,5031,545,2663,1193,0,2838,0
09/06/2024,7615,307,2184,3960,0,2544,0
09/06/2024,7309,530,1453,2974,0,1490,0
10/06/2024,5920,670,2777,2866,0,1386,0
10/06/2024,9563,577,2985,3565,0,2194,0
10/06/2024,5654,539,2829,3595,0,1364,0
10/06/2024,7591,512,1111,3532,0,2012,0
10/06/2024,7688,470,2242,1646,0,2632,0
10/06/2024,5345,496,3143,3657,0,1854,0
10/06/2024,8445,619,1362,1947,0,2697,0
10/06/2024,6918,622,2602,1648,0,2778,0
10/06/2024,9083,488,1198,2997,0,1047,0
10/06/2024,5544,364,2491,1230,0,1459,0
10/06/2024,9341,408,3704,1454,0,1640,0
10/06/2024,5324,621,3488,1898,0,2263,0
10/06/2024,8588,600,2154,3255,0,2620,0
10/06/2024,6742,439,3532,3664,0,1252,0
11/06/2024,7389,688,3258,1704,0,1359,0
11/06/2024,7101,646,1967,1332,0,2679,0
11/06/2024,9816,520,2121,2301,0,1297,0
11/06/2024,5636,497,3553,1964,0,1766,0
11/06/2024,5928,367,3191,2376,0,1318,0
11/06/2024,8658,517,3233,3292,0,2282,0
11/06/2024,9980,459,3391,3146,0,1129,0
11/06/2024,8728,686,1742,1978,0,1807,0
11/06/2024,7013,339,2761,2108,0,2493,0
11/06/2024,5865,441,1037,3041,0,1336,0
11/06/2024,5329,410,2946,3682,0,2867,0
11/06/2024,5077,476,2743,3999,0,1571,0
11/06/2024,6867,303,3116,1179,0,2457,0
11/06/2024,7208,545,1119,1011,0,2466,0
12/06/2024,8333,485,1509,3469,0,2927,0
12/06/2024,6950,307,3313,1940,0,1537,0
12/06/2024,9284,596,3477,2798,0,1808,0
12/06/2024,6032,325,1500,1502,0,2242,0
12/06/2024,5036,669,3079,1627,0,2004,0
12/06/2024,6882,376,3841,1812,0,1800,0
12/06/2024,9597,508,2636,1659,0,2666,0
12/06/2024,6852,588,1800,2096,0,2211,0
12/06/2024,8774,587,2881,1891,0,1002,0
12/06/2024,5997,595,2538,3232,0,1413,0
12/06/2024,8685,551,3043,3185,0,1281,0
12/06/2024,7121,376,3143,1486,0,1646,0
12/06/2024,9910,371,3177,1339,0,1045,0
12/06/2024,9377,450,1820,2111,0,1812,0
13/06/2024,8687,626,3654,3865,0,1489,0
13/06/2024,6558,409,1518,3772,0,1149,0
13/06/2024,8352,547,3936,1388,0,1281,0
13/06/2024,8402,621,2700,1578,0,1561,0
13/06/2024,6557,602,1210,2080,0,1889,0
13/06/2024,5571,562,1176,1553,0,2088,0
13/06/2024,8150,353,2633,2751,0,1456,0
13/06/2024,8627,367,3688,2961,0,1014,0
13/06/2024,9760,565,1447,3520,0,1478,0
13/06/2024,8195,584,2775,2712,0,2529,0
13/06/2024,5374,675,2783,1031,0,2621,0
13/06/2024,8965,442,2725,3837,0,2005,0
13/06/2024,7414,319,2858,3884,0,2540,0
13/06/2024,8147,616,1274,2554,0,2378,0
14/06/2024,5175,637,3564,1038,0,1686,0
14/06/2024,6892,668,2442,2039,0,2842,0
14/06/2024,5973,559,1660,3723,0,1104,0
14/06/2024,8232,685,2333,3314,0,2991,0
14/06/2024,6420,608,1038,1375,0,1306,0
14/06/2024,6147,663,3396,3526,0,1788,0
14/06/2024,9329,445,1342,3664,0,1830,0
14/06/2024,6854,693,3432,3312,0,2481,0
14/06/2024,8261,594,3630,1658,0,2822,0
14/06/2024,6915,317,1671,2486,0,2280,0
14/06/2024,9661,368,3944,2631,0,2331,0
14/06/2024,6887,490,2471,3308,0,1767,0
14/06/2024,7323,336,3962,3072,0,1938,0
14/06/2024,7793,443,3208,1607,0,2400,0
15/06/2024,6107,450,1361,1401,0,1652,0
15/06/2024,6987,606,3284,2038,0,1543,0
15/06/2024,9053,455,1699,1643,0,2813,0
15/06/2024,7160,567,1384,3621,0,1426,0
15/06/2024,6198,653,2803,2492,0,1795,0
15/06/2024,7707,504,1244,2751,0,1750,0
15/06/2024,9527,693,1911,2856,0,1734,0
15/06/2024,9250,511,3421,1187,0,2699,0
15/06/2024,5815,608,1680,1842,0,1167,0
15/06/2024,9199,375,1466,1943,0,2116,0
15/06/2024,8428,478,3226,1356,0,2105,0
15/06/2024,6712,398,1619,2194,0,1891,0
15/06/2024,7718,567,2301,2803,0,1825,0
15/06/2024,8047,532,3280,2771,0,1430,0
16/06/2024,6798,566,1091,2960,0,1635,0
16/06/2024,9203,676,1751,1348,0,2709,0
16/06/2024,6181,485,2731,2218,0,1933,0
16/06/2024,6602,679,3027,1706,0,1775,0
16/06/2024,9104,342,2531,2764,0,1491,0
16/06/2024,7317,462,1852,1901,0,1929,0
16/06/2024,5469,569,2906,1696,0,2058,0
16/06/2024,6235,416,1702,3761,0,2858,0
16/06/2024,5168,534,2508,1614,0,2724,0
16/06/2024,5865,398,1938,1194,0,2461,0
16/06/2024,6574,335,1688,1252,0,2648,0
16/06/2024,8117,580,1385,1955,0,2981,0
16/06/2024,5736,460,3932,3687,0,2731,0
16/06/2024,5879,410,3806,2826,0,2639,0
17/06/2024,5702,458,3988,1098,0,2502,0
17/06/2024,5734,489,3692,3097,0,1988,0
17/06/2024,7782,405,1766,1159,0,1624,0
17/06/2024,8434,448,2293,1285,0,2189,0
17/06/2024,9329,425,2509,1626,0,1354,0
17/06/2024,7146,555,2919,3137,0,2847,0
17/06/2024,9373,682,2822,2876,0,1500,0
17/06/2024,5678,510,2831,2061,0,2855,0
17/06/2024,6203,346,1581,2737,0,1538,0
17/06/2024,9953,497,1206,1062,0,1387,0
17/06/2024,6177,578,2150,2753,0,2642,0
17/06/2024,9581,526,1090,3820,0,1141,0
17/06/2024,5139,512,3959,3304,0,1826,0
17/06/2024,8988,664,2576,1441,0,1880,0
18/06/2024,7254,664,2372,3875,0,2147,0
18/06/2024,6173,318,3013,2624,0,2443,0
18/06/2024,7577,595,2446,3929,0,2103,0
18/06/2024,8070,563,1922,3797,0,1278,0
18/06/2024,6567,468,1130,1852,0,1919,0
18/06/2024,6530,443,1867,3480,0,2269,0
18/06/2024,8694,644,3628,3304,0,1297,0
18/06/2024,7780,333,3357,2723,0,1533,0
18/06/2024,9531,401,3873,3931,0,2690,0
18/06/2024,6539,371,1065,1348,0,1138,0
18/06/2024,7180,589,3428,2684,0,2515,0
18/06/2024,7489,678,2053,2694,0,2974,0
18/06/2024,9971,536,2218,2419,0,2461,0
19/06/2024,7271,687,1842,2735,0,2050,0
19/06/2024,8992,588,1988,1850,0,2640,0
19/06/2024,6570,449,1939,3979,0,2606,0
19/06/2024,5276,434,1996,3626,0,1786,0
19/06/2024,6230,312,1153,2506,0,2255,0
19/06/2024,9758,672,2183,1698,0,1708,0
19/06/2024,6101,661,3579,1095,0,1952,0
19/06/2024,8747,690,1918,3227,0,1648,0
19/06/2024,5513,464,2559,1954,0,2061,0
19/06/2024,5795,467,2849,1340,0,1089,0
19/06/2024,6150,480,1823,1483,0,1484,0
19/06/2024,5582,333,2579,1968,0,2240,0
19/06/2024,7454,582,3471,2440,0,1005,0
19/06/2024,7276,381,2936,2828,0,2896,0
20/06/2024,5059,581,2591,3376,0,1650,0
20/06/2024,5698,477,1205,1879,0,1932,0
20/06/2024,9634,594,1111,1398,0,1072,0
20/06/2024,5692,350,1532,3647,0,1071,0
20/06/2024,8022,640,3239,1574,0,2004,0
20/06/2024,6949,523,2837,1166,0,2222,0
20/06/2024,9291,331,2392,3346,0,1936,0
20/06/2024,9027,651,1416,3074,0,2644,0
20/06/2024,7157,514,1807,1531,0,1217,0
20/06/2024,8475,476,3560,3849,0,1607,0
20/06/2024,6083,555,2242,2196,0,2125,0
20/06/2024,7991,678,1131,3389,0,1390,0
20/06/2024,6821,408,3557,2155,0,1142,0
20/06/2024,9549,318,1801,3550,0,1753,0
21/06/2024,8899,508,3923,3164,0,1465,0
21/06/2024,6179,666,2645,3927,0,1061,0
21/06/2024,6426,676,1740,3312,0,2995,0
21/06/2024,9297,377,3020,1138,0,2856,0
21/06/2024,5343,374,2096,2130,0,1663,0
21/06/2024,5147,381,3063,3717,0,2649,0
21/06/2024,9020,589,2818,1067,0,1712,0
21/06/2024,7050,676,2156,3076,0,2977,0
21/06/2024,6722,510,1219,1920,0,2825,0
21/06/2024,5046,458,3369,2018,0,2804,0
21/06/2024,7339,354,3670,3963,0,1218,0
21/06/2024,9896,670,3809,2630,0,1117,0
21/06/2024,8820,593,2188,2271,0,2128,0
22/06/2024,6492,570,3551,2522,0,1515,0
22/06/2024,7707,421,3452,3526,0,1565,0
22/06/2024,6363,456,1362,3099,0,1618,0
22/06/2024,6863,687,2782,3164,0,1802,0
22/06/2024,8172,583,3554,3470,0,1744,0
22/06/2024,7247,665,2213,3744,0,2736,0
22/06/2024,5473,596,3901,2968,0,1723,0
22/06/2024,9151,574,1905,2945,0,1780,0
22/06/2024,9128,582,1152,1193,0,2004,0
22/06/2024,8638,436,2281,3109,0,1675,0
22/06/2024,8937,305,3464,1013,0,1512,0
22/06/2024,8461,526,1537,3674,0,1079,0
22/06/2024,7391,491,2720,3507,0,2153,0
23/06/2024,8732,520,1835,3253,0,1418,0
23/06/2024,9338,693,1120,2090,0,2195,0
23/06/2024,8013,381,2004,2234,0,2467,0
23/06/2024,5213,674,1410,1515,0,2265,0
23/06/2024,7174,548,2486,2756,0,2495,0
23/06/2024,9033,409,2927,3411,0,2057,0
23/06/2024,6353,437,1128,1021,0,1141,0
23/06/2024,7035,530,3223,3828,0,1501,0
23/06/2024,5583,664,3818,3276,0,2997,0
23/06/2024,7870,617,3936,2800,0,2223,0
23/06/2024,5981,512,2735,3338,0,1237,0
23/06/2024,7722,635,2558,1470,0,1698,0
23/06/2024,9324,657,2786,1698,0,2052,0
24/06/2024,5430,322,3000,2003,0,2095,0
24/06/2024,6063,547,3692,1340,0,2267,0
24/06/2024,9169,413,3028,3350,0,1212,0
24/06/2024,9277,548,2652,3949,0,1280,0
24/06/2024,7861,540,2285,2558,0,1443,0
24/06/2024,7367,323,2277,2070,0,1337,0
24/06/2024,5331,545,3380,2165,0,2880,0
24/06/2024,8588,582,3762,3419,0,1817,0
24/06/2024,5835,396,3223,3711,0,2486,0
24/06/2024,5206,600,1386,2606,0,1088,0
24/06/2024,5937,614,2466,1224,0,2183,0
25/06/2024,6341,354,1818,3092,0,1521,0
25/06/2024,8886,458,1619,3850,0,1443,0
25/06/2024,8924,651,3992,3796,0,2656,0
25/06/2024,8594,574,3493,3653,0,1546,0
25/06/2024,9108,523,3671,3217,0,1739,0
25/06/2024,6729,354,1070,3381,0,2227,0
25/06/2024,8467,354,1573,2718,0,1207,0
25/06/2024,6746,625,2717,3141,0,2519,0
25/06/2024,9835,526,3926,2411,0,1356,0
25/06/2024,9916,359,3308,1830,0,1507,0
25/06/2024,7795,543,3449,1381,0,2672,0
25/06/2024,7487,394,1883,1486,0,2601,0
26/06/2024,5265,571,3912,3317,0,2843,0
26/06/2024,8783,613,2272,1787,0,2784,0
26/06/2024,5288,585,2708,3595,0,1693,0
26/06/2024,8637,619,3238,1974,0,2364,0
26/06/2024,8665,642,3095,1452,0,2124,0
26/06/2024,7198,477,1114,3466,0,1900,0
26/06/2024,7094,589,3966,3527,0,1920,0
26/06/2024,6069,490,2764,1746,0,1043,0
26/06/2024,8082,311,1565,1145,0,1967,0
26/06/2024,8243,465,2740,1118,0,1205,0
26/06/2024,6015,694,1786,1100,0,1023,0
26/06/2024,5336,323,2426,1714,0,2660,0
27/06/2024,8988,587,3719,1490,0,2287,0
27/06/2024,7818,380,2562,2664,0,2792,0
27/06/2024,8698,420,3032,2102,0,2712,0
27/06/2024,5850,330,1174,3948,0,1239,0
27/06/2024,6050,535,3819,1751,0,1566,0
27/06/2024,8923,382,1775,1134,0,1778,0
27/06/2024,5453,429,3405,3099,0,1885,0
27/06/2024,7536,603,1996,1443,0,2672,0
27/06/2024,7734,478,3639,2801,0,2165,0
27/06/2024,8949,324,1150,2017,0,2180,0
27/06/2024,9864,365,3881,2083,0,2503,0
27/06/2024,9449,369,1066,2640,0,1235,0
27/06/2024,8495,352,3366,2638,0,1701,0
28/06/2024,5402,339,2930,2879,0,2226,0
28/06/2024,8066,386,3264,1559,0,1889,0
28/06/2024,5171,495,3654,2144,0,1745,0
28/06/2024,7318,443,2558,1983,0,2151,0
28/06/2024,6846,485,2385,3979,0,2309,0
28/06/2024,8449,450,3231,3202,0,1038,0
28/06/2024,8076,337,3505,1624,0,2419,0
28/06/2024,6425,446,1724,3935,0,2412,0
28/06/2024,6141,473,1146,3176,0,1876,0
28/06/2024,7089,379,1277,2310,0,2950,0
28/06/2024,9928,669,3319,3108,0,2737,0
28/06/2024,6037,322,2194,2348,0,2494,0
28/06/2024,8919,420,1872,1291,0,2972,0
29/06/2024,7369,578,2523,1263,0,1766,0
29/06/2024,6519,446,1515,1276,0,1078,0
29/06/2024,5427,394,1615,3018,0,2704,0
29/06/2024,9531,487,1067,2145,0,1714,0
29/06/2024,9182,587,1486,2912,0,1220,0
29/06/2024,5637,664,3574,2372,0,1915,0
29/06/2024,5328,350,1743,1973,0,1634,0
29/06/2024,5473,318,1546,2784,0,1613,0
29/06/2024,6798,405,3768,2050,0,2122,0
29/06/2024,6948,524,1055,1063,0,2781,0
29/06/2024,7767,444,3468,1261,0,1329,0
29/06/2024,6810,451,3385,3422,0,1040,0
29/06/2024,6840,437,3980,2611,0,1387,0
30/06/2024,5436,637,2752,2696,0,1370,0
30/06/2024,6466,328,3627,3358,0,1870,0
30/06/2024,6086,611,3406,3311,0,1054,0
30/06/2024,9866,645,1993,3851,0,1773,0
30/06/2024,6563,434,2574,1179,0,1120,0
30/06/2024,5370,470,2195,3428,0,1707,0
30/06/2024,6120,612,1996,2970,0,1855,0
30/06/2024,9506,513,2473,3409,0,1709,0
30/06/2024,5860,434,1560,1233,0,1255,0
30/06/2024,9837,425,3579,2269,0,2993,0
30/06/2024,7948,352,3061,1006,0,1764,0
30/06/2024,8847,627,3029,3286,0,2737,0
30/06/2024,9904,597,3076,2136,0,2188,0
01/07/2024,5585,554,2001,2018,0,2017,0
01/07/2024,9257,414,2626,1160,0,2652,0
01/07/2024,6451,404,1610,1403,0,2402,0
01/07/2024,8028,322,3224,2623,0,1751,0
01/07/2024,9549,383,1793,1687,0,1175,0
01/07/2024,6566,346,1429,1228,0,2459,0
01/07/2024,8031,342,1689,1553,0,1058,0
01/07/2024,8965,348,1861,2417,0,1002,0
01/07/2024,5632,442,3189,2264,0,2289,0
01/07/2024,6237,595,1822,1423,0,2225,0
01/07/2024,8973,474,1947,2049,0,1697,0
01/07/2024,8115,561,3707,2837,0,1899,0
01/07/2024,5539,534,2459,3032,0,2949,0
02/07/2024,9735,460,2416,3241,0,2055,0
02/07/2024,5030,537,1696,3285,0,1462,0
02/07/2024,8220,540,3931,1870,0,1042,0
02/07/2024,5222,489,2878,1420,0,2992,0
02/07/2024,7443,614,1713,2091,0,2168,0
02/07/2024,8671,447,3217,3902,0,1265,0
02/07/2024,7322,466,2477,1294,0,2678,0
02/07/2024,5593,632,1274,3049,0,1799,0
02/07/2024,6280,397,1815,3254,0,1191,0
02/07/2024,8146,652,2039,1796,0,2420,0
02/07/2024,8837,695,1685,2747,0,1187,0
02/07/2024,8245,481,1703,3618,0,2585,0
02/07/2024,6045,446,1289,2817,0,2100,0
03/07/2024,9660,613,1070,2208,0,1790,0
03/07/2024,5558,307,2119,2384,0,2451,0
03/07/2024,8113,468,2354,3966,0,1338,0
03/07/2024,5262,418,1484,1537,0,1094,0
03/07/2024,5666,347,3633,2102,0,2373,0
03/07/2024,7351,568,1572,1648,0,1979,0
03/07/2024,6228,668,3984,1262,0,1283,0
03/07/2024,7273,412,1921,1392,0,2669,0
03/07/2024,7198,611,2966,3490,0,2248,0
03/07/2024,7882,511,2232,3117,0,1351,0
03/07/2024,7486,637,3883,2053,0,1475,0
03/07/2024,8095,374,2362,2245,0,1799,0
03/07/2024,7802,652,1593,3212,0,2887,0
04/07/2024,9692,563,1296,1803,0,2274,0
04/07/2024,8152,400,1478,3185,0,2936,0
04/07/2024,6647,393,2623,3803,0,2872,0
04/07/2024,8163,460,1636,2052,0,2043,0
04/07/2024,9913,533,2080,3474,0,1150,0
04/07/2024,8584,544,3117,2902,0,1274,0
04/07/2024,9260,665,2903,3686,0,1500,0
04/07/2024,8042,498,1706,2983,0,1545,0
04/07/2024,7237,447,1123,1263,0,1841,0
04/07/2024,9379,328,2161,1446,0,1561,0
04/07/2024,9075,435,1176,1169,0,1866,0
04/07/2024,6782,430,3330,3607,0,1451,0
04/07/2024,9623,485,3183,3553,0,2130,0
05/07/2024,7670,372,2677,2412,0,1928,0
05/07/2024,8212,420,3124,1272,0,2268,0
05/07/2024,7079,633,2588,1280,0,2495,0
05/07/2024,7720,403,3245,2749,0,2389,0
05/07/2024,8966,393,1911,2949,0,2293,0
05/07/2024,8113,551,1407,3985,0,2074,0
05/07/2024,6355,425,1204,1945,0,1288,0
05/07/2024,5298,412,1914,2662,0,2046,0
05/07/2024,6489,504,1166,2395,0,2660,0
05/07/2024,7729,516,1320,3817,0,2142,0
05/07/2024,8563,496,2987,3159,0,2192,0
05/07/2024,8192,372,3696,1220,0,1559,0
05/07/2024,7385,486,3179,3758,0,2335,0
06/07/2024,6666,580,1235,1507,0,1518,0
06/07/2024,6821,625,1813,2898,0,1279,0
06/07/2024,5870,636,3975,3394,0,2486,0
06/07/2024,8484,665,1769,2927,0,2756,0
06/07/2024,8515,462,2346,1476,0,2483,0
06/07/2024,7996,517,1678,2330,0,1488,0
06/07/2024,7853,659,2669,1173,0,1068,0
06/07/2024,6545,408,2861,1791,0,2387,0
06/07/2024,8103,517,2389,1360,0,1143,0
06/07/2024,6449,613,1166,3522,0,1673,0
06/07/2024,8533,658,1431,1379,0,1352,0
06/07/2024,5227,424,2544,3469,0,1291,0
06/07/2024,9654,303,2132,2850,0,2617,0
07/07/2024,8985,561,2600,1055,0,1764,0
07/07/2024,7579,659,2462,2100,0,1172,0
07/07/2024,6812,516,3842,2906,0,1882,0
07/07/2024,8918,594,1684,3645,0,2724,0
07/07/2024,5923,457,2638,1937,0,1694,0
07/07/2024,7489,418,2698,1561,0,1922,0
07/07/2024,7978,621,3789,3688,0,2367,0
07/07/2024,9974,405,3452,1315,0,2481,0
07/07/2024,6433,336,3251,1343,0,1434,0
07/07/2024,5503,697,3839,1577,0,1505,0
07/07/2024,7450,426,2530,1868,0,1137,0
07/07/2024,6180,588,1597,3166,0,2430,0
07/07/2024,5610,471,1379,1024,0,2099,0
08/07/2024,9092,488,3233,3103,0,2574,0
08/07/2024,7068,598,3328,3042,0,2818,0
08/07/2024,8910,439,2059,2704,0,1366,0
08/07/2024,5303,597,3278,2795,0,2043,0
08/07/2024,6501,302,2912,1722,0,2372,0
08/07/2024,5208,527,1887,1824,0,1107,0
08/07/2024,7237,581,1418,2911,0,1847,0
08/07/2024,6189,351,1607,3196,0,2183,0
08/07/2024,8727,313,3243,3953,0,2762,0
08/07/2024,6127,583,1614,3168,0,1603,0
08/07/2024,5494,638,1926,2833,0,2934,0
08/07/2024,7735,453,3620,1855,0,2991,0
08/07/2024,6607,677,1246,2523,0,1842,0
09/07/2024,6043,490,3036,1737,0,1560,0
09/07/2024,6543,525,3445,1660,0,1691,0
09/07/2024,7290,493,3913,3295,0,1092,0
09/07/2024,6355,337,3805,2133,0,1248,0
09/07/2024,7542,519,3582,2185,0,2512,0
09/07/2024,8884,564,2196,2857,0,2119,0
09/07/2024,7784,653,1845,2479,0,2199,0
09/07/2024,7456,382,1616,3117,0,1782,0
09/07/2024,5253,576,3477,3531,0,1129,0
09/07/2024,7200,361,3554,3475,0,2885,0
09/07/2024,5191,664,3949,1817,0,2805,0
09/07/2024,9337,509,3545,3277,0,1973,0
09/07/2024,8043,354,3641,2650,0,1188,0
10/07/2024,5561,654,1422,1871,0,2709,0
10/07/2024,8329,613,3833,1465,0,1625,0
10/07/2024,5128,699,2257,2011,0,1531,0
10/07/2024,9430,350,2439,2970,0,1226,0
10/07/2024,8113,686,2646,3961,0,2462,0
10/07/2024,8965,339,2526,3127,0,1706,0
10/07/2024,8589,329,2922,3367,0,1210,0
10/07/2024,6408,439,3479,2643,0,1776,0
10/07/2024,9582,404,3578,1375,0,1706,0
10/07/2024,6137,480,2475,2512,0,2209,0
10/07/2024,6045,431,3914,3950,0,2334,0
10/07/2024,7447,689,3612,3377,0,1566,0
10/07/2024,8095,700,2481,1618,0,1834,0
10/07/2024,5954,651,1492,2132,0,1097,0
11/07/2024,8204,629,2149,3279,0,2253,0
11/07/2024,8409,458,2033,2880,0,1896,0
11/07/2024,9631,380,3774,3110,0,1048,0
11/07/2024,7499,540,3334,3126,0,1999,0
11/07/2024,7296,564,2083,1874,0,1218,0
11/07/2024,6459,597,2218,1115,0,2310,0
11/07/2024,6079,533,3088,3715,0,2376,0
11/07/2024,5216,578,1507,2470,0,2198,0
11/07/2024,9337,373,1362,3653,0,2830,0
11/07/2024,7175,323,1443,3549,0,2967,0
11/07/2024,6432,585,1534,3690,0,2484,0
11/07/2024,6990,300,1709,3526,0,2985,0
11/07/2024,9795,333,3356,1010,0,2646,0
11/07/2024,8822,626,1327,1118,0,1251,0
12/07/2024,5062,314,3008,1355,0,1346,0
12/07/2024,8178,505,2389,3186,0,1875,0
12/07/2024,8656,527,2982,2684,0,1271,0
12/07/2024,5805,487,2576,2364,0,1521,0
12/07/2024,7211,353,2220,1803,0,2043,0
12/07/2024,9403,353,3635,1963,0,1316,0
12/07/2024,8043,557,2583,1243,0,1408,0
12/07/2024,6707,494,2488,3556,0,2674,0
12/07/2024,9446,383,1871,2119,0,1290,0
12/07/2024,5600,398,1068,2655,0,1564,0
12/07/2024,5452,652,2265,3320,0,1546,0
12/07/2024,7719,653,2413,1295,0,2646,0
12/07/2024,8797,484,3602,1569,0,1322,0
12/07/2024,8384,331,2086,1232,0,1944,0
13/07/2024,5636,381,3560,3490,0,1012,0
13/07/2024,7439,377,3240,1624,0,1178,0
13/07/2024,9890,563,3984,1039,0,2439,0
13/07/2024,7335,499,3363,1353,0,2821,0
13/07/2024,8157,638,3849,1260,0,1530,0
13/07/2024,8703,328,2167,1265,0,2921,0
13/07/2024,9901,463,3244,2231,0,2498,0
13/07/2024,7785,684,2297,1434,0,1584,0
13/07/2024,8823,666,3183,3025,0,1681,0
13/07/2024,7645,425,3533,1772,0,1640,0
13/07/2024,5217,349,3225,3458,0,1679,0
13/07/2024,7773,353,1654,3273,0,1646,0
13/07/2024,6874,359,3936,2425,0,1281,0
13/07/2024,7499,373,2038,3612,0,1101,0
14/07/2024,5904,417,2297,1180,0,1215,0
14/07/2024,6802,482,3823,3255,0,2849,0
14/07/2024,5212,420,1461,1630,0,1435,0
14/07/2024,6183,507,1618,3530,0,1950,0
14/07/2024,9897,361,3975,1720,0,1583,0
14/07/2024,5261,344,1796,2467,0,2493,0
14/07/2024,7000,416,1698,1669,0,1118,0
14/07/2024,9192,316,3301,1741,0,2540,0
14/07/2024,7778,335,2752,2422,0,1662,0
14/07/2024,5912,482,3583,3221,0,1665,0
14/07/2024,9903,523,2531,2040,0,2958,0
14/07/2024,9050,610,2270,3910,0,2418,0
14/07/2024,6384,372,2602,3770,0,2077,0
14/07/2024,6313,322,2377,1868,0,2519,0
15/07/2024,5230,559,1225,1606,0,2220,0
15/07/2024,5726,376,2902,2064,0,2224,0
15/07/2024,5487,474,3803,1356,0,2977,0
15/07/2024,7045,465,2927,2350,0,1315,0
15/07/2024,8988,546,1718,1555,0,2927,0
15/07/2024,6201,686,2244,3611,0,1113,0
15/07/2024,7071,418,1993,3255,0,1429,0
15/07/2024,9492,302,1123,1676,0,1827,0
15/07/2024,7801,365,2254,1910,0,1691,0
15/07/2024,9035,417,1339,2630,0,1735,0
15/07/2024,7470,505,3742,1690,0,2049,0
15/07/2024,6727,484,3061,2192,0,1323,0
15/07/2024,9194,311,2248,3175,0,2892,0
15/07/2024,9143,365,2798,1489,0,1889,0
15/07/2024,6316,499,3032,1594,0,2309,0
16/07/2024,9191,333,2643,2430,0,2905,0
16/07/2024,8158,686,1486,3141,0,2848,0
16/07/2024,6245,633,1166,1289,0,1135,0
16/07/2024,9242,585,3714,2176,0,2055,0
16/07/2024,9066,406,2990,1934,0,2536,0
16/07/2024,6485,503,3435,2484,0,1684,0
16/07/2024,8739,563,1705,1517,0,2046,0
16/07/2024,7699,469,2770,3005,0,2001,0
16/07/2024,8255,441,1600,1154,0,2127,0
16/07/2024,7045,670,2919,3898,0,1726,0
16/07/2024,6450,598,1970,3194,0,2269,0
16/07/2024,6433,412,1194,2576,0,2713,0
16/07/2024,6557,527,2467,2602,0,1711,0
16/07/2024,8507,389,3402,2416,0,1311,0
16/07/2024,8689,616,1101,1069,0,2866,0
17/07/2024,9333,581,3167,3201,0,2414,0
17/07/2024,7523,597,3472,2086,0,1825,0
17/07/2024,6816,334,3849,3804,0,1398,0
17/07/2024,5277,619,3855,2930,0,1788,0
17/07/2024,9473,365,1353,1844,0,1709,0
17/07/2024,7816,509,3328,1614,0,2178,0
17/07/2024,5719,560,3234,3326,0,2878,0
17/07/2024,9382,388,3521,1092,0,2251,0
17/07/2024,9320,523,3235,3437,0,2186,0
17/07/2024,7297,411,3201,2552,0,1658,0
17/07/2024,7689,574,3024,3242,0,1307,0
17/07/2024,5446,598,2389,2647,0,1072,0
17/07/2024,6762,318,2839,3372,0,1453,0
17/07/2024,9374,388,3309,2525,0,1027,0
17/07/2024,9838,543,2539,1988,0,1884,0
18/07/2024,5775,551,2927,1707,0,1119,0
18/07/2024,9081,647,2547,1015,0,2039,0
18/07/2024,5358,657,1336,2364,0,1577,0
18/07/2024,7833,646,1180,3975,0,1584,0
18/07/2024,5292,444,1297,1550,0,1527,0
18/07/2024,5747,398,1905,2741,0,1440,0
18/07/2024,7122,552,3463,3615,0,2855,0
18/07/2024,8789,378,3859,1776,0,1076,0
18/07/2024,7241,640,2026,1550,0,1336,0
18/07/2024,5696,487,2723,1773,0,1311,0
18/07/2024,5935,433,1508,1635,0,2344,0
18/07/2024,7031,560,1582,1964,0,1266,0
18/07/2024,6554,337,1338,3127,0,2032,0
18/07/2024,5050,497,3628,1836,0,2730,0
18/07/2024,9395,662,2458,3324,0,1310,0
19/07/2024,9003,530,1929,1319,0,2268,0
19/07/2024,8166,471,1553,2703,0,2659,0
19/07/2024,9871,664,1731,2239,0,1032,0
19/07/2024,6457,580,3772,1707,0,2190,0
19/07/2024,9539,548,2058,1485,0,1636,0
19/07/2024,9070,306,3050,2555,0,2524,0
19/07/2024,7290,684,1192,3160,0,2434,0
19/07/2024,7196,688,1158,2950,0,2196,0
19/07/2024,8459,602,3684,3572,0,2825,0
19/07/2024,6885,635,1807,2517,0,2727,0
19/07/2024,8071,645,2374,3462,0,2890,0
19/07/2024,9663,462,1895,3333,0,2538,0
19/07/2024,6296,620,1820,2700,0,1892,0
19/07/2024,8476,387,1860,2912,0,2526,0
19/07/2024,9162,659,1746,1770,0,2710,0
20/07/2024,5414,668,3941,3057,0,1585,0
20/07/2024,5631,313,1538,2516,0,2890,0
20/07/2024,9018,645,1323,2133,0,1859,0
20/07/2024,6370,306,3564,1093,0,2033,0
20/07/2024,9864,392,3594,1324,0,2328,0
20/07/2024,8921,668,2821,2773,0,2689,0
20/07/2024,7541,686,2578,3482,0,1502,0
20/07/2024,5860,424,1915,1041,0,1357,0
20/07/2024,7903,336,3969,1889,0,1419,0
20/07/2024,6627,619,1013,1673,0,2123,0
20/07/2024,9358,571,2696,1522,0,2870,0
20/07/2024,9459,423,2994,3371,0,2233,0
20/07/2024,8238,373,2255,2898,0,1332,0
20/07/2024,7484,320,3037,1145,0,2993,0
20/07/2024,6851,411,2588,3140,0,2020,0
21/07/2024,6816,492,1768,1819,0,1750,0
21/07/2024,8937,414,1360,2947,0,2032,0
21/07/2024,5169,349,3909,2345,0,2805,0
21/07/2024,5729,652,3773,1590,0,1202,0
21/07/2024,7457,319,3250,3077,0,1833,0
21/07/2024,8748,303,3117,2858,0,2001,0
21/07/2024,6801,521,1417,1380,0,2039,0
21/07/2024,6472,637,2182,3603,0,2978,0
21/07/2024,9743,434,3736,3648,0,2018,0
21/07/2024,8638,381,1062,1447,0,2919,0
21/07/2024,8350,612,3955,1183,0,2184,0
21/07/2024,7689,303,3664,1822,0,2849,0
21/07/2024,7920,407,1558,1329,0,2892,0
21/07/2024,6472,665,1695,1692,0,2319,0
22/07/2024,9613,483,2068,3429,0,1786,0
22/07/2024,5360,651,2322,1954,0,2846,0
22/07/2024,6704,368,2828,3190,0,2577,0
22/07/2024,6330,578,2553,2079,0,2151,0
22/07/2024,7239,358,1079,3668,0,1363,0
22/07/2024,5332,507,1959,1357,0,1504,0
22/07/2024,7191,466,1020,3709,0,2789,0
22/07/2024,5065,578,3115,1729,0,2205,0
22/07/2024,5620,470,3027,1912,0,1899,0
22/07/2024,9255,401,1536,3843,0,2294,0
22/07/2024,6982,542,1055,2947,0,2656,0
22/07/2024,5550,570,2510,1439,0,2226,0
22/07/2024,6112,496,2010,3963,0,1855,0
22/07/2024,7707,524,3323,3066,0,1762,0
22/07/2024,6056,676,3228,1605,0,1532,0
23/07/2024,6547,682,2406,1552,0,1545,0
23/07/2024,7569,323,2199,1809,0,2818,0
23/07/2024,6918,428,1040,1407,0,1576,0
23/07/2024,9392,528,2623,3800,0,2294,0
23/07/2024,8111,472,1648,1930,0,1098,0
23/07/2024,5733,315,2569,2684,0,1306,0
23/07/2024,7129,504,1599,2847,0,2658,0
23/07/2024,9268,540,2925,3761,0,2204,0
23/07/2024,5580,483,2687,3579,0,1645,0
23/07/2024,5821,687,2844,3812,0,1038,0
23/07/2024,6420,676,3425,1965,0,2971,0
23/07/2024,5900,690,2884,1736,0,2826,0
23/07/2024,6039,425,2307,2725,0,1808,0
23/07/2024,5563,321,1530,2269,0,2975,0
23/07/2024,6916,429,3969,3140,0,2016,0
24/07/2024,7312,700,3673,3447,0,2214,0
24/07/2024,5838,416,2632,2665,0,2337,0
24/07/2024,6969,516,3576,1295,0,2086,0
24/07/2024,5256,644,2113,1920,0,1196,0
24/07/2024,7482,343,1414,3022,0,2928,0
24/07/2024,9366,547,2967,3627,0,2233,0
24/07/2024,6268,474,1416,3200,0,1235,0
24/07/2024,6313,324,3606,3259,0,1392,0
24/07/2024,8467,636,1407,3405,0,1984,0
24/07/2024,6771,528,1731,1594,0,2545,0
24/07/2024,7904,585,3715,1354,0,1617,0
24/07/2024,6512,357,2336,3179,0,1574,0
24/07/2024,8206,595,2741,2725,0,2360,0
24/07/2024,8915,619,3137,1298,0,2063,0
24/07/2024,8325,423,1016,1653,0,2705,0
25/07/2024,8279,424,1599,1964,0,2616,0
25/07/2024,7234,372,2622,2444,0,2746,0
25/07/2024,7907,460,2181,2660,0,2697,0
25/07/2024,8012,560,2476,1393,0,1748,0
25/07/2024,9579,480,1026,3629,0,1620,0
25/07/2024,6123,541,3028,1236,0,2323,0
25/07/2024,6048,652,2794,3117,0,1672,0
25/07/2024,7927,600,1584,2831,0,2169,0
25/07/2024,8544,624,2412,2010,0,1614,0
25/07/2024,9326,583,3133,3926,0,3000,0
25/07/2024,7824,648,2918,3153,0,1182,0
25/07/2024,7983,441,2392,1597,0,2090,0
25/07/2024,6862,505,1232,1976,0,2967,0
25/07/2024,9460,393,3122,1990,0,1459,0
25/07/2024,7439,670,2308,1430,0,2452,0
26/07/2024,7486,643,1861,3112,0,2701,0
26/07/2024,8589,641,3081,1310,0,1954,0
26/07/2024,8509,376,3449,1765,0,2817,0
26/07/2024,5353,583,2368,3252,0,1937,0
26/07/2024,6033,690,2010,3757,0,1354,0
26/07/2024,6055,597,1340,3060,0,2161,0
26/07/2024,8864,596,1292,3262,0,1405,0
26/07/2024,7808,447,3384,3853,0,1154,0
26/07/2024,5894,659,1482,1763,0,2347,0
26/07/2024,6743,383,3624,3163,0,2827,0
26/07/2024,6376,396,2898,3106,0,2464,0
26/07/2024,6148,653,1791,3398,0,2593,0
26/07/2024,6631,370,1117,3966,0,2019,0
26/07/2024,9758,348,1581,3561,0,2167,0
27/07/2024,8887,563,2113,3438,0,2032,0
27/07/2024,5329,566,2250,3755,0,2657,0
27/07/2024,7982,365,2344,3343,0,2414,0
27/07/2024,6141,461,1139,1808,0,1673,0
27/07/2024,5638,420,2955,2596,0,1998,0
27/07/2024,9636,542,2531,1650,0,1995,0
27/07/2024,7084,490,3559,1778,0,2488,0
27/07/2024,9212,606,2283,3005,0,2404,0
27/07/2024,8365,681,1225,3975,0,2628,0
27/07/2024,5552,388,3461,1973,0,1196,0
27/07/2024,5912,544,1010,3249,0,1941,0
27/07/2024,8726,604,3615,1424,0,1166,0
27/07/2024,8507,486,2402,3327,0,2029,0
27/07/2024,9850,563,2757,1628,0,2959,0
28/07/2024,7047,620,1008,2218,0,2946,0
28/07/2024,5067,508,1366,3754,0,1351,0
28/07/2024,9769,423,2233,3208,0,2050,0
28/07/2024,5374,697,3771,3913,0,2275,0
28/07/2024,8515,640,3163,1784,0,1409,0
28/07/2024,6980,658,2011,3248,0,1985,0
28/07/2024,7478,339,3842,1129,0,2323,0
28/07/2024,6093,340,3794,2761,0,1890,0
28/07/2024,7466,302,3319,1723,0,1797,0
28/07/2024,7307,537,2231,3874,0,2260,0
28/07/2024,7113,333,1840,2599,0,2659,0
28/07/2024,7462,471,2674,2625,0,1816,0
28/07/2024,8366,637,2657,2884,0,2193,0
29/07/2024,8241,558,1287,1191,0,1746,0
29/07/2024,9413,432,1426,2394,0,2058,0
29/07/2024,7749,417,1692,1488,0,2740,0
29/07/2024,9746,607,2586,1408,0,1264,0
29/07/2024,9247,513,3993,2922,0,1483,0
29/07/2024,8468,319,2281,2407,0,1223,0
29/07/2024,8501,699,3155,3185,0,2965,0
29/07/2024,6528,655,2367,1827,0,1509,0
29/07/2024,6951,384,1083,2170,0,1342,0
29/07/2024,9940,479,2783,3863,0,1941,0
29/07/2024,8035,682,2078,3388,0,1022,0
29/07/2024,7608,520,2769,1102,0,2513,0
29/07/2024,9284,634,2104,2972,0,2385,0
29/07/2024,9486,301,3308,2411,0,1536,0
29/07/2024,5928,435,3555,1455,0,2317,0
30/07/2024,6720,371,1447,1165,0,2259,0
30/07/2024,6500,638,1778,1242,0,2753,0
30/07/2024,5266,438,1419,2934,0,2234,0
30/07/2024,8144,638,2777,2394,0,2840,0
30/07/2024,6120,484,2774,3180,0,1916,0
30/07/2024,5506,608,2718,3057,0,2751,0
30/07/2024,5392,564,3740,1197,0,2624,0
30/07/2024,9271,491,1369,2724,0,1459,0
30/07/2024,7557,481,2372,3877,0,2278,0
30/07/2024,8258,648,3050,1641,0,1295,0
30/07/2024,6292,305,3951,1537,0,2638,0
30/07/2024,9693,688,2753,2078,0,1309,0
30/07/2024,7563,496,2718,1375,0,2512,0
30/07/2024,9639,654,1272,3761,0,1921,0
30/07/2024,6137,306,3447,2235,0,1214,0
31/07/2024,8520,418,1267,3093,0,2573,0
31/07/2024,8506,618,1227,3220,0,2278,0
31/07/2024,6494,384,1677,2179,0,1620,0
31/07/2024,8668,388,2615,1349,0,2468,0
31/07/2024,8229,603,3500,1305,0,1574,0
31/07/2024,6917,670,1832,1227,0,2461,0
31/07/2024,5536,572,2086,3315,0,1243,0
31/07/2024,8606,619,1886,1492,0,1175,0
31/07/2024,8300,687,2945,1136,0,1957,0
31/07/2024,9836,656,1001,2941,0,1247,0
31/07/2024,5791,620,2360,2175,0,2685,0
31/07/2024,5047,425,3355,1697,0,2905,0
31/07/2024,8583,494,2204,1388,0,2170,0
31/07/2024,9835,323,3943,1284,0,1786,0
01/08/2024,9629,425,2837,1479,0,2960,0
01/08/2024,7123,429,2578,2206,0,2803,0
01/08/2024,6456,544,1456,1439,0,1195,0
01/08/2024,8451,491,2708,1278,0,1993,0
01/08/2024,5790,466,1460,1541,0,2796,0
01/08/2024,9840,643,3667,2440,0,2245,0
01/08/2024,8628,468,3555,2632,0,2611,0
01/08/2024,6923,374,1892,1834,0,1894,0
01/08/2024,7465,668,1112,3468,0,2263,0
01/08/2024,6165,689,2925,3629,0,1728,0
01/08/2024,8134,306,1332,1351,0,1242,0
01/08/2024,7069,648,3740,1003,0,2940,0
01/08/2024,6389,610,1656,2741,0,2434,0
01/08/2024,7893,421,3570,1782,0,1350,0
01/08/2024,6698,699,1370,3338,0,2003,0
02/08/2024,7903,320,3977,3487,0,2103,0
02/08/2024,8064,405,1494,2541,0,2516,0
02/08/2024,9684,584,2529,3353,0,1810,0
02/08/2024,8589,355,1222,3443,0,2217,0
02/08/2024,7268,590,1029,2666,0,1464,0
02/08/2024,7464,497,3061,3827,0,2398,0
02/08/2024,6136,416,3282,2245,0,1698,0
02/08/2024,6978,322,3648,3053,0,1777,0
02/08/2024,7916,307,1986,1267,0,1041,0
02/08/2024,9419,602,2725,1444,0,2200,0
02/08/2024,9180,636,3422,3425,0,2342,0
02/08/2024,5590,626,3374,2458,0,1298,0
02/08/2024,6573,421,2846,1669,0,1398,0
02/08/2024,5477,651,3254,3183,0,2110,0
02/08/2024,7253,618,1363,3587,0,2365,0
03/08/2024,9275,369,3121,2591,0,2288,0
03/08/2024,7424,664,1130,2895,0,2691,0
03/08/2024,7532,625,3511,1334,0,2107,0
03/08/2024,7233,346,2453,2961,0,1678,0
03/08/2024,8720,484,3508,2616,0,1199,0
03/08/2024,7841,675,3683,3547,0,2677,0
03/08/2024,7017,466,2667,2738,0,2161,0
03/08/2024,7636,392,1221,2677,0,2107,0
03/08/2024,9370,488,3152,1436,0,2738,0
03/08/2024,7720,543,2446,3056,0,2368,0
03/08/2024,5210,495,1997,1347,0,1119,0
03/08/2024,8071,462,1890,2914,0,2352,0
03/08/2024,6801,693,2813,2537,0,1139,0
03/08/2024,8550,308,2284,2735,0,2349,0
04/08/2024,8573,537,1295,2874,0,2980,0
04/08/2024,5568,452,1974,3758,0,2587,0
04/08/2024,8630,613,2411,1264,0,1592,0
04/08/2024,8608,440,1286,1905,0,2714,0
04/08/2024,7033,592,2781,2387,0,2117,0
04/08/2024,5923,394,3240,1182,0,2215,0
04/08/2024,6299,426,3937,1535,0,1356,0
04/08/2024,9529,621,2363,2314,0,2158,0
04/08/2024,8462,373,1031,3947,0,1135,0
04/08/2024,6040,572,3457,2546,0,2931,0
04/08/2024,9499,537,3675,3361,0,2280,0
04/08/2024,5485,578,1778,1213,0,1163,0
04/08/2024,6309,491,1349,1445,0,2676,0
05/08/2024,9655,361,1504,3281,0,1002,0
05/08/2024,6726,580,2644,3825,0,2386,0
05/08/2024,9556,562,2069,2133,0,1478,0
05/08/2024,8827,576,1024,2465,0,3000,0
05/08/2024,5947,473,3595,1904,0,2584,0
05/08/2024,8657,668,1590,2421,0,1680,0
05/08/2024,8744,458,2158,3984,0,1936,0
05/08/2024,5024,562,3285,3189,0,2938,0
05/08/2024,9981,581,3692,1279,0,1431,0
05/08/2024,5707,415,2956,1766,0,1643,0
05/08/2024,6252,511,3343,2447,0,2681,0
05/08/2024,6474,440,2527,1233,0,2242,0
05/08/2024,7457,324,1751,3740,0,1735,0
05/08/2024,8933,360,1752,2800,0,1722,0
06/08/2024,5887,395,1564,2931,0,2301,0
06/08/2024,8414,636,1635,3428,0,1000,0
06/08/2024,5086,668,2016,1705,0,1124,0
06/08/2024,5360,515,3519,2389,0,1151,0
06/08/2024,6619,452,3591,2611,0,1051,0
06/08/2024,9325,568,1089,1234,0,2905,0
06/08/2024,9563,385,2038,1050,0,2647,0
06/08/2024,7909,680,1770,1655,0,1194,0
06/08/2024,7238,480,2989,2527,0,1205,0
06/08/2024,7277,597,2223,1442,0,1853,0
06/08/2024,5829,374,3323,1476,0,2427,0
06/08/2024,7977,381,3889,1155,0,2601,0
06/08/2024,8888,537,2406,3591,0,2036,0
06/08/2024,7328,431,2527,3048,0,2293,0
07/08/2024,6209,604,2154,1888,0,2668,0
07/08/2024,5849,477,2463,1131,0,2393,0
07/08/2024,8850,677,3079,1916,0,2459,0
07/08/2024,9260,338,2291,3791,0,2333,0
07/08/2024,7680,433,2426,3357,0,2591,0
07/08/2024,8673,366,1450,2579,0,1847,0
07/08/2024,8389,528,1972,3627,0,1547,0
07/08/2024,6002,518,1882,1181,0,2173,0
07/08/2024,8983,636,1233,3177,0,2829,0
07/08/2024,5506,497,3414,2302,0,2066,0
07/08/2024,5934,652,2312,3479,0,1313,0
07/08/2024,7547,562,1921,3052,0,1680,0
07/08/2024,8549,491,2268,3474,0,2199,0
07/08/2024,7333,487,3129,3016,0,2218,0
08/08/2024,9124,601,1616,3419,0,1802,0
08/08/2024,9781,345,1054,1071,0,1914,0
08/08/2024,5708,439,2984,3906,0,2463,0
08/08/2024,8247,388,3039,3628,0,2222,0
08/08/2024,5616,524,2408,2947,0,2708,0
08/08/2024,8199,387,1687,3971,0,2011,0
08/08/2024,7452,697,2056,2059,0,1255,0
08/08/2024,9594,624,1332,3311,0,1063,0
08/08/2024,9443,694,3414,1388,0,2627,0
08/08/2024,9894,481,2810,3675,0,2683,0
08/08/2024,6078,484,1823,3185,0,1659,0
08/08/2024,5857,557,3160,3367,0,1035,0
08/08/2024,9422,530,3631,1367,0,1474,0
08/08/2024,9294,415,2995,2414,0,1321,0
09/08/2024,8649,607,1397,3092,0,1780,0
09/08/2024,5304,346,3334,2127,0,2618,0
09/08/2024,8258,484,2137,1562,0,1331,0
09/08/2024,7708,612,3429,2807,0,1815,0
09/08/2024,6443,481,1290,2821,0,1444,0
09/08/2024,8888,380,3045,2265,0,1292,0
09/08/2024,7431,635,1556,2774,0,2733,0
09/08/2024,7570,526,3879,2456,0,1325,0
09/08/2024,9068,510,1597,2333,0,1756,0
09/08/2024,7753,584,1773,3993,0,2012,0
09/08/2024,9032,449,2040,1347,0,2982,0
09/08/2024,5407,474,1218,1457,0,1408,0
09/08/2024,6772,657,3421,1125,0,2886,0
09/08/2024,8235,521,2713,3811,0,2866,0
10/08/2024,8307,683,3296,1942,0,2429,0
10/08/2024,9231,523,1071,2912,0,1959,0
10/08/2024,7859,423,1380,3192,0,1002,0
10/08/2024,7092,423,1076,1695,0,2132,0
10/08/2024,6499,595,2543,1447,0,2369,0
10/08/2024,9172,397,3137,3910,0,2788,0
10/08/2024,5307,636,2753,3430,0,1913,0
10/08/2024,5195,637,3806,1731,0,1925,0
10/08/2024,7262,681,2385,2053,0,2749,0
10/08/2024,7219,547,2961,1931,0,2443,0
10/08/2024,7204,430,3558,3655,0,2083,0
10/08/2024,6763,512,2978,3585,0,2120,0
10/08/2024,9998,415,3776,1142,0,1660,0
10/08/2024,9961,651,1380,3741,0,2231,0
11/08/2024,5282,558,3980,1045,0,1233,0
11/08/2024,5468,418,2715,2843,0,2324,0
11/08/2024,8873,581,1661,2275,0,2969,0
11/08/2024,5724,331,2862,3123,0,2491,0
11/08/2024,5289,651,1266,3742,0,1419,0
11/08/2024,5996,428,3847,1329,0,2955,0
11/08/2024,8239,649,2866,3589,0,2999,0
11/08/2024,6637,322,3111,1843,0,1009,0
11/08/2024,9384,303,1426,2750,0,1729,0
11/08/2024,6303,644,3989,2831,0,2566,0
11/08/2024,8334,505,1708,1733,0,1072,0
11/08/2024,9357,617,2011,1085,0,1138,0
11/08/2024,9900,674,1020,3236,0,2088,0
12/08/2024,6214,338,3786,2668,0,1728,0
12/08/2024,6490,445,2891,2286,0,1111,0
12/08/2024,9873,662,3694,1658,0,2945,0
12/08/2024,7431,469,3168,2929,0,2702,0
12/08/2024,7910,556,2613,3150,0,1737,0
12/08/2024,8479,401,2213,2340,0,2891,0
12/08/2024,9996,329,3221,2435,0,1249,0
12/08/2024,7326,423,3286,1211,0,1763,0
12/08/2024,9922,645,1613,3651,0,2140,0
12/08/2024,8368,677,1103,3020,0,2173,0
12/08/2024,5918,622,3175,2773,0,2641,0
12/08/2024,9165,650,1231,2896,0,2051,0
12/08/2024,7540,627,3894,2472,0,1458,0
12/08/2024,9553,661,2500,3845,0,2035,0
12/08/2024,6979,453,3553,2509,0,1974,0
13/08/2024,7550,645,1975,1356,0,1052,0
13/08/2024,6471,344,2503,1687,0,1140,0
13/08/2024,6594,341,3674,2103,0,2222,0
13/08/2024,8286,660,3238,2264,0,1475,0
13/08/2024,9119,405,3240,3989,0,1732,0
13/08/2024,5087,430,1921,3707,0,1621,0
13/08/2024,8368,456,2802,3331,0,2010,0
13/08/2024,9753,544,1953,3839,0,1028,0
13/08/2024,6893,576,1893,3365,0,2344,0
13/08/2024,7228,370,2252,2452,0,2493,0
13/08/2024,8040,431,3657,1594,0,1340,0
13/08/2024,9790,585,3300,1359,0,1948,0
13/08/2024,6909,488,2430,3921,0,2566,0
13/08/2024,9611,430,1302,2604,0,1890,0
13/08/2024,8747,386,2661,2421,0,2690,0
14/08/2024,8176,480,3296,3869,0,2495,0
14/08/2024,5583,411,2930,1298,0,2266,0
14/08/2024,7460,534,1413,1315,0,1512,0
14/08/2024,8357,566,2238,2456,0,2241,0
14/08/2024,8632,461,3408,2032,0,1998,0
14/08/2024,6308,642,1682,3007,0,1204,0
14/08/2024,9256,394,3153,1323,0,1433,0
14/08/2024,5439,570,2471,2300,0,1682,0
14/08/2024,7746,619,3900,1737,0,1631,0
14/08/2024,7597,693,3003,1060,0,2270,0
14/08/2024,7191,374,1491,1149,0,1593,0
14/08/2024,6151,331,2706,1546,0,1420,0
14/08/2024,6765,674,1909,3839,0,2357,0
14/08/2024,8820,411,2766,1612,0,1619,0
14/08/2024,8802,662,1149,3386,0,2182,0
15/08/2024,9883,432,2977,3697,0,2395,0
15/08/2024,9463,551,1706,3731,0,1656,0
15/08/2024,9535,507,1744,2068,0,1429,0
15/08/2024,7387,375,2189,2719,0,2646,0
15/08/2024,9960,547,1103,3138,0,1087,0
15/08/2024,8044,498,3586,1932,0,1521,0
15/08/2024,9251,483,3736,1871,0,2413,0
15/08/2024,6406,401,1570,3728,0,1600,0
15/08/2024,6702,422,3798,1366,0,2703,0
15/08/2024,8127,665,1264,2453,0,2324,0
15/08/2024,6751,327,3419,2566,0,2013,0
15/08/2024,9067,309,3781,3066,0,1839,0
15/08/2024,8318,616,3213,3692,0,1792,0
15/08/2024,9129,609,3824,3150,0,1930,0
15/08/2024,8307,600,3796,2357,0,2458,0
16/08/2024,5838,498,2702,1571,0,1698,0
16/08/2024,9115,609,2482,2630,0,1395,0
16/08/2024,5721,417,3717,2197,0,2863,0
16/08/2024,9530,459,2337,2378,0,1434,0
16/08/2024,8274,646,2271,2797,0,1389,0
16/08/2024,5865,476,3065,2889,0,1586,0
16/08/2024,5507,543,3873,3861,0,1821,0
16/08/2024,9466,564,3980,2129,0,2568,0
16/08/2024,5130,489,1191,2747,0,1952,0
16/08/2024,6588,396,1727,3146,0,2470,0
16/08/2024,6936,396,2231,2292,0,2573,0
16/08/2024,8222,399,2121,3461,0,1163,0
16/08/2024,9245,685,3696,2980,0,1837,0
16/08/2024,5286,660,3544,1170,0,2997,0
17/08/2024,8412,435,1962,2703,0,1993,0
17/08/2024,5784,460,2954,2843,0,1791,0
17/08/2024,9650,456,2691,1368,0,2746,0
17/08/2024,8023,629,2773,3168,0,2693,0
17/08/2024,7107,538,1392,2784,0,2163,0
17/08/2024,6875,601,2812,2170,0,2711,0
17/08/2024,6432,392,3527,2011,0,2367,0
17/08/2024,8883,455,2413,1451,0,2156,0
17/08/2024,6871,407,2808,2213,0,2208,0
17/08/2024,7802,467,3575,1132,0,2301,0
17/08/2024,9977,479,3892,1871,0,2119,0
17/08/2024,9366,515,3911,3009,0,1246,0
17/08/2024,6455,428,1484,2536,0,1191,0
17/08/2024,5202,411,1977,3598,0,1144,0
18/08/2024,7771,538,1815,2472,0,1117,0
18/08/2024,8528,670,2618,2242,0,2158,0
18/08/2024,6157,521,2440,1741,0,1279,0
18/08/2024,6041,320,3432,3634,0,2434,0
18/08/2024,6484,426,3271,1161,0,1197,0
18/08/2024,5221,605,3714,1021,0,1457,0
18/08/2024,9331,483,3416,2144,0,1104,0
18/08/2024,5263,510,3337,2160,0,2076,0
18/08/2024,7812,372,3499,2250,0,1071,0
18/08/2024,9837,587,1402,1983,0,2732,0
18/08/2024,8917,645,1390,1045,0,2584,0
18/08/2024,5254,613,3785,2612,0,2444,0
18/08/2024,6394,419,1031,2464,0,2744,0
19/08/2024,5286,509,1174,1014,0,1930,0
19/08/2024,7586,465,2752,3342,0,2753,0
19/08/2024,8324,435,1832,2383,0,1386,0
19/08/2024,5805,478,1757,3411,0,2840,0
19/08/2024,5893,538,3485,2081,0,2337,0
19/08/2024,8120,354,3522,2803,0,2816,0
19/08/2024,9697,399,3315,2842,0,1735,0
19/08/2024,6404,331,3929,3900,0,1179,0
19/08/2024,5900,547,1363,1632,0,1427,0
19/08/2024,6035,509,3929,3621,0,1916,0
19/08/2024,7414,307,1213,3669,0,2047,0
19/08/2024,5722,414,1433,2307,0,2112,0
19/08/2024,7880,450,3984,3406,0,1932,0
19/08/2024,9261,633,1942,3947,0,1500,0
20/08/2024,5584,585,3864,1058,0,1494,0
20/08/2024,8064,660,1669,1827,0,2788,0
20/08/2024,9384,540,3080,1725,0,1158,0
20/08/2024,8379,662,2885,1569,0,1153,0
20/08/2024,6920,496,3623,3687,0,2393,0
20/08/2024,5677,600,3440,2556,0,2578,0
20/08/2024,6570,621,1810,1246,0,2124,0
20/08/2024,7985,691,3144,2426,0,2608,0
20/08/2024,7734,600,3434,1295,0,2643,0
20/08/2024,7465,550,2789,1386,0,2383,0
20/08/2024,7376,641,3648,2217,0,1793,0
20/08/2024,5944,629,2774,2665,0,2625,0
20/08/2024,6976,588,3687,2530,0,2975,0
20/08/2024,6714,669,2340,1930,0,1798,0
20/08/2024,6046,522,3959,1236,0,1027,0
21/08/2024,5775,645,1514,3417,0,1398,0
21/08/2024,6953,464,2792,2781,0,2882,0
21/08/2024,6297,588,1128,2217,0,2199,0
21/08/2024,5618,493,3715,1988,0,2554,0
21/08/2024,7733,338,3903,3626,0,1837,0
21/08/2024,5459,529,2499,2420,0,1857,0
21/08/2024,9848,568,1129,2630,0,1752,0
21/08/2024,6131,584,3987,1076,0,1748,0
21/08/2024,6124,338,2693,2920,0,1972,0
21/08/2024,7372,697,2648,1482,0,1295,0
21/08/2024,8011,421,2235,2334,0,1965,0
21/08/2024,5302,439,1271,2998,0,1915,0
21/08/2024,9708,583,3482,3981,0,1749,0
21/08/2024,6007,451,1838,1292,0,1904,0
21/08/2024,9115,351,1052,3381,0,1620,0
22/08/2024,7238,453,3227,2958,0,1689,0
22/08/2024,9370,336,2348,3251,0,1328,0
22/08/2024,5810,671,1215,1859,0,1755,0
22/08/2024,6771,306,1612,3132,0,1581,0
22/08/2024,7550,324,2877,3354,0,1943,0
22/08/2024,7909,508,1301,3563,0,1293,0
22/08/2024,8503,380,3144,2704,0,1576,0
22/08/2024,8995,475,3846,3842,0,2579,0
22/08/2024,7917,380,3569,2867,0,1766,0
22/08/2024,5923,302,1264,3434,0,2046,0
22/08/2024,8661,494,3591,3271,0,1035,0
22/08/2024,7099,531,3291,2864,0,2794,0
22/08/2024,9714,399,1583,1728,0,2755,0
22/08/2024,9901,354,1866,1057,0,1629,0
22/08/2024,9211,392,3713,2131,0,1057,0
23/08/2024,7081,664,3599,2732,0,1498,0
23/08/2024,5463,446,3568,1219,0,1799,0
23/08/2024,6566,529,3391,3169,0,1949,0
23/08/2024,8218,436,1219,1799,0,2778,0
23/08/2024,7405,427,2012,3533,0,1111,0
23/08/2024,5648,458,3985,2588,0,2740,0
23/08/2024,5863,656,2482,2759,0,1376,0
23/08/2024,8460,679,3321,3196,0,2698,0
23/08/2024,7835,595,3316,3866,0,1194,0
23/08/2024,6636,645,1114,3498,0,2631,0
23/08/2024,8627,627,1340,1388,0,2991,0
23/08/2024,5890,366,3566,1333,0,1593,0
23/08/2024,7719,590,2598,2750,0,1145,0
23/08/2024,6721,449,1255,1101,0,2529,0
23/08/2024,7883,523,3601,1651,0,2002,0
24/08/2024,6233,322,3031,1888,0,2632,0
24/08/2024,9620,588,2129,2063,0,2678,0
24/08/2024,9310,515,2928,3422,0,1390,0
24/08/2024,6228,558,1718,3941,0,1712,0
24/08/2024,7405,471,3108,3357,0,1174,0
24/08/2024,5941,471,3262,2375,0,2031,0
24/08/2024,9953,447,1059,1491,0,1815,0
24/08/2024,8891,700,3826,1755,0,1386,0
24/08/2024,9050,324,3755,3430,0,1671,0
24/08/2024,7126,446,1321,2760,0,1880,0
24/08/2024,7730,379,1552,3775,0,1191,0
24/08/2024,6270,391,3924,1643,0,1651,0
24/08/2024,5122,325,1352,3427,0,2597,0
24/08/2024,7350,501,2702,2808,0,2637,0
24/08/2024,6718,307,2632,1303,0,2085,0
25/08/2024,9209,394,2456,1755,0,1131,0
25/08/2024,9315,448,2346,3024,0,1843,0
25/08/2024,5656,465,3060,1975,0,1492,0
25/08/2024,6367,333,1009,2036,0,2475,0
25/08/2024,9988,323,1609,3871,0,2537,0
25/08/2024,7726,622,3326,1024,0,2289,0
25/08/2024,6650,409,3275,3042,0,1496,0
25/08/2024,9770,451,2139,2929,0,2683,0
25/08/2024,9302,531,1723,1554,0,1481,0
25/08/2024,8146,346,3770,2135,0,1301,0
25/08/2024,5401,519,1799,1493,0,1349,0
25/08/2024,8580,615,2311,1368,0,1968,0
25/08/2024,8211,420,1778,1667,0,1816,0
25/08/2024,8793,583,3963,1312,0,2370,0
26/08/2024,8010,571,1257,2484,0,1467,0
26/08/2024,9095,423,2263,2808,0,1212,0
26/08/2024,5524,560,3853,3705,0,1702,0
26/08/2024,7381,466,2627,3690,0,1655,0
26/08/2024,6525,671,2261,3082,0,2469,0
26/08/2024,7387,644,3047,1949,0,1183,0
26/08/2024,5442,387,3404,3646,0,1809,0
26/08/2024,8973,597,2971,3098,0,1344,0
26/08/2024,9570,537,3704,1298,0,1270,0
26/08/2024,9493,608,1264,2472,0,2898,0
26/08/2024,8545,352,3567,1119,0,1093,0
26/08/2024,9275,541,1467,3510,0,2054,0
26/08/2024,6541,303,1716,3681,0,1282,0
26/08/2024,7848,607,3532,1013,0,1406,0
26/08/2024,9251,406,2629,1767,0,2403,0
27/08/2024,6047,480,2624,1275,0,2854,0
27/08/2024,6625,379,1113,3882,0,2500,0
27/08/2024,8303,557,3979,3419,0,2475,0
27/08/2024,7078,677,3140,2417,0,2642,0
27/08/2024,8735,556,1616,1993,0,2060,0
27/08/2024,6174,354,3039,3828,0,1496,0
27/08/2024,6964,579,2598,2164,0,1953,0
27/08/2024,9104,561,1988,1391,0,1233,0
27/08/2024,9319,486,1691,1540,0,1208,0
27/08/2024,8992,414,3558,2411,0,1948,0
27/08/2024,6301,404,2749,3098,0,1040,0
27/08/2024,5716,336,1951,2711,0,1093,0
27/08/2024,5726,514,1443,3617,0,2807,0
27/08/2024,9841,508,2914,3292,0,2236,0
27/08/2024,5469,604,3832,2252,0,1789,0
28/08/2024,8759,513,1227,3951,0,1407,0
28/08/2024,7951,304,2136,3468,0,1404,0
28/08/2024,7077,580,1399,2061,0,2600,0
28/08/2024,6127,328,1713,2326,0,2603,0
28/08/2024,8390,419,2058,2442,0,1794,0
28/08/2024,7548,512,1728,2028,0,2655,0
28/08/2024,5381,558,1722,3942,0,2398,0
28/08/2024,5216,440,2302,2179,0,1979,0
28/08/2024,9588,356,3260,1887,0,1048,0
28/08/2024,7423,458,2118,2112,0,1584,0
28/08/2024,9555,442,3092,1313,0,2596,0
28/08/2024,7014,371,2953,2792,0,1255,0
28/08/2024,7429,563,1062,1660,0,1746,0
28/08/2024,5507,350,2243,1491,0,2368,0
29/08/2024,7052,565,3104,3698,0,2744,0
29/08/2024,7824,623,1316,1793,0,2897,0
29/08/2024,5183,489,2586,2541,0,2253,0
29/08/2024,6714,477,3381,1720,0,2909,0
29/08/2024,5066,403,1150,3493,0,2755,0
29/08/2024,6077,555,3771,2311,0,2500,0
29/08/2024,6119,449,2768,1427,0,1170,0
29/08/2024,7714,560,3277,1372,0,2037,0
29/08/2024,9537,551,3119,3998,0,2786,0
29/08/2024,7597,313,3054,1098,0,1295,0
29/08/2024,9844,363,1951,2590,0,2307,0
29/08/2024,6277,433,3406,2689,0,2316,0
29/08/2024,9025,568,3341,2549,0,1411,0
29/08/2024,5292,595,1833,2756,0,2338,0
30/08/2024,6240,633,2364,3834,0,2781,0
30/08/2024,7340,329,2281,2412,0,2385,0
30/08/2024,8272,641,1642,2260,0,1632,0
30/08/2024,8650,669,2253,1630,0,2241,0
30/08/2024,6373,343,3727,2217,0,2194,0
30/08/2024,9421,379,1435,2172,0,1481,0
30/08/2024,8373,644,3065,1575,0,1677,0
30/08/2024,8919,334,1545,1112,0,1935,0
30/08/2024,8415,694,3188,2897,0,1991,0
30/08/2024,7976,430,3919,3293,0,2480,0
30/08/2024,9313,597,3583,2521,0,1375,0
30/08/2024,9710,326,1913,2584,0,1086,0
30/08/2024,6294,547,2860,1870,0,2921,0
30/08/2024,9423,437,3252,2644,0,2022,0
31/08/2024,8224,506,1460,3170,0,2116,0
31/08/2024,6949,551,1474,3611,0,1450,0
31/08/2024,9270,309,1215,1325,0,1396,0
31/08/2024,6416,304,3982,2899,0,2841,0
31/08/2024,8860,311,1869,2677,0,1734,0
31/08/2024,8618,633,3163,3526,0,1675,0
31/08/2024,9131,556,2256,3787,0,1033,0
31/08/2024,5671,428,1560,3018,0,1518,0
31/08/2024,7683,593,3461,2793,0,1319,0
31/08/2024,6786,467,3033,1286,0,2912,0
31/08/2024,5464,692,2516,1475,0,1073,0
31/08/2024,7449,328,3689,1454,0,1905,0
31/08/2024,8053,647,2875,1983,0,1980,0
31/08/2024,5123,586,1868,2216,0,2141,0
01/09/2024,9525,362,3926,3187,0,2004,0
01/09/2024,8647,439,1084,1039,0,2171,0
01/09/2024,9832,651,2111,1764,0,1598,0
01/09/2024,5563,488,1204,1511,0,2567,0
01/09/2024,6808,528,2931,2610,0,2628,0
01/09/2024,5140,666,2630,2961,0,2986,0
01/09/2024,7911,516,1421,3923,0,2603,0
01/09/2024,7891,397,2563,3646,0,2032,0
01/09/2024,6570,450,2781,3597,0,2401,0
01/09/2024,6914,512,1523,1153,0,1616,0
01/09/2024,5079,399,1796,3563,0,2476,0
01/09/2024,8265,476,1572,3295,0,2407,0
01/09/2024,8503,301,2909,3984,0,1524,0
02/09/2024,6329,385,2230,2242,0,1343,0
02/09/2024,8324,448,1051,1826,0,1613,0
02/09/2024,6648,402,1140,3149,0,2654,0
02/09/2024,7989,526,3583,2203,0,1008,0
02/09/2024,8309,609,2805,1200,0,1858,0
02/09/2024,9734,435,2610,1180,0,2814,0
02/09/2024,10000,308,1263,2722,0,1583,0
02/09/2024,6446,637,3624,1233,0,2968,0
02/09/2024,9998,357,2029,2106,0,1531,0
02/09/2024,5923,429,3653,1676,0,2348,0
02/09/2024,8110,314,1148,2854,0,1836,0
02/09/2024,6548,416,1115,3530,0,1713,0
02/09/2024,7663,581,3937,2847,0,2819,0
02/09/2024,8751,484,3833,1285,0,1824,0
03/09/2024,7251,355,2801,1757,0,1801,0
03/09/2024,9950,540,3909,1108,0,1604,0
03/09/2024,5487,587,2623,2780,0,1634,0
03/09/2024,8757,481,2463,2617,0,1472,0
03/09/2024,6256,430,2872,1178,0,1658,0
03/09/2024,6703,533,3056,1357,0,2996,0
03/09/2024,5324,491,3917,3602,0,1964,0
03/09/2024,6301,369,3378,1833,0,2505,0
03/09/2024,6522,685,1755,2237,0,1883,0
03/09/2024,8112,412,3336,3241,0,2997,0
03/09/2024,9948,658,1711,2917,0,1019,0
03/09/2024,7308,431,2267,3057,0,2284,0
03/09/2024,9179,471,3982,3496,0,1410,0
03/09/2024,5926,689,2000,3371,0,1903,0
04/09/2024,9900,469,2277,1365,0,1812,0
04/09/2024,5297,315,1649,1990,0,2379,0
04/09/2024,9832,366,1594,3327,0,2812,0
04/09/2024,7446,674,1262,3558,0,1039,0
04/09/2024,5777,625,1481,2668,0,1211,0
04/09/2024,7957,521,2380,1714,0,2084,0
04/09/2024,6655,587,2220,3070,0,2211,0
04/09/2024,7003,456,1512,3371,0,1448,0
04/09/2024,5279,397,2181,2437,0,2364,0
04/09/2024,6505,574,1921,3251,0,1497,0
04/09/2024,7484,324,2424,2988,0,1517,0
04/09/2024,9441,665,1589,2810,0,1268,0
04/09/2024,8680,537,2266,2305,0,2016,0
04/09/2024,9068,474,3819,3840,0,2112,0
04/09/2024,8805,397,3959,3611,0,2272,0
05/09/2024,6174,502,1545,1588,0,2893,0
05/09/2024,5707,301,2300,2550,0,1159,0
05/09/2024,6132,418,2295,2884,0,1633,0
05/09/2024,8390,411,1321,3446,0,1884,0
05/09/2024,5287,559,3478,1045,0,2825,0
05/09/2024,8016,540,2889,1277,0,1603,0
05/09/2024,7218,656,2775,1452,0,2746,0
05/09/2024,7155,656,3909,3107,0,2482,0
05/09/2024,7299,456,2638,2291,0,2226,0
05/09/2024,9881,313,3709,2260,0,2098,0
05/09/2024,5915,477,1488,3056,0,1792,0
05/09/2024,9856,656,1662,1026,0,2976,0
05/09/2024,6808,678,1209,3050,0,2110,0
05/09/2024,8496,529,2454,2161,0,2669,0
05/09/2024,7658,558,1998,2658,0,2695,0
06/09/2024,7286,332,3898,2668,0,1884,0
06/09/2024,8300,507,2548,3919,0,1053,0
06/09/2024,7979,363,2432,2106,0,1813,0
06/09/2024,9123,306,3383,1659,0,2570,0
06/09/2024,9098,573,1639,2299,0,2867,0
06/09/2024,7262,648,2822,1330,0,1424,0
06/09/2024,7220,671,1141,3382,0,2316,0
06/09/2024,7599,315,3603,1268,0,1681,0
06/09/2024,6540,419,1508,2048,0,2164,0
06/09/2024,9122,536,3830,2826,0,1043,0
06/09/2024,7390,489,1856,1175,0,2881,0
06/09/2024,7906,593,3859,2698,0,1782,0
06/09/2024,6957,468,3521,1258,0,2289,0
06/09/2024,7934,484,1321,3179,0,1404,0
06/09/2024,8417,675,3191,3462,0,1174,0
07/09/2024,5684,525,3450,1261,0,2349,0
07/09/2024,5602,471,2455,2747,0,1729,0
07/09/2024,8172,352,3697,2083,0,2792,0
07/09/2024,6765,469,2105,2011,0,2196,0
07/09/2024,6732,541,2763,2195,0,1418,0
07/09/2024,8878,428,2055,2334,0,2928,0
07/09/2024,6056,551,2572,3106,0,1745,0
07/09/2024,5716,584,1647,3419,0,1040,0
07/09/2024,8554,420,2525,1604,0,1307,0
07/09/2024,8282,695,3431,3863,0,1096,0
07/09/2024,6144,569,1827,2835,0,1455,0
07/09/2024,6216,678,2067,2591,0,1183,0
07/09/2024,7244,663,1322,2820,0,2213,0
07/09/2024,8411,552,1969,1813,0,1572,0
07/09/2024,5125,315,2544,2861,0,1891,0
08/09/2024,5078,484,2975,3592,0,1515,0
08/09/2024,8437,481,2568,1948,0,2912,0
08/09/2024,9356,683,1791,1349,0,1124,0
08/09/2024,7354,591,2495,2871,0,1169,0
08/09/2024,8495,526,1533,2723,0,1211,0
08/09/2024,8464,655,2578,2472,0,2193,0
08/09/2024,5753,306,2695,3832,0,1063,0
08/09/2024,5912,423,3648,2886,0,1869,0
08/09/2024,6491,423,2150,1321,0,2627,0
08/09/2024,6891,497,3696,3790,0,2466,0
08/09/2024,8367,660,2090,1233,0,1007,0
08/09/2024,9906,670,3627,1338,0,1197,0
08/09/2024,9784,349,3139,1629,0,2256,0
09/09/2024,8869,601,3240,3130,0,1374,0
09/09/2024,9042,635,2087,1911,0,1337,0
09/09/2024,7542,521,3727,3053,0,2712,0
09/09/2024,6753,529,2379,1241,0,2935,0
09/09/2024,7933,671,3588,3647,0,2583,0
09/09/2024,6741,433,3969,3265,0,2273,0
09/09/2024,5271,652,3541,3337,0,2463,0
09/09/2024,9352,374,2064,3281,0,1834,0
09/09/2024,6936,339,1772,3577,0,1857,0
09/09/2024,6439,630,1903,1027,0,2274,0
09/09/2024,7217,586,2761,2389,0,1782,0
09/09/2024,8551,624,2857,1454,0,1647,0
09/09/2024,8055,354,2901,1202,0,1048,0
09/09/2024,8915,444,2307,3798,0,1045,0
09/09/2024,5351,667,1091,3168,0,2166,0
10/09/2024,8840,444,1085,3651,0,1795,0
10/09/2024,8565,593,3977,3146,0,1437,0
10/09/2024,9144,488,1011,2328,0,1085,0
10/09/2024,6481,695,3977,2000,0,2326,0
10/09/2024,7026,349,2672,1685,0,2644,0
10/09/2024,7791,504,3632,2368,0,2494,0
10/09/2024,6244,303,1645,1395,0,1351,0
10/09/2024,8472,601,3790,1850,0,1472,0
10/09/2024,5656,505,3484,1840,0,1759,0
10/09/2024,5534,579,3662,3410,0,2157,0
10/09/2024,5455,468,1471,3675,0,2720,0
10/09/2024,9933,380,2590,2366,0,2081,0
10/09/2024,7215,532,3750,3162,0,1010,0
10/09/2024,5898,578,1136,1762,0,2044,0
10/09/2024,7572,300,3231,1232,0,2718,0
11/09/2024,8052,668,1995,1561,0,2048,0
11/09/2024,8128,624,1498,1941,0,1114,0
11/09/2024,5772,305,3284,3998,0,2781,0
11/09/2024,5090,638,2853,2551,0,2885,0
11/09/2024,9100,645,1589,1286,0,2495,0
11/09/2024,8542,455,1857,2812,0,2345,0
11/09/2024,8475,427,2361,2536,0,1985,0
11/09/2024,6372,452,3319,2141,0,1385,0
11/09/2024,9347,450,2904,2179,0,1094,0
11/09/2024,9724,341,3950,1558,0,1848,0
11/09/2024,5424,411,2206,2053,0,1559,0
11/09/2024,6355,597,1719,1870,0,2644,0
11/09/2024,8080,612,1842,1044,0,2249,0
11/09/2024,8436,348,1839,3227,0,2857,0
11/09/2024,6890,616,1585,3740,0,2910,0
12/09/2024,8794,315,2068,3608,0,2875,0
12/09/2024,6480,675,2211,3367,0,2772,0
12/09/2024,7210,404,1700,3193,0,2808,0
12/09/2024,7796,380,2691,3310,0,1655,0
12/09/2024,5145,410,2575,1106,0,2701,0
12/09/2024,8029,650,1568,3268,0,2859,0
12/09/2024,8147,393,1627,1742,0,2045,0
12/09/2024,5138,555,1502,2677,0,1035,0
12/09/2024,6089,653,2199,2705,0,1750,0
12/09/2024,7925,324,1424,1650,0,1739,0
12/09/2024,9310,504,3039,1601,0,2050,0
12/09/2024,5355,471,2479,1169,0,2915,0
12/09/2024,5313,434,2823,3296,0,2103,0
12/09/2024,8051,318,2195,3034,0,2573,0
12/09/2024,7230,651,3743,3459,0,1851,0
13/09/2024,8800,575,1930,3724,0,2974,0
13/09/2024,6050,414,2968,2276,0,1607,0
13/09/2024,7836,608,1688,3812,0,1257,0
13/09/2024,7099,373,3714,1552,0,2087,0
13/09/2024,5354,566,3875,2029,0,1006,0
13/09/2024,7213,651,1429,1985,0,2825,0
13/09/2024,7555,428,2099,2952,0,2375,0
13/09/2024,9949,618,1482,3197,0,1344,0
13/09/2024,8535,485,3876,2433,0,1359,0
13/09/2024,9356,311,1657,3561,0,2166,0
13/09/2024,5933,405,1711,2739,0,1355,0
13/09/2024,8933,565,1528,3638,0,2227,0
13/09/2024,9713,354,1748,3696,0,2074,0
13/09/2024,8020,361,3393,2782,0,1196,0
13/09/2024,6832,347,3936,2579,0,1062,0
14/09/2024,5041,696,1429,3172,0,1637,0
14/09/2024,6195,409,2335,1143,0,1204,0
14/09/2024,8064,414,1785,3159,0,2298,0
14/09/2024,8367,627,2846,1863,0,1230,0
14/09/2024,7944,374,3739,3550,0,1968,0
14/09/2024,5219,674,1568,2353,0,1015,0
14/09/2024,5714,614,2797,2227,0,2266,0
14/09/2024,8276,510,1440,1739,0,2514,0
14/09/2024,9831,453,1546,1324,0,1507,0
14/09/2024,8610,381,3669,3913,0,2232,0
14/09/2024,9151,337,3538,3064,0,2115,0
14/09/2024,9602,417,3810,3755,0,2391,0
14/09/2024,8154,485,3377,2774,0,1932,0
14/09/2024,9240,334,1786,1718,0,1923,0
15/09/2024,7166,467,1219,2406,0,2336,0
15/09/2024,5074,555,1013,3153,0,1485,0
15/09/2024,8275,490,2938,3249,0,1932,0
15/09/2024,9899,421,1522,2695,0,2339,0
15/09/2024,5024,369,1771,1267,0,1462,0
15/09/2024,7607,630,1330,3186,0,2151,0
15/09/2024,7057,616,1832,1082,0,2105,0
15/09/2024,5623,333,3704,1529,0,1439,0
15/09/2024,7017,596,1739,2926,0,2523,0
15/09/2024,7982,597,1201,3860,0,1444,0
15/09/2024,7965,474,2752,3188,0,1023,0
15/09/2024,5535,508,1708,3307,0,1516,0
15/09/2024,8767,570,3642,3406,0,1382,0
16/09/2024,8158,509,1207,1508,0,2250,0
16/09/2024,6567,425,1589,1079,0,2908,0
16/09/2024,8706,450,3155,1204,0,2637,0
16/09/2024,5757,629,3277,3912,0,1485,0
16/09/2024,5436,430,2263,3033,0,1529,0
16/09/2024,9034,514,1137,2922,0,1552,0
16/09/2024,7018,334,3585,3671,0,1028,0
16/09/2024,6170,674,1418,1916,0,2114,0
16/09/2024,5059,308,1661,1667,0,1749,0
16/09/2024,8879,418,1514,2764,0,2990,0
16/09/2024,5449,411,1729,3082,0,2514,0
16/09/2024,7675,603,2181,2034,0,1312,0
16/09/2024,9606,326,3327,3301,0,1202,0
17/09/2024,8666,600,3805,2922,0,1065,0
17/09/2024,7635,411,3734,2140,0,2136,0
17/09/2024,7765,672,1621,3373,0,1246,0
17/09/2024,6647,605,3643,2947,0,2424,0
17/09/2024,7740,436,2992,1658,0,2236,0
17/09/2024,6951,680,3837,2826,0,2939,0
17/09/2024,6066,392,3794,2922,0,1443,0
17/09/2024,6499,430,2245,1807,0,1244,0
17/09/2024,8706,623,1287,3705,0,1907,0
17/09/2024,5397,318,1860,1298,0,1116,0
17/09/2024,9272,411,1502,2277,0,2807,0
17/09/2024,6937,457,2851,3371,0,1837,0
17/09/2024,5488,529,3028,1912,0,1555,0
17/09/2024,7375,491,2203,1146,0,1956,0
17/09/2024,6036,698,3295,3315,0,1513,0
18/09/2024,9226,459,2344,3843,0,1540,0
18/09/2024,9004,339,1789,3921,0,2449,0
18/09/2024,5991,613,3876,3507,0,1832,0
18/09/2024,9836,558,3801,2960,0,2500,0
18/09/2024,9864,394,1189,2248,0,1771,0
18/09/2024,8376,520,2026,3816,0,2965,0
18/09/2024,9570,458,3272,1460,0,2447,0
18/09/2024,6089,577,3798,3510,0,2430,0
18/09/2024,6785,597,2994,1107,0,2696,0
18/09/2024,7821,540,3547,1316,0,1434,0
18/09/2024,7190,675,1612,2320,0,2194,0
18/09/2024,9766,486,1072,3514,0,2060,0
18/09/2024,6839,335,3714,3128,0,1392,0
18/09/2024,7296,614,2939,2119,0,1754,0
18/09/2024,5497,654,2665,3029,0,1307,0
19/09/2024,8419,591,1228,1809,0,1581,0
19/09/2024,8801,348,3166,3577,0,1848,0
19/09/2024,5876,510,2845,2271,0,2595,0
19/09/2024,5173,598,1200,1120,0,2469,0
19/09/2024,6463,524,3372,1910,0,1498,0
19/09/2024,9477,405,2092,1093,0,2777,0
19/09/2024,8361,471,1679,3415,0,1915,0
19/09/2024,6871,635,2139,2773,0,1917,0
19/09/2024,9089,425,3966,3351,0,2354,0
19/09/2024,7826,516,1589,1028,0,1978,0
19/09/2024,5151,557,2549,2344,0,1536,0
19/09/2024,7890,390,1981,1609,0,1831,0
19/09/2024,6814,613,2385,3987,0,2926,0
19/09/2024,5902,423,2026,1053,0,2478,0
19/09/2024,7829,683,3104,2871,0,1633,0
20/09/2024,6687,523,1550,1553,0,2312,0
20/09/2024,5293,628,1453,3741,0,1969,0
20/09/2024,8594,656,3793,2859,0,1892,0
20/09/2024,5607,700,1601,3063,0,1101,0
20/09/2024,5481,625,3736,1951,0,1468,0
20/09/2024,9814,370,3668,3237,0,1153,0
20/09/2024,6880,567,2470,3331,0,2396,0
20/09/2024,6619,306,2637,3943,0,2164,0
20/09/2024,6872,403,3240,2173,0,1994,0
20/09/2024,5856,544,1070,2155,0,1982,0
20/09/2024,8661,637,3293,2496,0,2925,0
20/09/2024,5053,678,3775,3969,0,1920,0
20/09/2024,7176,598,1442,3348,0,1122,0
20/09/2024,7904,645,1089,2761,0,2864,0
21/09/2024,6211,377,2370,2817,0,2247,0
21/09/2024,6717,460,2615,3473,0,2362,0
21/09/2024,5272,576,1688,2975,0,1620,0
21/09/2024,9816,450,3197,1602,0,2919,0
21/09/2024,8275,652,3384,2796,0,2988,0
21/09/2024,8587,592,3244,1664,0,1489,0
21/09/2024,9891,367,2215,1503,0,1570,0
21/09/2024,7851,453,1038,3344,0,1435,0
21/09/2024,9674,458,3767,3159,0,1817,0
21/09/2024,5867,662,3232,1471,0,1534,0
21/09/2024,6718,410,1632,1912,0,2403,0
21/09/2024,9647,535,1659,3102,0,2481,0
21/09/2024,8186,598,3583,3724,0,2463,0
21/09/2024,6751,477,1688,1090,0,1540,0
21/09/2024,5013,697,1883,1308,0,2644,0
22/09/2024,9960,641,3386,3077,0,2847,0
22/09/2024,8600,507,1241,2398,0,1235,0
22/09/2024,7491,353,2661,1284,0,2811,0
22/09/2024,8399,387,2586,1335,0,1987,0
22/09/2024,7460,330,3251,2318,0,1085,0
22/09/2024,9654,419,1615,1668,0,1801,0
22/09/2024,9439,575,3008,2771,0,1518,0
22/09/2024,8313,501,2251,2951,0,1056,0
22/09/2024,9014,392,2874,1161,0,2653,0
22/09/2024,8904,345,2808,3841,0,1169,0
22/09/2024,5579,317,3481,2500,0,2035,0
22/09/2024,6725,378,3253,2323,0,1316,0
22/09/2024,6769,569,1393,3516,0,1030,0
23/09/2024,9419,463,3276,2566,0,2383,0
23/09/2024,6800,540,1040,1803,0,2288,0
23/09/2024,9166,383,3793,2037,0,1385,0
23/09/2024,7189,520,2777,1129,0,1187,0
23/09/2024,9992,384,2646,3336,0,1207,0
23/09/2024,8501,636,3539,1666,0,2496,0
23/09/2024,8385,679,1388,3213,0,1390,0
23/09/2024,6026,610,1524,3897,0,2638,0
23/09/2024,9256,692,3675,3689,0,1175,0
23/09/2024,6572,514,2053,1309,0,1060,0
23/09/2024,9782,497,1266,2196,0,1785,0
23/09/2024,6560,627,1592,1799,0,2593,0
23/09/2024,7957,553,2751,2381,0,2759,0
23/09/2024,9022,449,2947,3403,0,1768,0
23/09/2024,5732,313,2513,3187,0,1124,0
24/09/2024,9081,645,3484,1354,0,2816,0
24/09/2024,7918,431,1034,1611,0,1022,0
24/09/2024,9390,589,2995,1548,0,1563,0
24/09/2024,5125,395,2379,2395,0,1961,0
24/09/2024,9240,582,3942,1277,0,2160,0
24/09/2024,7011,436,1782,1160,0,1424,0
24/09/2024,5768,556,2754,3619,0,1021,0
24/09/2024,7858,594,3639,3859,0,2546,0
24/09/2024,5068,602,3962,2671,0,2011,0
24/09/2024,7277,468,3836,2784,0,1486,0
24/09/2024,7897,385,3528,3778,0,2077,0
24/09/2024,7110,689,1575,2943,0,1358,0
24/09/2024,9240,483,2330,3482,0,2301,0
24/09/2024,7633,639,3629,2947,0,1851,0
24/09/2024,6510,507,2048,1647,0,1768,0
25/09/2024,8447,542,2271,2294,0,1152,0
25/09/2024,5570,318,3528,3525,0,2754,0
25/09/2024,8304,342,2219,1564,0,2909,0
25/09/2024,8017,542,3467,1337,0,2897,0
25/09/2024,5917,376,1971,2185,0,1690,0
25/09/2024,8091,658,3403,2702,0,2385,0
25/09/2024,8028,532,2166,3650,0,1976,0
25/09/2024,5168,388,3103,2977,0,1200,0
25/09/2024,5662,649,2513,3770,0,2641,0
25/09/2024,7231,580,1350,3864,0,1234,0
25/09/2024,6305,574,1197,3972,0,2806,0
25/09/2024,9793,518,2762,2232,0,2328,0
25/09/2024,9503,513,2994,1063,0,2506,0
25/09/2024,7362,548,1168,2345,0,2183,0
25/09/2024,5746,602,1195,1113,0,1229,0
26/09/2024,7314,488,1099,3770,0,2556,0
26/09/2024,8570,476,1773,1244,0,1896,0
26/09/2024,8465,437,2140,3856,0,2012,0
26/09/2024,8966,571,1751,1856,0,2526,0
26/09/2024,6019,464,3483,2147,0,2528,0
26/09/2024,7790,565,3775,3982,0,2189,0
26/09/2024,5971,595,1212,1392,0,1425,0
26/09/2024,6653,595,2453,2070,0,1559,0
26/09/2024,5842,542,1606,3747,0,2564,0
26/09/2024,8222,542,3632,3532,0,1402,0
26/09/2024,6616,636,2833,3006,0,1733,0
26/09/2024,7036,600,1550,3833,0,2766,0
26/09/2024,9607,407,3085,1071,0,1544,0
26/09/2024,9049,378,2560,3440,0,2382,0
26/09/2024,5097,494,3789,2335,0,1216,0
27/09/2024,6619,598,3217,3105,0,1281,0
27/09/2024,7169,347,2324,3319,0,1558,0
27/09/2024,8968,435,3787,2383,0,2968,0
27/09/2024,7323,430,2565,3038,0,1057,0
27/09/2024,7638,484,3882,1253,0,2628,0
27/09/2024,6512,612,3746,1799,0,1052,0
27/09/2024,8486,479,3191,3666,0,2048,0
27/09/2024,8480,675,2596,1237,0,2388,0
27/09/2024,6333,323,1584,1000,0,1121,0
27/09/2024,9288,538,2181,2666,0,2856,0
27/09/2024,7246,446,2511,3683,0,1358,0
27/09/2024,6099,631,1209,1016,0,2347,0
27/09/2024,6775,403,2563,1550,0,1408,0
27/09/2024,6836,321,1802,2109,0,1144,0
27/09/2024,5457,417,3436,2246,0,2462,0
28/09/2024,7835,584,1299,2950,0,1500,0
28/09/2024,5112,491,3933,1137,0,1378,0
28/09/2024,9316,506,3078,3246,0,1922,0
28/09/2024,5465,458,2509,3593,0,1577,0
28/09/2024,7773,633,3650,3864,0,2600,0
28/09/2024,9101,343,2479,2988,0,2017,0
28/09/2024,9828,567,1613,2587,0,2704,0
28/09/2024,7794,388,2579,2388,0,2203,0
28/09/2024,8070,513,3366,1584,0,1333,0
28/09/2024,9128,673,2896,1914,0,2342,0
28/09/2024,7568,619,2968,1810,0,1572,0
28/09/2024,7949,329,1151,2863,0,1303,0
28/09/2024,6222,616,1364,3985,0,1888,0
28/09/2024,7039,308,1844,3874,0,2397,0
28/09/2024,7224,648,2588,2566,0,2330,0
29/09/2024,9815,489,1663,2505,0,2022,0
29/09/2024,7158,582,2970,3774,0,1277,0
29/09/2024,6775,607,1193,3140,0,1371,0
29/09/2024,7623,505,1846,3183,0,1727,0
29/09/2024,6316,335,3953,3608,0,2441,0
29/09/2024,7072,322,1407,2258,0,1610,0
29/09/2024,5759,309,3941,2023,0,2369,0
29/09/2024,7442,467,2345,2479,0,1642,0
29/09/2024,7525,402,1789,3625,0,2814,0
29/09/2024,6867,359,3843,3957,0,2152,0
29/09/2024,9151,687,2263,2861,0,2308,0
29/09/2024,6637,474,2704,1793,0,1930,0
29/09/2024,5732,546,1273,1283,0,1588,0
30/09/2024,9052,635,2865,3864,0,1114,0
30/09/2024,6232,308,2274,3759,0,1532,0
30/09/2024,7147,527,3437,3849,0,1509,0
30/09/2024,8085,559,1595,2825,0,1640,0
30/09/2024,6928,672,1982,1233,0,1607,0
30/09/2024,7684,304,2901,2328,0,2984,0
30/09/2024,7685,478,2835,3152,0,1800,0
30/09/2024,5031,510,3563,3962,0,2470,0
30/09/2024,6316,334,3305,3355,0,1235,0
30/09/2024,9010,334,3379,2860,0,1037,0
30/09/2024,9652,497,3205,1806,0,1901,0
30/09/2024,7035,620,1781,1188,0,2806,0
30/09/2024,5558,442,1026,2490,0,1153,0
30/09/2024,9962,496,2405,2038,0,1491,0
30/09/2024,8224,491,2402,3408,0,1953,0
01/10/2024,6635,425,2366,2514,0,2088,0
01/10/2024,5060,528,2421,2549,0,1208,0
01/10/2024,9325,363,3388,3666,0,2631,0
01/10/2024,5288,350,1488,3921,0,1422,0
01/10/2024,8791,691,3366,3862,0,2503,0
01/10/2024,7746,689,3207,3158,0,1290,0
01/10/2024,9111,589,1046,3220,0,1587,0
01/10/2024,7699,500,3286,1075,0,1515,0
01/10/2024,7524,605,1900,2512,0,1628,0
01/10/2024,6178,364,3848,2050,0,1948,0
01/10/2024,7210,513,3925,3014,0,2234,0
01/10/2024,9364,340,1090,2647,0,2219,0
01/10/2024,7035,532,3683,2106,0,1866,0
01/10/2024,8745,420,3588,3545,0,2724,0
02/10/2024,7536,599,3671,1551,0,2296,0
02/10/2024,5338,587,3319,1599,0,1947,0
02/10/2024,7155,486,3097,3568,0,2419,0
02/10/2024,7148,535,2009,3973,0,1521,0
02/10/2024,6008,447,3274,3453,0,1240,0
02/10/2024,9761,510,1973,3844,0,1408,0
02/10/2024,8100,639,2953,2068,0,2158,0
02/10/2024,9388,472,2820,3206,0,2617,0
02/10/2024,7226,509,2352,3993,0,2497,0
02/10/2024,7235,557,3418,1294,0,2462,0
02/10/2024,7932,685,2933,2124,0,1344,0
02/10/2024,6436,612,2538,1506,0,1752,0
02/10/2024,6184,351,1238,1857,0,1227,0
02/10/2024,6567,645,2748,1367,0,2931,0
02/10/2024,9395,545,1916,1201,0,2744,0
03/10/2024,5425,518,2773,3919,0,2790,0
03/10/2024,5509,497,2349,2810,0,2560,0
03/10/2024,5778,332,2668,3948,0,1721,0
03/10/2024,5882,573,2211,2728,0,2190,0
03/10/2024,6983,642,3316,1766,0,2564,0
03/10/2024,7535,695,2967,1385,0,1394,0
03/10/2024,7182,477,1091,1429,0,2003,0
03/10/2024,6889,350,2166,1800,0,1721,0
03/10/2024,6530,579,3486,3617,0,2676,0
03/10/2024,7409,662,1930,2613,0,2803,0
03/10/2024,5447,399,2564,2449,0,2649,0
03/10/2024,8063,483,2803,1744,0,2225,0
03/10/2024,9708,604,2111,3286,0,1346,0
03/10/2024,6085,691,2818,2162,0,1686,0
03/10/2024,9872,695,3907,2534,0,1048,0
04/10/2024,7572,515,3330,2194,0,1061,0
04/10/2024,5431,305,2205,3751,0,2897,0
04/10/2024,6700,300,3127,2938,0,2382,0
04/10/2024,6750,682,3436,1758,0,1551,0
04/10/2024,7936,413,2293,3979,0,2681,0
04/10/2024,5023,384,1998,3130,0,2258,0
04/10/2024,7852,613,2934,2904,0,1984,0
04/10/2024,5449,459,3386,2074,0,2237,0
04/10/2024,6343,585,1461,2211,0,1323,0
04/10/2024,7783,486,1528,2043,0,2900,0
04/10/2024,8558,683,1124,2104,0,1176,0
04/10/2024,7949,670,3697,2214,0,2293,0
04/10/2024,9981,649,1994,1411,0,2951,0
04/10/2024,5861,585,3041,3219,0,2937,0
05/10/2024,7613,473,1270,3556,0,2402,0
05/10/2024,8789,471,3712,3352,0,1777,0
05/10/2024,9258,341,2285,3218,0,1302,0
05/10/2024,7436,570,1403,3321,0,2095,0
05/10/2024,7980,478,3768,3747,0,2756,0
05/10/2024,6346,558,1170,1190,0,2915,0
05/10/2024,5176,486,2748,1196,0,1760,0
05/10/2024,6789,680,1708,1329,0,2632,0
05/10/2024,5917,461,3603,2566,0,1001,0
05/10/2024,6920,364,1828,3852,0,1265,0
05/10/2024,6407,644,2299,1168,0,1812,0
05/10/2024,5315,699,3894,2179,0,1050,0
05/10/2024,7477,315,1137,1795,0,2122,0
05/10/2024,9003,471,3929,2950,0,2225,0
05/10/2024,8559,544,1683,1177,0,2131,0
06/10/2024,9329,575,3509,2897,0,2326,0
06/10/2024,9734,308,3367,2007,0,1820,0
06/10/2024,6627,337,2240,3202,0,1940,0
06/10/2024,7601,316,2793,1865,0,2059,0
06/10/2024,5421,411,3101,2511,0,2480,0
06/10/2024,5390,654,3171,3406,0,2466,0
06/10/2024,5472,664,3918,1286,0,1955,0
06/10/2024,9744,362,2109,3116,0,1892,0
06/10/2024,9374,513,3213,1929,0,1209,0
06/10/2024,7207,657,3640,2001,0,2217,0
06/10/2024,5099,689,2519,3814,0,1329,0
06/10/2024,7524,457,3480,3230,0,1320,0
06/10/2024,8330,425,2124,1012,0,1402,0
06/10/2024,6700,398,3053,1540,0,1843,0
07/10/2024,8301,569,2290,1492,0,1229,0
07/10/2024,8482,548,2792,3865,0,2771,0
07/10/2024,6039,302,1282,1789,0,2687,0
07/10/2024,5390,700,1304,3643,0,2487,0
07/10/2024,5723,628,2518,2627,0,2207,0
07/10/2024,7366,509,1618,2567,0,1482,0
07/10/2024,7914,678,2036,2556,0,1751,0
07/10/2024,9935,371,3308,1099,0,1486,0
07/10/2024,7720,579,1269,1195,0,2378,0
07/10/2024,6055,477,3470,2066,0,1586,0
07/10/2024,7348,624,2230,1977,0,1246,0
07/10/2024,5171,330,2588,3004,0,1453,0
07/10/2024,8534,423,3127,2187,0,2128,0
07/10/2024,8155,630,3412,3483,0,2353,0
07/10/2024,8178,599,3693,2510,0,2782,0
08/10/2024,9161,379,1143,2620,0,2124,0
08/10/2024,9063,689,1177,1795,0,1137,0
08/10/2024,7410,659,1246,3506,0,2985,0
08/10/2024,5481,343,3813,1495,0,1076,0
08/10/2024,8678,639,2950,1549,0,1399,0
08/10/2024,5725,649,2871,1432,0,2302,0
08/10/2024,8579,438,3672,1553,0,2780,0
08/10/2024,8868,558,1552,2059,0,1544,0
08/10/2024,5475,597,2557,2036,0,2328,0
08/10/2024,9782,463,2478,3594,0,1330,0
08/10/2024,5890,334,3163,1200,0,1351,0
08/10/2024,9560,526,1669,1203,0,2285,0
08/10/2024,5883,559,3121,2804,0,1662,0
08/10/2024,6312,350,2895,3370,0,2932,0
08/10/2024,5659,536,2552,2254,0,1690,0
09/10/2024,8047,647,1034,1745,0,2153,0
09/10/2024,5308,428,3570,3038,0,1139,0
09/10/2024,9259,309,2584,1841,0,1409,0
09/10/2024,7604,400,1365,2326,0,1470,0
09/10/2024,8980,686,1017,3282,0,2882,0
09/10/2024,6480,467,2987,1278,0,2528,0
09/10/2024,8806,462,2148,3809,0,2676,0
09/10/2024,8986,638,1462,2689,0,1005,0
09/10/2024,9506,532,2409,1291,0,2321,0
09/10/2024,9323,519,1193,2857,0,2081,0
09/10/2024,9826,666,2597,2809,0,1258,0
09/10/2024,6431,556,1630,2354,0,1283,0
09/10/2024,8972,417,3439,3617,0,2501,0
09/10/2024,7754,315,2836,3039,0,2223,0
09/10/2024,7805,308,3831,3656,0,1486,0
10/10/2024,8317,350,3666,1629,0,2931,0
10/10/2024,7727,361,1885,1251,0,2245,0
10/10/2024,6856,527,2872,2982,0,2243,0
10/10/2024,7081,381,3302,3974,0,2453,0
10/10/2024,8993,544,2092,2575,0,1245,0
10/10/2024,5691,590,3552,1172,0,2671,0
10/10/2024,7883,458,1615,1430,0,2375,0
10/10/2024,9669,537,1075,1582,0,1240,0
10/10/2024,8507,412,3514,3990,0,2805,0
10/10/2024,9338,554,1859,2448,0,2049,0
10/10/2024,7174,404,3836,2470,0,1869,0
10/10/2024,7515,318,2151,3549,0,2381,0
10/10/2024,9920,658,3925,3826,0,2493,0
10/10/2024,6216,678,1122,3670,0,2508,0
10/10/2024,6299,462,3836,2452,0,2427,0
11/10/2024,8761,331,1571,1091,0,1659,0
11/10/2024,7851,423,3895,2634,0,1876,0
11/10/2024,5935,320,1161,2519,0,1476,0
11/10/2024,5338,347,2882,3572,0,1328,0
11/10/2024,8365,423,3487,2589,0,2458,0
11/10/2024,8390,466,2419,3246,0,1973,0
11/10/2024,6395,318,2406,3085,0,2310,0
11/10/2024,9339,579,2876,1196,0,2776,0
11/10/2024,5456,554,3659,3108,0,1618,0
11/10/2024,7988,516,3133,3014,0,1060,0
11/10/2024,8488,609,3434,3352,0,2822,0
11/10/2024,7872,397,3925,2934,0,2028,0
11/10/2024,8789,429,1428,3645,0,1354,0
11/10/2024,5352,350,3453,2918,0,1612,0
11/10/2024,7529,532,2914,3128,0,1855,0
12/10/2024,8468,534,2917,3189,0,1720,0
12/10/2024,8425,552,1354,3611,0,1115,0
12/10/2024,8751,494,3166,1612,0,2832,0
12/10/2024,6705,355,2224,1355,0,2074,0
12/10/2024,5172,665,1912,3491,0,2240,0
12/10/2024,6881,669,1663,2598,0,1127,0
12/10/2024,9651,321,1550,2246,0,1100,0
12/10/2024,6088,484,1894,2131,0,1383,0
12/10/2024,8483,370,2180,3902,0,2522,0
12/10/2024,6780,455,1722,1597,0,1295,0
12/10/2024,9203,425,2013,3670,0,2761,0
12/10/2024,8859,586,3990,1787,0,1892,0
12/10/2024,6786,508,2724,2085,0,2134,0
12/10/2024,7641,700,1421,3694,0,1004,0
13/10/2024,7621,523,3829,3023,0,2715,0
13/10/2024,9237,426,3333,1576,0,2163,0
13/10/2024,9171,584,2920,1861,0,2555,0
13/10/2024,8211,490,1896,2864,0,1378,0
13/10/2024,5549,460,3217,2744,0,2898,0
13/10/2024,6761,435,2848,1894,0,2959,0
13/10/2024,9355,360,1513,2795,0,1835,0
13/10/2024,5476,685,2737,1483,0,2832,0
13/10/2024,7294,617,2817,2616,0,2420,0
13/10/2024,6905,339,1169,3900,0,2111,0
13/10/2024,7953,302,3153,3478,0,1205,0
13/10/2024,6308,629,2714,2912,0,2230,0
13/10/2024,7183,372,2836,1999,0,2512,0
13/10/2024,5049,479,1185,2783,0,2271,0
14/10/2024,7503,493,1450,1917,0,1016,0
14/10/2024,6788,406,3779,3889,0,1770,0
14/10/2024,7296,653,3050,3841,0,1370,0
14/10/2024,7089,372,1060,1532,0,2186,0
14/10/2024,7878,624,1852,3898,0,2548,0
14/10/2024,7993,372,1469,1697,0,2218,0
14/10/2024,9066,505,2688,1461,0,2853,0
14/10/2024,9369,348,3476,1621,0,1823,0
14/10/2024,5847,498,2587,3520,0,2284,0
14/10/2024,9370,525,2499,1230,0,1276,0
14/10/2024,6337,511,2357,1142,0,1289,0
14/10/2024,7929,392,3878,1833,0,1293,0
14/10/2024,6403,407,2938,2113,0,1386,0
14/10/2024,6627,508,3073,3379,0,1158,0
14/10/2024,5195,699,3397,3097,0,1869,0
15/10/2024,8308,465,3613,2830,0,2210,0
15/10/2024,6639,400,1959,3144,0,2586,0
15/10/2024,7309,391,1922,1087,0,2312,0
15/10/2024,6485,409,1006,3966,0,2823,0
15/10/2024,9164,349,3598,1172,0,2837,0
15/10/2024,8689,464,3210,3732,0,1109,0
15/10/2024,5892,345,2697,1505,0,2489,0
15/10/2024,8325,403,3770,1897,0,2089,0
15/10/2024,8187,516,2352,3667,0,2026,0
15/10/2024,9644,640,1107,2277,0,2740,0
15/10/2024,5305,534,2305,1541,0,1639,0
15/10/2024,8231,422,2443,1000,0,2932,0
15/10/2024,6567,432,3654,1672,0,1106,0
15/10/2024,6338,508,3857,2481,0,1619,0
15/10/2024,8437,437,1675,2450,0,1530,0
16/10/2024,6873,303,3301,1608,0,2995,0
16/10/2024,9368,641,3498,3613,0,2569,0
16/10/2024,9787,666,1718,3220,0,1944,0
16/10/2024,5824,643,2310,3541,0,1659,0
16/10/2024,7587,646,1168,1099,0,1091,0
16/10/2024,9992,450,2407,1705,0,1699,0
16/10/2024,5071,570,2464,3489,0,2645,0
16/10/2024,6509,367,3713,2526,0,1319,0
16/10/2024,7044,393,3517,3856,0,2572,0
16/10/2024,8416,459,3811,1416,0,1799,0
16/10/2024,5150,414,2621,2754,0,1861,0
16/10/2024,9024,623,1718,2808,0,1063,0
16/10/2024,6055,352,2556,1879,0,1961,0
16/10/2024,5660,541,1620,2940,0,1581,0
16/10/2024,5780,697,3011,3891,0,1121,0
17/10/2024,7257,334,3912,1724,0,2915,0
17/10/2024,9135,376,1982,3699,0,1461,0
17/10/2024,9752,543,2405,3786,0,1555,0
17/10/2024,8251,559,1452,1057,0,1397,0
17/10/2024,9539,525,3173,1089,0,2731,0
17/10/2024,7357,397,1713,1997,0,1799,0
17/10/2024,8887,421,2713,1748,0,1598,0
17/10/2024,7302,387,2971,3289,0,1784,0
17/10/2024,8051,439,3309,3543,0,1098,0
17/10/2024,9122,348,2993,2089,0,2109,0
17/10/2024,6174,555,3420,2912,0,1049,0
17/10/2024,7640,381,3853,1306,0,2433,0
17/10/2024,5440,340,3109,1010,0,1083,0
17/10/2024,7789,621,3743,2659,0,1812,0
17/10/2024,5247,325,2997,3198,0,2001,0
18/10/2024,5406,585,1912,1262,0,1984,0
18/10/2024,7556,450,2955,2419,0,1385,0
18/10/2024,9535,685,3632,1209,0,2663,0
18/10/2024,5039,688,1257,2271,0,2174,0
18/10/2024,7933,481,2322,1167,0,2708,0
18/10/2024,6622,546,1772,3444,0,1773,0
18/10/2024,7633,349,3182,1898,0,1169,0
18/10/2024,5066,497,2510,2603,0,2726,0
18/10/2024,7963,700,1667,3530,0,1989,0
18/10/2024,7906,356,1260,2107,0,1401,0
18/10/2024,6770,499,3861,1962,0,1485,0
18/10/2024,9440,360,1053,1854,0,1677,0
18/10/2024,8854,681,2970,1558,0,2708,0
18/10/2024,8649,669,1595,1372,0,1350,0
19/10/2024,9763,583,3605,2696,0,1196,0
19/10/2024,6739,654,2206,2361,0,2860,0
19/10/2024,5032,341,1972,2462,0,2059,0
19/10/2024,5909,328,2012,2777,0,2945,0
19/10/2024,8013,578,2169,2877,0,2004,0
19/10/2024,7669,415,3737,3826,0,2234,0
19/10/2024,6821,629,1794,1965,0,2846,0
19/10/2024,5094,341,3929,1200,0,1184,0
19/10/2024,8344,637,1561,1112,0,2639,0
19/10/2024,6063,519,2141,3915,0,1025,0
19/10/2024,8255,500,3342,1730,0,1187,0
19/10/2024,9761,306,1770,2933,0,1409,0
19/10/2024,5132,601,2923,3099,0,1527,0
19/10/2024,5321,532,3863,2518,0,2260,0
19/10/2024,8951,399,2315,2513,0,2751,0
20/10/2024,5410,606,3252,2283,0,1609,0
20/10/2024,5790,551,1782,3715,0,2558,0
20/10/2024,5748,569,2464,2815,0,2852,0
20/10/2024,8226,428,2519,2116,0,1567,0
20/10/2024,9484,368,2839,1741,0,1287,0
20/10/2024,6034,612,2234,2586,0,1256,0
20/10/2024,9644,546,2123,3849,0,1493,0
20/10/2024,5193,418,1693,3326,0,2014,0
20/10/2024,6322,567,2863,2194,0,2872,0
20/10/2024,7258,589,1394,3532,0,2272,0
20/10/2024,6852,436,1757,3903,0,2443,0
20/10/2024,5604,618,2544,2338,0,2347,0
20/10/2024,9740,694,2890,3075,0,2118,0
20/10/2024,8213,683,2221,1946,0,2625,0
21/10/2024,6752,658,1460,1421,0,2724,0
21/10/2024,6816,375,1812,3637,0,2948,0
21/10/2024,6327,595,3695,3971,0,1214,0
21/10/2024,8831,363,3970,3070,0,1511,0
21/10/2024,7695,686,2464,3368,0,2074,0
21/10/2024,5467,690,3104,1388,0,1238,0
21/10/2024,5176,676,3603,1430,0,1695,0
21/10/2024,8875,622,3994,1491,0,1228,0
21/10/2024,8055,490,1830,2507,0,1289,0
21/10/2024,9748,474,2193,1367,0,1434,0
21/10/2024,5444,535,3666,2294,0,1635,0
21/10/2024,5254,409,1804,2058,0,2301,0
21/10/2024,8149,631,3539,3526,0,2557,0
21/10/2024,8900,587,1774,3378,0,1412,0
21/10/2024,7167,666,1893,1395,0,1548,0
22/10/2024,9117,462,2343,3376,0,2306,0
22/10/2024,6499,342,2207,2655,0,1247,0
22/10/2024,6973,524,3559,1351,0,2390,0
22/10/2024,6360,460,3413,2446,0,2283,0
22/10/2024,6502,368,3109,2813,0,1183,0
22/10/2024,7840,593,2611,1054,0,2897,0
22/10/2024,8989,371,1974,3572,0,1879,0
22/10/2024,7520,330,1094,3810,0,2347,0
22/10/2024,8936,569,2896,1048,0,1801,0
22/10/2024,6678,539,3789,3737,0,1833,0
22/10/2024,5668,554,2986,2495,0,1398,0
22/10/2024,5006,564,1286,3939,0,2372,0
22/10/2024,7219,399,2896,3315,0,2426,0
22/10/2024,5513,473,3665,1442,0,2237,0
22/10/2024,5247,430,3361,3258,0,1007,0
23/10/2024,7053,427,3042,1319,0,2943,0
23/10/2024,5112,370,2528,3052,0,1795,0
23/10/2024,5909,678,2134,1972,0,2011,0
23/10/2024,8228,636,3749,1784,0,1570,0
23/10/2024,5337,363,2477,2354,0,2927,0
23/10/2024,9196,544,1090,2307,0,2642,0
23/10/2024,8915,459,1993,2051,0,1703,0
23/10/2024,5172,660,2936,3078,0,2184,0
23/10/2024,5941,307,3721,3970,0,2023,0
23/10/2024,9115,393,2976,1527,0,1157,0
23/10/2024,9441,442,2670,2798,0,2100,0
23/10/2024,7073,360,3989,2339,0,1905,0
23/10/2024,6273,452,1396,1998,0,2717,0
23/10/2024,9444,404,2001,1240,0,2553,0
23/10/2024,6353,681,2661,2492,0,1637,0
24/10/2024,8404,489,1232,1816,0,2789,0
24/10/2024,6443,331,2240,2435,0,2074,0
24/10/2024,5218,423,3005,3106,0,2476,0
24/10/2024,9479,654,3283,3547,0,1477,0
24/10/2024,8989,531,2140,1260,0,1005,0
24/10/2024,9235,322,1534,1684,0,2770,0
24/10/2024,8344,425,1239,3776,0,2001,0
24/10/2024,6647,559,2707,3729,0,1869,0
24/10/2024,5934,449,2673,3074,0,2292,0
24/10/2024,9919,392,3197,1031,0,2187,0
24/10/2024,8588,501,3906,1160,0,2815,0
24/10/2024,6769,534,3307,2694,0,2395,0
24/10/2024,9618,537,2851,3532,0,2226,0
24/10/2024,7194,536,3780,1272,0,2328,0
24/10/2024,7350,558,3465,3884,0,2196,0
25/10/2024,5250,652,3564,2626,0,2214,0
25/10/2024,8440,468,3303,3717,0,1184,0
25/10/2024,8130,381,2451,1259,0,2278,0
25/10/2024,9543,695,1829,3386,0,2409,0
25/10/2024,7985,425,2349,2293,0,2041,0
25/10/2024,5884,461,1637,1469,0,1339,0
25/10/2024,7983,524,1154,1481,0,1036,0
25/10/2024,7827,581,2077,1877,0,1636,0
25/10/2024,9335,432,3015,2234,0,1369,0
25/10/2024,9717,645,1451,2929,0,1463,0
25/10/2024,9668,637,1518,2526,0,2401,0
25/10/2024,8313,670,2527,1838,0,1990,0
25/10/2024,7173,410,2467,3925,0,2031,0
25/10/2024,5247,385,3159,2131,0,2542,0
26/10/2024,6717,652,2912,3388,0,2719,0
26/10/2024,9583,653,2478,1809,0,1957,0
26/10/2024,9927,531,1448,3591,0,1715,0
26/10/2024,7845,405,1361,2702,0,1667,0
26/10/2024,9144,570,3142,3755,0,1270,0
26/10/2024,5842,638,2556,2769,0,2057,0
26/10/2024,7257,668,2603,1897,0,2307,0
26/10/2024,5442,313,1087,2842,0,2158,0
26/10/2024,8268,574,1868,1224,0,2584,0
26/10/2024,9060,350,1671,2333,0,2646,0
26/10/2024,6541,413,3656,1354,0,2358,0
26/10/2024,7193,323,1564,1586,0,2719,0
26/10/2024,8237,396,2543,3422,0,2596,0
26/10/2024,7763,356,2898,3712,0,1257,0
27/10/2024,8951,434,1769,2474,0,3000,0
27/10/2024,8165,683,3020,3792,0,2990,0
27/10/2024,8623,423,2253,1858,0,1804,0
27/10/2024,9434,636,3273,2792,0,1574,0
27/10/2024,6191,614,3813,2715,0,2783,0
27/10/2024,8638,595,3048,3193,0,2805,0
27/10/2024,9015,637,3567,3677,0,1068,0
27/10/2024,6662,674,3370,1942,0,1688,0
27/10/2024,8641,428,2904,1373,0,1068,0
27/10/2024,7159,454,1985,2799,0,1125,0
27/10/2024,5578,529,1866,2653,0,2768,0
27/10/2024,9455,647,2835,3049,0,1774,0
27/10/2024,8428,625,1398,1723,0,2942,0
27/10/2024,9876,670,2633,2584,0,2418,0
28/10/2024,7742,561,1952,3335,0,2950,0
28/10/2024,9440,533,2576,1723,0,2758,0
28/10/2024,8960,524,3106,1798,0,2836,0
28/10/2024,5165,349,3286,1095,0,1642,0
28/10/2024,9400,575,1682,3996,0,1049,0
28/10/2024,9495,310,3094,2355,0,1554,0
28/10/2024,5137,486,2848,3535,0,1546,0
28/10/2024,6469,501,2243,2433,0,1110,0
28/10/2024,8675,488,1417,3444,0,2798,0
28/10/2024,9122,401,3645,1162,0,1235,0
28/10/2024,9346,588,2323,3793,0,2896,0
28/10/2024,6292,659,3928,3539,0,1867,0
28/10/2024,6101,563,1260,3063,0,2500,0
28/10/2024,8826,535,3923,1641,0,2763,0
28/10/2024,8679,532,1242,3958,0,2232,0
29/10/2024,6101,406,2453,3946,0,2729,0
29/10/2024,7759,689,1337,3219,0,2276,0
29/10/2024,6315,644,1521,3863,0,2452,0
29/10/2024,6779,688,3283,1053,0,1226,0
29/10/2024,7361,364,2931,1548,0,1752,0
29/10/2024,7654,670,3464,3091,0,1324,0
29/10/2024,5473,626,1160,3868,0,1045,0
29/10/2024,5971,635,3367,1722,0,2942,0
29/10/2024,9265,531,2383,1759,0,1192,0
29/10/2024,6697,678,2338,2548,0,1752,0
29/10/2024,5258,345,1070,3407,0,1342,0
29/10/2024,6853,537,3717,1127,0,2047,0
29/10/2024,7955,335,1696,1142,0,1369,0
29/10/2024,9952,565,2091,2402,0,1342,0
29/10/2024,5563,361,3907,3366,0,2494,0
30/10/2024,8191,386,1312,2016,0,2671,0
30/10/2024,9717,344,2170,1029,0,1103,0
30/10/2024,9710,469,3907,3247,0,1094,0
30/10/2024,9163,462,2683,3723,0,2457,0
30/10/2024,5605,366,3554,2767,0,2720,0
30/10/2024,5987,483,2622,1740,0,2096,0
30/10/2024,6260,535,1367,3076,0,2457,0
30/10/2024,7736,434,2341,3092,0,1206,0
30/10/2024,5624,396,1674,2267,0,2305,0
30/10/2024,8741,622,1124,2569,0,1191,0
30/10/2024,7516,664,1007,2493,0,2826,0
30/10/2024,8569,578,3824,3645,0,2759,0
30/10/2024,5585,680,1044,1096,0,2622,0
30/10/2024,5435,383,1350,3816,0,1288,0
31/10/2024,8524,405,1073,2455,0,1047,0
31/10/2024,7967,356,3574,2339,0,2046,0
31/10/2024,7911,504,1574,1291,0,2725,0
31/10/2024,8190,441,3212,1373,0,1593,0
31/10/2024,6820,686,3405,2906,0,2205,0
31/10/2024,5008,444,1380,2639,0,2994,0
31/10/2024,7814,547,2175,3504,0,1549,0
31/10/2024,8480,446,3832,1598,0,1326,0
31/10/2024,8082,553,1173,3871,0,2997,0
31/10/2024,5486,313,1273,3257,0,1742,0
31/10/2024,6206,455,1219,1173,0,1364,0
31/10/2024,5117,455,3930,3871,0,1212,0
31/10/2024,7888,650,3192,2097,0,2673,0
31/10/2024,9328,527,2444,1658,0,1562,0
31/10/2024,5868,597,3542,3696,0,1254,0
01/11/2024,9565,530,3947,3103,0,1630,0
01/11/2024,7331,368,3205,1303,0,2611,0
01/11/2024,7176,683,2575,3890,0,1877,0
01/11/2024,7366,634,1502,3806,0,2352,0
01/11/2024,9304,552,3887,2116,0,1855,0
01/11/2024,9023,369,3387,3123,0,2387,0
01/11/2024,5264,308,1268,2174,0,2459,0
01/11/2024,5164,430,2729,2748,0,2907,0
01/11/2024,5818,369,1197,2669,0,2127,0
01/11/2024,7260,307,3748,3713,0,2441,0
01/11/2024,5746,640,2080,3155,0,2843,0
01/11/2024,6472,319,2593,2136,0,2539,0
01/11/2024,9579,690,1172,2574,0,1657,0
01/11/2024,8704,700,2084,3004,0,2356,0
02/11/2024,5753,396,3388,1898,0,1929,0
02/11/2024,7521,579,1907,2011,0,1807,0
02/11/2024,5670,500,3816,3211,0,2748,0
02/11/2024,7216,333,2819,2598,0,1585,0
02/11/2024,5906,494,2151,2979,0,2676,0
02/11/2024,5312,465,3199,1750,0,1033,0
02/11/2024,5700,340,3570,3184,0,1202,0
02/11/2024,9902,630,2335,1051,0,1285,0
02/11/2024,6862,406,3634,2213,0,1966,0
02/11/2024,8653,378,1645,3480,0,2891,0
02/11/2024,9201,588,2692,3937,0,1600,0
02/11/2024,7828,573,2260,1200,0,1598,0
02/11/2024,6820,618,2072,2951,0,1960,0
02/11/2024,5845,335,2536,2019,0,1257,0
03/11/2024,9734,329,2258,1135,0,1519,0
03/11/2024,6012,449,1526,1530,0,1639,0
03/11/2024,9614,655,3105,2572,0,1247,0
03/11/2024,6625,651,3330,2444,0,1259,0
03/11/2024,9821,313,1127,3130,0,1260,0
03/11/2024,8851,623,3690,3173,0,2076,0
03/11/2024,9346,615,1890,1316,0,1317,0
03/11/2024,6038,335,2335,1939,0,1252,0
03/11/2024,6509,373,3309,1162,0,1007,0
03/11/2024,9529,370,1085,1731,0,2800,0
03/11/2024,8298,336,2962,3510,0,2914,0
03/11/2024,5049,449,1182,1985,0,1726,0
03/11/2024,9302,364,1177,3437,0,1942,0
03/11/2024,8789,502,1152,2946,0,1254,0
04/11/2024,7577,378,3408,1293,0,2671,0
04/11/2024,8514,596,2554,2030,0,1513,0
04/11/2024,8661,634,3683,3366,0,1904,0
04/11/2024,8391,572,1701,2997,0,1740,0
04/11/2024,8020,612,3690,1504,0,1755,0
04/11/2024,7780,516,3400,3011,0,1566,0
04/11/2024,8361,685,2419,1241,0,2823,0
04/11/2024,5212,413,2230,2118,0,2379,0
04/11/2024,6880,559,2991,3148,0,2082,0
04/11/2024,9829,557,3745,1261,0,2023,0
04/11/2024,6689,418,2147,2945,0,1135,0
04/11/2024,7823,696,1996,3858,0,2318,0
04/11/2024,6764,515,1922,3150,0,2777,0
04/11/2024,5097,655,3299,3202,0,2893,0
04/11/2024,8677,523,2116,2022,0,2165,0
05/11/2024,7869,378,3420,1332,0,2463,0
05/11/2024,6639,361,3822,1417,0,2179,0
05/11/2024,6825,486,1120,3903,0,1291,0
05/11/2024,7926,506,3359,1487,0,2287,0
05/11/2024,5775,358,1198,2842,0,2458,0
05/11/2024,9831,483,1766,1413,0,2803,0
05/11/2024,9524,524,2279,2899,0,1706,0
05/11/2024,8890,455,3638,3361,0,2824,0
05/11/2024,5297,394,3959,2412,0,1051,0
05/11/2024,8837,616,3054,1278,0,1165,0
05/11/2024,6069,619,2852,2206,0,2765,0
05/11/2024,7354,328,1935,1060,0,2261,0
05/11/2024,6318,682,1887,3413,0,2210,0
05/11/2024,8584,431,2345,3031,0,2116,0
06/11/2024,6933,345,2366,1567,0,2741,0
06/11/2024,7053,398,2515,3580,0,1812,0
06/11/2024,5267,306,3472,1856,0,1625,0
06/11/2024,9759,395,1368,1655,0,2480,0
06/11/2024,9719,362,2244,2985,0,1864,0
06/11/2024,7609,307,2141,3549,0,1418,0
06/11/2024,8366,318,3284,1976,0,1876,0
06/11/2024,6824,522,2072,2604,0,2042,0
06/11/2024,7782,527,3002,2331,0,2564,0
06/11/2024,6047,423,2704,1385,0,2731,0
06/11/2024,7855,667,3653,1494,0,1185,0
06/11/2024,5984,450,2186,3460,0,1919,0
06/11/2024,7275,457,3524,2471,0,2723,0
06/11/2024,5413,412,2647,3216,0,1067,0
07/11/2024,8763,495,2331,1497,0,1488,0
07/11/2024,8243,404,2673,3415,0,1082,0
07/11/2024,7814,367,2994,2501,0,2021,0
07/11/2024,5811,671,1700,3217,0,1903,0
07/11/2024,7145,472,2236,2790,0,1581,0
07/11/2024,6109,401,2223,2810,0,1292,0
07/11/2024,8963,498,2122,1294,0,1755,0
07/11/2024,9159,571,3534,1814,0,2082,0
07/11/2024,7970,323,3545,1769,0,1150,0
07/11/2024,8190,497,3814,1711,0,1171,0
07/11/2024,5805,357,3877,1343,0,2671,0
07/11/2024,9677,387,1157,3946,0,2430,0
07/11/2024,6553,575,2654,1776,0,1615,0
07/11/2024,7743,538,1906,2500,0,1127,0
07/11/2024,5530,449,3438,2656,0,2949,0
07/11/2024,7621,678,2599,3417,0,1484,0
08/11/2024,5907,517,1400,3149,0,2540,0
08/11/2024,8027,575,1004,1049,0,1151,0
08/11/2024,8776,537,3442,1470,0,2820,0
08/11/2024,9693,552,1561,3318,0,2114,0
08/11/2024,5966,669,1746,2756,0,2160,0
08/11/2024,8757,368,1490,2104,0,1308,0
08/11/2024,8410,635,1701,3587,0,2506,0
08/11/2024,6333,520,2870,2911,0,2870,0
08/11/2024,9035,387,1260,3471,0,1120,0
08/11/2024,5511,352,2589,1976,0,1483,0
08/11/2024,6270,361,2377,3047,0,1616,0
08/11/2024,8401,475,2067,3817,0,1349,0
08/11/2024,8470,472,1486,1956,0,1484,0
08/11/2024,6451,321,3512,3731,0,2397,0
09/11/2024,6168,305,2384,3681,0,2477,0
09/11/2024,9311,535,1345,1769,0,1773,0
09/11/2024,8359,620,2198,1127,0,2063,0
09/11/2024,7042,437,3278,2256,0,2644,0
09/11/2024,8793,418,3395,3055,0,2736,0
09/11/2024,6944,342,1025,3724,0,1642,0
09/11/2024,9953,337,1761,2558,0,2460,0
09/11/2024,6591,552,3568,1212,0,2976,0
09/11/2024,6151,316,3933,3030,0,2558,0
09/11/2024,7772,430,2864,1359,0,2012,0
09/11/2024,7300,435,3191,2630,0,2884,0
09/11/2024,5800,555,2051,2153,0,1284,0
09/11/2024,7482,349,1049,3137,0,1833,0
09/11/2024,9289,469,1006,2166,0,2937,0
10/11/2024,7466,516,2796,3504,0,2272,0
10/11/2024,6394,389,3192,3421,0,2990,0
10/11/2024,5569,577,2296,1790,0,2571,0
10/11/2024,6259,618,1337,2145,0,1633,0
10/11/2024,5909,418,1116,1769,0,2972,0
10/11/2024,9178,588,1001,2452,0,2031,0
10/11/2024,8887,326,3900,3792,0,1023,0
10/11/2024,7145,685,3089,3519,0,1675,0
10/11/2024,5098,413,2451,1274,0,1786,0
10/11/2024,6131,649,2196,2153,0,1077,0
10/11/2024,8107,593,3278,3556,0,1457,0
10/11/2024,9269,641,1785,3549,0,2569,0
10/11/2024,5421,472,2760,3749,0,1469,0
11/11/2024,6792,619,3616,2213,0,2960,0
11/11/2024,8683,396,2644,3436,0,2100,0
11/11/2024,5896,389,1460,1239,0,2124,0
11/11/2024,6096,608,1531,1165,0,1122,0
11/11/2024,8544,469,2324,3447,0,2776,0
11/11/2024,9536,300,2346,3956,0,1316,0
11/11/2024,7642,314,1849,1764,0,2771,0
11/11/2024,8463,671,1363,1771,0,2454,0
11/11/2024,7799,377,3224,1347,0,2453,0
11/11/2024,6478,505,1407,3521,0,2366,0
11/11/2024,6632,582,1681,2426,0,1638,0
11/11/2024,8806,385,1137,3332,0,1694,0
11/11/2024,9941,352,2103,3506,0,2095,0
11/11/2024,6468,583,3925,3745,0,2665,0
11/11/2024,9911,620,1864,3056,0,1203,0
12/11/2024,6571,458,2859,3176,0,2812,0
12/11/2024,9477,363,3580,1178,0,1632,0
12/11/2024,5079,656,3451,1956,0,1481,0
12/11/2024,7773,633,2575,1756,0,2312,0
12/11/2024,7888,360,3211,1136,0,1835,0
12/11/2024,9665,587,3089,2399,0,1724,0
12/11/2024,6642,677,1326,3603,0,1550,0
12/11/2024,5731,555,2889,2409,0,2461,0
12/11/2024,8031,685,1819,2890,0,2936,0
12/11/2024,5708,647,1414,1970,0,2617,0
12/11/2024,9307,628,2374,3228,0,2273,0
12/11/2024,9657,436,2996,3639,0,2969,0
12/11/2024,8320,584,3768,3485,0,1376,0
12/11/2024,9399,322,1050,2552,0,1041,0
12/11/2024,7843,347,3079,2463,0,2689,0
13/11/2024,8380,627,1606,2917,0,2786,0
13/11/2024,6013,511,1844,2873,0,2954,0
13/11/2024,8449,434,2023,3914,0,2325,0
13/11/2024,8610,304,2221,2284,0,2429,0
13/11/2024,6125,303,1187,2450,0,2526,0
13/11/2024,9314,541,3443,2578,0,2706,0
13/11/2024,7162,367,2755,2634,0,1002,0
13/11/2024,8172,509,3178,3639,0,1423,0
13/11/2024,9803,432,2964,3225,0,1420,0
13/11/2024,8078,426,1624,2071,0,2845,0
13/11/2024,8136,301,2914,2750,0,2561,0
13/11/2024,8253,361,3431,3208,0,1858,0
13/11/2024,6011,653,3871,2830,0,1090,0
13/11/2024,9244,421,3073,3788,0,1084,0
14/11/2024,7169,343,1693,3917,0,1256,0
14/11/2024,6823,607,2879,1734,0,2955,0
14/11/2024,7501,434,2780,1270,0,1239,0
14/11/2024,9792,549,1102,2465,0,1843,0
14/11/2024,6588,648,2068,1839,0,1236,0
14/11/2024,6782,596,2691,3341,0,1401,0
14/11/2024,6368,304,2876,3216,0,2608,0
14/11/2024,8727,601,2655,1677,0,2515,0
14/11/2024,9566,495,3982,2313,0,1183,0
14/11/2024,8462,370,1644,3844,0,2842,0
14/11/2024,5891,399,1262,1767,0,1911,0
14/11/2024,7979,344,1467,1152,0,2657,0
14/11/2024,7619,613,1811,3608,0,2004,0
14/11/2024,8565,543,1700,3954,0,2023,0
14/11/2024,8466,470,1327,1838,0,1474,0
15/11/2024,9941,481,1157,1943,0,1552,0
15/11/2024,8589,458,2189,3390,0,1870,0
15/11/2024,5299,485,3201,3358,0,2390,0
15/11/2024,6549,416,3178,3823,0,2824,0
15/11/2024,5559,415,1950,2773,0,2840,0
15/11/2024,7319,386,2968,1245,0,2071,0
15/11/2024,8966,577,3503,3948,0,2851,0
15/11/2024,7135,339,1024,3943,0,2601,0
15/11/2024,8535,638,1230,1082,0,2761,0
15/11/2024,6486,315,2327,3260,0,1831,0
15/11/2024,9421,547,3437,3388,0,1429,0
15/11/2024,9918,672,2431,3046,0,1529,0
15/11/2024,7184,416,2353,2121,0,1742,0
15/11/2024,9701,459,1264,2436,0,1106,0
16/11/2024,9205,491,1647,3511,0,1433,0
16/11/2024,5263,617,2506,2693,0,1305,0
16/11/2024,7625,405,2190,3778,0,1355,0
16/11/2024,5730,573,1258,1689,0,2326,0
16/11/2024,8588,448,3169,2122,0,1543,0
16/11/2024,9836,436,3667,3954,0,1363,0
16/11/2024,6390,308,1010,2024,0,1424,0
16/11/2024,9463,412,1961,1588,0,1085,0
16/11/2024,9693,340,3095,3611,0,2875,0
16/11/2024,6308,307,3153,3698,0,2507,0
16/11/2024,9299,591,3116,1182,0,1934,0
16/11/2024,5198,422,2695,1319,0,1133,0
16/11/2024,8914,443,2208,3394,0,1868,0
16/11/2024,7685,524,1275,3297,0,2418,0
17/11/2024,5329,600,1808,3472,0,2672,0
17/11/2024,6201,626,2833,3439,0,2787,0
17/11/2024,9838,547,1909,3143,0,2590,0
17/11/2024,6590,336,1821,1844,0,1788,0
17/11/2024,6957,575,2454,3948,0,2261,0
17/11/2024,8147,550,1262,3210,0,2442,0
17/11/2024,9922,486,1883,3462,0,1919,0
17/11/2024,8392,480,3006,2984,0,2237,0
17/11/2024,7950,332,1136,3898,0,2786,0
17/11/2024,8195,663,2774,2577,0,1211,0
17/11/2024,8086,665,2397,1699,0,1789,0
17/11/2024,9620,573,2140,1971,0,2166,0
17/11/2024,8614,433,2037,3021,0,1675,0
18/11/2024,9467,374,1853,1705,0,2135,0
18/11/2024,5903,694,1826,2368,0,2146,0
18/11/2024,9747,567,1478,3317,0,2475,0
18/11/2024,7840,337,1542,2199,0,2049,0
18/11/2024,9780,343,2900,2351,0,2612,0
18/11/2024,9856,306,2657,2185,0,1636,0
18/11/2024,7095,504,3704,1895,0,2015,0
18/11/2024,6012,420,2248,1631,0,1512,0
18/11/2024,6267,503,3633,1446,0,1341,0
18/11/2024,6877,384,1069,1289,0,2514,0
18/11/2024,5222,606,3681,3805,0,1010,0
18/11/2024,9544,592,2282,2253,0,1860,0
18/11/2024,6648,568,1803,2205,0,1342,0
18/11/2024,6730,431,3443,1961,0,1230,0
19/11/2024,6068,432,1129,2684,0,1630,0
19/11/2024,6430,456,1001,2509,0,1879,0
19/11/2024,9551,539,1843,1854,0,2748,0
19/11/2024,7885,503,1600,2256,0,1689,0
19/11/2024,8051,405,2971,1032,0,2466,0
19/11/2024,6650,488,3723,3363,0,2964,0
19/11/2024,7138,348,2067,2540,0,2531,0
19/11/2024,7791,556,3779,3263,0,1082,0
19/11/2024,6514,697,1587,3644,0,2597,0
19/11/2024,5633,620,3829,2853,0,1129,0
19/11/2024,8124,504,2884,2596,0,2108,0
19/11/2024,7358,681,1097,1595,0,2020,0
19/11/2024,6169,542,1602,3746,0,2665,0
19/11/2024,9957,495,1502,1786,0,2371,0
19/11/2024,9719,410,2186,2071,0,2412,0
20/11/2024,6889,659,2370,3790,0,2530,0
20/11/2024,5223,371,2891,1054,0,2786,0
20/11/2024,9810,345,2658,1534,0,2515,0
20/11/2024,5760,359,3557,2239,0,1250,0
20/11/2024,8129,680,2476,1810,0,2855,0
20/11/2024,8411,691,3056,1368,0,1012,0
20/11/2024,8038,472,3303,1428,0,2346,0
20/11/2024,7753,403,1231,2280,0,2693,0
20/11/2024,6709,689,2311,1420,0,2366,0
20/11/2024,6127,510,1441,3078,0,1916,0
20/11/2024,9963,427,3974,3717,0,1709,0
20/11/2024,6734,393,1435,3149,0,1927,0
20/11/2024,9932,466,3147,2706,0,2253,0
20/11/2024,9899,489,3432,1573,0,1460,0
20/11/2024,9154,659,1081,1500,0,1457,0
21/11/2024,5956,674,1527,2909,0,2273,0
21/11/2024,5798,387,3445,3302,0,2485,0
21/11/2024,5730,528,1954,1684,0,2613,0
21/11/2024,8239,650,1242,1712,0,2761,0
21/11/2024,6917,358,2679,3681,0,1198,0
21/11/2024,9643,417,3822,3663,0,1206,0
21/11/2024,8742,411,2810,1396,0,1140,0
21/11/2024,9620,540,2844,3647,0,2614,0
21/11/2024,5682,555,2653,1450,0,1023,0
21/11/2024,8939,339,2242,3166,0,1954,0
21/11/2024,8381,310,2228,2912,0,1316,0
21/11/2024,7732,453,3807,2976,0,2977,0
21/11/2024,6222,395,3944,1940,0,2437,0
21/11/2024,8497,356,2183,2319,0,1915,0
21/11/2024,9889,592,2061,2602,0,1795,0
22/11/2024,6550,311,2900,2349,0,1061,0
22/11/2024,9522,634,1116,3498,0,2079,0
22/11/2024,8070,603,1547,1413,0,2672,0
22/11/2024,6531,377,1914,2761,0,1025,0
22/11/2024,7384,341,3282,3839,0,1378,0
22/11/2024,5901,623,1966,2533,0,2388,0
22/11/2024,6639,650,3208,2324,0,2222,0
22/11/2024,9895,468,2781,2870,0,2823,0
22/11/2024,9843,617,1501,3042,0,2094,0
22/11/2024,8773,404,3080,3700,0,1728,0
22/11/2024,7627,576,2245,2935,0,2168,0
22/11/2024,5498,495,2678,2291,0,2854,0
22/11/2024,9526,490,2821,2549,0,2897,0
22/11/2024,8856,587,1664,2821,0,1712,0
22/11/2024,7482,566,1573,3093,0,2187,0
23/11/2024,6464,379,1977,3346,0,2492,0
23/11/2024,5583,392,3755,3162,0,2122,0
23/11/2024,7386,664,1651,2234,0,2774,0
23/11/2024,8971,607,2022,2907,0,2727,0
23/11/2024,5111,504,1708,1485,0,2766,0
23/11/2024,7836,577,3481,3317,0,1666,0
23/11/2024,5204,365,2057,2116,0,1856,0
23/11/2024,5481,637,1237,2811,0,1532,0
23/11/2024,9662,374,2271,2187,0,2590,0
23/11/2024,9795,674,3884,3804,0,2897,0
23/11/2024,8051,520,3084,2192,0,1668,0
23/11/2024,6177,604,1242,3160,0,1175,0
23/11/2024,8835,502,3987,2261,0,2127,0
23/11/2024,7983,449,3492,1391,0,1202,0
24/11/2024,9224,678,1224,1388,0,1873,0
24/11/2024,5695,604,2220,2346,0,2244,0
24/11/2024,7085,527,1179,1465,0,2360,0
24/11/2024,5819,667,1489,2000,0,2083,0
24/11/2024,9342,439,1379,3740,0,1183,0
24/11/2024,5498,424,1637,3600,0,2132,0
24/11/2024,5120,469,2962,1496,0,1606,0
24/11/2024,7677,375,2351,1967,0,1485,0
24/11/2024,8737,322,2854,3994,0,2042,0
24/11/2024,5044,350,3576,2907,0,2032,0
24/11/2024,6203,619,2677,1907,0,1086,0
24/11/2024,7711,342,1137,1729,0,2640,0
24/11/2024,6885,507,1051,1866,0,2213,0
25/11/2024,7172,487,3817,3351,0,1300,0
25/11/2024,9997,680,3181,1468,0,1254,0
25/11/2024,6179,458,2996,3798,0,1097,0
25/11/2024,8608,667,2193,3604,0,2512,0
25/11/2024,6556,424,3939,1876,0,2434,0
25/11/2024,9342,608,3538,1411,0,1744,0
25/11/2024,8285,436,3270,3578,0,2043,0
25/11/2024,6727,679,3617,2377,0,2519,0
25/11/2024,5203,568,1650,1962,0,1980,0
25/11/2024,5278,425,3034,2838,0,2916,0
25/11/2024,5766,350,2021,1969,0,2773,0
25/11/2024,5794,338,1860,3643,0,2422,0
25/11/2024,7770,463,2798,1636,0,1587,0
25/11/2024,7515,433,2161,3869,0,1344,0
25/11/2024,6998,584,1886,1436,0,1471,0
26/11/2024,8547,477,2901,2608,0,1255,0
26/11/2024,8916,456,2029,2179,0,1095,0
26/11/2024,9162,688,3538,2198,0,2419,0
26/11/2024,7399,689,2636,3214,0,2563,0
26/11/2024,8186,486,1546,2188,0,1052,0
26/11/2024,9906,536,3843,3731,0,1008,0
26/11/2024,8967,689,3028,1500,0,2575,0
26/11/2024,7615,506,2126,2369,0,1743,0
26/11/2024,5360,367,2368,2190,0,2097,0
26/11/2024,6876,398,3609,1966,0,2549,0
26/11/2024,9934,451,1580,3690,0,2247,0
26/11/2024,5614,657,3012,2264,0,2953,0
26/11/2024,6028,375,3958,3701,0,1720,0
26/11/2024,8689,400,1288,1312,0,1451,0
26/11/2024,7742,643,1461,3847,0,2078,0
27/11/2024,6699,362,1417,2183,0,2826,0
27/11/2024,8441,368,3902,3047,0,2901,0
27/11/2024,6042,515,2566,2049,0,2661,0
27/11/2024,7777,317,2841,2484,0,1938,0
27/11/2024,6527,495,1563,2926,0,1282,0
27/11/2024,6432,579,1778,3546,0,1588,0
27/11/2024,9130,565,2070,2238,0,1402,0
27/11/2024,5827,453,2237,3026,0,1528,0
27/11/2024,9573,628,1128,2360,0,2244,0
27/11/2024,6923,395,3767,2856,0,1681,0
27/11/2024,6380,598,3520,2465,0,2883,0
27/11/2024,5114,398,1955,3980,0,2388,0
27/11/2024,6873,300,1016,3921,0,2250,0
27/11/2024,7016,634,1266,2798,0,2969,0
28/11/2024,9981,454,2081,3367,0,1174,0
28/11/2024,6647,700,3701,3130,0,2267,0
28/11/2024,9258,345,3526,3551,0,1335,0
28/11/2024,7428,378,1975,1641,0,1311,0
28/11/2024,6552,361,3765,1507,0,2418,0
28/11/2024,5957,646,3322,3959,0,2327,0
28/11/2024,5410,324,2953,1339,0,2129,0
28/11/2024,7819,483,3341,1139,0,2380,0
28/11/2024,5173,391,2847,2082,0,1026,0
28/11/2024,9227,561,3753,2967,0,2755,0
28/11/2024,7183,563,2435,2439,0,2950,0
28/11/2024,8746,596,1807,2997,0,1224,0
28/11/2024,9989,592,2145,2124,0,1187,0
28/11/2024,9775,540,1638,2324,0,1966,0
29/11/2024,8035,604,3180,1181,0,1744,0
29/11/2024,7909,496,2567,3183,0,2333,0
29/11/2024,7263,398,3932,2392,0,1762,0
29/11/2024,7379,693,1637,2375,0,2278,0
29/11/2024,9472,587,3383,1943,0,2518,0
29/11/2024,6672,378,3470,3548,0,2285,0
29/11/2024,9384,326,3788,1795,0,1557,0
29/11/2024,7492,653,3243,3665,0,2862,0
29/11/2024,5674,648,1709,1354,0,2342,0
29/11/2024,8242,316,1297,2022,0,2412,0
29/11/2024,6507,447,3832,2277,0,1726,0
29/11/2024,7543,511,3611,3243,0,1672,0
29/11/2024,7475,467,3215,3567,0,1367,0
29/11/2024,8343,379,3878,2333,0,1613,0
30/11/2024,6457,678,3310,1397,0,2199,0
30/11/2024,8173,615,3511,3518,0,2371,0
30/11/2024,7594,547,2486,3288,0,1551,0
30/11/2024,5147,688,2320,3836,0,2271,0
30/11/2024,5965,626,1023,3666,0,1718,0
30/11/2024,6246,375,2729,3533,0,2149,0
30/11/2024,9644,529,3991,2716,0,1536,0
30/11/2024,9342,698,2434,1348,0,2623,0
30/11/2024,6039,599,3173,1006,0,1695,0
30/11/2024,7228,353,1110,1719,0,1283,0
30/11/2024,8834,363,3330,3358,0,1884,0
30/11/2024,8882,639,2512,2129,0,2526,0
30/11/2024,8781,304,2626,3847,0,1254,0
30/11/2024,5159,426,3909,2763,0,2421,0
01/12/2024,5058,323,2384,1329,0,2306,0
01/12/2024,6040,601,3314,3799,0,2161,0
01/12/2024,8175,530,2070,1180,0,2872,0
01/12/2024,6698,434,2922,1443,0,2350,0
01/12/2024,5144,444,2573,2055,0,1464,0
01/12/2024,9898,506,1190,3460,0,1216,0
01/12/2024,9856,444,1161,2562,0,2921,0
01/12/2024,6691,628,3546,3083,0,2257,0
01/12/2024,5879,470,3070,1584,0,2743,0
01/12/2024,6872,406,3429,1247,0,2347,0
01/12/2024,8998,687,3324,3696,0,1107,0
01/12/2024,8673,520,3907,1809,0,2819,0
01/12/2024,9540,660,1342,3110,0,2441,0
02/12/2024,9158,438,3677,3447,0,1778,0
02/12/2024,9862,379,2784,2912,0,1799,0
02/12/2024,8406,347,3795,3980,0,1616,0
02/12/2024,9500,400,3551,1808,0,2385,0
02/12/2024,8991,676,3215,1501,0,1686,0
02/12/2024,9636,408,1456,2256,0,2525,0
02/12/2024,9834,633,2591,1730,0,1429,0
02/12/2024,7025,610,2750,2212,0,1992,0
02/12/2024,7234,593,3253,1172,0,1371,0
02/12/2024,8920,467,1671,1163,0,1866,0
02/12/2024,7897,661,3047,1950,0,2612,0
02/12/2024,6431,333,1643,3094,0,2889,0
02/12/2024,9591,353,2970,3335,0,1490,0
02/12/2024,7041,635,2564,2028,0,1283,0
03/12/2024,7384,552,3736,1409,0,1641,0
03/12/2024,8140,647,2711,2790,0,1218,0
03/12/2024,6869,634,2242,1913,0,2322,0
03/12/2024,7410,328,2683,1618,0,1137,0
03/12/2024,9695,376,3432,1499,0,2200,0
03/12/2024,7374,409,2226,2076,0,1977,0
03/12/2024,5585,500,3479,2756,0,1050,0
03/12/2024,6224,456,2292,3421,0,2423,0
03/12/2024,9378,581,2709,1222,0,1534,0
03/12/2024,7677,433,1558,1431,0,1200,0
03/12/2024,8630,327,2273,2799,0,1322,0
03/12/2024,9578,487,1186,2915,0,2686,0
03/12/2024,6977,546,3712,1317,0,2500,0
03/12/2024,5933,466,1379,1776,0,2678,0
03/12/2024,7372,410,1662,1221,0,1126,0
04/12/2024,8053,452,2788,3813,0,1551,0
04/12/2024,6726,633,3705,2421,0,1702,0
04/12/2024,6793,521,2457,1746,0,2801,0
04/12/2024,9919,617,1628,2264,0,2174,0
04/12/2024,5725,653,2159,1597,0,2329,0
04/12/2024,8421,529,2191,2930,0,2675,0
04/12/2024,6521,593,2308,1693,0,1523,0
04/12/2024,8653,591,1851,2117,0,1700,0
04/12/2024,9721,430,2866,3029,0,1414,0
04/12/2024,5270,341,2684,1734,0,2119,0
04/12/2024,5933,562,1448,3551,0,2223,0
04/12/2024,8005,355,1181,2490,0,2324,0
04/12/2024,7512,679,2204,2022,0,1675,0
04/12/2024,5023,691,1039,1070,0,1886,0
04/12/2024,5539,374,3966,3316,0,1510,0
05/12/2024,6805,431,1439,1705,0,2126,0
05/12/2024,8233,532,3482,1189,0,1887,0
05/12/2024,6567,594,3697,2607,0,1459,0
05/12/2024,9160,420,1526,2014,0,2822,0
05/12/2024,7554,431,1253,1545,0,2511,0
05/12/2024,5813,604,1256,3651,0,2372,0
05/12/2024,7941,692,2513,2683,0,1726,0
05/12/2024,5792,451,3081,2305,0,2770,0
05/12/2024,6123,685,2796,2345,0,2030,0
05/12/2024,5604,358,3554,2901,0,2942,0
05/12/2024,9566,443,1646,3832,0,2740,0
05/12/2024,5954,620,3142,3435,0,1187,0
05/12/2024,7315,644,1454,2897,0,1401,0
05/12/2024,6931,503,1415,3272,0,1044,0
05/12/2024,8362,502,1534,3607,0,2993,0
06/12/2024,9731,312,3675,1175,0,1253,0
06/12/2024,9549,572,2559,2214,0,2981,0
06/12/2024,6397,362,3581,1391,0,2780,0
06/12/2024,5427,624,3169,1812,0,2020,0
06/12/2024,8086,348,3956,3688,0,1650,0
06/12/2024,8545,578,2279,2561,0,2961,0
06/12/2024,8204,607,1621,2127,0,2506,0
06/12/2024,5640,472,1452,1393,0,1761,0
06/12/2024,8551,533,3471,3071,0,1508,0
06/12/2024,5508,359,2793,3529,0,1459,0
06/12/2024,8877,466,1711,3365,0,2931,0
06/12/2024,8954,553,1387,3686,0,2429,0
06/12/2024,8158,672,2827,3331,0,2181,0
06/12/2024,9857,303,2381,3178,0,2670,0
07/12/2024,7132,326,1019,2478,0,2216,0
07/12/2024,9576,639,3129,2929,0,2374,0
07/12/2024,7078,654,1566,3177,0,1778,0
07/12/2024,9285,666,3652,3280,0,1940,0
07/12/2024,5891,546,1343,3150,0,1471,0
07/12/2024,5847,362,2768,1291,0,2877,0
07/12/2024,9599,477,2687,2565,0,2913,0
07/12/2024,8197,586,2546,2137,0,1026,0
07/12/2024,8112,529,1129,2872,0,1816,0
07/12/2024,5853,691,2721,2950,0,1506,0
07/12/2024,6927,502,2901,1043,0,1603,0
07/12/2024,7140,402,3866,3877,0,2452,0
07/12/2024,7724,442,3547,1763,0,1857,0
07/12/2024,9418,347,3769,1743,0,2065,0
08/12/2024,8461,453,2341,2381,0,2449,0
08/12/2024,8213,687,2143,2285,0,2757,0
08/12/2024,7066,363,1789,2676,0,2924,0
08/12/2024,6165,548,2260,3471,0,1663,0
08/12/2024,8100,664,3425,2821,0,1951,0
08/12/2024,7716,547,3020,2593,0,2191,0
08/12/2024,6234,585,3239,2086,0,1411,0
08/12/2024,8086,407,3826,1417,0,1976,0
08/12/2024,6492,315,1591,2365,0,1703,0
08/12/2024,5748,692,2979,1139,0,1681,0
08/12/2024,6233,484,3748,2790,0,2381,0
08/12/2024,6158,542,1247,1784,0,2096,0
08/12/2024,7334,361,1976,1657,0,2598,0
09/12/2024,6642,651,1422,1681,0,2162,0
09/12/2024,7979,661,2902,3215,0,1398,0
09/12/2024,8349,572,1418,1480,0,1388,0
09/12/2024,8409,685,2712,1656,0,2594,0
09/12/2024,6969,423,1196,3113,0,1641,0
09/12/2024,5339,602,3857,3742,0,2516,0
09/12/2024,7332,587,2172,3580,0,1747,0
09/12/2024,7890,611,1553,1581,0,2711,0
09/12/2024,7304,700,1697,3801,0,2482,0
09/12/2024,8966,615,3304,2111,0,1814,0
09/12/2024,6263,600,1271,3353,0,1669,0
09/12/2024,8214,503,2578,2356,0,1311,0
09/12/2024,9563,623,1178,1138,0,2524,0
09/12/2024,6520,593,1200,1152,0,1666,0
10/12/2024,9656,543,1237,3310,0,1284,0
10/12/2024,9896,674,2844,1435,0,2487,0
10/12/2024,9903,667,1057,2544,0,1315,0
10/12/2024,9948,624,3249,2954,0,2016,0
10/12/2024,8394,571,2741,2178,0,2015,0
10/12/2024,8327,496,2372,1379,0,1810,0
10/12/2024,7975,462,1977,3242,0,2514,0
10/12/2024,5215,611,1233,2704,0,2716,0
10/12/2024,6547,472,1648,1019,0,2555,0
10/12/2024,7167,454,3545,3995,0,1900,0
10/12/2024,5560,309,3280,2852,0,1384,0
10/12/2024,5931,591,3859,3535,0,2039,0
10/12/2024,9612,661,3282,3096,0,2620,0
10/12/2024,9067,404,1623,2143,0,1923,0
10/12/2024,8848,494,1562,2182,0,1558,0
11/12/2024,7541,339,1653,1132,0,1240,0
11/12/2024,5747,318,2827,1595,0,1226,0
11/12/2024,5980,429,3966,2831,0,2758,0
11/12/2024,5125,658,3927,2226,0,1909,0
11/12/2024,8966,304,3463,3954,0,2520,0
11/12/2024,8401,438,3120,1319,0,1855,0
11/12/2024,5873,441,3617,2532,0,1461,0
11/12/2024,6953,622,1814,3964,0,1887,0
11/12/2024,9532,343,1395,1411,0,2620,0
11/12/2024,6947,491,2214,1419,0,2397,0
11/12/2024,9904,632,1167,3580,0,2789,0
11/12/2024,7440,683,1803,3606,0,2151,0
11/12/2024,5097,631,2233,2640,0,1861,0
11/12/2024,5174,651,1953,1193,0,2137,0
12/12/2024,9301,673,1969,1562,0,1062,0
12/12/2024,5518,422,1781,1635,0,2568,0
12/12/2024,8922,650,3628,3201,0,2848,0
12/12/2024,9322,454,2469,2792,0,2918,0
12/12/2024,5880,402,2367,2315,0,1779,0
12/12/2024,8940,645,3817,3863,0,2942,0
12/12/2024,6095,503,3770,3713,0,2693,0
12/12/2024,8613,633,3614,3293,0,2214,0
12/12/2024,8739,325,3230,3073,0,2996,0
12/12/2024,8053,626,1379,2487,0,2230,0
12/12/2024,8861,493,3292,1537,0,1214,0
12/12/2024,5114,672,3113,1663,0,2859,0
12/12/2024,6331,345,3617,1564,0,2000,0
12/12/2024,8887,541,2047,3190,0,2142,0
12/12/2024,9457,663,1459,2272,0,2526,0
13/12/2024,9894,577,2785,2270,0,2915,0
13/12/2024,6791,395,3358,2301,0,2376,0
13/12/2024,5961,657,3587,1580,0,2104,0
13/12/2024,6808,584,1972,2649,0,2287,0
13/12/2024,6827,426,1429,2611,0,1427,0
13/12/2024,6589,387,2297,3050,0,2814,0
13/12/2024,5122,652,3721,1226,0,2696,0
13/12/2024,6905,691,2770,3315,0,1156,0
13/12/2024,8780,689,2960,2562,0,1113,0
13/12/2024,6986,488,1388,3383,0,1857,0
13/12/2024,5804,487,3960,1386,0,1061,0
13/12/2024,6148,484,1565,1856,0,2179,0
13/12/2024,8423,331,3220,1727,0,1786,0
13/12/2024,6150,378,2189,1048,0,2795,0
14/12/2024,7692,383,3475,1812,0,2828,0
14/12/2024,8491,698,2807,1496,0,2500,0
14/12/2024,9896,387,1631,2406,0,2242,0
14/12/2024,5902,560,1206,2458,0,2418,0
14/12/2024,8724,535,2367,2652,0,1410,0
14/12/2024,7930,417,3964,2779,0,1036,0
14/12/2024,9154,694,1510,3260,0,1299,0
14/12/2024,6727,420,2021,1219,0,2474,0
14/12/2024,8871,381,1066,2172,0,1251,0
14/12/2024,7415,597,2682,2624,0,2182,0
14/12/2024,7322,602,1895,1837,0,1808,0
14/12/2024,6471,614,1964,3636,0,2980,0
14/12/2024,7054,388,1945,1626,0,1805,0
14/12/2024,9401,500,3114,2644,0,2714,0
15/12/2024,6059,409,1667,2344,0,1740,0
15/12/2024,8130,315,1571,3979,0,1880,0
15/12/2024,7453,366,2354,3182,0,1143,0
15/12/2024,6939,609,3108,2989,0,2334,0
15/12/2024,6792,341,3926,2771,0,2464,0
15/12/2024,5303,372,1279,3551,0,2397,0
15/12/2024,5999,373,2983,3384,0,1545,0
15/12/2024,7947,699,1315,2177,0,2181,0
15/12/2024,5463,552,3007,2363,0,1257,0
15/12/2024,5232,370,2115,3612,0,2200,0
15/12/2024,9091,311,1362,3790,0,1457,0
15/12/2024,9295,444,3634,2025,0,1713,0
15/12/2024,8840,397,2395,2407,0,1569,0
16/12/2024,5559,568,1530,3538,0,1511,0
16/12/2024,8501,585,2156,3433,0,2248,0
16/12/2024,5865,557,2534,3827,0,1871,0
16/12/2024,7344,559,3232,2237,0,2538,0
16/12/2024,8801,513,1745,2126,0,1165,0
16/12/2024,5867,377,3335,3595,0,1424,0
16/12/2024,8172,524,2388,3056,0,2712,0
16/12/2024,6243,320,1869,2245,0,2487,0
16/12/2024,9438,458,2375,1584,0,1762,0
16/12/2024,7070,581,3475,3223,0,1138,0
16/12/2024,5018,688,3070,3321,0,1792,0
16/12/2024,7662,538,3804,1291,0,1552,0
16/12/2024,8332,308,3037,2847,0,1365,0
16/12/2024,9159,585,3772,2870,0,2060,0
16/12/2024,5225,683,2820,1746,0,2049,0
17/12/2024,6849,553,1623,3310,0,2339,0
17/12/2024,8462,526,3966,1739,0,2650,0
17/12/2024,7917,412,2943,3538,0,2334,0
17/12/2024,6448,349,1669,3573,0,2295,0
17/12/2024,9444,371,2342,1564,0,2631,0
17/12/2024,7403,315,2495,1604,0,1317,0
17/12/2024,6649,603,2880,3635,0,2606,0
17/12/2024,6496,508,2997,1358,0,1551,0
17/12/2024,7897,589,3809,1083,0,2395,0
17/12/2024,6178,358,1010,2419,0,2220,0
17/12/2024,8466,336,1687,3055,0,2875,0
17/12/2024,7684,364,3116,3676,0,2955,0
17/12/2024,6262,325,1578,1532,0,1586,0
17/12/2024,8895,691,2290,1928,0,1028,0
17/12/2024,8643,476,2318,2361,0,1184,0
18/12/2024,7993,618,1266,3188,0,2528,0
18/12/2024,6680,519,3239,1477,0,2522,0
18/12/2024,5825,427,2354,2095,0,1323,0
18/12/2024,7201,569,2635,3864,0,2488,0
18/12/2024,5558,586,3325,1936,0,2162,0
18/12/2024,9611,466,1532,2406,0,2464,0
18/12/2024,5724,324,1466,2165,0,2791,0
18/12/2024,8608,349,1064,3218,0,1475,0
18/12/2024,6930,600,1179,2195,0,2958,0
18/12/2024,5300,592,2030,3409,0,2154,0
18/12/2024,8097,641,1077,2356,0,2694,0
18/12/2024,8476,571,2817,1356,0,1310,0
18/12/2024,8795,400,1944,2085,0,2752,0
18/12/2024,5472,601,2325,3484,0,1186,0
19/12/2024,9979,541,2743,1547,0,2144,0
19/12/2024,7438,429,1809,3137,0,1173,0
19/12/2024,5526,473,3641,1443,0,1531,0
19/12/2024,6945,312,2509,1882,0,2222,0
19/12/2024,7925,449,2975,3256,0,1170,0
19/12/2024,6078,412,1279,3423,0,1801,0
19/12/2024,5651,504,3177,2512,0,1285,0
19/12/2024,7263,380,1291,2940,0,1945,0
19/12/2024,9122,647,2473,2575,0,1734,0
19/12/2024,5541,682,3338,2440,0,1525,0
19/12/2024,6255,594,1563,2173,0,1162,0
19/12/2024,9135,558,2281,2671,0,1670,0
19/12/2024,7432,683,1809,2157,0,2069,0
19/12/2024,8253,661,3304,1045,0,2960,0
19/12/2024,6528,678,3024,1543,0,2683,0
20/12/2024,9009,356,2853,3533,0,1837,0
20/12/2024,7285,604,1527,3828,0,1509,0
20/12/2024,6361,329,2627,2608,0,1065,0
20/12/2024,9865,610,2034,2188,0,1592,0
20/12/2024,7940,437,3028,3697,0,2974,0
20/12/2024,8573,673,1541,2805,0,1445,0
20/12/2024,6936,609,2310,3326,0,2439,0
20/12/2024,5693,417,1225,2297,0,2806,0
20/12/2024,8817,461,1086,3828,0,2789,0
20/12/2024,9718,427,3425,3706,0,1643,0
20/12/2024,9805,673,1364,2141,0,2224,0
20/12/2024,8609,362,3476,3299,0,2984,0
20/12/2024,6914,531,1705,1186,0,2759,0
20/12/2024,7316,599,2629,3178,0,1832,0
21/12/2024,5396,391,2061,3346,0,2707,0
21/12/2024,9550,501,3526,2608,0,2916,0
21/12/2024,7062,542,3941,3176,0,2034,0
21/12/2024,8254,320,1351,1907,0,2914,0
21/12/2024,8177,469,1840,2576,0,2522,0
21/12/2024,9695,585,2159,2658,0,1619,0
21/12/2024,8308,304,1479,2093,0,2991,0
21/12/2024,5856,508,2998,2011,0,2410,0
21/12/2024,7093,300,1598,2920,0,2054,0
21/12/2024,8720,444,1567,1689,0,2254,0
21/12/2024,8039,586,2907,1670,0,1677,0
21/12/2024,8768,451,2092,1541,0,2759,0
21/12/2024,5622,506,1288,3213,0,1411,0
21/12/2024,9946,416,1516,1851,0,2982,0
22/12/2024,9517,336,3968,1941,0,1294,0
22/12/2024,7824,566,3257,2249,0,2830,0
22/12/2024,9810,532,3869,1454,0,2489,0
22/12/2024,9317,447,3834,1595,0,1055,0
22/12/2024,5344,399,3899,2347,0,1223,0
22/12/2024,7439,473,2009,3761,0,1797,0
22/12/2024,6578,679,1939,3771,0,1017,0
22/12/2024,9352,688,2679,1177,0,2308,0
22/12/2024,7059,419,3301,3078,0,1256,0
22/12/2024,9363,615,2610,3510,0,2226,0
22/12/2024,6291,394,3029,1331,0,2149,0
22/12/2024,6836,408,1588,3305,0,1027,0
22/12/2024,8197,422,3319,3332,0,2760,0
23/12/2024,8586,309,3765,3076,0,1613,0
23/12/2024,7035,466,2612,2318,0,2007,0
23/12/2024,8697,301,3726,2442,0,1900,0
23/12/2024,7584,622,3989,1221,0,2345,0
23/12/2024,7990,302,3251,3225,0,1088,0
23/12/2024,8762,420,2401,1063,0,1465,0
23/12/2024,6829,313,1762,1196,0,2986,0
23/12/2024,9631,415,2831,1703,0,2676,0
23/12/2024,9574,613,3194,3928,0,1717,0
23/12/2024,9628,390,1984,3778,0,2794,0
23/12/2024,9481,413,1091,1577,0,2819,0
23/12/2024,9126,601,3726,3462,0,1679,0
23/12/2024,5239,474,3549,2276,0,1640,0
23/12/2024,7309,302,3330,3154,0,1551,0
24/12/2024,9846,469,3885,3392,0,2927,0
24/12/2024,8474,406,1306,3676,0,1331,0
24/12/2024,5876,508,3640,3171,0,1482,0
24/12/2024,8012,394,1716,3399,0,1314,0
24/12/2024,9667,457,2424,2857,0,2795,0
24/12/2024,6245,689,3070,2650,0,1823,0
24/12/2024,6638,651,3363,1488,0,1606,0
24/12/2024,6167,416,1891,3834,0,1902,0
24/12/2024,5058,341,3973,2817,0,2716,0
24/12/2024,8335,366,1949,1805,0,2222,0
24/12/2024,5703,530,1428,2735,0,2104,0
24/12/2024,5677,584,2302,2964,0,1634,0
24/12/2024,9830,305,1855,3697,0,1464,0
25/12/2024,5612,547,1860,3059,0,2110,0
25/12/2024,6901,507,2434,2128,0,1003,0
25/12/2024,9435,585,2279,1051,0,2744,0
25/12/2024,7424,461,2549,3873,0,1842,0
25/12/2024,5306,638,3095,2934,0,2977,0
25/12/2024,7320,700,1412,2848,0,2756,0
25/12/2024,5258,624,3715,2876,0,2856,0
25/12/2024,9431,300,1566,1638,0,2593,0
25/12/2024,5885,353,3520,1230,0,2229,0
25/12/2024,7549,415,2023,3520,0,1381,0
25/12/2024,9681,581,2809,3085,0,2110,0
25/12/2024,5554,488,3697,3132,0,2213,0
25/12/2024,7956,632,3468,1123,0,2833,0
26/12/2024,8740,454,1613,1661,0,1422,0
26/12/2024,9104,563,1748,2573,0,2117,0
26/12/2024,7378,565,2677,3625,0,1542,0
26/12/2024,5286,473,2112,2877,0,1622,0
26/12/2024,6402,471,1070,3769,0,2430,0
26/12/2024,9986,623,1717,3551,0,2726,0
26/12/2024,7379,415,1153,1195,0,2383,0
26/12/2024,8284,305,1810,1422,0,2558,0
26/12/2024,7898,545,1294,1138,0,2784,0
26/12/2024,6694,397,3490,2988,0,2103,0
26/12/2024,5835,377,2834,2600,0,1282,0
26/12/2024,8208,646,3896,2728,0,1757,0
26/12/2024,9105,381,3399,3351,0,2527,0
27/12/2024,8792,553,3911,2303,0,2417,0
27/12/2024,9462,431,1331,2844,0,1679,0
27/12/2024,6725,392,1788,2190,0,1360,0
27/12/2024,5228,653,1720,3716,0,1693,0
27/12/2024,5650,462,3904,3451,0,1438,0
27/12/2024,8130,397,3788,3329,0,1293,0
27/12/2024,8003,323,2414,2753,0,1641,0
27/12/2024,9707,609,2979,3887,0,1535,0
27/12/2024,5321,510,1951,3491,0,1235,0
27/12/2024,6756,550,2940,2887,0,1846,0
27/12/2024,7403,542,3932,3140,0,1792,0
27/12/2024,6830,637,1024,1902,0,1500,0
27/12/2024,9207,466,1624,1303,0,2101,0
28/12/2024,5305,544,3359,1792,0,2864,0
28/12/2024,6127,613,3759,2321,0,1702,0
28/12/2024,8670,651,1209,1298,0,2049,0
28/12/2024,7819,374,1073,2907,0,1442,0
28/12/2024,9014,645,2109,3223,0,1756,0
28/12/2024,9751,569,1037,2456,0,2979,0
28/12/2024,6805,542,3895,3187,0,2232,0
28/12/2024,9854,319,1841,1984,0,2591,0
28/12/2024,8325,653,2560,2644,0,1373,0
28/12/2024,5974,646,3154,3999,0,1982,0
28/12/2024,6063,467,1583,1968,0,1208,0
28/12/2024,6114,652,2251,3441,0,1868,0
28/12/2024,5506,349,1610,3416,0,2614,0
29/12/2024,6212,676,3757,1118,0,1648,0
29/12/2024,9927,479,3881,2480,0,2983,0
29/12/2024,6968,346,1897,3085,0,1012,0
29/12/2024,6639,695,2906,1144,0,1966,0
29/12/2024,5290,465,3931,1177,0,1954,0
29/12/2024,9123,542,1774,1152,0,2270,0
29/12/2024,7464,421,2046,1764,0,1477,0
29/12/2024,6959,314,2404,1671,0,1759,0
29/12/2024,5435,600,3049,1623,0,1411,0
29/12/2024,9180,642,1841,2067,0,2612,0
29/12/2024,6836,552,2708,3830,0,1026,0
29/12/2024,8867,399,1459,3384,0,2187,0
29/12/2024,9347,308,1236,2539,0,1768,0
30/12/2024,7577,375,3919,1103,0,2511,0
30/12/2024,9412,501,1579,3267,0,1542,0
30/12/2024,5231,622,2896,1410,0,1039,0
30/12/2024,5685,528,3439,1608,0,1066,0
30/12/2024,8669,520,3045,3348,0,2475,0
30/12/2024,6666,374,1944,2819,0,1854,0
30/12/2024,9662,418,1502,3480,0,2476,0
30/12/2024,7998,342,3837,1075,0,1693,0
30/12/2024,9114,657,1720,2063,0,1295,0
30/12/2024,7564,558,2969,2081,0,2684,0
30/12/2024,8078,372,3960,3962,0,2858,0
30/12/2024,6380,445,3021,1789,0,2230,0
30/12/2024,9900,659,2456,3581,0,1632,0
31/12/2024,6070,559,3335,1477,0,1944,0
31/12/2024,9156,348,1850,1472,0,2817,0
31/12/2024,8607,575,1517,1917,0,1978,0
31/12/2024,5352,630,3208,3198,0,2320,0
31/12/2024,7755,469,1942,3521,0,2703,0
31/12/2024,5194,390,3920,3229,0,1072,0
31/12/2024,6180,592,1778,2579,0,2973,0
31/12/2024,9778,352,1471,2277,0,1924,0
31/12/2024,6554,645,1774,1021,0,2834,0
31/12/2024,5242,489,2396,1386,0,1952,0
31/12/2024,9550,611,3041,2995,0,2526,0
31/12/2024,5972,343,1963,2254,0,2157,0
31/12/2024,7716,402,2969,3223,0,1571,0
01/01/2025,5650,385,3104,2382,0,2456,0
01/01/2025,5561,327,3493,3207,0,2759,0
01/01/2025,5484,678,3764,2509,0,1807,0
01/01/2025,9199,641,1579,3486,0,2626,0
01/01/2025,9753,501,2131,1086,0,2282,0
01/01/2025,7241,492,3707,3771,0,1063,0
01/01/2025,8029,366,3305,1400,0,2796,0
01/01/2025,5786,550,2852,1988,0,1460,0
01/01/2025,6821,487,1679,1206,0,1098,0
01/01/2025,6135,664,1362,3086,0,2302,0
01/01/2025,7347,411,2588,3544,0,1046,0
01/01/2025,9175,470,1363,3739,0,1543,0
01/01/2025,6852,412,3773,1062,0,1307,0
02/01/2025,9203,407,1638,2676,0,2099,0
02/01/2025,8702,395,3633,1360,0,2978,0
02/01/2025,7283,578,3497,2554,0,1790,0
02/01/2025,7027,424,2947,3543,0,1705,0
02/01/2025,8581,608,2201,2141,0,2340,0
02/01/2025,5600,664,2226,2002,0,1071,0
02/01/2025,8021,690,2174,2955,0,2315,0
02/01/2025,5537,686,2170,2871,0,2347,0
02/01/2025,9528,448,3683,3118,0,2587,0
02/01/2025,6035,655,3519,2075,0,2583,0
02/01/2025,8142,352,2134,1334,0,2658,0
02/01/2025,7809,564,1323,3368,0,2833,0
02/01/2025,7781,474,2838,1515,0,1255,0
02/01/2025,8718,478,2970,3176,0,1717,0
03/01/2025,7976,331,1995,3297,0,1748,0
03/01/2025,8877,343,3481,3483,0,2859,0
03/01/2025,9557,570,2482,1077,0,2535,0
03/01/2025,9644,683,1722,2069,0,1373,0
03/01/2025,6464,502,3623,1149,0,2976,0
03/01/2025,7031,652,3546,3168,0,1740,0
03/01/2025,8309,631,2806,1070,0,1335,0
03/01/2025,7475,451,2356,3864,0,1166,0
03/01/2025,9313,381,3720,1308,0,1998,0
03/01/2025,7995,678,2836,3730,0,1554,0
03/01/2025,5960,311,1866,3232,0,2568,0
03/01/2025,5291,615,1335,1724,0,1322,0
03/01/2025,6086,448,2882,2952,0,2653,0
03/01/2025,5111,630,3466,3781,0,2982,0
04/01/2025,5599,650,2059,1941,0,2977,0
04/01/2025,5184,542,1261,1676,0,1307,0
04/01/2025,9555,421,2993,2073,0,2926,0
04/01/2025,9575,342,1990,3809,0,2161,0
04/01/2025,8320,655,2372,3980,0,1378,0
04/01/2025,7633,508,1991,3394,0,2757,0
04/01/2025,7619,414,1049,2571,0,1990,0
04/01/2025,6607,632,2270,1790,0,2187,0
04/01/2025,5907,339,3482,1624,0,1125,0
04/01/2025,8497,370,2908,2744,0,2271,0
04/01/2025,9494,603,3504,1246,0,2396,0
04/01/2025,5613,487,1211,1710,0,1257,0
04/01/2025,7694,325,3344,1210,0,2712,0
04/01/2025,8580,595,2500,3427,0,1911,0
05/01/2025,7589,661,2937,3495,0,1951,0
05/01/2025,6049,627,3287,2514,0,1378,0
05/01/2025,6070,465,3965,3487,0,2954,0
05/01/2025,6800,347,1915,1685,0,1640,0
05/01/2025,7544,347,1575,1254,0,1118,0
05/01/2025,8534,370,1566,1153,0,1540,0
05/01/2025,8567,636,2626,1473,0,1228,0
05/01/2025,6529,396,2913,1372,0,1702,0
05/01/2025,6387,377,1280,1138,0,1933,0
05/01/2025,9632,457,3642,3226,0,1967,0
05/01/2025,7533,309,3685,1332,0,2312,0
05/01/2025,8549,473,2289,2742,0,1775,0
05/01/2025,7162,339,2910,1507,0,1879,0
06/01/2025,9390,440,2910,1870,0,1593,0
06/01/2025,7110,665,3772,3176,0,1626,0
06/01/2025,5914,698,3209,2594,0,1712,0
06/01/2025,9952,390,3609,3233,0,2240,0
06/01/2025,6779,449,3350,3161,0,2044,0
06/01/2025,5025,644,1912,2477,0,1428,0
06/01/2025,6269,621,3398,3378,0,2932,0
06/01/2025,6089,550,2112,2789,0,1475,0
06/01/2025,7603,376,1403,2848,0,2777,0
06/01/2025,7727,659,3875,3000,0,2527,0
06/01/2025,6421,620,2316,2861,0,2726,0
06/01/2025,5786,447,2316,2517,0,1831,0
06/01/2025,5827,477,3999,3787,0,2381,0
06/01/2025,5008,512,1495,3343,0,1817,0
07/01/2025,8830,308,3617,2801,0,2015,0
07/01/2025,9521,547,1499,1908,0,1203,0
07/01/2025,8880,399,2076,1675,0,2533,0
07/01/2025,8051,464,2619,3725,0,2226,0
07/01/2025,7455,609,1572,3161,0,1165,0
07/01/2025,7997,326,1739,2761,0,2571,0
07/01/2025,6677,508,3711,3201,0,2813,0
07/01/2025,9888,498,2418,3356,0,1945,0
07/01/2025,7087,475,3382,2318,0,2690,0
07/01/2025,6252,309,3359,3833,0,2431,0
07/01/2025,9748,502,3263,3365,0,2899,0
07/01/2025,9221,651,1555,3412,0,1874,0
07/01/2025,5779,451,3072,2116,0,2037,0
07/01/2025,8966,323,1172,3989,0,2466,0
08/01/2025,8680,488,2082,1701,0,1650,0
08/01/2025,8629,486,1534,2238,0,1033,0
08/01/2025,9303,581,2601,3954,0,2487,0
08/01/2025,5687,316,1181,2038,0,1029,0
08/01/2025,8984,672,1078,1798,0,2866,0
08/01/2025,5992,313,3538,3463,0,1862,0
08/01/2025,8852,312,2885,3203,0,1230,0
08/01/2025,5260,654,1459,2642,0,1523,0
08/01/2025,7038,544,1138,3234,0,2862,0
08/01/2025,7642,481,1512,2555,0,1813,0
08/01/2025,6979,639,2569,3927,0,1727,0
08/01/2025,5461,314,1494,1023,0,2959,0
08/01/2025,5967,531,2063,1707,0,2590,0
09/01/2025,7175,308,3444,1712,0,2385,0
09/01/2025,6452,400,2299,3531,0,1812,0
09/01/2025,5849,318,1419,3714,0,1867,0
09/01/2025,7038,392,1227,2648,0,1740,0
09/01/2025,5065,417,3648,3860,0,1615,0
09/01/2025,5128,457,1122,2673,0,2089,0
09/01/2025,9773,626,1813,3499,0,2229,0
09/01/2025,9589,671,2977,2064,0,2574,0
09/01/2025,8727,438,1673,1567,0,2554,0
09/01/2025,9853,504,2139,1728,0,2414,0
09/01/2025,6715,342,1835,2490,0,2670,0
09/01/2025,6559,627,1954,1862,0,1406,0
09/01/2025,5208,529,2275,3481,0,1722,0
10/01/2025,5285,543,3491,3303,0,2213,0
10/01/2025,5558,473,3103,1379,0,1439,0
10/01/2025,6184,621,2941,1301,0,1472,0
10/01/2025,6017,429,2357,2320,0,2950,0
10/01/2025,9909,370,3867,1265,0,1176,0
10/01/2025,7056,489,2649,1162,0,1889,0
10/01/2025,9272,622,1580,2330,0,1086,0
10/01/2025,5497,474,1645,2724,0,1229,0
10/01/2025,8719,544,1965,2478,0,1524,0
10/01/2025,9171,569,2983,2013,0,1427,0
10/01/2025,7813,355,1291,1134,0,1279,0
10/01/2025,6150,523,3356,1871,0,1989,0
10/01/2025,9691,485,1928,2655,0,2541,0
11/01/2025,7258,627,2300,3263,0,1581,0
11/01/2025,6216,470,2042,3113,0,1869,0
11/01/2025,8648,485,3772,3756,0,1336,0
11/01/2025,5729,677,2468,2909,0,1280,0
11/01/2025,7223,674,2669,1995,0,2771,0
11/01/2025,8370,308,3195,3175,0,2273,0
11/01/2025,6364,404,3320,1135,0,1552,0
11/01/2025,8108,352,3511,2986,0,1074,0
11/01/2025,6769,689,2358,1001,0,2836,0
11/01/2025,5633,518,3986,1295,0,1666,0
11/01/2025,5060,667,2815,1728,0,1133,0
11/01/2025,9781,633,3514,2601,0,2120,0
11/01/2025,7114,422,1423,2414,0,1652,0
12/01/2025,8751,573,3169,3990,0,2903,0
12/01/2025,8795,325,3356,1808,0,2560,0
12/01/2025,6976,596,1492,3655,0,2096,0
12/01/2025,5654,372,1969,3892,0,1332,0
12/01/2025,8559,700,3410,1571,0,2634,0
12/01/2025,5054,501,1005,2380,0,1309,0
12/01/2025,5736,599,1856,1716,0,2324,0
12/01/2025,5548,616,1614,2043,0,1478,0
12/01/2025,5336,419,1790,2783,0,1140,0
12/01/2025,6813,586,3559,2565,0,1256,0
12/01/2025,9121,312,3816,3200,0,1935,0
12/01/2025,6999,314,2063,3574,0,1894,0
12/01/2025,5766,353,3812,3316,0,1217,0
13/01/2025,7342,542,3237,3912,0,1629,0
13/01/2025,5158,549,2538,1932,0,2119,0
13/01/2025,6749,616,3147,1582,0,1432,0
13/01/2025,7588,554,3871,2330,0,2348,0
13/01/2025,8102,408,3778,2541,0,1015,0
13/01/2025,8197,389,3468,3027,0,1674,0
13/01/2025,9462,328,2449,3435,0,2053,0
13/01/2025,7541,563,2264,3061,0,1827,0
13/01/2025,5841,584,3172,3584,0,2948,0
13/01/2025,9035,539,2738,1838,0,2942,0
13/01/2025,6681,637,2654,1803,0,1425,0
13/01/2025,9652,593,1707,3351,0,2885,0
13/01/2025,5295,441,3607,2021,0,1522,0
13/01/2025,6141,380,1566,2050,0,2119,0
14/01/2025,5090,328,2504,1444,0,1058,0
14/01/2025,5598,341,1458,1549,0,1767,0
14/01/2025,6727,448,3162,2733,0,2736,0
14/01/2025,5750,586,2259,1838,0,2195,0
14/01/2025,7988,585,1962,2579,0,2907,0
14/01/2025,6222,617,1651,1324,0,2171,0
14/01/2025,8746,416,1016,2908,0,1587,0
14/01/2025,6101,473,2635,1561,0,2251,0
14/01/2025,9740,594,2128,3246,0,2241,0
14/01/2025,6325,679,2450,2625,0,2418,0
14/01/2025,9728,632,2714,2097,0,2855,0
14/01/2025,8468,549,1932,2491,0,2862,0
14/01/2025,8365,646,2265,2507,0,1228,0
15/01/2025,6476,687,3622,1915,0,2966,0
15/01/2025,6482,690,3624,1481,0,1362,0
15/01/2025,5463,314,1934,2945,0,2529,0
15/01/2025,9077,532,1029,3980,0,2625,0
15/01/2025,6090,319,1069,2757,0,2526,0
15/01/2025,9324,345,3079,2522,0,1363,0
15/01/2025,8772,555,3781,1807,0,2722,0
15/01/2025,6179,385,3888,3836,0,1609,0
15/01/2025,7914,476,3509,1956,0,1644,0
15/01/2025,5781,586,1685,1776,0,1944,0
15/01/2025,8860,389,2682,3504,0,2210,0
15/01/2025,9021,602,2840,2086,0,2044,0
15/01/2025,8311,671,2528,3664,0,2898,0
16/01/2025,7513,494,3301,1999,0,1993,0
16/01/2025,7607,368,1334,2963,0,1743,0
16/01/2025,9726,372,1177,1511,0,2982,0
16/01/2025,9812,343,2640,1506,0,2050,0
16/01/2025,7562,534,1322,3998,0,2977,0
16/01/2025,8151,388,1241,1738,0,1056,0
16/01/2025,5330,605,2750,3685,0,2116,0
16/01/2025,5789,370,2686,2358,0,2398,0
16/01/2025,9897,625,3168,2643,0,1883,0
16/01/2025,6603,434,1199,2794,0,2529,0
16/01/2025,9394,445,1544,2781,0,1186,0
16/01/2025,7296,528,3507,2815,0,1860,0
16/01/2025,6396,518,3933,2583,0,1235,0
17/01/2025,5299,680,2586,3915,0,2145,0
17/01/2025,5333,380,3166,3538,0,2506,0
17/01/2025,8700,678,1337,3188,0,2895,0
17/01/2025,8547,409,1533,3602,0,1742,0
17/01/2025,9328,381,3530,3908,0,1758,0
17/01/2025,7309,671,2762,2439,0,1730,0
17/01/2025,7753,470,2453,1531,0,2806,0
17/01/2025,8558,558,1188,2463,0,2345,0
17/01/2025,8442,459,3912,3067,0,2425,0
17/01/2025,8128,360,1778,2459,0,2471,0
17/01/2025,7997,425,1095,1540,0,1428,0
17/01/2025,8801,677,2518,3351,0,2209,0
17/01/2025,5828,517,1200,1121,0,2409,0
18/01/2025,6553,583,1096,1436,0,1946,0
18/01/2025,7619,443,1961,3877,0,1830,0
18/01/2025,7349,631,1685,2459,0,1326,0
18/01/2025,8842,576,3664,2501,0,2417,0
18/01/2025,8475,565,3744,3500,0,2572,0
18/01/2025,7365,379,2917,3995,0,2620,0
18/01/2025,6981,486,3334,1618,0,1471,0
18/01/2025,5764,321,2117,2309,0,2716,0
18/01/2025,6419,450,1288,3220,0,1000,0
18/01/2025,7397,661,1206,1091,0,1793,0
18/01/2025,9809,338,2658,3445,0,1708,0
18/01/2025,9836,485,3211,1536,0,1202,0
18/01/2025,9327,405,1142,1888,0,2177,0
19/01/2025,8283,390,2314,3218,0,2875,0
19/01/2025,5243,505,1725,2195,0,2642,0
19/01/2025,6748,312,3576,2386,0,2923,0
19/01/2025,9765,637,1457,2420,0,1197,0
19/01/2025,6012,393,2813,3147,0,2198,0
19/01/2025,9509,665,2931,3452,0,2502,0
19/01/2025,9892,456,1921,3980,0,1669,0
19/01/2025,8221,519,2708,3773,0,2874,0
19/01/2025,9401,697,1909,3031,0,2385,0
19/01/2025,9084,531,2162,2309,0,1542,0
19/01/2025,6018,504,3111,2259,0,2219,0
19/01/2025,6816,464,3237,3439,0,1637,0
19/01/2025,9792,468,1200,1922,0,2911,0
20/01/2025,6363,493,2369,1381,0,1581,0
20/01/2025,6025,416,1592,2617,0,1408,0
20/01/2025,8513,512,2263,2665,0,2998,0
20/01/2025,6604,321,3754,2970,0,2174,0
20/01/2025,7872,694,3724,2111,0,1141,0
20/01/2025,8770,392,1675,1972,0,1051,0
20/01/2025,8998,638,1989,2149,0,2863,0
20/01/2025,9077,356,3230,1240,0,2693,0
20/01/2025,7745,689,3017,2565,0,2040,0
20/01/2025,6638,610,3017,2094,0,2885,0
20/01/2025,6939,385,2943,3661,0,1899,0
20/01/2025,8877,359,3653,2817,0,2125,0
20/01/2025,8441,482,2701,2918,0,2527,0
21/01/2025,9052,362,3066,1954,0,2373,0
21/01/2025,8689,688,1390,1393,0,2379,0
21/01/2025,9290,492,3712,2835,0,1193,0
21/01/2025,7506,510,1591,3449,0,2610,0
21/01/2025,5135,653,2580,2043,0,2568,0
21/01/2025,9772,489,2639,2761,0,2453,0
21/01/2025,8120,696,1834,3839,0,1953,0
21/01/2025,8031,644,1594,2159,0,2403,0
21/01/2025,5620,517,3722,2131,0,2228,0
21/01/2025,5704,576,1777,2516,0,2548,0
21/01/2025,6964,482,2921,2475,0,1695,0
21/01/2025,8262,552,1932,2051,0,1472,0
21/01/2025,9216,475,2889,2450,0,2325,0
22/01/2025,8253,319,3189,2986,0,1009,0
22/01/2025,6071,658,2676,3402,0,1307,0
22/01/2025,9242,576,3585,1915,0,2760,0
22/01/2025,7210,685,3639,1174,0,2396,0
22/01/2025,8958,621,1412,1977,0,1998,0
22/01/2025,8361,466,1424,1364,0,2769,0
22/01/2025,6014,588,3001,2379,0,1928,0
22/01/2025,7786,399,3585,2642,0,1919,0
22/01/2025,6976,529,3709,1712,0,2828,0
22/01/2025,8612,653,3534,3296,0,2501,0
22/01/2025,7165,625,2722,3064,0,1067,0
22/01/2025,8602,621,1605,1806,0,1711,0
22/01/2025,6954,434,2235,2781,0,1491,0
23/01/2025,5719,602,1017,3098,0,2641,0
23/01/2025,9762,579,2818,2393,0,1091,0
23/01/2025,6544,525,3988,3749,0,1570,0
23/01/2025,8482,700,1612,2815,0,2213,0
23/01/2025,8990,583,2976,1401,0,2621,0
23/01/2025,8572,300,2609,2901,0,2728,0
23/01/2025,5732,623,2226,2218,0,2771,0
23/01/2025,5102,533,3001,3756,0,2160,0
23/01/2025,5204,409,2554,2696,0,1874,0
23/01/2025,5957,700,2358,1746,0,2843,0
23/01/2025,5011,483,1522,1471,0,1205,0
23/01/2025,5396,662,2159,3867,0,2196,0
23/01/2025,5546,546,1778,3097,0,1350,0
24/01/2025,8333,356,3544,2128,0,2776,0
24/01/2025,9979,338,2571,1712,0,1283,0
24/01/2025,8644,645,1016,2649,0,1351,0
24/01/2025,8128,440,2819,2800,0,2333,0
24/01/2025,5617,599,1997,3416,0,2361,0
24/01/2025,6652,415,2869,2626,0,2809,0
24/01/2025,8722,653,3906,3058,0,2503,0
24/01/2025,6902,656,3999,3698,0,1896,0
24/01/2025,6555,374,2289,3480,0,1837,0
24/01/2025,8233,565,1374,1699,0,2480,0
24/01/2025,8427,690,1202,3337,0,2687,0
24/01/2025,9598,504,1230,2252,0,2190,0
24/01/2025,6776,682,3432,1140,0,1734,0
25/01/2025,9059,588,3738,1220,0,2245,0
25/01/2025,6450,402,3272,1734,0,2672,0
25/01/2025,9581,680,3046,2563,0,2643,0
25/01/2025,7381,576,1822,1667,0,1179,0
25/01/2025,7955,349,3642,2436,0,2125,0
25/01/2025,8702,506,2015,3288,0,2226,0
25/01/2025,7916,384,3069,3154,0,1814,0
25/01/2025,9992,491,1198,3211,0,1168,0
25/01/2025,6571,573,1268,1546,0,1124,0
25/01/2025,7980,622,1706,3039,0,1274,0
25/01/2025,5851,486,3359,2984,0,2441,0
25/01/2025,8653,308,1585,3961,0,2744,0
25/01/2025,8313,423,3435,1258,0,1738,0
26/01/2025,7064,472,1077,1471,0,2095,0
26/01/2025,8698,645,1835,3895,0,2449,0
26/01/2025,6173,345,2453,3134,0,2331,0
26/01/2025,6410,494,3517,3848,0,2016,0
26/01/2025,6537,330,1720,2673,0,1717,0
26/01/2025,6759,633,1439,2730,0,2876,0
26/01/2025,8096,374,1109,1387,0,2922,0
26/01/2025,9965,431,1594,1503,0,1866,0
26/01/2025,9610,628,2951,1270,0,1445,0
26/01/2025,8935,631,2773,2459,0,2372,0
26/01/2025,9819,499,2379,1890,0,1295,0
26/01/2025,7003,313,2578,2241,0,2493,0
26/01/2025,9121,306,1170,1520,0,1420,0
27/01/2025,6101,504,1785,1994,0,2399,0
27/01/2025,5547,301,1701,3518,0,1160,0
27/01/2025,6065,578,1395,2350,0,1294,0
27/01/2025,5536,412,3527,2539,0,2765,0
27/01/2025,6451,453,1144,3157,0,2316,0
27/01/2025,5932,519,2691,3744,0,2025,0
27/01/2025,6252,526,2193,1446,0,2277,0
27/01/2025,9534,660,3399,2767,0,1268,0
27/01/2025,8880,542,2238,3222,0,2172,0
27/01/2025,5940,577,1159,3838,0,2298,0
27/01/2025,7088,681,3036,1386,0,2223,0
27/01/2025,6282,615,1788,1786,0,1870,0
27/01/2025,9182,566,1351,3467,0,1787,0
28/01/2025,5055,552,3884,2120,0,2121,0
28/01/2025,9324,374,2361,1095,0,1913,0
28/01/2025,6592,387,2946,1935,0,1180,0
28/01/2025,7801,644,1317,2736,0,1635,0
28/01/2025,9923,548,1990,1822,0,1525,0
28/01/2025,5187,513,2139,1915,0,2123,0
28/01/2025,6551,312,3582,3665,0,2396,0
28/01/2025,9091,556,1914,3678,0,1841,0
28/01/2025,6139,376,1298,1196,0,2740,0
28/01/2025,9443,373,1324,1445,0,2575,0
28/01/2025,8530,409,3785,1807,0,1926,0
28/01/2025,9954,607,3797,1697,0,2897,0
28/01/2025,8045,405,1335,3235,0,2381,0
29/01/2025,8747,451,3281,2451,0,1692,0
29/01/2025,9715,496,3406,1402,0,2765,0
29/01/2025,7029,669,2244,2571,0,1465,0
29/01/2025,8693,471,3772,2345,0,2607,0
29/01/2025,5479,380,3172,1020,0,2869,0
29/01/2025,9158,383,1946,3886,0,2379,0
29/01/2025,5844,381,2100,1956,0,2866,0
29/01/2025,7745,684,3691,2525,0,1014,0
29/01/2025,8570,310,2446,3461,0,1023,0
29/01/2025,5173,411,2027,2464,0,2670,0
29/01/2025,7064,525,1855,3911,0,2032,0
29/01/2025,5583,378,1280,1278,0,1557,0
29/01/2025,7710,353,2788,2403,0,2733,0
30/01/2025,5689,660,3356,3477,0,2311,0
30/01/2025,5219,410,1120,1419,0,2506,0
30/01/2025,5285,363,1431,3001,0,2125,0
30/01/2025,7775,412,1269,3009,0,2986,0
30/01/2025,7598,651,2652,2152,0,2159,0
30/01/2025,9568,369,1178,3559,0,2190,0
30/01/2025,9164,630,2022,2121,0,2895,0
30/01/2025,6056,347,2226,1690,0,2990,0
30/01/2025,5374,409,3602,1743,0,1439,0
30/01/2025,6556,585,1637,3918,0,1338,0
30/01/2025,5834,443,3462,3356,0,1465,0
30/01/2025,7179,552,2790,1096,0,2568,0
30/01/2025,5669,424,2329,1748,0,2615,0
31/01/2025,9979,689,2167,1822,0,2513,0
31/01/2025,6841,603,3924,3241,0,2355,0
31/01/2025,6051,450,3870,2243,0,2130,0
31/01/2025,6783,527,1912,2870,0,2086,0
31/01/2025,6502,423,3383,1505,0,1742,0
31/01/2025,8460,348,3093,2969,0,2441,0
31/01/2025,8962,570,3193,1050,0,2758,0
31/01/2025,8474,403,1479,1298,0,2589,0
31/01/2025,5500,487,2419,3288,0,1949,0
31/01/2025,9244,557,3298,2880,0,2063,0
31/01/2025,8950,393,1403,3994,0,2011,0
31/01/2025,7116,528,2218,1088,0,2451,0
31/01/2025,5638,439,1823,1415,0,1795,0
01/02/2025,6200,404,2051,2662,0,1212,0
01/02/2025,5558,400,2293,3253,0,1012,0
01/02/2025,9852,333,2024,1578,0,2060,0
01/02/2025,5195,357,2192,1273,0,1208,0
01/02/2025,8770,695,2441,3678,0,2170,0
01/02/2025,5294,655,2049,3055,0,2122,0
01/02/2025,6096,618,1385,1779,0,1110,0
01/02/2025,8703,643,3954,1034,0,1598,0
01/02/2025,6095,640,3896,2282,0,2449,0
01/02/2025,7890,493,1889,3478,0,1459,0
01/02/2025,9261,550,3484,2483,0,1403,0
01/02/2025,9826,545,1350,3625,0,2776,0
01/02/2025,8414,476,3897,2960,0,1373,0
02/02/2025,6591,550,3361,2096,0,1973,0
02/02/2025,6493,301,3777,2877,0,1989,0
02/02/2025,6906,413,3496,1152,0,1120,0
02/02/2025,7712,593,2353,1816,0,2521,0
02/02/2025,5309,539,1187,1289,0,2702,0
02/02/2025,8296,693,1777,3694,0,1928,0
02/02/2025,5309,476,3946,2572,0,2041,0
02/02/2025,8951,586,3534,3492,0,2355,0
02/02/2025,9696,678,3062,1842,0,2274,0
02/02/2025,9992,557,3955,2174,0,2798,0
02/02/2025,9116,538,2685,2367,0,1605,0
02/02/2025,7532,507,3520,1694,0,1724,0
02/02/2025,7610,601,3500,3869,0,2008,0
03/02/2025,6858,588,1981,1858,0,1130,0
03/02/2025,5122,598,2257,2914,0,1850,0
03/02/2025,6790,469,2611,2605,0,1523,0
03/02/2025,8993,519,3043,2790,0,2205,0
03/02/2025,7596,346,3530,3721,0,2135,0
03/02/2025,7117,634,3845,1656,0,1542,0
03/02/2025,8637,673,3535,1750,0,2835,0
03/02/2025,6498,348,2591,2141,0,2081,0
03/02/2025,8568,476,2640,2999,0,1815,0
03/02/2025,7831,316,2746,1958,0,2749,0
03/02/2025,7040,515,1026,1527,0,1695,0
03/02/2025,5103,487,1326,2682,0,2049,0
03/02/2025,5260,481,1899,1725,0,1798,0
04/02/2025,9633,311,3131,3883,0,2238,0
04/02/2025,8317,648,1747,1109,0,2405,0
04/02/2025,5020,650,1371,2458,0,1259,0
04/02/2025,5959,502,2721,3262,0,1789,0
04/02/2025,8066,421,1340,1939,0,1295,0
04/02/2025,5456,332,3782,2852,0,1736,0
04/02/2025,7858,464,1698,3443,0,2496,0
04/02/2025,9020,472,1357,1635,0,1238,0
04/02/2025,6061,478,2512,2032,0,1733,0
04/02/2025,5634,486,3357,3007,0,1958,0
04/02/2025,5247,557,1426,3282,0,2776,0
04/02/2025,7937,626,3176,3329,0,1038,0
04/02/2025,8267,454,3979,1906,0,2188,0
05/02/2025,5855,685,1996,1351,0,2772,0
05/02/2025,7140,311,3122,1385,0,2238,0
05/02/2025,6546,428,1552,3024,0,2365,0
05/02/2025,8140,576,2833,1329,0,1672,0
05/02/2025,9945,337,3680,2956,0,1485,0
05/02/2025,6531,328,3863,1767,0,1400,0
05/02/2025,8982,490,1731,1160,0,2881,0
05/02/2025,5198,601,2724,1710,0,1937,0
05/02/2025,5586,437,1816,2577,0,1799,0
05/02/2025,6840,333,3974,1871,0,2677,0
05/02/2025,6773,699,1639,1832,0,2029,0
05/02/2025,6342,465,1843,1479,0,1388,0
05/02/2025,5265,456,2516,1747,0,2181,0
06/02/2025,8472,599,1088,1349,0,1757,0
06/02/2025,8487,682,3605,2418,0,1655,0
06/02/2025,9821,609,3391,2225,0,2115,0
06/02/2025,6120,659,2215,1493,0,1370,0
06/02/2025,8358,480,3644,2509,0,1313,0
06/02/2025,7833,366,2452,2979,0,1298,0
06/02/2025,6631,525,1724,2715,0,1523,0
06/02/2025,9001,466,3269,2116,0,2986,0
06/02/2025,9387,369,3115,1243,0,2807,0
06/02/2025,7621,495,1379,3204,0,1713,0
06/02/2025,7059,685,2479,1557,0,1216,0
06/02/2025,5281,495,2870,3088,0,1422,0
06/02/2025,5415,605,2144,1041,0,1782,0
07/02/2025,5513,675,3159,1396,0,2477,0
07/02/2025,9423,316,3182,2259,0,1593,0
07/02/2025,6981,394,3540,3890,0,2234,0
07/02/2025,7859,525,1563,2564,0,1826,0
07/02/2025,8467,509,1264,1234,0,1809,0
07/02/2025,5724,587,1386,2419,0,1975,0
07/02/2025,8360,301,1101,3632,0,2895,0
07/02/2025,7885,398,1099,3300,0,2623,0
07/02/2025,8696,456,3451,1753,0,1173,0
07/02/2025,9918,484,3443,1167,0,2853,0
07/02/2025,5760,483,2191,2700,0,2223,0
07/02/2025,5922,662,1684,1131,0,2658,0
07/02/2025,7079,635,1456,1788,0,2418,0
08/02/2025,6798,333,1906,3102,0,1770,0
08/02/2025,7311,529,3674,1796,0,1693,0
08/02/2025,8587,506,1176,2188,0,2106,0
08/02/2025,6029,668,1863,3467,0,1873,0
08/02/2025,7231,653,1789,3979,0,2693,0
08/02/2025,9851,560,1342,2249,0,1175,0
08/02/2025,5712,353,2822,3584,0,2549,0
08/02/2025,8633,639,3565,3710,0,1730,0
08/02/2025,5858,464,2053,1085,0,2119,0
08/02/2025,7751,480,1267,3899,0,2945,0
08/02/2025,9841,369,3256,1861,0,1990,0
08/02/2025,8380,532,3129,2895,0,1185,0
08/02/2025,5294,359,3194,2368,0,1701,0
09/02/2025,9408,394,3607,1541,0,2855,0
09/02/2025,6219,514,2442,3110,0,1590,0
09/02/2025,5409,577,3174,1005,0,2667,0
09/02/2025,6913,520,2030,2774,0,1660,0
09/02/2025,6416,693,2641,3120,0,1917,0
09/02/2025,7725,372,3884,2885,0,1227,0
09/02/2025,6462,675,2259,2811,0,1469,0
09/02/2025,8116,302,1432,1706,0,2621,0
09/02/2025,5445,671,3451,1090,0,1490,0
09/02/2025,6413,616,2980,2306,0,2554,0
09/02/2025,6905,450,3362,2285,0,2734,0
09/02/2025,6720,329,3444,2152,0,1987,0
09/02/2025,5106,556,3227,1647,0,1675,0
10/02/2025,8200,469,2376,2601,0,2892,0
10/02/2025,5242,580,2154,2339,0,2855,0
10/02/2025,5067,391,2526,3480,0,2687,0
10/02/2025,9880,682,2620,1735,0,1165,0
10/02/2025,5049,452,3275,3779,0,2691,0
10/02/2025,6990,632,3603,1916,0,2082,0
10/02/2025,8435,651,3651,1388,0,2151,0
10/02/2025,8873,570,2673,3424,0,2376,0
10/02/2025,8074,362,2794,3137,0,2237,0
10/02/2025,9216,376,1099,2759,0,2117,0
10/02/2025,8993,448,2635,3556,0,2607,0
10/02/2025,9604,455,1446,1255,0,1077,0
10/02/2025,6036,316,1681,1145,0,2294,0
11/02/2025,6726,314,3096,1785,0,2243,0
11/02/2025,7467,669,1208,1819,0,2125,0
11/02/2025,6753,655,3248,3818,0,2276,0
11/02/2025,9832,532,1141,2246,0,2814,0
11/02/2025,7222,642,1165,3482,0,2030,0
11/02/2025,6122,661,3539,1694,0,2001,0
11/02/2025,5017,351,1656,2934,0,2152,0
11/02/2025,9402,687,3158,2401,0,2389,0
11/02/2025,7773,607,1741,3320,0,2847,0
11/02/2025,8549,575,3423,2740,0,2386,0
11/02/2025,9844,606,2370,3236,0,2239,0
11/02/2025,8715,374,2030,2453,0,2226,0
11/02/2025,6732,402,3193,1520,0,2159,0
12/02/2025,6638,492,2066,3995,0,1711,0
12/02/2025,6091,313,2404,2825,0,2176,0
12/02/2025,8014,609,1057,3220,0,2632,0
12/02/2025,7664,434,1318,3906,0,1538,0
12/02/2025,9997,541,1994,3253,0,1350,0
12/02/2025,7378,417,1331,2838,0,1342,0
12/02/2025,5806,573,2187,3702,0,1306,0
12/02/2025,8630,553,2459,2414,0,1596,0
12/02/2025,9855,613,2357,1371,0,2592,0
12/02/2025,8427,666,2553,2363,0,2747,0
12/02/2025,5649,477,3459,2348,0,2585,0
12/02/2025,5037,571,3401,3849,0,2052,0
12/02/2025,5294,340,2643,3654,0,2278,0
13/02/2025,7396,472,2563,1244,0,1531,0
13/02/2025,8243,553,3751,1681,0,2770,0
13/02/2025,7647,556,3922,2530,0,2789,0
13/02/2025,6722,409,2051,3943,0,2100,0
13/02/2025,7795,573,1610,1637,0,2265,0
13/02/2025,9531,526,2474,2794,0,2955,0
13/02/2025,6315,313,3057,1853,0,1621,0
13/02/2025,7399,593,2533,2325,0,2416,0
13/02/2025,5586,370,3021,3827,0,1750,0
13/02/2025,6498,687,2062,3570,0,1792,0
13/02/2025,9622,581,1868,3293,0,1699,0
13/02/2025,7312,564,3012,3855,0,2454,0
13/02/2025,7038,435,3433,2793,0,1864,0
14/02/2025,6306,650,1069,2617,0,1619,0
14/02/2025,7037,665,1818,2295,0,2790,0
14/02/2025,6472,472,1895,1798,0,2944,0
14/02/2025,7249,372,2003,1966,0,2319,0
14/02/2025,8469,524,2956,3582,0,2436,0
14/02/2025,7978,642,3403,3663,0,1500,0
14/02/2025,5101,378,2430,2258,0,2788,0
14/02/2025,6016,514,1186,1301,0,1903,0
14/02/2025,9853,553,1332,1466,0,1471,0
14/02/2025,7451,436,1949,2227,0,2784,0
14/02/2025,5469,304,3703,3946,0,2265,0
14/02/2025,5074,513,2326,1596,0,2784,0
14/02/2025,7244,474,2812,3836,0,2969,0
15/02/2025,6736,411,3979,1289,0,2074,0
15/02/2025,6435,364,3275,3825,0,2806,0
15/02/2025,9042,532,2298,3116,0,2787,0
15/02/2025,7137,399,3129,3793,0,1133,0
15/02/2025,9574,602,2206,1364,0,2271,0
15/02/2025,8379,680,1581,1540,0,2958,0
15/02/2025,6298,648,1239,1247,0,1956,0
15/02/2025,6141,302,2860,1623,0,1170,0
15/02/2025,9664,393,2888,1629,0,2007,0
15/02/2025,8471,410,2625,1984,0,2740,0
15/02/2025,8688,420,3235,1278,0,2039,0
15/02/2025,9854,419,3444,2617,0,1558,0
15/02/2025,8034,429,1024,3179,0,1633,0
16/02/2025,9492,700,3263,2695,0,2488,0
16/02/2025,5005,373,1633,2617,0,2833,0
16/02/2025,7175,507,3120,2643,0,2189,0
16/02/2025,5825,638,1454,3014,0,1390,0
16/02/2025,9961,417,3950,2015,0,1847,0
16/02/2025,7695,545,2773,3451,0,1849,0
16/02/2025,8620,439,1595,1002,0,2819,0
16/02/2025,5770,380,2167,2315,0,2680,0
16/02/2025,5835,528,3334,2732,0,2322,0
16/02/2025,5143,658,1409,2917,0,2134,0
16/02/2025,9579,613,3262,3450,0,1361,0
16/02/2025,6633,579,1462,1505,0,1517,0
16/02/2025,8833,607,3261,3934,0,1791,0
17/02/2025,6911,423,3078,3482,0,1399,0
17/02/2025,5004,683,2646,3254,0,2121,0
17/02/2025,7123,333,2954,3199,0,1240,0
17/02/2025,8190,524,1007,2036,0,1573,0
17/02/2025,5373,590,2226,2051,0,1295,0
17/02/2025,5683,609,3305,3368,0,2749,0
17/02/2025,6498,573,3017,2456,0,2290,0
17/02/2025,5441,630,1918,2889,0,1885,0
17/02/2025,9798,495,1447,1403,0,1865,0
17/02/2025,5611,468,1399,1352,0,1070,0
17/02/2025,9024,498,2089,1292,0,1779,0
17/02/2025,5262,404,1257,2715,0,1668,0
17/02/2025,8837,571,3353,3690,0,1632,0
18/02/2025,6191,315,3408,3671,0,2378,0
18/02/2025,7854,619,2806,3488,0,1870,0
18/02/2025,9181,421,3308,1816,0,2340,0
18/02/2025,7047,672,3384,1502,0,1043,0
18/02/2025,6384,615,1294,3769,0,1800,0
18/02/2025,6578,654,3018,2861,0,2691,0
18/02/2025,5015,581,1355,2014,0,2271,0
18/02/2025,6884,577,1360,3550,0,1802,0
18/02/2025,8814,469,1006,2330,0,2694,0
18/02/2025,7886,393,1930,2552,0,2788,0
18/02/2025,8048,699,3371,2118,0,1955,0
18/02/2025,5671,561,1734,3957,0,1730,0
18/02/2025,9166,508,1721,1673,0,1365,0
19/02/2025,6342,485,1303,3518,0,1725,0
19/02/2025,5672,551,3590,3447,0,1655,0
19/02/2025,6726,399,2179,2389,0,2889,0
19/02/2025,6319,377,2404,3341,0,2690,0
19/02/2025,7929,666,1558,2717,0,2725,0
19/02/2025,7625,434,1752,3175,0,2755,0
19/02/2025,9952,388,1496,3135,0,2100,0
19/02/2025,6586,466,3498,3931,0,1183,0
19/02/2025,9318,571,1078,3327,0,1398,0
19/02/2025,8341,622,2252,2548,0,1502,0
19/02/2025,7216,386,3741,3031,0,1039,0
19/02/2025,7047,478,3969,2688,0,1139,0
19/02/2025,7579,566,1468,3646,0,2567,0
20/02/2025,8602,365,1162,3746,0,1813,0
20/02/2025,6342,684,3272,2032,0,1705,0
20/02/2025,5453,456,2163,2846,0,2624,0
20/02/2025,6702,627,1920,3713,0,2379,0
20/02/2025,6926,459,2743,2858,0,1972,0
20/02/2025,9883,569,2962,1159,0,1095,0
20/02/2025,7818,462,1387,2049,0,1165,0
20/02/2025,9258,466,1960,1009,0,1674,0
20/02/2025,8448,370,3509,3806,0,2335,0
20/02/2025,6606,665,1103,1868,0,2062,0
20/02/2025,7517,519,2083,2153,0,1312,0
20/02/2025,6751,498,1583,1604,0,1881,0
20/02/2025,5288,569,3090,1564,0,1876,0
21/02/2025,7712,689,1304,2779,0,2828,0
21/02/2025,5066,558,3808,1359,0,2044,0
21/02/2025,5913,437,1452,1997,0,2898,0
21/02/2025,6652,469,1338,2929,0,1559,0
21/02/2025,8317,515,3773,1349,0,1499,0
21/02/2025,8681,387,2757,3760,0,2755,0
21/02/2025,7480,528,3842,3030,0,2618,0
21/02/2025,6844,612,3377,2320,0,2581,0
21/02/2025,7156,483,2222,2118,0,2140,0
21/02/2025,9097,626,3391,1566,0,1049,0
21/02/2025,9396,534,2347,3303,0,1312,0
21/02/2025,9988,502,2819,2279,0,1902,0
21/02/2025,7293,406,3952,3941,0,1546,0
22/02/2025,8897,533,3092,1556,0,2791,0
22/02/2025,8357,357,1735,2287,0,2047,0
22/02/2025,5794,471,1030,2754,0,2873,0
22/02/2025,6032,589,1972,2420,0,1990,0
22/02/2025,9502,331,3282,3912,0,2325,0
22/02/2025,9861,668,2007,2330,0,2005,0
22/02/2025,9865,345,2444,2482,0,1683,0
22/02/2025,9143,337,2397,1533,0,2983,0
22/02/2025,6616,559,1037,3040,0,2661,0
22/02/2025,9241,393,2179,2211,0,2731,0
22/02/2025,7280,481,1244,2373,0,2829,0
22/02/2025,6998,572,1686,3580,0,1247,0
22/02/2025,5664,357,1726,2044,0,1839,0
23/02/2025,6642,585,3033,1278,0,1891,0
23/02/2025,9261,335,2699,3489,0,2662,0
23/02/2025,5833,626,2199,1500,0,1999,0
23/02/2025,6721,605,3607,2932,0,2687,0
23/02/2025,9385,595,2284,1134,0,2196,0
23/02/2025,6074,324,3360,3283,0,1466,0
23/02/2025,8505,383,3829,2147,0,1871,0
23/02/2025,8771,368,3662,2983,0,2064,0
23/02/2025,8189,319,2666,2039,0,1281,0
23/02/2025,5559,584,2062,2013,0,1206,0
23/02/2025,5739,619,2584,3808,0,2633,0
23/02/2025,7954,656,1218,2944,0,2667,0
23/02/2025,6783,311,3216,2816,0,2276,0
24/02/2025,9086,344,3698,1555,0,2622,0
24/02/2025,9625,334,1926,2220,0,1552,0
24/02/2025,8176,625,1670,1772,0,1472,0
24/02/2025,5285,322,2981,1398,0,1645,0
24/02/2025,5112,539,2475,2557,0,1861,0
24/02/2025,9215,405,3425,2615,0,2983,0
24/02/2025,5032,595,2355,2294,0,1296,0
24/02/2025,5457,683,2155,1787,0,1278,0
24/02/2025,8469,359,3361,2446,0,1170,0
24/02/2025,6129,341,1180,2609,0,2372,0
24/02/2025,7738,561,1737,2139,0,1989,0
24/02/2025,7774,587,3222,3811,0,2361,0
24/02/2025,8306,643,2277,2789,0,1741,0
24/02/2025,5663,361,1762,1400,0,1033,0
25/02/2025,8190,367,3099,1747,0,1094,0
25/02/2025,7231,604,1219,3451,0,2537,0
25/02/2025,8568,473,1647,3887,0,2372,0
25/02/2025,7323,498,2020,3927,0,2011,0
25/02/2025,7023,510,3837,1619,0,1734,0
25/02/2025,7421,389,2116,1043,0,1250,0
25/02/2025,7742,566,1039,3369,0,2281,0
25/02/2025,8189,457,2900,1918,0,1286,0
25/02/2025,5071,624,2472,3714,0,2234,0
25/02/2025,9621,525,2677,2853,0,1725,0
25/02/2025,7555,697,1701,2085,0,1900,0
25/02/2025,6466,374,2300,2193,0,1752,0
25/02/2025,6035,573,2666,2922,0,2020,0
25/02/2025,9264,432,1112,3573,0,1263,0
26/02/2025,7434,304,3335,2907,0,2859,0
26/02/2025,5731,566,3273,1344,0,1518,0
26/02/2025,6739,461,1471,1770,0,1010,0
26/02/2025,7981,499,3974,3782,0,1189,0
26/02/2025,7160,408,3217,3587,0,2054,0
26/02/2025,9998,461,2255,3524,0,1571,0
26/02/2025,7237,503,1490,3872,0,2969,0
26/02/2025,8451,402,2981,2121,0,2342,0
26/02/2025,9554,540,3488,3307,0,1403,0
26/02/2025,7546,613,2029,2004,0,1086,0
26/02/2025,9688,592,3241,2775,0,1979,0
26/02/2025,8970,595,2502,1068,0,2062,0
26/02/2025,5033,674,1176,2953,0,2664,0
26/02/2025,9646,488,3052,2058,0,1060,0
27/02/2025,9408,584,2459,3495,0,1493,0
27/02/2025,7898,392,2500,2969,0,2916,0
27/02/2025,8490,432,1250,2585,0,1555,0
27/02/2025,8083,504,3421,2729,0,1155,0
27/02/2025,7938,584,1940,1679,0,2087,0
27/02/2025,7045,414,3879,2571,0,2356,0
27/02/2025,8212,597,3020,1788,0,1855,0
27/02/2025,9176,489,2760,1760,0,2008,0
27/02/2025,9383,390,2737,1577,0,1761,0
27/02/2025,7702,397,1007,2445,0,2840,0
27/02/2025,6491,397,2068,1524,0,1099,0
27/02/2025,8723,489,2070,2434,0,2554,0
27/02/2025,9795,469,1996,1735,0,2182,0
27/02/2025,6600,582,3945,2663,0,2679,0
28/02/2025,6026,433,2251,2024,0,2132,0
28/02/2025,5497,532,2938,2900,0,1246,0
28/02/2025,8244,556,1642,2565,0,1828,0
28/02/2025,7832,517,2263,3161,0,1608,0
28/02/2025,8594,623,1118,1446,0,2960,0
28/02/2025,5902,657,2006,1573,0,1948,0
28/02/2025,6779,366,2328,2318,0,1825,0
28/02/2025,7633,522,2594,3957,0,2013,0
28/02/2025,5778,342,3019,3083,0,2656,0
28/02/2025,5548,641,3692,1142,0,2384,0
28/02/2025,9389,471,2249,1843,0,2589,0
28/02/2025,8265,351,2168,2561,0,2373,0
28/02/2025,9635,587,1402,1634,0,2649,0
28/02/2025,5739,671,2871,2666,0,1250,0
01/03/2025,7346,679,1214,1549,0,2698,0
01/03/2025,6435,539,1349,1955,0,1921,0
01/03/2025,5161,549,2145,3144,0,2969,0
01/03/2025,8639,400,3211,1502,0,2148,0
01/03/2025,6750,593,1079,3864,0,2577,0
01/03/2025,8066,507,1263,3930,0,1157,0
01/03/2025,6797,429,2217,2150,0,1066,0
01/03/2025,9760,688,2834,2100,0,1080,0
01/03/2025,9054,581,3402,3270,0,2033,0
01/03/2025,7351,531,3347,3727,0,2614,0
01/03/2025,6821,472,2435,3545,0,1695,0
01/03/2025,8114,688,2784,2909,0,2355,0
01/03/2025,8865,549,1223,3091,0,2551,0
01/03/2025,6685,643,1320,2867,0,1514,0
02/03/2025,8451,340,3581,1716,0,1144,0
02/03/2025,7148,522,2359,3163,0,2862,0
02/03/2025,7099,681,2863,1806,0,2108,0
02/03/2025,8304,485,1329,3133,0,2540,0
02/03/2025,8364,637,2541,2065,0,2533,0
02/03/2025,7773,390,2955,1190,0,2113,0
02/03/2025,7233,660,3422,3511,0,2146,0
02/03/2025,5818,359,3101,1703,0,1202,0
02/03/2025,8009,464,3365,1703,0,1056,0
02/03/2025,6880,558,3810,1380,0,1996,0
02/03/2025,7461,593,1574,3852,0,1412,0
02/03/2025,7932,654,3432,1393,0,2991,0
02/03/2025,7266,662,3826,1954,0,2630,0
02/03/2025,5865,667,2272,3810,0,1554,0
03/03/2025,8405,310,1195,1524,0,2919,0
03/03/2025,5321,539,3264,2155,0,2013,0
03/03/2025,7003,685,1561,1901,0,1438,0
03/03/2025,9673,320,3173,3618,0,1168,0
03/03/2025,8355,303,1402,1471,0,1262,0
03/03/2025,5745,453,2512,1358,0,2691,0
03/03/2025,7913,351,1964,1589,0,2686,0
03/03/2025,5106,384,3018,1123,0,1266,0
03/03/2025,7948,679,2809,3036,0,1702,0
03/03/2025,6320,343,2060,1616,0,2495,0
03/03/2025,6529,623,3565,3329,0,1873,0
03/03/2025,9766,416,2784,2936,0,1874,0
03/03/2025,9769,666,2936,2179,0,2951,0
03/03/2025,8049,365,2715,3519,0,1959,0
04/03/2025,8716,498,2039,2776,0,1445,0
04/03/2025,6971,477,2901,1893,0,1129,0
04/03/2025,6332,315,2437,2660,0,2693,0
04/03/2025,7357,308,1619,2194,0,2273,0
04/03/2025,5680,595,2047,3104,0,2277,0
04/03/2025,6174,368,1104,2969,0,1221,0
04/03/2025,6247,414,3067,1863,0,2472,0
04/03/2025,8489,406,3354,2454,0,2535,0
04/03/2025,6463,666,2022,3516,0,2828,0
04/03/2025,9921,668,3536,1336,0,2915,0
04/03/2025,9468,613,3340,2932,0,2763,0
04/03/2025,5384,687,1770,1622,0,1402,0
04/03/2025,8763,700,3867,1583,0,2362,0
04/03/2025,7210,474,3232,1790,0,2718,0
05/03/2025,6026,627,2552,3206,0,1936,0
05/03/2025,8295,514,1030,1884,0,2550,0
05/03/2025,6605,523,2100,2635,0,1887,0
05/03/2025,8594,487,1421,2219,0,2851,0
05/03/2025,5990,392,1878,2667,0,1808,0
05/03/2025,7335,360,2643,1414,0,1125,0
05/03/2025,5961,442,2496,1178,0,1394,0
05/03/2025,7185,684,2880,1891,0,2164,0
05/03/2025,5070,695,3813,1146,0,1164,0
05/03/2025,6167,369,1389,2377,0,2669,0
05/03/2025,5204,452,1119,2145,0,1036,0
05/03/2025,5799,580,1187,1037,0,2164,0
05/03/2025,5755,650,2585,2112,0,2133,0
05/03/2025,8967,699,3655,1501,0,1165,0
06/03/2025,5259,697,2195,3721,0,1198,0
06/03/2025,5700,330,3288,3458,0,2690,0
06/03/2025,5301,439,1436,2761,0,1080,0
06/03/2025,6625,542,3870,1785,0,2422,0
06/03/2025,6049,624,2635,3539,0,1868,0
06/03/2025,5039,636,1885,3043,0,2509,0
06/03/2025,6529,672,2611,2517,0,2887,0
06/03/2025,5748,346,3158,3231,0,1785,0
06/03/2025,8593,402,1366,3757,0,2939,0
06/03/2025,7326,699,2481,3091,0,2970,0
06/03/2025,9768,472,1460,2849,0,2457,0
06/03/2025,5905,566,1206,1222,0,2528,0
06/03/2025,8950,615,2691,2929,0,1526,0
06/03/2025,5262,593,3696,1419,0,2546,0
07/03/2025,6102,408,3528,3915,0,1995,0
07/03/2025,7166,500,2191,2488,0,1311,0
07/03/2025,6467,459,3895,1143,0,2763,0
07/03/2025,8043,416,1675,3690,0,1894,0
07/03/2025,9441,467,1087,1648,0,1943,0
07/03/2025,8565,522,2412,2567,0,2770,0
07/03/2025,7571,558,3342,2525,0,2540,0
07/03/2025,9848,455,1569,1613,0,1463,0
07/03/2025,7591,606,1288,1848,0,1129,0
07/03/2025,7023,585,1035,2460,0,2545,0
07/03/2025,6282,362,3804,1940,0,1702,0
07/03/2025,8054,505,2360,1457,0,1878,0
07/03/2025,6504,389,1955,3238,0,2646,0
07/03/2025,9396,651,3619,1910,0,1052,0
08/03/2025,9556,647,2403,3609,0,1694,0
08/03/2025,9227,604,2393,2575,0,1981,0
08/03/2025,9248,322,3929,2602,0,1083,0
08/03/2025,7972,533,2304,1014,0,2412,0
08/03/2025,9448,680,1091,3970,0,2275,0
08/03/2025,9999,449,1807,2290,0,1562,0
08/03/2025,9206,459,2299,1885,0,1520,0
08/03/2025,9496,352,3930,2612,0,2565,0
08/03/2025,8670,612,2957,3454,0,1140,0
08/03/2025,8441,571,3876,1409,0,1230,0
08/03/2025,8742,413,2423,2529,0,1002,0
08/03/2025,5982,396,3679,3583,0,2744,0
08/03/2025,9879,696,2649,1064,0,1712,0
08/03/2025,7569,477,3393,2154,0,1420,0
09/03/2025,7213,587,2043,1669,0,2511,0
09/03/2025,8806,679,3544,2031,0,2391,0
09/03/2025,6468,472,1386,2374,0,2955,0
09/03/2025,9348,444,3934,3751,0,1841,0
09/03/2025,9631,633,3645,3192,0,1728,0
09/03/2025,5958,558,2251,1619,0,2177,0
09/03/2025,8661,424,3258,3652,0,2898,0
09/03/2025,5377,350,2290,3691,0,2682,0
09/03/2025,8573,487,2394,1536,0,2566,0
09/03/2025,9732,359,1466,2617,0,2734,0
09/03/2025,5397,552,2496,3422,0,2873,0
09/03/2025,8511,523,2542,2211,0,2782,0
09/03/2025,9350,430,3872,2658,0,2217,0
09/03/2025,5883,350,1091,2991,0,1696,0
10/03/2025,6571,671,1397,3494,0,1179,0
10/03/2025,6446,598,1075,3619,0,2497,0
10/03/2025,9518,482,2058,3297,0,1176,0
10/03/2025,7343,397,2186,3961,0,1942,0
10/03/2025,8243,683,3514,2491,0,1526,0
10/03/2025,8366,656,1350,1317,0,1977,0
10/03/2025,5359,442,1197,3496,0,1218,0
10/03/2025,8077,644,3994,3346,0,1625,0
10/03/2025,5692,407,3821,3360,0,1562,0
10/03/2025,6449,506,1236,1551,0,1103,0
10/03/2025,7862,590,2230,3868,0,1214,0
10/03/2025,5919,317,3705,1317,0,1631,0
10/03/2025,7155,484,1689,3095,0,1101,0
10/03/2025,5016,693,3626,2208,0,1197,0
11/03/2025,6604,541,2641,3405,0,2465,0
11/03/2025,6735,579,3068,1441,0,2771,0
11/03/2025,6209,313,3963,1216,0,2945,0
11/03/2025,5366,554,1623,1463,0,2501,0
11/03/2025,6396,439,2869,3470,0,2720,0
11/03/2025,8868,424,2974,1754,0,2643,0
11/03/2025,7001,665,2603,3801,0,2293,0
11/03/2025,9440,459,1655,1377,0,2441,0
11/03/2025,5077,645,3778,3359,0,1832,0
11/03/2025,8607,542,3350,1134,0,2621,0
11/03/2025,8045,438,1665,1911,0,2386,0
11/03/2025,8516,597,3625,3175,0,1702,0
11/03/2025,6501,302,2962,3288,0,1226,0
11/03/2025,6005,424,2747,2842,0,2949,0
12/03/2025,8051,320,2157,3742,0,1972,0
12/03/2025,6029,341,3441,1331,0,2612,0
12/03/2025,8440,489,3874,1648,0,2878,0
12/03/2025,9293,406,3252,1707,0,2725,0
12/03/2025,6689,385,2081,3629,0,1750,0
12/03/2025,7866,593,3075,3361,0,2851,0
12/03/2025,9478,381,2057,1448,0,2189,0
12/03/2025,8047,454,2572,3123,0,1288,0
12/03/2025,7086,624,3639,2804,0,2912,0
12/03/2025,8529,413,3369,1650,0,1369,0
12/03/2025,7432,681,2895,3899,0,1409,0
12/03/2025,5728,594,3211,2272,0,1753,0
12/03/2025,9481,434,3465,2311,0,2694,0
12/03/2025,9111,502,3418,2880,0,2700,0
13/03/2025,8004,379,3420,2407,0,1028,0
13/03/2025,9906,657,1418,3437,0,1817,0
13/03/2025,9999,352,1174,1572,0,2511,0
13/03/2025,9457,494,2709,3947,0,2453,0
13/03/2025,8896,664,3461,3384,0,2118,0
13/03/2025,6559,554,1279,1453,0,1170,0
13/03/2025,8332,301,1178,1601,0,2376,0
13/03/2025,5574,402,1922,3831,0,2030,0
13/03/2025,6683,534,3267,3460,0,1799,0
13/03/2025,6526,610,2593,2367,0,1812,0
13/03/2025,8510,691,1323,1941,0,2539,0
13/03/2025,7613,576,3673,3434,0,1731,0
13/03/2025,7871,420,3825,2638,0,2699,0
13/03/2025,8039,404,3290,1931,0,2273,0
14/03/2025,7318,595,2331,3148,0,1955,0
14/03/2025,5351,560,3449,3457,0,1603,0
14/03/2025,8518,403,2198,2694,0,2099,0
14/03/2025,6728,429,1808,3701,0,2965,0
14/03/2025,9024,472,1311,1335,0,1411,0
14/03/2025,7667,537,2897,3909,0,2511,0
14/03/2025,5182,524,3144,2243,0,2883,0
14/03/2025,9206,693,3047,1776,0,2713,0
14/03/2025,9710,684,3720,2841,0,2927,0
14/03/2025,7425,636,2818,1831,0,2616,0
14/03/2025,6144,477,1618,3694,0,2147,0
14/03/2025,8476,567,3743,3824,0,2661,0
14/03/2025,5772,317,2900,3679,0,2963,0
14/03/2025,7019,510,3501,2778,0,2361,0
15/03/2025,9822,439,2359,1428,0,1905,0
15/03/2025,7234,438,1472,2701,0,1283,0
15/03/2025,6332,319,2126,2486,0,2299,0
15/03/2025,9275,695,2056,2122,0,2059,0
15/03/2025,6856,550,1407,2366,0,2425,0
15/03/2025,7413,413,2953,2772,0,1785,0
15/03/2025,9788,344,2885,2824,0,1673,0
15/03/2025,8583,480,3873,1809,0,1793,0
15/03/2025,8467,454,1694,1617,0,2961,0
15/03/2025,8657,530,3722,2047,0,1479,0
15/03/2025,9902,598,1892,3474,0,2148,0
15/03/2025,7389,519,2961,1238,0,1605,0
15/03/2025,9204,462,2399,3285,0,1152,0
15/03/2025,8356,640,2243,2821,0,2898,0
16/03/2025,5484,516,2306,1776,0,2317,0
16/03/2025,5151,302,1200,2046,0,2094,0
16/03/2025,6667,570,2479,1010,0,1411,0
16/03/2025,7513,593,3048,1955,0,2338,0
16/03/2025,7192,443,1224,2250,0,1015,0
16/03/2025,9811,538,3690,1741,0,2674,0
16/03/2025,9385,493,3099,1316,0,2999,0
16/03/2025,5919,639,3058,3087,0,1808,0
16/03/2025,8879,470,3921,1985,0,2490,0
16/03/2025,8348,384,3009,3351,0,1360,0
16/03/2025,8409,689,2501,3391,0,1957,0
16/03/2025,9789,566,1669,2111,0,1888,0
16/03/2025,6011,411,2455,2861,0,2814,0
17/03/2025,7279,611,3466,3588,0,1850,0
17/03/2025,8696,655,1786,2959,0,1611,0
17/03/2025,8121,305,1003,3703,0,1662,0
17/03/2025,5846,601,2181,2964,0,1092,0
17/03/2025,9263,390,1920,1488,0,2132,0
17/03/2025,9233,389,3037,1835,0,1001,0
17/03/2025,6294,674,2300,2950,0,1809,0
17/03/2025,7244,538,3359,1440,0,1034,0
17/03/2025,6679,644,1546,3287,0,2768,0
17/03/2025,8736,655,3154,3506,0,2359,0
17/03/2025,6465,581,1296,3984,0,1353,0
17/03/2025,9151,389,2095,1337,0,1833,0
17/03/2025,9823,344,3365,1026,0,2744,0
18/03/2025,8385,500,1933,1725,0,2212,0
18/03/2025,9199,309,3267,1033,0,1854,0
18/03/2025,9769,308,3862,2752,0,1933,0
18/03/2025,8885,676,3942,1719,0,1071,0
18/03/2025,7476,481,3695,1226,0,2187,0
18/03/2025,9282,500,3819,2441,0,1133,0
18/03/2025,9878,552,1820,2365,0,1034,0
18/03/2025,8786,475,1738,2477,0,1336,0
18/03/2025,8227,462,1019,2472,0,2713,0
18/03/2025,6876,495,3501,2556,0,2432,0
18/03/2025,9207,489,2218,2470,0,2717,0
18/03/2025,7898,325,2124,2473,0,2976,0
18/03/2025,5243,577,3588,1173,0,1399,0
18/03/2025,9844,453,2010,1155,0,1521,0
19/03/2025,8591,640,3112,1806,0,1237,0
19/03/2025,9603,492,2438,3620,0,1679,0
19/03/2025,5683,561,3378,1793,0,1115,0
19/03/2025,5638,586,2537,1377,0,1551,0
19/03/2025,6490,540,2948,3179,0,1748,0
19/03/2025,6982,560,1355,3820,0,2410,0
19/03/2025,8616,577,3914,2662,0,2752,0
19/03/2025,5176,630,3389,2970,0,2270,0
19/03/2025,9634,522,3113,2220,0,2642,0
19/03/2025,6491,458,1858,2755,0,2098,0
19/03/2025,8151,354,1261,3452,0,1924,0
19/03/2025,7401,568,3288,2693,0,1049,0
19/03/2025,6087,555,2600,2864,0,1069,0
19/03/2025,9709,389,2082,1474,0,2171,0
20/03/2025,8383,469,2831,2478,0,1436,0
20/03/2025,7042,620,1837,1185,0,1331,0
20/03/2025,7383,491,1300,1651,0,2505,0
20/03/2025,5130,447,1110,2339,0,1367,0
20/03/2025,6738,312,2146,3083,0,1809,0
20/03/2025,9044,346,2293,2452,0,1267,0
20/03/2025,6960,358,1414,2840,0,2291,0
20/03/2025,7185,309,2690,2345,0,2527,0
20/03/2025,7869,610,2779,1020,0,1533,0
20/03/2025,6565,356,3805,1911,0,1482,0
20/03/2025,7917,339,1261,2170,0,2592,0
20/03/2025,5398,419,3529,1808,0,2480,0
20/03/2025,8689,668,1924,2237,0,2109,0
20/03/2025,8234,638,1191,3523,0,2705,0
21/03/2025,7963,426,2946,2745,0,1719,0
21/03/2025,5081,576,3002,3808,0,2749,0
21/03/2025,6113,571,3148,2291,0,2295,0
21/03/2025,9413,652,3233,1078,0,1625,0
21/03/2025,9891,594,2894,3805,0,1340,0
21/03/2025,5504,422,1070,1597,0,1330,0
21/03/2025,8842,685,1213,3704,0,1267,0
21/03/2025,7991,357,1357,3189,0,1300,0
21/03/2025,7685,465,2214,1118,0,1300,0
21/03/2025,8290,654,1992,3712,0,2220,0
21/03/2025,9242,510,2871,3472,0,1991,0
21/03/2025,8388,368,2641,1983,0,1592,0
21/03/2025,5742,595,1112,1801,0,1527,0
22/03/2025,9990,337,3382,2937,0,2110,0
22/03/2025,5270,493,1346,1549,0,2005,0
22/03/2025,7875,372,1870,3805,0,2033,0
22/03/2025,9136,413,3420,2711,0,1770,0
22/03/2025,9709,501,3123,3234,0,2153,0
22/03/2025,8493,356,1257,2300,0,2045,0
22/03/2025,5913,512,1588,3276,0,2044,0
22/03/2025,7908,501,1622,3374,0,1410,0
22/03/2025,5915,475,3076,2720,0,2494,0
22/03/2025,5624,618,2392,1640,0,2129,0
22/03/2025,8016,660,1115,2803,0,1597,0
22/03/2025,8857,553,2123,3650,0,2564,0
22/03/2025,6242,441,2475,1694,0,1232,0
23/03/2025,6844,505,2638,1819,0,1102,0
23/03/2025,6785,309,3817,3760,0,2379,0
23/03/2025,9130,341,3058,1715,0,2282,0
23/03/2025,9388,385,2989,3557,0,2692,0
23/03/2025,6538,314,3437,3571,0,2081,0
23/03/2025,8623,681,2954,3508,0,2627,0
23/03/2025,6552,399,3133,1756,0,2844,0
23/03/2025,8542,562,3652,3689,0,1680,0
23/03/2025,7534,442,3017,1233,0,1745,0
23/03/2025,7170,317,1777,2408,0,2176,0
23/03/2025,6071,524,3206,1098,0,1787,0
23/03/2025,7584,595,2202,1034,0,1684,0
23/03/2025,9815,441,1685,1420,0,2470,0
24/03/2025,5759,407,1135,1657,0,1046,0
24/03/2025,6146,326,3591,3643,0,1934,0
24/03/2025,7794,606,3829,1279,0,1987,0
24/03/2025,6580,672,1953,2253,0,2352,0
24/03/2025,6157,693,2843,1574,0,1063,0
24/03/2025,5943,340,1898,2864,0,1371,0
24/03/2025,6464,672,2656,2048,0,2802,0
24/03/2025,5579,327,2043,1584,0,2429,0
24/03/2025,9708,590,1385,1636,0,2626,0
24/03/2025,8898,302,3566,2352,0,1401,0
24/03/2025,9439,529,3371,2564,0,1355,0
24/03/2025,8014,432,3180,3677,0,1675,0
24/03/2025,8367,669,3001,2155,0,1038,0
25/03/2025,8067,437,1050,3570,0,1598,0
25/03/2025,6832,424,1480,1960,0,2039,0
25/03/2025,5589,349,1331,2458,0,2189,0
25/03/2025,7802,414,3968,1270,0,1596,0
25/03/2025,8517,656,3147,2498,0,1882,0
25/03/2025,9050,366,2283,1846,0,2890,0
25/03/2025,6548,564,3947,1428,0,1265,0
25/03/2025,5532,316,3690,3075,0,2776,0
25/03/2025,7843,602,3535,3819,0,1435,0
25/03/2025,6746,573,2429,1430,0,1431,0
25/03/2025,6721,420,3431,1740,0,2003,0
25/03/2025,7723,623,2918,1510,0,1317,0
25/03/2025,5814,699,3099,3796,0,2548,0
26/03/2025,8019,472,1209,3096,0,2763,0
26/03/2025,8343,320,1772,2313,0,1450,0
26/03/2025,8614,611,1703,1332,0,2321,0
26/03/2025,9344,385,3960,3644,0,1985,0
26/03/2025,7587,369,2246,1404,0,1846,0
26/03/2025,5553,366,2757,3174,0,2582,0
26/03/2025,6905,386,3271,2494,0,2225,0
26/03/2025,9991,545,1623,3653,0,1182,0
26/03/2025,6713,516,3049,3006,0,2661,0
26/03/2025,5364,456,1955,1745,0,2122,0
26/03/2025,9249,408,3003,2009,0,1123,0
26/03/2025,5159,354,3590,1141,0,2636,0
26/03/2025,8029,447,3844,3576,0,1997,0
27/03/2025,9654,302,1596,1354,0,1779,0
27/03/2025,6905,526,2439,1195,0,2626,0
27/03/2025,9229,355,1952,1505,0,1504,0
27/03/2025,9501,612,3391,3661,0,1824,0
27/03/2025,9683,475,1110,1491,0,1489,0
27/03/2025,8816,484,2653,1668,0,1833,0
27/03/2025,8821,451,1461,2566,0,2241,0
27/03/2025,8402,326,2427,1292,0,1048,0
27/03/2025,9385,309,3523,1858,0,1206,0
27/03/2025,6138,434,1570,2512,0,2282,0
27/03/2025,6636,453,1654,2479,0,2668,0
27/03/2025,8801,652,2033,2905,0,1373,0
27/03/2025,7600,640,1504,2424,0,2867,0
27/03/2025,9884,591,1088,2939,0,1043,0
28/03/2025,5453,681,1878,2136,0,1795,0
28/03/2025,6553,373,3629,2175,0,1749,0
28/03/2025,7090,651,2664,1399,0,1365,0
28/03/2025,7372,559,1965,2249,0,2397,0
28/03/2025,6098,605,2497,1079,0,1982,0
28/03/2025,5576,664,2387,2906,0,2581,0
28/03/2025,7790,681,2614,2327,0,2039,0
28/03/2025,5035,614,1073,1722,0,2963,0
28/03/2025,6783,432,2408,2555,0,2964,0
28/03/2025,9434,375,3004,2285,0,2211,0
28/03/2025,5189,397,3464,3466,0,1201,0
28/03/2025,6604,482,1731,1267,0,2328,0
28/03/2025,6678,469,1228,3859,0,1906,0
28/03/2025,9307,621,1285,1089,0,1657,0
29/03/2025,6336,615,1352,3532,0,2949,0
29/03/2025,5444,403,2319,2393,0,2224,0
29/03/2025,9197,644,2048,2137,0,2473,0
29/03/2025,6955,405,1194,2939,0,1020,0
29/03/2025,7887,625,1100,3297,0,1207,0
29/03/2025,6132,379,1856,2914,0,1062,0
29/03/2025,8343,411,1283,1835,0,1923,0
29/03/2025,7846,412,1311,2533,0,1406,0
29/03/2025,5986,674,1065,3415,0,1260,0
29/03/2025,5660,486,3209,1515,0,1087,0
29/03/2025,6645,663,3486,1186,0,2195,0
29/03/2025,9871,346,3857,1298,0,2269,0
29/03/2025,7898,633,1414,2623,0,1136,0
30/03/2025,5052,472,2686,3163,0,1900,0
30/03/2025,9432,429,1115,2095,0,2912,0
30/03/2025,9956,519,1758,3149,0,1217,0
30/03/2025,8155,635,1964,1854,0,1197,0
30/03/2025,5286,586,1118,1294,0,1251,0
30/03/2025,5990,592,2108,2300,0,2644,0
30/03/2025,5487,355,1623,3651,0,1176,0
30/03/2025,7621,487,1634,1523,0,2952,0
30/03/2025,6178,685,2790,3065,0,1956,0
30/03/2025,9347,633,3985,3421,0,2966,0
30/03/2025,7137,377,3975,2133,0,2765,0
30/03/2025,9277,570,3887,3307,0,2183,0
30/03/2025,7883,510,3475,2853,0,2555,0
31/03/2025,6348,533,1770,3962,0,2898,0
31/03/2025,7438,376,1654,3378,0,2224,0
31/03/2025,8691,347,1620,1482,0,2869,0
31/03/2025,5890,602,3807,2008,0,1995,0
31/03/2025,5112,689,2284,1672,0,2676,0
31/03/2025,5945,694,1595,3871,0,1750,0
31/03/2025,9236,335,1488,2234,0,2321,0
31/03/2025,6533,325,3268,3009,0,1359,0
31/03/2025,5324,699,1326,1360,0,2074,0
31/03/2025,5404,620,3086,2043,0,1039,0
31/03/2025,7788,475,3793,1857,0,1598,0
31/03/2025,9113,317,1729,1939,0,2027,0
31/03/2025,9613,522,3928,1820,0,1215,0
01/04/2025,9714,672,2698,2925,0,2671,0
01/04/2025,7847,383,1883,3330,0,2835,0
01/04/2025,9642,392,1465,3802,0,2704,0
01/04/2025,5765,330,3674,3507,0,1958,0
01/04/2025,7130,424,3934,1549,0,1997,0
01/04/2025,8040,665,2242,1245,0,1516,0
01/04/2025,6183,547,3712,1211,0,2708,0
01/04/2025,6792,600,1358,3098,0,2154,0
01/04/2025,9480,646,1504,1758,0,1163,0
01/04/2025,6471,568,2328,2039,0,1336,0
01/04/2025,6182,439,2026,1233,0,1245,0
01/04/2025,8568,356,2060,3533,0,2129,0
01/04/2025,8745,696,1638,3444,0,1870,0
02/04/2025,7175,629,2018,1774,0,1407,0
02/04/2025,9852,512,2686,2358,0,2136,0
02/04/2025,9662,600,1255,2743,0,2831,0
02/04/2025,8398,413,3437,2331,0,2992,0
02/04/2025,7161,311,2726,1175,0,2250,0
02/04/2025,8348,555,3949,1853,0,2401,0
02/04/2025,8427,416,3422,2393,0,2210,0
02/04/2025,8988,335,3250,2156,0,2181,0
02/04/2025,6393,529,2402,3965,0,2714,0
02/04/2025,8634,366,3336,3635,0,1018,0
02/04/2025,9865,520,2468,1824,0,1053,0
02/04/2025,7502,651,3780,2620,0,1192,0
02/04/2025,5149,482,3925,2209,0,2240,0
03/04/2025,9523,678,3269,1032,0,2450,0
03/04/2025,7340,680,2241,1827,0,2974,0
03/04/2025,6137,326,2279,2796,0,1170,0
03/04/2025,7072,305,3389,3285,0,2787,0
03/04/2025,7250,470,1671,3257,0,2463,0
03/04/2025,5526,667,2112,3973,0,1958,0
03/04/2025,5201,585,2769,1967,0,1302,0
03/04/2025,7358,440,1276,1076,0,1079,0
03/04/2025,9098,607,2041,3667,0,1798,0
03/04/2025,7390,486,2855,1687,0,2697,0
03/04/2025,6223,698,3202,1363,0,2796,0
03/04/2025,9623,687,3965,3951,0,1374,0
03/04/2025,6745,694,2333,2855,0,1914,0
04/04/2025,9250,395,3769,1535,0,2587,0
04/04/2025,9583,472,1541,2449,0,1418,0
04/04/2025,5071,618,3856,1730,0,2051,0
04/04/2025,8903,560,1221,2351,0,1071,0
04/04/2025,8462,682,2834,1884,0,1121,0
04/04/2025,7406,682,1452,3316,0,2896,0
04/04/2025,9142,388,2965,3980,0,2141,0
04/04/2025,6554,451,2719,1345,0,2667,0
04/04/2025,5816,536,1082,3236,0,1356,0
04/04/2025,8340,324,1807,1041,0,1515,0
04/04/2025,6728,567,3089,3079,0,2462,0
04/04/2025,8360,391,3676,2384,0,1915,0
04/04/2025,5696,529,1457,2742,0,2392,0
05/04/2025,7486,700,3498,2296,0,1280,0
05/04/2025,8716,647,1968,1975,0,2794,0
05/04/2025,5510,387,2988,1110,0,1932,0
05/04/2025,5230,449,2573,3160,0,1074,0
05/04/2025,6119,532,1087,3233,0,1102,0
05/04/2025,9137,642,2501,2238,0,1257,0
05/04/2025,5578,558,3788,2786,0,2375,0
05/04/2025,8020,482,1106,1012,0,2356,0
05/04/2025,6720,342,1205,2748,0,2013,0
05/04/2025,5784,632,1897,2624,0,2022,0
05/04/2025,8322,422,3501,1686,0,1324,0
05/04/2025,7919,312,1704,3392,0,2787,0
05/04/2025,6749,652,2547,1735,0,1371,0
06/04/2025,8378,593,2897,2757,0,1320,0
06/04/2025,8590,369,3050,1390,0,1134,0
06/04/2025,6877,490,3278,3466,0,1495,0
06/04/2025,8358,361,1305,2372,0,2883,0
06/04/2025,8423,590,2761,2683,0,2972,0
06/04/2025,6241,681,2410,3759,0,1409,0
06/04/2025,6931,585,2658,2653,0,2424,0
06/04/2025,8204,373,1663,2152,0,2141,0
06/04/2025,5285,393,2450,1670,0,2365,0
06/04/2025,7072,597,1482,2491,0,2040,0
06/04/2025,9946,657,1502,1405,0,1655,0
06/04/2025,8142,331,1093,2523,0,2884,0
06/04/2025,9911,507,2168,2210,0,1603,0
07/04/2025,8891,329,3463,2632,0,2087,0
07/04/2025,8495,537,3531,1238,0,2534,0
07/04/2025,7705,348,3193,2712,0,1639,0
07/04/2025,5174,522,2426,3282,0,2426,0
07/04/2025,5982,653,3916,2703,0,1207,0
07/04/2025,6991,361,1530,3170,0,2984,0
07/04/2025,5176,345,2105,3708,0,1431,0
07/04/2025,9028,632,1365,3873,0,1490,0
07/04/2025,5247,347,3715,2730,0,1976,0
07/04/2025,7185,609,3319,3582,0,1597,0
07/04/2025,6994,367,2100,3735,0,2042,0
07/04/2025,5791,662,1088,3921,0,2459,0
07/04/2025,5978,329,3266,1029,0,2078,0
08/04/2025,8802,401,1745,2597,0,2424,0
08/04/2025,9191,653,2593,3891,0,1538,0
08/04/2025,9105,434,1548,2934,0,1466,0
08/04/2025,8638,520,1098,1789,0,2018,0
08/04/2025,5879,507,2012,3946,0,1010,0
08/04/2025,8583,687,3572,3158,0,1345,0
08/04/2025,6259,581,1679,3583,0,2246,0
08/04/2025,7089,493,2043,1660,0,2922,0
08/04/2025,8382,374,2787,3602,0,2435,0
08/04/2025,6606,699,3298,1678,0,2368,0
08/04/2025,8426,439,2778,3311,0,1590,0
08/04/2025,7622,371,1627,2700,0,1565,0
08/04/2025,7411,375,3260,3654,0,2136,0
09/04/2025,9838,505,2232,3908,0,1536,0
09/04/2025,5183,664,3797,3577,0,2145,0
09/04/2025,8122,475,2927,3835,0,1461,0
09/04/2025,6075,466,2485,1546,0,1463,0
09/04/2025,5847,408,1755,2697,0,1476,0
09/04/2025,6918,596,1175,3224,0,2530,0
09/04/2025,5180,669,2967,1596,0,1976,0
09/04/2025,8761,406,3367,1878,0,2367,0
09/04/2025,6703,479,2091,3355,0,1187,0
09/04/2025,5943,443,2628,3323,0,2554,0
09/04/2025,5475,440,2378,3334,0,1980,0
09/04/2025,7409,486,2401,1870,0,1440,0
09/04/2025,7751,570,1650,3501,0,1609,0
10/04/2025,9476,669,1614,2978,0,2844,0
10/04/2025,5522,317,2482,1803,0,2605,0
10/04/2025,8863,436,3843,3016,0,2651,0
10/04/2025,6995,377,3612,1690,0,2974,0
10/04/2025,6079,520,3282,2134,0,2434,0
10/04/2025,7613,330,2361,2606,0,1357,0
10/04/2025,7258,473,3494,3731,0,1438,0
10/04/2025,7448,442,3741,1148,0,2225,0
10/04/2025,7204,554,1201,2197,0,2637,0
10/04/2025,9324,520,1347,1162,0,2866,0
10/04/2025,8747,427,1291,2936,0,2288,0
10/04/2025,7314,645,3601,3308,0,2674,0
10/04/2025,7581,388,1286,2029,0,1271,0
11/04/2025,8506,683,3593,2399,0,2977,0
11/04/2025,5538,328,1596,2913,0,2765,0
11/04/2025,6005,301,2736,2189,0,2794,0
11/04/2025,8463,512,3911,3468,0,1895,0
11/04/2025,6634,664,2996,2620,0,2092,0
11/04/2025,8546,600,1955,1212,0,1958,0
11/04/2025,6680,473,1548,2797,0,2642,0
11/04/2025,6471,532,1876,1132,0,1688,0
11/04/2025,6774,381,3826,3105,0,1826,0
11/04/2025,6510,566,3781,2002,0,2969,0
11/04/2025,9420,575,1920,1342,0,1211,0
11/04/2025,7793,618,1332,3402,0,1460,0
11/04/2025,5962,322,3626,3966,0,1488,0
12/04/2025,6853,432,2514,1566,0,2762,0
12/04/2025,5271,407,1186,3549,0,2672,0
12/04/2025,5538,310,2659,2289,0,1636,0
12/04/2025,5379,501,3166,1981,0,2653,0
12/04/2025,8905,302,2165,1709,0,2454,0
12/04/2025,5305,584,3039,2218,0,1281,0
12/04/2025,7152,473,1580,3587,0,2978,0
12/04/2025,5386,483,2228,3161,0,2487,0
12/04/2025,7615,446,1696,2051,0,1517,0
12/04/2025,9248,489,1198,2567,0,1021,0
12/04/2025,6071,471,1651,2955,0,2162,0
12/04/2025,8662,339,1025,2662,0,2303,0
12/04/2025,6794,683,2541,1272,0,2229,0
13/04/2025,7266,429,3592,1591,0,2892,0
13/04/2025,7405,610,3994,1181,0,2280,0
13/04/2025,8258,663,1641,2060,0,2321,0
13/04/2025,9674,535,2093,1335,0,2393,0
13/04/2025,5355,671,2605,2861,0,2657,0
13/04/2025,6745,580,2316,1156,0,2717,0
13/04/2025,8853,471,1946,2220,0,2333,0
13/04/2025,7474,589,1619,1261,0,2604,0
13/04/2025,9192,376,2900,3616,0,2426,0
13/04/2025,6503,665,3149,2787,0,2678,0
13/04/2025,9849,621,2026,1048,0,1700,0
13/04/2025,5201,584,1830,3373,0,1570,0
13/04/2025,6825,659,1445,2303,0,1625,0
14/04/2025,5884,667,1850,2531,0,1874,0
14/04/2025,6033,528,2986,1513,0,1745,0
14/04/2025,9653,311,1233,1536,0,1906,0
14/04/2025,7763,441,3951,2625,0,2762,0
14/04/2025,5792,396,2901,2595,0,1470,0
14/04/2025,8545,381,1376,2509,0,2464,0
14/04/2025,9316,637,1018,3016,0,2214,0
14/04/2025,9026,584,2928,3549,0,1308,0
14/04/2025,7599,616,3303,2783,0,2864,0
14/04/2025,5539,463,3457,3610,0,1770,0
14/04/2025,8015,603,1594,1934,0,1135,0
14/04/2025,7700,421,3682,2039,0,1332,0
14/04/2025,6460,332,1548,1992,0,2341,0
15/04/2025,7708,306,1259,2529,0,2776,0
15/04/2025,8968,476,1223,1314,0,1916,0
15/04/2025,5371,651,1291,2825,0,2917,0
15/04/2025,9987,462,1811,1187,0,1489,0
15/04/2025,9910,570,3792,2565,0,1428,0
15/04/2025,6358,389,2111,3307,0,1917,0
15/04/2025,7327,452,2237,3856,0,2055,0
15/04/2025,8763,501,1154,1589,0,1803,0
15/04/2025,8681,587,3708,1135,0,1736,0
15/04/2025,9072,510,1884,3252,0,1005,0
15/04/2025,7012,488,3863,1843,0,1012,0
15/04/2025,5442,570,2500,2976,0,1885,0
15/04/2025,8254,468,1769,3167,0,2793,0
16/04/2025,7011,543,2543,1159,0,2468,0
16/04/2025,7729,591,1445,1650,0,2443,0
16/04/2025,7864,661,3337,2040,0,2541,0
16/04/2025,9164,333,2123,3817,0,1912,0
16/04/2025,5826,330,2823,2009,0,1778,0
16/04/2025,5246,413,2872,3721,0,2417,0
16/04/2025,8545,652,3359,2592,0,2237,0
16/04/2025,7715,505,2252,2160,0,2089,0
16/04/2025,8784,451,3884,1052,0,2148,0
16/04/2025,7363,556,1151,3060,0,2237,0
16/04/2025,6706,631,1751,2688,0,1808,0
16/04/2025,8033,670,3591,3558,0,2476,0
16/04/2025,9252,497,1370,2854,0,2282,0
17/04/2025,8263,380,3646,2409,0,1965,0
17/04/2025,7559,507,2782,1971,0,2742,0
17/04/2025,6883,466,3469,1276,0,2869,0
17/04/2025,9231,417,3154,2756,0,1923,0
17/04/2025,7116,491,1839,2210,0,1864,0
17/04/2025,8895,632,1506,1392,0,2895,0
17/04/2025,9158,448,3966,2260,0,1074,0
17/04/2025,5699,514,2993,2699,0,1237,0
17/04/2025,9884,396,1105,1236,0,2322,0
17/04/2025,5152,600,3008,3258,0,2397,0
17/04/2025,8378,558,1987,3713,0,2698,0
17/04/2025,5710,682,2400,2847,0,2925,0
17/04/2025,9386,310,1095,1476,0,1749,0
18/04/2025,7683,565,3564,2733,0,1641,0
18/04/2025,9457,474,2801,1998,0,1716,0
18/04/2025,6752,618,3923,3215,0,2726,0
18/04/2025,7891,405,1235,1722,0,2092,0
18/04/2025,9287,516,1046,3156,0,1512,0
18/04/2025,7530,577,2156,2633,0,2450,0
18/04/2025,6770,490,3893,1931,0,1301,0
18/04/2025,6404,575,1601,1429,0,1823,0
18/04/2025,5513,322,1235,1375,0,2717,0
18/04/2025,7034,399,1417,3086,0,2924,0
18/04/2025,6262,517,1186,1988,0,1424,0
18/04/2025,8020,587,1559,1667,0,1178,0
18/04/2025,7937,569,2091,3691,0,2808,0
19/04/2025,6328,510,2156,1015,0,2616,0
19/04/2025,9444,475,3870,3841,0,2946,0
19/04/2025,8988,387,3973,2154,0,2251,0
19/04/2025,6497,369,1222,1292,0,2715,0
19/04/2025,7557,622,1780,1619,0,2229,0
19/04/2025,9555,671,2078,1194,0,2963,0
19/04/2025,7828,633,1954,2105,0,1294,0
19/04/2025,5139,438,2260,2301,0,1064,0
19/04/2025,8762,444,3882,2141,0,1451,0
19/04/2025,8970,312,3650,1668,0,2150,0
19/04/2025,6794,438,1833,3597,0,2993,0
19/04/2025,5005,463,3603,3653,0,1529,0
19/04/2025,8977,667,1483,1326,0,2769,0
20/04/2025,7925,470,2921,3702,0,1253,0
20/04/2025,6302,631,1314,1034,0,2105,0
20/04/2025,7857,587,3969,2086,0,1086,0
20/04/2025,7077,504,3245,1290,0,2658,0
20/04/2025,6423,595,2245,1983,0,2153,0
20/04/2025,7618,498,2810,3055,0,1994,0
20/04/2025,9156,542,1941,3310,0,1381,0
20/04/2025,6661,361,3723,1588,0,2018,0
20/04/2025,6762,432,1220,2834,0,1883,0
20/04/2025,9158,568,1389,2150,0,1688,0
20/04/2025,7102,586,3952,2384,0,1004,0
20/04/2025,7754,542,2362,3183,0,1697,0
20/04/2025,7701,313,1455,3187,0,1382,0
21/04/2025,6020,410,3686,3456,0,2282,0
21/04/2025,5853,412,1746,1962,0,2168,0
21/04/2025,5039,631,1878,3126,0,2036,0
21/04/2025,5613,332,1624,3543,0,1617,0
21/04/2025,9607,406,1789,1446,0,1554,0
21/04/2025,8605,667,3812,2735,0,1361,0
21/04/2025,6301,635,2736,2231,0,2985,0
21/04/2025,6673,681,2873,3956,0,1921,0
21/04/2025,5108,457,1578,3570,0,1667,0
21/04/2025,5399,550,2405,3846,0,1313,0
21/04/2025,5791,644,1475,3864,0,2526,0
21/04/2025,6081,332,3484,1337,0,2091,0
21/04/2025,6496,352,1724,1788,0,2299,0
22/04/2025,7880,621,2933,3308,0,2281,0
22/04/2025,5904,664,3691,1588,0,2342,0
22/04/2025,6420,539,2415,2407,0,1105,0
22/04/2025,5394,555,2691,1005,0,2236,0
22/04/2025,8659,596,1852,2839,0,1003,0
22/04/2025,9688,597,3212,3293,0,1535,0
22/04/2025,6030,632,1104,3235,0,1867,0
22/04/2025,8865,515,2531,2483,0,1058,0
22/04/2025,6957,668,3030,2910,0,2059,0
22/04/2025,7059,441,1744,3478,0,2454,0
22/04/2025,8152,614,2910,3485,0,2935,0
22/04/2025,6035,305,1894,2342,0,2374,0
22/04/2025,9465,519,3081,3684,0,2033,0
23/04/2025,9366,358,2069,3286,0,2506,0
23/04/2025,9079,677,1566,3251,0,2880,0
23/04/2025,6154,401,3487,3560,0,1794,0
23/04/2025,5597,344,2115,3173,0,2822,0
23/04/2025,6536,409,3368,3702,0,2272,0
23/04/2025,9196,606,1651,2830,0,2474,0
23/04/2025,5387,346,2239,1664,0,1991,0
23/04/2025,5811,358,1327,3269,0,2898,0
23/04/2025,9490,498,2761,2933,0,1796,0
23/04/2025,7941,601,3842,2668,0,2360,0
23/04/2025,5925,553,3903,1302,0,2443,0
23/04/2025,9190,326,1441,1153,0,2400,0
23/04/2025,8666,428,2010,3166,0,2602,0
24/04/2025,5015,514,1984,1816,0,1294,0
24/04/2025,8514,644,1614,2269,0,1326,0
24/04/2025,7655,692,3588,2708,0,1729,0
24/04/2025,9864,689,3774,1178,0,1407,0
24/04/2025,5276,367,1009,1481,0,1805,0
24/04/2025,7171,499,2512,3920,0,1440,0
24/04/2025,7173,436,1998,2969,0,2896,0
24/04/2025,5714,380,3990,1767,0,2847,0
24/04/2025,8246,470,2362,3396,0,1834,0
24/04/2025,8430,419,2104,3187,0,2975,0
24/04/2025,6959,591,1461,2150,0,2137,0
24/04/2025,8399,379,3376,2936,0,2060,0
24/04/2025,7274,378,2818,2978,0,1774,0
25/04/2025,7230,442,3392,1725,0,1456,0
25/04/2025,7173,641,1514,2929,0,2105,0
25/04/2025,5928,539,2502,2776,0,2973,0
25/04/2025,9059,357,1926,3215,0,1914,0
25/04/2025,8698,595,3912,3924,0,2641,0
25/04/2025,6621,387,2309,3810,0,2638,0
25/04/2025,8584,409,1871,1214,0,2213,0
25/04/2025,8759,348,3434,1065,0,1203,0
25/04/2025,8296,654,1259,3184,0,2365,0
25/04/2025,7375,402,1698,3547,0,1070,0
25/04/2025,7549,656,2528,3692,0,1841,0
25/04/2025,7986,697,1863,2403,0,2993,0
25/04/2025,9156,521,2826,3051,0,1117,0
26/04/2025,9872,592,1487,1096,0,1409,0
26/04/2025,9785,389,1680,3804,0,1484,0
26/04/2025,6279,467,1614,1478,0,1819,0
26/04/2025,8557,351,1295,3701,0,2496,0
26/04/2025,5783,349,2386,1487,0,2906,0
26/04/2025,6844,535,1218,3743,0,1679,0
26/04/2025,6232,432,1977,2761,0,1107,0
26/04/2025,5351,490,2035,3133,0,2674,0
26/04/2025,6842,415,3358,1567,0,1809,0
26/04/2025,5111,482,3133,2808,0,2170,0
26/04/2025,6808,386,3043,2041,0,1026,0
26/04/2025,8439,392,1656,3129,0,1131,0
26/04/2025,5608,414,1658,3507,0,2005,0
27/04/2025,5660,336,2079,1832,0,1858,0
27/04/2025,7174,423,3150,2173,0,1027,0
27/04/2025,5089,573,2731,2363,0,2578,0
27/04/2025,7853,690,3326,3979,0,2481,0
27/04/2025,9613,542,3385,1093,0,1631,0
27/04/2025,6109,399,2560,3737,0,2731,0
27/04/2025,9589,454,2585,1690,0,1869,0
27/04/2025,5383,473,1671,3124,0,1069,0
27/04/2025,7323,390,2778,2938,0,2342,0
27/04/2025,5991,396,3608,3927,0,1226,0
27/04/2025,6227,463,3739,2668,0,1450,0
27/04/2025,5497,614,2785,1042,0,2908,0
27/04/2025,5453,488,3295,2944,0,2795,0
28/04/2025,8106,315,2967,3020,0,1144,0
28/04/2025,6511,450,1429,3257,0,1983,0
28/04/2025,8044,473,2197,2650,0,2515,0
28/04/2025,8641,545,3568,1336,0,2496,0
28/04/2025,5805,525,2745,2772,0,2843,0
28/04/2025,6583,665,2082,1283,0,2633,0
28/04/2025,8031,370,3476,2145,0,2071,0
28/04/2025,9634,341,3347,2429,0,1961,0
28/04/2025,8580,474,3089,2454,0,1783,0
28/04/2025,6409,431,2793,2996,0,1591,0
28/04/2025,6272,317,1587,1095,0,1385,0
28/04/2025,8258,662,1101,1726,0,1290,0
28/04/2025,8533,516,1477,3587,0,1242,0
29/04/2025,9775,577,2670,3654,0,1604,0
29/04/2025,8500,349,2197,2847,0,2082,0
29/04/2025,5552,487,2903,2411,0,1828,0
29/04/2025,7488,411,1620,2528,0,1467,0
29/04/2025,6651,406,1356,3318,0,2408,0
29/04/2025,6706,507,3488,3637,0,2258,0
29/04/2025,7177,300,3452,3178,0,2940,0
29/04/2025,6580,441,2905,3781,0,1739,0
29/04/2025,9619,417,2824,1377,0,1959,0
29/04/2025,9655,555,3924,3178,0,2456,0
29/04/2025,8185,358,2840,3245,0,1820,0
29/04/2025,6292,396,2426,3302,0,2145,0
29/04/2025,7531,346,1937,2647,0,2524,0
30/04/2025,6115,574,2206,1666,0,2213,0
30/04/2025,9498,525,3074,1101,0,1230,0
30/04/2025,6804,300,1472,2196,0,1210,0
30/04/2025,6476,491,3073,3914,0,1022,0
30/04/2025,6866,535,3247,1343,0,2258,0
30/04/2025,6218,447,3532,2683,0,2231,0
30/04/2025,7369,419,3082,3124,0,1074,0
30/04/2025,7261,672,3824,1054,0,2260,0
30/04/2025,6780,675,1204,2616,0,1570,0
30/04/2025,5403,335,2224,3918,0,1846,0
30/04/2025,5494,585,1695,2492,0,1640,0
30/04/2025,8943,359,1729,2815,0,2730,0
30/04/2025,5422,453,2098,1718,0,2904,0
01/05/2025,6438,443,2352,3170,0,1618,0
01/05/2025,5236,378,2467,1148,0,1142,0
01/05/2025,8125,609,2669,2848,0,2368,0
01/05/2025,6607,368,3434,2957,0,2827,0
01/05/2025,5525,361,1872,1244,0,2947,0
01/05/2025,5938,604,1722,3493,0,2714,0
01/05/2025,9154,603,1711,3030,0,2571,0
01/05/2025,8061,667,2327,2813,0,2253,0
01/05/2025,5013,626,3602,1004,0,1665,0
01/05/2025,8503,402,1897,1627,0,1431,0
01/05/2025,9063,698,1764,3468,0,2812,0
01/05/2025,6427,542,3116,2321,0,1406,0
01/05/2025,5429,562,1596,3306,0,2227,0
02/05/2025,8983,481,3494,1553,0,2031,0
02/05/2025,7010,599,2699,3526,0,1617,0
02/05/2025,8376,315,3414,2973,0,1387,0
02/05/2025,9067,598,3107,1869,0,1568,0
02/05/2025,9324,330,3150,3476,0,1166,0
02/05/2025,7328,555,3954,2582,0,2224,0
02/05/2025,9147,690,1788,1733,0,1442,0
02/05/2025,7791,697,2208,1653,0,1686,0
02/05/2025,6590,479,1452,1698,0,1374,0
02/05/2025,9315,519,1745,3995,0,1557,0
02/05/2025,9277,669,3054,1916,0,1046,0
02/05/2025,9567,393,1759,2089,0,2236,0
02/05/2025,7036,474,1448,2224,0,1470,0
03/05/2025,8203,407,2271,2134,0,2168,0
03/05/2025,7386,614,2756,1587,0,2321,0
03/05/2025,6202,397,3876,2593,0,1981,0
03/05/2025,8537,369,2436,2530,0,1404,0
03/05/2025,8493,366,1292,2907,0,2112,0
03/05/2025,5646,625,3130,1293,0,1818,0
03/05/2025,6788,517,3489,1290,0,2375,0
03/05/2025,9734,482,2449,2614,0,2739,0
03/05/2025,8648,649,2192,2682,0,2669,0
03/05/2025,5879,410,3532,1879,0,1399,0
03/05/2025,9300,486,3493,1496,0,2557,0
03/05/2025,5460,465,2850,2204,0,2433,0
03/05/2025,8027,484,3906,3158,0,1716,0
04/05/2025,5667,592,1564,1062,0,2193,0
04/05/2025,9454,535,2229,1612,0,1437,0
04/05/2025,8485,538,2056,1242,0,2276,0
04/05/2025,5142,354,2519,2801,0,2535,0
04/05/2025,9164,684,3438,3552,0,1909,0
04/05/2025,7047,638,1450,2082,0,1080,0
04/05/2025,6062,301,1116,2412,0,2873,0
04/05/2025,8312,464,2502,2955,0,2771,0
04/05/2025,7401,401,1478,2089,0,2521,0
04/05/2025,8466,416,3055,3155,0,2790,0
04/05/2025,7188,321,3644,1813,0,1635,0
04/05/2025,9899,447,1201,2381,0,1308,0
04/05/2025,5499,514,1751,3718,0,2146,0
05/05/2025,7677,576,3993,3846,0,2479,0
05/05/2025,8577,453,1609,1055,0,1953,0
05/05/2025,6386,340,2122,1943,0,1431,0
05/05/2025,9216,318,1665,2200,0,1837,0
05/05/2025,5605,567,2124,3499,0,2571,0
05/05/2025,8495,617,2538,1179,0,1089,0
05/05/2025,9236,549,3569,1407,0,2944,0
05/05/2025,8927,691,2705,1954,0,1251,0
05/05/2025,9085,553,3852,3928,0,2037,0
05/05/2025,9850,545,1013,1610,0,1981,0
05/05/2025,7279,638,1770,2487,0,1902,0
05/05/2025,7459,584,3988,2843,0,1508,0
05/05/2025,6941,326,2137,1798,0,1365,0
06/05/2025,5564,677,1150,2265,0,2004,0
06/05/2025,8948,362,1703,3959,0,2605,0
06/05/2025,6772,657,1503,1542,0,2949,0
06/05/2025,9010,389,3730,1326,0,1959,0
06/05/2025,5529,320,1534,2041,0,2885,0
06/05/2025,8100,642,1674,2835,0,2979,0
06/05/2025,9020,454,1019,2233,0,2027,0
06/05/2025,8867,347,1184,1636,0,1380,0
06/05/2025,5429,526,3044,1552,0,1227,0
06/05/2025,7264,619,2915,2999,0,1139,0
06/05/2025,5625,591,1905,2777,0,1775,0
06/05/2025,7494,487,1037,3834,0,1941,0
06/05/2025,8868,499,1771,2069,0,1829,0
07/05/2025,5587,694,1825,2781,0,1277,0
07/05/2025,9601,698,3758,3493,0,1341,0
07/05/2025,8767,654,2053,1343,0,2754,0
07/05/2025,7334,364,1499,3567,0,1427,0
07/05/2025,6664,492,3267,3763,0,1344,0
07/05/2025,6394,343,3875,1501,0,1758,0
07/05/2025,7786,539,1239,1854,0,1440,0
07/05/2025,8775,489,2746,3339,0,2709,0
07/05/2025,8309,566,2758,2444,0,1602,0
07/05/2025,7144,697,3523,3987,0,1907,0
07/05/2025,8321,399,3228,2665,0,1266,0
07/05/2025,8446,648,3452,1356,0,1964,0
07/05/2025,7856,684,2126,3037,0,1773,0
08/05/2025,8241,648,3672,2655,0,2817,0
08/05/2025,6302,586,3447,2293,0,2857,0
08/05/2025,6055,649,1445,3732,0,2322,0
08/05/2025,6923,413,1275,2482,0,1441,0
08/05/2025,5096,463,1904,1446,0,2821,0
08/05/2025,5334,441,1135,2963,0,1541,0
08/05/2025,9381,415,1061,1959,0,2586,0
08/05/2025,8464,319,1630,2743,0,1435,0
08/05/2025,9338,379,3528,1211,0,2945,0
08/05/2025,6678,627,3750,2091,0,1405,0
08/05/2025,6262,508,3808,1981,0,1351,0
08/05/2025,5518,420,2985,3720,0,2777,0
08/05/2025,7430,417,2617,2961,0,1600,0
09/05/2025,8054,634,2248,1549,0,1082,0
09/05/2025,8193,387,1394,3610,0,1323,0
09/05/2025,7341,585,1060,1874,0,2867,0
09/05/2025,5353,401,2567,3359,0,2105,0
09/05/2025,7631,300,2810,3344,0,1720,0
09/05/2025,6411,306,2937,2335,0,1115,0
09/05/2025,6948,350,1687,3991,0,1622,0
09/05/2025,6229,588,3689,3207,0,1050,0
09/05/2025,5959,514,1260,1481,0,2781,0
09/05/2025,7528,523,2439,1820,0,1638,0
09/05/2025,5186,558,1747,1072,0,2728,0
09/05/2025,8623,303,2193,1142,0,2400,0
09/05/2025,7597,317,2379,2936,0,2969,0
10/05/2025,9090,526,1795,2699,0,2955,0
10/05/2025,9125,323,3826,2921,0,2880,0
10/05/2025,7712,368,1861,1495,0,2067,0
10/05/2025,8466,317,3239,3140,0,1946,0
10/05/2025,5595,448,3755,3413,0,1255,0
10/05/2025,5927,425,2306,3488,0,1308,0
10/05/2025,5343,399,1345,2322,0,2603,0
10/05/2025,8888,566,2693,1231,0,1494,0
10/05/2025,6860,435,1918,3931,0,2687,0
10/05/2025,6360,302,1185,3325,0,1023,0
10/05/2025,8415,583,1471,1148,0,2175,0
10/05/2025,7488,508,3054,2062,0,2407,0
10/05/2025,8930,600,2204,3821,0,2396,0
11/05/2025,6627,436,2669,2070,0,1642,0
11/05/2025,7448,561,2937,1757,0,2956,0
11/05/2025,8013,636,3203,2638,0,1574,0
11/05/2025,8297,515,3285,2271,0,1536,0
11/05/2025,7526,311,1218,3884,0,1372,0
11/05/2025,8426,411,3645,3028,0,2978,0
11/05/2025,9733,398,1101,3241,0,2667,0
11/05/2025,7791,429,1721,1170,0,2895,0
11/05/2025,7728,353,3998,3834,0,2650,0
11/05/2025,6276,503,1560,3087,0,1366,0
11/05/2025,5556,306,1298,2963,0,1540,0
11/05/2025,5938,631,3270,3589,0,1516,0
11/05/2025,6766,355,3289,3063,0,1742,0
12/05/2025,5501,530,2513,1489,0,1441,0
12/05/2025,9900,412,1570,3347,0,1863,0
12/05/2025,7189,604,1652,3819,0,2194,0
12/05/2025,8792,527,3995,1460,0,1197,0
12/05/2025,5586,545,2409,1586,0,2745,0
12/05/2025,8960,385,2133,3822,0,1850,0
12/05/2025,7324,429,1198,2032,0,1038,0
12/05/2025,8322,551,1754,3464,0,1390,0
12/05/2025,9581,373,1662,3406,0,1482,0
12/05/2025,9053,516,3047,3870,0,1175,0
12/05/2025,6950,387,1652,1485,0,2612,0
12/05/2025,9351,433,2569,3622,0,1536,0
12/05/2025,7195,409,3824,2552,0,1008,0
13/05/2025,7493,468,2829,1484,0,2142,0
13/05/2025,7404,665,1420,2856,0,2786,0
13/05/2025,6530,410,1356,2275,0,2629,0
13/05/2025,5791,642,1760,1077,0,1613,0
13/05/2025,6049,504,3174,2681,0,1986,0
13/05/2025,6153,690,1837,2840,0,1117,0
13/05/2025,9769,395,1438,3752,0,1049,0
13/05/2025,7609,478,3061,2270,0,2579,0
13/05/2025,9441,505,3428,2834,0,1608,0
13/05/2025,7683,617,2355,3828,0,1330,0
13/05/2025,5576,534,3645,2675,0,1732,0
13/05/2025,7982,599,1829,2335,0,1688,0
13/05/2025,6963,421,1052,3864,0,2663,0
14/05/2025,8890,360,1298,2544,0,1214,0
14/05/2025,8779,677,1613,1199,0,2174,0
14/05/2025,6055,331,2256,2587,0,1633,0
14/05/2025,9510,551,1894,2961,0,1915,0
14/05/2025,8622,412,2108,2978,0,1250,0
14/05/2025,5395,453,3948,1250,0,2515,0
14/05/2025,9859,623,1458,2870,0,2598,0
14/05/2025,8022,410,3796,3778,0,2654,0
14/05/2025,5363,559,1126,2290,0,2217,0
14/05/2025,8164,382,1488,2444,0,1427,0
14/05/2025,9291,432,2476,2575,0,2567,0
14/05/2025,8622,430,2224,1197,0,2451,0
14/05/2025,9952,654,2914,2489,0,1310,0
15/05/2025,9572,565,2383,3263,0,1439,0
15/05/2025,8848,337,1403,2912,0,1431,0
15/05/2025,5495,303,2362,1478,0,2007,0
15/05/2025,9052,394,1872,3849,0,2911,0
15/05/2025,8841,649,3951,2167,0,1912,0
15/05/2025,5940,568,2949,1406,0,2751,0
15/05/2025,5983,320,1749,1131,0,1672,0
15/05/2025,6527,510,1102,1132,0,2476,0
15/05/2025,9282,315,2095,2103,0,1454,0
15/05/2025,6228,327,1251,1684,0,1383,0
15/05/2025,7909,591,1261,1680,0,1515,0
15/05/2025,8955,301,3038,2616,0,1072,0
15/05/2025,5180,531,3688,2088,0,1751,0
16/05/2025,6355,485,3072,1748,0,2764,0
16/05/2025,8980,688,1470,1130,0,2863,0
16/05/2025,5747,580,3346,2475,0,1477,0
16/05/2025,7885,478,1122,3967,0,2707,0
16/05/2025,7840,575,2567,1016,0,2715,0
16/05/2025,6376,458,3108,3818,0,1019,0
16/05/2025,6432,370,2851,3576,0,1941,0
16/05/2025,6895,401,2894,1586,0,2585,0
16/05/2025,8847,653,1023,2022,0,2302,0
16/05/2025,5618,354,2037,2320,0,2880,0
16/05/2025,8198,484,3554,1396,0,2914,0
16/05/2025,7884,301,1613,3693,0,2755,0
16/05/2025,5807,344,3675,3365,0,1558,0
17/05/2025,6671,403,2372,2409,0,2274,0
17/05/2025,7630,463,1873,3939,0,2187,0
17/05/2025,8746,694,2233,1171,0,2435,0
17/05/2025,5178,403,2393,1607,0,2625,0
17/05/2025,9794,551,2377,2517,0,1772,0
17/05/2025,9552,390,3658,2346,0,2881,0
17/05/2025,5416,384,2230,3532,0,2052,0
17/05/2025,6016,549,1709,2339,0,1731,0
17/05/2025,6057,699,3636,1321,0,2265,0
17/05/2025,9309,577,2437,1632,0,2017,0
17/05/2025,6697,524,1892,2774,0,1674,0
17/05/2025,5255,491,1583,3630,0,2314,0
17/05/2025,7826,547,2602,2098,0,1391,0
18/05/2025,9290,583,1221,1222,0,1022,0
18/05/2025,8842,338,2321,1330,0,2733,0
18/05/2025,7401,398,3186,2124,0,1762,0
18/05/2025,9729,555,3110,1971,0,1629,0
18/05/2025,6670,361,3376,3610,0,1177,0
18/05/2025,7574,673,1363,1838,0,2897,0
18/05/2025,9135,463,1279,2932,0,2664,0
18/05/2025,6894,347,3713,3728,0,2696,0
18/05/2025,5863,543,2959,2045,0,1483,0
18/05/2025,7816,317,3461,2705,0,2618,0
18/05/2025,5359,526,3279,2788,0,2017,0
18/05/2025,5184,554,3113,1273,0,1807,0
18/05/2025,6846,421,2191,2728,0,2023,0
19/05/2025,5281,434,1200,1504,0,2661,0
19/05/2025,6894,616,2907,3843,0,1925,0
19/05/2025,8828,389,1997,1791,0,2757,0
19/05/2025,6392,551,1197,2860,0,2565,0
19/05/2025,9094,376,2799,3972,0,2428,0
19/05/2025,9800,573,3092,2874,0,1312,0
19/05/2025,9076,421,2490,2954,0,1254,0
19/05/2025,6273,536,1333,2276,0,1472,0
19/05/2025,9635,314,1663,1879,0,2647,0
19/05/2025,5643,480,1530,3807,0,1526,0
19/05/2025,7205,368,3988,2864,0,2718,0
19/05/2025,5121,678,1082,1618,0,2591,0
19/05/2025,7018,315,2928,1513,0,1416,0
19/05/2025,8001,586,2103,2971,0,2324,0
20/05/2025,5161,471,1541,3130,0,2616,0
20/05/2025,7054,698,2526,3377,0,1312,0
20/05/2025,5080,474,3282,2868,0,1644,0
20/05/2025,7920,698,2915,2092,0,1273,0
20/05/2025,7418,661,3810,3974,0,2265,0
20/05/2025,6519,458,2837,1195,0,1347,0
20/05/2025,8304,383,1452,1372,0,1576,0
20/05/2025,9687,666,1503,2190,0,1548,0
20/05/2025,6717,467,3426,3741,0,2659,0
20/05/2025,7393,403,2591,1129,0,1854,0
20/05/2025,7355,443,1335,1183,0,1865,0
20/05/2025,7091,638,2244,2485,0,2787,0
20/05/2025,9581,613,1939,2834,0,2509,0
20/05/2025,9658,605,3764,1957,0,2182,0
21/05/2025,5358,598,1287,3220,0,2313,0
21/05/2025,5002,559,3885,2301,0,1394,0
21/05/2025,5555,556,3789,3895,0,1665,0
21/05/2025,7729,592,2061,3926,0,1651,0
21/05/2025,5564,633,3841,2351,0,2826,0
21/05/2025,7431,460,2866,2593,0,1242,0
21/05/2025,9136,455,2679,1630,0,1239,0
21/05/2025,9320,328,3301,3904,0,1614,0
21/05/2025,6360,626,2253,2201,0,2370,0
21/05/2025,7288,466,2544,2948,0,1461,0
21/05/2025,6680,426,1801,1484,0,1405,0
21/05/2025,6768,639,3410,1045,0,2694,0
21/05/2025,5276,417,1906,1351,0,1423,0
21/05/2025,8742,419,3392,1389,0,1233,0
22/05/2025,6948,309,2596,3847,0,2920,0
22/05/2025,9080,365,1705,1034,0,1251,0
22/05/2025,6236,307,3022,2028,0,1828,0
22/05/2025,7752,411,3349,1781,0,1558,0
22/05/2025,7474,364,1506,2081,0,1574,0
22/05/2025,6336,689,2496,1382,0,2751,0
22/05/2025,8225,588,3314,3996,0,1698,0
22/05/2025,6939,404,2854,2738,0,2931,0
22/05/2025,7371,638,2615,1488,0,1003,0
22/05/2025,6067,664,3014,1658,0,1372,0
22/05/2025,8401,302,1515,2888,0,2658,0
22/05/2025,8061,625,2755,2696,0,1496,0
22/05/2025,5928,440,2882,3022,0,2821,0
22/05/2025,9359,599,3925,1432,0,1502,0
23/05/2025,9707,303,1542,2198,0,1931,0
23/05/2025,8983,440,2666,2087,0,1423,0
23/05/2025,9462,593,3318,1318,0,1458,0
23/05/2025,5729,664,2347,3022,0,1346,0
23/05/2025,5942,405,3737,3227,0,2503,0
23/05/2025,5531,624,3272,2665,0,1968,0
23/05/2025,8008,308,1735,2011,0,1517,0
23/05/2025,7637,393,1749,3833,0,2006,0
23/05/2025,6385,553,2501,1740,0,1755,0
23/05/2025,6288,330,1258,3460,0,2624,0
23/05/2025,7938,621,3394,1364,0,1644,0
23/05/2025,9730,522,1370,2519,0,1416,0
23/05/2025,9908,480,1678,3798,0,1868,0
23/05/2025,6361,442,1252,3352,0,1019,0
24/05/2025,9175,490,3886,3289,0,2105,0
24/05/2025,8440,540,2946,2721,0,1080,0
24/05/2025,7535,451,2430,1441,0,1172,0
24/05/2025,8544,519,2346,3151,0,1431,0
24/05/2025,7161,359,2188,1707,0,1599,0
24/05/2025,9923,521,3343,1115,0,1386,0
24/05/2025,8322,345,1523,1553,0,1105,0
24/05/2025,8886,581,2897,3986,0,2834,0
24/05/2025,7868,478,2933,3986,0,1114,0
24/05/2025,8981,303,1163,2396,0,1923,0
24/05/2025,8058,534,1489,1182,0,1204,0
24/05/2025,7268,436,2646,1350,0,2892,0
24/05/2025,8569,688,1318,3039,0,2715,0
24/05/2025,9015,607,2712,3946,0,2830,0
25/05/2025,9904,487,2393,1673,0,2939,0
25/05/2025,8463,632,1494,3614,0,1662,0
25/05/2025,8001,434,1849,2745,0,1070,0
25/05/2025,9377,570,2048,1446,0,2738,0
25/05/2025,8638,585,2584,1335,0,2634,0
25/05/2025,7040,413,2950,3959,0,1734,0
25/05/2025,8812,679,2157,1534,0,1024,0
25/05/2025,7742,552,3952,3692,0,1230,0
25/05/2025,6387,678,1953,1923,0,1979,0
25/05/2025,8962,532,2019,3329,0,1865,0
25/05/2025,7468,668,1637,1367,0,2435,0
25/05/2025,7166,459,1142,1864,0,1888,0
25/05/2025,9817,469,1291,1921,0,2865,0
26/05/2025,8213,645,2139,3522,0,2441,0
26/05/2025,5039,533,1617,2291,0,2545,0
26/05/2025,7165,361,1150,3656,0,1368,0
26/05/2025,9209,472,1891,2597,0,2483,0
26/05/2025,5665,382,2097,1091,0,1273,0
26/05/2025,6302,582,1142,1593,0,2777,0
26/05/2025,6831,355,1647,1149,0,2050,0
26/05/2025,6905,657,1569,1883,0,2113,0
26/05/2025,9235,553,1781,3618,0,2978,0
26/05/2025,5068,626,1610,1542,0,1558,0
26/05/2025,5814,512,1282,2437,0,1747,0
26/05/2025,9186,486,3813,3336,0,2608,0
26/05/2025,9213,484,2764,1131,0,2126,0
26/05/2025,9448,314,2637,2183,0,2502,0
27/05/2025,9449,525,2917,1116,0,2911,0
27/05/2025,6901,481,1890,1358,0,1039,0
27/05/2025,9518,631,2798,2759,0,1450,0
27/05/2025,6990,335,1132,3548,0,1379,0
27/05/2025,8187,631,1520,3848,0,1528,0
27/05/2025,6841,477,1674,1915,0,1743,0
27/05/2025,5366,568,3335,2517,0,2786,0
27/05/2025,8510,377,1373,2647,0,2501,0
27/05/2025,9249,688,3615,3806,0,1756,0
27/05/2025,5521,621,1317,3872,0,2821,0
27/05/2025,6092,616,3684,3959,0,1782,0
27/05/2025,5523,396,2775,1094,0,2691,0
27/05/2025,9988,619,3991,2354,0,2073,0
27/05/2025,7049,308,1968,3060,0,1640,0
28/05/2025,6916,376,1855,1522,0,1418,0
28/05/2025,5709,399,3219,2700,0,2282,0
28/05/2025,8240,664,1983,2956,0,1092,0
28/05/2025,7185,420,3038,2579,0,2132,0
28/05/2025,7197,410,2966,1303,0,1494,0
28/05/2025,7278,656,2003,2750,0,2217,0
28/05/2025,6102,691,3628,2380,0,2663,0
28/05/2025,5569,599,3478,3636,0,2069,0
28/05/2025,6256,377,1579,3499,0,1533,0
28/05/2025,5595,464,1271,3536,0,2010,0
28/05/2025,6984,538,3364,2090,0,1674,0
28/05/2025,5725,437,3927,2001,0,2513,0
28/05/2025,6903,422,1556,3068,0,1740,0
28/05/2025,6179,614,2051,3750,0,1560,0
29/05/2025,6650,479,2226,2639,0,2486,0
29/05/2025,5623,598,3495,3981,0,2060,0
29/05/2025,5824,405,1663,2484,0,2189,0
29/05/2025,7529,350,1480,2495,0,1279,0
29/05/2025,9964,408,2806,1632,0,1354,0
29/05/2025,6942,300,3534,3728,0,1085,0
29/05/2025,5861,643,3010,3351,0,2903,0
29/05/2025,5191,306,2689,2132,0,1663,0
29/05/2025,6267,510,3250,2242,0,2393,0
29/05/2025,9258,534,3338,3085,0,2558,0
29/05/2025,9650,510,3919,3412,0,2981,0
29/05/2025,8910,691,1754,3374,0,2645,0
29/05/2025,7754,622,1075,2637,0,1095,0
29/05/2025,5702,667,2966,2190,0,1812,0
30/05/2025,6019,583,3482,1239,0,1284,0
30/05/2025,7044,323,2218,1377,0,2535,0
30/05/2025,7800,419,3704,3084,0,1972,0
30/05/2025,8246,336,3241,3003,0,1438,0
30/05/2025,6005,323,2324,2706,0,1856,0
30/05/2025,6873,563,1999,2555,0,2954,0
30/05/2025,8522,682,3770,3273,0,2317,0
30/05/2025,7051,576,3582,2576,0,1827,0
30/05/2025,7122,558,3983,2642,0,2024,0
30/05/2025,9056,493,2304,3143,0,2597,0
30/05/2025,8884,448,2780,2444,0,1675,0
30/05/2025,6788,341,2137,3383,0,2355,0
30/05/2025,7128,430,1035,2311,0,1154,0
30/05/2025,9698,311,3514,2435,0,2308,0
31/05/2025,8767,436,1328,1475,0,1803,0
31/05/2025,5026,558,1586,2180,0,2607,0
31/05/2025,5452,651,3526,1778,0,2821,0
31/05/2025,8313,354,2494,3948,0,1755,0
31/05/2025,9535,490,2098,3118,0,2943,0
31/05/2025,8837,300,3769,3000,0,1942,0
31/05/2025,6961,696,3430,2978,0,1094,0
31/05/2025,7676,353,3204,1631,0,1699,0
31/05/2025,7851,612,1768,2366,0,2476,0
31/05/2025,9854,419,1918,3019,0,2274,0
31/05/2025,9290,414,2659,2197,0,1626,0
31/05/2025,7361,519,3019,3294,0,2957,0
31/05/2025,6519,440,2524,1625,0,2138,0
31/05/2025,8391,505,1282,1832,0,1097,0
01/06/2025,5736,378,2996,3285,0,1394,0
01/06/2025,6988,340,1575,3570,0,2155,0
01/06/2025,6151,394,2836,1913,0,2980,0
01/06/2025,6919,507,3678,1605,0,2529,0
01/06/2025,5586,611,3308,1826,0,2316,0
01/06/2025,7738,454,1979,1083,0,2395,0
01/06/2025,8217,358,3567,3981,0,1993,0
01/06/2025,5726,667,1629,3288,0,1897,0
01/06/2025,6928,332,2900,2782,0,2620,0
01/06/2025,9334,617,2523,1827,0,2184,0
01/06/2025,8023,684,2323,2353,0,1980,0
01/06/2025,8784,665,1851,1006,0,1921,0
01/06/2025,9752,438,1088,2071,0,2611,0
02/06/2025,9953,562,1669,1238,0,1037,0
02/06/2025,7250,449,3422,3909,0,1478,0
02/06/2025,8596,446,3711,1563,0,1239,0
02/06/2025,9623,633,3578,1451,0,2358,0
02/06/2025,8782,388,1153,1288,0,1050,0
02/06/2025,8534,414,3548,3253,0,2965,0
02/06/2025,9425,479,3376,1589,0,1838,0
02/06/2025,9799,470,3071,2720,0,1081,0
02/06/2025,7486,699,1966,1168,0,2766,0
02/06/2025,8292,532,2693,3931,0,2717,0
02/06/2025,8006,455,3596,3907,0,2040,0
02/06/2025,9961,592,3431,1829,0,2259,0
02/06/2025,8364,645,3027,3071,0,2442,0
02/06/2025,9482,317,3366,1102,0,1255,0
03/06/2025,9511,341,3823,3626,0,1568,0
03/06/2025,6361,476,3564,2546,0,2532,0
03/06/2025,5847,431,2735,1745,0,2095,0
03/06/2025,7259,343,3888,2067,0,2684,0
03/06/2025,9775,489,2014,1011,0,2653,0
03/06/2025,5799,549,2398,1098,0,1448,0
03/06/2025,5901,344,2627,1593,0,1838,0
03/06/2025,7554,696,3592,3161,0,1026,0
03/06/2025,5763,313,2182,2566,0,2903,0
03/06/2025,6314,324,1258,3854,0,1013,0
03/06/2025,6273,592,1624,1276,0,1773,0
03/06/2025,7555,415,1025,2090,0,1207,0
03/06/2025,6052,698,2665,1075,0,1520,0
03/06/2025,6274,497,3625,1513,0,2656,0
04/06/2025,9209,477,1129,2721,0,1997,0
04/06/2025,8820,654,3599,2746,0,2840,0
04/06/2025,8404,671,1954,2615,0,1798,0
04/06/2025,7393,647,3053,3932,0,2603,0
04/06/2025,6045,444,2141,3967,0,1925,0
04/06/2025,9303,675,2945,1831,0,1708,0
04/06/2025,7592,609,3187,2957,0,2128,0
04/06/2025,9917,492,1718,2166,0,2912,0
04/06/2025,5211,362,2053,2173,0,1035,0
04/06/2025,7217,609,2537,1248,0,2536,0
04/06/2025,9700,312,3924,2935,0,1405,0
04/06/2025,9376,466,2786,3103,0,1100,0
04/06/2025,7834,391,1727,1473,0,1861,0
04/06/2025,7375,366,1613,3231,0,1892,0
05/06/2025,7218,683,1410,1090,0,2888,0
05/06/2025,7301,671,2629,2323,0,1620,0
05/06/2025,6204,410,3550,1125,0,1847,0
05/06/2025,6810,321,3881,3608,0,1680,0
05/06/2025,5335,325,1120,2402,0,2109,0
05/06/2025,8358,607,1198,1771,0,1835,0
05/06/2025,7557,366,3819,3461,0,2554,0
05/06/2025,7903,652,2437,3847,0,2562,0
05/06/2025,5252,329,1740,3324,0,2865,0
05/06/2025,7032,696,3031,1984,0,2387,0
05/06/2025,5220,342,1145,3894,0,1160,0
05/06/2025,9979,578,2138,1047,0,1628,0
05/06/2025,8167,362,2023,1745,0,1191,0
05/06/2025,5549,557,1600,1190,0,2098,0
06/06/2025,5895,665,1060,2113,0,2219,0
06/06/2025,7052,457,3249,3063,0,1734,0
06/06/2025,7289,552,3344,2613,0,2281,0
06/06/2025,6294,308,1068,1205,0,1673,0
06/06/2025,8414,317,3693,1105,0,2638,0
06/06/2025,6822,469,2831,2916,0,2654,0
06/06/2025,8359,599,1664,1913,0,2233,0
06/06/2025,6606,665,1305,2942,0,2976,0
06/06/2025,9898,317,3737,3447,0,2498,0
06/06/2025,8350,327,2673,2602,0,2676,0
06/06/2025,9750,556,4000,1689,0,1365,0
06/06/2025,8160,619,1558,3861,0,2815,0
06/06/2025,6144,485,2785,2475,0,1039,0
06/06/2025,9262,498,3734,2105,0,1756,0
07/06/2025,8189,351,1097,2112,0,2443,0
07/06/2025,8069,632,1621,2315,0,1820,0
07/06/2025,6574,466,2115,3567,0,1853,0
07/06/2025,6582,467,2770,2863,0,1420,0
07/06/2025,5553,645,2930,1535,0,1393,0
07/06/2025,9060,468,2585,1883,0,2766,0
07/06/2025,7038,599,2622,2137,0,1700,0
07/06/2025,5017,524,2638,2239,0,1430,0
07/06/2025,7162,529,2284,1707,0,2098,0
07/06/2025,6964,540,3549,1325,0,1117,0
07/06/2025,8590,621,3572,1072,0,1526,0
07/06/2025,8456,311,1982,3803,0,2747,0
07/06/2025,7562,672,2470,2541,0,2442,0
07/06/2025,5979,522,3707,2060,0,2190,0
08/06/2025,9004,691,1717,2477,0,2604,0
08/06/2025,9543,695,1508,1800,0,2095,0
08/06/2025,7354,513,2091,3889,0,1786,0
08/06/2025,6854,592,3413,2059,0,1056,0
08/06/2025,5539,323,3370,3766,0,2630,0
08/06/2025,7504,420,2953,3205,0,1432,0
08/06/2025,7560,656,2228,2353,0,2504,0
08/06/2025,6153,628,2373,2464,0,1103,0
08/06/2025,6861,641,3494,3287,0,1315,0
08/06/2025,9561,456,1360,1426,0,1294,0
08/06/2025,9590,507,1288,3322,0,1027,0
08/06/2025,9721,367,2459,2066,0,1006,0
08/06/2025,7739,664,3847,3656,0,2234,0
09/06/2025,6286,477,1868,1861,0,2126,0
09/06/2025,8171,620,1878,1368,0,1971,0
09/06/2025,6182,677,2810,3781,0,2675,0
09/06/2025,7751,640,1042,1858,0,1751,0
09/06/2025,7782,497,1813,2714,0,2876,0
09/06/2025,6006,431,1717,3384,0,1690,0
09/06/2025,8015,669,2781,3178,0,1425,0
09/06/2025,6182,311,3216,3582,0,1642,0
09/06/2025,6687,619,2856,3570,0,2978,0
09/06/2025,8191,323,3727,1885,0,1530,0
09/06/2025,5892,680,3090,2799,0,2252,0
09/06/2025,8439,644,3090,3003,0,2813,0
09/06/2025,7674,416,2631,3878,0,2800,0
09/06/2025,5550,396,3019,2003,0,2311,0
10/06/2025,6540,452,1997,2483,0,2027,0
10/06/2025,8136,420,2821,2261,0,1123,0
10/06/2025,8823,563,3534,3813,0,1498,0
10/06/2025,6560,337,3490,2862,0,1696,0
10/06/2025,5021,433,3656,3655,0,2743,0
10/06/2025,9086,335,3296,1257,0,1508,0
10/06/2025,6685,411,3960,3470,0,2567,0
10/06/2025,7456,423,2652,2869,0,1497,0
10/06/2025,9216,360,3024,2625,0,2757,0
10/06/2025,6268,356,3457,2859,0,2270,0
10/06/2025,6244,358,3370,3850,0,1465,0
10/06/2025,5013,337,3065,2266,0,2488,0
10/06/2025,6092,603,2321,1118,0,2779,0
10/06/2025,8144,491,3539,2041,0,2094,0
11/06/2025,7508,336,3972,2522,0,2998,0
11/06/2025,7909,593,3701,1528,0,1862,0
11/06/2025,6854,560,2130,1035,0,2122,0
11/06/2025,8212,467,1007,1571,0,2654,0
11/06/2025,5629,576,2451,1964,0,2383,0
11/06/2025,8376,303,1953,3590,0,2981,0
11/06/2025,6100,504,3500,1090,0,2114,0
11/06/2025,9920,390,2052,2010,0,1721,0
11/06/2025,5317,376,2923,3705,0,2751,0
11/06/2025,6866,353,1546,1596,0,1063,0
11/06/2025,7851,634,3049,1548,0,2948,0
11/06/2025,5376,624,2527,1063,0,2346,0
11/06/2025,7195,619,2299,1758,0,2753,0
11/06/2025,9910,586,2714,3760,0,2053,0
12/06/2025,9390,356,3258,1821,0,2637,0
12/06/2025,5907,341,2265,3372,0,1740,0
12/06/2025,9285,337,2793,3208,0,2023,0
12/06/2025,6011,615,3951,2874,0,1021,0
12/06/2025,9758,508,2139,2769,0,1449,0
12/06/2025,7858,425,3448,2605,0,1944,0
12/06/2025,6186,304,2613,3733,0,2276,0
12/06/2025,5445,516,3352,1645,0,2480,0
12/06/2025,5594,695,1893,2315,0,1558,0
12/06/2025,5072,384,1965,2632,0,2793,0
12/06/2025,9283,468,2719,2143,0,2021,0
12/06/2025,7436,593,2313,2859,0,2241,0
12/06/2025,6065,386,1968,2987,0,1920,0
12/06/2025,7574,505,2051,1516,0,1180,0
13/06/2025,6658,633,1268,1370,0,2879,0
13/06/2025,5524,609,1540,2035,0,1758,0
13/06/2025,7155,600,3277,3035,0,1587,0
13/06/2025,9724,380,3596,2261,0,1025,0
13/06/2025,5391,407,1440,3560,0,1307,0
13/06/2025,6206,386,2326,3561,0,1894,0
13/06/2025,7907,353,3648,2753,0,2228,0
13/06/2025,7161,362,1917,3051,0,2718,0
13/06/2025,6342,620,2112,3890,0,1699,0
13/06/2025,9355,366,1606,2063,0,1521,0
13/06/2025,5087,535,1912,3018,0,1587,0
13/06/2025,8359,614,2689,1466,0,1872,0
13/06/2025,5487,669,3932,1984,0,2255,0
13/06/2025,8892,490,1472,3775,0,1379,0
14/06/2025,9687,615,2415,3678,0,1314,0
14/06/2025,8445,316,3010,3430,0,2772,0
14/06/2025,5017,425,2819,3006,0,1866,0
14/06/2025,8584,513,2084,2469,0,1001,0
14/06/2025,6450,304,2286,2698,0,2348,0
14/06/2025,9031,577,2618,3083,0,2596,0
14/06/2025,8474,610,2399,3644,0,2926,0
14/06/2025,8196,350,3502,1473,0,2510,0
14/06/2025,8916,306,3532,3872,0,2159,0
14/06/2025,7957,688,3114,1464,0,1942,0
14/06/2025,8104,526,1147,2254,0,1222,0
14/06/2025,7323,335,2058,3023,0,2109,0
14/06/2025,9426,582,1500,3238,0,2242,0
14/06/2025,6183,524,1655,3922,0,2353,0
15/06/2025,5940,327,2749,3611,0,2086,0
15/06/2025,7303,603,3911,1719,0,1197,0
15/06/2025,6156,506,1246,2267,0,2406,0
15/06/2025,9930,331,3114,2018,0,2439,0
15/06/2025,7203,326,1878,1429,0,1663,0
15/06/2025,6587,353,2558,2699,0,2189,0
15/06/2025,7168,494,1913,3393,0,2259,0
15/06/2025,6698,387,2172,3363,0,2350,0
15/06/2025,9293,409,2430,3137,0,2895,0
15/06/2025,6663,548,2466,3679,0,1225,0
15/06/2025,9135,610,1929,2819,0,2164,0
15/06/2025,8542,356,2049,3106,0,2117,0
15/06/2025,9369,398,1587,1204,0,2641,0
16/06/2025,8887,532,2252,1502,0,2125,0
16/06/2025,7963,442,1241,1419,0,1748,0
16/06/2025,5215,485,2199,2378,0,2939,0
16/06/2025,7186,363,3361,1363,0,1811,0
16/06/2025,6433,695,1581,2835,0,2544,0
16/06/2025,6076,324,1092,1094,0,2869,0
16/06/2025,5830,598,3950,2960,0,2229,0
16/06/2025,5021,421,2408,3703,0,1664,0
16/06/2025,7866,461,3690,2967,0,1598,0
16/06/2025,7178,632,2640,1418,0,2131,0
16/06/2025,9149,331,1786,3100,0,1729,0
16/06/2025,5351,560,3407,3924,0,2206,0
16/06/2025,9582,408,3546,1388,0,1240,0
16/06/2025,6000,336,3340,3851,0,1017,0
17/06/2025,7624,456,2642,2952,0,1933,0
17/06/2025,6993,501,2875,3608,0,1568,0
17/06/2025,6087,671,3340,1383,0,2770,0
17/06/2025,7679,637,2544,3438,0,1371,0
17/06/2025,5977,633,3549,2379,0,2487,0
17/06/2025,8946,514,1876,3328,0,2583,0
17/06/2025,9823,401,2852,3646,0,2452,0
17/06/2025,9278,466,2120,2300,0,2044,0
17/06/2025,7973,669,1538,1572,0,2749,0
17/06/2025,7275,654,3677,1490,0,1563,0
17/06/2025,7959,431,2757,3069,0,2310,0
17/06/2025,8373,476,2478,1783,0,2981,0
17/06/2025,6278,618,3733,3651,0,2408,0
17/06/2025,8951,628,2785,1050,0,2507,0
18/06/2025,7544,654,2550,3986,0,2650,0
18/06/2025,5244,556,1351,1430,0,2731,0
18/06/2025,9096,335,2978,1962,0,2655,0
18/06/2025,9870,421,1483,2437,0,1373,0
18/06/2025,7701,594,3875,1135,0,2513,0
18/06/2025,5976,302,2801,2984,0,2524,0
18/06/2025,7512,591,2957,1855,0,2225,0
18/06/2025,6760,624,3577,2462,0,2909,0
18/06/2025,5719,506,2569,2379,0,1478,0
18/06/2025,8471,570,3393,3412,0,1216,0
18/06/2025,8115,568,2099,2594,0,2642,0
18/06/2025,8833,359,2450,2287,0,1233,0
18/06/2025,8930,615,2275,2407,0,2387,0
18/06/2025,8284,561,2578,3140,0,1253,0
19/06/2025,6784,520,2604,1565,0,1219,0
19/06/2025,7458,659,3917,2480,0,1918,0
19/06/2025,8703,359,3419,3150,0,2743,0
19/06/2025,9720,596,1699,1824,0,2977,0
19/06/2025,8954,434,3788,2293,0,1195,0
19/06/2025,5508,471,2683,3643,0,2134,0
19/06/2025,6277,514,1734,2086,0,2005,0
19/06/2025,9296,387,3313,1182,0,1270,0
19/06/2025,8194,625,3332,1165,0,2954,0
19/06/2025,8688,520,1696,3249,0,2220,0
19/06/2025,6906,644,1293,3356,0,1945,0
19/06/2025,5421,582,1204,3334,0,1947,0
19/06/2025,6061,302,2872,1833,0,2438,0
19/06/2025,9251,518,3631,1589,0,2013,0
20/06/2025,7531,358,1877,1703,0,2922,0
20/06/2025,8450,362,1929,3898,0,2765,0
20/06/2025,7298,546,3953,1758,0,2540,0
20/06/2025,8753,484,3546,2326,0,2896,0
20/06/2025,5358,608,2942,3348,0,2743,0
20/06/2025,10000,340,1739,2782,0,1312,0
20/06/2025,8694,632,2777,2263,0,2424,0
20/06/2025,6775,354,1545,3988,0,1583,0
20/06/2025,9252,576,2761,1594,0,2129,0
20/06/2025,7229,387,1824,2588,0,1956,0
20/06/2025,8309,496,2217,2346,0,1340,0
20/06/2025,9269,403,3103,2556,0,2590,0
20/06/2025,9681,677,1441,3032,0,1825,0
20/06/2025,5827,629,1532,3493,0,1416,0
21/06/2025,7561,652,2304,1130,0,1472,0
21/06/2025,9469,620,2377,1095,0,1724,0
21/06/2025,8707,439,1609,1808,0,1660,0
21/06/2025,5925,436,2912,1056,0,2782,0
21/06/2025,9043,469,3164,2281,0,2617,0
21/06/2025,6557,620,1260,3538,0,2646,0
21/06/2025,9052,408,2446,3817,0,1559,0
21/06/2025,6571,377,2873,2875,0,1011,0
21/06/2025,5640,647,1907,2199,0,2457,0
21/06/2025,7516,308,1930,3464,0,1711,0
21/06/2025,8075,319,3507,1790,0,2116,0
21/06/2025,7764,367,1235,1803,0,1699,0
21/06/2025,8410,613,1861,2245,0,2401,0
21/06/2025,5511,459,2215,2937,0,2209,0
22/06/2025,5414,408,1454,1372,0,2243,0
22/06/2025,9322,631,2268,2459,0,1955,0
22/06/2025,9776,578,3792,3047,0,2204,0
22/06/2025,7063,643,3255,2947,0,2688,0
22/06/2025,6053,558,1991,1300,0,1301,0
22/06/2025,7426,699,2059,3252,0,1887,0
22/06/2025,8215,478,1704,2975,0,2894,0
22/06/2025,6983,620,1323,1149,0,1261,0
22/06/2025,8070,603,2491,3208,0,1815,0
22/06/2025,6639,612,1798,3987,0,2835,0
22/06/2025,8101,348,1317,3393,0,1289,0
22/06/2025,5289,477,1956,3422,0,2128,0
22/06/2025,9559,540,1013,3699,0,1431,0
23/06/2025,8402,537,2046,3490,0,2992,0
23/06/2025,6044,474,1574,1588,0,1765,0
23/06/2025,6812,514,2772,2931,0,1813,0
23/06/2025,5831,306,3860,3127,0,2580,0
23/06/2025,5370,492,3075,3219,0,1903,0
23/06/2025,8928,689,3069,3643,0,2248,0
23/06/2025,7385,509,2800,2195,0,2554,0
23/06/2025,8834,613,3388,2299,0,1796,0
23/06/2025,5006,327,1776,1760,0,2103,0
23/06/2025,7969,478,2047,1801,0,1303,0
23/06/2025,5912,688,1861,3495,0,1063,0
23/06/2025,6073,679,1408,2449,0,1492,0
23/06/2025,9360,596,1222,3217,0,1062,0
23/06/2025,6025,462,3532,1065,0,2358,0
24/06/2025,7410,700,1268,1878,0,2881,0
24/06/2025,8454,376,3862,3661,0,2017,0
24/06/2025,7058,679,1288,2766,0,2601,0
24/06/2025,5885,451,3695,1463,0,1132,0
24/06/2025,5930,668,2607,1618,0,2217,0
24/06/2025,6679,602,3703,1038,0,1387,0
24/06/2025,6155,685,3489,1051,0,2455,0
24/06/2025,7590,462,2575,3270,0,1217,0
24/06/2025,6383,513,2813,1501,0,2572,0
24/06/2025,9211,428,1511,3415,0,1907,0
24/06/2025,9050,485,2832,1518,0,1930,0
24/06/2025,5185,487,3420,3047,0,2917,0
24/06/2025,8396,354,1812,2466,0,2152,0
24/06/2025,5543,320,2348,1865,0,1114,0
25/06/2025,8019,538,3385,2241,0,2648,0
25/06/2025,8425,356,1452,3678,0,2955,0
25/06/2025,9122,625,2508,3264,0,2744,0
25/06/2025,9188,564,2537,2406,0,2603,0
25/06/2025,5914,325,1785,2939,0,2126,0
25/06/2025,8810,673,2828,2423,0,2108,0
25/06/2025,6693,581,2867,2870,0,2208,0
25/06/2025,9746,354,3830,1445,0,1214,0
25/06/2025,6109,700,2912,2179,0,2204,0
25/06/2025,6840,567,3452,3047,0,2559,0
25/06/2025,7455,600,1829,1274,0,1104,0
25/06/2025,9477,373,3099,2928,0,1831,0
25/06/2025,9732,672,2727,1412,0,1860,0
25/06/2025,9722,337,2927,2456,0,1166,0
26/06/2025,8024,642,3015,3741,0,2491,0
26/06/2025,7675,565,3137,3139,0,2724,0
26/06/2025,8788,398,1918,3901,0,1139,0
26/06/2025,5565,341,1906,1092,0,1443,0
26/06/2025,6410,380,3324,1799,0,1623,0
26/06/2025,8037,666,2044,1964,0,2476,0
26/06/2025,7414,327,3432,1511,0,2852,0
26/06/2025,7512,617,3009,2659,0,1172,0
26/06/2025,9669,458,2566,2335,0,1742,0
26/06/2025,6154,635,1110,1445,0,1168,0
26/06/2025,5294,677,1295,3316,0,2889,0
26/06/2025,7142,622,3666,3465,0,1794,0
26/06/2025,5777,374,3930,3646,0,1434,0
26/06/2025,9491,345,2470,2188,0,1142,0
27/06/2025,7748,435,2256,1288,0,1002,0
27/06/2025,8264,631,2574,3242,0,2727,0
27/06/2025,7208,525,3639,1804,0,2107,0
27/06/2025,8916,575,1786,3773,0,2013,0
27/06/2025,5448,568,1378,2729,0,2110,0
27/06/2025,6384,391,2894,1407,0,2733,0
27/06/2025,5299,362,1650,2920,0,2484,0
27/06/2025,9661,601,3752,2386,0,2027,0
27/06/2025,9978,549,3360,1273,0,1738,0
27/06/2025,9170,573,1482,2360,0,2955,0
27/06/2025,7988,682,3095,1188,0,2460,0
27/06/2025,7992,361,2996,1568,0,2549,0
27/06/2025,8030,633,1985,2816,0,2835,0
27/06/2025,5215,389,3921,3661,0,1841,0
28/06/2025,9340,653,3504,3979,0,2328,0
28/06/2025,8396,577,3009,1788,0,2668,0
28/06/2025,9018,593,1047,3997,0,2752,0
28/06/2025,9081,520,1317,1105,0,2886,0
28/06/2025,8283,637,1314,2593,0,1817,0
28/06/2025,8420,451,3742,1172,0,2582,0
28/06/2025,9202,526,2863,1386,0,1876,0
28/06/2025,6022,686,3702,2170,0,1699,0
28/06/2025,5838,420,2024,2200,0,2929,0
28/06/2025,5881,323,1182,2762,0,2129,0
28/06/2025,5813,585,2332,2754,0,1140,0
28/06/2025,8115,616,2585,3943,0,2580,0
28/06/2025,8201,449,1674,1330,0,1932,0
28/06/2025,9651,608,2963,1781,0,2171,0
29/06/2025,5049,520,2699,2430,0,2284,0
29/06/2025,7194,565,2588,3746,0,2232,0
29/06/2025,6615,480,2948,3580,0,1130,0
29/06/2025,5879,552,3406,2367,0,2781,0
29/06/2025,8695,670,3276,1414,0,2338,0
29/06/2025,9611,340,1176,3386,0,1159,0
29/06/2025,8608,408,1628,3926,0,2423,0
29/06/2025,9554,529,1735,1066,0,2054,0
29/06/2025,7314,412,1405,2066,0,1760,0
29/06/2025,5377,432,1628,1471,0,1258,0
29/06/2025,9573,496,3646,2713,0,1183,0
29/06/2025,5468,412,3627,1552,0,1821,0
29/06/2025,6308,304,1653,2550,0,2618,0
30/06/2025,9391,616,1263,1604,0,1619,0
30/06/2025,9488,458,1384,2372,0,2570,0
30/06/2025,9890,564,3135,1892,0,2550,0
30/06/2025,7387,503,3212,1213,0,1971,0
30/06/2025,8733,361,3829,2597,0,2907,0
30/06/2025,9588,443,2011,2187,0,2491,0
30/06/2025,8876,601,3595,1150,0,2840,0
30/06/2025,9890,383,3890,3953,0,2041,0
30/06/2025,9207,352,1763,2921,0,1262,0
30/06/2025,9516,522,3143,3418,0,1298,0
30/06/2025,5078,585,3141,3001,0,2006,0
30/06/2025,5959,406,1828,1098,0,1853,0
30/06/2025,7383,525,3320,3615,0,2465,0
30/06/2025,6800,446,2586,3833,0,2160,0
01/07/2025,8521,532,2562,3703,0,1129,0
01/07/2025,9715,528,2316,2462,0,2433,0
01/07/2025,6014,361,1339,1842,0,2526,0
01/07/2025,9339,445,2012,1290,0,2624,0
01/07/2025,6815,345,1698,2677,0,2587,0
01/07/2025,5877,393,3386,3221,0,1514,0
01/07/2025,5050,466,2337,2405,0,1895,0
01/07/2025,7217,596,1939,2420,0,2763,0
01/07/2025,8428,375,1199,2831,0,2580,0
01/07/2025,9579,561,2473,3261,0,2718,0
01/07/2025,5907,676,1549,1116,0,2539,0
01/07/2025,6333,536,2301,1793,0,2910,0
01/07/2025,9686,643,1772,3355,0,1041,0
01/07/2025,5782,499,1357,1171,0,2824,0
02/07/2025,8972,542,3875,3136,0,2966,0
02/07/2025,8474,522,1495,3134,0,1652,0
02/07/2025,8212,660,1389,3643,0,1724,0
02/07/2025,5498,683,1793,2425,0,1799,0
02/07/2025,7063,536,3337,2702,0,1578,0
02/07/2025,8428,469,1961,2346,0,1959,0
02/07/2025,8928,689,1981,2677,0,1616,0
02/07/2025,8980,660,2097,1831,0,1360,0
02/07/2025,8728,523,2345,3008,0,1200,0
02/07/2025,7140,484,1153,3260,0,2788,0
02/07/2025,6542,453,2358,2195,0,1150,0
02/07/2025,9679,395,2049,2452,0,2329,0
02/07/2025,8732,319,3710,1371,0,1436,0
02/07/2025,9448,538,2981,3633,0,1190,0
03/07/2025,9700,484,3168,3433,0,1229,0
03/07/2025,9593,420,2547,3926,0,1684,0
03/07/2025,7695,477,1429,3161,0,2729,0
03/07/2025,7255,438,1493,1850,0,2727,0
03/07/2025,6768,565,3995,2812,0,1933,0
03/07/2025,8808,506,3728,2917,0,2308,0
03/07/2025,6924,440,2182,2058,0,2935,0
03/07/2025,7134,687,2341,3836,0,1451,0
03/07/2025,7608,558,3818,2926,0,2051,0
03/07/2025,7854,553,3799,3719,0,2374,0
03/07/2025,5718,519,3956,2492,0,1815,0
03/07/2025,5868,586,3809,2766,0,2834,0
03/07/2025,7565,383,2366,1566,0,1456,0
03/07/2025,7034,318,2282,2497,0,2168,0
03/07/2025,5560,390,1031,2605,0,2470,0
04/07/2025,7971,394,1667,3886,0,2154,0
04/07/2025,5172,386,2231,2964,0,1785,0
04/07/2025,9196,627,2256,3406,0,2766,0
04/07/2025,5769,328,2139,1742,0,1212,0
04/07/2025,7086,595,3054,1173,0,1088,0
04/07/2025,6012,649,1301,3370,0,1927,0
04/07/2025,7466,563,1439,3544,0,1651,0
04/07/2025,7960,490,2319,2381,0,1275,0
04/07/2025,7408,352,2666,2843,0,1397,0
04/07/2025,9490,573,1246,2377,0,1325,0
04/07/2025,8694,484,3042,3708,0,1174,0
04/07/2025,7088,692,2118,3842,0,2315,0
04/07/2025,5881,520,2959,1611,0,2187,0
04/07/2025,6933,413,1949,3169,0,1272,0
05/07/2025,8195,574,1508,2465,0,1929,0
05/07/2025,5969,613,2524,2992,0,2987,0
05/07/2025,9747,539,1142,2555,0,1708,0
05/07/2025,5609,462,2807,3303,0,1914,0
05/07/2025,8604,687,2594,3323,0,2491,0
05/07/2025,7398,485,1170,2978,0,1049,0
05/07/2025,7560,384,1176,1110,0,1607,0
05/07/2025,8350,677,3366,2727,0,1935,0
05/07/2025,7548,459,3587,2948,0,2076,0
05/07/2025,8998,666,1832,1865,0,1175,0
05/07/2025,8817,511,1492,1430,0,2741,0
05/07/2025,5232,511,3766,3971,0,2175,0
05/07/2025,9954,330,1535,1185,0,1171,0
05/07/2025,9640,637,3604,2361,0,1692,0
06/07/2025,8662,551,3993,3602,0,1701,0
06/07/2025,5301,412,1231,2377,0,1093,0
06/07/2025,6345,366,1558,1855,0,2016,0
06/07/2025,8169,628,3330,1864,0,1691,0
06/07/2025,5216,608,3316,2495,0,2288,0
06/07/2025,9346,473,2905,1074,0,1234,0
06/07/2025,6275,505,3505,2196,0,2657,0
06/07/2025,7660,490,1584,3493,0,1983,0
06/07/2025,5625,457,2959,2008,0,2894,0
06/07/2025,9345,639,1706,3483,0,1151,0
06/07/2025,7686,330,2700,3022,0,1070,0
06/07/2025,7694,598,2892,3207,0,1667,0
06/07/2025,7609,667,2239,3508,0,2929,0
07/07/2025,5915,366,1609,2498,0,2507,0
07/07/2025,9535,390,2917,1508,0,2494,0
07/07/2025,6549,618,2660,1145,0,1801,0
07/07/2025,9864,556,1908,2411,0,1274,0
07/07/2025,9461,645,1674,3906,0,2569,0
07/07/2025,8267,330,3902,3323,0,2898,0
07/07/2025,5675,461,2811,1717,0,1077,0
07/07/2025,8237,572,2296,3851,0,2198,0
07/07/2025,5750,560,2888,1719,0,2559,0
07/07/2025,9266,684,2724,2948,0,2324,0
07/07/2025,5685,405,1312,3197,0,1774,0
07/07/2025,5340,384,1138,1905,0,1384,0
07/07/2025,8166,335,2598,1124,0,1403,0
07/07/2025,6329,653,2331,3560,0,1724,0
08/07/2025,6327,598,2609,3398,0,2018,0
08/07/2025,7113,421,2680,2194,0,2509,0
08/07/2025,9938,381,1792,1186,0,1381,0
08/07/2025,5387,574,3385,2563,0,1131,0
08/07/2025,8214,548,3487,3761,0,1276,0
08/07/2025,7148,641,1008,1154,0,2392,0
08/07/2025,7957,374,1267,1476,0,1111,0
08/07/2025,7971,330,1318,3736,0,2929,0
08/07/2025,7750,681,1428,1991,0,2672,0
08/07/2025,6965,598,1269,2656,0,2645,0
08/07/2025,8861,374,1929,1155,0,1277,0
08/07/2025,5168,634,3544,3187,0,1348,0
08/07/2025,8922,485,1397,2560,0,1132,0
08/07/2025,9285,405,2259,2230,0,2754,0
09/07/2025,7119,585,1897,2641,0,1182,0
09/07/2025,9833,476,2681,3816,0,1968,0
09/07/2025,8798,462,2170,3207,0,2852,0
09/07/2025,9728,612,2704,2275,0,1072,0
09/07/2025,7707,359,2227,2231,0,2766,0
09/07/2025,5274,346,1093,1690,0,1943,0
09/07/2025,9094,337,1029,2220,0,2833,0
09/07/2025,9680,338,2417,3945,0,2602,0
09/07/2025,9175,692,1228,2100,0,1985,0
09/07/2025,9451,318,3893,2051,0,1860,0
09/07/2025,8030,424,1162,1849,0,2029,0
09/07/2025,9585,598,1583,3587,0,2275,0
09/07/2025,7965,322,2120,1286,0,1465,0
09/07/2025,6926,333,3657,1172,0,1664,0
10/07/2025,9285,671,1834,3103,0,1063,0
10/07/2025,5699,446,1977,3189,0,2962,0
10/07/2025,7413,478,2881,3039,0,1686,0
10/07/2025,5058,478,2184,1091,0,2429,0
10/07/2025,7281,445,3797,1706,0,1258,0
10/07/2025,6347,598,2631,1559,0,2474,0
10/07/2025,9265,646,1398,1583,0,1757,0
10/07/2025,7098,621,2999,2292,0,1997,0
10/07/2025,9132,689,3015,2791,0,2888,0
10/07/2025,8572,556,2132,1094,0,1455,0
10/07/2025,8527,491,3711,1271,0,1452,0
10/07/2025,9286,512,1264,2585,0,2969,0
10/07/2025,6654,402,2820,3370,0,2478,0
10/07/2025,7476,345,3086,3662,0,1333,0
11/07/2025,6513,583,3367,1329,0,1152,0
11/07/2025,7642,311,3884,3198,0,2979,0
11/07/2025,5491,333,3276,2090,0,1799,0
11/07/2025,7998,636,2072,2631,0,1245,0
11/07/2025,5183,676,3600,1883,0,1726,0
11/07/2025,7126,666,3653,1400,0,1259,0
11/07/2025,9659,607,2570,1159,0,1202,0
11/07/2025,6678,542,1437,1047,0,2206,0
11/07/2025,7020,319,3545,3776,0,2414,0
11/07/2025,5004,514,3299,3299,0,2732,0
11/07/2025,5567,512,1979,1381,0,2727,0
11/07/2025,8301,362,2900,1686,0,2213,0
11/07/2025,8626,465,1573,2544,0,2675,0
11/07/2025,9118,316,2873,2921,0,1919,0
12/07/2025,8697,381,1429,2359,0,1191,0
12/07/2025,9450,416,1591,1227,0,2919,0
12/07/2025,5727,634,1684,3705,0,2473,0
12/07/2025,5820,580,2034,1865,0,1601,0
12/07/2025,5085,564,3769,3999,0,2378,0
12/07/2025,6870,529,1497,3820,0,2175,0
12/07/2025,5912,576,1767,2887,0,1010,0
12/07/2025,8965,503,2069,1787,0,2417,0
12/07/2025,8857,581,1042,3469,0,2106,0
12/07/2025,7261,322,2960,3385,0,2514,0
12/07/2025,9392,694,2641,2922,0,1850,0
12/07/2025,8811,415,3742,3401,0,2054,0
12/07/2025,7064,386,3928,1662,0,1626,0
12/07/2025,9889,629,2454,3768,0,1682,0
13/07/2025,8525,537,2343,1222,0,2436,0
13/07/2025,8119,510,1025,2189,0,1724,0
13/07/2025,8172,365,3824,2660,0,1025,0
13/07/2025,5083,366,3881,2645,0,2447,0
13/07/2025,5148,570,3923,2741,0,2702,0
13/07/2025,8874,599,3102,3446,0,2398,0
13/07/2025,9087,638,3404,3798,0,1617,0
13/07/2025,5687,439,1556,3685,0,1354,0
13/07/2025,9544,612,2129,3148,0,2976,0
13/07/2025,9408,514,1176,1108,0,1931,0
13/07/2025,9960,535,3928,3257,0,1109,0
13/07/2025,5751,344,3450,3915,0,2174,0
13/07/2025,7919,398,2115,1308,0,2993,0
14/07/2025,7753,674,2820,3713,0,2203,0
14/07/2025,5538,549,3052,1071,0,2983,0
14/07/2025,9609,532,3707,2231,0,1666,0
14/07/2025,8517,368,3069,3075,0,1350,0
14/07/2025,7998,536,2589,3501,0,1490,0
14/07/2025,7432,562,2390,3062,0,2467,0
14/07/2025,9667,615,2053,2429,0,1716,0
14/07/2025,8604,545,1387,2223,0,2926,0
14/07/2025,6855,462,2809,1866,0,2536,0
14/07/2025,7262,667,2493,3408,0,1118,0
14/07/2025,9523,407,2353,1896,0,2876,0
14/07/2025,5227,334,1712,3298,0,1775,0
14/07/2025,8312,353,3938,3774,0,2849,0
14/07/2025,8763,582,2582,2153,0,2831,0
15/07/2025,9683,352,3928,2270,0,2821,0
15/07/2025,5176,588,1677,3115,0,2778,0
15/07/2025,6495,497,2155,3340,0,2461,0
15/07/2025,5465,485,3432,2310,0,2387,0
15/07/2025,8442,502,2820,3669,0,2717,0
15/07/2025,9109,597,3809,2462,0,2217,0
15/07/2025,7876,392,1228,3152,0,1019,0
15/07/2025,6950,667,2325,1233,0,1519,0
15/07/2025,7495,540,3227,1148,0,1934,0
15/07/2025,9107,308,1829,1963,0,2073,0
15/07/2025,6928,375,1219,2555,0,1738,0
15/07/2025,9133,406,1406,2075,0,1388,0
15/07/2025,7734,651,3297,2940,0,1641,0
15/07/2025,5249,697,2189,2634,0,2865,0
16/07/2025,7921,338,3508,1181,0,2200,0
16/07/2025,7271,620,2488,3846,0,1288,0
16/07/2025,8103,439,1441,3763,0,2365,0
16/07/2025,6037,517,2250,3352,0,1238,0
16/07/2025,8446,559,1066,1636,0,1473,0
16/07/2025,9692,473,2103,3772,0,2914,0
16/07/2025,5282,509,2926,1838,0,1019,0
16/07/2025,7647,623,2106,1912,0,2921,0
16/07/2025,7126,534,1503,2345,0,1868,0
16/07/2025,8699,454,3722,2302,0,2433,0
16/07/2025,5510,346,1244,1028,0,1168,0
16/07/2025,8791,618,2475,1148,0,1497,0
16/07/2025,7471,353,1767,3269,0,2979,0
16/07/2025,6866,617,1552,1800,0,1851,0
17/07/2025,5997,384,2411,1685,0,2386,0
17/07/2025,5547,576,2549,2125,0,1960,0
17/07/2025,6735,380,2206,2152,0,1658,0
17/07/2025,6028,374,2471,1522,0,2989,0
17/07/2025,7410,361,1572,1457,0,1785,0
17/07/2025,8781,336,1551,1557,0,2317,0
17/07/2025,9135,605,2679,2886,0,1756,0
17/07/2025,9668,404,2976,3117,0,2215,0
17/07/2025,9467,331,2743,2279,0,2858,0
17/07/2025,5006,418,3435,3700,0,1030,0
17/07/2025,7198,467,2854,1665,0,2136,0
17/07/2025,7973,553,2034,2546,0,1563,0
17/07/2025,9765,661,2383,3778,0,1091,0
17/07/2025,9564,572,1972,3303,0,2482,0
18/07/2025,8338,375,3423,3223,0,1580,0
18/07/2025,9219,569,2118,3292,0,1693,0
18/07/2025,5941,362,3349,1923,0,2257,0
18/07/2025,6120,435,3488,2610,0,1380,0
18/07/2025,6162,395,2674,1326,0,1365,0
18/07/2025,9609,642,3086,3791,0,1284,0
18/07/2025,8634,488,1345,2047,0,2404,0
18/07/2025,8701,434,3505,2090,0,2006,0
18/07/2025,5749,587,2493,1214,0,2894,0
18/07/2025,5010,616,1935,1349,0,1390,0
18/07/2025,9616,404,2984,2199,0,2920,0
18/07/2025,5016,455,3281,2866,0,2498,0
18/07/2025,6687,668,3513,1591,0,1104,0
18/07/2025,7299,477,1063,3697,0,1567,0
18/07/2025,6630,385,1490,2297,0,2451,0
19/07/2025,7186,546,1294,3235,0,2187,0
19/07/2025,6259,588,3126,2246,0,1136,0
19/07/2025,5020,412,2572,2998,0,1623,0
19/07/2025,5744,342,3059,2123,0,2340,0
19/07/2025,6433,538,2801,1299,0,1145,0
19/07/2025,5115,301,2243,1740,0,2993,0
19/07/2025,6804,646,2468,1684,0,2723,0
19/07/2025,8680,357,1446,1336,0,1846,0
19/07/2025,6991,415,1441,2707,0,2579,0
19/07/2025,6835,501,1263,2653,0,2352,0
19/07/2025,6922,629,1290,1008,0,1312,0
19/07/2025,8014,310,3941,3671,0,1155,0
19/07/2025,8755,630,3146,2198,0,2201,0
19/07/2025,6926,564,1810,1559,0,1560,0
20/07/2025,9087,571,1386,2391,0,2446,0
20/07/2025,7830,607,2201,1355,0,1783,0
20/07/2025,5644,492,1491,2105,0,2225,0
20/07/2025,5727,433,3499,1320,0,2943,0
20/07/2025,5189,657,2230,1472,0,1414,0
20/07/2025,8171,400,2514,2824,0,1566,0
20/07/2025,8151,401,3751,2417,0,2008,0
20/07/2025,5927,394,1259,1579,0,1180,0
20/07/2025,9322,471,1597,2798,0,2473,0
20/07/2025,6031,540,1766,3408,0,2374,0
20/07/2025,5285,544,3910,1979,0,1359,0
20/07/2025,5217,340,2521,3992,0,2617,0
20/07/2025,7295,365,2998,3069,0,2275,0
21/07/2025,9518,688,2293,2145,0,2078,0
21/07/2025,9492,385,3448,1497,0,1383,0
21/07/2025,5866,606,2138,1686,0,2081,0
21/07/2025,8860,666,3886,3206,0,2791,0
21/07/2025,6021,318,1834,2044,0,1162,0
21/07/2025,6356,314,2101,3372,0,1616,0
21/07/2025,5718,458,1574,2280,0,2923,0
21/07/2025,8407,411,3585,2412,0,1676,0
21/07/2025,7545,550,2332,3681,0,1200,0
21/07/2025,9861,636,2571,1292,0,2307,0
21/07/2025,7660,409,1681,2370,0,2091,0
21/07/2025,9088,535,3774,1644,0,1822,0
21/07/2025,5565,579,1095,2994,0,1167,0
21/07/2025,5020,629,1364,3109,0,2789,0
22/07/2025,7604,600,1146,2935,0,1625,0
22/07/2025,7849,613,2459,1585,0,1819,0
22/07/2025,5679,415,1658,1979,0,2348,0
22/07/2025,5047,582,1305,3381,0,1402,0
22/07/2025,6102,365,2827,1594,0,2704,0
22/07/2025,7897,677,3024,2616,0,1657,0
22/07/2025,9046,659,1652,3623,0,2954,0
22/07/2025,8947,506,3696,2257,0,2740,0
22/07/2025,6255,584,2622,3977,0,2540,0
22/07/2025,6754,650,1914,2157,0,1736,0
22/07/2025,8165,386,2912,2457,0,1656,0
22/07/2025,9806,660,3122,2198,0,2231,0
22/07/2025,7743,418,3268,2173,0,1809,0
22/07/2025,7632,328,2265,3374,0,1420,0
23/07/2025,7211,637,3621,2231,0,2866,0
23/07/2025,9508,597,2720,3196,0,1388,0
23/07/2025,9731,387,3832,3753,0,1597,0
23/07/2025,8406,441,1999,3404,0,2167,0
23/07/2025,5009,597,2432,3674,0,2302,0
23/07/2025,5045,648,2913,3045,0,1859,0
23/07/2025,6496,389,2477,1735,0,1878,0
23/07/2025,9033,603,3217,3351,0,2965,0
23/07/2025,6925,442,3670,1209,0,1421,0
23/07/2025,5724,621,3553,3655,0,1398,0
23/07/2025,9090,628,2493,3042,0,1880,0
23/07/2025,7416,383,1638,2841,0,1029,0
23/07/2025,9724,685,2297,2738,0,1108,0
23/07/2025,7374,532,2403,1930,0,2025,0
24/07/2025,5106,657,3955,3949,0,2215,0
24/07/2025,6521,665,1663,3082,0,1307,0
24/07/2025,5052,306,3027,2473,0,1905,0
24/07/2025,8357,458,2766,2438,0,2341,0
24/07/2025,5968,407,3701,3195,0,1040,0
24/07/2025,5872,543,1384,2300,0,1856,0
24/07/2025,5995,354,2399,2664,0,2877,0
24/07/2025,6866,560,1272,2732,0,2992,0
24/07/2025,5056,373,1820,2558,0,1936,0
24/07/2025,9324,340,2950,2077,0,2359,0
24/07/2025,8583,587,1958,1680,0,2982,0
24/07/2025,8662,581,3910,3904,0,1894,0
24/07/2025,8771,506,3664,3284,0,1032,0
24/07/2025,5535,386,1609,2527,0,1192,0
25/07/2025,5193,575,1064,3296,0,2927,0
25/07/2025,7169,451,1823,3151,0,2331,0
25/07/2025,8105,691,1183,2464,0,2036,0
25/07/2025,8905,418,1570,3540,0,1465,0
25/07/2025,8986,310,2622,3669,0,2620,0
25/07/2025,6836,590,3360,3877,0,1102,0
25/07/2025,6928,615,3925,3435,0,1992,0
25/07/2025,7287,452,3452,2819,0,2171,0
25/07/2025,8231,647,3581,1655,0,2958,0
25/07/2025,6877,368,3476,3665,0,2371,0
25/07/2025,6051,388,2965,3405,0,1185,0
25/07/2025,6542,529,1256,3222,0,2295,0
25/07/2025,6420,499,2708,2142,0,1545,0
25/07/2025,8082,668,3506,1978,0,2111,0
26/07/2025,6015,518,3345,3687,0,2344,0
26/07/2025,9987,527,2911,1354,0,2189,0
26/07/2025,7230,513,3669,1807,0,2300,0
26/07/2025,8922,342,2228,1998,0,1903,0
26/07/2025,5011,643,1126,2784,0,1901,0
26/07/2025,9774,642,3979,2106,0,1315,0
26/07/2025,5649,470,2184,3161,0,1382,0
26/07/2025,7653,543,3153,3964,0,2840,0
26/07/2025,5213,446,1452,1002,0,2534,0
26/07/2025,9159,551,3859,2123,0,1605,0
26/07/2025,9201,348,2757,1986,0,1391,0
26/07/2025,5095,617,3079,2726,0,2232,0
26/07/2025,6153,328,1380,2823,0,1756,0
26/07/2025,7791,448,2583,2818,0,1889,0
27/07/2025,9214,328,3754,1356,0,2512,0
27/07/2025,8515,610,3495,1674,0,1575,0
27/07/2025,5043,313,3890,3864,0,1305,0
27/07/2025,8062,536,1999,3156,0,1717,0
27/07/2025,9142,611,1515,3503,0,2795,0
27/07/2025,7090,363,3183,2286,0,1583,0
27/07/2025,5005,420,3107,2429,0,1086,0
27/07/2025,9719,479,1502,1063,0,2305,0
27/07/2025,9320,415,1013,2388,0,2429,0
27/07/2025,5716,530,3918,1800,0,1509,0
27/07/2025,7867,605,3413,3715,0,1094,0
27/07/2025,5042,450,3138,3091,0,2007,0
27/07/2025,7651,347,3387,3047,0,2432,0
28/07/2025,8081,552,1967,3711,0,1000,0
28/07/2025,6394,525,3897,1309,0,1717,0
28/07/2025,5414,355,2077,2668,0,1425,0
28/07/2025,7003,341,3486,1995,0,1339,0
28/07/2025,5720,634,1443,1678,0,1609,0
28/07/2025,8188,339,1077,1614,0,2505,0
28/07/2025,7320,501,2161,2835,0,1712,0
28/07/2025,7900,338,2178,1026,0,2915,0
28/07/2025,5457,636,1251,3103,0,2568,0
28/07/2025,7905,438,3441,2093,0,2125,0
28/07/2025,9928,457,3496,2402,0,2417,0
28/07/2025,9937,675,2004,2605,0,2205,0
28/07/2025,8575,478,2831,1659,0,1689,0
28/07/2025,9503,543,3706,3009,0,1382,0
29/07/2025,8483,312,1793,1210,0,1551,0
29/07/2025,9168,566,1557,1546,0,1586,0
29/07/2025,5766,328,3216,2284,0,1923,0
29/07/2025,6146,488,1851,1352,0,1641,0
29/07/2025,5880,671,3158,3449,0,1379,0
29/07/2025,8762,307,1674,3315,0,1037,0
29/07/2025,6714,623,2274,3037,0,2066,0
29/07/2025,9120,555,1405,2700,0,2009,0
29/07/2025,8424,360,2416,1359,0,2724,0
29/07/2025,6575,443,3927,1306,0,1565,0
29/07/2025,5779,330,3223,3102,0,2084,0
29/07/2025,5489,677,2698,2255,0,1346,0
29/07/2025,6085,346,3157,2459,0,1043,0
29/07/2025,7726,406,1009,2961,0,1370,0
30/07/2025,7678,568,1101,3696,0,1944,0
30/07/2025,6119,642,1116,1213,0,1940,0
30/07/2025,9098,524,2471,2610,0,1168,0
30/07/2025,7302,428,1526,3101,0,1875,0
30/07/2025,6679,499,3875,4000,0,1993,0
30/07/2025,7463,649,2644,3049,0,2890,0
30/07/2025,8609,446,1405,1383,0,1614,0
30/07/2025,8327,460,2701,3450,0,1500,0
30/07/2025,9929,380,3933,2964,0,2816,0
30/07/2025,7482,649,2390,1723,0,2674,0
30/07/2025,7416,379,3042,3417,0,1852,0
30/07/2025,5587,460,3024,1112,0,2555,0
30/07/2025,5686,321,2141,1888,0,1364,0
30/07/2025,5717,489,1632,1439,0,2202,0
30/07/2025,6330,567,1758,1985,0,1414,0
31/07/2025,9359,471,2032,1530,0,2352,0
31/07/2025,7826,311,1034,2848,0,2444,0
31/07/2025,7890,354,3671,2043,0,2753,0
31/07/2025,6408,543,2241,1452,0,2671,0
31/07/2025,8005,370,1349,2019,0,1536,0
31/07/2025,7744,506,2466,1684,0,1305,0
31/07/2025,5641,625,3136,2449,0,2237,0
31/07/2025,9752,408,2897,3558,0,2425,0
31/07/2025,6727,515,1890,1035,0,2066,0
31/07/2025,9276,343,3501,3493,0,2559,0
31/07/2025,7249,405,1607,1843,0,1519,0
31/07/2025,5373,526,1797,3900,0,1705,0
31/07/2025,5936,425,3782,3068,0,2399,0
31/07/2025,6078,322,1831,2403,0,1857,0
31/07/2025,8595,571,1259,3911,0,1081,0
01/08/2025,6250,648,2133,1605,0,2017,0
01/08/2025,9670,371,3550,3772,0,1567,0
01/08/2025,9393,632,1786,3590,0,1718,0
01/08/2025,7737,541,2980,1118,0,2641,0
01/08/2025,6148,418,3496,3910,0,1737,0
01/08/2025,8852,656,2617,1872,0,1633,0
01/08/2025,6646,412,3070,2462,0,2731,0
01/08/2025,9900,308,1140,1680,0,1327,0
01/08/2025,7813,447,2748,1479,0,1205,0
01/08/2025,8879,539,2651,1611,0,1931,0
01/08/2025,8556,476,2916,1597,0,2672,0
01/08/2025,7046,406,1524,1704,0,1709,0
01/08/2025,8779,393,3250,2003,0,2599,0
01/08/2025,6266,513,2305,2982,0,2485,0
01/08/2025,8729,475,2029,1367,0,2532,0
02/08/2025,5073,302,1209,3689,0,1340,0
02/08/2025,8832,392,3383,1649,0,2446,0
02/08/2025,5275,437,3021,2756,0,1395,0
02/08/2025,7826,568,2364,2077,0,1830,0
02/08/2025,8917,617,2295,2332,0,1554,0
02/08/2025,9732,555,1865,2934,0,2394,0
02/08/2025,5223,302,2862,1252,0,2763,0
02/08/2025,9563,588,3681,3705,0,1860,0
02/08/2025,6235,467,1764,2839,0,1856,0
02/08/2025,9223,573,3385,3514,0,2156,0
02/08/2025,9874,564,1391,2917,0,1458,0
02/08/2025,8666,522,2759,2530,0,1839,0
02/08/2025,6376,656,3969,2940,0,1438,0
02/08/2025,5769,686,1869,3836,0,2846,0
02/08/2025,6160,417,2504,2178,0,2931,0
03/08/2025,8893,473,2797,2217,0,2576,0
03/08/2025,7915,408,2208,1259,0,1373,0
03/08/2025,6400,417,3423,1578,0,2288,0
03/08/2025,9893,629,3010,2120,0,1295,0
03/08/2025,6689,491,2967,3598,0,1727,0
03/08/2025,6593,452,2446,1073,0,1902,0
03/08/2025,5196,483,3175,3167,0,2182,0
03/08/2025,8428,596,1373,2697,0,2225,0
03/08/2025,6190,435,2217,2563,0,2761,0
03/08/2025,9889,522,1576,2012,0,1686,0
03/08/2025,7962,446,3881,2507,0,2866,0
03/08/2025,7607,493,2253,1490,0,2103,0
03/08/2025,9784,682,2702,1042,0,2635,0
04/08/2025,9610,575,1194,1234,0,2406,0
04/08/2025,7864,361,3456,2586,0,1807,0
04/08/2025,8279,611,2070,3328,0,2503,0
04/08/2025,7245,672,2965,1092,0,2611,0
04/08/2025,9910,660,2969,1985,0,2300,0
04/08/2025,9026,428,3148,2404,0,2218,0
04/08/2025,5756,619,1413,2155,0,1923,0
04/08/2025,6915,446,1181,3541,0,2234,0
04/08/2025,7462,305,3312,3538,0,2272,0
04/08/2025,5074,558,3435,1447,0,2248,0
04/08/2025,6118,591,2389,2474,0,1218,0
04/08/2025,7449,535,2184,2834,0,2076,0
04/08/2025,6275,397,2912,2060,0,2394,0
04/08/2025,8986,418,3276,2365,0,2295,0
04/08/2025,9557,347,3226,1429,0,2345,0
05/08/2025,7450,405,2478,3472,0,2911,0
05/08/2025,8475,408,2552,3953,0,1822,0
05/08/2025,8771,657,1862,3073,0,2198,0
05/08/2025,6574,578,1900,1635,0,1258,0
05/08/2025,7615,537,3633,3139,0,2924,0
05/08/2025,5911,603,3764,1315,0,1111,0
05/08/2025,7097,451,1537,2946,0,2732,0
05/08/2025,7929,432,1891,2303,0,2538,0
05/08/2025,5804,336,1833,2350,0,1164,0
05/08/2025,8905,572,2411,1514,0,1609,0
05/08/2025,8710,363,2067,2482,0,2305,0
05/08/2025,5557,671,2429,1808,0,1208,0
05/08/2025,7224,468,3841,3457,0,2231,0
05/08/2025,7273,579,3330,1943,0,1699,0
05/08/2025,8602,573,2421,2344,0,2814,0
06/08/2025,6612,549,2655,2027,0,1867,0
06/08/2025,9465,376,1828,3273,0,2600,0
06/08/2025,9901,446,1653,3426,0,1466,0
06/08/2025,5441,608,1682,1666,0,2304,0
06/08/2025,7612,572,2410,1437,0,1440,0
06/08/2025,8434,426,3447,2392,0,2486,0
06/08/2025,7125,323,2028,2553,0,1196,0
06/08/2025,9632,494,2864,2983,0,2239,0
06/08/2025,5361,309,1855,1977,0,1897,0
06/08/2025,6467,518,1557,1607,0,2208,0
06/08/2025,6505,381,1847,2766,0,2865,0
06/08/2025,9962,691,2119,1270,0,1580,0
06/08/2025,9742,582,3423,1790,0,2847,0
06/08/2025,9784,395,1179,1677,0,2438,0
06/08/2025,8007,520,3028,2713,0,2835,0
07/08/2025,6967,650,2276,3399,0,2745,0
07/08/2025,6219,436,2340,3857,0,2818,0
07/08/2025,6879,482,3558,1184,0,2560,0
07/08/2025,9411,309,1249,1298,0,1772,0
07/08/2025,6374,523,1167,1150,0,2046,0
07/08/2025,9537,309,3897,3724,0,1743,0
07/08/2025,5803,304,2142,3223,0,1504,0
07/08/2025,9645,549,2935,2831,0,1894,0
07/08/2025,8220,634,3363,1006,0,2973,0
07/08/2025,9711,513,3624,3233,0,1000,0
07/08/2025,8392,580,2531,3976,0,1656,0
07/08/2025,8459,363,2960,2024,0,2306,0
07/08/2025,9484,338,1668,1437,0,2359,0
07/08/2025,5806,634,1220,1598,0,2786,0
07/08/2025,6774,377,3913,1478,0,2621,0
08/08/2025,9333,391,2474,2665,0,1649,0
08/08/2025,6772,482,1620,1445,0,1801,0
08/08/2025,6080,640,1863,2264,0,2227,0
08/08/2025,6045,525,3123,2803,0,1166,0
08/08/2025,6835,634,2108,1533,0,1834,0
08/08/2025,9018,537,3522,2146,0,2112,0
08/08/2025,6065,642,2886,1760,0,2344,0
08/08/2025,6169,390,3851,2752,0,1603,0
08/08/2025,7319,669,1047,1380,0,1857,0
08/08/2025,8658,523,1713,2195,0,2355,0
08/08/2025,6545,509,2885,3737,0,1881,0
08/08/2025,5014,566,2018,3780,0,2402,0
08/08/2025,6306,597,1305,2711,0,2530,0
08/08/2025,9285,420,3932,3220,0,2535,0
08/08/2025,8879,697,2587,2851,0,2571,0
09/08/2025,7889,484,2406,2938,0,2718,0
09/08/2025,7077,468,1984,2174,0,1167,0
09/08/2025,6020,327,3096,1771,0,2941,0
09/08/2025,8726,340,2445,2050,0,1916,0
09/08/2025,5204,321,1021,3621,0,1380,0
09/08/2025,7874,320,3829,2987,0,2080,0
09/08/2025,7171,383,1053,3841,0,2793,0
09/08/2025,6810,405,3573,2427,0,2739,0
09/08/2025,5250,552,3365,3989,0,1335,0
09/08/2025,5393,646,3202,2264,0,1588,0
09/08/2025,8280,301,1059,2598,0,1559,0
09/08/2025,6605,553,3026,1642,0,1331,0
09/08/2025,9923,665,1114,3099,0,2900,0
09/08/2025,7222,304,2085,3709,0,2178,0
09/08/2025,5260,363,2309,1443,0,2765,0
10/08/2025,8649,639,2710,3384,0,2527,0
10/08/2025,7903,403,3913,2101,0,2941,0
10/08/2025,9157,653,3934,3121,0,2609,0
10/08/2025,6696,668,3819,2127,0,1051,0
10/08/2025,9872,388,3801,3781,0,2321,0
10/08/2025,8109,547,1090,2070,0,2355,0
10/08/2025,7706,637,3154,1830,0,1678,0
10/08/2025,6263,423,2609,2010,0,2575,0
10/08/2025,8833,602,3360,2811,0,1995,0
10/08/2025,9446,323,1862,1316,0,2537,0
10/08/2025,9454,538,1808,3923,0,1058,0
10/08/2025,6561,505,3624,3533,0,2893,0
10/08/2025,9080,642,3158,1883,0,2466,0
10/08/2025,8528,430,3400,3928,0,1139,0
11/08/2025,9339,501,3883,3711,0,2961,0
11/08/2025,7447,530,2341,2427,0,2584,0
11/08/2025,7550,498,1537,1462,0,1310,0
11/08/2025,5573,561,2593,1076,0,1848,0
11/08/2025,8075,599,3333,1379,0,2540,0
11/08/2025,8573,608,3685,1468,0,1666,0
11/08/2025,9081,461,2316,1973,0,1295,0
11/08/2025,7413,643,1001,2295,0,2261,0
11/08/2025,5255,642,3746,1574,0,1607,0
11/08/2025,5380,333,2327,3796,0,1883,0
11/08/2025,5052,300,3126,2614,0,2398,0
11/08/2025,9784,567,1767,1470,0,2315,0
11/08/2025,5916,518,3897,2467,0,1855,0
11/08/2025,7550,600,1371,2779,0,2620,0
11/08/2025,5742,656,3152,2869,0,1175,0
12/08/2025,6686,330,1049,3875,0,1024,0
12/08/2025,7823,653,1194,2526,0,1481,0
12/08/2025,6303,624,2110,3596,0,1091,0
12/08/2025,9918,370,3700,1247,0,2622,0
12/08/2025,7794,583,3812,1799,0,2017,0
12/08/2025,6606,462,2198,3655,0,1098,0
12/08/2025,8779,647,3391,1110,0,1226,0
12/08/2025,6319,508,1040,2282,0,1855,0
12/08/2025,9486,481,3128,1234,0,1358,0
12/08/2025,8641,582,1663,1193,0,2252,0
12/08/2025,8066,424,2834,2325,0,2710,0
12/08/2025,5285,487,2931,1416,0,1116,0
12/08/2025,8493,346,2638,3309,0,1154,0
12/08/2025,6307,527,2239,2986,0,2997,0
12/08/2025,9477,320,1186,1132,0,1521,0
13/08/2025,9190,524,1399,3694,0,2845,0
13/08/2025,8338,671,1054,3582,0,2090,0
13/08/2025,6013,333,1558,1446,0,2876,0
13/08/2025,7311,609,1124,3151,0,1286,0
13/08/2025,5472,669,3097,2980,0,1265,0
13/08/2025,5719,317,3280,1947,0,1120,0
13/08/2025,7450,340,2060,1155,0,1642,0
13/08/2025,8592,402,3110,1707,0,1523,0
13/08/2025,5692,625,3547,2267,0,2576,0
13/08/2025,5923,636,3507,2296,0,1670,0
13/08/2025,8185,592,1511,1202,0,2937,0
13/08/2025,6666,317,3403,2543,0,1605,0
13/08/2025,8590,694,3786,1918,0,2495,0
13/08/2025,8907,554,3277,1340,0,2800,0
13/08/2025,8772,547,2224,1792,0,1359,0
14/08/2025,8793,388,2401,2524,0,2273,0
14/08/2025,9742,349,3150,3699,0,2693,0
14/08/2025,6789,581,3134,2417,0,1672,0
14/08/2025,7832,417,3039,2973,0,2833,0
14/08/2025,8546,530,3552,1893,0,2916,0
14/08/2025,9669,319,1796,3803,0,1230,0
14/08/2025,8434,343,1753,1857,0,2054,0
14/08/2025,9374,447,3569,2483,0,1563,0
14/08/2025,9437,392,1502,1465,0,1502,0
14/08/2025,9932,569,1244,1970,0,2400,0
14/08/2025,7272,350,1921,1181,0,2236,0
14/08/2025,8414,369,3442,2411,0,1296,0
14/08/2025,8714,331,3963,3756,0,2790,0
14/08/2025,9639,528,1124,1084,0,2850,0
14/08/2025,8018,616,3666,2240,0,2055,0
15/08/2025,6396,513,3869,1002,0,1647,0
15/08/2025,8765,653,2920,3901,0,2477,0
15/08/2025,9167,542,3982,3845,0,2712,0
15/08/2025,6327,371,3828,1628,0,2598,0
15/08/2025,8647,633,1947,2122,0,2584,0
15/08/2025,6110,348,2983,2013,0,1214,0
15/08/2025,9724,692,3059,3888,0,2761,0
15/08/2025,6886,422,2289,2116,0,2843,0
15/08/2025,6516,314,1256,1438,0,2777,0
15/08/2025,8258,519,3852,3564,0,2327,0
15/08/2025,5839,369,1424,1506,0,1436,0
15/08/2025,9850,572,2265,2025,0,2697,0
15/08/2025,5067,343,2502,1445,0,1076,0
15/08/2025,5542,616,2174,3042,0,2653,0
15/08/2025,5294,371,3860,3134,0,1257,0
16/08/2025,7924,316,2908,3818,0,1756,0
16/08/2025,7884,340,1338,3615,0,1255,0
16/08/2025,7822,585,2624,1427,0,1422,0
16/08/2025,6774,310,2653,2350,0,1333,0
16/08/2025,6303,463,3578,3259,0,1940,0
16/08/2025,5334,664,3784,2379,0,2303,0
16/08/2025,5193,379,3774,1141,0,1881,0
16/08/2025,9009,541,1280,2205,0,1540,0
16/08/2025,8672,589,2014,2427,0,1593,0
16/08/2025,7379,341,3451,3352,0,2397,0
16/08/2025,8095,474,2778,3535,0,2448,0
16/08/2025,8603,327,2420,1394,0,2548,0
16/08/2025,5856,456,3681,1921,0,2811,0
16/08/2025,9922,392,3791,1450,0,2580,0
16/08/2025,8530,641,2548,3723,0,1264,0
17/08/2025,8998,632,1804,2470,0,1528,0
17/08/2025,8847,643,3348,1406,0,2216,0
17/08/2025,9601,509,2133,1650,0,2648,0
17/08/2025,6633,499,1024,1675,0,1188,0
17/08/2025,6378,516,1245,3318,0,1936,0
17/08/2025,9783,350,3302,1549,0,2882,0
17/08/2025,5500,462,1877,3435,0,2443,0
17/08/2025,7501,617,1273,3313,0,1183,0
17/08/2025,6084,627,3910,2908,0,1601,0
17/08/2025,8927,626,1044,1428,0,2958,0
17/08/2025,7237,685,2472,2022,0,1282,0
17/08/2025,7824,529,3021,3717,0,1903,0
17/08/2025,7309,461,3405,2398,0,2652,0
18/08/2025,6203,359,3057,2987,0,2906,0
18/08/2025,7740,303,3697,1122,0,1357,0
18/08/2025,9522,469,1505,2623,0,1379,0
18/08/2025,9760,466,3025,1761,0,1651,0
18/08/2025,6588,676,2130,1130,0,2717,0
18/08/2025,6714,452,2281,2871,0,1638,0
18/08/2025,8467,636,2457,2901,0,2284,0
18/08/2025,6574,680,1112,2908,0,1950,0
18/08/2025,7786,317,3678,3096,0,2229,0
18/08/2025,9739,471,2727,2855,0,1347,0
18/08/2025,7773,619,1214,3564,0,2572,0
18/08/2025,8875,322,3074,3376,0,1303,0
18/08/2025,8156,389,1620,1508,0,2284,0
18/08/2025,7267,495,2803,1377,0,1281,0
18/08/2025,7138,644,1697,3837,0,2392,0
19/08/2025,6569,509,3967,3056,0,1991,0
19/08/2025,8372,630,3180,2153,0,2704,0
19/08/2025,7942,574,3924,1348,0,2015,0
19/08/2025,7071,559,3764,1331,0,2279,0
19/08/2025,6633,436,1445,2719,0,2619,0
19/08/2025,7774,513,2200,3886,0,1238,0
19/08/2025,6307,391,2852,3684,0,1956,0
19/08/2025,9147,460,1534,2298,0,2730,0
19/08/2025,9275,647,2479,3259,0,2112,0
19/08/2025,6937,414,2063,2914,0,1096,0
19/08/2025,6480,324,2022,3635,0,1137,0
19/08/2025,8674,354,2639,3933,0,2065,0
19/08/2025,7720,558,2585,1317,0,1205,0
19/08/2025,8041,500,1396,2796,0,2037,0
19/08/2025,7090,640,2530,3968,0,2020,0
20/08/2025,7061,682,1254,3993,0,2497,0
20/08/2025,5570,346,1851,3818,0,2832,0
20/08/2025,5076,375,3696,3573,0,1474,0
20/08/2025,7322,563,2063,2246,0,2967,0
20/08/2025,6139,536,2738,2022,0,2634,0
20/08/2025,9906,439,2619,1726,0,2754,0
20/08/2025,9491,662,2614,1887,0,2045,0
20/08/2025,9052,625,2888,3575,0,2917,0
20/08/2025,8290,329,1254,2664,0,2167,0
20/08/2025,5936,508,1373,1553,0,1221,0
20/08/2025,5858,496,3872,1610,0,2156,0
20/08/2025,8741,570,2719,2065,0,2299,0
20/08/2025,8369,307,1599,3340,0,2675,0
20/08/2025,6064,646,1621,1293,0,1227,0
20/08/2025,7015,528,1570,1452,0,1946,0
21/08/2025,6169,312,1944,1365,0,1074,0
21/08/2025,7075,490,1532,1364,0,1166,0
21/08/2025,5037,429,3788,3602,0,1245,0
21/08/2025,5940,411,1763,1236,0,1368,0
21/08/2025,5805,546,2608,1947,0,2687,0
21/08/2025,8453,375,3135,2448,0,2519,0
21/08/2025,9267,688,1738,3479,0,1178,0
21/08/2025,5408,529,1298,2781,0,1031,0
21/08/2025,7555,315,2355,2413,0,1830,0
21/08/2025,5096,598,2528,3939,0,2408,0
21/08/2025,6543,688,2600,2605,0,2248,0
21/08/2025,5038,552,2848,3503,0,1898,0
21/08/2025,5019,515,3954,3248,0,1786,0
21/08/2025,5543,563,2749,3785,0,1253,0
21/08/2025,8071,353,3750,1887,0,2013,0
22/08/2025,7515,391,1235,2161,0,1687,0
22/08/2025,8247,465,2651,3068,0,2113,0
22/08/2025,8970,307,3893,1463,0,1103,0
22/08/2025,9437,421,1912,1615,0,1504,0
22/08/2025,5891,542,3439,2350,0,1263,0
22/08/2025,6173,504,1747,1281,0,1795,0
22/08/2025,6333,684,3507,3062,0,2933,0
22/08/2025,8766,630,2469,1529,0,2529,0
22/08/2025,8640,689,2701,1773,0,2044,0
22/08/2025,7611,344,2406,2276,0,2794,0
22/08/2025,9888,475,3943,2630,0,1856,0
22/08/2025,5006,387,2364,1124,0,1911,0
22/08/2025,9960,430,1598,2526,0,2161,0
22/08/2025,9009,356,3715,3562,0,2316,0
22/08/2025,6942,525,3082,1351,0,2588,0
23/08/2025,6126,622,1505,2680,0,2472,0
23/08/2025,6983,506,1165,1509,0,2020,0
23/08/2025,9852,380,1207,3284,0,2563,0
23/08/2025,9811,382,1237,3860,0,2384,0
23/08/2025,6099,344,3472,3437,0,1802,0
23/08/2025,8679,619,3725,2699,0,2783,0
23/08/2025,8181,530,2187,3507,0,2403,0
23/08/2025,6628,475,2225,1966,0,2988,0
23/08/2025,5357,421,1593,1691,0,2267,0
23/08/2025,6777,321,2426,1232,0,2818,0
23/08/2025,5160,464,1542,1220,0,2562,0
23/08/2025,7471,412,2942,1246,0,2103,0
23/08/2025,5258,591,3118,3749,0,2928,0
23/08/2025,6569,688,3610,1204,0,1585,0
23/08/2025,5383,680,2567,3593,0,2022,0
24/08/2025,8653,537,1754,2728,0,1384,0
24/08/2025,7311,435,1532,2853,0,2098,0
24/08/2025,7690,466,2415,3897,0,1173,0
24/08/2025,5647,340,3060,1975,0,2405,0
24/08/2025,9007,669,1783,1067,0,1792,0
24/08/2025,7633,700,1088,1834,0,1333,0
24/08/2025,7852,321,1279,2058,0,2401,0
24/08/2025,5855,415,1884,1404,0,1885,0
24/08/2025,9291,458,3883,2028,0,2841,0
24/08/2025,7324,321,3344,1011,0,2418,0
24/08/2025,9724,530,2626,1861,0,2778,0
24/08/2025,5629,563,1454,3854,0,2516,0
24/08/2025,7366,604,3868,2434,0,1811,0
25/08/2025,7855,658,3478,2927,0,1364,0
25/08/2025,7876,471,2649,1666,0,1708,0
25/08/2025,5173,562,3050,2319,0,2417,0
25/08/2025,8700,312,3691,1256,0,1878,0
25/08/2025,6292,676,2361,1732,0,1739,0
25/08/2025,9974,600,1373,2614,0,1357,0
25/08/2025,5022,368,1701,1704,0,2087,0
25/08/2025,7352,644,1090,2546,0,1805,0
25/08/2025,6485,490,2455,1791,0,2653,0
25/08/2025,9668,559,2476,1109,0,1719,0
25/08/2025,5689,386,2109,2375,0,2078,0
25/08/2025,8364,341,1294,1911,0,2095,0
25/08/2025,7655,477,2392,3704,0,1817,0
25/08/2025,5219,533,2915,3235,0,1366,0
25/08/2025,6606,312,3950,1610,0,2903,0
26/08/2025,9191,447,1712,2439,0,2756,0
26/08/2025,7985,430,1187,3675,0,1040,0
26/08/2025,5090,598,2631,1053,0,2465,0
26/08/2025,7012,439,1622,3199,0,1712,0
26/08/2025,5575,660,2862,2458,0,1521,0
26/08/2025,8293,601,2753,1498,0,2836,0
26/08/2025,5290,667,3618,1700,0,1472,0
26/08/2025,7093,489,1034,1001,0,2196,0
26/08/2025,7284,304,2463,2072,0,2917,0
26/08/2025,5260,371,2342,2918,0,1586,0
26/08/2025,5376,583,2515,1344,0,2145,0
26/08/2025,6317,414,3341,2541,0,1357,0
26/08/2025,8043,379,3278,1941,0,1967,0
26/08/2025,5504,558,3529,1503,0,2553,0
26/08/2025,5758,602,3100,2485,0,2660,0
27/08/2025,6867,478,3330,1024,0,2571,0
27/08/2025,7847,600,1175,2805,0,1084,0
27/08/2025,9072,619,3699,1297,0,2307,0
27/08/2025,6447,524,2770,3733,0,2239,0
27/08/2025,5595,685,2154,2585,0,1625,0
27/08/2025,7213,546,1456,3657,0,1709,0
27/08/2025,8506,313,2681,3170,0,1607,0
27/08/2025,9872,313,2667,3420,0,2785,0
27/08/2025,9397,502,2071,2776,0,1642,0
27/08/2025,7392,356,1903,3884,0,2417,0
27/08/2025,7150,656,3369,1492,0,1909,0
27/08/2025,8801,362,2427,3543,0,2096,0
27/08/2025,5751,599,3323,1911,0,2215,0
27/08/2025,8113,532,1883,2483,0,2718,0
27/08/2025,6956,632,1925,1496,0,1759,0
28/08/2025,8418,454,1196,1221,0,2561,0
28/08/2025,8841,561,3431,2980,0,1189,0
28/08/2025,6543,440,2693,2389,0,1803,0
28/08/2025,8264,421,1300,1134,0,2536,0
28/08/2025,8400,487,2291,3170,0,2903,0
28/08/2025,5697,348,3501,1952,0,1805,0
28/08/2025,7930,308,1611,1661,0,2110,0
28/08/2025,8519,377,2243,1738,0,2722,0
28/08/2025,8036,465,1621,2038,0,2971,0
28/08/2025,7982,354,3296,1073,0,1090,0
28/08/2025,7604,449,1285,3475,0,1056,0
28/08/2025,9330,325,1680,3541,0,1793,0
28/08/2025,8860,520,1824,3079,0,2569,0
28/08/2025,8063,680,3572,2453,0,2822,0
28/08/2025,9851,579,2405,3396,0,2345,0
29/08/2025,7860,351,3990,1713,0,1119,0
29/08/2025,5035,644,3046,1596,0,1136,0
29/08/2025,6946,571,2134,1836,0,2028,0
29/08/2025,9955,348,2363,1241,0,2336,0
29/08/2025,8594,455,1184,1522,0,2548,0
29/08/2025,8602,360,2986,1285,0,2519,0
29/08/2025,5204,534,1699,3205,0,1870,0
29/08/2025,5128,580,3323,3352,0,1665,0
29/08/2025,9932,528,3381,1705,0,1361,0
29/08/2025,5510,351,2735,3413,0,2186,0
29/08/2025,7889,686,1998,3264,0,2510,0
29/08/2025,5791,520,2138,3855,0,1092,0
29/08/2025,9489,629,3023,2505,0,1949,0
29/08/2025,7454,586,2982,3870,0,1088,0
29/08/2025,7896,676,2820,3827,0,2711,0
30/08/2025,9991,483,2357,2347,0,1886,0
30/08/2025,8631,391,1812,3955,0,1625,0
30/08/2025,8843,370,1518,1325,0,2292,0
30/08/2025,9780,681,3099,2523,0,1627,0
30/08/2025,5684,443,3185,2650,0,1482,0
30/08/2025,9146,575,1537,1361,0,1940,0
30/08/2025,5178,478,1477,3216,0,2154,0
30/08/2025,7361,556,1224,3590,0,1951,0
30/08/2025,7808,473,1729,1876,0,2791,0
30/08/2025,9340,568,1764,2078,0,1587,0
30/08/2025,9547,313,1187,2162,0,2251,0
30/08/2025,9970,385,1234,3825,0,1679,0
30/08/2025,6544,647,3984,3481,0,1809,0
30/08/2025,5854,683,2720,2945,0,2450,0
30/08/2025,8661,498,2802,1455,0,1358,0
31/08/2025,6021,478,1289,1987,0,2311,0
31/08/2025,6959,392,2059,3942,0,1391,0
31/08/2025,6063,308,1833,3063,0,2703,0
31/08/2025,5912,639,1671,2623,0,1751,0
31/08/2025,8470,689,3013,2349,0,1636,0
31/08/2025,5190,314,2855,1329,0,1147,0
31/08/2025,5656,535,1751,3348,0,2711,0
31/08/2025,9880,357,3672,1010,0,1980,0
31/08/2025,9532,387,1921,3714,0,2932,0
31/08/2025,7866,413,2375,3373,0,2671,0
31/08/2025,8812,504,2523,2868,0,1949,0
31/08/2025,7646,371,2800,1629,0,1424,0
31/08/2025,6928,635,1033,3493,0,1099,0
31/08/2025,7868,507,3756,2489,0,2185,0
01/09/2025,7758,653,1170,1304,0,2014,0
01/09/2025,6195,530,3310,1159,0,2034,0
01/09/2025,6127,341,2596,3874,0,2256,0
01/09/2025,6612,655,2195,1177,0,2153,0
01/09/2025,9079,613,3845,3735,0,2810,0
01/09/2025,6235,401,1838,2879,0,2543,0
01/09/2025,9076,522,2123,1410,0,2290,0
01/09/2025,5017,354,1546,1877,0,1699,0
01/09/2025,8965,655,2098,3046,0,2087,0
01/09/2025,6618,421,3724,3314,0,2332,0
01/09/2025,6123,379,1520,1795,0,1302,0
01/09/2025,6940,469,1116,3063,0,1293,0
01/09/2025,5038,376,2625,3306,0,2821,0
01/09/2025,8232,535,3159,2742,0,2654,0
01/09/2025,8726,561,2111,1564,0,1307,0
02/09/2025,7658,534,3527,3644,0,1696,0
02/09/2025,9347,508,2001,3545,0,2680,0
02/09/2025,9884,312,2025,2679,0,1258,0
02/09/2025,7813,390,2137,3454,0,2972,0
02/09/2025,8103,520,2543,2214,0,1580,0
02/09/2025,7242,607,3632,2583,0,2442,0
02/09/2025,7846,356,1917,2072,0,2014,0
02/09/2025,6815,403,3944,1258,0,1178,0
02/09/2025,5420,400,2021,3096,0,1652,0
02/09/2025,9699,555,3855,1430,0,1679,0
02/09/2025,8055,567,3659,1160,0,2352,0
02/09/2025,7959,378,2224,3451,0,2651,0
02/09/2025,6675,645,3930,2110,0,2051,0
02/09/2025,9284,614,2373,1763,0,2431,0
02/09/2025,6721,618,1343,3688,0,1528,0
03/09/2025,9555,588,3867,2765,0,2914,0
03/09/2025,7065,632,3024,2139,0,1698,0
03/09/2025,9235,394,2566,1684,0,1610,0
03/09/2025,6867,617,3578,1770,0,1094,0
03/09/2025,8885,601,1232,2290,0,2199,0
03/09/2025,8205,346,1593,3001,0,1432,0
03/09/2025,5684,389,3213,2296,0,1014,0
03/09/2025,7864,413,3305,3047,0,1930,0
03/09/2025,5458,681,1556,2177,0,1714,0
03/09/2025,6907,363,2217,2175,0,1812,0
03/09/2025,5782,654,2191,3869,0,1169,0
03/09/2025,5791,388,1918,3118,0,2278,0
03/09/2025,9688,586,2753,3165,0,2462,0
03/09/2025,7426,383,1824,1805,0,2734,0
03/09/2025,9824,687,3629,1230,0,1710,0
04/09/2025,9272,429,1702,2733,0,2659,0
04/09/2025,6807,371,3969,1856,0,1839,0
04/09/2025,9510,352,3247,3194,0,1185,0
04/09/2025,7535,687,3666,1831,0,2796,0
04/09/2025,8127,400,1584,2899,0,1305,0
04/09/2025,5488,321,3455,3407,0,1081,0
04/09/2025,6245,564,1541,3392,0,2791,0
04/09/2025,6722,664,2944,3288,0,2582,0
04/09/2025,6306,657,1171,3006,0,1135,0
04/09/2025,8402,493,2695,1452,0,2886,0
04/09/2025,7853,535,2572,1743,0,2504,0
04/09/2025,6476,662,3111,3844,0,2088,0
04/09/2025,5166,589,1963,3925,0,2212,0
04/09/2025,6031,301,2563,2741,0,2767,0
04/09/2025,6714,524,1120,2636,0,1975,0
05/09/2025,5148,610,1370,3879,0,1546,0
05/09/2025,5130,606,1489,2834,0,1869,0
05/09/2025,5386,358,2047,1675,0,2370,0
05/09/2025,5359,521,2186,1124,0,1768,0
05/09/2025,5442,461,3956,2032,0,2263,0
05/09/2025,6666,616,1269,1635,0,1140,0
05/09/2025,6848,684,2939,2748,0,1450,0
05/09/2025,5958,646,2186,3822,0,2496,0
05/09/2025,7975,565,3225,3032,0,1118,0
05/09/2025,9313,613,2966,3340,0,1096,0
05/09/2025,5408,535,1398,1204,0,1218,0
05/09/2025,5953,373,3531,1821,0,2008,0
05/09/2025,7373,631,1973,1374,0,1462,0
05/09/2025,6759,325,1867,3506,0,2797,0
05/09/2025,9411,322,2318,3743,0,2901,0
06/09/2025,7270,410,2959,1133,0,1781,0
06/09/2025,6393,689,1218,2331,0,1492,0
06/09/2025,6487,576,1306,3587,0,1413,0
06/09/2025,7063,470,1220,2854,0,1849,0
06/09/2025,6385,527,2385,1780,0,1708,0
06/09/2025,9962,681,1681,1063,0,1103,0
06/09/2025,6592,633,1497,1089,0,1811,0
06/09/2025,9900,689,3975,1670,0,1710,0
06/09/2025,6711,660,1429,1337,0,1044,0
06/09/2025,5208,518,2286,2767,0,1265,0
06/09/2025,5476,422,2126,3162,0,1323,0
06/09/2025,5711,369,2181,3630,0,2102,0
06/09/2025,5022,387,1279,2322,0,2843,0
06/09/2025,6729,334,2045,1067,0,1751,0
06/09/2025,6542,553,3901,3683,0,1127,0
07/09/2025,8013,509,1554,3070,0,1185,0
07/09/2025,5160,304,2620,2645,0,2767,0
07/09/2025,7045,390,2845,2729,0,1798,0
07/09/2025,5248,687,1824,3819,0,2640,0
07/09/2025,8095,437,3207,3985,0,2658,0
07/09/2025,5457,463,3904,2631,0,1025,0
07/09/2025,7025,452,2851,2582,0,1128,0
07/09/2025,7183,444,1752,2554,0,1958,0
07/09/2025,6794,422,1055,1821,0,1895,0
07/09/2025,9189,653,3086,2903,0,2829,0
07/09/2025,7733,422,2724,1017,0,1797,0
07/09/2025,7823,619,3223,3913,0,1102,0
07/09/2025,9726,411,2618,2346,0,2207,0
08/09/2025,7220,411,1105,3552,0,1239,0
08/09/2025,5139,439,2445,2353,0,1483,0
08/09/2025,7476,369,1402,1390,0,2539,0
08/09/2025,7617,575,2044,3234,0,1557,0
08/09/2025,6581,324,3462,3652,0,2216,0
08/09/2025,9897,340,3436,3443,0,1147,0
08/09/2025,7527,699,3179,3547,0,1482,0
08/09/2025,7908,528,2169,1074,0,2181,0
08/09/2025,9323,566,3232,2228,0,2892,0
08/09/2025,8597,617,1903,1876,0,1995,0
08/09/2025,7865,596,1825,3233,0,1138,0
08/09/2025,8185,385,2882,3229,0,1037,0
08/09/2025,7009,339,3730,3039,0,1963,0
08/09/2025,5016,476,1152,3253,0,1051,0
09/09/2025,9036,609,3031,3038,0,2979,0
09/09/2025,5308,604,1878,2717,0,1530,0
09/09/2025,9760,303,2015,2640,0,1027,0
09/09/2025,9985,308,1263,3563,0,1601,0
09/09/2025,8934,653,1139,2322,0,2247,0
09/09/2025,7012,666,2278,3801,0,2693,0
09/09/2025,9371,677,2195,3009,0,1720,0
09/09/2025,7642,377,2886,3542,0,2589,0
09/09/2025,8306,517,2203,3166,0,2304,0
09/09/2025,9942,398,2721,1045,0,1956,0
09/09/2025,6472,543,1150,1878,0,1850,0
09/09/2025,5113,312,1979,3574,0,2371,0
09/09/2025,5132,485,1382,2779,0,2084,0
09/09/2025,5805,634,3890,3652,0,2270,0
10/09/2025,6833,346,2944,1431,0,1992,0
10/09/2025,9104,417,1679,1717,0,1842,0
10/09/2025,6012,470,1169,1031,0,2531,0
10/09/2025,5776,461,2649,1202,0,1399,0
10/09/2025,9556,579,3646,1381,0,2466,0
10/09/2025,9476,350,2126,3696,0,1975,0
10/09/2025,6150,432,2928,3007,0,2621,0
10/09/2025,9242,415,1948,1126,0,2476,0
10/09/2025,8986,631,2408,1504,0,2705,0
10/09/2025,5882,450,1547,2927,0,1069,0
10/09/2025,9901,430,1096,2063,0,2842,0
10/09/2025,5312,338,3687,3531,0,1660,0
10/09/2025,6884,415,2890,3547,0,1547,0
10/09/2025,6262,529,1881,1507,0,1438,0
11/09/2025,9968,385,2373,3794,0,2782,0
11/09/2025,5650,396,3190,1486,0,2769,0
11/09/2025,5156,350,3494,3416,0,2398,0
11/09/2025,7277,685,3422,1458,0,2295,0
11/09/2025,9018,424,1838,3989,0,1368,0
11/09/2025,7690,543,2049,3607,0,2792,0
11/09/2025,9751,625,1949,2946,0,2591,0
11/09/2025,8722,608,2629,1325,0,2359,0
11/09/2025,8811,514,3932,2438,0,2446,0
11/09/2025,7861,644,3952,1678,0,1339,0
11/09/2025,5841,419,1411,3418,0,1179,0
11/09/2025,9365,307,3886,3459,0,2172,0
11/09/2025,7198,555,3072,1680,0,2990,0
11/09/2025,8910,519,1686,1980,0,1467,0
11/09/2025,7688,667,2608,1688,0,1147,0
12/09/2025,5175,302,1455,2637,0,1063,0
12/09/2025,6007,613,2303,2431,0,2716,0
12/09/2025,8333,603,3501,2815,0,1359,0
12/09/2025,9500,592,1757,3558,0,2803,0
12/09/2025,9931,578,3689,2719,0,1264,0
12/09/2025,9781,623,3569,2469,0,2137,0
12/09/2025,7632,346,1411,1343,0,2185,0
12/09/2025,5317,526,3109,2400,0,2629,0
12/09/2025,9564,472,2650,2371,0,2816,0
12/09/2025,7510,425,2143,3663,0,1601,0
12/09/2025,5095,684,1964,2613,0,1543,0
12/09/2025,6971,496,3854,2649,0,2369,0
12/09/2025,8230,643,2061,1833,0,2364,0
12/09/2025,8189,406,1050,2979,0,2371,0
12/09/2025,5085,691,1554,1057,0,2757,0
13/09/2025,9520,644,3571,2861,0,1452,0
13/09/2025,7574,517,2334,3592,0,1011,0
13/09/2025,5407,368,1157,1972,0,2360,0
13/09/2025,6917,387,1639,1742,0,2148,0
13/09/2025,7611,370,3354,1303,0,2128,0
13/09/2025,9293,396,1683,1080,0,1791,0
13/09/2025,6112,589,3146,3257,0,1468,0
13/09/2025,5276,399,1736,3573,0,2539,0
13/09/2025,8538,624,3209,2057,0,1354,0
13/09/2025,5167,452,1830,3495,0,1947,0
13/09/2025,8464,570,2433,2881,0,2202,0
13/09/2025,5315,572,3897,3341,0,2935,0
13/09/2025,8824,440,2222,1863,0,1864,0
13/09/2025,5382,465,1271,3679,0,1399,0
13/09/2025,9299,464,3468,1329,0,2188,0
14/09/2025,6077,648,3561,2740,0,1642,0
14/09/2025,7100,322,1878,2974,0,2090,0
14/09/2025,8702,442,2973,1824,0,2535,0
14/09/2025,7422,587,2407,2770,0,2362,0
14/09/2025,8305,426,1449,2352,0,2746,0
14/09/2025,7314,449,2606,1555,0,1846,0
14/09/2025,8253,652,1555,3177,0,2225,0
14/09/2025,5927,689,1117,1778,0,1561,0
14/09/2025,9154,474,2572,3428,0,1464,0
14/09/2025,7005,670,1639,2321,0,1543,0
14/09/2025,8309,693,3185,2992,0,1390,0
14/09/2025,7848,398,3625,1342,0,1274,0
14/09/2025,6587,540,2271,2043,0,2932,0
15/09/2025,9845,679,2772,2357,0,2801,0
15/09/2025,7350,433,1847,3293,0,2927,0
15/09/2025,9905,484,1349,2792,0,1995,0
15/09/2025,7151,448,3964,1994,0,1200,0
15/09/2025,8881,385,1932,1011,0,2597,0
15/09/2025,8069,431,3167,3036,0,1566,0
15/09/2025,5785,417,1158,3286,0,2235,0
15/09/2025,5354,422,1320,2180,0,1834,0
15/09/2025,6805,336,3629,2029,0,2215,0
15/09/2025,5825,375,3303,2651,0,2607,0
15/09/2025,9026,642,3937,3574,0,1445,0
15/09/2025,8331,414,2053,3624,0,2491,0
15/09/2025,6150,327,3516,3930,0,2464,0
15/09/2025,9752,310,3712,2462,0,2698,0
15/09/2025,9087,476,1443,2572,0,2927,0
16/09/2025,8793,392,1410,2999,0,1647,0
16/09/2025,5579,336,2575,1266,0,1692,0
16/09/2025,7892,536,1425,1848,0,1272,0
16/09/2025,9958,380,3812,3228,0,1356,0
16/09/2025,8869,395,2864,1712,0,1709,0
16/09/2025,6883,625,1303,3878,0,1514,0
16/09/2025,9580,385,2614,1558,0,2702,0
16/09/2025,9176,616,2907,2538,0,1682,0
16/09/2025,9346,463,3753,3529,0,2872,0
16/09/2025,8128,492,1499,2207,0,2014,0
16/09/2025,7743,524,1337,1723,0,1363,0
16/09/2025,8522,458,1719,2251,0,1895,0
16/09/2025,8055,622,1056,1572,0,1312,0
16/09/2025,8124,494,2846,1934,0,1433,0
16/09/2025,6634,392,1538,1516,0,1627,0
17/09/2025,7529,480,2092,1023,0,2833,0
17/09/2025,6808,616,2613,3049,0,2760,0
17/09/2025,8050,473,2762,1980,0,1240,0
17/09/2025,7325,684,1767,1318,0,2205,0
17/09/2025,5415,688,3437,2063,0,1013,0
17/09/2025,9556,541,2104,1043,0,2798,0
17/09/2025,9927,400,1316,2409,0,2092,0
17/09/2025,9886,464,3118,2762,0,1393,0
17/09/2025,6066,595,3184,2810,0,2418,0
17/09/2025,9514,374,1197,3272,0,2633,0
17/09/2025,5599,554,2046,2576,0,1103,0
17/09/2025,9319,525,1533,3018,0,2555,0
17/09/2025,6655,313,3893,2750,0,2990,0
17/09/2025,8142,630,2918,1109,0,1441,0
17/09/2025,7184,690,1914,3761,0,2698,0
18/09/2025,6802,404,2761,1628,0,1556,0
18/09/2025,7428,473,3378,1904,0,1869,0
18/09/2025,7345,623,3645,1287,0,1778,0
18/09/2025,8061,668,3994,1808,0,1869,0
18/09/2025,5282,506,2883,3496,0,2195,0
18/09/2025,6934,469,2941,1118,0,1781,0
18/09/2025,8258,516,2660,1588,0,2235,0
18/09/2025,5658,670,2897,3294,0,1412,0
18/09/2025,8516,658,2935,1214,0,2190,0
18/09/2025,8664,400,2383,2162,0,2308,0
18/09/2025,7917,377,3053,2476,0,1285,0
18/09/2025,7757,531,3381,2071,0,1704,0
18/09/2025,7572,453,3039,2371,0,1151,0
18/09/2025,5007,465,3834,3840,0,2202,0
18/09/2025,5597,455,2140,2694,0,2439,0
19/09/2025,5199,673,3198,2038,0,2921,0
19/09/2025,9360,497,2780,1239,0,2898,0
19/09/2025,6673,579,3034,3118,0,1094,0
19/09/2025,8818,574,2015,2143,0,2822,0
19/09/2025,7447,543,3840,1423,0,1723,0
19/09/2025,6256,420,2808,1352,0,1081,0
19/09/2025,9842,452,3845,1266,0,1634,0
19/09/2025,5096,517,2563,2510,0,1526,0
19/09/2025,9484,373,3136,3336,0,2570,0
19/09/2025,9410,654,1521,1225,0,2896,0
19/09/2025,9167,699,1910,2499,0,1761,0
19/09/2025,6435,686,2585,3743,0,2608,0
19/09/2025,7882,511,2872,3163,0,1595,0
19/09/2025,8689,656,1749,3105,0,1110,0
19/09/2025,9764,412,1719,1174,0,2368,0
20/09/2025,8634,527,3389,2977,0,2586,0
20/09/2025,8438,389,3479,1570,0,2984,0
20/09/2025,6278,377,3085,1471,0,2497,0
20/09/2025,8643,523,1299,2837,0,1099,0
20/09/2025,9231,585,3792,2869,0,1025,0
20/09/2025,6319,669,1266,2053,0,1071,0
20/09/2025,5650,611,3543,3330,0,1413,0
20/09/2025,8537,580,3153,1834,0,2914,0
20/09/2025,6279,584,1680,2314,0,1516,0
20/09/2025,9580,510,2233,2593,0,2951,0
20/09/2025,8946,460,2038,3009,0,2179,0
20/09/2025,6678,337,3433,2194,0,2740,0
20/09/2025,8644,309,3808,1567,0,2793,0
20/09/2025,9435,531,3175,1567,0,1747,0
20/09/2025,8987,503,2131,1338,0,2164,0
21/09/2025,7378,679,1883,3740,0,2278,0
21/09/2025,7145,674,2738,2428,0,2172,0
21/09/2025,8574,683,1396,3514,0,1034,0
21/09/2025,7252,656,2481,3588,0,1233,0
21/09/2025,9887,331,3143,3896,0,1824,0
21/09/2025,7236,523,1540,3009,0,2982,0
21/09/2025,9260,528,1695,2952,0,1857,0
21/09/2025,6341,416,1999,3680,0,1078,0
21/09/2025,7471,608,1147,1570,0,2381,0
21/09/2025,7452,428,1110,2094,0,1999,0
21/09/2025,9578,422,3250,3740,0,1502,0
21/09/2025,9757,391,3633,2982,0,1234,0
21/09/2025,8381,619,2784,1390,0,2066,0
21/09/2025,9627,515,2700,3312,0,2720,0
22/09/2025,7909,649,3675,1147,0,1137,0
22/09/2025,7086,492,2504,2334,0,1604,0
22/09/2025,7211,567,2137,3870,0,1055,0
22/09/2025,8194,513,3184,1555,0,2176,0
22/09/2025,7957,425,2637,3394,0,1963,0
22/09/2025,7408,690,2219,1049,0,2072,0
22/09/2025,9701,481,1395,1103,0,2909,0
22/09/2025,6671,361,1467,3519,0,1806,0
22/09/2025,8725,466,1849,2344,0,2251,0
22/09/2025,6707,576,2692,2684,0,2878,0
22/09/2025,8339,629,3013,1489,0,2381,0
22/09/2025,6997,379,3518,3321,0,2480,0
22/09/2025,8185,507,3849,2291,0,1689,0
22/09/2025,5736,515,3732,3138,0,2128,0
22/09/2025,7359,333,3398,1557,0,2136,0
23/09/2025,6166,546,3711,1981,0,1605,0
23/09/2025,6875,313,3245,3405,0,2014,0
23/09/2025,7003,427,2279,1466,0,2051,0
23/09/2025,6876,581,1706,3596,0,2308,0
23/09/2025,7174,355,1158,3403,0,2728,0
23/09/2025,6482,351,2952,3385,0,1056,0
23/09/2025,7485,556,1959,2393,0,1882,0
23/09/2025,8882,419,3188,3505,0,1598,0
23/09/2025,9740,682,2950,2495,0,2975,0
23/09/2025,7030,586,1971,3922,0,2296,0
23/09/2025,6042,447,2676,1031,0,1518,0
23/09/2025,9697,535,1317,3104,0,2964,0
23/09/2025,8364,394,3287,3809,0,2827,0
23/09/2025,9538,501,3280,3565,0,1225,0
23/09/2025,6741,354,3999,1788,0,2302,0
24/09/2025,7723,608,3225,3263,0,2822,0
24/09/2025,9370,446,1324,1783,0,2157,0
24/09/2025,5345,309,3075,3783,0,1494,0
24/09/2025,9001,512,3651,2448,0,2089,0
24/09/2025,8354,312,2209,2805,0,1781,0
24/09/2025,9111,348,2256,3413,0,1662,0
24/09/2025,7297,331,3541,3205,0,1417,0
24/09/2025,6381,609,3327,2851,0,2957,0
24/09/2025,8657,629,2835,2737,0,1856,0
24/09/2025,5043,340,1749,3530,0,2124,0
24/09/2025,9006,375,3686,2114,0,2748,0
24/09/2025,7429,641,2569,3178,0,2907,0
24/09/2025,8879,300,2808,1769,0,2686,0
24/09/2025,8798,615,1216,1329,0,2411,0
24/09/2025,8227,676,3199,3813,0,1911,0
25/09/2025,5346,504,2305,1529,0,2863,0
25/09/2025,6858,537,1719,3544,0,2330,0
25/09/2025,9783,545,2353,2605,0,2259,0
25/09/2025,9554,594,2581,3304,0,1002,0
25/09/2025,7901,412,2383,1010,0,2872,0
25/09/2025,8858,512,1096,2030,0,1104,0
25/09/2025,8222,684,2068,2848,0,2256,0
25/09/2025,6624,495,2778,1345,0,2192,0
25/09/2025,6345,465,2800,1918,0,2571,0
25/09/2025,5244,309,2029,3399,0,1554,0
25/09/2025,5172,530,3705,1551,0,1402,0
25/09/2025,7681,543,3055,2942,0,1478,0
25/09/2025,7772,403,1881,1504,0,2736,0
25/09/2025,9972,447,1627,1843,0,2540,0
25/09/2025,7073,616,1136,3389,0,2669,0
26/09/2025,8026,686,3550,2264,0,1684,0
26/09/2025,6812,515,3970,3068,0,2833,0
26/09/2025,8743,483,2838,3232,0,1850,0
26/09/2025,6719,421,2318,1893,0,2449,0
26/09/2025,8946,456,2914,2010,0,2705,0
26/09/2025,7098,461,2822,1182,0,2795,0
26/09/2025,6650,680,2940,3474,0,1443,0
26/09/2025,7510,663,2566,1628,0,1641,0
26/09/2025,9428,532,2185,3044,0,2640,0
26/09/2025,6901,391,1670,2200,0,2438,0
26/09/2025,9252,301,1985,3037,0,2254,0
26/09/2025,6896,307,2883,2760,0,2427,0
26/09/2025,6370,466,1848,2881,0,2053,0
26/09/2025,5849,363,3303,3928,0,1916,0
26/09/2025,5719,613,3749,3400,0,2378,0
27/09/2025,6153,442,1158,2425,0,1321,0
27/09/2025,5104,618,1452,1720,0,2413,0
27/09/2025,7277,683,1687,3850,0,2187,0
27/09/2025,6999,493,1657,3694,0,2701,0
27/09/2025,6100,526,2420,2602,0,1120,0
27/09/2025,6763,675,2527,1755,0,1499,0
27/09/2025,5665,510,3340,2551,0,1345,0
27/09/2025,5317,635,3987,2653,0,2009,0
27/09/2025,6205,543,1147,3081,0,1943,0
27/09/2025,8899,381,3244,1515,0,1827,0
27/09/2025,8848,641,3239,1656,0,2829,0
27/09/2025,6399,614,1736,2146,0,2575,0
27/09/2025,5661,517,3227,1529,0,2657,0
27/09/2025,5496,501,3907,1857,0,1417,0
27/09/2025,6163,338,2626,1339,0,2192,0
28/09/2025,7963,661,2534,2533,0,1073,0
28/09/2025,9084,343,3075,2323,0,1084,0
28/09/2025,5247,696,2168,3255,0,1069,0
28/09/2025,6686,500,3366,1307,0,2761,0
28/09/2025,8033,469,1455,3548,0,2609,0
28/09/2025,5052,508,2759,1285,0,2455,0
28/09/2025,5838,447,1357,2033,0,1206,0
28/09/2025,5137,475,1314,2957,0,2667,0
28/09/2025,6511,371,2971,2109,0,1039,0
28/09/2025,8856,632,1380,2676,0,1048,0
28/09/2025,8493,474,2455,3078,0,2910,0
28/09/2025,8569,610,2082,3609,0,2231,0
28/09/2025,7671,512,3134,3174,0,2999,0
29/09/2025,9115,311,2080,3664,0,2908,0
29/09/2025,9946,600,2403,1752,0,1926,0
29/09/2025,9062,586,2316,2526,0,1431,0
29/09/2025,6275,699,1937,3072,0,1044,0
29/09/2025,6517,674,2867,1643,0,2097,0
29/09/2025,7952,413,1436,3865,0,1902,0
29/09/2025,9349,677,3601,3868,0,1591,0
29/09/2025,9376,328,3853,2974,0,2926,0
29/09/2025,8196,320,3548,1672,0,2911,0
29/09/2025,7744,507,3197,3223,0,2171,0
29/09/2025,5722,482,3781,2064,0,1156,0
29/09/2025,5443,690,2548,3441,0,1286,0
29/09/2025,7350,350,1690,2981,0,1646,0
29/09/2025,6755,313,1174,3802,0,1506,0
29/09/2025,5182,664,1728,2748,0,2825,0
30/09/2025,6019,521,2838,3543,0,1656,0
30/09/2025,8405,349,1403,1597,0,1341,0
30/09/2025,7993,506,2517,2934,0,1940,0
30/09/2025,8392,430,3810,1610,0,2196,0
30/09/2025,6837,402,1153,3098,0,2816,0
30/09/2025,6919,396,2525,1403,0,2501,0
30/09/2025,8642,392,3806,2051,0,1221,0
30/09/2025,9629,511,3100,1730,0,2367,0
30/09/2025,7019,556,2800,1664,0,1211,0
30/09/2025,8862,488,3821,3601,0,1715,0
30/09/2025,5573,509,1910,3020,0,2040,0
30/09/2025,7938,420,1468,2803,0,2845,0
30/09/2025,5811,666,1787,1102,0,1864,0
30/09/2025,9459,484,2558,1581,0,1060,0
30/09/2025,9918,655,1253,1540,0,2446,0
01/10/2025,8119,370,3185,3497,0,2655,0
01/10/2025,5301,606,1180,1128,0,2579,0
01/10/2025,6042,523,2135,1042,0,2868,0
01/10/2025,8627,330,1598,1932,0,1935,0
01/10/2025,9852,345,2731,2316,0,2309,0
01/10/2025,8352,580,3647,1388,0,2067,0
01/10/2025,8632,678,3275,3196,0,2879,0
01/10/2025,8627,427,2198,3466,0,1431,0
01/10/2025,7205,524,3596,1389,0,1638,0
01/10/2025,6570,409,2815,2399,0,1797,0
01/10/2025,7252,552,3326,1406,0,2372,0
01/10/2025,10000,670,2054,3505,0,1015,0
01/10/2025,5513,559,3024,2596,0,2601,0
01/10/2025,7961,666,2443,1711,0,1320,0
01/10/2025,8148,654,3543,2236,0,1325,0
02/10/2025,9627,401,3768,1120,0,2163,0
02/10/2025,5638,324,1476,3967,0,1813,0
02/10/2025,7911,620,2796,2186,0,2887,0
02/10/2025,8854,689,3026,1048,0,1238,0
02/10/2025,6903,695,3117,1244,0,1039,0
02/10/2025,6697,672,1910,3776,0,2605,0
02/10/2025,6426,463,1504,1973,0,2534,0
02/10/2025,6309,479,2478,3279,0,1910,0
02/10/2025,7088,336,1638,1074,0,2632,0
02/10/2025,7788,683,1706,3576,0,2512,0
02/10/2025,6652,368,3646,2104,0,1592,0
02/10/2025,8769,325,2838,1583,0,1575,0
02/10/2025,9653,378,1706,1283,0,1013,0
02/10/2025,9001,364,1470,3308,0,2982,0
02/10/2025,9000,317,1471,2264,0,1682,0
03/10/2025,6180,397,3990,3633,0,2274,0
03/10/2025,9045,360,2206,3171,0,1261,0
03/10/2025,8787,464,1936,2946,0,1979,0
03/10/2025,8068,355,1624,1799,0,2791,0
03/10/2025,5530,525,3119,2897,0,1097,0
03/10/2025,7341,301,1647,1826,0,2131,0
03/10/2025,5218,388,3418,3273,0,1154,0
03/10/2025,5174,386,1273,1188,0,1859,0
03/10/2025,5898,440,1420,2372,0,2928,0
03/10/2025,6144,339,1910,3097,0,1806,0
03/10/2025,7944,380,3017,1896,0,2773,0
03/10/2025,6241,517,2813,1363,0,2769,0
03/10/2025,8699,631,2342,2771,0,2244,0
03/10/2025,7499,310,3625,3461,0,1295,0
03/10/2025,9686,653,2384,2152,0,1295,0
04/10/2025,6070,442,2839,1646,0,1885,0
04/10/2025,7591,427,1538,1592,0,1498,0
04/10/2025,5604,368,1498,1218,0,1302,0
04/10/2025,6917,382,3353,1287,0,2382,0
04/10/2025,9111,423,1005,2884,0,2895,0
04/10/2025,9881,493,2531,3908,0,2917,0
04/10/2025,7097,409,2577,1130,0,1561,0
04/10/2025,6602,583,1423,1831,0,2062,0
04/10/2025,8891,455,1823,2204,0,2198,0
04/10/2025,7932,443,2258,1671,0,1935,0
04/10/2025,6996,667,1246,1534,0,2896,0
04/10/2025,6377,398,3426,1234,0,2881,0
04/10/2025,6083,699,2746,3011,0,1451,0
04/10/2025,8648,460,2229,3755,0,1087,0
04/10/2025,5255,449,2299,2728,0,1066,0
05/10/2025,6937,426,2130,2197,0,2278,0
05/10/2025,7313,404,2519,2537,0,2781,0
05/10/2025,7087,608,1015,1017,0,2205,0
05/10/2025,9380,329,3715,1560,0,1782,0
05/10/2025,6734,675,3796,2224,0,2274,0
05/10/2025,9777,527,1963,3197,0,2769,0
05/10/2025,6479,364,2745,2646,0,2079,0
05/10/2025,8292,475,3995,2637,0,2632,0
05/10/2025,5989,692,2841,3656,0,2319,0
05/10/2025,8931,352,1703,1024,0,2350,0
05/10/2025,7984,450,3729,3895,0,1910,0
05/10/2025,6438,588,1526,2876,0,1028,0
05/10/2025,7009,509,2769,1782,0,1303,0
06/10/2025,7399,637,1932,2878,0,1248,0
06/10/2025,5133,602,3347,3905,0,2422,0
06/10/2025,5921,385,3167,1340,0,2795,0
06/10/2025,9102,401,1739,3367,0,2666,0
06/10/2025,5165,384,3402,2754,0,1359,0
06/10/2025,8190,444,1501,2689,0,1184,0
06/10/2025,5538,573,2163,3759,0,1717,0
06/10/2025,8082,589,2170,2676,0,1014,0
06/10/2025,8976,561,3773,2902,0,2146,0
06/10/2025,6112,694,3041,2495,0,2984,0
06/10/2025,9912,439,3473,1427,0,1926,0
06/10/2025,8753,555,1969,3181,0,2488,0
06/10/2025,9189,307,2762,1900,0,1293,0
06/10/2025,6293,382,2569,2003,0,2999,0
06/10/2025,8951,528,1167,1151,0,1824,0
07/10/2025,8321,659,3979,2690,0,1713,0
07/10/2025,6143,415,2178,1307,0,2690,0
07/10/2025,5330,547,1645,3374,0,1786,0
07/10/2025,6706,366,3633,1038,0,1875,0
07/10/2025,7299,452,3843,1120,0,1575,0
07/10/2025,6642,376,2611,3429,0,1168,0
07/10/2025,5261,427,2897,2299,0,2454,0
07/10/2025,6387,469,2424,1975,0,2930,0
07/10/2025,6307,336,1670,3323,0,2534,0
07/10/2025,7261,391,3403,1387,0,2909,0
07/10/2025,8868,425,2672,1128,0,2432,0
07/10/2025,5232,315,1697,1530,0,1706,0
07/10/2025,7497,313,2892,3949,0,2963,0
07/10/2025,5745,440,1206,2597,0,2403,0
07/10/2025,5618,381,1383,3084,0,1811,0
08/10/2025,8348,524,3791,1214,0,1602,0
08/10/2025,5491,533,3776,2733,0,1711,0
08/10/2025,6197,511,1853,2277,0,1187,0
08/10/2025,8015,626,3721,2527,0,2291,0
08/10/2025,9300,388,2743,3951,0,1072,0
08/10/2025,6169,615,1691,2665,0,1561,0
08/10/2025,7754,637,2524,1746,0,1111,0
08/10/2025,9290,400,1206,1114,0,2068,0
08/10/2025,9246,309,3720,2174,0,2786,0
08/10/2025,8582,612,2181,3947,0,1203,0
08/10/2025,8091,331,1854,1907,0,1763,0
08/10/2025,5195,326,3626,1859,0,1274,0
08/10/2025,5223,618,2739,3461,0,1286,0
08/10/2025,6690,401,3051,2197,0,1800,0
08/10/2025,5882,348,2658,2700,0,1907,0
09/10/2025,7933,428,1247,3039,0,2909,0
09/10/2025,5013,440,1493,1473,0,1638,0
09/10/2025,6941,643,2261,3502,0,2466,0
09/10/2025,9712,611,2403,1977,0,2882,0
09/10/2025,5463,500,1898,2562,0,1833,0
09/10/2025,5476,389,3342,2552,0,1792,0
09/10/2025,7874,376,3764,3539,0,2597,0
09/10/2025,8624,358,2778,2253,0,2869,0
09/10/2025,5882,603,3757,1936,0,1128,0
09/10/2025,5801,614,3597,3732,0,1325,0
09/10/2025,5146,384,1958,3415,0,2422,0
09/10/2025,6598,378,3581,2517,0,1128,0
09/10/2025,5580,620,2465,3926,0,2530,0
09/10/2025,9388,439,2348,2193,0,2715,0
09/10/2025,5896,526,1740,3519,0,2786,0
10/10/2025,7903,516,3855,2598,0,1193,0
10/10/2025,6672,545,3598,3377,0,2431,0
10/10/2025,6107,572,1063,2636,0,1583,0
10/10/2025,9865,482,1346,3308,0,1771,0
10/10/2025,6591,398,3720,2391,0,2719,0
10/10/2025,7064,600,1338,1197,0,1133,0
10/10/2025,5300,489,1791,2422,0,1594,0
10/10/2025,9205,657,2798,3520,0,1420,0
10/10/2025,8441,329,1642,1837,0,2472,0
10/10/2025,9700,677,3179,3413,0,1214,0
10/10/2025,6393,576,3169,2106,0,2830,0
10/10/2025,9437,554,2437,3820,0,1621,0
10/10/2025,9637,680,2643,2535,0,1813,0
10/10/2025,6979,577,3999,3524,0,2294,0
10/10/2025,9296,678,1041,1390,0,1766,0
11/10/2025,6796,694,2760,1221,0,2180,0
11/10/2025,6210,568,1690,2751,0,1149,0
11/10/2025,5455,507,2149,2290,0,1327,0
11/10/2025,6752,582,3235,2789,0,2567,0
11/10/2025,9473,385,1913,1245,0,2451,0
11/10/2025,8928,465,3655,1685,0,1037,0
11/10/2025,8836,537,3371,3987,0,2468,0
11/10/2025,6321,346,1822,1170,0,2947,0
11/10/2025,7292,431,1321,1528,0,1780,0
11/10/2025,9283,500,3131,1655,0,1869,0
11/10/2025,7678,506,2931,3992,0,2830,0
11/10/2025,9166,672,1541,2776,0,1910,0
11/10/2025,8233,620,3196,1197,0,1494,0
11/10/2025,6471,367,2758,3622,0,2152,0
11/10/2025,8555,672,2381,3881,0,2215,0
12/10/2025,5944,542,2629,1865,0,1881,0
12/10/2025,8442,625,1656,1794,0,1138,0
12/10/2025,6969,327,3949,1971,0,2781,0
12/10/2025,9217,435,2194,2187,0,1181,0
12/10/2025,6963,424,3916,2295,0,2168,0
12/10/2025,8252,662,2408,3902,0,1879,0
12/10/2025,7864,567,2640,2076,0,1260,0
12/10/2025,5704,375,2342,2231,0,1266,0
12/10/2025,9420,454,3768,2778,0,2188,0
12/10/2025,7450,454,1000,2811,0,1360,0
12/10/2025,7917,316,1337,2149,0,1577,0
12/10/2025,7837,645,1986,2069,0,2694,0
12/10/2025,7281,585,1918,2736,0,2352,0
13/10/2025,8878,567,3305,2695,0,1961,0
13/10/2025,6622,392,3938,2604,0,2096,0
13/10/2025,8270,462,2624,3369,0,1006,0
13/10/2025,9596,536,2934,3061,0,1763,0
13/10/2025,5716,613,2885,2536,0,1835,0
13/10/2025,9616,346,3938,3125,0,2523,0
13/10/2025,7836,550,1859,3239,0,1762,0
13/10/2025,6379,665,1827,3485,0,1817,0
13/10/2025,7132,480,1910,2816,0,1699,0
13/10/2025,6288,472,1358,2625,0,1405,0
13/10/2025,7229,444,1849,2019,0,1654,0
13/10/2025,8350,501,3480,1425,0,2462,0
13/10/2025,6839,690,3686,1381,0,2798,0
13/10/2025,8820,533,3566,1080,0,2919,0
13/10/2025,6300,412,2416,3150,0,1079,0
14/10/2025,6682,356,2667,2457,0,2824,0
14/10/2025,9155,695,2024,1162,0,1753,0
14/10/2025,5579,699,2332,2102,0,2445,0
14/10/2025,8634,532,2549,2601,0,1701,0
14/10/2025,8204,352,1817,3349,0,2693,0
14/10/2025,9835,324,2869,1303,0,1736,0
14/10/2025,6447,571,3227,3443,0,1458,0
14/10/2025,8777,325,1059,3500,0,2655,0
14/10/2025,5381,371,3624,1285,0,1363,0
14/10/2025,5022,627,1058,3279,0,2629,0
14/10/2025,8998,548,3809,3584,0,1333,0
14/10/2025,9621,333,3414,1858,0,1101,0
14/10/2025,6307,366,2324,2239,0,2287,0
14/10/2025,9399,300,2675,2597,0,1626,0
14/10/2025,9037,442,2945,1892,0,1925,0
15/10/2025,9513,547,3637,2029,0,1391,0
15/10/2025,8800,349,1425,1202,0,2510,0
15/10/2025,8633,383,1623,3832,0,2971,0
15/10/2025,7756,579,1627,3322,0,1509,0
15/10/2025,7150,575,1806,1385,0,2147,0
15/10/2025,5342,523,3347,2461,0,1133,0
15/10/2025,8277,696,1700,1282,0,2153,0
15/10/2025,7299,411,1725,2906,0,2170,0
15/10/2025,7466,445,3314,3326,0,2564,0
15/10/2025,6832,379,3629,3873,0,2747,0
15/10/2025,6880,614,2818,1510,0,2297,0
15/10/2025,5052,598,2281,3258,0,2742,0
15/10/2025,8451,669,1624,1126,0,2488,0
15/10/2025,8695,513,1864,1856,0,1261,0
15/10/2025,6611,314,2041,2846,0,2830,0
16/10/2025,5450,634,3876,2989,0,1100,0
16/10/2025,6137,359,1400,1489,0,2509,0
16/10/2025,7354,451,1751,3953,0,2014,0
16/10/2025,9324,578,2729,1192,0,2764,0
16/10/2025,7943,391,1938,2097,0,1723,0
16/10/2025,9001,489,3845,2309,0,1806,0
16/10/2025,7104,626,1700,2148,0,1431,0
16/10/2025,8837,497,2555,3448,0,1205,0
16/10/2025,8430,471,3318,2839,0,1498,0
16/10/2025,9563,333,1522,3189,0,1262,0
16/10/2025,6010,485,1193,2880,0,1283,0
16/10/2025,5526,662,3403,1079,0,2924,0
16/10/2025,9470,514,1750,3518,0,1238,0
16/10/2025,9591,461,2988,1174,0,2480,0
16/10/2025,7494,403,1125,1321,0,1270,0
17/10/2025,9332,420,1039,2381,0,2987,0
17/10/2025,7859,324,3172,3780,0,2009,0
17/10/2025,9495,676,2964,1924,0,2324,0
17/10/2025,8094,599,2830,1577,0,1562,0
17/10/2025,8372,341,2356,3790,0,2023,0
17/10/2025,6830,649,3528,3269,0,2490,0
17/10/2025,8446,409,3966,3549,0,1566,0
17/10/2025,9172,423,1899,1421,0,1897,0
17/10/2025,5461,408,2096,1566,0,2144,0
17/10/2025,7286,586,1087,2348,0,2687,0
17/10/2025,8892,660,2578,2285,0,1356,0
17/10/2025,6937,631,1079,3763,0,1262,0
17/10/2025,5702,412,1017,2663,0,2270,0
17/10/2025,6721,571,3874,2438,0,2978,0
17/10/2025,8406,629,3703,1306,0,1478,0
18/10/2025,8813,608,2392,3863,0,2013,0
18/10/2025,8544,440,3816,1081,0,2972,0
18/10/2025,5671,579,1884,3635,0,1752,0
18/10/2025,6620,585,3377,2118,0,2447,0
18/10/2025,6602,582,1651,1439,0,2698,0
18/10/2025,6270,535,2016,3323,0,2604,0
18/10/2025,5030,381,2745,3710,0,1627,0
18/10/2025,7248,559,1133,1158,0,2803,0
18/10/2025,5451,461,3851,1594,0,1581,0
18/10/2025,9893,366,2582,3550,0,2019,0
18/10/2025,9644,337,3531,3106,0,2834,0
18/10/2025,5915,678,3296,2437,0,1639,0
18/10/2025,9241,388,3331,1065,0,1240,0
18/10/2025,5527,449,1611,3328,0,2317,0
18/10/2025,5816,503,2230,2867,0,1802,0
19/10/2025,7972,417,2598,2900,0,1747,0
19/10/2025,8083,543,2046,3628,0,2964,0
19/10/2025,7787,544,3540,2427,0,2390,0
19/10/2025,6368,448,1423,3822,0,1998,0
19/10/2025,5353,352,2768,3715,0,1040,0
19/10/2025,5258,577,1356,2367,0,2777,0
19/10/2025,9614,651,1100,2722,0,1557,0
19/10/2025,6734,473,1418,1447,0,2852,0
19/10/2025,5962,698,2479,3093,0,1183,0
19/10/2025,5964,301,2494,1315,0,1180,0
19/10/2025,5692,425,3605,1106,0,1574,0
19/10/2025,7892,376,3563,3224,0,1332,0
19/10/2025,9654,323,3086,2033,0,1667,0
20/10/2025,6264,453,2251,2549,0,1686,0
20/10/2025,5667,478,3609,1426,0,1356,0
20/10/2025,8748,661,1113,3472,0,1910,0
20/10/2025,5775,520,3515,1896,0,2705,0
20/10/2025,9819,661,1656,1635,0,1481,0
20/10/2025,8346,528,1982,1852,0,2433,0
20/10/2025,9217,338,1006,2588,0,1796,0
20/10/2025,7076,458,2590,1765,0,2216,0
20/10/2025,7452,646,3685,1313,0,2198,0
20/10/2025,7441,335,3126,2503,0,2790,0
20/10/2025,9631,303,1329,1532,0,1936,0
20/10/2025,8743,475,3174,3244,0,1469,0
20/10/2025,8514,535,1535,3610,0,2130,0
20/10/2025,8980,528,1576,1600,0,2571,0
20/10/2025,9394,344,3116,1486,0,1154,0
21/10/2025,8346,385,2182,1595,0,1554,0
21/10/2025,9942,591,2219,1459,0,2932,0
21/10/2025,6531,643,3605,1462,0,1735,0
21/10/2025,5755,699,1199,3373,0,1571,0
21/10/2025,6888,483,2678,3217,0,1603,0
21/10/2025,6912,687,3570,3347,0,1780,0
21/10/2025,7790,426,2391,3656,0,2259,0
21/10/2025,5730,336,2515,1536,0,2138,0
21/10/2025,5488,527,2580,1846,0,2382,0
21/10/2025,6496,425,2253,2048,0,2951,0
21/10/2025,9551,386,3589,2025,0,2778,0
21/10/2025,5359,641,3588,2073,0,1850,0
21/10/2025,5824,586,1934,1730,0,1364,0
21/10/2025,8292,652,2071,3088,0,2264,0
21/10/2025,6166,349,2786,2011,0,2603,0
22/10/2025,7581,520,2269,2002,0,1373,0
22/10/2025,6467,381,2747,1569,0,1012,0
22/10/2025,5268,305,3999,2334,0,2713,0
22/10/2025,5428,570,3723,1472,0,2732,0
22/10/2025,7425,587,1664,2827,0,1214,0
22/10/2025,7895,489,1190,3939,0,1951,0
22/10/2025,8689,313,1770,2973,0,2184,0
22/10/2025,9561,431,1669,3351,0,2395,0
22/10/2025,7024,658,1599,2852,0,2786,0
22/10/2025,8364,537,3909,3134,0,1228,0
22/10/2025,7087,472,3560,3159,0,2312,0
22/10/2025,5389,586,1788,3542,0,2139,0
22/10/2025,9015,385,1427,1007,0,2143,0
22/10/2025,6000,576,3376,1562,0,1515,0
22/10/2025,8699,450,2360,3718,0,2892,0
23/10/2025,6389,436,2735,3088,0,1757,0
23/10/2025,5923,627,3548,1495,0,1662,0
23/10/2025,8167,502,3966,1108,0,1069,0
23/10/2025,7370,633,1509,2450,0,2806,0
23/10/2025,8979,401,3564,2546,0,2117,0
23/10/2025,9815,381,2611,3900,0,2087,0
23/10/2025,8385,419,1206,1493,0,2970,0
23/10/2025,9404,397,3311,1432,0,2508,0
23/10/2025,8513,615,3221,3194,0,2778,0
23/10/2025,5341,420,1390,2402,0,2830,0
23/10/2025,6141,365,1895,3713,0,1309,0
23/10/2025,5951,439,3342,1102,0,2636,0
23/10/2025,9668,360,3416,1611,0,2746,0
23/10/2025,9409,446,1018,2779,0,1910,0
23/10/2025,5281,622,1446,3214,0,2373,0
24/10/2025,9094,349,1555,2561,0,1403,0
24/10/2025,6593,509,1476,2764,0,2477,0
24/10/2025,5182,359,2693,2681,0,2591,0
24/10/2025,7693,316,2875,1689,0,2505,0
24/10/2025,8107,542,3763,1662,0,1241,0
24/10/2025,9959,350,3756,3742,0,2418,0
24/10/2025,8646,576,1304,2534,0,2129,0
24/10/2025,7252,687,3101,2034,0,2217,0
24/10/2025,7373,604,3470,3873,0,1634,0
24/10/2025,5043,347,2566,1466,0,2449,0
24/10/2025,7498,450,3559,2589,0,2466,0
24/10/2025,7360,588,1321,3547,0,1316,0
24/10/2025,5033,416,3531,1067,0,1329,0
24/10/2025,7507,664,2701,1209,0,2155,0
24/10/2025,9803,627,1150,1597,0,1051,0
25/10/2025,5685,328,2179,1360,0,1875,0
25/10/2025,6633,584,3716,2409,0,2625,0
25/10/2025,7090,442,3316,3431,0,2464,0
25/10/2025,5527,660,3801,3285,0,1229,0
25/10/2025,6197,504,3940,1905,0,1624,0
25/10/2025,7702,609,1258,3060,0,2229,0
25/10/2025,7111,373,1595,3794,0,1444,0
25/10/2025,5794,350,2778,3565,0,2565,0
25/10/2025,7758,418,2778,3327,0,2694,0
25/10/2025,9714,348,1179,1680,0,2865,0
25/10/2025,8958,666,2338,3903,0,1317,0
25/10/2025,8861,492,1259,3069,0,1071,0
25/10/2025,9585,672,1991,2999,0,2046,0
25/10/2025,6778,444,3393,1015,0,1969,0
25/10/2025,6024,474,2314,1986,0,1585,0
26/10/2025,8233,442,2875,1054,0,2206,0
26/10/2025,5478,577,2607,2296,0,1309,0
26/10/2025,6396,327,2842,2127,0,2593,0
26/10/2025,5518,603,3030,1701,0,1710,0
26/10/2025,6352,328,2138,2124,0,1735,0
26/10/2025,8997,495,1853,2799,0,1587,0
26/10/2025,9693,314,3240,2597,0,2916,0
26/10/2025,7638,308,3279,2411,0,2153,0
26/10/2025,5904,483,3605,2893,0,1318,0
26/10/2025,6035,665,2147,1028,0,2228,0
26/10/2025,8519,300,1935,3499,0,1368,0
26/10/2025,7418,642,2009,1154,0,1637,0
26/10/2025,7636,433,1591,2829,0,1421,0
26/10/2025,7892,500,3895,1173,0,2251,0
26/10/2025,9226,398,3119,3793,0,1470,0
27/10/2025,9173,624,2776,2918,0,2622,0
27/10/2025,8880,527,2675,1114,0,2769,0
27/10/2025,7199,484,1034,2601,0,2428,0
27/10/2025,8935,689,2664,3004,0,2655,0
27/10/2025,5207,546,3361,1512,0,2495,0
27/10/2025,9075,430,1531,1092,0,2857,0
27/10/2025,5885,413,2962,2306,0,1305,0
27/10/2025,9786,627,1973,2227,0,1233,0
27/10/2025,5715,577,2810,2050,0,2176,0
27/10/2025,9250,435,3427,1294,0,2349,0
27/10/2025,6239,360,3142,1029,0,1647,0
27/10/2025,8730,579,3824,3673,0,2212,0
27/10/2025,7282,308,1498,3296,0,1003,0
27/10/2025,7271,636,3875,2064,0,1494,0
27/10/2025,5768,515,2477,2142,0,2937,0
28/10/2025,8007,347,1320,3690,0,2803,0
28/10/2025,7416,581,3302,1567,0,1106,0
28/10/2025,7011,685,1283,3234,0,1760,0
28/10/2025,8805,309,1267,2064,0,1293,0
28/10/2025,9459,434,1038,2962,0,1651,0
28/10/2025,9194,417,2974,2337,0,1281,0
28/10/2025,9929,442,1791,2221,0,1306,0
28/10/2025,7920,352,1171,2686,0,2982,0
28/10/2025,7962,568,3003,2435,0,1912,0
28/10/2025,7110,526,3565,1715,0,1616,0
28/10/2025,5248,365,2652,2572,0,1715,0
28/10/2025,6089,467,1168,3197,0,2883,0
28/10/2025,9636,539,2866,1959,0,1577,0
28/10/2025,5870,309,1285,2012,0,1007,0
28/10/2025,9511,615,3997,2977,0,1943,0
29/10/2025,8347,405,1870,1217,0,2285,0
29/10/2025,7780,587,2152,3342,0,1511,0
29/10/2025,5564,307,1428,3161,0,1376,0
29/10/2025,9098,656,3157,1319,0,1008,0
29/10/2025,9050,477,3668,3937,0,1636,0
29/10/2025,8146,398,1346,3420,0,2314,0
29/10/2025,7194,634,3549,2965,0,1146,0
29/10/2025,9759,546,1532,1379,0,1629,0
29/10/2025,8397,531,1588,2316,0,1802,0
29/10/2025,6911,424,2929,1940,0,2115,0
29/10/2025,8479,506,1788,3122,0,1318,0
29/10/2025,9187,355,1937,3471,0,1719,0
29/10/2025,7549,420,3695,3877,0,2928,0
29/10/2025,7151,572,2431,3047,0,2706,0
29/10/2025,8951,678,1063,3278,0,2902,0
30/10/2025,5278,430,3254,2350,0,2323,0
30/10/2025,5187,656,2820,2653,0,1741,0
30/10/2025,7979,497,2708,1514,0,1552,0
30/10/2025,9372,460,2986,3582,0,1052,0
30/10/2025,5459,520,3382,2621,0,1828,0
30/10/2025,8751,343,2958,3393,0,1172,0
30/10/2025,6354,431,1818,1984,0,2931,0
30/10/2025,5904,383,1313,2572,0,2775,0
30/10/2025,5089,609,2748,1437,0,2199,0
30/10/2025,8703,574,3646,1439,0,2709,0
30/10/2025,5078,373,1265,2570,0,2892,0
30/10/2025,9359,339,3534,1968,0,1605,0
30/10/2025,6607,659,1696,2750,0,1299,0
30/10/2025,6464,448,1613,1246,0,2407,0
30/10/2025,9363,340,1585,3705,0,1892,0
31/10/2025,8671,659,1813,3458,0,1991,0
31/10/2025,7138,692,2024,3414,0,1194,0
31/10/2025,7601,674,3766,3543,0,2575,0
31/10/2025,6443,663,2790,3656,0,2257,0
31/10/2025,9906,591,1926,1750,0,1238,0
31/10/2025,5211,406,3881,3832,0,1773,0
31/10/2025,5605,375,1636,2675,0,2165,0
31/10/2025,8337,519,3813,1162,0,2653,0
31/10/2025,5492,325,3715,2428,0,2733,0
31/10/2025,9333,471,2018,1591,0,2431,0
31/10/2025,6757,449,2251,1283,0,2317,0
31/10/2025,6369,637,2470,1956,0,1011,0
31/10/2025,8881,394,3007,3325,0,2891,0
31/10/2025,6049,427,1199,3807,0,1991,0
31/10/2025,5136,497,1920,1872,0,1732,0
01/11/2025,8633,678,3361,3083,0,1276,0
01/11/2025,9215,371,3867,1071,0,2335,0
01/11/2025,5958,369,3484,3580,0,1148,0
01/11/2025,9737,519,3518,1154,0,1202,0
01/11/2025,8898,320,2140,1311,0,1844,0
01/11/2025,8680,623,1005,2014,0,2627,0
01/11/2025,7572,494,1379,2036,0,1773,0
01/11/2025,6539,680,3623,1896,0,2018,0
01/11/2025,7882,314,3941,2375,0,2581,0
01/11/2025,8379,588,3649,3327,0,2616,0
01/11/2025,9510,550,3749,2636,0,2678,0
01/11/2025,9870,315,3783,1865,0,2563,0
01/11/2025,9299,496,2313,2270,0,2731,0
01/11/2025,8660,407,1539,2709,0,2689,0
01/11/2025,5595,410,1145,2901,0,1937,0
02/11/2025,8765,525,1519,1678,0,2253,0
02/11/2025,8847,599,1049,1406,0,2479,0
02/11/2025,5826,689,2861,1818,0,2628,0
02/11/2025,9043,312,1415,3631,0,2943,0
02/11/2025,9165,391,2305,2476,0,1522,0
02/11/2025,9967,637,2915,1794,0,1504,0
02/11/2025,7952,398,1633,1824,0,1704,0
02/11/2025,8814,400,3667,1063,0,1006,0
02/11/2025,5261,366,2192,2585,0,2966,0
02/11/2025,9561,383,3650,2955,0,2622,0
02/11/2025,7926,455,3554,2354,0,1435,0
02/11/2025,8757,342,3215,3506,0,2030,0
02/11/2025,8971,462,2680,2825,0,1332,0
02/11/2025,8760,653,3317,3985,0,1462,0
02/11/2025,9813,601,3415,3624,0,2267,0
03/11/2025,7614,466,3686,3865,0,2753,0
03/11/2025,6633,352,1269,2862,0,2540,0
03/11/2025,5674,679,2414,2455,0,2600,0
03/11/2025,7330,506,1927,3996,0,2265,0
03/11/2025,6646,461,1835,1315,0,1183,0
03/11/2025,6337,479,2336,2263,0,2341,0
03/11/2025,5275,684,3394,1622,0,1816,0
03/11/2025,5125,326,2432,1941,0,2666,0
03/11/2025,9951,314,1305,1004,0,1772,0
03/11/2025,7609,425,3307,3958,0,1578,0
03/11/2025,6672,541,3169,3913,0,1079,0
03/11/2025,6110,544,2583,3181,0,2389,0
03/11/2025,8064,430,3426,1958,0,1756,0
03/11/2025,8237,400,2454,2752,0,1505,0
03/11/2025,7614,634,3844,3975,0,2655,0
04/11/2025,7970,600,3999,2062,0,2435,0
04/11/2025,8653,359,3454,3696,0,2639,0
04/11/2025,6098,526,3449,3307,0,2652,0
04/11/2025,9445,316,3755,3153,0,1820,0
04/11/2025,8670,511,2488,2339,0,2248,0
04/11/2025,9512,473,2993,1168,0,1425,0
04/11/2025,7910,347,1892,3458,0,2586,0
04/11/2025,8326,648,2202,1394,0,2794,0
04/11/2025,8196,659,3464,1042,0,1598,0
04/11/2025,8183,615,3421,3213,0,2683,0
04/11/2025,6805,397,1957,1966,0,2128,0
04/11/2025,9141,581,3739,2417,0,2389,0
04/11/2025,7662,564,2783,2001,0,2382,0
04/11/2025,6693,651,1378,3659,0,2497,0
04/11/2025,8386,301,3163,3976,0,1327,0
05/11/2025,8837,323,1106,3468,0,1437,0
05/11/2025,5674,563,1968,1177,0,2592,0
05/11/2025,9455,336,3922,2483,0,2138,0
05/11/2025,5468,524,2279,3356,0,1695,0
05/11/2025,7359,503,1544,2326,0,1521,0
05/11/2025,8341,448,3378,3129,0,2478,0
05/11/2025,5738,645,2413,2591,0,1139,0
05/11/2025,7354,446,1754,2957,0,1217,0
05/11/2025,8787,575,1985,2965,0,1900,0
05/11/2025,7572,327,3063,3921,0,1652,0
05/11/2025,6093,699,3385,2919,0,1337,0
05/11/2025,7422,360,3060,1706,0,1147,0
05/11/2025,8426,460,1535,2376,0,2813,0
05/11/2025,5032,425,3068,3631,0,1036,0
05/11/2025,8981,401,3469,3314,0,1764,0
06/11/2025,7296,502,2845,2490,0,2563,0
06/11/2025,5591,335,2542,3433,0,1819,0
06/11/2025,7624,473,1604,2933,0,2371,0
06/11/2025,7239,677,3229,1670,0,2883,0
06/11/2025,8013,650,1931,2049,0,1406,0
06/11/2025,7702,521,1026,1879,0,2989,0
06/11/2025,5670,441,2787,3743,0,2423,0
06/11/2025,6419,452,3375,3797,0,1889,0
06/11/2025,9868,636,3049,2144,0,1744,0
06/11/2025,5563,309,3214,3661,0,2549,0
06/11/2025,6692,409,3881,1212,0,1764,0
06/11/2025,6647,644,1490,2198,0,2909,0
06/11/2025,5765,376,3626,2536,0,2094,0
06/11/2025,9526,684,3472,1516,0,1261,0
06/11/2025,8459,580,3747,2325,0,2720,0
07/11/2025,7155,364,3048,1229,0,2351,0
07/11/2025,7518,646,3938,2295,0,1217,0
07/11/2025,9749,626,2513,2839,0,1826,0
07/11/2025,5143,368,2203,1280,0,1451,0
07/11/2025,9021,407,3051,2114,0,2849,0
07/11/2025,6305,656,1490,1390,0,1390,0
07/11/2025,8818,415,1493,2072,0,1761,0
07/11/2025,9963,657,2972,3827,0,1485,0
07/11/2025,5555,414,3423,1503,0,2162,0
07/11/2025,5275,654,1253,2889,0,1880,0
07/11/2025,8622,375,3075,3494,0,1902,0
07/11/2025,9874,605,1541,2662,0,2685,0
07/11/2025,8094,519,2721,3350,0,2530,0
07/11/2025,8782,574,2260,1481,0,2815,0
07/11/2025,9343,444,2911,1429,0,2400,0
08/11/2025,5525,696,2619,3644,0,1685,0
08/11/2025,9572,345,2325,3335,0,1230,0
08/11/2025,5685,581,1434,2196,0,2821,0
08/11/2025,7976,300,3113,2794,0,2851,0
08/11/2025,7469,464,2578,3366,0,1746,0
08/11/2025,6112,435,3208,1972,0,1209,0
08/11/2025,9809,485,2499,2376,0,1968,0
08/11/2025,9740,409,1443,2115,0,2107,0
08/11/2025,5924,477,1597,3052,0,1407,0
08/11/2025,6718,357,1619,1810,0,2163,0
08/11/2025,8436,314,3353,3224,0,1020,0
08/11/2025,9862,394,2769,2798,0,2492,0
08/11/2025,6370,449,2601,3239,0,2499,0
08/11/2025,7024,386,3407,1452,0,1387,0
08/11/2025,7942,687,2417,3965,0,2079,0
09/11/2025,6791,478,1216,1065,0,2649,0
09/11/2025,5792,487,2015,2226,0,1579,0
09/11/2025,5610,362,2852,1390,0,1848,0
09/11/2025,7727,451,1478,1147,0,2432,0
09/11/2025,9718,358,1123,2879,0,1458,0
09/11/2025,7346,625,3413,2931,0,2769,0
09/11/2025,8112,320,3491,1238,0,1014,0
09/11/2025,9923,391,1554,1315,0,2550,0
09/11/2025,6652,402,2527,3984,0,1752,0
09/11/2025,9894,486,3767,1386,0,2808,0
09/11/2025,5748,317,2244,1970,0,1924,0
09/11/2025,9347,478,2359,3903,0,2101,0
09/11/2025,9748,478,1486,2785,0,2311,0
09/11/2025,9413,530,3482,1782,0,1900,0
10/11/2025,5022,423,3959,1841,0,1793,0
10/11/2025,8851,635,1712,1436,0,1038,0
10/11/2025,8831,525,1241,2867,0,2332,0
10/11/2025,8693,630,1502,2194,0,1366,0
10/11/2025,6189,402,1860,3924,0,2125,0
10/11/2025,5947,474,3483,1837,0,1263,0
10/11/2025,5180,371,3417,3810,0,1590,0
10/11/2025,8339,451,1418,2507,0,1037,0
10/11/2025,6690,380,1183,2774,0,1499,0
10/11/2025,9006,452,3527,1923,0,1116,0
10/11/2025,5251,634,3168,1510,0,1613,0
10/11/2025,8688,605,1281,2882,0,2787,0
10/11/2025,7629,494,3066,1840,0,1341,0
10/11/2025,7239,508,2882,2820,0,2177,0
10/11/2025,5058,592,2339,3352,0,1210,0
11/11/2025,9512,514,2970,2446,0,2257,0
11/11/2025,8114,615,1804,2925,0,1971,0
11/11/2025,8864,360,1620,3100,0,2609,0
11/11/2025,6901,538,1888,2243,0,2210,0
11/11/2025,9633,345,3098,3184,0,2544,0
11/11/2025,9594,678,2149,2066,0,1394,0
11/11/2025,6042,425,2118,3805,0,2111,0
11/11/2025,9008,381,2272,2529,0,2478,0
11/11/2025,5709,418,3490,3257,0,2030,0
11/11/2025,5476,648,3597,1320,0,2630,0
11/11/2025,7582,334,1649,1699,0,1382,0
11/11/2025,5982,538,1393,3760,0,1007,0
11/11/2025,6166,629,1866,3219,0,1828,0
11/11/2025,5269,525,1648,2735,0,2577,0
11/11/2025,9798,486,3263,1929,0,2135,0
12/11/2025,6730,573,2937,2464,0,2019,0
12/11/2025,9908,466,1194,1278,0,1980,0
12/11/2025,7321,559,2203,3387,0,1526,0
12/11/2025,7831,324,2363,1941,0,2200,0
12/11/2025,8544,534,2377,1138,0,2317,0
12/11/2025,6775,687,3186,3157,0,2343,0
12/11/2025,9796,528,2859,1499,0,2296,0
12/11/2025,8447,374,2361,3162,0,2367,0
12/11/2025,6792,474,2321,1631,0,2935,0
12/11/2025,6268,457,1547,2207,0,2530,0
12/11/2025,6523,586,1621,1954,0,1827,0
12/11/2025,8504,540,1492,1128,0,2508,0
12/11/2025,8799,608,1350,3115,0,1561,0
12/11/2025,7341,590,2601,2456,0,1751,0
12/11/2025,8569,462,2101,1566,0,2710,0
13/11/2025,7645,305,1711,3285,0,1096,0
13/11/2025,8522,609,1696,2718,0,2198,0
13/11/2025,7371,463,2604,3844,0,2072,0
13/11/2025,5559,696,3758,2527,0,1571,0
13/11/2025,5406,429,1568,2791,0,1418,0
13/11/2025,5766,587,3075,2637,0,1888,0
13/11/2025,6935,437,1076,2018,0,2432,0
13/11/2025,8052,379,1506,3873,0,2414,0
13/11/2025,5102,360,1162,2987,0,1916,0
13/11/2025,6062,300,2980,2435,0,2628,0
13/11/2025,5493,519,3389,3884,0,1876,0
13/11/2025,7477,617,3821,3849,0,2462,0
13/11/2025,6625,355,1838,1346,0,1834,0
13/11/2025,5729,357,1506,1993,0,1273,0
13/11/2025,8904,492,1816,2878,0,2517,0
14/11/2025,9676,676,2329,2845,0,2920,0
14/11/2025,5569,442,2857,2086,0,1608,0
14/11/2025,9025,363,2232,3090,0,2104,0
14/11/2025,8888,501,1031,3636,0,2454,0
14/11/2025,7640,333,1342,2057,0,1728,0
14/11/2025,9328,586,1950,2592,0,2925,0
14/11/2025,6981,488,2271,1234,0,2025,0
14/11/2025,8261,493,3826,3807,0,2082,0
14/11/2025,9123,331,1582,2645,0,2052,0
14/11/2025,8220,543,3709,1610,0,2691,0
14/11/2025,6206,678,3289,2000,0,2380,0
14/11/2025,8226,652,3028,2561,0,1157,0
14/11/2025,8098,485,2594,1035,0,2633,0
14/11/2025,7421,541,2649,1799,0,2441,0
14/11/2025,5062,552,3431,2556,0,2204,0
15/11/2025,8802,595,3076,2366,0,1042,0
15/11/2025,9160,398,1362,1033,0,2029,0
15/11/2025,7866,305,2707,3906,0,2233,0
15/11/2025,9927,611,3026,3040,0,1475,0
15/11/2025,6677,653,3377,3759,0,1602,0
15/11/2025,7168,341,2461,2209,0,1088,0
15/11/2025,5225,606,1099,2183,0,1885,0
15/11/2025,5998,448,3471,1072,0,2823,0
15/11/2025,6679,513,1602,3066,0,2942,0
15/11/2025,8694,488,3863,3248,0,1359,0
15/11/2025,9323,397,3594,1767,0,1194,0
15/11/2025,8462,571,2986,2258,0,2593,0
15/11/2025,9037,571,2356,2226,0,1581,0
15/11/2025,9493,382,1164,1807,0,1328,0
15/11/2025,8293,398,1836,3655,0,1080,0
16/11/2025,6379,570,3146,3243,0,2843,0
16/11/2025,9494,514,2807,2265,0,2233,0
16/11/2025,5252,304,3412,2609,0,2245,0
16/11/2025,5885,533,1288,2682,0,1084,0
16/11/2025,5206,430,2066,3459,0,1883,0
16/11/2025,8384,560,2253,1495,0,1658,0
16/11/2025,5073,309,1846,3137,0,2958,0
16/11/2025,9877,360,1846,2508,0,2873,0
16/11/2025,9185,527,3883,2518,0,1822,0
16/11/2025,5269,389,3363,1656,0,2589,0
16/11/2025,7293,573,3800,1032,0,2781,0
16/11/2025,5238,522,3552,3800,0,2461,0
16/11/2025,5141,686,2043,1506,0,1105,0
16/11/2025,9617,435,1846,1201,0,2194,0
17/11/2025,6745,530,3915,1010,0,1660,0
17/11/2025,8502,447,2839,2342,0,1293,0
17/11/2025,8553,466,1758,1035,0,1100,0
17/11/2025,6822,536,3897,3917,0,1720,0
17/11/2025,9397,605,2942,2910,0,2259,0
17/11/2025,6048,364,2222,2549,0,1220,0
17/11/2025,5426,652,2011,3686,0,1585,0
17/11/2025,7792,601,3388,1090,0,2728,0
17/11/2025,5097,315,3817,3318,0,1955,0
17/11/2025,5161,324,1474,1451,0,2320,0
17/11/2025,6843,649,1570,1248,0,2835,0
17/11/2025,9245,461,1439,1137,0,1007,0
17/11/2025,6036,605,1697,2607,0,2427,0
17/11/2025,8304,580,1488,2309,0,2025,0
17/11/2025,9505,608,3277,3320,0,1228,0
18/11/2025,5390,409,2580,2125,0,1519,0
18/11/2025,5480,334,1243,3844,0,1171,0
18/11/2025,9931,550,2205,3122,0,1473,0
18/11/2025,8341,694,2488,1585,0,1948,0
18/11/2025,8276,542,1199,1755,0,2955,0
18/11/2025,7764,554,3732,2906,0,2333,0
18/11/2025,6619,394,3474,2917,0,1522,0
18/11/2025,9709,605,3476,3239,0,1968,0
18/11/2025,6730,645,1352,2268,0,2057,0
18/11/2025,8440,446,3826,3410,0,1753,0
18/11/2025,6409,362,3265,2848,0,1482,0
18/11/2025,9433,516,3060,2335,0,2188,0
18/11/2025,7623,364,2139,1805,0,2361,0
18/11/2025,8212,611,2918,2913,0,2175,0
18/11/2025,8290,399,1326,1934,0,2937,0
19/11/2025,5897,382,3499,3972,0,1277,0
19/11/2025,8257,587,3378,3379,0,1930,0
19/11/2025,6599,601,1710,2815,0,1346,0
19/11/2025,6269,663,2350,2411,0,2872,0
19/11/2025,8158,333,2102,1988,0,2548,0
19/11/2025,8551,605,2208,2318,0,2811,0
19/11/2025,8319,336,1223,3469,0,2929,0
19/11/2025,9288,462,2805,3277,0,1168,0
19/11/2025,5628,427,1318,3402,0,2305,0
19/11/2025,8501,537,2747,1893,0,2723,0
19/11/2025,5020,678,2942,2262,0,1124,0
19/11/2025,8736,433,2956,2171,0,2382,0
19/11/2025,5429,657,3018,3765,0,1667,0
19/11/2025,7416,414,2477,3462,0,2606,0
19/11/2025,6944,660,2844,2920,0,2431,0
20/11/2025,7971,686,3070,3860,0,1841,0
20/11/2025,5099,330,3929,3618,0,2512,0
20/11/2025,9540,397,3678,1812,0,1318,0
20/11/2025,5835,584,3016,1118,0,2466,0
20/11/2025,6420,647,1846,2633,0,1728,0
20/11/2025,9438,657,2894,2350,0,1112,0
20/11/2025,8608,308,3985,3139,0,1144,0
20/11/2025,6063,539,1831,3609,0,2385,0
20/11/2025,8016,657,3065,1030,0,2204,0
20/11/2025,5182,346,2871,1116,0,2295,0
20/11/2025,8387,403,3553,3890,0,2222,0
20/11/2025,6970,470,3685,2198,0,1356,0
20/11/2025,8450,680,2585,2662,0,2233,0
20/11/2025,8522,623,3938,1401,0,1657,0
20/11/2025,5351,462,2535,1149,0,2148,0
21/11/2025,9913,447,3623,3126,0,1391,0
21/11/2025,5519,562,1288,1683,0,1984,0
21/11/2025,8462,485,1839,1939,0,2669,0
21/11/2025,7530,305,1183,2020,0,1368,0
21/11/2025,8305,667,2617,2647,0,2431,0
21/11/2025,6777,411,1593,1645,0,2053,0
21/11/2025,9606,440,2537,1622,0,2231,0
21/11/2025,8865,312,2833,2945,0,1997,0
21/11/2025,9011,300,2987,2595,0,1593,0
21/11/2025,7624,649,3867,1386,0,1767,0
21/11/2025,9427,609,2195,1109,0,1158,0
21/11/2025,8929,402,1780,2942,0,1732,0
21/11/2025,6148,677,3890,1476,0,1262,0
21/11/2025,5453,425,1472,2011,0,1904,0
21/11/2025,9522,493,3659,2133,0,2900,0
22/11/2025,5358,694,1571,2306,0,2405,0
22/11/2025,6525,550,2568,3636,0,1290,0
22/11/2025,7617,613,3852,2375,0,1396,0
22/11/2025,6607,412,3656,3938,0,1428,0
22/11/2025,9069,407,1621,1096,0,1964,0
22/11/2025,5732,356,3459,3029,0,1691,0
22/11/2025,9899,579,2482,2455,0,1476,0
22/11/2025,6963,477,3433,2314,0,1299,0
22/11/2025,8941,653,1982,1038,0,1892,0
22/11/2025,7929,587,3225,2192,0,1718,0
22/11/2025,9668,345,1474,2058,0,2598,0
22/11/2025,6756,462,1124,3710,0,1894,0
22/11/2025,7820,615,1478,2505,0,2372,0
22/11/2025,9397,437,1715,2352,0,2522,0
22/11/2025,5242,308,2694,3077,0,2432,0
23/11/2025,5511,535,3941,2473,0,2828,0
23/11/2025,6346,319,3809,2733,0,2434,0
23/11/2025,7932,697,2134,2570,0,1271,0
23/11/2025,7465,698,1649,3933,0,2147,0
23/11/2025,5942,389,1826,2962,0,1827,0
23/11/2025,6200,563,1909,2421,0,1612,0
23/11/2025,6763,637,3701,2577,0,1938,0
23/11/2025,7293,550,1609,2567,0,2363,0
23/11/2025,7782,382,1707,1294,0,2044,0
23/11/2025,7405,348,1691,1848,0,2962,0
23/11/2025,8861,420,2842,3237,0,2617,0
23/11/2025,7060,685,3915,1628,0,2667,0
23/11/2025,6040,447,3110,3321,0,1691,0
23/11/2025,8246,534,2314,3429,0,2570,0
24/11/2025,6425,365,3079,2984,0,1367,0
24/11/2025,7767,559,2298,1756,0,2874,0
24/11/2025,9208,390,1698,1255,0,1831,0
24/11/2025,9187,305,3682,3204,0,1187,0
24/11/2025,7466,432,2087,1763,0,2756,0
24/11/2025,9929,637,2986,3934,0,2009,0
24/11/2025,5335,670,2884,3294,0,2916,0
24/11/2025,9537,309,2812,3852,0,1109,0
24/11/2025,9515,447,2493,2024,0,2498,0
24/11/2025,9735,628,3448,2131,0,1202,0
24/11/2025,6501,455,2270,2207,0,1978,0
24/11/2025,6652,561,1731,1425,0,2317,0
24/11/2025,7310,425,2885,1954,0,2880,0
24/11/2025,8911,377,2330,3459,0,2222,0
24/11/2025,9832,540,1102,3680,0,2971,0
25/11/2025,5440,387,2777,1546,0,1924,0
25/11/2025,8226,558,2961,2972,0,2823,0
25/11/2025,8730,637,1037,3035,0,1571,0
25/11/2025,9769,470,1448,4000,0,2895,0
25/11/2025,6003,361,1178,2015,0,2340,0
25/11/2025,7370,367,1342,3354,0,2485,0
25/11/2025,5936,360,1178,1358,0,1843,0
25/11/2025,7748,548,2558,2150,0,1757,0
25/11/2025,6771,688,3660,1147,0,1417,0
25/11/2025,8467,583,1030,1159,0,2192,0
25/11/2025,5803,417,2996,2362,0,2561,0
25/11/2025,7629,452,3831,2606,0,1368,0
25/11/2025,8413,411,2052,3385,0,2973,0
25/11/2025,9500,317,3503,1562,0,2359,0
25/11/2025,8567,600,3964,2362,0,2816,0
25/11/2025,6003,653,3212,3209,0,1667,0
26/11/2025,9447,483,1328,1881,0,2736,0
26/11/2025,6920,583,1020,1829,0,1130,0
26/11/2025,9423,429,3730,2414,0,1899,0
26/11/2025,8016,488,3351,2374,0,2160,0
26/11/2025,8647,622,2514,3138,0,1469,0
26/11/2025,9175,661,2820,3187,0,2203,0
26/11/2025,5853,608,1048,3337,0,1275,0
26/11/2025,6935,605,2980,2315,0,2197,0
26/11/2025,8198,604,1369,3833,0,1966,0
26/11/2025,9798,356,1257,2010,0,1961,0
26/11/2025,9083,459,3629,2982,0,2105,0
26/11/2025,5645,361,1461,2494,0,1779,0
26/11/2025,9123,446,2759,2025,0,1333,0
26/11/2025,8220,658,1553,1437,0,2054,0
26/11/2025,6217,675,3368,2538,0,1279,0
27/11/2025,7781,349,2257,3040,0,1131,0
27/11/2025,9920,400,2175,3632,0,2876,0
27/11/2025,5876,481,1760,2250,0,2797,0
27/11/2025,6366,400,1145,1542,0,1270,0
27/11/2025,7674,332,1212,2300,0,2841,0
27/11/2025,9549,392,2005,2491,0,1473,0
27/11/2025,8947,644,3991,2561,0,2144,0
27/11/2025,5491,475,3832,3740,0,2529,0
27/11/2025,9910,672,1112,1977,0,1203,0
27/11/2025,6853,637,1025,2001,0,1621,0
27/11/2025,9030,340,1585,3076,0,2707,0
27/11/2025,9574,342,2072,3106,0,2366,0
27/11/2025,9075,507,1590,1271,0,2722,0
27/11/2025,5775,599,3170,2126,0,2305,0
27/11/2025,7349,632,2212,2229,0,2484,0
28/11/2025,8160,699,3388,1805,0,2643,0
28/11/2025,5764,508,1091,2011,0,1246,0
28/11/2025,9765,552,2697,1255,0,1358,0
28/11/2025,9570,332,2096,1966,0,1911,0
28/11/2025,6984,532,3246,2996,0,2496,0
28/11/2025,7125,312,2316,1134,0,1351,0
28/11/2025,6629,647,3865,3542,0,2668,0
28/11/2025,5689,685,3048,2518,0,1203,0
28/11/2025,6306,561,2690,3518,0,2275,0
28/11/2025,8393,373,2687,3917,0,1464,0
28/11/2025,5998,327,3318,2279,0,1066,0
28/11/2025,6611,579,3237,3370,0,2705,0
28/11/2025,8276,379,3972,1693,0,2752,0
28/11/2025,9703,383,2600,2169,0,1479,0
29/11/2025,5743,490,1517,3663,0,2105,0
29/11/2025,8946,325,3422,3345,0,1347,0
29/11/2025,7520,643,1326,1075,0,2481,0
29/11/2025,5467,588,1802,3505,0,1890,0
29/11/2025,5511,500,2941,2568,0,1935,0
29/11/2025,7842,432,1337,1083,0,1301,0
29/11/2025,9543,333,2737,2191,0,2347,0
29/11/2025,5310,622,1524,2581,0,1297,0
29/11/2025,7151,561,2347,3252,0,1841,0
29/11/2025,9271,664,3135,2028,0,2630,0
29/11/2025,7791,438,2577,3319,0,1076,0
29/11/2025,9288,500,3040,3644,0,2161,0
29/11/2025,5491,698,3199,3301,0,1782,0
29/11/2025,6394,682,1825,3088,0,1314,0
30/11/2025,7976,637,3094,1244,0,2232,0
30/11/2025,5886,592,2386,3346,0,1388,0
30/11/2025,8160,389,2593,3366,0,1003,0
30/11/2025,5019,328,2516,3634,0,1470,0
30/11/2025,6135,642,3308,2024,0,1641,0
30/11/2025,6945,644,3621,3723,0,2846,0
30/11/2025,7472,573,1040,2646,0,2701,0
30/11/2025,7805,317,3962,2898,0,2551,0
30/11/2025,8210,567,2184,2558,0,1415,0
30/11/2025,9872,381,2602,3077,0,2077,0
30/11/2025,6771,428,1986,3931,0,2936,0
30/11/2025,8128,522,1599,2852,0,1214,0
30/11/2025,6402,669,1054,2713,0,1860,0
30/11/2025,7205,629,3306,3140,0,2568,0
01/12/2025,8435,435,2251,3213,0,1430,0
01/12/2025,5612,620,2698,3974,0,2017,0
01/12/2025,8923,644,3099,2246,0,2148,0
01/12/2025,6735,426,2622,3035,0,1535,0
01/12/2025,8375,618,3289,1536,0,1645,0
01/12/2025,6369,585,3564,2592,0,1549,0
01/12/2025,6439,592,1334,2815,0,2314,0
01/12/2025,8238,643,1225,1845,0,1985,0
01/12/2025,9309,527,2091,1401,0,1527,0
01/12/2025,6456,453,3210,3185,0,2583,0
01/12/2025,6122,406,2263,2500,0,2936,0
01/12/2025,7760,322,3315,3136,0,1786,0
01/12/2025,9414,587,2558,3914,0,2250,0
01/12/2025,8728,558,1130,1870,0,1579,0
01/12/2025,8314,499,3916,1231,0,1479,0
02/12/2025,5052,376,3651,1574,0,1353,0
02/12/2025,8554,556,2943,1840,0,2080,0
02/12/2025,5037,300,3619,3047,0,1879,0
02/12/2025,8722,379,2338,3083,0,2964,0
02/12/2025,8021,490,1789,3840,0,2521,0
02/12/2025,5388,561,2390,3902,0,2896,0
02/12/2025,9240,555,3974,2330,0,1316,0
02/12/2025,8102,514,2159,3032,0,1421,0
02/12/2025,6272,434,2567,3237,0,1459,0
02/12/2025,6883,389,3907,2286,0,1999,0
02/12/2025,6727,580,2451,3535,0,1087,0
02/12/2025,8153,617,2219,3139,0,1006,0
02/12/2025,9567,604,1367,2653,0,2868,0
02/12/2025,5588,596,3734,2924,0,1359,0
02/12/2025,5756,308,2079,1694,0,2590,0
03/12/2025,9393,548,2839,1633,0,2092,0
03/12/2025,5887,350,1133,2030,0,1072,0
03/12/2025,7467,335,1069,1920,0,1135,0
03/12/2025,6368,591,3159,2313,0,1367,0
03/12/2025,5530,572,3990,3580,0,2466,0
03/12/2025,6108,344,1097,3344,0,2553,0
03/12/2025,7015,497,2358,2793,0,2539,0
03/12/2025,9857,434,1079,3922,0,1763,0
03/12/2025,8989,343,3414,1927,0,2468,0
03/12/2025,10000,386,2690,2887,0,1493,0
03/12/2025,8443,315,3273,3804,0,2745,0
03/12/2025,5986,601,2258,2909,0,1643,0
03/12/2025,9597,556,3555,1170,0,1092,0
03/12/2025,9665,653,2462,2004,0,2549,0
03/12/2025,5364,338,3199,1491,0,2307,0
04/12/2025,7899,591,1579,3755,0,1942,0
04/12/2025,9708,433,1549,3160,0,2376,0
04/12/2025,8492,579,1876,1174,0,2699,0
04/12/2025,8654,506,1415,2144,0,2092,0
04/12/2025,6255,348,3979,1378,0,2211,0
04/12/2025,9748,519,3051,2381,0,2912,0
04/12/2025,8497,681,1771,1748,0,1856,0
04/12/2025,7975,395,2524,3532,0,1212,0
04/12/2025,7313,576,1250,1323,0,1467,0
04/12/2025,9123,319,2271,3383,0,2298,0
04/12/2025,5435,483,2285,1567,0,1298,0
04/12/2025,9501,690,3057,3033,0,2135,0
04/12/2025,9431,335,3406,3554,0,1661,0
04/12/2025,5122,332,2152,1435,0,2835,0
04/12/2025,9267,379,2188,3113,0,2372,0
05/12/2025,8501,617,2560,3270,0,1693,0
05/12/2025,9415,516,1378,2837,0,1187,0
05/12/2025,6083,609,2404,2126,0,2522,0
05/12/2025,6658,683,2503,2137,0,2138,0
05/12/2025,5375,626,2471,2898,0,1529,0
05/12/2025,9940,599,3525,1524,0,2212,0
05/12/2025,7503,387,1452,3856,0,1397,0
05/12/2025,7989,692,1394,3810,0,2652,0
05/12/2025,8976,564,3211,2799,0,1538,0
05/12/2025,6130,555,1913,3783,0,2820,0
05/12/2025,6608,419,2543,3721,0,2260,0
05/12/2025,7742,622,2238,1933,0,1008,0
05/12/2025,9490,527,1360,2597,0,1774,0
05/12/2025,6924,458,1588,3651,0,2842,0
05/12/2025,8949,337,1908,3379,0,2595,0
06/12/2025,5315,687,3200,1565,0,1275,0
06/12/2025,8551,440,2730,2812,0,2341,0
06/12/2025,6287,679,2428,1466,0,2783,0
06/12/2025,6856,610,3592,1058,0,2939,0
06/12/2025,5843,459,2639,3091,0,1058,0
06/12/2025,6166,426,2386,2082,0,1772,0
06/12/2025,6669,635,2424,2692,0,2413,0
06/12/2025,8858,594,3310,3274,0,1673,0
06/12/2025,9938,598,2517,1528,0,2056,0
06/12/2025,7259,589,1177,1445,0,2615,0
06/12/2025,8918,438,3130,1107,0,2009,0
06/12/2025,9024,372,3959,3082,0,1088,0
06/12/2025,5177,362,2126,2262,0,2429,0
06/12/2025,7891,434,1216,2267,0,2280,0
06/12/2025,7422,641,2461,1649,0,2897,0
07/12/2025,7129,541,1437,1092,0,1698,0
07/12/2025,6616,521,1525,2784,0,2059,0
07/12/2025,5179,416,2560,3269,0,2110,0
07/12/2025,5137,557,2007,1290,0,1731,0
07/12/2025,9602,469,2581,3581,0,1645,0
07/12/2025,9109,359,2983,3571,0,2140,0
07/12/2025,5365,523,2326,1471,0,2446,0
07/12/2025,6560,307,3809,2403,0,1953,0
07/12/2025,5987,431,3320,3100,0,1166,0
07/12/2025,8092,485,3101,3195,0,1758,0
07/12/2025,8241,548,2521,3760,0,2446,0
07/12/2025,8323,455,2222,3720,0,1897,0
07/12/2025,9094,509,1072,1150,0,1810,0
07/12/2025,5483,405,2328,1126,0,1194,0
07/12/2025,8086,481,2575,2201,0,2868,0
08/12/2025,8192,535,3891,1462,0,2603,0
08/12/2025,6290,543,1467,2737,0,1368,0
08/12/2025,9505,634,3631,3307,0,1672,0
08/12/2025,9574,558,3010,3548,0,1578,0
08/12/2025,9938,397,3270,3083,0,2800,0
08/12/2025,7270,483,3490,3285,0,1439,0
08/12/2025,5049,637,1495,1148,0,1366,0
08/12/2025,7854,459,3050,2520,0,1989,0
08/12/2025,9694,405,1875,1207,0,2357,0
08/12/2025,7206,546,3382,3427,0,2410,0
08/12/2025,7568,569,1605,1050,0,1926,0
08/12/2025,7442,532,3470,1050,0,2201,0
08/12/2025,8960,507,2689,1873,0,1896,0
08/12/2025,6225,648,2673,2571,0,2592,0
08/12/2025,7772,322,1613,1961,0,1281,0
09/12/2025,6600,454,1374,3161,0,1727,0
09/12/2025,7836,456,2068,2165,0,2175,0
09/12/2025,5920,334,1368,2725,0,2422,0
09/12/2025,5967,419,3558,2657,0,1459,0
09/12/2025,8487,504,1099,1004,0,1467,0
09/12/2025,5397,316,1160,1490,0,1022,0
09/12/2025,8342,700,2966,3727,0,2890,0
09/12/2025,8369,416,1979,2142,0,2101,0
09/12/2025,6573,657,1847,1457,0,1303,0
09/12/2025,9482,583,1760,3096,0,1553,0
09/12/2025,7775,454,1368,1733,0,2125,0
09/12/2025,5773,403,1800,1982,0,2955,0
09/12/2025,9040,700,2126,1370,0,1609,0
09/12/2025,6583,309,3073,2290,0,2701,0
09/12/2025,6951,547,3848,3254,0,1126,0
10/12/2025,5693,557,3974,3991,0,1245,0
10/12/2025,8042,490,1760,1571,0,1943,0
10/12/2025,9726,651,2578,3811,0,2596,0
10/12/2025,9422,443,2683,1497,0,2799,0
10/12/2025,6264,432,1551,2693,0,1060,0
10/12/2025,5823,678,1883,2022,0,1992,0
10/12/2025,9827,566,3285,3016,0,2984,0
10/12/2025,9801,438,2038,3816,0,2238,0
10/12/2025,9759,419,3076,2179,0,2699,0
10/12/2025,6126,512,2357,2020,0,1544,0
10/12/2025,8592,317,3211,3922,0,1561,0
10/12/2025,7617,357,3230,3021,0,2499,0
10/12/2025,8056,519,1414,3975,0,2057,0
10/12/2025,5249,550,2023,2969,0,1320,0
10/12/2025,7126,628,1559,3409,0,2569,0
11/12/2025,5463,657,2576,3523,0,2759,0
11/12/2025,5727,681,2749,3448,0,2114,0
11/12/2025,5428,386,2685,1238,0,1101,0
11/12/2025,7541,693,3597,1091,0,2596,0
11/12/2025,9528,592,1422,1865,0,1173,0
11/12/2025,9154,569,2928,2929,0,2982,0
11/12/2025,7740,638,2889,1659,0,2031,0
11/12/2025,6728,497,3474,3389,0,1272,0
11/12/2025,6901,380,3500,2806,0,1699,0
11/12/2025,9385,408,2214,2701,0,2820,0
11/12/2025,8745,592,1439,1730,0,1826,0
11/12/2025,5840,654,1393,1330,0,2644,0
11/12/2025,7559,598,2557,2493,0,1208,0
11/12/2025,7637,630,1015,2760,0,2012,0
11/12/2025,9037,683,3005,3988,0,1991,0
12/12/2025,7839,625,3546,1196,0,1063,0
12/12/2025,6879,378,2622,2872,0,2096,0
12/12/2025,5757,390,3612,3173,0,2910,0
12/12/2025,9997,553,1442,2002,0,2821,0
12/12/2025,8044,354,1690,2169,0,1185,0
12/12/2025,7855,448,2568,3980,0,2139,0
12/12/2025,5049,381,1724,1398,0,2491,0
12/12/2025,5335,546,1553,2448,0,1160,0
12/12/2025,5906,351,3949,2119,0,2912,0
12/12/2025,6649,481,2407,3756,0,1266,0
12/12/2025,8777,480,3710,2702,0,2019,0
12/12/2025,7543,515,2134,3548,0,1883,0
12/12/2025,5774,353,3064,3621,0,1893,0
12/12/2025,8628,654,1105,1488,0,1292,0
12/12/2025,7998,674,3644,3391,0,2207,0
13/12/2025,5041,333,2282,3738,0,2172,0
13/12/2025,8828,608,1489,2904,0,1853,0
13/12/2025,8352,391,2693,2471,0,1754,0
13/12/2025,9360,552,3924,2238,0,2896,0
13/12/2025,6347,668,3817,2151,0,1340,0
13/12/2025,6934,674,1094,3971,0,2764,0
13/12/2025,5131,636,2276,2588,0,2299,0
13/12/2025,7726,418,2231,3152,0,2380,0
13/12/2025,5415,582,1332,1901,0,1650,0
13/12/2025,5708,558,3154,1762,0,2747,0
13/12/2025,9333,330,2487,2153,0,1048,0
13/12/2025,5426,331,3718,2414,0,2329,0
13/12/2025,6750,424,2976,3391,0,2743,0
13/12/2025,5253,347,2597,1985,0,2632,0
13/12/2025,9707,389,2477,1000,0,1868,0
14/12/2025,8139,648,1798,1339,0,1404,0
14/12/2025,9825,359,3837,1389,0,2003,0
14/12/2025,5903,381,3623,3037,0,2405,0
14/12/2025,8106,351,2434,1536,0,1809,0
14/12/2025,8596,536,3377,2474,0,2365,0
14/12/2025,7820,518,3844,2522,0,1176,0
14/12/2025,6273,373,3980,3011,0,1106,0
14/12/2025,8367,564,1844,2222,0,2908,0
14/12/2025,6733,537,3665,1343,0,2410,0
14/12/2025,6652,600,1292,2912,0,2825,0
14/12/2025,5901,496,2313,3697,0,1551,0
14/12/2025,5621,405,2891,2979,0,1590,0
14/12/2025,6581,522,2877,2633,0,2403,0
14/12/2025,8137,417,3436,2784,0,2897,0
15/12/2025,6560,675,2345,3075,0,1004,0
15/12/2025,8011,493,3023,3830,0,1731,0
15/12/2025,5083,447,3889,3853,0,2425,0
15/12/2025,5488,592,1521,2527,0,1042,0
15/12/2025,9841,442,3022,3673,0,1601,0
15/12/2025,5147,637,3171,2913,0,2266,0
15/12/2025,8189,647,1001,1996,0,1846,0
15/12/2025,5139,558,2453,1441,0,1203,0
15/12/2025,6391,343,3741,2813,0,1346,0
15/12/2025,8188,601,1170,1822,0,1680,0
15/12/2025,8697,437,3034,2224,0,1223,0
15/12/2025,5567,404,3736,3244,0,2797,0
15/12/2025,9851,382,2200,3514,0,1179,0
15/12/2025,9578,369,2624,3399,0,2334,0
15/12/2025,5853,360,3500,3987,0,1706,0
16/12/2025,5988,342,2361,1825,0,2566,0
16/12/2025,9818,693,1948,2130,0,1072,0
16/12/2025,8345,306,1050,2624,0,1936,0
16/12/2025,7365,603,1990,2204,0,2876,0
16/12/2025,9357,560,2231,2651,0,2613,0
16/12/2025,9049,481,1390,2061,0,2741,0
16/12/2025,9206,545,1445,3078,0,1978,0
16/12/2025,7873,422,3657,1250,0,1604,0
16/12/2025,8559,690,2715,3200,0,1811,0
16/12/2025,8990,435,2489,1870,0,1039,0
16/12/2025,5148,585,1417,2704,0,1743,0
16/12/2025,9065,669,3720,3005,0,1242,0
16/12/2025,8653,632,1916,1345,0,1883,0
16/12/2025,5034,452,1506,2293,0,2108,0
16/12/2025,7816,507,1726,2497,0,2215,0
17/12/2025,7748,610,2396,2210,0,1249,0
17/12/2025,8231,378,3136,2932,0,2615,0
17/12/2025,8643,595,2484,1652,0,1122,0
17/12/2025,6355,461,1409,2955,0,1869,0
17/12/2025,5805,661,1927,2277,0,1940,0
17/12/2025,5221,541,1796,1991,0,2784,0
17/12/2025,9758,479,1393,2917,0,2972,0
17/12/2025,5627,547,1386,3037,0,2486,0
17/12/2025,6910,358,2569,2327,0,2183,0
17/12/2025,6534,544,3248,3305,0,1171,0
17/12/2025,6589,689,3521,1620,0,2933,0
17/12/2025,5832,630,2792,1151,0,2739,0
17/12/2025,8862,374,2304,2281,0,2321,0
17/12/2025,9990,400,3791,2643,0,2055,0
17/12/2025,8049,415,1686,3612,0,2952,0
18/12/2025,5893,366,3861,2438,0,1127,0
18/12/2025,5784,523,1942,3472,0,2992,0
18/12/2025,8223,644,2045,3344,0,2040,0
18/12/2025,8938,663,1510,1153,0,1455,0
18/12/2025,5748,615,3734,1038,0,2051,0
18/12/2025,8848,436,2744,3917,0,1690,0
18/12/2025,5102,606,2315,3121,0,2021,0
18/12/2025,9218,622,3053,2236,0,2519,0
18/12/2025,6738,387,3386,1438,0,1702,0
18/12/2025,7546,561,3140,3317,0,2298,0
18/12/2025,5982,499,2782,3144,0,1696,0
18/12/2025,6263,641,1011,1451,0,2427,0
18/12/2025,9050,638,3305,3441,0,2048,0
18/12/2025,7506,300,1416,3963,0,2679,0
18/12/2025,7485,659,1862,2539,0,1571,0
19/12/2025,8736,691,3540,2817,0,2034,0
19/12/2025,9002,471,2702,2088,0,2763,0
19/12/2025,8849,418,1228,3472,0,2424,0
19/12/2025,9914,435,3073,2750,0,2559,0
19/12/2025,6123,505,1060,1672,0,2101,0
19/12/2025,9045,699,1469,3528,0,1095,0
19/12/2025,8388,338,3855,3186,0,1179,0
19/12/2025,8346,499,3931,1376,0,2099,0
19/12/2025,5496,547,1676,2284,0,2384,0
19/12/2025,6390,388,2206,1582,0,2886,0
19/12/2025,6701,685,2079,3322,0,1665,0
19/12/2025,5689,308,2545,1507,0,1909,0
19/12/2025,9621,464,2267,3936,0,2709,0
19/12/2025,6291,683,1571,3170,0,1965,0
19/12/2025,8515,688,3363,3903,0,1955,0
20/12/2025,7345,615,3259,1121,0,2071,0
20/12/2025,5900,321,2128,2812,0,1999,0
20/12/2025,9185,594,2365,1893,0,1338,0
20/12/2025,8550,656,1625,1156,0,2999,0
20/12/2025,5949,544,3982,3825,0,2328,0
20/12/2025,7749,300,2920,2987,0,2596,0
20/12/2025,8896,397,1705,3863,0,1917,0
20/12/2025,9796,537,1635,1967,0,2254,0
20/12/2025,5627,428,1924,2870,0,2352,0
20/12/2025,8670,619,1073,2210,0,1991,0
20/12/2025,6261,588,1279,3883,0,2511,0
20/12/2025,5100,552,1045,2043,0,2053,0
20/12/2025,9945,570,2974,1642,0,2903,0
20/12/2025,9504,633,1394,3450,0,2016,0
20/12/2025,9101,307,2403,3847,0,2667,0
21/12/2025,5386,345,2918,2824,0,2154,0
21/12/2025,7032,431,1911,2372,0,1323,0
21/12/2025,9876,665,1763,3542,0,2966,0
21/12/2025,5418,312,1268,1145,0,1258,0
21/12/2025,5975,647,3780,2266,0,1894,0
21/12/2025,8449,686,2201,1655,0,1242,0
21/12/2025,7225,311,3927,2097,0,1874,0
21/12/2025,6579,313,3752,1385,0,1540,0
21/12/2025,9790,543,1802,1348,0,1312,0
21/12/2025,9232,458,2520,1525,0,2684,0
21/12/2025,8477,525,3110,3664,0,1721,0
21/12/2025,6755,543,2706,3840,0,2012,0
21/12/2025,6100,381,1938,1627,0,2230,0
21/12/2025,5437,700,1149,3668,0,1386,0
21/12/2025,5694,512,1999,2074,0,1533,0
22/12/2025,6687,646,1912,3061,0,1052,0
22/12/2025,9055,454,2576,1556,0,2135,0
22/12/2025,8552,363,2255,2427,0,2644,0
22/12/2025,9734,352,1924,2093,0,2294,0
22/12/2025,6267,362,2088,3310,0,1564,0
22/12/2025,9759,584,2068,1626,0,1929,0
22/12/2025,5921,526,2550,1434,0,2204,0
22/12/2025,6280,529,2552,3153,0,2050,0
22/12/2025,9335,423,1958,2539,0,2097,0
22/12/2025,5709,670,2411,1405,0,2861,0
22/12/2025,7020,642,2198,1974,0,1976,0
22/12/2025,9291,592,2031,3507,0,1892,0
22/12/2025,9024,447,1837,2698,0,1730,0
22/12/2025,6486,353,3153,3406,0,1136,0
22/12/2025,9587,530,1899,1416,0,2262,0
23/12/2025,7005,391,3499,1390,0,1504,0
23/12/2025,6715,467,1820,2475,0,1167,0
23/12/2025,7974,685,2301,2475,0,2732,0
23/12/2025,7769,501,1304,3522,0,1248,0
23/12/2025,5353,303,3321,3148,0,1771,0
23/12/2025,8043,367,3736,1666,0,2445,0
23/12/2025,6843,443,1519,2796,0,2850,0
23/12/2025,6696,666,2073,3270,0,2571,0
23/12/2025,9374,356,3680,1805,0,2363,0
23/12/2025,7686,468,3465,1991,0,2682,0
23/12/2025,8517,407,3574,1871,0,2121,0
23/12/2025,7722,337,1448,3395,0,2860,0
23/12/2025,8069,625,3249,3735,0,1663,0
23/12/2025,7749,404,1061,2269,0,2028,0
23/12/2025,8330,586,1546,2537,0,2846,0
24/12/2025,7443,672,3080,1111,0,1140,0
24/12/2025,6812,418,2802,1494,0,1509,0
24/12/2025,6910,398,3162,2985,0,2866,0
24/12/2025,7554,628,1996,2088,0,2544,0
24/12/2025,8363,369,3095,1504,0,1197,0
24/12/2025,7227,635,1064,2779,0,2278,0
24/12/2025,8661,655,3528,1632,0,2289,0
24/12/2025,8554,549,2361,2934,0,1582,0
24/12/2025,8219,642,1948,3641,0,2599,0
24/12/2025,8207,606,1366,1801,0,2680,0
24/12/2025,5334,424,2339,2322,0,1929,0
24/12/2025,5552,517,2708,3542,0,1988,0
24/12/2025,7580,471,1651,2042,0,1719,0
24/12/2025,7733,429,1929,2649,0,1512,0
24/12/2025,9132,685,1485,1953,0,2349,0
25/12/2025,8854,366,2180,1201,0,2229,0
25/12/2025,6246,312,1645,2547,0,1270,0
25/12/2025,9486,669,1238,3527,0,1922,0
25/12/2025,7964,407,3039,3383,0,2862,0
25/12/2025,5809,355,1617,1599,0,2416,0
25/12/2025,8670,302,2080,3466,0,1953,0
25/12/2025,6846,494,1627,1956,0,2843,0
25/12/2025,7026,500,1636,1883,0,2717,0
25/12/2025,5183,308,1176,1157,0,2319,0
25/12/2025,8047,385,2617,1146,0,2573,0
25/12/2025,8381,663,3871,2947,0,2439,0
25/12/2025,5133,420,3701,1551,0,1453,0
25/12/2025,5221,676,1677,3087,0,2336,0
25/12/2025,7088,353,2350,1513,0,2220,0
25/12/2025,8587,361,2976,1426,0,1125,0
26/12/2025,9475,467,3609,2570,0,1772,0
26/12/2025,9389,406,1964,1608,0,1524,0
26/12/2025,7469,640,1184,3940,0,1512,0
26/12/2025,6174,414,3501,2179,0,2762,0
26/12/2025,6689,497,3551,2945,0,2412,0
26/12/2025,5621,602,2902,3120,0,1733,0
26/12/2025,7653,630,2870,3357,0,2373,0
26/12/2025,9533,546,3082,2491,0,2325,0
26/12/2025,8997,386,1495,3480,0,2553,0
26/12/2025,8895,435,2079,1813,0,1217,0
26/12/2025,9687,387,3263,3049,0,2455,0
26/12/2025,5328,684,1148,2808,0,2644,0
26/12/2025,5117,348,2755,2482,0,1015,0
26/12/2025,6012,653,3875,2268,0,2253,0
26/12/2025,6324,398,3167,3835,0,1978,0
27/12/2025,5045,311,1597,2075,0,2997,0
27/12/2025,8453,312,2413,3693,0,1257,0
27/12/2025,9590,680,3871,2258,0,2611,0
27/12/2025,5154,386,1144,2462,0,1098,0
27/12/2025,6077,569,3418,3795,0,2155,0
27/12/2025,7853,352,1506,3944,0,2258,0
27/12/2025,5498,387,3558,1486,0,1347,0
27/12/2025,9831,512,2757,3056,0,2945,0
27/12/2025,5555,621,1241,1536,0,1502,0
27/12/2025,9741,360,2762,2072,0,2772,0
27/12/2025,5617,566,1357,3677,0,1741,0
27/12/2025,9197,615,2472,3536,0,2559,0
27/12/2025,5536,318,2986,3466,0,1793,0
27/12/2025,5146,648,1475,3773,0,2675,0
27/12/2025,9703,534,1961,2186,0,2307,0
28/12/2025,6788,542,2289,2156,0,2089,0
28/12/2025,7013,389,2095,3876,0,1206,0
28/12/2025,5696,373,1853,1586,0,1089,0
28/12/2025,9077,341,2685,3560,0,1935,0
28/12/2025,5751,391,2396,3666,0,1629,0
28/12/2025,6317,446,3177,3009,0,1597,0
28/12/2025,7357,465,3561,2012,0,2995,0
28/12/2025,6391,628,3504,2127,0,2239,0
28/12/2025,9648,519,3846,3915,0,2708,0
28/12/2025,7877,561,2101,1286,0,2792,0
28/12/2025,8387,428,2951,3591,0,2301,0
28/12/2025,5574,504,3825,2536,0,1311,0
28/12/2025,9749,306,1750,3097,0,2488,0
28/12/2025,7845,512,1398,3137,0,2096,0
28/12/2025,6564,469,1150,2534,0,1716,0
29/12/2025,6267,363,2543,2274,0,2280,0
29/12/2025,9868,461,3199,1314,0,2792,0
29/12/2025,8140,303,1413,3582,0,1311,0
29/12/2025,6815,373,1916,1899,0,2636,0
29/12/2025,8393,632,2926,3206,0,2509,0
29/12/2025,8546,456,3721,1735,0,2378,0
29/12/2025,6236,572,3676,1565,0,2054,0
29/12/2025,7614,540,2338,2438,0,2136,0
29/12/2025,8816,630,3600,3013,0,2150,0
29/12/2025,8720,445,3179,1831,0,1701,0
29/12/2025,9440,620,1888,1152,0,2990,0
29/12/2025,9898,319,1656,3206,0,2253,0
29/12/2025,6408,433,1881,3466,0,1364,0
29/12/2025,5870,586,3052,1228,0,1159,0
29/12/2025,5942,629,3485,3399,0,1856,0
30/12/2025,9073,486,1568,2373,0,1388,0
30/12/2025,9307,385,3897,1244,0,2240,0
30/12/2025,7336,412,3666,1163,0,2424,0
30/12/2025,5352,317,2158,2468,0,2292,0
30/12/2025,9748,423,2698,1942,0,1533,0
30/12/2025,5923,536,3464,3037,0,2944,0
30/12/2025,7064,361,2078,2892,0,1190,0
30/12/2025,6263,641,1648,1433,0,2116,0
30/12/2025,7123,699,3037,1044,0,1359,0
30/12/2025,7138,374,1669,2507,0,2733,0
30/12/2025,5673,471,2950,2548,0,1529,0
30/12/2025,7917,576,1788,2692,0,1373,0
30/12/2025,9995,417,1489,3216,0,2348,0
30/12/2025,7459,596,3392,3169,0,2923,0
30/12/2025,9703,584,2565,1555,0,1463,0
31/12/2025,7805,397,1356,2532,0,1507,0
31/12/2025,5330,420,1361,1190,0,1183,0
31/12/2025,5473,539,1020,2960,0,2712,0
31/12/2025,6575,530,3121,3774,0,2165,0
31/12/2025,6382,442,3664,1708,0,1450,0
31/12/2025,9998,492,1426,1727,0,2361,0
31/12/2025,8590,579,1113,2393,0,2135,0
31/12/2025,7981,646,2446,3501,0,1931,0
31/12/2025,7509,516,2955,1208,0,2589,0
31/12/2025,6576,542,2203,3067,0,2967,0
31/12/2025,8265,684,3677,1838,0,2159,0
31/12/2025,5412,414,1103,1284,0,1247,0
31/12/2025,7137,684,2152,1490,0,2895,0
31/12/2025,6418,472,2051,3422,0,1920,0
31/12/2025,5245,436,3175,1201,0,1907,0
01/01/2026,9293,319,1912,1534,0,2640,0
01/01/2026,6428,541,3856,1793,0,2091,0
01/01/2026,7454,562,1357,1111,0,2273,0
01/01/2026,7673,415,2110,1072,0,2151,0
01/01/2026,8345,685,3496,3299,0,1573,0
01/01/2026,9316,623,2389,2260,0,2448,0
01/01/2026,6106,328,1701,2305,0,1286,0
01/01/2026,6116,509,2150,2121,0,1245,0
01/01/2026,6887,304,2528,3773,0,2683,0
01/01/2026,7362,330,2969,1709,0,1815,0
01/01/2026,6247,642,1476,3398,0,2933,0
01/01/2026,8609,687,2595,2216,0,2271,0
01/01/2026,9631,424,2099,2127,0,2470,0
01/01/2026,8439,422,3343,2019,0,1892,0
01/01/2026,7823,678,1487,3919,0,1150,0
02/01/2026,9602,572,3400,1357,0,2299,0
02/01/2026,8345,518,1320,2574,0,2239,0
02/01/2026,6316,519,2861,3810,0,1174,0
02/01/2026,5803,307,3459,2548,0,1153,0
02/01/2026,7209,349,3631,1371,0,2773,0
02/01/2026,5923,553,2643,1596,0,1335,0
02/01/2026,7332,522,2605,2767,0,1802,0
02/01/2026,5279,432,3435,3308,0,2141,0
02/01/2026,7326,612,3823,2936,0,1549,0
02/01/2026,6865,606,2964,3769,0,2563,0
02/01/2026,5453,571,2294,3037,0,2706,0
02/01/2026,5905,399,3100,2985,0,2930,0
02/01/2026,9672,542,3424,3246,0,1798,0
02/01/2026,9381,582,3174,1052,0,2187,0
02/01/2026,5527,581,3859,2680,0,1303,0
03/01/2026,8525,569,3384,3384,0,2304,0
03/01/2026,8481,618,3410,1926,0,1750,0
03/01/2026,7161,448,3358,1555,0,2745,0
03/01/2026,8379,338,2596,2940,0,2809,0
03/01/2026,8522,303,3752,3423,0,2446,0
03/01/2026,5955,600,2536,2505,0,1322,0
03/01/2026,7866,587,3839,2053,0,2940,0
03/01/2026,6459,615,1615,1899,0,2423,0
03/01/2026,8049,602,2163,3388,0,2092,0
03/01/2026,7516,603,1283,3360,0,2283,0
03/01/2026,9973,522,3989,1349,0,2539,0
03/01/2026,9723,682,1669,2846,0,1960,0
03/01/2026,9347,463,3768,2483,0,1730,0
03/01/2026,5613,339,3067,2786,0,1328,0
03/01/2026,5666,598,2872,3045,0,2666,0
04/01/2026,5786,632,3476,1410,0,1831,0
04/01/2026,9130,450,3223,2130,0,1852,0
04/01/2026,9291,540,2235,1833,0,2428,0
04/01/2026,9411,406,2002,2825,0,2874,0
04/01/2026,5859,491,3053,3901,0,2718,0
04/01/2026,7171,342,1283,2900,0,2856,0
04/01/2026,8663,676,3212,1812,0,1988,0
04/01/2026,6082,374,2309,2124,0,2055,0
04/01/2026,6867,469,2546,1144,0,2201,0
04/01/2026,5484,681,1941,3595,0,2647,0
04/01/2026,8705,493,3262,1741,0,1978,0
04/01/2026,9777,568,3103,1590,0,2872,0
04/01/2026,7078,550,3589,1643,0,1216,0
04/01/2026,9938,412,2214,2584,0,2279,0
04/01/2026,5517,599,2281,1778,0,2342,0
05/01/2026,5568,379,3011,3919,0,2304,0
05/01/2026,8622,638,2220,1938,0,2019,0
05/01/2026,5435,671,1217,2802,0,2951,0
05/01/2026,6534,390,1969,3945,0,1799,0
05/01/2026,6233,594,1201,2355,0,2191,0
05/01/2026,6846,655,1367,3275,0,1366,0
05/01/2026,5442,395,1531,2300,0,2253,0
05/01/2026,7394,480,1286,1769,0,1102,0
05/01/2026,5484,687,1624,1293,0,1791,0
05/01/2026,5455,604,3154,2965,0,2111,0
05/01/2026,6808,668,2059,1998,0,2481,0
05/01/2026,7587,435,2753,1232,0,2780,0
05/01/2026,8920,545,1484,2783,0,2788,0
05/01/2026,8101,528,1771,3375,0,2650,0
05/01/2026,6958,560,2337,2818,0,2474,0
06/01/2026,9464,655,1917,2514,0,1444,0
06/01/2026,7360,365,2058,2030,0,1509,0
06/01/2026,9624,417,3119,2341,0,1213,0
06/01/2026,5908,589,3815,1939,0,2799,0
06/01/2026,5692,317,1981,2544,0,2283,0
06/01/2026,7285,482,1509,1719,0,2226,0
06/01/2026,6546,516,1317,1036,0,2199,0
06/01/2026,6206,550,2526,1646,0,2108,0
06/01/2026,6448,693,3406,1464,0,2311,0
06/01/2026,7414,440,2113,1630,0,1250,0
06/01/2026,6901,618,2717,1832,0,1721,0
06/01/2026,7398,413,2620,3790,0,1031,0
06/01/2026,5173,632,2924,1979,0,1639,0
06/01/2026,6148,668,1741,3886,0,1784,0
06/01/2026,9231,443,1682,3727,0,1662,0
07/01/2026,9782,373,3912,3076,0,1777,0
07/01/2026,7418,470,1868,3849,0,1596,0
07/01/2026,8448,347,3512,2681,0,1623,0
07/01/2026,8109,301,2086,3939,0,1113,0
07/01/2026,9244,588,3358,1440,0,2205,0
07/01/2026,6161,557,2483,1932,0,1691,0
07/01/2026,6698,457,1597,1109,0,2645,0
07/01/2026,7078,464,2918,1436,0,1633,0
07/01/2026,5701,498,1903,1104,0,2726,0
07/01/2026,9072,352,3784,2560,0,1612,0
07/01/2026,6764,592,1715,2229,0,1020,0
07/01/2026,5619,345,3393,3057,0,2596,0
07/01/2026,5081,508,3177,3168,0,1507,0
07/01/2026,7678,653,3164,3331,0,2445,0
07/01/2026,9104,571,3241,2781,0,2140,0
08/01/2026,5943,302,1407,2692,0,1470,0
08/01/2026,6324,392,3201,2736,0,2608,0
08/01/2026,5638,496,3509,2981,0,2876,0
08/01/2026,5238,331,2356,2567,0,1753,0
08/01/2026,7670,424,2113,1127,0,2881,0
08/01/2026,8385,633,2494,3285,0,2892,0
08/01/2026,6904,547,1177,1708,0,1081,0
08/01/2026,8799,486,1141,3024,0,2465,0
08/01/2026,8853,620,2458,2012,0,2226,0
08/01/2026,5049,487,2281,2260,0,2466,0
08/01/2026,5859,535,2050,1358,0,1067,0
08/01/2026,6059,424,2929,3925,0,2269,0
08/01/2026,9161,568,3992,3412,0,1131,0
08/01/2026,5046,508,1046,3504,0,2934,0
08/01/2026,6165,578,2694,2729,0,2538,0
09/01/2026,5109,633,3137,3088,0,1643,0
09/01/2026,9633,538,1929,1848,0,2436,0
09/01/2026,8659,587,3036,1014,0,1845,0
09/01/2026,5237,522,3675,3464,0,2830,0
09/01/2026,9926,450,3525,1311,0,2186,0
09/01/2026,8763,477,1866,1054,0,1255,0
09/01/2026,5514,478,1734,1009,0,2676,0
09/01/2026,6050,466,1224,3674,0,1273,0
09/01/2026,9340,543,3692,2929,0,1910,0
09/01/2026,5928,649,1817,2358,0,2974,0
09/01/2026,8962,337,3180,2085,0,1908,0
09/01/2026,9069,676,2203,3648,0,2031,0
09/01/2026,8997,659,1151,3077,0,2641,0
09/01/2026,8754,422,3729,2806,0,2871,0
09/01/2026,6005,552,3959,1114,0,1940,0
10/01/2026,7884,658,2666,2960,0,2520,0
10/01/2026,6442,543,1005,3132,0,1752,0
10/01/2026,6446,590,2070,3301,0,2824,0
10/01/2026,5020,320,2896,2710,0,1664,0
10/01/2026,5135,442,3098,2574,0,2697,0
10/01/2026,8886,600,3607,3768,0,1342,0
10/01/2026,5036,319,2201,3284,0,1633,0
10/01/2026,8320,617,3006,3089,0,1090,0
10/01/2026,9814,426,1041,2150,0,2185,0
10/01/2026,8850,614,2814,3652,0,1200,0
10/01/2026,5831,308,2463,3575,0,2027,0
10/01/2026,9070,439,2956,1008,0,2429,0
10/01/2026,9222,466,2344,1317,0,1954,0
10/01/2026,7731,469,2830,2088,0,1589,0
10/01/2026,7040,651,3546,1620,0,1717,0
11/01/2026,8357,484,2202,3674,0,1301,0
11/01/2026,8805,490,3254,2717,0,2618,0
11/01/2026,8289,434,1697,2132,0,2916,0
11/01/2026,8129,601,1818,3700,0,2324,0
11/01/2026,9308,648,2449,2588,0,1413,0
11/01/2026,8399,508,2088,3950,0,1984,0
11/01/2026,5843,671,1035,4000,0,2011,0
11/01/2026,9940,606,3096,1425,0,2113,0
11/01/2026,5229,496,3443,3031,0,1463,0
11/01/2026,5629,343,2783,1793,0,2895,0
11/01/2026,7558,447,2658,2193,0,2097,0
11/01/2026,8890,700,3981,2213,0,2300,0
11/01/2026,7865,558,1004,3756,0,2500,0
11/01/2026,9405,604,2811,3822,0,2530,0
11/01/2026,8868,347,2487,3877,0,1131,0
12/01/2026,7404,321,1582,1335,0,1969,0
12/01/2026,6486,522,1457,1022,0,2115,0
12/01/2026,5290,447,2942,1276,0,1311,0
12/01/2026,9406,587,2172,1158,0,1285,0
12/01/2026,7218,385,3353,1919,0,1315,0
12/01/2026,9727,306,1209,3409,0,2414,0
12/01/2026,5099,547,2738,3186,0,1518,0
12/01/2026,8715,347,2723,2246,0,1317,0
12/01/2026,8219,367,3918,2044,0,2784,0
12/01/2026,7848,527,3336,1715,0,1330,0
12/01/2026,5791,369,3761,1268,0,2962,0
12/01/2026,7979,596,2709,1896,0,2558,0
12/01/2026,6041,554,3814,3656,0,2350,0
12/01/2026,6357,565,2082,2525,0,2241,0
12/01/2026,9372,430,1666,2492,0,2805,0
13/01/2026,7064,412,1674,1942,0,1078,0
13/01/2026,7058,563,3193,1032,0,1176,0
13/01/2026,6759,470,2751,1261,0,2759,0
13/01/2026,5740,640,2221,2226,0,2911,0
13/01/2026,5981,402,2196,3474,0,1943,0
13/01/2026,6997,662,1732,2979,0,2696,0
13/01/2026,7503,669,2617,2860,0,2334,0
13/01/2026,9998,407,3278,3139,0,1896,0
13/01/2026,6119,536,1101,3396,0,1887,0
13/01/2026,7329,642,1948,2271,0,2975,0
13/01/2026,5711,314,1768,2305,0,1285,0
13/01/2026,5194,369,2103,1817,0,1060,0
13/01/2026,6160,486,1578,1497,0,1580,0
13/01/2026,6130,639,2515,3879,0,1983,0
13/01/2026,9833,629,3875,1036,0,2482,0
14/01/2026,9395,578,2128,2834,0,2379,0
14/01/2026,6930,442,2119,3756,0,2970,0
14/01/2026,7426,361,1085,3825,0,2557,0
14/01/2026,5354,331,1698,1581,0,2180,0
14/01/2026,5099,504,3388,1999,0,1019,0
14/01/2026,5118,330,3111,3723,0,2140,0
14/01/2026,7459,567,1414,2733,0,1450,0
14/01/2026,5124,511,1333,2861,0,1574,0
14/01/2026,5713,432,1323,2607,0,2741,0
14/01/2026,8905,681,2528,2005,0,1942,0
14/01/2026,9147,333,3009,2800,0,1561,0
14/01/2026,5319,340,3063,3732,0,1462,0
14/01/2026,8312,645,2011,3799,0,1985,0
14/01/2026,6814,515,2107,2614,0,1155,0
14/01/2026,8027,649,1093,3166,0,1898,0
15/01/2026,8835,554,1436,3847,0,2340,0
15/01/2026,7228,638,2730,1735,0,1029,0
15/01/2026,8664,357,2633,3259,0,2493,0
15/01/2026,9746,428,3904,2463,0,1488,0
15/01/2026,9842,499,2812,1558,0,2090,0
15/01/2026,9987,583,2592,2581,0,2935,0
15/01/2026,6485,559,2273,2454,0,1855,0
15/01/2026,7781,585,3791,2040,0,2931,0
15/01/2026,5171,571,2628,2657,0,1110,0
15/01/2026,6725,421,1037,1985,0,1954,0
15/01/2026,9399,594,3341,3884,0,2293,0
15/01/2026,6230,572,3262,1743,0,2892,0
15/01/2026,5393,440,2293,2275,0,2955,0
15/01/2026,5444,553,2776,2842,0,2975,0
15/01/2026,6371,684,1992,1178,0,2127,0
16/01/2026,6134,454,3913,1535,0,2035,0
16/01/2026,7735,404,2186,3445,0,1081,0
16/01/2026,7421,666,1056,3545,0,1702,0
16/01/2026,9146,445,2828,1664,0,2101,0
16/01/2026,5590,650,2635,3169,0,2318,0
16/01/2026,9488,311,1391,3163,0,1716,0
16/01/2026,8296,677,2749,3856,0,1920,0
16/01/2026,5343,591,1764,3932,0,1316,0
16/01/2026,7846,335,1439,1973,0,1459,0
16/01/2026,9474,388,1069,2126,0,2297,0
16/01/2026,9966,494,1052,1132,0,2084,0
16/01/2026,9295,660,2946,3936,0,2009,0
16/01/2026,8634,608,2564,2649,0,1027,0
16/01/2026,9650,527,2862,2204,0,2022,0
16/01/2026,6187,666,3675,3267,0,2191,0
17/01/2026,6959,683,3541,3160,0,1361,0
17/01/2026,7003,417,2990,2915,0,1555,0
17/01/2026,7020,627,1257,2312,0,2159,0
17/01/2026,6872,455,2936,3290,0,2678,0
17/01/2026,5106,317,3320,1284,0,2232,0
17/01/2026,6333,434,3641,2314,0,2651,0
17/01/2026,9842,419,2774,3048,0,2209,0
17/01/2026,9869,425,3100,3432,0,2616,0
17/01/2026,6781,377,3481,2824,0,1153,0
17/01/2026,6287,655,2196,3985,0,1826,0
17/01/2026,7438,481,3399,2253,0,1631,0
17/01/2026,7668,359,3951,2714,0,2379,0
17/01/2026,7393,471,3670,2951,0,2790,0
17/01/2026,9123,597,3986,1346,0,1420,0
17/01/2026,9331,430,3188,2368,0,1405,0
18/01/2026,8920,476,2060,3185,0,1906,0
18/01/2026,6075,505,3902,2992,0,1360,0
18/01/2026,5473,502,1695,2522,0,2246,0
18/01/2026,6539,457,3925,2215,0,2125,0
18/01/2026,9581,467,2471,3595,0,1117,0
18/01/2026,5468,399,3084,1785,0,1770,0
18/01/2026,9200,566,3822,1278,0,1221,0
18/01/2026,9887,385,3953,3665,0,2293,0
18/01/2026,6499,422,2221,3174,0,2101,0
18/01/2026,9585,449,3258,1300,0,1176,0
18/01/2026,5940,423,2030,2472,0,2523,0
18/01/2026,7201,462,1337,3600,0,2096,0
18/01/2026,7918,661,2210,1309,0,2042,0
18/01/2026,8898,338,3615,3124,0,2671,0
18/01/2026,6606,459,3401,3343,0,2781,0
19/01/2026,9230,488,3582,1720,0,1940,0
19/01/2026,7994,668,1794,1827,0,2620,0
19/01/2026,9693,543,1815,2257,0,1585,0
19/01/2026,6743,564,3415,1903,0,1757,0
19/01/2026,9205,520,3662,1441,0,1670,0
19/01/2026,7752,522,1978,3016,0,1171,0
19/01/2026,9836,676,2967,2390,0,2774,0
19/01/2026,8180,588,1815,3356,0,1330,0
19/01/2026,9086,683,2288,3725,0,1767,0
19/01/2026,7312,516,1537,3476,0,1217,0
19/01/2026,7649,308,3544,3670,0,2651,0
19/01/2026,6725,362,3269,2891,0,2564,0
19/01/2026,7586,515,3577,3733,0,2975,0
19/01/2026,5434,541,3716,2147,0,1976,0
19/01/2026,7416,509,1475,1618,0,2226,0
20/01/2026,5606,381,2512,3081,0,1868,0
20/01/2026,6272,310,2282,3063,0,1076,0
20/01/2026,6062,588,3325,3734,0,2676,0
20/01/2026,5785,334,3974,1527,0,2332,0
20/01/2026,7238,590,3078,1409,0,1457,0
20/01/2026,7872,561,3375,2021,0,1265,0
20/01/2026,5223,303,3627,1038,0,1130,0
20/01/2026,9104,301,1448,1419,0,2159,0
20/01/2026,7431,617,2663,2843,0,1784,0
20/01/2026,7837,657,2183,1804,0,1020,0
20/01/2026,7803,514,3192,3507,0,2903,0
20/01/2026,8439,696,1931,3787,0,2200,0
20/01/2026,5687,387,3831,3488,0,1017,0
20/01/2026,6070,321,3175,2386,0,2810,0
20/01/2026,8422,390,2440,2413,0,2555,0
21/01/2026,9420,433,3298,2603,0,1544,0
21/01/2026,9878,364,3857,1704,0,2550,0
21/01/2026,7147,407,2099,1947,0,1991,0
21/01/2026,5491,452,2462,3297,0,2888,0
21/01/2026,7101,612,1769,1294,0,1601,0
21/01/2026,6328,589,3800,3395,0,1608,0
21/01/2026,7529,550,3433,1626,0,1056,0
21/01/2026,8124,314,1726,2035,0,2363,0
21/01/2026,6546,555,2833,2717,0,1573,0
21/01/2026,7489,575,3993,1545,0,2631,0
21/01/2026,9989,571,3448,1310,0,1096,0
21/01/2026,9691,665,2007,3959,0,1352,0
21/01/2026,9389,400,2528,2611,0,1493,0
21/01/2026,6236,694,3592,2163,0,2825,0
21/01/2026,9200,653,3693,3119,0,2881,0
22/01/2026,7944,553,1414,2975,0,1369,0
22/01/2026,7119,652,2966,2251,0,2467,0
22/01/2026,5333,387,2163,1060,0,1473,0
22/01/2026,9474,328,1349,1400,0,1235,0
22/01/2026,7076,382,3935,1749,0,2527,0
22/01/2026,7058,418,2865,1402,0,1688,0
22/01/2026,9334,692,3391,1720,0,1193,0
22/01/2026,5906,457,3718,1841,0,2974,0
22/01/2026,5853,668,1162,3396,0,2845,0
22/01/2026,5832,626,2524,1633,0,2659,0
22/01/2026,7078,529,1209,1141,0,1588,0
22/01/2026,9848,418,3470,2831,0,1526,0
22/01/2026,7913,693,2911,1865,0,1748,0
22/01/2026,6529,644,2961,3028,0,2042,0
22/01/2026,5599,643,2254,1398,0,2112,0
23/01/2026,5119,496,3148,1040,0,1219,0
23/01/2026,5006,699,3654,2255,0,2970,0
23/01/2026,9343,563,2295,1248,0,1804,0
23/01/2026,7292,624,3742,1424,0,2057,0
23/01/2026,6233,564,3851,3368,0,1230,0
23/01/2026,5479,650,1869,1126,0,2277,0
23/01/2026,9837,347,2224,2133,0,1244,0
23/01/2026,8451,634,2154,1074,0,1316,0
23/01/2026,9372,526,1510,2522,0,2585,0
23/01/2026,6393,584,2108,3992,0,1086,0
23/01/2026,9954,384,3125,2818,0,2803,0
23/01/2026,9060,540,3732,3279,0,1481,0
23/01/2026,6694,476,2845,1521,0,1514,0
23/01/2026,9972,437,2094,1627,0,1918,0
23/01/2026,8056,303,3992,1139,0,2073,0
24/01/2026,8295,494,3251,3456,0,2949,0
24/01/2026,7812,595,3428,2107,0,2744,0
24/01/2026,5755,535,2302,2852,0,1281,0
24/01/2026,7271,380,3386,2418,0,1437,0
24/01/2026,6840,462,2357,2469,0,2119,0
24/01/2026,5578,404,3369,3387,0,2143,0
24/01/2026,5040,527,2482,1900,0,1326,0
24/01/2026,6084,349,1306,3588,0,2656,0
24/01/2026,7631,583,1730,3850,0,2151,0
24/01/2026,8694,367,3540,1454,0,1155,0
24/01/2026,7601,537,3160,1417,0,2219,0
24/01/2026,5518,365,1055,3195,0,1772,0
24/01/2026,8004,386,3424,2560,0,2074,0
24/01/2026,6296,444,2227,1745,0,1876,0
24/01/2026,5537,478,2551,1283,0,2861,0
25/01/2026,9298,369,3907,2714,0,1161,0
25/01/2026,7348,661,3671,3854,0,1919,0
25/01/2026,6766,643,3541,3898,0,2526,0
25/01/2026,6126,491,2744,1496,0,1736,0
25/01/2026,9242,301,3031,1839,0,1768,0
25/01/2026,6150,557,1005,3723,0,1201,0
25/01/2026,7263,504,3120,3408,0,2360,0
25/01/2026,6579,534,2170,1261,0,2504,0
25/01/2026,7549,599,1964,2002,0,2655,0
25/01/2026,5877,381,2210,1216,0,2409,0
25/01/2026,7977,617,2602,1655,0,1568,0
25/01/2026,6202,409,3850,2644,0,2526,0
25/01/2026,6623,513,2021,2489,0,1259,0
25/01/2026,8741,524,1240,2634,0,1022,0
26/01/2026,6096,568,2269,2368,0,2204,0
26/01/2026,7475,406,3467,1604,0,2168,0
26/01/2026,8574,602,2506,1290,0,2927,0
26/01/2026,9173,652,3461,2364,0,1263,0
26/01/2026,9550,478,2924,1952,0,2138,0
26/01/2026,7806,452,2934,1403,0,1496,0
26/01/2026,8536,430,1794,1612,0,1699,0
26/01/2026,6105,509,3626,3721,0,1918,0
26/01/2026,9732,693,3705,2882,0,1961,0
26/01/2026,6085,417,1114,1921,0,1205,0
26/01/2026,6988,348,3079,2099,0,1297,0
26/01/2026,6940,606,1706,2913,0,1426,0
26/01/2026,9976,577,1733,2553,0,1036,0
26/01/2026,7930,573,2540,1851,0,2238,0
26/01/2026,5448,541,3314,3725,0,1930,0
27/01/2026,9456,492,2672,1175,0,1709,0
27/01/2026,9025,478,3612,3412,0,2241,0
27/01/2026,6277,465,1599,1831,0,2924,0
27/01/2026,7207,409,3412,2028,0,2990,0
27/01/2026,5401,624,1742,3502,0,1846,0
27/01/2026,6954,636,1243,2915,0,2009,0
27/01/2026,8301,390,1179,2024,0,2175,0
27/01/2026,8440,676,1103,1786,0,1085,0
27/01/2026,5631,356,1795,2195,0,2981,0
27/01/2026,6703,497,3801,2937,0,1826,0
27/01/2026,5478,623,1861,3073,0,1185,0
27/01/2026,7223,561,1046,3149,0,2089,0
27/01/2026,7848,655,2307,3956,0,1043,0
27/01/2026,8148,537,2396,1027,0,1373,0
27/01/2026,8430,511,2373,1859,0,1517,0
28/01/2026,5973,659,2575,2852,0,1433,0
28/01/2026,8536,578,3608,1116,0,1577,0
28/01/2026,7036,543,1467,1744,0,1011,0
28/01/2026,7959,359,1601,1983,0,2796,0
28/01/2026,5977,527,1398,3012,0,1176,0
28/01/2026,9524,483,1168,3539,0,2700,0
28/01/2026,6668,311,3220,2850,0,2318,0
28/01/2026,9692,388,3741,2963,0,1492,0
28/01/2026,6680,543,2586,3470,0,1515,0
28/01/2026,8094,564,2484,1449,0,2675,0
28/01/2026,7217,437,3243,3895,0,2900,0
28/01/2026,9584,342,2057,2203,0,2159,0
28/01/2026,8784,628,3509,3113,0,2698,0
28/01/2026,7779,557,2065,3899,0,1333,0
28/01/2026,6955,639,1466,2882,0,2374,0
29/01/2026,9975,595,2820,3487,0,2137,0
29/01/2026,8911,672,3233,2332,0,1446,0
29/01/2026,5765,320,2089,1521,0,2886,0
29/01/2026,7405,510,3490,3620,0,2349,0
29/01/2026,7691,548,3685,1694,0,2008,0
29/01/2026,5817,612,1636,1814,0,1185,0
29/01/2026,8821,623,3784,2383,0,1949,0
29/01/2026,6856,416,1668,2455,0,1544,0
29/01/2026,6549,694,3880,3350,0,2273,0
29/01/2026,8047,654,1972,1366,0,2234,0
29/01/2026,5528,654,3578,3698,0,2714,0
29/01/2026,6853,532,3292,1755,0,2512,0
29/01/2026,9216,518,3720,1971,0,1910,0
29/01/2026,9916,681,3837,2795,0,1141,0
29/01/2026,5204,480,1963,3913,0,1740,0
30/01/2026,8187,518,1433,3445,0,1639,0
30/01/2026,7398,350,3255,3881,0,2210,0
30/01/2026,7422,603,2150,1176,0,2527,0
30/01/2026,7174,474,1286,3081,0,2081,0
30/01/2026,9582,652,3575,3339,0,1232,0
30/01/2026,6299,596,2374,3691,0,1754,0
30/01/2026,6094,373,1311,2399,0,1096,0
30/01/2026,7047,546,1432,1159,0,2984,0
30/01/2026,9822,626,1860,3393,0,2059,0
30/01/2026,7179,589,1247,2203,0,2598,0
30/01/2026,6250,468,1170,1530,0,1145,0
30/01/2026,6694,625,3952,3220,0,2951,0
30/01/2026,5269,412,2250,1635,0,2305,0
30/01/2026,6543,605,1608,1845,0,1142,0
30/01/2026,6843,464,3998,3027,0,2345,0
31/01/2026,5486,393,1431,2995,0,2017,0
31/01/2026,9921,634,2337,1119,0,2257,0
31/01/2026,9567,415,2916,1577,0,2187,0
31/01/2026,6401,385,1710,3863,0,2463,0
31/01/2026,6195,394,3659,2473,0,1224,0
31/01/2026,8366,546,3231,2815,0,2191,0
31/01/2026,7557,422,3742,1850,0,1037,0
31/01/2026,6956,485,1119,1890,0,1989,0
31/01/2026,8641,325,2854,1466,0,2675,0
31/01/2026,9471,359,3633,3702,0,1416,0
31/01/2026,6792,694,1149,3761,0,2353,0
31/01/2026,9215,492,1108,3167,0,2630,0
31/01/2026,5079,672,3484,3411,0,1492,0
31/01/2026,6656,508,3378,1843,0,1112,0
31/01/2026,9453,432,2996,2797,0,1828,0
01/02/2026,8128,411,1422,3859,0,2627,0
01/02/2026,6380,531,3037,3616,0,2426,0
01/02/2026,7583,493,3600,1050,0,2344,0
01/02/2026,7773,544,1041,1006,0,2743,0
01/02/2026,5581,556,2072,1448,0,2243,0
01/02/2026,5015,300,1600,3481,0,2512,0
01/02/2026,6708,695,3551,2305,0,2487,0
01/02/2026,5928,442,2672,2755,0,1350,0
01/02/2026,8168,676,1814,1658,0,2777,0
01/02/2026,7176,390,3345,3083,0,1599,0
01/02/2026,9625,487,3431,3082,0,2146,0
01/02/2026,5476,414,2581,3166,0,2796,0
01/02/2026,5718,526,3686,3364,0,2154,0
01/02/2026,6102,483,2144,1830,0,2955,0
01/02/2026,9277,323,3631,3554,0,1537,0
02/02/2026,8783,480,1835,2309,0,2388,0
02/02/2026,7930,379,3542,1602,0,2063,0
02/02/2026,8907,418,1515,1604,0,1856,0
02/02/2026,7918,328,2173,1621,0,2658,0
02/02/2026,7407,694,3604,2016,0,2008,0
02/02/2026,6710,365,1587,2063,0,1602,0
02/02/2026,6949,401,3278,3901,0,2674,0
02/02/2026,5073,334,2229,3031,0,1422,0
02/02/2026,6904,670,3693,1932,0,2051,0
02/02/2026,5028,426,3261,1154,0,2973,0
02/02/2026,7232,596,2679,1792,0,2710,0
02/02/2026,7545,699,2969,3251,0,1362,0
02/02/2026,9622,647,3391,2176,0,1954,0
02/02/2026,8004,572,3799,2557,0,1126,0
03/02/2026,9202,700,3955,1474,0,2977,0
03/02/2026,5015,392,1857,2915,0,2124,0
03/02/2026,6148,588,3826,3602,0,2730,0
03/02/2026,6100,420,2075,2989,0,2313,0
03/02/2026,6033,398,1337,2767,0,1715,0
03/02/2026,8732,346,3974,2389,0,2971,0
03/02/2026,8990,508,1010,3455,0,1610,0
03/02/2026,7368,326,2319,3901,0,2295,0
03/02/2026,7323,667,1131,2765,0,1254,0
03/02/2026,5377,478,2312,3568,0,1869,0
03/02/2026,7731,348,2706,1702,0,1437,0
03/02/2026,6112,307,2942,2201,0,2581,0
03/02/2026,9294,352,2555,1081,0,2338,0
03/02/2026,7255,523,1436,2538,0,1580,0
04/02/2026,6681,540,1688,1493,0,2682,0
04/02/2026,9496,611,3191,2542,0,1605,0
04/02/2026,5052,593,3534,2873,0,2667,0
04/02/2026,8080,304,3998,2965,0,1936,0
04/02/2026,6114,436,2976,1900,0,2445,0
04/02/2026,9479,663,2910,3392,0,1255,0
04/02/2026,8198,561,2362,2335,0,1623,0
04/02/2026,8057,469,1868,1843,0,1094,0
04/02/2026,9894,415,3592,1104,0,1122,0
04/02/2026,6531,484,3199,1393,0,2376,0
04/02/2026,7054,539,2850,2690,0,1991,0
04/02/2026,8571,521,1894,2831,0,2127,0
04/02/2026,8921,563,1973,3651,0,2470,0
04/02/2026,6968,345,1884,2357,0,2515,0
05/02/2026,6265,490,1746,3761,0,1665,0
05/02/2026,8855,319,2997,1940,0,1672,0
05/02/2026,6862,337,2611,2817,0,1181,0
05/02/2026,9936,432,2164,1403,0,2865,0
05/02/2026,6673,604,1915,3069,0,2704,0
05/02/2026,8012,477,2122,2843,0,1614,0
05/02/2026,6639,464,3544,1548,0,1378,0
05/02/2026,7294,388,3657,2094,0,2292,0
05/02/2026,7133,578,3923,3274,0,2840,0
05/02/2026,9395,339,2841,1047,0,1573,0
05/02/2026,5631,578,3364,2732,0,1492,0
05/02/2026,5464,456,2277,3277,0,2497,0
05/02/2026,7837,390,1893,1066,0,2603,0
05/02/2026,8657,460,2984,1757,0,1675,0
06/02/2026,8336,457,1851,1584,0,2143,0
06/02/2026,7610,455,3488,2750,0,2836,0
06/02/2026,9577,357,3230,3497,0,1017,0
06/02/2026,9866,632,3639,2571,0,2122,0
06/02/2026,9560,635,2058,2735,0,1491,0
06/02/2026,8226,449,2042,3614,0,1534,0
06/02/2026,6981,608,2088,1996,0,1272,0
06/02/2026,8678,390,3707,3212,0,1140,0
06/02/2026,6052,581,1456,2547,0,2276,0
06/02/2026,6798,524,2278,2269,0,2005,0
06/02/2026,7527,570,1197,1112,0,1551,0
06/02/2026,5209,458,3121,1043,0,2175,0
06/02/2026,9525,698,3249,2664,0,1950,0
06/02/2026,7742,465,3655,2797,0,2688,0
07/02/2026,9906,495,1251,2109,0,1151,0
07/02/2026,9729,330,3911,3512,0,2377,0
07/02/2026,7491,676,3584,2248,0,2032,0
07/02/2026,8146,465,3169,2287,0,2415,0
07/02/2026,5067,576,1033,3919,0,2898,0
07/02/2026,8922,441,2774,3481,0,2457,0
07/02/2026,7041,356,2653,1941,0,2556,0
07/02/2026,9222,568,2242,2047,0,2155,0
07/02/2026,9612,320,2622,3433,0,1860,0
07/02/2026,7434,325,3314,2388,0,1852,0
07/02/2026,9267,624,2187,1368,0,2768,0
07/02/2026,5632,443,3654,1300,0,2802,0
07/02/2026,9508,468,3551,2172,0,2690,0
07/02/2026,7954,529,3188,3252,0,2546,0
08/02/2026,9991,561,2186,3180,0,2347,0
08/02/2026,6179,516,2374,1573,0,2332,0
08/02/2026,9767,621,1210,1372,0,1973,0
08/02/2026,7775,439,1962,3449,0,2352,0
08/02/2026,7500,346,3340,1089,0,2355,0
08/02/2026,9389,516,1915,3465,0,1473,0
08/02/2026,8716,543,1213,2333,0,1383,0
08/02/2026,7356,504,2255,3806,0,1478,0
08/02/2026,6109,325,1054,3940,0,1745,0
08/02/2026,7893,596,1411,1531,0,1168,0
08/02/2026,5228,591,1198,3983,0,1253,0
08/02/2026,6646,474,2075,2429,0,2203,0
08/02/2026,5188,525,2049,2415,0,2105,0
09/02/2026,9662,309,1561,1604,0,2664,0
09/02/2026,8589,317,3558,1174,0,1756,0
09/02/2026,5667,444,1411,3186,0,1274,0
09/02/2026,6873,347,1377,2473,0,2328,0
09/02/2026,9063,452,2046,1715,0,2507,0
09/02/2026,5460,496,2187,1277,0,1128,0
09/02/2026,8346,392,3689,3736,0,2996,0
09/02/2026,7621,347,3680,1075,0,2066,0
09/02/2026,6232,431,2217,1436,0,2106,0
09/02/2026,9423,588,2459,1350,0,1100,0
09/02/2026,8190,310,2276,2742,0,2944,0
09/02/2026,8022,535,2929,1565,0,1135,0
09/02/2026,9089,319,3915,1463,0,2695,0
09/02/2026,8624,477,2697,3405,0,2315,0
09/02/2026,5083,390,3758,1499,0,2134,0
10/02/2026,5968,590,1887,3424,0,1626,0
10/02/2026,5154,645,1876,2213,0,1307,0
10/02/2026,8686,336,1217,3829,0,1258,0
10/02/2026,7741,640,2774,2136,0,1655,0
10/02/2026,6707,535,3865,3183,0,2371,0
10/02/2026,6356,630,3682,2851,0,2854,0
10/02/2026,8971,662,3391,1252,0,2133,0
10/02/2026,7027,410,3662,3319,0,1507,0
10/02/2026,9969,439,1814,2240,0,2049,0
10/02/2026,9831,322,3914,3513,0,1219,0
10/02/2026,7964,676,3117,2647,0,2405,0
10/02/2026,9862,341,3335,3062,0,1002,0
10/02/2026,7332,487,1017,2668,0,1093,0
10/02/2026,7065,668,3997,1211,0,1179,0
10/02/2026,5298,654,3227,3584,0,1530,0
11/02/2026,5663,662,2661,1839,0,1817,0
11/02/2026,9017,552,2063,2792,0,2645,0
11/02/2026,9747,436,3418,2800,0,1425,0
11/02/2026,8970,314,1922,3232,0,1018,0
11/02/2026,5083,590,1414,2620,0,2983,0
11/02/2026,7909,573,1763,3129,0,2892,0
11/02/2026,7256,335,2868,2390,0,2677,0
11/02/2026,7109,336,2341,2854,0,1649,0
11/02/2026,9838,346,2859,2191,0,2378,0
11/02/2026,5158,453,3356,1287,0,1328,0
11/02/2026,8669,530,2966,2862,0,2573,0
11/02/2026,5053,549,3163,3657,0,1811,0
11/02/2026,7455,619,3387,3430,0,2994,0
11/02/2026,5562,642,3906,1595,0,1485,0
11/02/2026,5399,649,3913,2620,0,2662,0
12/02/2026,7001,334,2677,1276,0,2523,0
12/02/2026,7247,409,2196,1942,0,1767,0
12/02/2026,8488,437,2761,3049,0,2506,0
12/02/2026,6053,680,3083,3524,0,1856,0
12/02/2026,7818,534,3314,3285,0,2456,0
12/02/2026,5972,627,1215,2186,0,1673,0
12/02/2026,5628,315,1312,3828,0,2025,0
12/02/2026,6153,699,3055,2402,0,1495,0
12/02/2026,6976,402,3030,2270,0,2616,0
12/02/2026,8122,566,1552,2414,0,1014,0
12/02/2026,6740,583,3259,3844,0,2041,0
12/02/2026,6226,650,2670,1138,0,1483,0
12/02/2026,6179,468,3929,1599,0,1448,0
12/02/2026,5243,345,1933,2131,0,2034,0
12/02/2026,9427,305,1266,2358,0,2433,0
13/02/2026,8870,502,2131,2652,0,2983,0
13/02/2026,8990,695,1659,3777,0,2108,0
13/02/2026,9413,525,1462,3797,0,1460,0
13/02/2026,5959,384,1155,3059,0,2081,0
13/02/2026,8115,634,1868,2261,0,1492,0
13/02/2026,6166,576,2113,3683,0,1213,0
13/02/2026,8649,379,3358,2636,0,2288,0
13/02/2026,8736,519,2468,1634,0,1435,0
13/02/2026,9161,567,2910,3005,0,2310,0
13/02/2026,5926,385,2861,2872,0,2760,0
13/02/2026,6973,625,2284,1041,0,1185,0
13/02/2026,9197,332,1454,1840,0,1032,0
13/02/2026,9259,349,2268,2298,0,1628,0
13/02/2026,7342,528,2641,2171,0,2335,0
13/02/2026,5816,569,1504,2005,0,2375,0
14/02/2026,6693,667,3347,3571,0,2624,0
14/02/2026,6288,330,2546,1222,0,1167,0
14/02/2026,8506,602,2974,3029,0,2481,0
14/02/2026,7223,488,3101,3068,0,1776,0
14/02/2026,7319,416,2452,3532,0,2362,0
14/02/2026,5124,647,1899,2087,0,2682,0
14/02/2026,5790,403,3940,3672,0,2401,0
14/02/2026,6075,306,1595,1434,0,1577,0
14/02/2026,7446,546,2787,1710,0,1639,0
14/02/2026,5537,633,3467,2115,0,2250,0
14/02/2026,7670,511,3498,2030,0,1946,0
14/02/2026,5429,629,1425,2790,0,2919,0
14/02/2026,5356,413,3974,1214,0,1359,0
14/02/2026,7956,520,1652,1185,0,2662,0
14/02/2026,5752,528,1528,3008,0,2374,0
15/02/2026,7675,490,3945,2064,0,2287,0
15/02/2026,6203,614,2063,2424,0,1356,0
15/02/2026,8193,409,2716,2121,0,1497,0
15/02/2026,9626,423,1361,2957,0,2250,0
15/02/2026,8602,524,2943,1909,0,2446,0
15/02/2026,5981,444,3931,3556,0,1317,0
15/02/2026,8972,623,2120,1571,0,1982,0
15/02/2026,5868,376,2604,2877,0,1280,0
15/02/2026,6220,376,3039,2232,0,1164,0
15/02/2026,5769,533,1650,2665,0,1998,0
15/02/2026,9130,589,1292,3333,0,1372,0
15/02/2026,5498,550,3217,2772,0,1805,0
15/02/2026,5024,431,3539,2922,0,2590,0
15/02/2026,5092,515,3180,2128,0,1279,0
15/02/2026,7404,562,3405,2754,0,1779,0
