Fecha,Efectivo,Tarifa Incompleta,Monto Tarjeta Gral,Monto Tarjeta Per,Monto Tarjeta Bpd,Recargas,Recargas Error
01/01/2021,6625,761,1994,2619,0,3329,0
01/01/2021,6204,426,2876,3839,0,1911,0
01/01/2021,8214,417,983,2795,0,2182,0
01/01/2021,7755,633,4583,4252,0,1589,0
01/01/2021,4899,620,2460,2196,0,1480,0
01/01/2021,6852,454,1993,2353,0,1278,0
01/01/2021,5283,468,3465,2834,0,1788,0
01/01/2021,6845,357,3748,2395,0,3277,0
01/01/2021,5485,421,2663,2790,0,2017,0
01/01/2021,10253,484,1305,3913,0,2940,0
01/01/2021,4575,419,1951,1292,0,1794,0
01/01/2021,8358,569,4030,2670,0,2971,0
02/01/2021,10774,588,2489,1410,0,1962,0
02/01/2021,6641,703,4403,1538,0,1923,0
02/01/2021,6418,572,3357,2190,0,2564,0
02/01/2021,6495,782,3126,2323,0,2578,0
02/01/2021,5501,464,2729,1906,0,2521,0
02/01/2021,5836,737,4368,3102,0,3097,0
02/01/2021,4844,738,1569,3245,0,1124,0
02/01/2021,5470,605,2964,4218,0,2389,0
02/01/2021,8908,332,3074,2929,0,2944,0
02/01/2021,6296,516,3900,2113,0,3055,0
02/01/2021,8112,611,4104,1125,0,2502,0
03/01/2021,9039,733,954,3163,0,2747,0
03/01/2021,8125,362,3067,3876,0,1115,0
03/01/2021,9108,754,3683,2606,0,2463,0
03/01/2021,7201,465,3433,3007,0,984,0
03/01/2021,6044,548,3728,4500,0,1648,0
03/01/2021,7843,373,3690,2645,0,2845,0
03/01/2021,7485,457,1584,1673,0,1658,0
03/01/2021,8454,533,4242,2999,0,2687,0
03/01/2021,7265,736,2607,1451,0,2631,0
03/01/2021,5227,452,3857,3033,0,2003,0
03/01/2021,9545,710,2419,2763,0,1315,0
03/01/2021,11343,442,2622,3838,0,1015,0
04/01/2021,10021,678,2533,3055,0,1962,0
04/01/2021,8283,439,2133,3074,0,2077,0
04/01/2021,6387,330,3519,3690,0,2259,0
04/01/2021,10918,585,1136,2073,0,1311,0
04/01/2021,6217,614,2406,2293,0,1331,0
04/01/2021,7942,278,3834,3476,0,2621,0
04/01/2021,5394,493,1998,3407,0,1190,0
04/01/2021,7070,449,4096,1041,0,1620,0
04/01/2021,8323,567,1812,2866,0,2350,0
04/01/2021,8134,593,1175,1777,0,1618,0
04/01/2021,10607,621,3344,2789,0,1436,0
04/01/2021,8260,627,2614,3317,0,1784,0
04/01/2021,5432,430,4091,3186,0,1277,0
04/01/2021,9902,564,2991,2215,0,1446,0
05/01/2021,5003,504,2997,2084,0,1004,0
05/01/2021,6553,841,1600,1955,0,796,0
05/01/2021,9137,543,3910,1183,0,1911,0
05/01/2021,11566,467,1743,2325,0,1261,0
05/01/2021,8223,384,3009,3109,0,2123,0
05/01/2021,7439,410,1786,983,0,1754,0
05/01/2021,9650,295,1399,3255,0,1558,0
05/01/2021,6232,457,1975,4233,0,2859,0
05/01/2021,7103,573,2277,1908,0,1414,0
05/01/2021,5557,487,2673,1770,0,2916,0
05/01/2021,8732,590,2794,3466,0,995,0
05/01/2021,8316,814,3641,1105,0,1465,0
05/01/2021,5573,349,1992,900,0,2014,0
05/01/2021,7408,597,3113,1135,0,2480,0
06/01/2021,8711,598,2465,1059,0,2373,0
06/01/2021,5946,318,1855,1582,0,1077,0
06/01/2021,6271,558,1624,2092,0,2188,0
06/01/2021,7562,653,2357,3022,0,2491,0
06/01/2021,6325,552,1617,3126,0,1404,0
06/01/2021,6208,629,1028,1262,0,1992,0
06/01/2021,7209,501,1802,1755,0,935,0
06/01/2021,9423,621,3653,2468,0,2375,0
06/01/2021,7762,455,3197,1666,0,2363,0
06/01/2021,4944,457,2479,2212,0,1735,0
06/01/2021,10549,361,2503,1883,0,2573,0
06/01/2021,9601,460,3241,1683,0,1794,0
06/01/2021,8073,536,4546,2139,0,1913,0
06/01/2021,9385,583,3401,1533,0,1075,0
07/01/2021,5482,593,1423,2321,0,2654,0
07/01/2021,7333,608,3763,4084,0,2792,0
07/01/2021,7842,355,1771,3661,0,2860,0
07/01/2021,8110,340,2807,1873,0,2136,0
07/01/2021,7944,664,3903,2532,0,1085,0
07/01/2021,6204,741,3538,1148,0,2251,0
07/01/2021,5817,811,3213,1629,0,2870,0
07/01/2021,8458,455,2581,1345,0,1685,0
07/01/2021,4577,445,2476,3027,0,1504,0
07/01/2021,10221,713,1188,1119,0,3384,0
07/01/2021,10477,595,1320,2218,0,2649,0
07/01/2021,7101,428,2212,2920,0,1175,0
07/01/2021,8787,348,3586,2236,0,1578,0
07/01/2021,6810,663,1065,1182,0,2388,0
08/01/2021,7637,639,4479,2009,0,2407,0
08/01/2021,10470,330,2750,1413,0,1240,0
08/01/2021,5366,494,3202,1358,0,1152,0
08/01/2021,10610,413,2122,2016,0,1732,0
08/01/2021,5650,474,1781,3477,0,2639,0
08/01/2021,5863,456,2310,3380,0,2680,0
08/01/2021,8304,421,1874,3207,0,1462,0
08/01/2021,5120,458,1306,2203,0,2928,0
08/01/2021,7737,414,3925,1174,0,1135,0
08/01/2021,7334,360,1958,3368,0,1190,0
08/01/2021,8004,548,1911,1125,0,2021,0
08/01/2021,8581,335,2086,3465,0,1725,0
08/01/2021,6841,280,1894,4134,0,2271,0
08/01/2021,6573,392,2146,2568,0,2826,0
09/01/2021,5815,746,4217,1597,0,1417,0
09/01/2021,6268,238,872,3196,0,1183,0
09/01/2021,7915,369,2934,2293,0,870,0
09/01/2021,7533,351,1900,2373,0,2369,0
09/01/2021,4067,626,1020,2355,0,1240,0
09/01/2021,5715,435,3280,3318,0,3342,0
09/01/2021,7518,531,3394,2196,0,2204,0
09/01/2021,8876,828,1070,2432,0,2989,0
09/01/2021,6837,717,2416,3716,0,1296,0
09/01/2021,8545,449,4057,3325,0,2388,0
09/01/2021,9257,726,2097,2966,0,1209,0
09/01/2021,10178,637,1903,2866,0,2143,0
09/01/2021,5984,427,2170,3299,0,2646,0
09/01/2021,10503,564,862,1985,0,944,0
10/01/2021,7771,796,3266,3234,0,2531,0
10/01/2021,6634,363,2165,3319,0,1666,0
10/01/2021,7195,605,2213,3885,0,1641,0
10/01/2021,7688,676,2229,2830,0,1902,0
10/01/2021,5783,397,2650,2718,0,3183,0
10/01/2021,5567,371,4157,4150,0,3346,0
10/01/2021,8600,622,2415,2775,0,1766,0
10/01/2021,6231,562,1982,1380,0,1676,0
10/01/2021,10279,681,1413,1914,0,999,0
10/01/2021,7019,415,4054,1402,0,2281,0
10/01/2021,8612,405,953,2867,0,1257,0
10/01/2021,6381,424,1652,3660,0,1815,0
10/01/2021,8345,289,1650,3592,0,1401,0
10/01/2021,4728,499,2131,1439,0,1814,0
11/01/2021,6754,730,895,4369,0,2424,0
11/01/2021,6426,453,2500,1142,0,2187,0
11/01/2021,5996,341,880,2761,0,1770,0
11/01/2021,9724,342,2092,4235,0,1102,0
11/01/2021,8038,415,3495,3906,0,949,0
11/01/2021,7617,286,3680,2969,0,1145,0
11/01/2021,9562,499,1368,1232,0,2247,0
11/01/2021,7460,463,1742,2868,0,1997,0
11/01/2021,7661,499,3994,3161,0,2143,0
11/01/2021,6828,601,1072,2325,0,1516,0
11/01/2021,7170,473,1200,953,0,3355,0
11/01/2021,5092,498,4024,2935,0,985,0
11/01/2021,6893,354,2601,1265,0,1708,0
12/01/2021,5766,424,1070,4321,0,2329,0
12/01/2021,7949,619,2319,2408,0,2067,0
12/01/2021,6154,538,3273,1131,0,2254,0
12/01/2021,8339,586,2657,3396,0,2195,0
12/01/2021,11835,505,1648,3248,0,2405,0
12/01/2021,4591,435,2994,2219,0,1491,0
12/01/2021,5209,347,2549,2654,0,1916,0
12/01/2021,8689,290,1150,3227,0,1822,0
12/01/2021,10957,410,3446,2950,0,1546,0
12/01/2021,4734,592,1687,2857,0,1203,0
12/01/2021,6911,502,4719,3701,0,1840,0
12/01/2021,6299,248,1520,1470,0,1173,0
13/01/2021,7881,639,4226,1652,0,1741,0
13/01/2021,7164,461,2228,4732,0,2425,0
13/01/2021,8607,301,1292,1754,0,1437,0
13/01/2021,5868,721,3326,1229,0,1556,0
13/01/2021,9381,521,987,1317,0,2244,0
13/01/2021,6062,544,2113,3732,0,1433,0
13/01/2021,5968,312,3492,1435,0,2472,0
13/01/2021,7767,600,3402,1380,0,2486,0
13/01/2021,6991,656,2295,2065,0,1315,0
13/01/2021,6189,515,2048,2185,0,1197,0
13/01/2021,4504,358,868,1890,0,3200,0
14/01/2021,6725,654,1047,3684,0,1180,0
14/01/2021,6090,490,2929,2100,0,1977,0
14/01/2021,6015,405,1455,3783,0,2336,0
14/01/2021,6752,420,1064,3451,0,1737,0
14/01/2021,6307,332,2657,1550,0,1126,0
14/01/2021,8034,633,1548,4423,0,1531,0
14/01/2021,7088,480,1467,1637,0,1428,0
14/01/2021,9076,335,2224,1194,0,2402,0
14/01/2021,5705,483,1336,2036,0,907,0
14/01/2021,11727,531,1268,1250,0,1697,0
14/01/2021,4583,685,1324,3158,0,1559,0
14/01/2021,6626,498,2587,2226,0,2290,0
14/01/2021,6726,348,2125,2426,0,2534,0
15/01/2021,9032,389,3269,3087,0,859,0
15/01/2021,9206,375,3196,1284,0,2859,0
15/01/2021,5754,759,4446,2832,0,2301,0
15/01/2021,6926,334,1861,4077,0,1578,0
15/01/2021,10879,366,1510,1252,0,1215,0
15/01/2021,9902,380,2540,1112,0,1997,0
15/01/2021,5545,562,2481,2174,0,1995,0
15/01/2021,6422,587,2233,2376,0,881,0
15/01/2021,6431,540,2263,2321,0,2308,0
15/01/2021,6077,732,1979,1961,0,1461,0
15/01/2021,8399,412,1712,2454,0,2046,0
15/01/2021,9042,500,1492,2812,0,1312,0
15/01/2021,6010,396,3841,3279,0,1252,0
16/01/2021,5711,512,1875,2168,0,1338,0
16/01/2021,6537,437,1961,1816,0,1351,0
16/01/2021,6678,257,1569,1895,0,3226,0
16/01/2021,9520,409,3255,3363,0,966,0
16/01/2021,9961,616,1779,2015,0,2429,0
16/01/2021,9251,650,3577,2919,0,1903,0
16/01/2021,5794,752,1793,2229,0,2828,0
16/01/2021,8154,772,1769,2943,0,2563,0
16/01/2021,6727,294,2026,1463,0,3204,0
16/01/2021,10364,721,2255,3509,0,2400,0
16/01/2021,4690,496,1290,2105,0,1506,0
16/01/2021,4110,580,3712,3411,0,2712,0
16/01/2021,8392,379,4160,2619,0,2417,0
17/01/2021,7485,421,2166,3584,0,1310,0
17/01/2021,7534,534,1676,1844,0,2126,0
17/01/2021,7213,404,2953,1247,0,2307,0
17/01/2021,10677,481,1556,2287,0,2709,0
17/01/2021,7942,291,2210,3394,0,1544,0
17/01/2021,7975,526,1719,3114,0,1616,0
17/01/2021,9679,598,1086,1671,0,2356,0
17/01/2021,8397,655,3726,1554,0,2127,0
17/01/2021,7975,530,3142,2376,0,2586,0
17/01/2021,8729,653,2574,2388,0,1516,0
17/01/2021,9112,477,2228,2333,0,1766,0
18/01/2021,6499,497,2462,2044,0,1363,0
18/01/2021,6903,537,2860,1573,0,1110,0
18/01/2021,6125,673,1017,898,0,1235,0
18/01/2021,7735,311,1252,1442,0,2138,0
18/01/2021,5975,439,1615,2075,0,2634,0
18/01/2021,8444,395,1181,2579,0,3186,0
18/01/2021,7703,837,1416,3638,0,2014,0
18/01/2021,10080,638,1564,4618,0,1537,0
18/01/2021,7515,671,3515,1548,0,2887,0
18/01/2021,8278,624,1930,2829,0,1750,0
18/01/2021,10259,398,2882,2441,0,1904,0
18/01/2021,9885,592,1716,1190,0,1608,0
19/01/2021,6863,443,2517,1500,0,906,0
19/01/2021,5619,587,3019,1817,0,2934,0
19/01/2021,7290,527,991,3498,0,2629,0
19/01/2021,7518,489,3859,2099,0,1602,0
19/01/2021,8539,669,3151,857,0,1458,0
19/01/2021,4992,458,2229,1173,0,1761,0
19/01/2021,3891,361,1436,1314,0,1611,0
19/01/2021,5367,413,2731,1738,0,1785,0
19/01/2021,7033,432,1447,2247,0,1381,0
19/01/2021,11963,506,3801,4214,0,1244,0
19/01/2021,12130,296,1330,2953,0,1281,0
19/01/2021,9620,754,2208,2374,0,2860,0
20/01/2021,8976,741,3116,3039,0,3051,0
20/01/2021,6723,472,1227,2553,0,2832,0
20/01/2021,10135,691,1231,2141,0,1506,0
20/01/2021,8622,554,972,1234,0,1538,0
20/01/2021,8500,374,2126,1594,0,1967,0
20/01/2021,12185,516,3868,2217,0,2746,0
20/01/2021,8140,512,4436,3131,0,1473,0
20/01/2021,4572,434,1591,1604,0,1019,0
20/01/2021,6206,354,1881,1056,0,2623,0
20/01/2021,7522,543,4738,1364,0,2205,0
20/01/2021,7155,662,3556,1811,0,1678,0
20/01/2021,5148,336,3547,2740,0,3174,0
20/01/2021,6135,602,2994,1460,0,1810,0
21/01/2021,11480,475,1941,3350,0,1404,0
21/01/2021,9340,523,3461,1431,0,2517,0
21/01/2021,7742,623,2957,1434,0,1740,0
21/01/2021,5425,377,3917,4034,0,2387,0
21/01/2021,6165,403,3707,1367,0,1010,0
21/01/2021,6845,419,2405,2205,0,1860,0
21/01/2021,6448,402,2633,3224,0,2740,0
21/01/2021,9350,778,1081,1691,0,2974,0
21/01/2021,7038,354,1787,2100,0,3184,0
21/01/2021,10432,460,2687,1895,0,2206,0
21/01/2021,9065,358,4689,2276,0,1101,0
21/01/2021,8904,483,2721,2869,0,2191,0
21/01/2021,7497,564,2387,2317,0,1660,0
22/01/2021,6462,439,2092,1057,0,2043,0
22/01/2021,9695,450,3109,1761,0,1262,0
22/01/2021,9257,267,3076,2380,0,2671,0
22/01/2021,8555,309,2737,1555,0,1809,0
22/01/2021,9337,359,1772,4703,0,881,0
22/01/2021,7899,386,1961,1636,0,1504,0
22/01/2021,6630,419,1274,1193,0,3125,0
22/01/2021,9620,467,1600,1179,0,1720,0
22/01/2021,7584,648,1810,4930,0,1203,0
22/01/2021,6297,474,1206,1322,0,1710,0
22/01/2021,6956,589,2765,3880,0,2698,0
22/01/2021,10141,536,2739,2975,0,1305,0
22/01/2021,6173,702,1071,1123,0,1026,0
23/01/2021,5460,312,1240,2212,0,2256,0
23/01/2021,5387,402,2876,1256,0,2038,0
23/01/2021,5711,322,2929,1936,0,1484,0
23/01/2021,4516,684,1254,1260,0,2280,0
23/01/2021,7770,640,3801,3099,0,2201,0
23/01/2021,7540,293,4775,3989,0,2803,0
23/01/2021,7656,616,1677,2487,0,1460,0
23/01/2021,8272,305,3799,3377,0,2646,0
23/01/2021,4947,853,1176,4084,0,2571,0
23/01/2021,4468,796,2587,1819,0,1490,0
23/01/2021,5879,688,1511,1719,0,1332,0
23/01/2021,6549,461,2981,1128,0,1066,0
23/01/2021,5515,293,2968,2174,0,2906,0
24/01/2021,7421,363,1239,2162,0,3017,0
24/01/2021,6900,405,1928,1987,0,2494,0
24/01/2021,6971,286,4016,3436,0,2381,0
24/01/2021,7758,353,1527,1750,0,2015,0
24/01/2021,6664,688,914,1216,0,1992,0
24/01/2021,4971,590,3162,1913,0,846,0
24/01/2021,8464,653,3750,2701,0,1788,0
24/01/2021,7037,268,1676,2416,0,3232,0
24/01/2021,8956,399,1630,858,0,1534,0
24/01/2021,11040,725,1693,2270,0,2091,0
24/01/2021,7550,339,3472,3549,0,2837,0
24/01/2021,9249,457,920,2986,0,3198,0
25/01/2021,8304,363,3562,1825,0,1652,0
25/01/2021,11261,520,1198,3444,0,1822,0
25/01/2021,4570,449,1505,4934,0,1968,0
25/01/2021,9619,409,4614,2705,0,2207,0
25/01/2021,6074,447,3821,4627,0,1111,0
25/01/2021,4645,486,2937,2754,0,1647,0
25/01/2021,9491,552,1246,2947,0,1272,0
25/01/2021,8503,596,1662,3403,0,1879,0
25/01/2021,10681,338,1909,2854,0,936,0
25/01/2021,4849,540,1155,3611,0,1299,0
25/01/2021,7149,246,2446,2568,0,2783,0
25/01/2021,7353,398,1569,2291,0,2353,0
26/01/2021,5437,266,2410,3412,0,1589,0
26/01/2021,9994,459,2930,891,0,2401,0
26/01/2021,6871,389,3026,3714,0,1664,0
26/01/2021,9362,620,1981,3564,0,1273,0
26/01/2021,6820,448,2317,4011,0,1544,0
26/01/2021,10276,591,1933,2936,0,1032,0
26/01/2021,7104,526,1217,2896,0,2527,0
26/01/2021,7938,645,4580,2576,0,1150,0
26/01/2021,8300,602,1539,1721,0,2076,0
26/01/2021,6363,455,1769,1358,0,2811,0
26/01/2021,5726,525,4002,3928,0,1855,0
26/01/2021,5887,530,1844,1259,0,1446,0
27/01/2021,8531,523,3894,2846,0,3146,0
27/01/2021,4110,435,2958,2852,0,1672,0
27/01/2021,6605,386,3650,3312,0,2986,0
27/01/2021,4632,569,2866,4675,0,1329,0
27/01/2021,6022,309,2954,2889,0,1813,0
27/01/2021,7548,519,1960,2359,0,1374,0
27/01/2021,10104,277,1997,1964,0,1751,0
27/01/2021,7652,394,1872,3007,0,1155,0
27/01/2021,4837,350,2534,4636,0,2583,0
27/01/2021,6371,369,3399,1451,0,2464,0
27/01/2021,6036,396,2784,1028,0,2601,0
27/01/2021,4309,385,3411,1314,0,2739,0
28/01/2021,5651,384,2581,1768,0,3000,0
28/01/2021,8749,453,2879,3155,0,1031,0
28/01/2021,10388,394,2435,938,0,2463,0
28/01/2021,8023,277,1478,1539,0,1692,0
28/01/2021,7389,232,3751,1403,0,2948,0
28/01/2021,5674,623,4209,4437,0,2435,0
28/01/2021,6801,567,3085,1793,0,1232,0
28/01/2021,6264,377,1781,1679,0,1979,0
28/01/2021,6319,411,3682,3944,0,3056,0
28/01/2021,8075,425,3853,2999,0,3541,0
28/01/2021,6967,480,2428,2003,0,1604,0
28/01/2021,6044,436,1627,2228,0,3306,0
28/01/2021,5681,337,2213,1602,0,1605,0
29/01/2021,5493,380,1436,3028,0,1891,0
29/01/2021,7401,815,1389,4107,0,2042,0
29/01/2021,6739,309,1884,3932,0,908,0
29/01/2021,7419,516,2366,1994,0,1804,0
29/01/2021,8507,598,3239,2135,0,2779,0
29/01/2021,10026,766,2733,3595,0,1271,0
29/01/2021,5734,424,1207,3772,0,1444,0
29/01/2021,7366,412,1719,3506,0,1247,0
29/01/2021,9933,480,2714,3119,0,1403,0
29/01/2021,5087,371,2731,3912,0,2025,0
29/01/2021,9623,569,1682,3567,0,1378,0
29/01/2021,11059,358,1864,4048,0,2783,0
30/01/2021,8377,239,2445,4252,0,1125,0
30/01/2021,4976,809,3596,2128,0,1873,0
30/01/2021,6766,513,1113,1331,0,2062,0
30/01/2021,6919,285,4358,858,0,1042,0
30/01/2021,4792,584,3395,1426,0,1047,0
30/01/2021,10604,458,2129,2865,0,1914,0
30/01/2021,4902,267,2773,4699,0,3451,0
30/01/2021,6395,343,3233,1522,0,2411,0
30/01/2021,10914,557,1688,1386,0,1245,0
30/01/2021,6602,519,2641,4394,0,2320,0
30/01/2021,8824,586,1133,2195,0,1657,0
30/01/2021,5632,359,1065,1632,0,2684,0
30/01/2021,4052,675,1977,3578,0,2301,0
31/01/2021,7674,699,2107,4091,0,1998,0
31/01/2021,8375,641,1974,1547,0,1770,0
31/01/2021,10820,296,1533,2081,0,1578,0
31/01/2021,11162,536,2017,1921,0,3048,0
31/01/2021,10621,552,3023,1494,0,1993,0
31/01/2021,8778,296,1634,1680,0,2217,0
31/01/2021,7133,460,2589,2373,0,1428,0
31/01/2021,6144,600,1366,2333,0,1297,0
31/01/2021,10187,464,2164,2838,0,2381,0
31/01/2021,6719,712,2270,1493,0,2810,0
31/01/2021,5280,583,3658,3336,0,3290,0
31/01/2021,7431,487,3754,4377,0,1305,0
01/02/2021,10105,554,2978,2202,0,1686,0
01/02/2021,4611,660,2252,1785,0,779,0
01/02/2021,9459,538,2818,1146,0,1872,0
01/02/2021,9590,540,1674,3754,0,2141,0
01/02/2021,7317,526,3989,1348,0,1141,0
01/02/2021,8281,458,1889,3373,0,2406,0
01/02/2021,7032,286,2643,3678,0,2607,0
01/02/2021,5023,509,2128,2770,0,1814,0
01/02/2021,10791,705,3117,1401,0,2307,0
01/02/2021,7548,471,2915,2628,0,2523,0
01/02/2021,5995,559,3527,2719,0,2481,0
01/02/2021,6951,410,3468,3009,0,3473,0
02/02/2021,6121,422,3646,2733,0,1051,0
02/02/2021,6351,400,3648,2972,0,2262,0
02/02/2021,6305,374,3945,1352,0,1885,0
02/02/2021,7149,852,1559,2370,0,2629,0
02/02/2021,6975,698,2771,1115,0,1292,0
02/02/2021,8095,517,1084,2787,0,3089,0
02/02/2021,8578,637,3118,3509,0,2864,0
02/02/2021,6800,558,4756,2888,0,1133,0
02/02/2021,9066,425,1696,1509,0,932,0
02/02/2021,7636,591,2536,3212,0,1120,0
02/02/2021,7148,615,2941,1629,0,2623,0
02/02/2021,5479,473,1068,3531,0,863,0
03/02/2021,4621,356,1010,3084,0,3598,0
03/02/2021,8493,549,2790,1641,0,1591,0
03/02/2021,6176,542,1515,1008,0,1263,0
03/02/2021,10872,386,1511,2702,0,3036,0
03/02/2021,9076,399,3108,1192,0,2773,0
03/02/2021,7904,392,2144,1960,0,3594,0
03/02/2021,7781,610,4051,878,0,2492,0
03/02/2021,5487,443,1506,1960,0,3595,0
03/02/2021,7406,408,3495,1594,0,2587,0
03/02/2021,7781,551,2443,2618,0,1468,0
03/02/2021,9178,460,3447,2842,0,969,0
03/02/2021,7976,604,3211,2255,0,1198,0
04/02/2021,4507,442,4518,1282,0,2217,0
04/02/2021,7798,327,3837,2279,0,1595,0
04/02/2021,11208,601,4285,3152,0,2517,0
04/02/2021,7909,453,1054,3770,0,1707,0
04/02/2021,6705,330,1096,1324,0,1353,0
04/02/2021,3982,445,3239,2868,0,2713,0
04/02/2021,10334,616,1376,4421,0,1003,0
04/02/2021,7398,379,3491,1079,0,2312,0
04/02/2021,8310,423,1891,3469,0,1648,0
04/02/2021,10640,437,4040,3517,0,1835,0
04/02/2021,4716,622,2709,3443,0,1546,0
04/02/2021,4358,368,3163,2968,0,1845,0
05/02/2021,7379,538,3096,3108,0,1071,0
05/02/2021,6492,598,3459,2486,0,2459,0
05/02/2021,6930,391,1117,4483,0,2883,0
05/02/2021,10186,477,2026,2786,0,2024,0
05/02/2021,7434,506,916,1072,0,2834,0
05/02/2021,7516,274,3029,2052,0,1431,0
05/02/2021,8306,673,2701,2758,0,2818,0
05/02/2021,7002,332,1371,4036,0,2841,0
05/02/2021,4654,627,4137,2250,0,2661,0
05/02/2021,9735,512,3612,3241,0,3195,0
05/02/2021,7703,373,900,1839,0,3132,0
05/02/2021,7403,569,2732,3201,0,1911,0
06/02/2021,11921,295,1702,1457,0,980,0
06/02/2021,5974,587,3816,2197,0,1022,0
06/02/2021,7883,416,2881,3172,0,1822,0
06/02/2021,6048,547,3434,1672,0,2112,0
06/02/2021,7899,593,1595,2637,0,1134,0
06/02/2021,6038,399,2612,1814,0,1189,0
06/02/2021,7590,376,1139,4074,0,1106,0
06/02/2021,6864,652,1316,1639,0,2382,0
06/02/2021,7896,449,1024,1997,0,1180,0
06/02/2021,7903,685,1737,1810,0,1236,0
06/02/2021,7531,373,3417,3170,0,932,0
06/02/2021,11566,381,1550,4175,0,1781,0
07/02/2021,6150,390,2738,2690,0,1833,0
07/02/2021,5589,519,3732,4085,0,1487,0
07/02/2021,9093,531,3043,3808,0,913,0
07/02/2021,8613,534,3840,3299,0,2642,0
07/02/2021,12009,299,3924,2665,0,1634,0
07/02/2021,3863,576,2763,2648,0,1392,0
07/02/2021,7286,486,2065,3043,0,2874,0
07/02/2021,3927,317,3010,3647,0,1834,0
07/02/2021,11882,763,4400,1231,0,1499,0
07/02/2021,5301,322,2764,2337,0,2140,0
07/02/2021,6303,353,1081,2844,0,2327,0
07/02/2021,5354,613,2615,1208,0,1693,0
08/02/2021,8928,624,2114,2546,0,1081,0
08/02/2021,10014,272,2980,3528,0,3127,0
08/02/2021,5179,536,3275,1791,0,2885,0
08/02/2021,9784,393,1658,2981,0,2621,0
08/02/2021,7762,433,3293,3222,0,1241,0
08/02/2021,9462,480,1994,982,0,1255,0
08/02/2021,5704,589,1215,1973,0,1641,0
08/02/2021,7897,564,2597,2067,0,2796,0
08/02/2021,10802,556,1123,2999,0,2496,0
08/02/2021,7522,638,3556,3359,0,2253,0
08/02/2021,6970,319,1566,1318,0,1692,0
08/02/2021,7975,367,1223,3479,0,1343,0
08/02/2021,10186,371,1624,4757,0,1908,0
08/02/2021,9759,367,1306,4282,0,789,0
09/02/2021,7098,339,2847,3617,0,2215,0
09/02/2021,6578,507,2822,2041,0,1337,0
09/02/2021,8063,439,2058,1724,0,2087,0
09/02/2021,6578,633,1242,3485,0,1693,0
09/02/2021,5842,614,3590,1614,0,2267,0
09/02/2021,8554,514,1089,836,0,1222,0
09/02/2021,4811,443,1224,3350,0,2404,0
09/02/2021,8399,403,1516,3218,0,2009,0
09/02/2021,9729,386,4546,1578,0,1667,0
09/02/2021,7409,717,2331,1850,0,2266,0
09/02/2021,6816,375,1665,1368,0,1742,0
09/02/2021,7790,550,1844,2069,0,2447,0
10/02/2021,6368,539,3083,1609,0,1027,0
10/02/2021,7936,574,1957,3036,0,2848,0
10/02/2021,4746,384,1325,2659,0,2220,0
10/02/2021,10122,578,1577,3113,0,1517,0
10/02/2021,6618,350,1388,3955,0,2668,0
10/02/2021,10649,380,2611,1499,0,2397,0
10/02/2021,10108,450,2646,1892,0,2161,0
10/02/2021,8237,546,3038,2897,0,2788,0
10/02/2021,6185,443,2579,1392,0,1160,0
10/02/2021,7689,467,803,2383,0,3287,0
10/02/2021,7612,513,2246,995,0,3181,0
10/02/2021,6827,634,2985,812,0,2294,0
10/02/2021,4007,381,1886,4281,0,3015,0
11/02/2021,8871,512,2160,2099,0,1518,0
11/02/2021,6823,515,4173,1443,0,1183,0
11/02/2021,8610,496,3224,1328,0,1048,0
11/02/2021,6379,615,1757,1847,0,1354,0
11/02/2021,8579,610,4664,1989,0,2526,0
11/02/2021,5670,372,4087,1690,0,2012,0
11/02/2021,9366,396,3126,2325,0,1049,0
11/02/2021,6634,458,1904,1631,0,1477,0
11/02/2021,8923,505,3081,3589,0,1743,0
11/02/2021,6075,398,4515,3221,0,1917,0
11/02/2021,8873,325,3370,1078,0,2282,0
11/02/2021,8792,763,3460,3353,0,2682,0
11/02/2021,6038,761,2268,1496,0,1663,0
12/02/2021,11121,668,1950,3683,0,2415,0
12/02/2021,10918,295,4449,1619,0,1031,0
12/02/2021,7365,426,3732,2139,0,2057,0
12/02/2021,8215,513,2604,3629,0,1439,0
12/02/2021,9314,612,3108,2073,0,1420,0
12/02/2021,10283,403,3842,1687,0,2417,0
12/02/2021,8892,712,3205,1861,0,2310,0
12/02/2021,8576,399,955,1889,0,1972,0
12/02/2021,4925,527,1209,1340,0,1477,0
12/02/2021,9013,387,2280,3875,0,1494,0
12/02/2021,4094,316,1107,3321,0,3402,0
12/02/2021,10587,522,1942,2570,0,2365,0
13/02/2021,5532,354,3086,2046,0,3000,0
13/02/2021,6221,616,3142,2421,0,1163,0
13/02/2021,6573,763,3364,1789,0,2599,0
13/02/2021,7091,335,1180,2193,0,2938,0
13/02/2021,6165,672,3872,1670,0,3624,0
13/02/2021,5426,600,1156,1542,0,1298,0
13/02/2021,5783,790,1564,1922,0,1491,0
13/02/2021,6717,752,2151,1851,0,1333,0
13/02/2021,8264,560,1326,1983,0,2165,0
13/02/2021,6252,347,2851,2100,0,2003,0
13/02/2021,7826,552,3758,3771,0,3028,0
13/02/2021,8932,392,3296,2018,0,1594,0
14/02/2021,8677,508,1322,2278,0,2297,0
14/02/2021,7653,592,4511,3174,0,1812,0
14/02/2021,7075,577,2668,3581,0,1431,0
14/02/2021,4813,827,1553,1871,0,986,0
14/02/2021,3889,452,2957,1919,0,2434,0
14/02/2021,7983,469,3364,1079,0,1302,0
14/02/2021,7375,513,2980,1615,0,1581,0
14/02/2021,7896,306,1778,2028,0,1586,0
14/02/2021,6764,605,4066,1339,0,2476,0
14/02/2021,4729,633,2597,1753,0,1937,0
14/02/2021,3903,485,2370,3225,0,2976,0
14/02/2021,7665,701,2952,4167,0,1221,0
15/02/2021,6176,530,1252,2244,0,2372,0
15/02/2021,7931,570,1537,2261,0,1541,0
15/02/2021,7824,436,1618,2391,0,3065,0
15/02/2021,7249,331,1002,2248,0,2996,0
15/02/2021,6885,321,3094,1628,0,2009,0
15/02/2021,6930,593,2295,1197,0,1050,0
15/02/2021,9702,632,2428,1290,0,1253,0
15/02/2021,8549,500,2559,2754,0,1541,0
15/02/2021,8509,453,3055,1435,0,2932,0
15/02/2021,7312,525,2816,2099,0,3046,0
15/02/2021,11983,365,1323,4165,0,1501,0
15/02/2021,8235,622,3405,2223,0,1946,0
16/02/2021,8895,366,1761,2738,0,1348,0
16/02/2021,8685,497,1493,2372,0,2051,0
16/02/2021,6848,410,1383,2480,0,1875,0
16/02/2021,8673,496,1667,3390,0,1466,0
16/02/2021,10801,600,2701,2087,0,2605,0
16/02/2021,8238,482,1941,2963,0,2356,0
16/02/2021,5022,449,1805,2423,0,2238,0
16/02/2021,9042,479,3558,1981,0,1966,0
16/02/2021,4410,596,1552,1731,0,1602,0
16/02/2021,7076,439,1883,1577,0,1340,0
16/02/2021,6769,301,3956,2882,0,2417,0
16/02/2021,4476,345,4122,3298,0,900,0
17/02/2021,6295,428,1914,3280,0,1256,0
17/02/2021,6936,595,2683,2498,0,2509,0
17/02/2021,9466,450,1836,2378,0,1976,0
17/02/2021,5829,629,2532,1429,0,3020,0
17/02/2021,7600,245,2032,2594,0,1188,0
17/02/2021,10529,356,2711,3160,0,1997,0
17/02/2021,5500,682,4510,2184,0,2593,0
17/02/2021,8665,505,1234,2039,0,1275,0
17/02/2021,5567,424,3824,3758,0,2374,0
17/02/2021,5358,568,2593,1111,0,1763,0
17/02/2021,7003,275,1204,2389,0,1151,0
17/02/2021,4429,645,3692,4009,0,1516,0
17/02/2021,5342,620,2667,2637,0,2333,0
18/02/2021,4411,412,3153,1054,0,1443,0
18/02/2021,5251,435,976,2935,0,1935,0
18/02/2021,4072,433,3703,1716,0,2986,0
18/02/2021,6186,272,1909,2416,0,1208,0
18/02/2021,4735,442,3289,1381,0,2076,0
18/02/2021,7556,782,1528,3413,0,2025,0
18/02/2021,9922,337,1954,2722,0,1478,0
18/02/2021,8494,390,4442,4564,0,2207,0
18/02/2021,6220,486,2895,3235,0,821,0
18/02/2021,10882,502,1749,1975,0,2699,0
18/02/2021,8868,495,2343,1454,0,2924,0
18/02/2021,7126,400,2300,3031,0,1648,0
18/02/2021,10452,462,2263,2580,0,2249,0
19/02/2021,10743,783,2692,3126,0,1711,0
19/02/2021,4998,427,2861,1225,0,2189,0
19/02/2021,8666,541,2513,1184,0,3151,0
19/02/2021,5982,442,1881,3086,0,1301,0
19/02/2021,8157,566,4679,3133,0,2816,0
19/02/2021,5042,275,1096,3329,0,3398,0
19/02/2021,7466,575,2449,3790,0,2518,0
19/02/2021,5274,678,3583,1456,0,2447,0
19/02/2021,5022,339,1565,939,0,2216,0
19/02/2021,9193,602,3802,1203,0,1399,0
19/02/2021,8297,577,2961,2723,0,2398,0
19/02/2021,6811,416,2676,1573,0,2641,0
20/02/2021,8121,287,3795,1284,0,3315,0
20/02/2021,4084,709,2852,1317,0,2412,0
20/02/2021,5294,367,4139,2176,0,2618,0
20/02/2021,8835,599,2356,2902,0,1868,0
20/02/2021,10731,386,3601,2015,0,1733,0
20/02/2021,5812,424,3806,1504,0,2935,0
20/02/2021,5757,542,3666,1990,0,1813,0
20/02/2021,6440,298,1109,2209,0,2169,0
20/02/2021,6327,382,1517,1493,0,2021,0
20/02/2021,6855,458,4126,2659,0,1016,0
20/02/2021,5685,340,1491,3924,0,1745,0
20/02/2021,8418,410,3371,1930,0,3136,0
20/02/2021,5686,521,3579,2910,0,1234,0
21/02/2021,4935,654,3027,4191,0,1677,0
21/02/2021,4772,441,3963,1877,0,1695,0
21/02/2021,4793,665,2632,2379,0,1393,0
21/02/2021,7677,546,1031,1530,0,1610,0
21/02/2021,6214,549,2556,4801,0,2928,0
21/02/2021,8602,324,3171,2469,0,2086,0
21/02/2021,7109,417,1320,1759,0,2467,0
21/02/2021,10575,383,3228,1137,0,2121,0
21/02/2021,8190,477,1549,2877,0,1868,0
21/02/2021,5224,640,1312,3693,0,3079,0
21/02/2021,7824,545,3409,878,0,1378,0
21/02/2021,9108,261,2314,3001,0,2084,0
21/02/2021,8268,503,2572,4076,0,1760,0
22/02/2021,9296,610,2098,4245,0,2140,0
22/02/2021,7678,637,2187,2931,0,2121,0
22/02/2021,6671,441,2207,1370,0,1283,0
22/02/2021,6378,571,863,2674,0,2529,0
22/02/2021,7314,628,2942,3442,0,1900,0
22/02/2021,6221,296,2931,2045,0,2148,0
22/02/2021,9101,744,2437,1501,0,1184,0
22/02/2021,6288,283,3765,1078,0,2239,0
22/02/2021,6487,335,1818,1047,0,1071,0
22/02/2021,5622,382,1572,3103,0,1597,0
22/02/2021,6779,826,3085,3386,0,978,0
22/02/2021,5361,264,1351,1254,0,2234,0
22/02/2021,7865,723,1054,1143,0,1147,0
23/02/2021,7646,515,3205,1568,0,957,0
23/02/2021,4592,493,4430,2935,0,2899,0
23/02/2021,5842,670,3643,1257,0,2681,0
23/02/2021,5578,592,4187,2513,0,1154,0
23/02/2021,4424,527,1325,4853,0,3165,0
23/02/2021,10770,522,3735,2310,0,2305,0
23/02/2021,6540,540,2023,3016,0,2510,0
23/02/2021,6116,264,3187,2582,0,939,0
23/02/2021,5638,300,885,3491,0,2007,0
23/02/2021,9900,673,2124,3325,0,3086,0
23/02/2021,8022,444,2562,4324,0,1639,0
24/02/2021,8754,779,1893,2807,0,1099,0
24/02/2021,6837,339,4758,1321,0,2711,0
24/02/2021,11269,299,2860,3046,0,1121,0
24/02/2021,11300,560,3866,3170,0,2142,0
24/02/2021,8612,583,3387,2375,0,3247,0
24/02/2021,7612,575,2474,1427,0,1349,0
24/02/2021,6623,427,4492,2741,0,1661,0
24/02/2021,11080,643,1721,3517,0,3370,0
24/02/2021,6267,554,3569,3575,0,2383,0
24/02/2021,7144,531,3100,3156,0,3474,0
24/02/2021,4922,528,2879,3554,0,1807,0
24/02/2021,6660,419,2108,1314,0,1223,0
25/02/2021,7952,446,2717,3988,0,1956,0
25/02/2021,6170,368,1437,4086,0,1801,0
25/02/2021,7643,659,2314,3993,0,2217,0
25/02/2021,6164,753,1856,3958,0,2774,0
25/02/2021,4384,378,1248,4628,0,2022,0
25/02/2021,6647,433,2866,1912,0,1323,0
25/02/2021,7597,696,2293,2149,0,3657,0
25/02/2021,5221,632,1846,2313,0,1768,0
25/02/2021,6733,301,2966,2808,0,2829,0
25/02/2021,7118,737,1886,1504,0,2517,0
25/02/2021,9135,551,3528,4234,0,1153,0
25/02/2021,7677,317,1573,3687,0,3258,0
26/02/2021,4801,404,3801,3350,0,1038,0
26/02/2021,8991,499,2417,1818,0,1070,0
26/02/2021,7240,664,2996,1373,0,1961,0
26/02/2021,4281,376,4415,2017,0,1318,0
26/02/2021,9701,434,2617,3353,0,2174,0
26/02/2021,6129,483,4275,3344,0,2039,0
26/02/2021,10933,560,3526,1720,0,2481,0
26/02/2021,7506,678,4140,2029,0,3711,0
26/02/2021,6978,379,1577,2475,0,2131,0
26/02/2021,9392,758,2401,2482,0,1589,0
26/02/2021,5414,535,2866,1228,0,2654,0
26/02/2021,5257,474,2411,2557,0,1692,0
27/02/2021,4863,430,2020,2199,0,1173,0
27/02/2021,6294,698,935,1967,0,985,0
27/02/2021,9099,463,3238,1995,0,1655,0
27/02/2021,10426,510,2717,1991,0,2572,0
27/02/2021,12019,521,1492,2478,0,1848,0
27/02/2021,4396,520,1952,3516,0,2724,0
27/02/2021,6339,723,3505,3819,0,3253,0
27/02/2021,8682,489,1006,2679,0,2147,0
27/02/2021,7307,583,2197,4452,0,2441,0
27/02/2021,6229,646,2695,3166,0,941,0
27/02/2021,6943,406,1287,3628,0,2677,0
27/02/2021,7530,442,2432,3160,0,1585,0
28/02/2021,11132,515,3665,2729,0,1488,0
28/02/2021,7832,641,2724,3262,0,1328,0
28/02/2021,11435,352,2878,3884,0,1892,0
28/02/2021,5007,398,1991,3449,0,1452,0
28/02/2021,7506,433,1760,2568,0,1393,0
28/02/2021,7770,494,2265,2591,0,1218,0
28/02/2021,6144,456,2859,2808,0,1640,0
28/02/2021,8222,429,3083,3481,0,2836,0
28/02/2021,7833,507,2676,1547,0,2708,0
28/02/2021,9158,590,2062,1677,0,1298,0
28/02/2021,9130,549,3621,2490,0,1234,0
28/02/2021,7685,442,2185,1565,0,2930,0
28/02/2021,8312,541,3102,1159,0,1275,0
01/03/2021,4984,694,3922,1216,0,2870,0
01/03/2021,6692,353,1597,1446,0,2175,0
01/03/2021,6673,398,2989,4114,0,1510,0
01/03/2021,7860,502,1898,1641,0,838,0
01/03/2021,11234,492,3855,1573,0,1261,0
01/03/2021,5515,462,4781,1209,0,1712,0
01/03/2021,5631,600,4483,1668,0,1735,0
01/03/2021,7208,394,1993,3767,0,1634,0
01/03/2021,6966,420,3287,2022,0,3200,0
01/03/2021,6830,442,2187,2161,0,1219,0
01/03/2021,10798,597,2522,2173,0,1187,0
01/03/2021,8964,604,1648,1400,0,1575,0
01/03/2021,6634,444,1280,1060,0,1102,0
02/03/2021,10161,466,2671,3364,0,2191,0
02/03/2021,7021,429,2933,2374,0,2354,0
02/03/2021,7523,473,2912,1792,0,2088,0
02/03/2021,4568,797,1873,4083,0,1403,0
02/03/2021,9641,463,1995,3084,0,1741,0
02/03/2021,9340,611,2505,1096,0,1180,0
02/03/2021,7735,292,2812,1599,0,1547,0
02/03/2021,10557,551,1107,2179,0,3295,0
02/03/2021,8436,618,3277,1271,0,2775,0
02/03/2021,6118,543,3480,2870,0,1432,0
03/03/2021,6954,653,3786,1452,0,1926,0
03/03/2021,4464,263,1235,1375,0,1014,0
03/03/2021,9852,381,1410,3010,0,1719,0
03/03/2021,5850,669,2251,3341,0,1508,0
03/03/2021,5419,434,2533,1612,0,1295,0
03/03/2021,10988,576,3260,1832,0,2197,0
03/03/2021,10907,489,3616,4190,0,2314,0
03/03/2021,5593,539,3111,1325,0,2611,0
03/03/2021,7868,403,3248,1399,0,2672,0
03/03/2021,5036,675,3721,4654,0,2512,0
03/03/2021,10426,363,1678,1743,0,2290,0
04/03/2021,7439,548,4714,1504,0,2052,0
04/03/2021,6603,592,950,2116,0,1870,0
04/03/2021,6421,552,1859,1068,0,1451,0
04/03/2021,7654,526,3810,1363,0,1753,0
04/03/2021,7628,555,1942,4118,0,1543,0
04/03/2021,8846,702,1566,3335,0,2196,0
04/03/2021,7073,377,4674,2956,0,1515,0
04/03/2021,10326,460,3257,1468,0,1186,0
04/03/2021,8926,287,3606,2785,0,1407,0
04/03/2021,6769,330,2194,2877,0,2973,0
05/03/2021,5057,441,2429,1244,0,3053,0
05/03/2021,5601,409,1576,1542,0,1744,0
05/03/2021,8004,576,1568,1417,0,2520,0
05/03/2021,10299,525,2323,3033,0,3502,0
05/03/2021,7886,420,3601,2269,0,2512,0
05/03/2021,8319,743,1549,2119,0,1981,0
05/03/2021,9657,283,3813,4098,0,2136,0
05/03/2021,9799,816,1646,2422,0,1824,0
05/03/2021,7058,433,2478,2669,0,1336,0
05/03/2021,6369,561,2328,1200,0,2973,0
06/03/2021,9311,472,1477,3076,0,3004,0
06/03/2021,10426,488,2072,4030,0,1725,0
06/03/2021,5257,575,2128,2753,0,1074,0
06/03/2021,11737,470,3037,2267,0,2247,0
06/03/2021,6814,373,2159,1121,0,3506,0
06/03/2021,9115,414,3214,2448,0,2915,0
06/03/2021,7139,476,3350,1405,0,2541,0
06/03/2021,6924,497,1243,3778,0,2288,0
06/03/2021,7999,628,2980,1319,0,2330,0
06/03/2021,4624,562,2741,2334,0,2351,0
06/03/2021,10300,686,2851,1262,0,1522,0
07/03/2021,7972,358,1264,2562,0,1709,0
07/03/2021,9132,342,3038,2698,0,2895,0
07/03/2021,8846,516,1629,1364,0,2131,0
07/03/2021,8338,585,3358,1426,0,1409,0
07/03/2021,6316,701,3651,2553,0,1598,0
07/03/2021,6210,642,2885,1685,0,1467,0
07/03/2021,4409,582,3096,3319,0,2628,0
07/03/2021,6554,612,3368,2779,0,1919,0
07/03/2021,9802,675,1134,1185,0,3006,0
07/03/2021,7746,474,2712,2128,0,1778,0
08/03/2021,7392,551,4270,1664,0,1082,0
08/03/2021,8756,582,2818,1698,0,2166,0
08/03/2021,8404,494,1778,2838,0,2976,0
08/03/2021,6302,719,4438,3690,0,3368,0
08/03/2021,5853,457,4089,3340,0,3020,0
08/03/2021,5547,654,2536,4087,0,2502,0
08/03/2021,6036,611,1302,1915,0,1878,0
08/03/2021,7928,474,2458,865,0,2572,0
08/03/2021,7517,720,2303,1961,0,1610,0
08/03/2021,4753,509,2818,2039,0,3496,0
08/03/2021,5322,593,2911,3435,0,1310,0
09/03/2021,7377,539,2780,3388,0,1811,0
09/03/2021,6179,592,3164,1989,0,2003,0
09/03/2021,5390,499,3543,2443,0,1849,0
09/03/2021,4811,608,2802,3261,0,1978,0
09/03/2021,7628,542,1146,1702,0,2554,0
09/03/2021,9039,695,2718,4390,0,894,0
09/03/2021,6786,640,2227,1695,0,1242,0
09/03/2021,8541,347,2328,4379,0,2602,0
09/03/2021,4937,502,2746,1273,0,1862,0
09/03/2021,4523,383,2961,2695,0,1457,0
09/03/2021,6022,709,3687,1150,0,3139,0
09/03/2021,8608,401,1525,1515,0,2122,0
10/03/2021,8797,469,2756,2199,0,1343,0
10/03/2021,5867,623,2977,2573,0,2031,0
10/03/2021,6472,434,2477,1911,0,1234,0
10/03/2021,5445,764,1683,1754,0,2359,0
10/03/2021,5412,515,1452,3067,0,1019,0
10/03/2021,5844,430,2968,2933,0,2156,0
10/03/2021,7426,727,3822,3847,0,2278,0
10/03/2021,11189,344,2388,1104,0,2730,0
10/03/2021,4653,562,1337,2667,0,1526,0
10/03/2021,4952,499,3066,2222,0,1562,0
10/03/2021,7909,630,2263,1241,0,1353,0
10/03/2021,6951,279,1995,3074,0,1314,0
10/03/2021,8573,581,2298,2746,0,1875,0
11/03/2021,6773,331,2736,3883,0,1785,0
11/03/2021,6532,557,3046,2152,0,2256,0
11/03/2021,11241,555,3900,1890,0,1530,0
11/03/2021,4449,811,2108,2971,0,2084,0
11/03/2021,6651,825,1355,1258,0,3029,0
11/03/2021,4962,365,3416,3532,0,1838,0
11/03/2021,6289,354,2596,1407,0,2046,0
11/03/2021,5684,410,3369,1826,0,1682,0
11/03/2021,5606,837,942,2992,0,1521,0
11/03/2021,8214,270,1633,2596,0,2276,0
11/03/2021,4195,728,4060,2924,0,2998,0
11/03/2021,10175,501,4427,2974,0,2417,0
11/03/2021,6571,640,1629,3263,0,2381,0
12/03/2021,9628,289,1839,3407,0,3555,0
12/03/2021,5451,505,2903,1111,0,1272,0
12/03/2021,6531,433,1973,1881,0,1478,0
12/03/2021,6780,326,3111,1819,0,1444,0
12/03/2021,8049,400,2573,2355,0,2000,0
12/03/2021,6835,856,4497,2056,0,2290,0
12/03/2021,7814,690,3214,3679,0,1376,0
12/03/2021,9919,573,2349,3373,0,2562,0
12/03/2021,6601,602,2831,2045,0,1716,0
12/03/2021,6088,526,2415,2628,0,1528,0
12/03/2021,6650,479,1587,2394,0,1123,0
12/03/2021,7910,554,1705,2399,0,2944,0
12/03/2021,5427,545,1422,3046,0,1909,0
13/03/2021,6548,664,3075,2194,0,2063,0
13/03/2021,8452,414,2723,3847,0,1373,0
13/03/2021,6043,570,3563,3300,0,3094,0
13/03/2021,7174,547,3266,2288,0,2035,0
13/03/2021,5117,506,1677,1048,0,1523,0
13/03/2021,7652,562,3913,3028,0,1852,0
13/03/2021,5748,482,2784,4573,0,1095,0
13/03/2021,6676,574,3828,4120,0,2562,0
13/03/2021,5600,489,2717,3311,0,2503,0
13/03/2021,6787,622,4231,1938,0,1305,0
13/03/2021,4436,732,2316,1638,0,2095,0
13/03/2021,6543,263,2426,1071,0,2465,0
14/03/2021,5360,301,1653,2737,0,972,0
14/03/2021,6431,842,1601,3706,0,2801,0
14/03/2021,4946,349,2225,915,0,3233,0
14/03/2021,8948,454,1008,1484,0,2678,0
14/03/2021,10277,594,3463,2609,0,1350,0
14/03/2021,11607,300,1829,1582,0,2069,0
14/03/2021,4843,461,2969,4106,0,1395,0
14/03/2021,6689,636,2182,4530,0,2279,0
14/03/2021,6012,391,1207,1552,0,1681,0
14/03/2021,7495,311,1124,2140,0,1362,0
14/03/2021,8563,581,2977,2057,0,2012,0
14/03/2021,7499,355,2611,1323,0,1558,0
14/03/2021,4757,604,1362,1779,0,2723,0
15/03/2021,7620,315,2218,3472,0,1051,0
15/03/2021,4522,426,1144,1695,0,1867,0
15/03/2021,5915,541,2098,1276,0,2027,0
15/03/2021,9363,398,3702,3454,0,1816,0
15/03/2021,5443,502,2746,2349,0,1582,0
15/03/2021,6135,568,2773,2493,0,886,0
15/03/2021,8000,692,1760,2121,0,1514,0
15/03/2021,8444,496,3482,1106,0,1529,0
15/03/2021,4483,679,2824,3400,0,2041,0
15/03/2021,8025,461,3627,1868,0,2729,0
15/03/2021,9416,410,2540,2011,0,2898,0
15/03/2021,7772,279,3045,1903,0,1649,0
15/03/2021,8623,409,3091,2254,0,2466,0
15/03/2021,7504,525,3252,2360,0,1459,0
16/03/2021,5205,324,2832,1611,0,1509,0
16/03/2021,7748,352,1296,1457,0,1670,0
16/03/2021,8045,414,3606,2575,0,3059,0
16/03/2021,12068,465,1859,2263,0,1209,0
16/03/2021,7787,549,1689,1372,0,1696,0
16/03/2021,5145,403,947,3011,0,1184,0
16/03/2021,7699,338,2201,2016,0,2589,0
16/03/2021,6749,359,3626,3532,0,1054,0
16/03/2021,7002,346,1142,2521,0,2359,0
16/03/2021,5778,421,2051,2323,0,2408,0
16/03/2021,5318,619,3278,1490,0,3420,0
16/03/2021,6641,369,2152,2756,0,1911,0
17/03/2021,4961,563,2514,2374,0,1089,0
17/03/2021,5345,795,1544,2235,0,973,0
17/03/2021,5751,590,2470,2782,0,2132,0
17/03/2021,8707,538,2727,3007,0,1987,0
17/03/2021,7676,596,1393,3148,0,2406,0
17/03/2021,7758,469,2469,2896,0,2366,0
17/03/2021,6464,516,3027,2740,0,1692,0
17/03/2021,6894,282,1939,1819,0,1785,0
17/03/2021,5008,360,3954,2616,0,3216,0
17/03/2021,7145,491,1943,1532,0,909,0
17/03/2021,4082,564,4078,3670,0,980,0
17/03/2021,9944,548,2410,2735,0,1570,0
18/03/2021,4715,384,2677,1320,0,2492,0
18/03/2021,9451,331,3560,3398,0,2033,0
18/03/2021,4446,415,2353,2840,0,1218,0
18/03/2021,7264,321,1155,2692,0,2321,0
18/03/2021,9350,440,2287,1137,0,3148,0
18/03/2021,8321,605,1844,3310,0,2874,0
18/03/2021,5724,316,3732,1817,0,2226,0
18/03/2021,6177,465,2006,3468,0,2069,0
18/03/2021,8058,313,1835,1601,0,1142,0
18/03/2021,9136,432,3000,1864,0,1573,0
18/03/2021,10370,342,3167,1165,0,2684,0
18/03/2021,9709,293,3468,2561,0,1877,0
19/03/2021,8812,825,1754,3156,0,1561,0
19/03/2021,9464,630,2812,1936,0,973,0
19/03/2021,7661,461,3062,1212,0,1175,0
19/03/2021,10429,658,1869,2787,0,2518,0
19/03/2021,7030,394,2335,2501,0,2240,0
19/03/2021,7194,416,3123,1703,0,944,0
19/03/2021,7055,440,1384,2987,0,2278,0
19/03/2021,4502,768,3628,1830,0,1049,0
19/03/2021,6082,765,2959,2598,0,2691,0
19/03/2021,5888,382,3929,3932,0,2019,0
19/03/2021,7454,349,4367,1596,0,1958,0
19/03/2021,7784,824,3537,1229,0,2262,0
20/03/2021,6981,735,1565,3502,0,1825,0
20/03/2021,7940,530,3685,3074,0,1582,0
20/03/2021,5286,493,2101,2080,0,1846,0
20/03/2021,8820,607,3258,1006,0,1041,0
20/03/2021,5968,569,1582,3032,0,1769,0
20/03/2021,4757,291,846,1737,0,2264,0
20/03/2021,10311,761,2074,2081,0,1098,0
20/03/2021,9243,477,3395,3310,0,1372,0
20/03/2021,6681,740,2072,3270,0,1928,0
20/03/2021,11951,589,1183,1752,0,1086,0
20/03/2021,7563,589,4058,2660,0,1871,0
20/03/2021,7731,278,2025,2253,0,1837,0
20/03/2021,5206,296,1836,2906,0,1923,0
21/03/2021,6311,506,1170,3724,0,1332,0
21/03/2021,6217,572,1347,3958,0,1180,0
21/03/2021,6741,304,1866,2405,0,2771,0
21/03/2021,7386,505,1840,2914,0,1975,0
21/03/2021,5840,418,2605,3846,0,3044,0
21/03/2021,6428,361,1953,3638,0,2228,0
21/03/2021,8629,539,2411,4416,0,3014,0
21/03/2021,6275,485,1843,3170,0,969,0
21/03/2021,4787,764,1311,1476,0,1709,0
21/03/2021,8536,541,2446,2771,0,1396,0
21/03/2021,5848,500,1745,1318,0,1962,0
21/03/2021,7413,651,2494,2081,0,3368,0
21/03/2021,9028,635,3916,2638,0,1996,0
21/03/2021,8715,605,3874,1728,0,2587,0
22/03/2021,8607,533,2833,2044,0,2326,0
22/03/2021,7748,495,1693,1441,0,2577,0
22/03/2021,10247,472,2618,3116,0,1278,0
22/03/2021,7518,322,3068,1094,0,2070,0
22/03/2021,9455,507,3579,1723,0,1279,0
22/03/2021,8390,602,1352,1532,0,3083,0
22/03/2021,7783,603,4496,3874,0,2780,0
22/03/2021,6221,330,3689,2442,0,1332,0
22/03/2021,7739,455,1297,954,0,2067,0
22/03/2021,7778,366,2709,2913,0,1266,0
22/03/2021,4969,361,2484,3195,0,1089,0
22/03/2021,8358,414,1716,4355,0,2458,0
22/03/2021,8629,744,3743,1361,0,2226,0
23/03/2021,8778,391,3127,2760,0,1686,0
23/03/2021,7232,675,2826,2156,0,1825,0
23/03/2021,5810,293,1152,2380,0,2251,0
23/03/2021,9566,548,1746,4299,0,1410,0
23/03/2021,9820,472,3543,2919,0,1433,0
23/03/2021,9251,484,2210,1615,0,974,0
23/03/2021,8069,305,2267,4447,0,1141,0
23/03/2021,6519,511,2087,1838,0,2403,0
23/03/2021,8532,436,2400,1182,0,2724,0
23/03/2021,7744,601,1943,2900,0,1266,0
23/03/2021,7583,344,2287,2709,0,1274,0
23/03/2021,6526,632,2113,1890,0,1695,0
24/03/2021,10972,685,1120,4798,0,1776,0
24/03/2021,8514,337,2765,2185,0,2261,0
24/03/2021,5360,315,1795,2323,0,2476,0
24/03/2021,7528,313,1339,3501,0,1115,0
24/03/2021,11236,483,3079,1715,0,1183,0
24/03/2021,5590,246,2083,1671,0,855,0
24/03/2021,9189,728,3024,1919,0,3192,0
24/03/2021,8678,352,1880,3555,0,1342,0
24/03/2021,6985,522,2389,1889,0,2703,0
24/03/2021,10047,613,2445,1881,0,2606,0
25/03/2021,12141,808,2090,3504,0,2005,0
25/03/2021,8744,327,1419,2608,0,3129,0
25/03/2021,9081,546,3294,1950,0,1378,0
25/03/2021,10141,535,2407,2154,0,2512,0
25/03/2021,7844,564,1340,2332,0,2680,0
25/03/2021,9035,658,2324,1621,0,1716,0
25/03/2021,5552,769,1239,3777,0,3545,0
25/03/2021,10449,509,3779,1113,0,1137,0
25/03/2021,7763,607,1675,959,0,2637,0
25/03/2021,8081,278,3954,1515,0,2667,0
25/03/2021,5616,486,1960,3140,0,2945,0
26/03/2021,6888,730,3298,2639,0,1894,0
26/03/2021,8407,441,2906,2183,0,2600,0
26/03/2021,10138,345,3342,2401,0,1112,0
26/03/2021,5862,445,2255,1609,0,1385,0
26/03/2021,5410,265,1733,4550,0,1467,0
26/03/2021,5665,435,1189,3158,0,2644,0
26/03/2021,9159,415,2695,1763,0,2413,0
26/03/2021,5562,625,3942,1625,0,2919,0
26/03/2021,8005,470,2919,1515,0,1204,0
26/03/2021,6231,316,1353,953,0,2055,0
26/03/2021,6379,397,2593,4399,0,2841,0
27/03/2021,8408,370,4168,2317,0,1260,0
27/03/2021,6056,523,3525,2240,0,1767,0
27/03/2021,9567,345,1483,1869,0,1622,0
27/03/2021,4085,525,1339,2193,0,1187,0
27/03/2021,8408,498,1116,1091,0,2119,0
27/03/2021,8066,315,2527,2479,0,3065,0
27/03/2021,8149,458,1184,2227,0,1876,0
27/03/2021,8579,561,3686,3660,0,1863,0
27/03/2021,11476,369,2305,1354,0,1139,0
27/03/2021,8059,626,2135,1558,0,2032,0
27/03/2021,8024,292,2314,2922,0,2300,0
27/03/2021,8565,469,2168,1771,0,1330,0
28/03/2021,9394,705,2863,1065,0,917,0
28/03/2021,9911,490,3421,3169,0,1646,0
28/03/2021,6346,394,1759,2682,0,927,0
28/03/2021,8099,438,2262,3846,0,2607,0
28/03/2021,7087,270,3395,916,0,2445,0
28/03/2021,6862,325,3987,2885,0,2220,0
28/03/2021,9596,300,1415,2883,0,2480,0
28/03/2021,9106,356,1597,2863,0,1086,0
28/03/2021,6727,506,4064,1399,0,1171,0
28/03/2021,5298,680,3222,3042,0,2148,0
28/03/2021,6595,561,2587,2895,0,1678,0
28/03/2021,8637,431,1292,3478,0,1789,0
29/03/2021,5383,556,1361,3866,0,1909,0
29/03/2021,6067,691,2669,2916,0,1297,0
29/03/2021,6764,670,1361,4761,0,2321,0
29/03/2021,7035,337,3009,1279,0,2363,0
29/03/2021,10156,695,1533,1561,0,2353,0
29/03/2021,5434,434,2155,1583,0,947,0
29/03/2021,4732,340,2594,2819,0,1194,0
29/03/2021,6875,522,1097,3536,0,2213,0
29/03/2021,4984,487,1561,1367,0,1541,0
29/03/2021,8568,489,1935,3582,0,1696,0
29/03/2021,9385,813,2588,3038,0,1879,0
29/03/2021,6201,456,2308,2022,0,2721,0
29/03/2021,8233,407,4798,2149,0,1413,0
30/03/2021,7105,482,2462,1379,0,2449,0
30/03/2021,9819,472,3311,2757,0,1996,0
30/03/2021,8918,673,3775,3822,0,1293,0
30/03/2021,6324,369,2552,3657,0,1352,0
30/03/2021,6810,765,2626,2017,0,2685,0
30/03/2021,10528,682,1743,1668,0,1183,0
30/03/2021,5714,538,1104,3341,0,1363,0
30/03/2021,6322,752,3100,3364,0,2629,0
30/03/2021,9491,330,1475,983,0,3084,0
30/03/2021,7412,441,2346,2746,0,2529,0
30/03/2021,8809,330,2227,3640,0,3587,0
30/03/2021,7279,744,2013,2430,0,2710,0
30/03/2021,7654,594,2261,1418,0,2275,0
31/03/2021,6510,452,2544,3623,0,1747,0
31/03/2021,7457,568,3145,1746,0,1521,0
31/03/2021,6538,669,1987,3444,0,3357,0
31/03/2021,5475,779,1491,2397,0,1378,0
31/03/2021,7214,494,3221,1635,0,2535,0
31/03/2021,6480,675,3550,1974,0,1714,0
31/03/2021,6250,562,3071,1516,0,2959,0
31/03/2021,10510,619,757,2557,0,1365,0
31/03/2021,6590,618,2158,2111,0,2869,0
31/03/2021,5587,349,3504,2640,0,2351,0
31/03/2021,5320,683,3200,3125,0,1840,0
31/03/2021,7677,516,1681,1118,0,1577,0
31/03/2021,9725,368,1352,1966,0,2729,0
01/04/2021,7682,457,3138,4352,0,1867,0
01/04/2021,6985,402,2799,2241,0,2506,0
01/04/2021,8497,425,2432,1541,0,1774,0
01/04/2021,7320,371,2558,2148,0,1575,0
01/04/2021,6382,477,1301,3506,0,1103,0
01/04/2021,9814,585,1261,1729,0,991,0
01/04/2021,6632,731,2331,4626,0,3447,0
01/04/2021,5969,312,1997,3633,0,2481,0
01/04/2021,10338,472,3355,2774,0,2253,0
01/04/2021,6931,835,2620,1914,0,2690,0
01/04/2021,7638,405,2283,3752,0,2133,0
01/04/2021,6403,492,2721,953,0,1474,0
01/04/2021,10568,411,3637,3008,0,3114,0
02/04/2021,9489,748,2940,2180,0,1351,0
02/04/2021,6788,372,1878,1445,0,2359,0
02/04/2021,5556,608,2311,3196,0,1931,0
02/04/2021,9871,434,4096,1690,0,1359,0
02/04/2021,7533,812,2585,1373,0,2366,0
02/04/2021,5956,521,2200,3604,0,2703,0
02/04/2021,8851,313,2837,1373,0,2015,0
02/04/2021,4417,707,1252,2997,0,1283,0
02/04/2021,10680,290,1132,1614,0,1532,0
02/04/2021,6031,469,2022,3405,0,1769,0
02/04/2021,7822,550,4058,3817,0,1745,0
02/04/2021,5382,482,3574,1841,0,1968,0
02/04/2021,8335,523,1515,2271,0,995,0
03/04/2021,6097,677,2625,3076,0,1200,0
03/04/2021,6670,459,4453,782,0,2508,0
03/04/2021,9408,487,1832,2776,0,1966,0
03/04/2021,6399,678,3448,2260,0,3041,0
03/04/2021,9353,394,4107,2379,0,2961,0
03/04/2021,8657,470,4157,4250,0,1609,0
03/04/2021,5384,314,2360,1226,0,1729,0
03/04/2021,7119,283,1264,2819,0,1012,0
03/04/2021,8648,740,2839,3333,0,936,0
03/04/2021,5678,420,1235,4084,0,2413,0
03/04/2021,11143,555,4213,2371,0,2290,0
03/04/2021,10958,318,3156,3974,0,1363,0
03/04/2021,6822,358,1145,3023,0,1335,0
04/04/2021,9929,416,2437,1200,0,2101,0
04/04/2021,7984,570,2986,2980,0,1778,0
04/04/2021,6589,711,1699,2726,0,1690,0
04/04/2021,11670,659,1542,3502,0,2235,0
04/04/2021,5559,696,4224,1430,0,1805,0
04/04/2021,8943,702,3140,820,0,1457,0
04/04/2021,7887,414,1257,3359,0,2165,0
04/04/2021,10409,598,1537,4330,0,2563,0
04/04/2021,6078,619,4029,2078,0,1542,0
04/04/2021,11359,574,1938,1783,0,1378,0
04/04/2021,9987,558,2441,2626,0,3022,0
04/04/2021,4947,388,1153,2093,0,1583,0
04/04/2021,11222,362,4287,3751,0,1464,0
05/04/2021,6893,354,2617,2919,0,1348,0
05/04/2021,6968,530,2771,3618,0,2037,0
05/04/2021,5908,375,2563,3101,0,2115,0
05/04/2021,6310,636,2507,3474,0,2797,0
05/04/2021,6510,282,2316,3599,0,1150,0
05/04/2021,11087,379,2054,2575,0,2572,0
05/04/2021,5226,443,3402,2685,0,1099,0
05/04/2021,7508,701,3083,2250,0,2007,0
05/04/2021,8405,840,2112,1262,0,2760,0
05/04/2021,5881,660,2901,2244,0,1323,0
05/04/2021,10179,556,1934,3480,0,1692,0
05/04/2021,7129,462,4222,3659,0,1496,0
05/04/2021,6686,500,4130,2239,0,2746,0
06/04/2021,7510,685,2276,1586,0,889,0
06/04/2021,6814,529,1644,3663,0,1195,0
06/04/2021,9956,523,1103,3487,0,1527,0
06/04/2021,7626,818,1462,2590,0,2117,0
06/04/2021,10245,604,1439,2373,0,1871,0
06/04/2021,6426,549,3253,1981,0,1753,0
06/04/2021,8012,463,1812,3277,0,2185,0
06/04/2021,5742,466,2199,2479,0,1534,0
06/04/2021,6276,480,2204,1751,0,2104,0
06/04/2021,7500,465,3095,2448,0,1838,0
06/04/2021,7217,513,1572,1946,0,2173,0
06/04/2021,8848,525,1299,2162,0,1984,0
06/04/2021,5498,562,1591,3033,0,1805,0
07/04/2021,5114,687,2001,2240,0,1998,0
07/04/2021,6741,588,1417,3123,0,1973,0
07/04/2021,8687,484,1357,2420,0,2934,0
07/04/2021,7751,702,4651,1328,0,1756,0
07/04/2021,6392,375,3014,1191,0,1834,0
07/04/2021,6202,337,4102,1816,0,2371,0
07/04/2021,9075,701,2284,2258,0,1796,0
07/04/2021,5775,519,3381,3241,0,3360,0
07/04/2021,7326,532,3472,2504,0,1088,0
07/04/2021,7197,272,1538,3610,0,3066,0
07/04/2021,9229,471,2728,1381,0,2387,0
07/04/2021,11130,384,2178,3564,0,2249,0
08/04/2021,5487,703,3303,2635,0,2798,0
08/04/2021,6629,582,3897,1661,0,1166,0
08/04/2021,4065,508,2216,893,0,2597,0
08/04/2021,4582,314,2502,4474,0,1976,0
08/04/2021,5706,379,1010,3215,0,2647,0
08/04/2021,6101,446,2344,4151,0,2231,0
08/04/2021,10687,330,1281,4014,0,1542,0
08/04/2021,6138,620,2045,1577,0,2035,0
08/04/2021,6495,797,2740,3155,0,1376,0
08/04/2021,4844,370,3942,3584,0,1357,0
08/04/2021,10937,325,1389,2954,0,759,0
08/04/2021,8657,539,1873,2735,0,1749,0
09/04/2021,7702,467,1323,3160,0,2989,0
09/04/2021,4540,567,2642,3988,0,2783,0
09/04/2021,9887,308,1770,3408,0,2905,0
09/04/2021,7969,603,1992,4137,0,3288,0
09/04/2021,6397,381,1162,2342,0,2154,0
09/04/2021,4910,634,1293,1178,0,2092,0
09/04/2021,7692,342,4179,2208,0,2433,0
09/04/2021,7563,567,3851,2776,0,3622,0
09/04/2021,5073,615,2752,3363,0,1557,0
09/04/2021,11595,585,4396,3508,0,2780,0
09/04/2021,5691,499,2988,1415,0,3041,0
09/04/2021,8922,402,2869,2829,0,1979,0
09/04/2021,9415,458,2808,2707,0,2658,0
10/04/2021,5871,583,1844,3487,0,1323,0
10/04/2021,7824,291,3105,2435,0,2601,0
10/04/2021,7861,434,3702,1202,0,3293,0
10/04/2021,6960,603,3598,2843,0,1198,0
10/04/2021,6892,515,1737,1130,0,1724,0
10/04/2021,5204,477,4643,1897,0,1011,0
10/04/2021,9924,684,1760,1863,0,2766,0
10/04/2021,8184,534,3274,2494,0,1854,0
10/04/2021,5703,515,3531,1444,0,3048,0
10/04/2021,6719,493,2241,2736,0,2289,0
10/04/2021,7715,440,3125,3427,0,3094,0
10/04/2021,7842,372,3755,3872,0,3390,0
10/04/2021,10930,383,3254,2735,0,2985,0
11/04/2021,8081,380,3413,3612,0,3237,0
11/04/2021,6947,255,3206,3162,0,2976,0
11/04/2021,4710,642,1801,2004,0,1177,0
11/04/2021,9567,382,2931,2307,0,1570,0
11/04/2021,7633,473,1877,2788,0,1762,0
11/04/2021,10109,687,2829,2183,0,1319,0
11/04/2021,8507,503,1390,1461,0,1853,0
11/04/2021,6434,655,2421,4566,0,1691,0
11/04/2021,8643,390,3666,1986,0,2788,0
11/04/2021,6417,537,1647,3137,0,2347,0
11/04/2021,4190,312,4528,3940,0,1109,0
11/04/2021,7871,312,2943,2757,0,1499,0
11/04/2021,8673,357,2240,4654,0,2868,0
12/04/2021,5825,475,2590,1264,0,2364,0
12/04/2021,6013,616,3228,3692,0,828,0
12/04/2021,7068,506,2510,1332,0,3047,0
12/04/2021,4378,450,1493,1490,0,2393,0
12/04/2021,5934,675,3016,2497,0,2745,0
12/04/2021,6334,481,4615,3557,0,2202,0
12/04/2021,7340,578,2306,3047,0,1486,0
12/04/2021,6286,722,1924,3646,0,2348,0
12/04/2021,6313,549,1865,2077,0,2195,0
12/04/2021,9310,276,996,3135,0,1370,0
12/04/2021,5962,278,2272,2510,0,1154,0
12/04/2021,9788,801,3663,2548,0,1289,0
12/04/2021,4786,294,2818,4139,0,1574,0
13/04/2021,7468,550,2114,3718,0,3436,0
13/04/2021,5968,440,1692,3158,0,1653,0
13/04/2021,6146,356,3636,853,0,1302,0
13/04/2021,7355,481,4581,1582,0,2504,0
13/04/2021,7887,532,1568,3129,0,2229,0
13/04/2021,9928,557,3096,1979,0,2714,0
13/04/2021,6347,763,2400,3637,0,2459,0
13/04/2021,10275,410,2778,4125,0,2551,0
13/04/2021,6985,374,1776,3136,0,1222,0
13/04/2021,8570,554,2863,3339,0,1439,0
13/04/2021,4172,406,4743,2218,0,2081,0
13/04/2021,5895,677,2144,2857,0,1344,0
13/04/2021,5266,398,2537,1202,0,2290,0
14/04/2021,4964,357,3426,1759,0,1569,0
14/04/2021,8654,308,2379,1980,0,2498,0
14/04/2021,7854,583,2491,3843,0,1160,0
14/04/2021,6785,574,3324,2780,0,3232,0
14/04/2021,7320,840,3281,839,0,1219,0
14/04/2021,9384,445,3893,2750,0,3505,0
14/04/2021,6945,472,2395,2948,0,2115,0
14/04/2021,6051,407,2923,1735,0,2646,0
14/04/2021,6453,314,3080,2693,0,2568,0
14/04/2021,6492,783,1667,2419,0,1519,0
14/04/2021,4620,642,2212,788,0,2203,0
14/04/2021,7486,334,3831,2130,0,1042,0
14/04/2021,4996,521,2236,3564,0,1914,0
15/04/2021,7310,606,880,3255,0,1265,0
15/04/2021,8033,385,1310,2189,0,2408,0
15/04/2021,4729,640,3713,1748,0,1244,0
15/04/2021,7216,397,2835,1633,0,1189,0
15/04/2021,7655,413,1240,2458,0,2760,0
15/04/2021,8349,672,3383,3098,0,1648,0
15/04/2021,7061,475,3522,3360,0,1564,0
15/04/2021,5477,387,2407,1439,0,1970,0
15/04/2021,7176,521,3214,1925,0,2048,0
15/04/2021,10216,413,1677,1559,0,2633,0
15/04/2021,8631,716,3297,2201,0,2282,0
15/04/2021,5136,345,1540,2014,0,1821,0
15/04/2021,7293,542,3771,2518,0,1463,0
16/04/2021,7505,540,1138,2440,0,2432,0
16/04/2021,6121,302,4700,2192,0,1046,0
16/04/2021,5621,415,894,2777,0,1883,0
16/04/2021,9184,389,3438,4152,0,1610,0
16/04/2021,5832,598,1357,3627,0,1412,0
16/04/2021,10719,255,2875,3734,0,3172,0
16/04/2021,8323,362,2563,861,0,1933,0
16/04/2021,11193,478,1302,1981,0,2824,0
16/04/2021,6155,554,1776,1753,0,1575,0
16/04/2021,10731,803,2073,1459,0,2436,0
16/04/2021,5528,414,2626,2734,0,2102,0
16/04/2021,10446,587,2078,1732,0,2037,0
17/04/2021,9043,326,2011,2896,0,2753,0
17/04/2021,7131,336,3160,1702,0,2246,0
17/04/2021,9621,497,3139,3026,0,1407,0
17/04/2021,10898,501,1442,1012,0,2560,0
17/04/2021,4638,321,984,4072,0,2016,0
17/04/2021,6378,484,2655,3307,0,2091,0
17/04/2021,8107,483,3242,1576,0,2159,0
17/04/2021,5323,419,1301,2728,0,1943,0
17/04/2021,10267,665,3043,4061,0,2922,0
17/04/2021,6453,273,3564,3488,0,3173,0
17/04/2021,8063,433,1004,2797,0,1257,0
17/04/2021,5426,365,3061,2506,0,3423,0
18/04/2021,5130,725,3015,4079,0,1669,0
18/04/2021,10923,523,2615,3900,0,2876,0
18/04/2021,9660,413,1934,2939,0,2552,0
18/04/2021,8278,481,2739,3411,0,1483,0
18/04/2021,9207,619,2789,2401,0,1850,0
18/04/2021,8557,672,3963,1267,0,1470,0
18/04/2021,7113,620,1068,1255,0,2243,0
18/04/2021,12368,410,2981,2132,0,2703,0
18/04/2021,11408,363,2551,3385,0,1963,0
18/04/2021,7688,362,2117,2114,0,3350,0
18/04/2021,7691,545,1291,3429,0,1683,0
19/04/2021,6429,579,2096,1889,0,1326,0
19/04/2021,4457,496,4367,1913,0,3156,0
19/04/2021,6702,424,3404,1669,0,2708,0
19/04/2021,5998,279,2568,1664,0,1508,0
19/04/2021,6425,552,3419,2876,0,2260,0
19/04/2021,7644,439,4411,4329,0,1927,0
19/04/2021,7256,361,4263,2561,0,1518,0
19/04/2021,6509,425,1068,1174,0,2780,0
19/04/2021,8091,355,1223,2113,0,2269,0
19/04/2021,6707,447,3949,3907,0,3339,0
19/04/2021,8052,373,2746,2623,0,1541,0
19/04/2021,12411,368,1278,3094,0,1018,0
20/04/2021,5138,336,1644,1981,0,1973,0
20/04/2021,7548,382,2628,4252,0,2930,0
20/04/2021,7298,380,4153,1996,0,2162,0
20/04/2021,6788,383,1691,3467,0,918,0
20/04/2021,6593,479,4376,1767,0,1914,0
20/04/2021,8487,410,2941,4245,0,965,0
20/04/2021,10797,375,1620,1169,0,2039,0
20/04/2021,7845,367,2459,1215,0,1081,0
20/04/2021,5854,398,1648,3184,0,1792,0
20/04/2021,5220,318,1893,3538,0,2696,0
20/04/2021,8512,736,2252,3043,0,2781,0
20/04/2021,7063,398,2994,3629,0,2808,0
20/04/2021,7420,531,3403,4366,0,2315,0
21/04/2021,9739,413,4549,3884,0,2463,0
21/04/2021,10212,334,2053,3344,0,1951,0
21/04/2021,6558,588,2207,4143,0,1251,0
21/04/2021,7454,381,2596,1616,0,1077,0
21/04/2021,10120,564,1662,2364,0,1612,0
21/04/2021,10843,348,1584,2373,0,1289,0
21/04/2021,5914,545,1442,1006,0,1383,0
21/04/2021,7788,572,2989,1318,0,1329,0
21/04/2021,10590,410,2689,3282,0,1636,0
21/04/2021,7189,609,3535,1204,0,1462,0
21/04/2021,8132,436,2306,1250,0,2627,0
21/04/2021,7916,442,2042,3056,0,2255,0
21/04/2021,8548,478,1036,2161,0,2514,0
22/04/2021,8969,411,3729,3282,0,1460,0
22/04/2021,6040,614,4080,2994,0,1248,0
22/04/2021,5632,403,1135,1346,0,1849,0
22/04/2021,7251,829,4114,3552,0,3566,0
22/04/2021,6911,424,4415,1807,0,1359,0
22/04/2021,6858,443,1545,2290,0,3264,0
22/04/2021,4886,349,1021,1427,0,1300,0
22/04/2021,8449,397,3900,1755,0,1981,0
22/04/2021,7893,300,1160,2326,0,2831,0
22/04/2021,6186,256,2060,1217,0,1091,0
22/04/2021,8487,369,3856,1311,0,2134,0
22/04/2021,8429,560,3313,2014,0,1845,0
22/04/2021,4752,372,3525,1551,0,829,0
23/04/2021,11277,321,2174,1700,0,2204,0
23/04/2021,9214,398,1303,1910,0,3311,0
23/04/2021,7624,539,2802,3809,0,3254,0
23/04/2021,5078,376,2999,3323,0,1920,0
23/04/2021,6601,301,1318,1507,0,1153,0
23/04/2021,9848,689,4171,2033,0,2473,0
23/04/2021,8209,653,2436,3304,0,3592,0
23/04/2021,11175,581,1401,3274,0,2919,0
23/04/2021,6049,714,2767,1051,0,2054,0
23/04/2021,5065,357,2565,1316,0,1695,0
23/04/2021,6760,701,2177,3486,0,1776,0
23/04/2021,5967,330,1898,2456,0,1728,0
23/04/2021,5696,489,1748,2729,0,1984,0
24/04/2021,4997,682,2668,1536,0,2430,0
24/04/2021,4400,480,2986,3062,0,999,0
24/04/2021,9530,379,2493,2985,0,1012,0
24/04/2021,6997,450,2989,1054,0,3074,0
24/04/2021,5287,375,4229,3307,0,2219,0
24/04/2021,7371,377,2140,1494,0,2208,0
24/04/2021,6926,397,1692,2884,0,1488,0
24/04/2021,7431,353,3512,1541,0,1800,0
24/04/2021,6455,618,3737,2909,0,2328,0
24/04/2021,6699,545,2483,3261,0,2728,0
24/04/2021,6778,622,2820,2499,0,1301,0
24/04/2021,4633,464,4144,1565,0,2396,0
24/04/2021,5212,737,1634,1155,0,1800,0
25/04/2021,7389,693,2810,3048,0,1819,0
25/04/2021,10173,506,1132,2214,0,1135,0
25/04/2021,6938,566,1882,2777,0,1612,0
25/04/2021,7004,371,2515,3532,0,3636,0
25/04/2021,7987,777,1805,2519,0,2066,0
25/04/2021,10112,801,1923,2104,0,2938,0
25/04/2021,8758,547,1126,1916,0,1419,0
25/04/2021,7935,326,1812,2118,0,2164,0
25/04/2021,5387,320,2532,1950,0,1889,0
25/04/2021,7271,341,2353,1739,0,1764,0
25/04/2021,7256,721,2931,3718,0,1404,0
25/04/2021,9844,393,4655,2775,0,2692,0
25/04/2021,7110,469,960,2330,0,1836,0
26/04/2021,6662,468,1276,1132,0,1391,0
26/04/2021,10575,315,3650,3111,0,1590,0
26/04/2021,9264,520,3215,2807,0,1556,0
26/04/2021,6933,313,4372,2329,0,2221,0
26/04/2021,5987,401,1320,3239,0,1823,0
26/04/2021,9012,524,3375,2801,0,1169,0
26/04/2021,10522,468,2006,2717,0,1661,0
26/04/2021,5711,464,2838,1457,0,2422,0
26/04/2021,4746,545,4000,2628,0,1115,0
26/04/2021,4620,311,4094,2782,0,2634,0
26/04/2021,5953,569,4021,2774,0,1957,0
26/04/2021,4858,745,3423,3890,0,3269,0
26/04/2021,8944,559,1388,1812,0,2787,0
27/04/2021,6187,557,2959,2381,0,1185,0
27/04/2021,4072,470,4332,1293,0,1146,0
27/04/2021,8168,625,2361,2881,0,2394,0
27/04/2021,5742,645,2844,2166,0,1160,0
27/04/2021,9761,410,1767,1044,0,2348,0
27/04/2021,6184,274,2265,2630,0,1234,0
27/04/2021,5584,580,1008,2402,0,2450,0
27/04/2021,7452,300,1471,3759,0,1866,0
27/04/2021,7089,472,1973,2526,0,1087,0
27/04/2021,7460,642,2966,4087,0,1258,0
27/04/2021,7958,275,2288,1180,0,2833,0
27/04/2021,5696,418,2950,3866,0,2026,0
27/04/2021,6549,382,2112,2352,0,1410,0
28/04/2021,7640,309,1952,1904,0,875,0
28/04/2021,3856,357,3287,3106,0,803,0
28/04/2021,11835,689,2385,2004,0,2215,0
28/04/2021,9969,426,1875,2265,0,920,0
28/04/2021,6287,567,2518,2543,0,1652,0
28/04/2021,8168,720,4444,2955,0,2044,0
28/04/2021,8104,508,2817,1565,0,3273,0
28/04/2021,5567,600,1418,4418,0,1182,0
28/04/2021,7713,392,1253,3209,0,1844,0
28/04/2021,6758,307,1737,4545,0,2497,0
28/04/2021,5842,417,2675,1791,0,2667,0
28/04/2021,11067,715,2005,4532,0,1089,0
28/04/2021,5108,282,2237,2832,0,2304,0
29/04/2021,6957,708,2656,1471,0,2480,0
29/04/2021,6024,461,3021,978,0,2308,0
29/04/2021,10549,711,2023,3440,0,1794,0
29/04/2021,10970,400,3134,3325,0,1112,0
29/04/2021,9210,573,3958,2565,0,1952,0
29/04/2021,6021,662,3944,1189,0,1182,0
29/04/2021,11683,404,1739,3525,0,1879,0
29/04/2021,6485,321,2813,2341,0,2109,0
29/04/2021,8142,419,3000,910,0,3012,0
29/04/2021,7015,514,1981,1855,0,3022,0
29/04/2021,9579,646,1242,1692,0,2985,0
29/04/2021,6468,339,1347,2796,0,938,0
29/04/2021,7296,637,2231,2979,0,2540,0
30/04/2021,9115,497,3793,1046,0,2490,0
30/04/2021,10721,480,1618,1016,0,797,0
30/04/2021,5877,386,864,3845,0,2519,0
30/04/2021,8269,378,1635,1319,0,2875,0
30/04/2021,6981,366,2007,3398,0,1839,0
30/04/2021,8491,624,1942,1335,0,2884,0
30/04/2021,9226,747,2245,2451,0,2107,0
30/04/2021,7903,241,2900,1978,0,2210,0
30/04/2021,9325,465,1199,2926,0,2074,0
30/04/2021,9079,679,3021,4867,0,2664,0
30/04/2021,4974,356,3570,2267,0,1753,0
30/04/2021,7100,571,3166,3692,0,2963,0
30/04/2021,5838,508,2338,1918,0,2923,0
01/05/2021,6300,377,1705,3592,0,2859,0
01/05/2021,5390,299,1254,3153,0,3356,0
01/05/2021,6342,604,4068,1996,0,890,0
01/05/2021,6122,440,3571,3253,0,1436,0
01/05/2021,8674,719,1875,2048,0,1417,0
01/05/2021,7996,465,3349,3723,0,1006,0
01/05/2021,7693,395,3605,2746,0,1899,0
01/05/2021,8503,260,2690,3555,0,1835,0
01/05/2021,8654,558,1681,2826,0,2040,0
01/05/2021,6870,368,3836,2589,0,2576,0
01/05/2021,4858,405,1559,2857,0,2121,0
01/05/2021,6334,293,2882,2696,0,1575,0
01/05/2021,8576,412,3241,1217,0,1474,0
02/05/2021,6893,480,1989,3707,0,2916,0
02/05/2021,6156,254,3424,2718,0,2077,0
02/05/2021,6413,433,2598,3188,0,3526,0
02/05/2021,9000,473,4020,1657,0,2375,0
02/05/2021,9522,276,2046,2617,0,1290,0
02/05/2021,10145,448,2576,1244,0,3340,0
02/05/2021,10016,512,3369,1277,0,2359,0
02/05/2021,7847,362,1447,1811,0,2652,0
02/05/2021,6642,297,2063,3998,0,2782,0
02/05/2021,5866,388,913,1568,0,3054,0
02/05/2021,5844,324,2596,2546,0,2561,0
02/05/2021,9551,364,4179,3583,0,1390,0
02/05/2021,7965,408,2696,3516,0,2701,0
03/05/2021,7585,460,1423,979,0,1438,0
03/05/2021,9758,665,1878,2730,0,2810,0
03/05/2021,5607,248,2594,1462,0,1454,0
03/05/2021,8032,413,1175,3803,0,2476,0
03/05/2021,8669,603,1924,2484,0,1018,0
03/05/2021,7576,541,911,1415,0,2474,0
03/05/2021,6608,592,3791,1534,0,1468,0
03/05/2021,7668,362,3496,2986,0,2167,0
03/05/2021,6691,763,3291,3324,0,2375,0
03/05/2021,7141,716,2420,1413,0,2272,0
03/05/2021,9224,463,2003,3415,0,2437,0
03/05/2021,5377,362,4173,1473,0,2733,0
03/05/2021,6004,376,1080,2645,0,2685,0
04/05/2021,6663,522,2072,1946,0,1645,0
04/05/2021,9759,645,3601,2980,0,1771,0
04/05/2021,5954,703,2221,1841,0,2896,0
04/05/2021,9010,607,2088,2349,0,1838,0
04/05/2021,6625,806,2525,4020,0,1151,0
04/05/2021,8155,294,3455,2187,0,3278,0
04/05/2021,7759,568,3548,2087,0,2396,0
04/05/2021,6764,514,4372,3797,0,1646,0
04/05/2021,6245,632,2672,1094,0,1330,0
04/05/2021,6435,483,4188,2547,0,2898,0
04/05/2021,5834,629,3687,2576,0,3440,0
04/05/2021,7988,746,2344,1236,0,1738,0
05/05/2021,6430,569,2447,2866,0,768,0
05/05/2021,11488,262,1571,2709,0,3559,0
05/05/2021,9696,491,3102,2802,0,1491,0
05/05/2021,10151,387,2522,3244,0,3153,0
05/05/2021,9485,324,2666,2734,0,1450,0
05/05/2021,6644,677,4401,2378,0,2937,0
05/05/2021,9694,723,2678,1285,0,3284,0
05/05/2021,7949,825,2006,2729,0,2895,0
05/05/2021,7534,323,2226,3091,0,1699,0
05/05/2021,8143,442,1511,3218,0,1497,0
05/05/2021,6074,335,990,4222,0,1548,0
05/05/2021,7986,318,4111,2261,0,2442,0
05/05/2021,8523,365,2818,2064,0,943,0
06/05/2021,10331,567,2807,3848,0,2200,0
06/05/2021,5961,448,3136,1277,0,2528,0
06/05/2021,7973,778,1548,2727,0,1735,0
06/05/2021,7661,458,3191,2522,0,2442,0
06/05/2021,7631,630,2249,2861,0,2255,0
06/05/2021,7420,438,4612,1212,0,2842,0
06/05/2021,11091,350,1385,2705,0,2052,0
06/05/2021,6636,392,2702,4117,0,2173,0
06/05/2021,7270,388,1662,2569,0,2004,0
06/05/2021,5209,729,1948,1893,0,1871,0
06/05/2021,9212,801,4092,3553,0,2843,0
06/05/2021,7256,440,1924,1112,0,1496,0
06/05/2021,10316,511,2597,2386,0,2377,0
07/05/2021,9429,366,2621,3210,0,2462,0
07/05/2021,6004,775,945,4135,0,2349,0
07/05/2021,6894,558,4359,1377,0,1848,0
07/05/2021,11070,557,1393,1176,0,3178,0
07/05/2021,8367,499,1506,2085,0,1428,0
07/05/2021,6300,612,3318,3325,0,2551,0
07/05/2021,4706,672,2115,4168,0,1276,0
07/05/2021,6703,438,3291,4025,0,1018,0
07/05/2021,7677,654,3431,4240,0,3382,0
07/05/2021,7944,704,1819,3019,0,3370,0
07/05/2021,7199,478,1519,4078,0,2909,0
07/05/2021,6722,616,1017,3658,0,1958,0
07/05/2021,7193,696,1174,2291,0,2825,0
08/05/2021,5911,527,2724,4179,0,865,0
08/05/2021,5469,358,3095,2281,0,2512,0
08/05/2021,8237,699,2824,1653,0,1756,0
08/05/2021,7026,299,1788,3937,0,1781,0
08/05/2021,10784,516,3494,3057,0,3650,0
08/05/2021,8909,453,1332,3686,0,2560,0
08/05/2021,5027,350,2231,3172,0,2447,0
08/05/2021,8195,349,4246,1870,0,2188,0
08/05/2021,7003,429,3208,2492,0,3141,0
08/05/2021,7217,648,2249,2518,0,2633,0
08/05/2021,7373,424,2371,2970,0,1488,0
08/05/2021,6214,312,1407,1569,0,3286,0
08/05/2021,6453,582,1629,2213,0,1703,0
09/05/2021,6535,430,1542,1707,0,1080,0
09/05/2021,4655,272,1838,1551,0,1379,0
09/05/2021,6630,657,2624,4487,0,3176,0
09/05/2021,6474,275,2785,1573,0,2879,0
09/05/2021,9663,304,4531,1697,0,1019,0
09/05/2021,6548,339,1504,2809,0,1016,0
09/05/2021,6144,664,3121,1044,0,1985,0
09/05/2021,7331,714,1750,1088,0,2027,0
09/05/2021,4851,673,2917,2582,0,1406,0
09/05/2021,4543,566,3453,2273,0,2598,0
09/05/2021,7424,611,2243,1832,0,2783,0
09/05/2021,7159,330,1410,4240,0,2392,0
10/05/2021,11416,620,2227,3873,0,2550,0
10/05/2021,8356,279,4150,1619,0,1648,0
10/05/2021,7485,503,1830,1282,0,1664,0
10/05/2021,8779,405,2067,2245,0,2432,0
10/05/2021,6133,639,2794,3175,0,1565,0
10/05/2021,6241,423,1602,1198,0,1189,0
10/05/2021,7091,405,2125,2097,0,1513,0
10/05/2021,8750,547,3962,2661,0,3002,0
10/05/2021,10428,598,3209,2515,0,1196,0
10/05/2021,11316,794,3956,1757,0,1303,0
10/05/2021,6131,473,2909,4386,0,2087,0
10/05/2021,6248,474,3075,3695,0,1910,0
10/05/2021,9725,746,2609,1982,0,1049,0
11/05/2021,5517,353,1035,1003,0,2103,0
11/05/2021,7342,770,3400,3082,0,1692,0
11/05/2021,9409,705,2243,1483,0,1130,0
11/05/2021,9924,458,2003,1306,0,2178,0
11/05/2021,7975,346,851,1693,0,2298,0
11/05/2021,8746,656,2139,3475,0,1486,0
11/05/2021,4767,720,1485,2095,0,1513,0
11/05/2021,5669,624,1647,3590,0,2163,0
11/05/2021,5695,413,2137,3227,0,1757,0
11/05/2021,6315,578,2711,3156,0,803,0
11/05/2021,7756,553,1174,3402,0,1186,0
11/05/2021,7896,504,2117,1461,0,2149,0
11/05/2021,5768,680,1762,1879,0,1515,0
12/05/2021,10346,364,905,4698,0,1464,0
12/05/2021,6939,412,2816,3356,0,3039,0
12/05/2021,7161,573,2001,1563,0,1300,0
12/05/2021,6046,541,3021,1316,0,2151,0
12/05/2021,5274,424,3615,1108,0,890,0
12/05/2021,7710,653,2203,1214,0,1179,0
12/05/2021,6615,697,1010,2038,0,2270,0
12/05/2021,9065,513,2662,3903,0,925,0
12/05/2021,7867,274,2124,3334,0,2688,0
12/05/2021,6371,400,2023,2635,0,2169,0
12/05/2021,8828,472,3029,1801,0,2704,0
12/05/2021,5730,611,3014,1771,0,1285,0
12/05/2021,6229,589,3501,1905,0,1955,0
13/05/2021,7544,742,2794,3356,0,1999,0
13/05/2021,8763,571,3295,1281,0,2389,0
13/05/2021,7467,427,825,1432,0,2092,0
13/05/2021,9354,359,2663,2192,0,1499,0
13/05/2021,6654,642,3229,3741,0,1463,0
13/05/2021,4557,362,1423,4615,0,1341,0
13/05/2021,5370,556,1681,3090,0,1292,0
13/05/2021,5034,374,1806,1435,0,1168,0
13/05/2021,6767,607,1902,1985,0,1104,0
13/05/2021,9798,395,3035,2413,0,978,0
13/05/2021,8092,566,2538,2443,0,1389,0
13/05/2021,5400,535,3439,3504,0,2035,0
13/05/2021,5932,319,1375,2671,0,2346,0
14/05/2021,6569,604,3299,2823,0,2735,0
14/05/2021,5638,511,2133,1921,0,2643,0
14/05/2021,8998,465,1934,2292,0,2629,0
14/05/2021,7529,553,1766,2670,0,1880,0
14/05/2021,9105,696,2444,1902,0,2093,0
14/05/2021,7236,544,4415,1746,0,2374,0
14/05/2021,9970,475,2123,2205,0,3563,0
14/05/2021,4592,436,1766,1037,0,1592,0
14/05/2021,11802,333,2696,1738,0,999,0
14/05/2021,7794,622,1168,3288,0,2141,0
14/05/2021,7354,807,4263,1303,0,3210,0
14/05/2021,6020,289,2593,1861,0,1165,0
14/05/2021,8945,366,3817,1773,0,1843,0
15/05/2021,9059,689,1250,2495,0,2874,0
15/05/2021,10400,629,3258,2894,0,2117,0
15/05/2021,10741,742,2574,4241,0,1007,0
15/05/2021,5197,416,2407,1830,0,1496,0
15/05/2021,5494,368,3578,2086,0,2600,0
15/05/2021,7515,511,3109,2146,0,2908,0
15/05/2021,4280,467,3827,2715,0,2237,0
15/05/2021,6945,576,2858,1842,0,1906,0
15/05/2021,7698,497,2616,3535,0,1351,0
15/05/2021,8000,590,3398,3042,0,2809,0
15/05/2021,7921,538,2428,1874,0,1785,0
15/05/2021,10297,509,2284,2915,0,1610,0
16/05/2021,5236,414,3679,4407,0,2146,0
16/05/2021,8620,368,2222,2206,0,2352,0
16/05/2021,9525,362,2373,1329,0,1308,0
16/05/2021,9213,344,2746,2849,0,2375,0
16/05/2021,7469,502,2946,1756,0,2089,0
16/05/2021,9944,487,1126,2299,0,1221,0
16/05/2021,8354,805,2646,3185,0,1137,0
16/05/2021,5457,321,4258,1940,0,2385,0
16/05/2021,6320,694,3228,1244,0,2229,0
16/05/2021,8106,719,2428,2433,0,2461,0
16/05/2021,9173,740,2019,1873,0,1955,0
16/05/2021,5788,669,2345,3676,0,1498,0
16/05/2021,4934,577,1393,2350,0,2575,0
17/05/2021,6671,494,3068,1304,0,1126,0
17/05/2021,11346,325,1677,2063,0,1212,0
17/05/2021,5687,491,1257,2654,0,1160,0
17/05/2021,9450,507,3874,3161,0,1960,0
17/05/2021,5767,598,3376,1317,0,1762,0
17/05/2021,5899,346,3923,1960,0,1998,0
17/05/2021,5862,586,4451,1355,0,1961,0
17/05/2021,6062,463,2357,934,0,1866,0
17/05/2021,4916,338,3503,2614,0,2907,0
17/05/2021,5421,692,2761,1514,0,954,0
17/05/2021,6403,462,3441,939,0,1938,0
17/05/2021,8959,401,4113,2457,0,1177,0
18/05/2021,10017,375,2496,1226,0,1488,0
18/05/2021,6259,518,3122,1276,0,2819,0
18/05/2021,4710,362,2341,1266,0,2152,0
18/05/2021,6108,378,4185,3134,0,3622,0
18/05/2021,6609,521,2461,4501,0,1646,0
18/05/2021,4761,481,3044,1283,0,1065,0
18/05/2021,9767,497,2899,2976,0,1744,0
18/05/2021,6799,414,2537,1708,0,2597,0
18/05/2021,6686,461,2829,3882,0,1715,0
18/05/2021,10053,375,3591,2337,0,1042,0
18/05/2021,7540,407,2049,1744,0,1515,0
18/05/2021,5156,673,1481,1069,0,1158,0
19/05/2021,5404,343,2802,3421,0,1803,0
19/05/2021,8710,412,3495,4259,0,1424,0
19/05/2021,7571,578,2602,2812,0,2452,0
19/05/2021,8267,528,1545,3079,0,2979,0
19/05/2021,5318,554,951,4629,0,1307,0
19/05/2021,5050,767,883,4186,0,1190,0
19/05/2021,8689,299,3191,1122,0,1971,0
19/05/2021,8185,455,1301,1739,0,1161,0
19/05/2021,6766,488,4034,2173,0,2356,0
19/05/2021,5679,717,2076,2066,0,2921,0
19/05/2021,6367,417,3647,3022,0,1617,0
19/05/2021,9772,414,1480,2849,0,1175,0
19/05/2021,8933,534,3199,1970,0,1016,0
20/05/2021,6581,622,3237,1950,0,2409,0
20/05/2021,10168,232,2175,1144,0,1924,0
20/05/2021,6634,341,4289,2951,0,3199,0
20/05/2021,4511,298,4705,3393,0,1542,0
20/05/2021,4738,692,1314,2841,0,2819,0
20/05/2021,8754,658,1722,1343,0,2565,0
20/05/2021,9109,499,1111,2020,0,2053,0
20/05/2021,7084,487,1649,1067,0,3104,0
20/05/2021,8646,577,2903,3556,0,1731,0
20/05/2021,4485,299,3316,925,0,3079,0
20/05/2021,9200,359,3045,3808,0,1640,0
20/05/2021,5909,753,2911,2685,0,1546,0
20/05/2021,5736,504,2671,3051,0,3018,0
20/05/2021,5399,510,1651,4302,0,1633,0
21/05/2021,6061,686,2141,1100,0,862,0
21/05/2021,7958,403,1737,3831,0,2231,0
21/05/2021,5565,313,3653,3844,0,925,0
21/05/2021,8254,372,1399,1397,0,2144,0
21/05/2021,4898,663,2037,1370,0,1272,0
21/05/2021,5359,694,2003,2658,0,1433,0
21/05/2021,7303,330,1439,987,0,1177,0
21/05/2021,6371,264,1108,2328,0,1647,0
21/05/2021,9119,401,2730,3008,0,2120,0
21/05/2021,5527,672,2664,3169,0,1597,0
21/05/2021,6702,678,2252,2971,0,1244,0
21/05/2021,8058,533,2663,2507,0,2445,0
21/05/2021,5151,516,3136,2272,0,2180,0
22/05/2021,7757,399,1673,1267,0,2781,0
22/05/2021,5824,390,3366,1388,0,2063,0
22/05/2021,8262,290,1716,1962,0,2798,0
22/05/2021,7397,377,1817,2273,0,1417,0
22/05/2021,6435,373,1380,1130,0,2405,0
22/05/2021,10266,534,2701,1702,0,1834,0
22/05/2021,9045,462,1432,3977,0,1416,0
22/05/2021,6557,338,1926,3452,0,2976,0
22/05/2021,7392,693,1681,3290,0,2250,0
22/05/2021,6564,735,2502,2136,0,1351,0
22/05/2021,10050,379,3580,2901,0,1460,0
22/05/2021,6178,366,2382,2465,0,1970,0
23/05/2021,7512,410,1111,1551,0,2889,0
23/05/2021,9614,379,1279,1456,0,1525,0
23/05/2021,5917,320,1619,2343,0,1669,0
23/05/2021,10658,583,2521,1234,0,2002,0
23/05/2021,6472,669,3451,1013,0,2192,0
23/05/2021,7473,498,1734,1579,0,2336,0
23/05/2021,7559,535,4013,2108,0,1813,0
23/05/2021,5208,654,1329,3949,0,2456,0
23/05/2021,8810,303,4204,1089,0,1031,0
23/05/2021,7618,687,1975,3149,0,1355,0
23/05/2021,6273,411,3535,3168,0,2777,0
23/05/2021,6568,411,1287,2024,0,2076,0
23/05/2021,7619,696,1726,1132,0,2621,0
24/05/2021,8943,304,1755,2400,0,2178,0
24/05/2021,6745,516,1198,1376,0,1233,0
24/05/2021,7170,374,1598,1955,0,2525,0
24/05/2021,7510,743,1470,3620,0,2609,0
24/05/2021,7404,370,1614,1682,0,2175,0
24/05/2021,8218,333,1719,3100,0,2371,0
24/05/2021,9086,507,1016,2525,0,1815,0
24/05/2021,9246,445,2786,4615,0,1357,0
24/05/2021,4702,490,2364,3631,0,1415,0
24/05/2021,5681,584,3090,2997,0,2162,0
24/05/2021,6038,276,1044,2765,0,2330,0
24/05/2021,7412,335,3490,1940,0,2229,0
25/05/2021,6518,548,4333,1359,0,1821,0
25/05/2021,5868,381,1969,2400,0,2872,0
25/05/2021,6650,402,1451,1951,0,2447,0
25/05/2021,5950,641,2267,2158,0,1976,0
25/05/2021,5888,546,2877,2950,0,1506,0
25/05/2021,4971,641,3796,3155,0,2701,0
25/05/2021,7314,524,2404,2282,0,1615,0
25/05/2021,8392,695,3683,1488,0,3273,0
25/05/2021,7407,489,2025,2652,0,1538,0
25/05/2021,5774,738,2702,2239,0,1100,0
25/05/2021,7831,329,3486,3724,0,1650,0
25/05/2021,5187,383,3590,3110,0,2192,0
26/05/2021,6620,359,1970,852,0,1288,0
26/05/2021,9488,401,2283,2210,0,1829,0
26/05/2021,5788,694,2585,1338,0,2470,0
26/05/2021,6540,555,2162,2474,0,1907,0
26/05/2021,6218,532,2485,1846,0,1863,0
26/05/2021,10678,280,3931,1999,0,2538,0
26/05/2021,5351,354,931,1284,0,1668,0
26/05/2021,11242,551,2529,2580,0,3224,0
26/05/2021,8295,496,2619,1237,0,2194,0
26/05/2021,7444,363,2964,2535,0,1931,0
26/05/2021,5427,294,3271,1242,0,3034,0
26/05/2021,5070,606,2800,2711,0,1104,0
26/05/2021,5763,736,3368,992,0,1677,0
27/05/2021,9216,438,4450,1787,0,3196,0
27/05/2021,9729,376,1948,1487,0,2774,0
27/05/2021,10047,519,3753,2666,0,1607,0
27/05/2021,4824,526,1793,3951,0,1768,0
27/05/2021,6760,429,1124,2175,0,1167,0
27/05/2021,6520,768,4195,2211,0,2775,0
27/05/2021,4669,773,3314,2891,0,1563,0
27/05/2021,10157,487,1962,1979,0,1893,0
27/05/2021,9582,696,1489,3721,0,2144,0
27/05/2021,9936,331,2690,2846,0,1732,0
27/05/2021,7665,375,3007,3071,0,1514,0
27/05/2021,6338,403,2828,2646,0,2649,0
27/05/2021,8736,777,1347,2681,0,3293,0
28/05/2021,4595,344,2369,3467,0,991,0
28/05/2021,7570,356,3038,2158,0,2369,0
28/05/2021,10446,614,4514,2213,0,2932,0
28/05/2021,5726,428,3656,3263,0,2798,0
28/05/2021,8249,473,3481,2432,0,1487,0
28/05/2021,7091,443,1610,2631,0,3145,0
28/05/2021,9265,304,1526,3073,0,3559,0
28/05/2021,9672,377,1641,1431,0,1913,0
28/05/2021,11629,356,1146,2871,0,2560,0
28/05/2021,8134,556,2811,3418,0,2577,0
28/05/2021,4131,384,1416,4306,0,1326,0
28/05/2021,7937,612,2575,3581,0,1036,0
28/05/2021,11414,303,1548,2098,0,2010,0
28/05/2021,10200,518,2304,2479,0,1149,0
29/05/2021,8608,676,2172,2899,0,1907,0
29/05/2021,6965,607,3416,1993,0,2294,0
29/05/2021,8904,808,3156,3918,0,2290,0
29/05/2021,7119,617,2275,1418,0,1120,0
29/05/2021,8172,390,1265,2405,0,1365,0
29/05/2021,6946,352,3894,3337,0,3292,0
29/05/2021,6304,466,2722,1169,0,1848,0
29/05/2021,7076,270,4514,3404,0,3154,0
29/05/2021,9372,712,3789,2089,0,1805,0
29/05/2021,7120,770,3410,2892,0,2026,0
29/05/2021,6420,568,1541,1158,0,965,0
29/05/2021,9222,294,3823,934,0,3444,0
29/05/2021,5534,700,3437,1612,0,1288,0
29/05/2021,5595,396,1710,964,0,2711,0
30/05/2021,8453,579,1629,2145,0,2558,0
30/05/2021,11146,550,2454,3500,0,2280,0
30/05/2021,5542,446,3212,2306,0,2240,0
30/05/2021,6438,346,3829,3018,0,3193,0
30/05/2021,6789,425,3147,3735,0,2519,0
30/05/2021,7092,429,1718,2778,0,1470,0
30/05/2021,6756,388,2099,2058,0,1947,0
30/05/2021,4590,434,3383,1786,0,1794,0
30/05/2021,8296,260,2813,3205,0,1041,0
30/05/2021,11136,442,3111,1222,0,1788,0
30/05/2021,6079,495,3809,1351,0,1885,0
30/05/2021,7190,544,989,2550,0,2127,0
30/05/2021,8400,305,3257,2258,0,1358,0
30/05/2021,5782,696,2079,2184,0,1169,0
31/05/2021,5908,545,3060,1777,0,1118,0
31/05/2021,6034,237,2974,2209,0,1086,0
31/05/2021,6215,698,1435,2036,0,1331,0
31/05/2021,6465,598,3253,1425,0,2408,0
31/05/2021,5543,539,3185,1594,0,2277,0
31/05/2021,11004,262,2192,2403,0,2600,0
31/05/2021,6612,727,3177,2423,0,1545,0
31/05/2021,7627,585,3534,2072,0,1832,0
31/05/2021,5299,493,1434,1589,0,1541,0
31/05/2021,7109,591,3750,906,0,2619,0
31/05/2021,6859,488,1573,3269,0,3261,0
31/05/2021,12170,775,2067,4524,0,2473,0
31/05/2021,6377,518,3218,1810,0,2385,0
01/06/2021,5903,340,1653,4133,0,2937,0
01/06/2021,10776,733,908,1585,0,1984,0
01/06/2021,6171,383,1534,1943,0,3037,0
01/06/2021,7491,547,3440,3478,0,2064,0
01/06/2021,9534,455,1316,1693,0,1420,0
01/06/2021,6281,434,3318,1445,0,1615,0
01/06/2021,7778,435,2227,2037,0,3462,0
01/06/2021,7025,716,2011,1450,0,2262,0
01/06/2021,9127,678,3782,2820,0,3524,0
01/06/2021,5163,616,3858,2184,0,1660,0
01/06/2021,7264,433,3563,2163,0,940,0
01/06/2021,10874,286,3191,2542,0,2136,0
01/06/2021,5959,497,2223,2443,0,3388,0
01/06/2021,6737,486,4304,3154,0,1571,0
02/06/2021,5871,397,3365,4640,0,2442,0
02/06/2021,11677,410,3108,2849,0,1865,0
02/06/2021,5065,386,2345,1683,0,2006,0
02/06/2021,5568,745,4291,2971,0,2680,0
02/06/2021,6171,495,2161,2832,0,2380,0
02/06/2021,5774,403,1468,1444,0,1157,0
02/06/2021,11820,580,1395,2009,0,2673,0
02/06/2021,10436,450,1003,3833,0,1999,0
02/06/2021,7799,388,2457,4171,0,2387,0
02/06/2021,7624,500,1601,3219,0,1149,0
02/06/2021,8795,391,3842,1616,0,3028,0
02/06/2021,10529,374,1118,2145,0,2238,0
03/06/2021,5511,764,1790,2682,0,2297,0
03/06/2021,6980,674,4073,2524,0,3190,0
03/06/2021,7949,480,2379,4229,0,3427,0
03/06/2021,8253,407,3343,2163,0,2006,0
03/06/2021,5938,588,2148,2859,0,2176,0
03/06/2021,8407,759,2266,2350,0,1070,0
03/06/2021,6682,329,1253,2708,0,1026,0
03/06/2021,7540,501,3099,2457,0,1357,0
03/06/2021,4742,650,1531,2443,0,1960,0
03/06/2021,10078,463,1299,1127,0,2207,0
03/06/2021,7573,436,1885,4179,0,2160,0
03/06/2021,5618,328,3893,2009,0,2441,0
03/06/2021,5086,276,2125,1174,0,3334,0
03/06/2021,7263,455,2307,3259,0,1478,0
04/06/2021,7471,834,4588,2048,0,2270,0
04/06/2021,6340,494,1282,3188,0,1496,0
04/06/2021,7733,559,1160,3016,0,2822,0
04/06/2021,9074,618,1310,4081,0,2045,0
04/06/2021,6219,653,1947,3351,0,2734,0
04/06/2021,5015,469,2794,3118,0,2467,0
04/06/2021,9246,505,1368,2049,0,2385,0
04/06/2021,9196,291,1313,2945,0,3154,0
04/06/2021,5114,304,3318,2521,0,2373,0
04/06/2021,4896,674,1848,3615,0,2537,0
04/06/2021,8346,565,3388,3201,0,1823,0
04/06/2021,10947,683,1340,4342,0,1929,0
04/06/2021,9605,469,1472,1709,0,3317,0
04/06/2021,6341,612,2476,3153,0,2782,0
05/06/2021,5703,524,4227,1048,0,1815,0
05/06/2021,4898,486,2670,4147,0,3301,0
05/06/2021,4502,300,3157,1649,0,2111,0
05/06/2021,4691,289,2695,3275,0,1234,0
05/06/2021,5727,645,4088,3099,0,1899,0
05/06/2021,5057,296,3242,3331,0,1414,0
05/06/2021,7119,591,1116,2137,0,2853,0
05/06/2021,10404,638,3085,2860,0,2557,0
05/06/2021,8255,366,3740,3166,0,2409,0
05/06/2021,12062,422,2908,1458,0,1897,0
05/06/2021,7766,453,2398,1277,0,2471,0
05/06/2021,5729,445,3975,1304,0,1200,0
05/06/2021,6997,470,4531,3326,0,1692,0
06/06/2021,6299,515,3229,3078,0,1446,0
06/06/2021,7762,341,3476,1715,0,2056,0
06/06/2021,7236,380,2675,2197,0,963,0
06/06/2021,7388,539,4229,3160,0,2272,0
06/06/2021,10474,680,3700,2157,0,2668,0
06/06/2021,6827,451,3029,4661,0,1844,0
06/06/2021,5763,324,1937,1763,0,1060,0
06/06/2021,6261,511,2842,1267,0,2944,0
06/06/2021,4514,553,1182,3233,0,1001,0
06/06/2021,6202,567,1838,3463,0,1259,0
06/06/2021,9165,354,2998,3434,0,3200,0
06/06/2021,5749,466,1580,1318,0,3576,0
07/06/2021,7043,639,2590,4106,0,2096,0
07/06/2021,7983,327,1940,3093,0,2364,0
07/06/2021,6703,640,1025,4099,0,1220,0
07/06/2021,6608,580,1858,4433,0,3579,0
07/06/2021,5387,510,3379,2012,0,1772,0
07/06/2021,9804,552,2765,3752,0,1542,0
07/06/2021,5935,391,4187,2432,0,1967,0
07/06/2021,6675,471,3700,2671,0,1650,0
07/06/2021,7488,668,1159,3901,0,1583,0
07/06/2021,8512,333,2635,1756,0,1259,0
07/06/2021,7750,544,1569,932,0,1352,0
07/06/2021,6956,632,2469,2925,0,1608,0
07/06/2021,7608,673,4206,3543,0,1368,0
08/06/2021,9789,742,1650,1378,0,2748,0
08/06/2021,4731,760,2272,4437,0,1660,0
08/06/2021,5843,746,3149,1782,0,1354,0
08/06/2021,6580,263,3379,3155,0,1909,0
08/06/2021,6100,499,2647,986,0,1722,0
08/06/2021,5634,497,1846,1563,0,1158,0
08/06/2021,8239,511,1642,2330,0,2515,0
08/06/2021,9366,365,1874,3308,0,2489,0
08/06/2021,7641,491,1654,1317,0,2225,0
08/06/2021,6601,271,3587,3584,0,1610,0
08/06/2021,6266,285,2401,1330,0,1532,0
08/06/2021,8034,537,3009,2810,0,2516,0
09/06/2021,8366,460,1566,1398,0,2525,0
09/06/2021,10242,569,3282,1535,0,1357,0
09/06/2021,7038,605,1856,3463,0,1521,0
09/06/2021,6783,319,2694,2083,0,1155,0
09/06/2021,6399,533,3878,2526,0,2092,0
09/06/2021,6924,475,2469,4317,0,2882,0
09/06/2021,5207,318,4459,3621,0,2100,0
09/06/2021,8823,400,3300,2440,0,1750,0
09/06/2021,8498,402,2949,1236,0,2144,0
09/06/2021,5965,689,3183,1945,0,1209,0
09/06/2021,6297,718,2179,4248,0,2302,0
09/06/2021,9326,715,1986,3377,0,1472,0
10/06/2021,6090,359,1566,3118,0,2285,0
10/06/2021,4410,395,1322,3123,0,1853,0
10/06/2021,5327,431,1740,2355,0,2090,0
10/06/2021,5252,743,4503,4330,0,2121,0
10/06/2021,5043,620,2808,3250,0,3398,0
10/06/2021,11201,352,2190,1758,0,2802,0
10/06/2021,7935,454,2740,2260,0,2035,0
10/06/2021,9707,310,1310,2444,0,3710,0
10/06/2021,6018,697,1732,1480,0,1090,0
10/06/2021,8639,593,3219,4861,0,2293,0
10/06/2021,10463,320,3229,2278,0,1395,0
10/06/2021,6171,532,2846,4304,0,2619,0
11/06/2021,7436,614,2326,1399,0,1499,0
11/06/2021,7600,570,3559,898,0,3426,0
11/06/2021,5776,686,2414,1702,0,1234,0
11/06/2021,9915,367,906,1307,0,2114,0
11/06/2021,4790,492,2382,3896,0,1797,0
11/06/2021,5280,726,1921,2230,0,3184,0
11/06/2021,4612,333,3768,3313,0,2248,0
11/06/2021,6024,566,2268,2519,0,1320,0
11/06/2021,9913,551,3162,1148,0,2336,0
11/06/2021,5499,529,1546,2396,0,1982,0
11/06/2021,9366,330,1544,1164,0,2191,0
11/06/2021,6376,599,3378,4476,0,1853,0
12/06/2021,6525,452,3422,2913,0,2306,0
12/06/2021,7179,395,1981,1433,0,1115,0
12/06/2021,12219,399,2013,1815,0,970,0
12/06/2021,10442,496,3418,1555,0,1064,0
12/06/2021,8890,449,2086,2574,0,2413,0
12/06/2021,6148,367,1583,3769,0,1739,0
12/06/2021,7740,498,2663,4408,0,1868,0
12/06/2021,4680,689,1824,2722,0,1608,0
12/06/2021,8304,493,2045,1680,0,1369,0
12/06/2021,10092,720,1965,2596,0,1556,0
12/06/2021,5658,372,2218,3102,0,1463,0
12/06/2021,5538,382,1674,2553,0,1077,0
13/06/2021,4270,260,1431,4366,0,2084,0
13/06/2021,9959,572,1431,3968,0,2271,0
13/06/2021,6777,515,1645,2735,0,1677,0
13/06/2021,4840,507,1204,2613,0,2710,0
13/06/2021,9599,380,2844,1281,0,2476,0
13/06/2021,8196,500,3620,2971,0,1190,0
13/06/2021,7907,541,2573,3673,0,3006,0
13/06/2021,9087,732,2865,1257,0,3089,0
13/06/2021,8294,462,3384,2060,0,1804,0
13/06/2021,6384,520,3295,2641,0,971,0
13/06/2021,6177,340,1259,1831,0,1881,0
14/06/2021,7478,330,1678,1775,0,3034,0
14/06/2021,9531,580,3048,1921,0,1619,0
14/06/2021,9210,429,3645,4505,0,2038,0
14/06/2021,5880,372,1501,1195,0,1705,0
14/06/2021,9739,741,2732,4033,0,2928,0
14/06/2021,7323,626,2187,4728,0,1696,0
14/06/2021,7238,345,3943,1681,0,1346,0
14/06/2021,6228,662,1813,1972,0,872,0
14/06/2021,7607,571,4470,2296,0,2041,0
14/06/2021,7611,380,2788,3349,0,2080,0
14/06/2021,6965,517,2584,3010,0,1366,0
14/06/2021,8624,838,2147,1441,0,2370,0
14/06/2021,5567,553,3074,1478,0,2532,0
15/06/2021,4695,405,1742,1787,0,3108,0
15/06/2021,7673,594,1174,1711,0,2021,0
15/06/2021,5088,613,3091,3047,0,1862,0
15/06/2021,7131,496,2996,3801,0,2511,0
15/06/2021,7551,525,2821,1945,0,1090,0
15/06/2021,6534,750,3236,2914,0,1314,0
15/06/2021,11473,333,3356,1390,0,1830,0
15/06/2021,11573,289,2506,2582,0,3171,0
15/06/2021,7696,365,3388,4591,0,1370,0
15/06/2021,7127,395,1731,3227,0,1960,0
15/06/2021,7784,462,3110,2707,0,3127,0
15/06/2021,9877,483,1100,1911,0,867,0
15/06/2021,8558,628,2784,1952,0,1078,0
16/06/2021,7142,580,2385,2012,0,2232,0
16/06/2021,7442,577,4068,2615,0,919,0
16/06/2021,6521,570,2071,2684,0,3020,0
16/06/2021,11963,581,1142,2323,0,1767,0
16/06/2021,7548,423,3091,2920,0,1066,0
16/06/2021,6798,314,2866,3315,0,2130,0
16/06/2021,5304,450,1965,4402,0,895,0
16/06/2021,7098,598,3866,1765,0,2139,0
16/06/2021,6655,562,1484,2593,0,2401,0
16/06/2021,7635,507,1274,1962,0,3212,0
16/06/2021,6920,455,1254,1612,0,1518,0
16/06/2021,6235,502,3671,1024,0,1686,0
16/06/2021,7338,421,2578,3291,0,1719,0
17/06/2021,7667,460,3554,1516,0,1401,0
17/06/2021,7088,659,1444,2956,0,1484,0
17/06/2021,11260,414,3557,1869,0,1780,0
17/06/2021,8622,302,1945,3812,0,2887,0
17/06/2021,8507,659,1316,1827,0,2171,0
17/06/2021,10441,670,2921,3546,0,1734,0
17/06/2021,7254,384,4163,3935,0,2665,0
17/06/2021,10100,635,3002,1698,0,2538,0
17/06/2021,5751,503,2363,1481,0,2088,0
17/06/2021,8277,523,2557,2053,0,1927,0
17/06/2021,5526,514,1411,3522,0,3247,0
17/06/2021,9893,598,2472,1474,0,1809,0
17/06/2021,8805,401,1842,2543,0,3228,0
18/06/2021,5987,269,2032,3331,0,1345,0
18/06/2021,9344,576,3086,1901,0,1898,0
18/06/2021,5712,715,4654,1695,0,1135,0
18/06/2021,6241,422,2934,1657,0,1417,0
18/06/2021,4465,343,1075,2983,0,2229,0
18/06/2021,5233,370,3413,2534,0,2845,0
18/06/2021,5907,379,2113,3089,0,2323,0
18/06/2021,10024,641,895,2639,0,1099,0
18/06/2021,6846,475,4365,3165,0,1732,0
18/06/2021,5663,550,1455,2504,0,2289,0
18/06/2021,5026,475,4906,2205,0,1102,0
18/06/2021,10187,239,1284,3922,0,2309,0
19/06/2021,7870,573,2046,1737,0,934,0
19/06/2021,6560,477,2520,1347,0,1497,0
19/06/2021,10592,775,959,1398,0,2267,0
19/06/2021,8176,588,1773,1601,0,2477,0
19/06/2021,8811,474,1621,3767,0,2896,0
19/06/2021,4843,559,2119,1156,0,1513,0
19/06/2021,12273,265,2577,1579,0,912,0
19/06/2021,8102,291,2643,3088,0,1425,0
19/06/2021,9409,459,2933,2569,0,2409,0
19/06/2021,6682,489,3166,1274,0,1354,0
19/06/2021,11202,516,1775,3711,0,2594,0
19/06/2021,6802,603,2396,2225,0,2792,0
20/06/2021,5321,616,2492,2882,0,2303,0
20/06/2021,5727,438,2768,2696,0,2680,0
20/06/2021,6499,410,4008,2104,0,2158,0
20/06/2021,9029,692,1534,2905,0,2518,0
20/06/2021,5588,373,2629,3728,0,1366,0
20/06/2021,10975,389,1968,3407,0,1970,0
20/06/2021,4970,466,3662,1991,0,2663,0
20/06/2021,10513,392,1509,2756,0,1097,0
20/06/2021,5817,469,3470,3622,0,1579,0
20/06/2021,5991,509,4286,3752,0,1697,0
20/06/2021,8667,309,1488,909,0,1338,0
21/06/2021,9769,576,3946,4283,0,2272,0
21/06/2021,10262,300,1227,1941,0,2105,0
21/06/2021,4764,558,2313,4280,0,1029,0
21/06/2021,7210,443,3371,3579,0,955,0
21/06/2021,5940,271,2774,1485,0,2743,0
21/06/2021,8522,257,4345,3588,0,2356,0
21/06/2021,7144,516,3243,3961,0,1113,0
21/06/2021,8232,439,3088,1161,0,3392,0
21/06/2021,11201,496,3882,3488,0,1282,0
21/06/2021,7461,663,2840,3398,0,1281,0
21/06/2021,5168,364,3632,1919,0,1248,0
21/06/2021,10266,541,2133,2955,0,2955,0
21/06/2021,6855,541,3161,1243,0,1391,0
22/06/2021,7436,478,2011,2698,0,838,0
22/06/2021,8259,506,1619,4080,0,2034,0
22/06/2021,5006,290,1850,1449,0,2165,0
22/06/2021,5579,312,3470,852,0,1490,0
22/06/2021,7912,709,2459,2545,0,2271,0
22/06/2021,7691,742,925,2252,0,1619,0
22/06/2021,6930,390,1746,2653,0,1477,0
22/06/2021,6298,272,2502,1094,0,1971,0
22/06/2021,5846,551,2245,3822,0,2342,0
22/06/2021,10165,599,1032,2163,0,1359,0
22/06/2021,6502,444,2237,3448,0,981,0
22/06/2021,9355,402,1390,3489,0,1691,0
23/06/2021,6634,616,2601,2495,0,3158,0
23/06/2021,7997,262,1411,1212,0,2391,0
23/06/2021,10459,342,1982,1662,0,3442,0
23/06/2021,8480,552,4689,1544,0,1439,0
23/06/2021,6586,488,1535,2823,0,1192,0
23/06/2021,4897,377,3525,1819,0,1371,0
23/06/2021,5603,389,2671,884,0,2148,0
23/06/2021,11675,513,1114,2441,0,1072,0
23/06/2021,4939,367,2250,1613,0,2154,0
23/06/2021,11151,483,1089,2489,0,1757,0
23/06/2021,5583,529,2060,2796,0,1092,0
23/06/2021,10010,632,3658,2151,0,2765,0
24/06/2021,9237,414,1097,3142,0,2491,0
24/06/2021,7300,731,1405,1213,0,1455,0
24/06/2021,6447,521,3299,4773,0,1103,0
24/06/2021,8469,355,2908,3644,0,2116,0
24/06/2021,4197,372,3252,4213,0,2363,0
24/06/2021,7642,581,4441,3244,0,2174,0
24/06/2021,9964,457,2649,1620,0,2280,0
24/06/2021,11545,602,1156,951,0,1065,0
24/06/2021,9158,426,3402,2073,0,1189,0
24/06/2021,8978,390,2679,3314,0,2685,0
24/06/2021,6855,485,986,3135,0,1592,0
24/06/2021,6519,637,1350,3985,0,1226,0
24/06/2021,5317,671,3688,2180,0,1833,0
24/06/2021,6487,451,2452,1015,0,2001,0
25/06/2021,5873,503,2825,3564,0,1346,0
25/06/2021,10047,413,3422,1532,0,2998,0
25/06/2021,7568,481,1591,2147,0,1198,0
25/06/2021,7327,464,3699,2288,0,1767,0
25/06/2021,9598,659,2267,2494,0,2871,0
25/06/2021,7409,385,1793,2758,0,1849,0
25/06/2021,7174,630,2776,3694,0,2692,0
25/06/2021,7514,510,3065,3217,0,1879,0
25/06/2021,11692,674,2155,3292,0,2157,0
25/06/2021,4835,523,3050,3815,0,2961,0
25/06/2021,6585,620,1366,2783,0,1816,0
25/06/2021,5337,248,1095,1000,0,1580,0
25/06/2021,10167,274,3929,2742,0,2575,0
26/06/2021,9323,351,3746,3231,0,2494,0
26/06/2021,7535,280,3564,3005,0,2261,0
26/06/2021,8553,406,1165,3544,0,1290,0
26/06/2021,5483,691,1799,4571,0,2522,0
26/06/2021,8576,643,3597,812,0,1186,0
26/06/2021,6192,422,1471,1954,0,3141,0
26/06/2021,9066,580,1702,2445,0,1534,0
26/06/2021,6281,464,1286,4558,0,1486,0
26/06/2021,7451,420,2548,2694,0,3432,0
26/06/2021,6747,815,3413,1191,0,2543,0
26/06/2021,5982,620,2206,2160,0,2096,0
26/06/2021,8302,629,3063,2792,0,3452,0
26/06/2021,6527,409,1065,3796,0,2540,0
27/06/2021,8525,668,2585,1406,0,2720,0
27/06/2021,4213,383,3133,2356,0,1627,0
27/06/2021,9952,435,1622,1755,0,1620,0
27/06/2021,6589,463,3278,3879,0,1087,0
27/06/2021,5015,487,2332,808,0,1642,0
27/06/2021,5944,627,2838,3553,0,1470,0
27/06/2021,6420,385,2925,2579,0,2137,0
27/06/2021,5160,799,1440,3035,0,2257,0
27/06/2021,8396,278,1811,3517,0,1989,0
27/06/2021,7529,510,1938,2664,0,1832,0
27/06/2021,7025,761,2443,2195,0,2074,0
27/06/2021,5276,308,1109,1018,0,2265,0
28/06/2021,8421,637,3203,2761,0,2926,0
29/06/2021,4399,599,1059,1205,0,1079,0
30/06/2021,7322,342,1736,1657,0,1727,0
01/07/2021,7413,588,3799,1604,0,2542,0
02/07/2021,8459,668,4292,3864,0,1172,0
27/07/2021,8657,742,1316,2871,0,1074,0
28/07/2021,9073,705,3927,1892,0,1996,0
28/07/2021,6490,390,1123,2023,0,2070,0
29/07/2021,3958,318,2193,1694,0,2069,0
02/08/2021,8176,372,1979,4636,0,2077,0
03/08/2021,7260,473,4093,3856,0,1908,0
04/08/2021,6168,344,1170,2818,0,1575,0
05/08/2021,8764,558,3578,1056,0,2659,0
06/08/2021,10743,407,2012,2277,0,2523,0
07/08/2021,6309,657,3641,3091,0,2257,0
07/08/2021,6590,378,2510,3133,0,2286,0
08/08/2021,7713,562,2535,1578,0,931,0
08/08/2021,6626,762,1266,4545,0,1463,0
09/08/2021,6090,721,2216,1445,0,2889,0
09/08/2021,5665,516,2196,1538,0,1087,0
10/08/2021,7337,367,1285,2233,0,2827,0
10/08/2021,6594,449,1684,2233,0,2104,0
11/08/2021,6998,549,3695,1716,0,1542,0
11/08/2021,9818,395,2343,3881,0,1088,0
12/08/2021,7679,246,2977,4473,0,2647,0
13/08/2021,6162,301,3102,3782,0,2394,0
13/08/2021,8423,445,2242,2659,0,1346,0
14/08/2021,4965,626,2756,3679,0,2712,0
14/08/2021,6616,340,2908,3685,0,2405,0
15/08/2021,5108,768,1002,3437,0,1360,0
15/08/2021,7890,450,1755,1785,0,1602,0
16/08/2021,8554,751,2842,3044,0,1380,0
16/08/2021,8917,461,1454,2380,0,1952,0
17/08/2021,6855,714,1675,1135,0,1055,0
17/08/2021,10073,555,3902,3013,0,2159,0
18/08/2021,7336,615,1525,2871,0,2481,0
18/08/2021,9165,281,2359,1373,0,1696,0
19/08/2021,9539,541,1323,2197,0,1072,0
19/08/2021,7944,400,1821,3045,0,1492,0
20/08/2021,6142,634,3041,4449,0,2403,0
20/08/2021,6161,394,1925,2935,0,2180,0
21/08/2021,7717,619,1769,2276,0,1865,0
21/08/2021,8336,476,3737,1586,0,1409,0
22/08/2021,6915,403,4786,1384,0,2954,0
22/08/2021,8781,449,4143,1822,0,3151,0
23/08/2021,9204,324,4589,3210,0,3090,0
23/08/2021,8397,679,2271,955,0,1700,0
23/08/2021,7676,525,1407,3506,0,2168,0
24/08/2021,6959,756,1203,1846,0,914,0
24/08/2021,5842,570,3249,889,0,1905,0
25/08/2021,8636,674,2004,2412,0,1183,0
25/08/2021,7871,586,1233,1563,0,2776,0
26/08/2021,6576,658,1454,1495,0,1230,0
26/08/2021,4565,497,2696,3275,0,2711,0
27/08/2021,7518,554,2914,2035,0,3093,0
27/08/2021,7580,565,3351,2769,0,2928,0
28/08/2021,10023,318,994,1063,0,2402,0
28/08/2021,5744,528,2664,4431,0,1320,0
28/08/2021,5496,495,2699,2171,0,3301,0
29/08/2021,5040,614,2244,4633,0,1941,0
29/08/2021,8886,611,1595,2656,0,3124,0
29/08/2021,5059,541,1885,2854,0,3095,0
29/08/2021,5196,736,1713,2078,0,1507,0
29/08/2021,8063,643,2872,3523,0,1878,0
29/08/2021,4155,565,3009,2321,0,1304,0
30/08/2021,6866,541,1627,1778,0,2123,0
30/08/2021,4581,383,2427,1334,0,1726,0
30/08/2021,6881,389,1724,1820,0,2497,0
30/08/2021,7297,435,4094,3829,0,1182,0
30/08/2021,8633,579,958,4079,0,2473,0
30/08/2021,6001,357,1903,2423,0,1250,0
30/08/2021,5569,623,2078,3973,0,1411,0
30/08/2021,5334,601,2867,1242,0,2645,0
30/08/2021,8889,528,2504,2473,0,1722,0
31/08/2021,7552,661,2569,1131,0,1075,0
31/08/2021,9075,500,3502,2168,0,1305,0
31/08/2021,6514,476,1178,1775,0,1405,0
31/08/2021,7367,392,4491,1421,0,1326,0
31/08/2021,6396,531,1176,2729,0,1916,0
31/08/2021,7133,365,3460,3072,0,1368,0
31/08/2021,9196,599,1378,1113,0,2022,0
31/08/2021,8943,602,3692,1373,0,1718,0
31/08/2021,9547,361,2737,3622,0,1295,0
31/08/2021,5992,364,793,2666,0,1980,0
01/09/2021,8523,544,2319,1564,0,2206,0
01/09/2021,5661,331,1917,1629,0,2540,0
01/09/2021,7725,697,2794,2452,0,2647,0
01/09/2021,7041,439,2559,2141,0,1854,0
01/09/2021,8460,750,1449,4026,0,2148,0
01/09/2021,7246,565,3447,817,0,2294,0
01/09/2021,8435,620,2575,2267,0,1164,0
01/09/2021,10936,277,2748,3651,0,1484,0
01/09/2021,8485,580,3504,2159,0,1438,0
01/09/2021,6030,745,1729,3904,0,1898,0
01/09/2021,5895,427,2495,2681,0,1314,0
01/09/2021,10014,711,4112,2638,0,2958,0
02/09/2021,9253,345,4305,3337,0,2062,0
02/09/2021,6627,276,3726,3075,0,2847,0
02/09/2021,8752,773,949,1943,0,1564,0
02/09/2021,6968,785,4096,2623,0,2520,0
02/09/2021,7607,478,3627,1969,0,1812,0
02/09/2021,4908,647,4188,2057,0,2574,0
02/09/2021,7846,531,1253,3201,0,2219,0
02/09/2021,7303,467,3043,2146,0,2555,0
02/09/2021,6040,609,2710,2186,0,2856,0
02/09/2021,7963,621,3811,2712,0,1458,0
02/09/2021,5066,644,1161,3338,0,2455,0
02/09/2021,8401,358,1427,2908,0,2281,0
02/09/2021,8085,577,4166,1390,0,1892,0
03/09/2021,8718,289,3027,966,0,1856,0
03/09/2021,7455,420,2634,4488,0,1671,0
03/09/2021,4144,467,1780,2652,0,848,0
03/09/2021,7838,376,2034,3504,0,1343,0
03/09/2021,5822,379,2054,2182,0,1667,0
03/09/2021,10839,373,1635,1135,0,1075,0
03/09/2021,5540,718,3473,3021,0,1136,0
03/09/2021,7003,575,3014,3140,0,2845,0
03/09/2021,5466,509,2316,1929,0,1764,0
03/09/2021,8100,306,3409,4290,0,1862,0
03/09/2021,6625,584,926,1571,0,2117,0
03/09/2021,5467,425,3044,1755,0,1775,0
03/09/2021,11253,709,1510,1711,0,2104,0
04/09/2021,5438,458,2636,1246,0,2769,0
04/09/2021,5940,379,1998,4472,0,2165,0
04/09/2021,6557,444,1703,2846,0,1185,0
04/09/2021,4961,772,3507,1884,0,1653,0
04/09/2021,11986,467,2339,4092,0,2442,0
04/09/2021,4724,582,1071,3649,0,2263,0
04/09/2021,5150,402,2360,2088,0,1441,0
04/09/2021,5825,368,2722,4152,0,2167,0
04/09/2021,5655,357,982,2430,0,2244,0
04/09/2021,9082,389,3079,2657,0,1522,0
04/09/2021,7873,777,2818,1731,0,1493,0
04/09/2021,7910,730,2296,3306,0,1687,0
04/09/2021,5221,313,2024,1722,0,2614,0
05/09/2021,4381,352,2581,2418,0,1712,0
05/09/2021,7821,371,3557,1739,0,3297,0
05/09/2021,6659,585,2759,1912,0,2243,0
05/09/2021,8809,353,4600,2513,0,3060,0
05/09/2021,7912,384,2512,1824,0,1178,0
05/09/2021,7115,519,3922,2079,0,1659,0
05/09/2021,7073,546,3266,3154,0,819,0
05/09/2021,6587,516,3539,2018,0,1364,0
05/09/2021,5251,481,2078,3246,0,1997,0
05/09/2021,7798,378,4616,2798,0,2257,0
05/09/2021,5884,533,3220,3829,0,996,0
05/09/2021,7482,792,3030,2140,0,1420,0
05/09/2021,10605,712,2557,1874,0,2189,0
06/09/2021,6509,349,2948,1419,0,1684,0
06/09/2021,6357,712,1228,3833,0,2308,0
06/09/2021,10281,609,3883,1476,0,1816,0
06/09/2021,9034,628,1867,2515,0,1838,0
06/09/2021,9164,567,2463,3516,0,1162,0
06/09/2021,6195,783,1166,3614,0,1742,0
06/09/2021,5941,512,3400,4052,0,1905,0
06/09/2021,9545,359,946,3743,0,1990,0
06/09/2021,6023,313,3541,3379,0,2359,0
06/09/2021,8166,506,2818,1550,0,1572,0
06/09/2021,10833,667,2540,2179,0,3254,0
06/09/2021,8082,553,1605,4132,0,2234,0
06/09/2021,9336,448,986,2476,0,1563,0
06/09/2021,7097,585,4172,3021,0,2806,0
07/09/2021,6161,549,2170,3726,0,2965,0
07/09/2021,7870,362,1337,2371,0,1977,0
07/09/2021,10489,683,4056,2615,0,1919,0
07/09/2021,7985,432,1154,1579,0,2271,0
07/09/2021,7992,358,935,3985,0,1016,0
07/09/2021,5959,357,1684,1238,0,2463,0
07/09/2021,9091,611,3653,2640,0,2165,0
07/09/2021,6563,414,2443,3229,0,1756,0
07/09/2021,7621,481,3618,3632,0,2396,0
07/09/2021,5613,712,2240,3590,0,3176,0
07/09/2021,7473,606,2341,2331,0,1899,0
07/09/2021,6951,488,1632,3900,0,1504,0
07/09/2021,7789,345,3072,1470,0,3146,0
07/09/2021,5458,739,2346,3006,0,1192,0
08/09/2021,5611,314,1746,3540,0,2348,0
08/09/2021,8099,440,3810,1167,0,1847,0
08/09/2021,10045,332,1920,1964,0,1519,0
08/09/2021,5970,390,3574,2283,0,1395,0
08/09/2021,6850,260,3707,2791,0,2142,0
08/09/2021,4603,669,3007,1910,0,1900,0
08/09/2021,8292,518,2737,2007,0,2497,0
08/09/2021,4058,806,1718,2805,0,2629,0
08/09/2021,5599,296,2000,1274,0,2367,0
08/09/2021,6803,624,2409,1125,0,1469,0
08/09/2021,8899,405,1823,2940,0,2376,0
08/09/2021,7230,777,4064,4539,0,1355,0
08/09/2021,4081,626,1264,3134,0,2221,0
08/09/2021,5310,659,2393,3525,0,3158,0
09/09/2021,7796,422,4256,988,0,3236,0
09/09/2021,3929,485,2497,2389,0,2882,0
09/09/2021,10509,265,1849,3111,0,1934,0
09/09/2021,6275,602,3061,2036,0,2362,0
09/09/2021,6119,774,1041,1240,0,1814,0
09/09/2021,11873,597,1649,2401,0,2203,0
09/09/2021,5459,578,3809,1990,0,1294,0
09/09/2021,11798,528,1001,3041,0,2214,0
09/09/2021,7386,653,1632,1896,0,1280,0
09/09/2021,10128,477,3395,3389,0,1230,0
09/09/2021,6337,545,1993,2772,0,1942,0
09/09/2021,9138,414,4213,3354,0,2380,0
09/09/2021,12057,763,2058,2628,0,898,0
09/09/2021,7689,641,3266,2921,0,3222,0
10/09/2021,10644,314,2627,2188,0,1942,0
10/09/2021,7839,374,2715,2557,0,1327,0
10/09/2021,8606,340,1799,1839,0,3475,0
10/09/2021,6716,410,2399,3105,0,2222,0
10/09/2021,6452,438,1024,3622,0,2888,0
10/09/2021,7361,585,2253,3659,0,1530,0
10/09/2021,5576,485,1767,3180,0,2284,0
10/09/2021,6810,452,1398,4525,0,2220,0
10/09/2021,9464,611,2524,1907,0,2523,0
10/09/2021,6829,289,2248,1197,0,1678,0
10/09/2021,5105,578,2465,2585,0,2902,0
10/09/2021,7582,257,3822,2875,0,2309,0
10/09/2021,4944,512,1803,1130,0,1503,0
10/09/2021,7012,270,1789,2786,0,1868,0
11/09/2021,6266,400,3022,1746,0,2957,0
11/09/2021,8751,573,1522,2183,0,3281,0
11/09/2021,7201,587,2188,1417,0,1785,0
11/09/2021,8197,702,2951,2133,0,2024,0
11/09/2021,6123,360,4389,2934,0,1201,0
11/09/2021,6201,485,3764,1069,0,1184,0
11/09/2021,5355,419,2373,2472,0,1775,0
11/09/2021,5257,364,4272,1137,0,1710,0
11/09/2021,7737,330,2141,2850,0,2218,0
11/09/2021,7614,568,1205,3731,0,1471,0
11/09/2021,7132,522,2930,1481,0,3046,0
11/09/2021,6307,628,2059,1885,0,903,0
11/09/2021,6985,306,1874,3161,0,2098,0
11/09/2021,7243,578,3786,3134,0,2051,0
12/09/2021,6631,370,3598,2945,0,2554,0
12/09/2021,6380,454,3758,1831,0,2683,0
12/09/2021,6260,408,1821,3304,0,1667,0
12/09/2021,5596,639,2294,1759,0,942,0
12/09/2021,8937,575,1898,2963,0,2585,0
12/09/2021,4915,509,1323,2683,0,2693,0
12/09/2021,5527,469,3417,3378,0,2469,0
12/09/2021,9185,498,3415,1592,0,1478,0
12/09/2021,4741,367,1623,2841,0,1572,0
12/09/2021,11827,493,3033,998,0,1769,0
12/09/2021,6195,688,2909,2748,0,1329,0
12/09/2021,5703,396,3789,2363,0,1075,0
12/09/2021,10107,409,2274,3528,0,2425,0
12/09/2021,10890,556,893,1209,0,1273,0
13/09/2021,6691,272,1639,1892,0,2611,0
13/09/2021,11378,509,2325,1831,0,1856,0
13/09/2021,7924,581,3200,1064,0,1365,0
13/09/2021,7879,593,2841,1231,0,3231,0
13/09/2021,6609,505,2685,2830,0,2615,0
13/09/2021,9198,390,963,1744,0,1361,0
13/09/2021,10272,566,2168,926,0,1337,0
13/09/2021,5577,460,3772,3729,0,1665,0
13/09/2021,8407,373,4689,3444,0,2236,0
13/09/2021,9625,413,2998,2530,0,1834,0
13/09/2021,9406,489,1409,3066,0,998,0
13/09/2021,9893,637,3326,3428,0,1603,0
13/09/2021,7223,280,1955,2040,0,1221,0
13/09/2021,4780,407,918,3660,0,3395,0
14/09/2021,4783,504,2022,2688,0,1514,0
14/09/2021,6822,662,2789,2646,0,1888,0
14/09/2021,8476,518,3967,1782,0,2081,0
14/09/2021,6886,260,1035,2038,0,2882,0
14/09/2021,5158,473,2818,1985,0,1778,0
14/09/2021,6436,370,1788,3581,0,2013,0
14/09/2021,10152,843,3081,2098,0,2544,0
14/09/2021,9137,266,2378,3550,0,936,0
14/09/2021,11983,331,1892,2237,0,2050,0
14/09/2021,7319,621,1401,2235,0,1701,0
14/09/2021,8665,333,2526,2279,0,2520,0
14/09/2021,5763,335,1463,1741,0,1358,0
14/09/2021,5242,762,3053,1953,0,1309,0
14/09/2021,11309,457,1677,4162,0,2007,0
15/09/2021,5710,362,3916,2390,0,1150,0
15/09/2021,5511,611,2057,2453,0,1367,0
15/09/2021,11012,271,4507,2373,0,3365,0
15/09/2021,5439,571,2396,4149,0,975,0
15/09/2021,8994,564,1921,1663,0,2695,0
15/09/2021,9724,520,2530,3872,0,2366,0
15/09/2021,5580,494,2539,2468,0,1055,0
15/09/2021,10043,482,4167,3467,0,1186,0
15/09/2021,8051,542,1752,3550,0,3074,0
15/09/2021,9778,415,2742,940,0,1806,0
15/09/2021,10420,284,2616,2346,0,1799,0
15/09/2021,10082,473,3569,2432,0,1535,0
15/09/2021,5849,331,1488,2295,0,3201,0
15/09/2021,9810,473,1863,2605,0,970,0
16/09/2021,10047,542,3064,2454,0,3369,0
16/09/2021,9126,747,1080,3760,0,2067,0
16/09/2021,8483,241,3708,1764,0,2102,0
16/09/2021,4494,441,1667,1199,0,2264,0
16/09/2021,8797,310,2995,2755,0,1629,0
16/09/2021,9123,335,1171,1361,0,1179,0
16/09/2021,7567,616,2617,1974,0,2684,0
16/09/2021,4844,283,2789,2894,0,2908,0
16/09/2021,5047,568,3285,1630,0,989,0
16/09/2021,6309,359,2068,3065,0,2652,0
16/09/2021,4653,313,1240,3690,0,2347,0
16/09/2021,10682,501,4211,1440,0,2061,0
16/09/2021,6147,794,3782,1360,0,1877,0
16/09/2021,9718,464,2537,3541,0,1576,0
17/09/2021,4562,609,1757,2824,0,1569,0
17/09/2021,4279,389,1612,2595,0,1307,0
17/09/2021,8374,374,2889,3001,0,2311,0
17/09/2021,10385,425,3494,2269,0,1927,0
17/09/2021,9239,260,2543,3864,0,2055,0
17/09/2021,5101,370,2938,2434,0,1637,0
17/09/2021,9878,607,2266,2387,0,2961,0
17/09/2021,10049,468,2024,3208,0,972,0
17/09/2021,10002,359,1252,4178,0,2795,0
17/09/2021,7381,564,2870,4358,0,1486,0
17/09/2021,9711,673,3859,1328,0,2423,0
17/09/2021,10018,506,2370,2591,0,2505,0
17/09/2021,5709,567,1309,1767,0,2265,0
17/09/2021,5011,457,2721,1013,0,2084,0
18/09/2021,4173,252,1986,1701,0,2762,0
18/09/2021,5507,509,3557,1100,0,891,0
18/09/2021,7563,387,1907,2949,0,2390,0
18/09/2021,4664,533,3123,1923,0,2237,0
18/09/2021,5413,727,3549,2349,0,1409,0
18/09/2021,4272,588,1627,2104,0,1689,0
18/09/2021,9399,600,2681,2736,0,1997,0
18/09/2021,7855,439,1126,2470,0,3513,0
18/09/2021,6362,440,2220,2820,0,1860,0
18/09/2021,8206,359,2911,2405,0,1736,0
18/09/2021,7993,546,1293,3074,0,1680,0
18/09/2021,5396,497,2947,1893,0,2211,0
18/09/2021,4321,392,3098,3138,0,2921,0
18/09/2021,9976,327,953,1447,0,1176,0
19/09/2021,7840,489,1020,1765,0,2522,0
19/09/2021,9252,322,2151,2246,0,2120,0
19/09/2021,6732,499,1415,3476,0,1424,0
19/09/2021,4127,783,1289,1178,0,1297,0
19/09/2021,7943,749,4212,3132,0,1750,0
19/09/2021,5103,504,3046,3419,0,2291,0
19/09/2021,4461,412,3490,3745,0,2090,0
19/09/2021,7787,494,1835,3314,0,981,0
19/09/2021,11517,443,1708,2040,0,1063,0
19/09/2021,11318,414,3131,1264,0,1097,0
19/09/2021,4986,391,1380,2018,0,1105,0
19/09/2021,10190,538,2684,2969,0,1400,0
19/09/2021,4731,461,1558,2164,0,1265,0
20/09/2021,5096,311,3042,2700,0,2083,0
20/09/2021,8404,445,2383,1572,0,1211,0
20/09/2021,9743,807,1243,3273,0,1502,0
20/09/2021,7368,466,1785,1756,0,2877,0
20/09/2021,6166,326,1516,3366,0,2441,0
20/09/2021,6906,752,3567,3108,0,2379,0
20/09/2021,10259,350,4413,3057,0,2245,0
20/09/2021,7295,484,2121,3441,0,1811,0
20/09/2021,6179,610,2540,2848,0,2970,0
20/09/2021,6644,404,2675,2600,0,1355,0
20/09/2021,7648,422,2863,1708,0,1507,0
20/09/2021,7295,613,1204,3681,0,3369,0
20/09/2021,9558,405,2554,4180,0,2294,0
20/09/2021,7731,531,1637,4538,0,1949,0
21/09/2021,8470,315,2990,1668,0,2138,0
21/09/2021,8333,827,2313,2550,0,2893,0
21/09/2021,10616,544,1385,2231,0,1397,0
21/09/2021,8366,333,3300,2893,0,2275,0
21/09/2021,9604,497,1359,3468,0,2583,0
21/09/2021,8204,325,3482,2579,0,1522,0
21/09/2021,6296,373,2437,2430,0,2154,0
21/09/2021,6838,698,1742,2810,0,1892,0
21/09/2021,7387,257,4084,3598,0,2211,0
21/09/2021,6266,451,1092,4216,0,2435,0
21/09/2021,6548,410,2215,3146,0,2660,0
21/09/2021,7565,531,2384,3250,0,2363,0
21/09/2021,7878,438,2733,1740,0,2128,0
21/09/2021,7256,378,1566,1589,0,1759,0
22/09/2021,7052,488,2657,2528,0,2337,0
22/09/2021,8312,623,1455,1030,0,2686,0
22/09/2021,5853,689,972,1760,0,2488,0
22/09/2021,5807,312,1906,1840,0,1915,0
22/09/2021,7436,307,3184,1534,0,1528,0
22/09/2021,5241,649,2704,2476,0,2405,0
22/09/2021,6503,289,4555,2150,0,2523,0
22/09/2021,10131,403,1530,3339,0,1393,0
22/09/2021,5240,293,2480,2235,0,2042,0
22/09/2021,10264,423,3331,1309,0,1418,0
22/09/2021,5504,263,2914,1300,0,1124,0
22/09/2021,7607,417,1509,1793,0,3035,0
22/09/2021,9751,734,2828,1770,0,1738,0
22/09/2021,8775,292,1167,1916,0,1626,0
23/09/2021,4386,565,3383,3984,0,2013,0
23/09/2021,5577,385,1818,2765,0,1996,0
23/09/2021,5257,500,3230,1354,0,1757,0
23/09/2021,9383,372,3593,1724,0,1279,0
23/09/2021,6388,265,2954,892,0,1685,0
23/09/2021,8133,401,2541,3275,0,2595,0
23/09/2021,10113,414,3435,4176,0,2599,0
23/09/2021,5642,364,1093,3468,0,1810,0
23/09/2021,8079,346,3393,2284,0,1593,0
23/09/2021,5008,425,3532,2378,0,1776,0
23/09/2021,9118,390,906,3467,0,2503,0
23/09/2021,7123,786,4114,2934,0,1644,0
23/09/2021,7600,696,1425,1614,0,2941,0
23/09/2021,9328,283,1923,981,0,3487,0
24/09/2021,6755,402,2520,3389,0,2269,0
24/09/2021,9775,577,1157,1107,0,3049,0
24/09/2021,10765,407,2980,2559,0,2430,0
24/09/2021,7001,536,2350,2543,0,1145,0
24/09/2021,4937,523,1194,3289,0,1066,0
24/09/2021,10432,760,1737,937,0,1464,0
24/09/2021,6849,694,3405,2322,0,1045,0
24/09/2021,7127,532,1292,2011,0,1145,0
24/09/2021,9423,280,1570,2411,0,1318,0
24/09/2021,9364,355,4388,2190,0,2779,0
24/09/2021,10340,691,1318,2387,0,2538,0
24/09/2021,5895,756,2221,3178,0,2323,0
24/09/2021,6779,559,2559,2854,0,2390,0
24/09/2021,8450,456,2042,3225,0,1712,0
25/09/2021,8704,530,3075,1367,0,2518,0
25/09/2021,6202,624,1423,1717,0,2871,0
25/09/2021,5946,459,2503,1775,0,790,0
25/09/2021,8476,520,2375,3845,0,1359,0
25/09/2021,8575,372,3441,3206,0,1233,0
25/09/2021,5560,574,3190,3057,0,1977,0
25/09/2021,5809,315,3052,4294,0,1731,0
25/09/2021,5793,369,2050,1603,0,2138,0
25/09/2021,7181,317,4242,890,0,2777,0
25/09/2021,6470,434,1898,2010,0,1825,0
25/09/2021,7485,548,2515,1173,0,2880,0
25/09/2021,11179,633,3731,4271,0,1928,0
25/09/2021,5934,594,1039,2950,0,1487,0
25/09/2021,11588,655,1280,2911,0,3011,0
26/09/2021,6020,457,1524,3135,0,1970,0
26/09/2021,4649,392,1887,2427,0,2289,0
26/09/2021,9224,455,1369,1212,0,1369,0
26/09/2021,7191,268,2171,3136,0,950,0
26/09/2021,5999,274,3650,842,0,1966,0
26/09/2021,6560,382,1544,2939,0,2359,0
26/09/2021,6420,449,1383,2292,0,2943,0
26/09/2021,6219,305,1116,3260,0,1596,0
26/09/2021,4564,478,1618,1021,0,1327,0
26/09/2021,7267,573,2843,1850,0,1192,0
26/09/2021,10746,630,3132,2049,0,2293,0
26/09/2021,11041,449,2773,3565,0,926,0
26/09/2021,6417,665,2382,3006,0,2598,0
26/09/2021,7420,376,3012,2776,0,1502,0
27/09/2021,7259,496,1278,2415,0,1898,0
27/09/2021,10966,348,1117,4294,0,2362,0
27/09/2021,6019,484,1026,3182,0,1286,0
27/09/2021,10154,522,4411,1671,0,2723,0
27/09/2021,6923,431,2544,1863,0,2368,0
27/09/2021,9241,651,1659,2736,0,1196,0
27/09/2021,6937,345,2770,3613,0,1602,0
27/09/2021,7774,377,2495,2988,0,3165,0
27/09/2021,6504,371,2042,3672,0,2277,0
27/09/2021,7183,539,3141,1673,0,1274,0
27/09/2021,9784,494,1254,2839,0,1918,0
27/09/2021,7271,317,2064,3500,0,1591,0
27/09/2021,5187,380,3007,2743,0,1598,0
28/09/2021,6653,377,2349,2556,0,1713,0
28/09/2021,6944,317,3558,1411,0,1691,0
28/09/2021,4727,763,2284,1985,0,2213,0
28/09/2021,4985,626,3254,2280,0,1159,0
28/09/2021,7669,716,1074,1861,0,2193,0
28/09/2021,4944,516,2724,3401,0,801,0
28/09/2021,9462,478,995,1448,0,2867,0
28/09/2021,7400,501,1846,1983,0,2359,0
28/09/2021,4465,441,905,2388,0,2093,0
28/09/2021,9030,744,3917,3078,0,2601,0
28/09/2021,10400,356,2324,3225,0,3070,0
28/09/2021,9004,449,2528,2622,0,2427,0
28/09/2021,9386,293,2230,2849,0,2120,0
28/09/2021,4907,346,4280,4108,0,1020,0
29/09/2021,7773,305,1425,4341,0,1641,0
29/09/2021,6188,545,3457,1881,0,2156,0
29/09/2021,9032,452,1215,1340,0,1849,0
29/09/2021,11211,334,3299,1073,0,3260,0
29/09/2021,5259,579,942,1104,0,2311,0
29/09/2021,6944,433,1975,3524,0,1942,0
29/09/2021,11327,399,2604,4231,0,2116,0
29/09/2021,9262,369,2630,2456,0,1599,0
29/09/2021,4651,647,1388,2925,0,1114,0
29/09/2021,8046,626,3370,2147,0,2407,0
29/09/2021,5491,565,1534,1730,0,1093,0
29/09/2021,4845,520,2169,1491,0,1385,0
29/09/2021,6905,541,2492,2411,0,2348,0
30/09/2021,6985,352,2380,3224,0,2139,0
30/09/2021,5592,702,3945,1103,0,2284,0
30/09/2021,6769,499,2387,3950,0,915,0
30/09/2021,3793,266,2117,4432,0,1280,0
30/09/2021,8705,694,1879,2167,0,1200,0
30/09/2021,8162,338,1323,1222,0,2018,0
30/09/2021,10060,423,3219,4682,0,2221,0
30/09/2021,7305,600,1076,1780,0,1718,0
30/09/2021,7455,516,3015,3297,0,1876,0
30/09/2021,11364,374,1762,1853,0,2276,0
30/09/2021,10113,402,3705,2536,0,1054,0
30/09/2021,6428,549,2726,2255,0,1101,0
30/09/2021,5920,438,2995,3251,0,3150,0
30/09/2021,5707,526,2304,2525,0,1440,0
01/10/2021,7488,668,1071,2012,0,846,0
01/10/2021,4858,732,1625,2291,0,1566,0
01/10/2021,5835,349,1506,971,0,2093,0
01/10/2021,7043,297,2850,4534,0,1146,0
01/10/2021,6741,359,2898,2501,0,2756,0
01/10/2021,7292,713,3212,2154,0,2964,0
01/10/2021,5028,486,3305,2942,0,2710,0
01/10/2021,4132,714,1507,2367,0,1471,0
01/10/2021,11600,837,1880,3003,0,1798,0
01/10/2021,10551,423,3486,2095,0,1635,0
01/10/2021,8151,473,1583,2106,0,1172,0
01/10/2021,11904,394,2173,3923,0,1509,0
01/10/2021,8982,563,2907,1938,0,1193,0
01/10/2021,8224,259,1700,1233,0,1226,0
02/10/2021,4338,542,1429,2028,0,2743,0
02/10/2021,7930,459,1637,3129,0,1786,0
02/10/2021,8121,530,3830,2243,0,1813,0
02/10/2021,4530,371,1904,2019,0,1370,0
02/10/2021,5680,567,2005,2688,0,2122,0
02/10/2021,6965,411,1698,3027,0,3444,0
02/10/2021,6056,666,2481,1217,0,1290,0
02/10/2021,6885,659,3562,1048,0,1045,0
02/10/2021,4271,580,2594,2862,0,2798,0
02/10/2021,6891,524,1028,1893,0,2430,0
02/10/2021,7729,386,3140,2212,0,1225,0
02/10/2021,9436,361,2097,1562,0,2634,0
02/10/2021,8531,446,1848,1868,0,1714,0
03/10/2021,7530,491,4268,4683,0,907,0
03/10/2021,5312,727,2406,1081,0,3154,0
03/10/2021,7910,400,3825,1437,0,2067,0
03/10/2021,6773,338,2915,3777,0,2323,0
03/10/2021,5415,489,2223,2090,0,2248,0
03/10/2021,6346,414,2613,1317,0,2365,0
03/10/2021,7280,400,1394,2958,0,1311,0
03/10/2021,5083,460,2579,2033,0,1833,0
03/10/2021,7164,432,3800,4414,0,1592,0
03/10/2021,5534,547,3275,1615,0,3518,0
03/10/2021,9622,357,2071,1775,0,2268,0
03/10/2021,6126,617,3540,3294,0,2512,0
03/10/2021,4785,412,2580,3434,0,2949,0
04/10/2021,8099,833,3034,1784,0,1116,0
04/10/2021,6381,550,1747,3467,0,2382,0
04/10/2021,4963,570,3464,2216,0,1922,0
04/10/2021,6484,564,1567,2140,0,1208,0
04/10/2021,6735,403,2540,2477,0,1792,0
04/10/2021,7471,273,3414,2472,0,2024,0
04/10/2021,6032,718,2564,2401,0,1942,0
04/10/2021,10550,534,3479,1574,0,1794,0
04/10/2021,7117,670,1709,2670,0,947,0
04/10/2021,9730,524,1176,2002,0,1079,0
04/10/2021,7198,400,1670,4880,0,2048,0
04/10/2021,5245,315,2157,2714,0,2341,0
04/10/2021,8075,274,1214,1819,0,1598,0
04/10/2021,6600,239,3530,1437,0,1488,0
05/10/2021,4816,475,3274,1656,0,1664,0
05/10/2021,5239,413,1561,2068,0,1571,0
05/10/2021,8355,447,3892,2355,0,1149,0
05/10/2021,10629,363,1506,2690,0,1574,0
05/10/2021,9173,736,3483,1538,0,2818,0
05/10/2021,8351,317,4665,2978,0,1202,0
05/10/2021,7989,393,1170,1413,0,1453,0
05/10/2021,11019,345,3757,2131,0,2306,0
05/10/2021,6023,442,1289,4078,0,1839,0
05/10/2021,10796,532,3055,1069,0,2040,0
05/10/2021,8903,530,1439,1953,0,1332,0
05/10/2021,10979,647,1465,2229,0,962,0
05/10/2021,8272,726,2125,1352,0,2043,0
06/10/2021,8502,342,1250,4005,0,987,0
06/10/2021,7107,676,3089,1936,0,815,0
06/10/2021,8152,448,2974,1895,0,2277,0
06/10/2021,5716,590,1327,1692,0,2809,0
06/10/2021,6305,372,2102,828,0,1321,0
06/10/2021,9927,386,1531,2292,0,825,0
06/10/2021,11136,548,1260,1704,0,1902,0
06/10/2021,7059,376,1150,1758,0,1451,0
06/10/2021,7160,474,1724,2890,0,3122,0
06/10/2021,8511,836,1771,3412,0,3020,0
06/10/2021,8258,464,1897,4370,0,1425,0
06/10/2021,7512,530,3405,2173,0,1762,0
06/10/2021,5271,669,4529,1153,0,1910,0
07/10/2021,6846,381,3356,3114,0,1255,0
07/10/2021,10087,412,3795,3598,0,2922,0
07/10/2021,6097,729,1847,3602,0,2765,0
07/10/2021,5337,508,1845,2464,0,2558,0
07/10/2021,9591,399,3067,4067,0,1895,0
07/10/2021,8566,730,1630,2596,0,2816,0
07/10/2021,8081,367,2909,1406,0,1704,0
07/10/2021,7255,415,1050,3283,0,1963,0
07/10/2021,5940,642,3108,2702,0,1419,0
07/10/2021,6707,785,3644,3289,0,2097,0
07/10/2021,6284,578,1712,1951,0,3146,0
07/10/2021,8460,753,4039,1409,0,3190,0
07/10/2021,7062,310,1252,2177,0,1874,0
08/10/2021,6077,626,1338,2206,0,2199,0
08/10/2021,6307,648,2391,2550,0,996,0
08/10/2021,9234,407,4147,3412,0,2519,0
08/10/2021,7027,279,3516,3662,0,2595,0
08/10/2021,8838,641,2564,2149,0,2614,0
08/10/2021,6478,396,1518,2778,0,890,0
08/10/2021,4805,460,1904,1049,0,2326,0
08/10/2021,7645,437,2784,1149,0,3101,0
08/10/2021,7130,570,3095,2222,0,3204,0
08/10/2021,7255,684,3636,1282,0,2902,0
08/10/2021,9608,738,2903,3070,0,1614,0
08/10/2021,7014,272,1425,1442,0,2692,0
09/10/2021,6108,660,2003,3604,0,2671,0
09/10/2021,8017,450,3498,3720,0,1761,0
09/10/2021,5364,510,2711,2530,0,3554,0
09/10/2021,5502,527,3817,2023,0,2238,0
09/10/2021,8016,766,2055,956,0,2532,0
09/10/2021,7294,451,2732,1850,0,983,0
09/10/2021,7894,407,1389,3738,0,1600,0
09/10/2021,5564,583,2952,1864,0,2877,0
09/10/2021,7618,419,2372,1185,0,3089,0
09/10/2021,5069,318,1160,3737,0,2644,0
09/10/2021,5717,689,3787,2574,0,2537,0
09/10/2021,5695,357,2965,3079,0,1247,0
09/10/2021,7338,337,1845,1616,0,2244,0
10/10/2021,11202,449,2054,2774,0,1355,0
10/10/2021,6768,400,2524,2723,0,1765,0
10/10/2021,8377,471,1438,2863,0,1195,0
10/10/2021,5873,549,1304,1254,0,1847,0
10/10/2021,5868,293,1346,3171,0,1576,0
10/10/2021,9401,468,2751,3165,0,3028,0
10/10/2021,6011,616,1456,3656,0,2474,0
10/10/2021,5547,364,3107,3630,0,1436,0
10/10/2021,5701,266,3032,1425,0,1736,0
10/10/2021,4358,628,2739,1193,0,1355,0
10/10/2021,11955,296,1616,3501,0,825,0
10/10/2021,5137,290,2153,2495,0,2805,0
10/10/2021,5503,416,2393,1398,0,2483,0
11/10/2021,7698,374,3393,2778,0,2617,0
11/10/2021,4982,506,4463,2108,0,2479,0
11/10/2021,5033,515,1765,3600,0,2502,0
11/10/2021,5375,347,2795,2573,0,1686,0
11/10/2021,6890,561,1795,2329,0,3343,0
11/10/2021,8362,439,1690,2306,0,1501,0
11/10/2021,9285,557,2779,1188,0,1830,0
11/10/2021,8435,801,2515,2714,0,2287,0
11/10/2021,8642,395,3987,1728,0,2149,0
11/10/2021,5903,547,1223,4525,0,1135,0
11/10/2021,6689,584,2933,1793,0,1502,0
11/10/2021,8398,596,1387,3363,0,1632,0
11/10/2021,4627,710,2942,1191,0,2884,0
11/10/2021,5614,406,1994,2256,0,2531,0
12/10/2021,7649,346,2399,3430,0,2094,0
12/10/2021,7365,391,3274,3269,0,2172,0
12/10/2021,9671,376,3264,1640,0,857,0
12/10/2021,8533,356,2793,2993,0,1227,0
12/10/2021,10186,706,3815,3068,0,974,0
12/10/2021,9391,293,1073,1342,0,1191,0
12/10/2021,9212,336,2427,3167,0,1458,0
12/10/2021,4325,468,2516,2406,0,2089,0
12/10/2021,8130,362,2163,2427,0,2430,0
12/10/2021,4526,366,1303,1181,0,2294,0
12/10/2021,7316,418,926,2531,0,3615,0
12/10/2021,10332,474,4832,2114,0,1410,0
12/10/2021,6419,364,972,2153,0,3038,0
12/10/2021,7840,340,2982,2716,0,2737,0
13/10/2021,6072,401,1209,3338,0,2437,0
13/10/2021,11843,409,1141,2975,0,1930,0
13/10/2021,5507,435,1282,1895,0,1630,0
13/10/2021,5471,420,1166,1338,0,1896,0
13/10/2021,9783,710,2264,3099,0,1332,0
13/10/2021,8268,354,2923,2041,0,2094,0
13/10/2021,7519,349,2004,1823,0,1861,0
13/10/2021,8033,254,4064,3100,0,1492,0
13/10/2021,7938,357,2318,3352,0,2019,0
13/10/2021,6897,511,3082,3244,0,2134,0
13/10/2021,6777,624,1801,1648,0,2397,0
13/10/2021,9778,587,1300,3197,0,2014,0
13/10/2021,7139,566,1463,2578,0,1525,0
13/10/2021,8107,614,1608,2749,0,879,0
14/10/2021,9346,549,1970,1113,0,1862,0
14/10/2021,4574,832,1439,1983,0,3128,0
14/10/2021,4833,419,2911,1621,0,3065,0
14/10/2021,10638,398,4007,1993,0,2756,0
14/10/2021,5063,593,1285,1299,0,1642,0
14/10/2021,5462,509,2471,2507,0,1328,0
14/10/2021,6781,647,2841,2937,0,3287,0
14/10/2021,5793,612,4264,2487,0,1410,0
14/10/2021,9800,618,4752,2309,0,2321,0
14/10/2021,6043,487,2266,2696,0,2352,0
14/10/2021,7337,432,2020,1413,0,2711,0
14/10/2021,5549,579,1859,2872,0,1494,0
14/10/2021,8489,791,4121,3734,0,3293,0
14/10/2021,6862,499,1921,4636,0,1990,0
15/10/2021,9623,596,2586,2472,0,1892,0
15/10/2021,8067,462,2695,3598,0,2445,0
15/10/2021,8146,649,4411,2937,0,861,0
15/10/2021,9626,631,1945,1279,0,2925,0
15/10/2021,6256,691,1898,3827,0,2203,0
15/10/2021,8628,577,2157,2524,0,2789,0
15/10/2021,8190,381,1711,2262,0,1512,0
15/10/2021,8657,525,1167,1516,0,1698,0
15/10/2021,8850,340,1353,3785,0,2249,0
15/10/2021,7575,679,2926,2347,0,2370,0
15/10/2021,6223,437,3312,4576,0,1239,0
15/10/2021,5855,615,2070,1967,0,2529,0
15/10/2021,5579,590,1668,4373,0,1745,0
15/10/2021,8509,307,852,2908,0,1922,0
16/10/2021,11371,708,1083,2152,0,2338,0
16/10/2021,8737,460,3036,1891,0,2198,0
16/10/2021,8391,397,4428,1651,0,1485,0
16/10/2021,4825,350,3945,1871,0,3309,0
16/10/2021,9364,536,1883,2129,0,2012,0
16/10/2021,7203,559,4341,1501,0,1650,0
16/10/2021,5461,260,915,1553,0,913,0
16/10/2021,6054,639,1701,2766,0,1504,0
16/10/2021,10492,646,3389,3662,0,2194,0
16/10/2021,5631,704,2898,1696,0,1499,0
16/10/2021,11318,702,3642,2775,0,2933,0
16/10/2021,7541,358,3160,2820,0,1373,0
16/10/2021,8839,343,3096,2916,0,3365,0
16/10/2021,5706,374,2353,1379,0,1970,0
17/10/2021,7997,530,4081,3352,0,1646,0
17/10/2021,7350,624,1992,1580,0,2430,0
17/10/2021,8425,544,2567,1944,0,1326,0
17/10/2021,6703,633,4068,1812,0,1879,0
17/10/2021,6235,583,2210,2092,0,2179,0
17/10/2021,5548,626,3360,1474,0,2424,0
17/10/2021,6567,692,1265,1862,0,1586,0
17/10/2021,5585,568,1188,3688,0,1314,0
17/10/2021,8455,476,1899,3655,0,1358,0
17/10/2021,10295,566,1907,2209,0,2621,0
17/10/2021,9101,257,3325,2466,0,3159,0
17/10/2021,8049,497,3377,1096,0,1117,0
17/10/2021,9489,583,1199,2308,0,3373,0
18/10/2021,6203,397,3772,2654,0,1536,0
18/10/2021,7578,598,3591,2224,0,1374,0
18/10/2021,8290,486,1088,3148,0,1896,0
18/10/2021,10077,522,3766,1745,0,2307,0
18/10/2021,8626,326,4129,1436,0,1420,0
18/10/2021,5281,390,1579,2791,0,1895,0
18/10/2021,5777,679,1205,1693,0,1081,0
18/10/2021,7518,476,1314,3842,0,2682,0
18/10/2021,5032,709,3005,3253,0,2599,0
18/10/2021,8977,381,2182,1727,0,1777,0
18/10/2021,7438,774,1496,4227,0,1836,0
18/10/2021,10201,702,1315,3080,0,1006,0
18/10/2021,7322,327,1178,2666,0,1198,0
18/10/2021,8521,614,3735,2753,0,1616,0
19/10/2021,8301,583,1931,3081,0,1449,0
19/10/2021,11024,401,4256,981,0,2083,0
19/10/2021,5368,578,3860,4484,0,1400,0
19/10/2021,6169,516,1531,2858,0,2573,0
19/10/2021,6051,398,2683,3165,0,2837,0
19/10/2021,10424,525,2612,4518,0,2375,0
19/10/2021,6677,462,3586,2753,0,3065,0
19/10/2021,7671,567,1347,1602,0,1539,0
19/10/2021,5229,713,1991,3273,0,1226,0
19/10/2021,8450,528,2760,3523,0,1878,0
19/10/2021,5168,481,2528,2954,0,1185,0
19/10/2021,10271,435,1463,2049,0,2639,0
19/10/2021,7081,816,3967,2278,0,3266,0
19/10/2021,7218,800,1734,3668,0,1658,0
20/10/2021,7450,718,2977,4263,0,2544,0
20/10/2021,9213,322,4298,4270,0,3462,0
20/10/2021,10917,281,4386,4350,0,2273,0
20/10/2021,5650,808,1875,2935,0,2010,0
20/10/2021,8251,247,4330,1911,0,1115,0
20/10/2021,7371,340,2916,4536,0,1735,0
20/10/2021,7975,506,2468,3599,0,2124,0
20/10/2021,9855,309,2337,3138,0,2603,0
20/10/2021,7277,370,4743,1763,0,1735,0
20/10/2021,8348,438,3649,3171,0,3561,0
20/10/2021,8944,652,3159,2010,0,2276,0
20/10/2021,9014,439,2061,1779,0,1458,0
20/10/2021,4997,563,4247,4822,0,1234,0
20/10/2021,7518,409,3355,3659,0,2837,0
21/10/2021,6557,473,1989,1001,0,1451,0
21/10/2021,7142,557,2723,3085,0,1467,0
21/10/2021,8405,539,1229,1584,0,1702,0
21/10/2021,7788,583,1829,4073,0,1393,0
21/10/2021,8030,579,1321,1535,0,1639,0
21/10/2021,8149,372,1977,3873,0,1439,0
21/10/2021,6269,247,2913,1509,0,1306,0
21/10/2021,7980,384,2302,2563,0,2620,0
21/10/2021,6129,360,1345,1781,0,2013,0
21/10/2021,10177,328,1012,1528,0,3096,0
21/10/2021,9933,709,3210,1784,0,1544,0
21/10/2021,11648,613,1279,1531,0,1486,0
21/10/2021,7108,633,2842,2505,0,2007,0
21/10/2021,9662,591,1869,3037,0,1899,0
22/10/2021,5397,679,4734,3068,0,2477,0
22/10/2021,8022,447,2201,1764,0,1864,0
22/10/2021,4954,521,2725,1596,0,2096,0
22/10/2021,6583,352,2472,3306,0,1302,0
22/10/2021,8992,623,3025,2286,0,1414,0
22/10/2021,5463,765,3437,1819,0,2243,0
22/10/2021,4608,341,1384,1614,0,2493,0
22/10/2021,10030,429,2990,2489,0,1516,0
22/10/2021,7244,439,3926,3191,0,1363,0
22/10/2021,4577,402,1236,3119,0,1635,0
22/10/2021,10674,560,3038,1649,0,2433,0
22/10/2021,5630,282,3598,3883,0,2495,0
22/10/2021,9514,599,834,3931,0,1739,0
23/10/2021,8423,611,1370,1278,0,1178,0
23/10/2021,6245,643,2935,3373,0,2350,0
23/10/2021,4997,460,2736,1489,0,2435,0
23/10/2021,8080,578,2495,3942,0,1115,0
23/10/2021,7690,523,4592,3421,0,2604,0
23/10/2021,9644,543,2319,3307,0,1663,0
23/10/2021,9678,658,2931,1800,0,3293,0
23/10/2021,7991,330,2798,2035,0,2401,0
23/10/2021,6442,439,3320,1171,0,2984,0
23/10/2021,9310,288,1827,2653,0,1422,0
23/10/2021,9139,375,2350,3230,0,2250,0
23/10/2021,4932,380,3800,3388,0,1381,0
23/10/2021,4570,453,3968,3619,0,2072,0
23/10/2021,7879,432,3493,1317,0,2434,0
24/10/2021,6237,400,1632,1349,0,2450,0
24/10/2021,6678,553,3593,2139,0,1900,0
24/10/2021,6685,751,2689,2038,0,1683,0
24/10/2021,8471,336,1724,1552,0,1448,0
24/10/2021,6196,480,2694,3098,0,2862,0
24/10/2021,6972,654,2301,3380,0,2644,0
24/10/2021,5988,340,1109,3600,0,1573,0
24/10/2021,5409,419,3143,3677,0,3507,0
24/10/2021,9604,307,1798,1877,0,2232,0
24/10/2021,9355,503,2526,1215,0,1120,0
24/10/2021,6997,654,3116,1083,0,2388,0
24/10/2021,8560,493,2837,2822,0,1959,0
24/10/2021,6862,366,1252,3318,0,1585,0
25/10/2021,8294,640,1399,2809,0,2239,0
25/10/2021,6330,536,3567,1154,0,1898,0
25/10/2021,5066,251,4003,2455,0,1553,0
25/10/2021,8792,560,4277,4652,0,2786,0
25/10/2021,4972,782,1498,2128,0,1150,0
25/10/2021,10636,340,2162,4506,0,1557,0
25/10/2021,10236,352,3873,1340,0,1521,0
25/10/2021,7630,616,2196,2410,0,1008,0
25/10/2021,5729,493,2001,3579,0,2684,0
25/10/2021,7688,507,2588,3318,0,1081,0
25/10/2021,11036,387,1516,4080,0,1832,0
25/10/2021,5464,598,2767,1601,0,2918,0
25/10/2021,4529,346,3637,1392,0,3326,0
25/10/2021,9349,425,3095,904,0,1443,0
26/10/2021,8552,322,1737,4614,0,1106,0
26/10/2021,10552,740,1501,1900,0,2581,0
26/10/2021,5038,713,1572,1623,0,1342,0
26/10/2021,6822,519,1128,3454,0,2186,0
26/10/2021,8513,711,2490,2906,0,2870,0
26/10/2021,6551,750,3446,1962,0,1168,0
26/10/2021,8941,459,1830,1659,0,2084,0
26/10/2021,7717,374,2229,1371,0,1490,0
26/10/2021,7743,524,2768,3236,0,3496,0
26/10/2021,6568,359,2306,3123,0,996,0
26/10/2021,7687,761,2025,2427,0,1523,0
26/10/2021,9593,800,3899,2721,0,1512,0
26/10/2021,8451,433,1027,2091,0,934,0
26/10/2021,11710,446,2475,2509,0,1230,0
27/10/2021,6735,453,1663,1211,0,1513,0
27/10/2021,5122,641,1701,2686,0,2268,0
27/10/2021,10785,591,1947,1760,0,1164,0
27/10/2021,10766,415,2119,2730,0,2297,0
27/10/2021,7821,710,2743,3061,0,1498,0
27/10/2021,4437,432,3295,1327,0,2555,0
27/10/2021,7664,352,4032,1740,0,2604,0
27/10/2021,7259,770,2123,1237,0,1219,0
27/10/2021,9768,349,2089,3117,0,1584,0
27/10/2021,8329,357,3280,1411,0,2106,0
27/10/2021,6798,336,3574,2028,0,1786,0
27/10/2021,8746,655,4417,2499,0,1905,0
27/10/2021,4587,536,2474,2714,0,2643,0
28/10/2021,9371,662,2225,1434,0,2329,0
28/10/2021,11629,742,3534,2596,0,1090,0
28/10/2021,8201,527,1909,2147,0,1513,0
28/10/2021,7976,339,3551,2814,0,2901,0
28/10/2021,6258,405,2219,3685,0,3091,0
28/10/2021,9204,707,2795,3512,0,1875,0
28/10/2021,11433,315,3371,4277,0,1913,0
28/10/2021,6822,505,4809,1730,0,2289,0
28/10/2021,4852,543,3168,3399,0,1368,0
28/10/2021,8829,392,2753,899,0,2492,0
28/10/2021,7372,391,2917,4078,0,1144,0
28/10/2021,9793,447,2755,2319,0,1314,0
28/10/2021,7654,513,1748,2069,0,1422,0
29/10/2021,9185,457,4207,3009,0,1206,0
29/10/2021,6176,287,2270,4409,0,1894,0
29/10/2021,5039,538,1664,1354,0,2250,0
29/10/2021,5626,350,1715,1364,0,2250,0
29/10/2021,6554,518,3554,1097,0,1260,0
29/10/2021,6941,543,1131,1319,0,1251,0
29/10/2021,7878,556,3597,1045,0,1444,0
29/10/2021,7982,519,1984,4073,0,1897,0
29/10/2021,4813,376,2921,1219,0,1596,0
29/10/2021,9022,613,1670,2985,0,1710,0
29/10/2021,6802,532,3866,1891,0,1903,0
29/10/2021,4549,346,1582,2115,0,2745,0
29/10/2021,8076,382,3789,2969,0,2934,0
29/10/2021,10847,415,1146,4707,0,2604,0
30/10/2021,6789,450,2880,1900,0,1963,0
30/10/2021,7106,321,910,2031,0,2691,0
30/10/2021,8448,471,1196,2638,0,3300,0
30/10/2021,7743,397,1719,1245,0,2453,0
30/10/2021,4685,298,4229,1038,0,1374,0
30/10/2021,6579,447,3682,1252,0,1128,0
30/10/2021,7340,393,2746,1611,0,2138,0
30/10/2021,10460,352,1033,1071,0,1275,0
30/10/2021,7796,471,1923,2686,0,1329,0
30/10/2021,7089,361,2753,2001,0,1077,0
30/10/2021,4980,383,2980,2561,0,1376,0
30/10/2021,11825,415,997,1918,0,1468,0
30/10/2021,8077,505,3659,1876,0,2432,0
30/10/2021,7088,742,2039,1794,0,2523,0
31/10/2021,8602,597,4413,1123,0,1288,0
31/10/2021,6107,501,3352,1864,0,1223,0
31/10/2021,9825,479,2471,2335,0,1249,0
31/10/2021,5743,293,2120,1910,0,2521,0
31/10/2021,7808,574,2821,2160,0,2322,0
31/10/2021,6559,755,2814,2140,0,2196,0
31/10/2021,8692,616,1089,2102,0,2398,0
31/10/2021,7182,587,962,1476,0,2129,0
31/10/2021,6724,731,1430,3187,0,2959,0
31/10/2021,4871,587,1324,1561,0,2437,0
31/10/2021,8908,392,1964,1385,0,2947,0
31/10/2021,8482,274,2186,1632,0,3285,0
31/10/2021,6505,736,1378,3526,0,1451,0
01/11/2021,6888,606,3943,1630,0,2067,0
01/11/2021,7065,263,2604,2914,0,1662,0
01/11/2021,11104,520,1122,2657,0,1548,0
01/11/2021,8947,428,3778,1634,0,2147,0
01/11/2021,8614,657,2614,2272,0,847,0
01/11/2021,5814,628,2154,3008,0,1344,0
01/11/2021,5768,680,1392,1837,0,2123,0
01/11/2021,4931,563,3269,3301,0,2089,0
01/11/2021,9046,417,2435,1777,0,2118,0
01/11/2021,9175,486,3245,3955,0,2760,0
01/11/2021,5948,390,4824,3177,0,1362,0
01/11/2021,5388,324,1515,2800,0,1343,0
01/11/2021,7705,442,3530,4233,0,2170,0
01/11/2021,7503,474,3079,3002,0,3207,0
02/11/2021,9710,521,1870,2896,0,2536,0
02/11/2021,4543,339,1203,1904,0,1601,0
02/11/2021,5871,463,4082,2360,0,2200,0
02/11/2021,7096,369,1308,3461,0,1694,0
02/11/2021,8130,556,2615,3516,0,2876,0
02/11/2021,7431,331,1125,2148,0,3007,0
02/11/2021,4364,473,2192,2057,0,1412,0
02/11/2021,7646,557,4433,4583,0,1500,0
02/11/2021,10582,585,3843,3486,0,2813,0
02/11/2021,4140,477,1193,2225,0,1068,0
02/11/2021,9854,489,4257,2303,0,2239,0
02/11/2021,6690,682,3010,3530,0,2728,0
02/11/2021,9126,353,2024,4442,0,962,0
02/11/2021,4856,429,1502,3286,0,1692,0
03/11/2021,7908,547,1935,2258,0,2277,0
03/11/2021,7941,294,2246,2347,0,1586,0
03/11/2021,6682,485,2720,4267,0,2091,0
03/11/2021,4410,681,3456,2099,0,1566,0
03/11/2021,5503,532,1449,2296,0,1230,0
03/11/2021,5955,519,1503,3194,0,2385,0
03/11/2021,8471,736,3472,1625,0,1543,0
03/11/2021,6364,435,3543,2677,0,1270,0
03/11/2021,4905,765,3401,3380,0,2988,0
03/11/2021,6448,562,3674,2651,0,2777,0
03/11/2021,5979,376,2366,3320,0,990,0
03/11/2021,6093,273,2881,1517,0,1420,0
03/11/2021,9574,543,3083,2492,0,2843,0
03/11/2021,6350,452,1971,1614,0,2532,0
04/11/2021,8317,367,1999,2476,0,2088,0
04/11/2021,6468,558,3831,1678,0,1078,0
04/11/2021,9042,470,2970,1510,0,1886,0
04/11/2021,8620,399,3596,3497,0,2830,0
04/11/2021,5012,316,2447,3167,0,1149,0
04/11/2021,10035,639,2927,1535,0,1093,0
04/11/2021,7362,631,2424,1484,0,809,0
04/11/2021,4685,520,3989,1531,0,2530,0
04/11/2021,8016,411,1009,2847,0,2242,0
04/11/2021,8543,413,1341,2754,0,1739,0
04/11/2021,8202,356,4246,2440,0,2582,0
04/11/2021,6083,381,2071,845,0,2240,0
04/11/2021,4405,514,3580,4469,0,1368,0
04/11/2021,6485,369,1357,1870,0,1995,0
05/11/2021,5687,576,1481,3325,0,2738,0
05/11/2021,8917,570,3542,2628,0,2306,0
05/11/2021,5143,249,1196,1488,0,2973,0
05/11/2021,6714,470,2278,2657,0,2919,0
05/11/2021,7171,472,3368,2227,0,1763,0
05/11/2021,11657,466,1311,2520,0,1921,0
05/11/2021,6307,435,3754,1895,0,2828,0
05/11/2021,6945,308,3090,2537,0,1702,0
05/11/2021,5056,564,2942,1667,0,1216,0
05/11/2021,8345,474,2924,1747,0,1785,0
05/11/2021,8008,505,3574,1708,0,2669,0
05/11/2021,10699,611,1632,1444,0,1318,0
05/11/2021,5404,559,2091,2367,0,1491,0
05/11/2021,6396,524,2104,1656,0,1531,0
06/11/2021,7269,560,1325,1278,0,1866,0
06/11/2021,5754,548,2600,1405,0,2773,0
06/11/2021,6749,605,3911,3059,0,1273,0
06/11/2021,5462,679,2791,2768,0,1141,0
06/11/2021,9133,607,4027,2799,0,2248,0
06/11/2021,5993,319,2732,1851,0,1718,0
06/11/2021,7936,351,3753,799,0,2223,0
06/11/2021,6100,293,2582,2754,0,2549,0
06/11/2021,4445,758,1922,2449,0,3016,0
06/11/2021,5800,503,3267,2280,0,1525,0
06/11/2021,6597,444,3221,2212,0,1733,0
06/11/2021,10859,404,2548,1166,0,1477,0
06/11/2021,7414,404,2201,2049,0,1579,0
06/11/2021,5716,368,3095,2571,0,1402,0
07/11/2021,7237,575,2116,3412,0,1579,0
07/11/2021,5485,464,1694,4048,0,2310,0
07/11/2021,10094,395,2315,1889,0,2827,0
07/11/2021,8884,596,3172,1833,0,1769,0
07/11/2021,5455,228,1877,3168,0,1442,0
07/11/2021,6214,644,1803,1257,0,2838,0
07/11/2021,9098,611,4258,2283,0,2371,0
07/11/2021,5280,584,2965,1798,0,3247,0
07/11/2021,6281,729,3714,1417,0,1828,0
07/11/2021,7916,511,1471,3841,0,2629,0
07/11/2021,8859,378,1834,2504,0,882,0
07/11/2021,6653,661,1030,2693,0,2425,0
07/11/2021,9057,395,1932,1926,0,2364,0
07/11/2021,5986,334,2421,1356,0,1675,0
08/11/2021,9364,422,1547,2507,0,1944,0
08/11/2021,6317,392,2164,1629,0,1908,0
08/11/2021,8994,545,2919,2516,0,1147,0
08/11/2021,7391,385,1194,1636,0,3263,0
08/11/2021,6034,810,3091,2945,0,1554,0
08/11/2021,7281,324,3340,3076,0,2321,0
08/11/2021,10165,393,3533,2888,0,1644,0
08/11/2021,8444,290,4324,2249,0,2925,0
08/11/2021,6980,383,2309,3792,0,1043,0
08/11/2021,5231,577,1472,3333,0,2226,0
08/11/2021,9019,321,3207,1824,0,1550,0
08/11/2021,4191,453,1744,1821,0,1240,0
08/11/2021,5581,771,1909,2796,0,1973,0
08/11/2021,6065,580,1902,2933,0,2755,0
09/11/2021,10599,502,3437,1985,0,2460,0
09/11/2021,5082,698,3163,1266,0,2316,0
09/11/2021,5694,621,1229,847,0,1303,0
09/11/2021,8876,515,4630,2519,0,2734,0
09/11/2021,6032,285,2658,2323,0,1231,0
09/11/2021,9824,553,1581,2998,0,2045,0
09/11/2021,8468,557,1413,1870,0,3412,0
09/11/2021,5041,468,3735,1319,0,2249,0
09/11/2021,11024,449,1446,3349,0,1772,0
09/11/2021,7112,453,4840,2077,0,1232,0
09/11/2021,6856,285,2715,1431,0,3042,0
09/11/2021,7695,299,3094,2228,0,957,0
09/11/2021,5756,785,1428,2027,0,1635,0
09/11/2021,9757,438,2595,1192,0,1266,0
10/11/2021,6184,586,2055,1535,0,1609,0
10/11/2021,3857,617,2367,4463,0,1858,0
10/11/2021,9963,793,2456,1514,0,2249,0
10/11/2021,7362,520,4390,1429,0,1295,0
10/11/2021,9529,528,4180,2596,0,2550,0
10/11/2021,8328,851,2252,2058,0,2466,0
10/11/2021,8436,613,3270,3122,0,2253,0
10/11/2021,7509,443,3131,2967,0,1759,0
10/11/2021,6450,431,3288,2263,0,1952,0
10/11/2021,5758,596,4487,2316,0,2357,0
10/11/2021,7156,337,3554,3657,0,1272,0
10/11/2021,7464,562,987,1135,0,1775,0
10/11/2021,10261,565,1774,3238,0,2662,0
10/11/2021,6631,341,3806,1442,0,2377,0
11/11/2021,6059,670,2160,2716,0,2304,0
11/11/2021,5097,410,3823,2196,0,2114,0
11/11/2021,6461,509,2267,2220,0,1614,0
11/11/2021,7898,477,2236,2030,0,2413,0
11/11/2021,10157,490,2416,2938,0,1421,0
11/11/2021,4888,413,4534,2839,0,790,0
11/11/2021,6062,316,2477,2913,0,2570,0
11/11/2021,8446,269,3858,2411,0,2602,0
11/11/2021,7066,316,3781,2080,0,2861,0
11/11/2021,9272,433,1836,3255,0,1298,0
11/11/2021,10776,459,2206,2771,0,3271,0
11/11/2021,7060,420,2938,3310,0,3045,0
11/11/2021,9727,365,1713,2054,0,3437,0
11/11/2021,7668,520,1486,861,0,1619,0
12/11/2021,7822,777,3960,1187,0,1772,0
12/11/2021,10090,416,1504,1340,0,1323,0
12/11/2021,5391,289,3032,2936,0,3191,0
12/11/2021,9990,391,958,2323,0,1145,0
12/11/2021,8713,714,1430,3480,0,3345,0
12/11/2021,8142,388,911,1320,0,2273,0
12/11/2021,5445,418,2600,1017,0,1354,0
12/11/2021,7199,441,1990,2090,0,2647,0
12/11/2021,7435,371,3616,3110,0,2016,0
12/11/2021,7476,683,1299,3222,0,1209,0
12/11/2021,6415,278,1629,2263,0,983,0
12/11/2021,5629,377,1020,2276,0,2565,0
12/11/2021,8049,282,1226,3859,0,2650,0
12/11/2021,9249,693,3327,3625,0,1063,0
13/11/2021,6862,386,1800,1335,0,1407,0
13/11/2021,3821,397,4425,3103,0,2428,0
13/11/2021,7152,642,2010,3643,0,1165,0
13/11/2021,9158,495,2800,2774,0,1020,0
13/11/2021,6973,599,1501,2554,0,2824,0
13/11/2021,5068,460,2350,1689,0,1965,0
13/11/2021,6203,398,4555,2882,0,1942,0
13/11/2021,7048,723,2450,3319,0,2135,0
13/11/2021,9494,499,1877,954,0,1618,0
13/11/2021,4653,417,2291,3212,0,1937,0
13/11/2021,11316,483,2787,875,0,3014,0
13/11/2021,5441,596,3100,3133,0,2218,0
13/11/2021,6489,345,3033,2303,0,2379,0
13/11/2021,6223,360,2264,4816,0,2406,0
14/11/2021,6359,358,2232,3149,0,1931,0
14/11/2021,10019,837,3166,1340,0,2640,0
14/11/2021,6885,495,1633,2407,0,2026,0
14/11/2021,6941,379,1651,3316,0,1278,0
14/11/2021,6906,343,3634,1403,0,2815,0
14/11/2021,10961,718,1216,2784,0,2779,0
14/11/2021,8322,639,1429,2121,0,1589,0
14/11/2021,8346,558,2723,2757,0,3013,0
14/11/2021,6361,565,1183,1992,0,2802,0
14/11/2021,8004,342,2919,3601,0,1633,0
14/11/2021,9087,680,792,2175,0,1325,0
14/11/2021,6512,575,1780,1735,0,1975,0
14/11/2021,8358,537,3297,1006,0,1063,0
14/11/2021,6152,826,1178,1335,0,2164,0
15/11/2021,7142,657,2037,1461,0,1432,0
15/11/2021,6729,566,1017,4297,0,1249,0
15/11/2021,9476,562,2296,3167,0,1623,0
15/11/2021,7481,377,3141,2844,0,2083,0
15/11/2021,7481,493,3726,2315,0,1968,0
15/11/2021,9859,484,1070,3387,0,1504,0
15/11/2021,6635,640,1999,1094,0,1287,0
15/11/2021,7515,804,1830,3660,0,1529,0
15/11/2021,6275,437,2472,3237,0,1277,0
15/11/2021,4618,363,1289,1219,0,2024,0
15/11/2021,4591,387,1106,1902,0,1254,0
15/11/2021,5066,310,2662,2966,0,2489,0
15/11/2021,6339,467,3780,1404,0,1314,0
16/11/2021,8446,435,2389,2168,0,1281,0
16/11/2021,7096,308,1875,3045,0,3024,0
16/11/2021,5722,516,3031,2009,0,2285,0
16/11/2021,10666,384,3535,4341,0,2697,0
16/11/2021,8921,301,1040,1217,0,1161,0
16/11/2021,8544,456,860,2706,0,1585,0
16/11/2021,9911,842,2180,3154,0,2395,0
16/11/2021,8785,444,4486,1881,0,1587,0
16/11/2021,6380,412,4009,2021,0,1646,0
16/11/2021,10737,480,1487,1085,0,1495,0
16/11/2021,8238,724,3546,2085,0,2461,0
16/11/2021,12139,544,2156,4082,0,1448,0
16/11/2021,9106,737,2271,2798,0,1225,0
17/11/2021,6209,515,2358,983,0,1848,0
17/11/2021,6325,447,1223,1442,0,2502,0
17/11/2021,5807,328,1947,3383,0,2597,0
17/11/2021,9313,556,2033,1859,0,2250,0
17/11/2021,7799,452,892,1850,0,1531,0
17/11/2021,9599,410,1412,3936,0,2403,0
17/11/2021,7298,490,1091,1799,0,2419,0
17/11/2021,8725,524,1660,4223,0,1563,0
17/11/2021,8498,443,2584,2507,0,2168,0
17/11/2021,10448,616,1435,1727,0,2022,0
17/11/2021,8918,569,2586,4531,0,1960,0
17/11/2021,7773,297,1741,1387,0,3466,0
17/11/2021,5475,311,2430,2160,0,1519,0
17/11/2021,6419,658,3076,2229,0,1636,0
18/11/2021,6927,414,2929,2520,0,1910,0
18/11/2021,7224,508,887,2794,0,2382,0
18/11/2021,5204,614,4084,1748,0,2474,0
18/11/2021,8724,592,1265,2309,0,936,0
18/11/2021,5670,715,4132,2325,0,2128,0
18/11/2021,10064,387,1570,3826,0,2471,0
18/11/2021,8005,646,2294,2027,0,2277,0
18/11/2021,9730,361,1997,2003,0,1786,0
18/11/2021,7063,498,2358,1845,0,2426,0
18/11/2021,9989,332,1185,2682,0,1456,0
18/11/2021,5569,365,3381,4601,0,2811,0
18/11/2021,8131,551,2792,1426,0,1269,0
18/11/2021,9328,652,1930,1698,0,1484,0
18/11/2021,4946,359,2740,2760,0,2408,0
19/11/2021,7114,290,2234,1077,0,928,0
19/11/2021,10025,606,2584,2044,0,3218,0
19/11/2021,10395,477,2425,1580,0,2439,0
19/11/2021,5952,263,1241,2217,0,1695,0
19/11/2021,7875,537,2596,3875,0,2986,0
19/11/2021,7501,359,1692,2274,0,2263,0
19/11/2021,6603,402,3545,2472,0,1035,0
19/11/2021,7881,520,3449,3664,0,1384,0
19/11/2021,8567,663,2921,1425,0,2589,0
19/11/2021,6457,508,1342,2166,0,1535,0
19/11/2021,10324,534,2661,1897,0,2372,0
19/11/2021,7402,372,2957,2334,0,2293,0
19/11/2021,8977,550,826,4975,0,2771,0
19/11/2021,10665,594,1381,3984,0,2299,0
20/11/2021,7581,266,2465,2535,0,2237,0
20/11/2021,5724,640,3172,1811,0,2357,0
20/11/2021,5671,410,1739,3695,0,2142,0
20/11/2021,6185,401,862,1922,0,2176,0
20/11/2021,4337,438,2895,3276,0,3128,0
20/11/2021,8183,427,4870,3388,0,1709,0
20/11/2021,9385,727,1807,1779,0,1806,0
20/11/2021,7386,436,1610,1423,0,2778,0
20/11/2021,7100,273,1748,3572,0,1555,0
20/11/2021,9486,410,4566,1237,0,1848,0
20/11/2021,7363,291,1297,1990,0,1742,0
20/11/2021,6173,489,2557,1782,0,1300,0
20/11/2021,6996,451,1211,2485,0,3504,0
20/11/2021,9215,461,3839,2438,0,1881,0
21/11/2021,11125,473,4424,1273,0,2936,0
21/11/2021,7326,458,3049,1316,0,2273,0
21/11/2021,8137,563,2634,2901,0,3470,0
21/11/2021,10147,427,1513,2600,0,1691,0
21/11/2021,7341,298,1665,1471,0,1658,0
21/11/2021,6891,607,1274,1940,0,2722,0
21/11/2021,8002,396,2554,1445,0,1199,0
21/11/2021,6973,353,1739,2227,0,794,0
21/11/2021,8038,480,1388,3133,0,1173,0
21/11/2021,12064,618,3023,1558,0,1140,0
21/11/2021,8401,568,1706,1468,0,947,0
21/11/2021,5096,449,2126,1160,0,1758,0
21/11/2021,5666,421,2863,3125,0,2608,0
21/11/2021,7913,323,1756,1484,0,1664,0
22/11/2021,7925,363,2055,1398,0,1865,0
22/11/2021,7229,408,1014,2588,0,1781,0
22/11/2021,6466,522,3088,3628,0,2086,0
22/11/2021,7606,524,2930,3042,0,1369,0
22/11/2021,8324,463,2611,2336,0,2070,0
22/11/2021,5429,380,1735,1918,0,2301,0
22/11/2021,4720,618,3028,2211,0,1125,0
22/11/2021,10831,331,4106,2367,0,2594,0
22/11/2021,12212,403,3297,2352,0,1760,0
22/11/2021,10187,408,1825,1895,0,2043,0
22/11/2021,8878,716,1965,3029,0,2180,0
22/11/2021,8169,566,3012,2004,0,1239,0
22/11/2021,10253,329,1515,3396,0,2650,0
22/11/2021,7437,557,1246,1619,0,1055,0
23/11/2021,6060,470,2062,2384,0,1982,0
23/11/2021,8792,340,3120,1367,0,3543,0
23/11/2021,9008,277,3848,3556,0,1405,0
23/11/2021,8349,766,3258,1631,0,1046,0
23/11/2021,7766,261,1986,3704,0,1337,0
23/11/2021,4701,388,1428,1724,0,1119,0
23/11/2021,7285,458,2752,2917,0,2637,0
23/11/2021,5793,470,2629,3621,0,2784,0
23/11/2021,7553,455,1654,1794,0,2726,0
23/11/2021,10597,394,841,1010,0,1493,0
23/11/2021,5541,581,3463,772,0,2053,0
23/11/2021,6893,293,1238,3294,0,1062,0
23/11/2021,6374,319,805,2975,0,2115,0
23/11/2021,9094,632,1694,1750,0,1242,0
24/11/2021,8073,716,4785,3241,0,1900,0
24/11/2021,9103,461,2428,2128,0,1441,0
24/11/2021,9552,566,3806,932,0,2194,0
24/11/2021,7568,542,2064,2726,0,1616,0
24/11/2021,11173,471,3017,2270,0,2362,0
24/11/2021,7776,734,1174,2449,0,2795,0
24/11/2021,6288,386,1449,1759,0,1844,0
24/11/2021,6783,430,3106,1829,0,2041,0
24/11/2021,6903,231,1622,4374,0,1638,0
24/11/2021,8000,448,1649,802,0,1260,0
24/11/2021,8402,572,958,2074,0,2433,0
24/11/2021,7002,664,4234,2178,0,2605,0
24/11/2021,11299,405,2268,1644,0,2456,0
24/11/2021,5224,375,2940,2016,0,2357,0
25/11/2021,6017,442,3465,2149,0,2348,0
25/11/2021,6725,365,2952,2530,0,1461,0
25/11/2021,4362,361,2161,1822,0,2160,0
25/11/2021,7910,343,3655,1523,0,1848,0
25/11/2021,5885,716,2826,1487,0,1027,0
25/11/2021,6735,528,1333,2967,0,1620,0
25/11/2021,9714,623,2356,3395,0,2071,0
25/11/2021,7796,530,3403,1224,0,1284,0
25/11/2021,8304,451,1066,1330,0,1303,0
25/11/2021,5038,341,3479,1114,0,2398,0
25/11/2021,5255,530,2006,3156,0,1334,0
25/11/2021,8661,475,2016,2594,0,1212,0
25/11/2021,6108,494,2983,3086,0,2912,0
25/11/2021,9636,446,940,3387,0,958,0
26/11/2021,8524,530,3021,2896,0,2418,0
26/11/2021,9229,422,1933,3551,0,1309,0
26/11/2021,10363,409,1377,2450,0,2998,0
26/11/2021,5927,598,1544,2627,0,2231,0
26/11/2021,6315,770,3272,2979,0,979,0
26/11/2021,9764,822,1612,2187,0,1190,0
26/11/2021,4804,421,3648,1951,0,1650,0
26/11/2021,7378,385,4421,867,0,2271,0
26/11/2021,6037,348,2276,2042,0,2682,0
26/11/2021,10145,440,1938,1730,0,2416,0
26/11/2021,12029,339,2569,3897,0,2556,0
26/11/2021,6513,491,1246,1893,0,1653,0
26/11/2021,8837,377,1337,2056,0,2770,0
26/11/2021,8617,728,4247,2151,0,1856,0
27/11/2021,9770,499,3266,1580,0,1385,0
27/11/2021,9211,310,1229,1017,0,1996,0
27/11/2021,8432,429,3659,1123,0,1612,0
27/11/2021,6575,368,3455,2329,0,2281,0
27/11/2021,5758,404,959,2702,0,2780,0
27/11/2021,5514,781,2751,3678,0,2717,0
27/11/2021,8998,477,2937,3951,0,3669,0
27/11/2021,10101,378,3670,3381,0,1461,0
27/11/2021,6342,448,2828,1596,0,1568,0
27/11/2021,6742,512,2598,3006,0,2649,0
27/11/2021,5079,685,2757,4049,0,1243,0
27/11/2021,7452,329,1451,1566,0,1831,0
27/11/2021,7704,469,3610,1185,0,2534,0
27/11/2021,5454,589,3407,1753,0,1155,0
28/11/2021,6060,660,1859,2112,0,1737,0
28/11/2021,5705,272,1784,3555,0,1330,0
28/11/2021,7808,715,1662,3196,0,2005,0
28/11/2021,6172,470,1953,3230,0,2443,0
28/11/2021,7496,429,1938,3299,0,1033,0
28/11/2021,6010,483,3795,1077,0,2307,0
28/11/2021,10931,299,2748,2869,0,1535,0
28/11/2021,7722,457,2274,1800,0,2059,0
28/11/2021,11416,423,2744,2315,0,1197,0
28/11/2021,7073,513,1918,1124,0,1391,0
28/11/2021,8527,366,2005,1422,0,1412,0
28/11/2021,6395,418,1220,2591,0,1753,0
28/11/2021,6714,445,3753,2306,0,936,0
28/11/2021,4794,618,2451,3308,0,1248,0
29/11/2021,6882,693,1512,1201,0,2767,0
29/11/2021,6973,614,2693,4492,0,1095,0
29/11/2021,7903,428,3428,4084,0,1843,0
29/11/2021,5397,412,3323,1236,0,1300,0
29/11/2021,9975,697,3645,2633,0,1505,0
29/11/2021,4007,382,2201,2390,0,2302,0
29/11/2021,7386,635,2850,2131,0,1708,0
29/11/2021,8112,519,2954,1415,0,1695,0
29/11/2021,6449,710,1654,2571,0,918,0
29/11/2021,8326,511,3137,3701,0,2730,0
29/11/2021,11426,659,3361,2711,0,3041,0
29/11/2021,6458,755,2619,1632,0,1759,0
29/11/2021,5159,623,3931,3061,0,1539,0
29/11/2021,8365,749,2266,3012,0,2011,0
30/11/2021,6088,543,3191,2438,0,1911,0
30/11/2021,6724,469,1979,2515,0,2584,0
30/11/2021,9671,263,2801,2103,0,2623,0
30/11/2021,5360,328,1247,3069,0,3164,0
30/11/2021,6442,403,2261,1614,0,2156,0
30/11/2021,8089,249,3208,1988,0,2072,0
30/11/2021,4827,469,2379,2233,0,2052,0
30/11/2021,5368,749,2595,4712,0,3030,0
30/11/2021,6790,366,4010,3253,0,1057,0
30/11/2021,5481,624,1372,1317,0,2756,0
30/11/2021,4377,446,941,1919,0,3032,0
30/11/2021,9778,857,2549,1761,0,2609,0
30/11/2021,6045,519,3630,1525,0,1567,0
30/11/2021,11404,314,3101,2878,0,2032,0
01/12/2021,6133,490,1393,4007,0,1726,0
01/12/2021,6877,323,2616,2434,0,2201,0
01/12/2021,8186,579,3281,2150,0,1238,0
01/12/2021,6657,393,1915,2919,0,933,0
01/12/2021,9204,416,3429,2606,0,2267,0
01/12/2021,9128,528,3493,2813,0,1234,0
01/12/2021,6512,691,4083,3103,0,2606,0
01/12/2021,10408,473,862,1245,0,1969,0
01/12/2021,7546,533,3775,2619,0,2717,0
01/12/2021,8078,282,3428,4684,0,2210,0
01/12/2021,11079,638,1743,3721,0,2253,0
01/12/2021,12370,337,2001,3019,0,1009,0
01/12/2021,6726,305,1275,2239,0,1820,0
01/12/2021,5545,526,3492,2983,0,2375,0
02/12/2021,7815,346,2444,2590,0,1625,0
02/12/2021,8900,385,3587,1411,0,1791,0
02/12/2021,6158,398,3379,1623,0,1169,0
02/12/2021,8734,696,1691,1968,0,1782,0
02/12/2021,8016,506,2114,4047,0,2260,0
02/12/2021,9074,536,2220,2070,0,1628,0
02/12/2021,8872,541,3506,1758,0,1376,0
02/12/2021,6009,526,3622,3817,0,3519,0
02/12/2021,7432,367,2081,3597,0,1548,0
02/12/2021,6946,487,1622,2049,0,1326,0
02/12/2021,5510,356,1016,3221,0,2648,0
02/12/2021,9558,291,3188,1785,0,2729,0
02/12/2021,8129,550,1292,2316,0,3153,0
02/12/2021,4295,860,2937,2917,0,2319,0
03/12/2021,7636,536,1722,4037,0,1932,0
03/12/2021,5080,465,2113,2253,0,2272,0
03/12/2021,7420,574,1250,4556,0,3117,0
03/12/2021,8195,374,3268,2772,0,2471,0
03/12/2021,7537,744,3395,3716,0,2400,0
03/12/2021,6135,519,1801,2002,0,857,0
03/12/2021,4996,348,2277,4068,0,2185,0
03/12/2021,9989,611,1480,2858,0,1819,0
03/12/2021,7532,368,4069,2467,0,3149,0
03/12/2021,5671,764,2072,2470,0,1444,0
03/12/2021,6651,716,1131,2226,0,1561,0
03/12/2021,8631,505,1145,1655,0,2607,0
03/12/2021,6043,804,1893,3000,0,1111,0
03/12/2021,5936,337,2668,1479,0,1264,0
04/12/2021,6591,720,2623,2432,0,2394,0
04/12/2021,8193,457,2278,3115,0,1618,0
04/12/2021,10763,455,3255,2072,0,2247,0
04/12/2021,4904,335,1632,1543,0,1754,0
04/12/2021,8082,410,3439,1364,0,2485,0
04/12/2021,8387,792,1081,4188,0,1155,0
04/12/2021,5930,511,2925,2032,0,1247,0
04/12/2021,6088,500,2466,1669,0,2608,0
04/12/2021,8495,516,2792,1421,0,2012,0
04/12/2021,9861,441,2097,2967,0,3172,0
04/12/2021,8023,424,1878,1541,0,2318,0
04/12/2021,4850,588,3375,3935,0,2448,0
04/12/2021,9754,540,1478,2953,0,3496,0
04/12/2021,6113,530,2073,1762,0,1736,0
05/12/2021,9126,555,1476,4546,0,1221,0
05/12/2021,8058,348,3316,2992,0,1132,0
05/12/2021,9560,558,1317,3484,0,3003,0
05/12/2021,8010,770,1390,1025,0,885,0
05/12/2021,7509,674,3063,2791,0,1166,0
05/12/2021,8689,293,2685,3702,0,1313,0
05/12/2021,5928,319,1283,2423,0,1985,0
05/12/2021,5346,485,3597,1478,0,1285,0
05/12/2021,5504,460,1930,3268,0,2016,0
05/12/2021,9301,367,1871,1473,0,2206,0
05/12/2021,7975,591,1988,1304,0,1931,0
05/12/2021,10151,806,1517,3072,0,2092,0
05/12/2021,6866,528,1962,3958,0,1662,0
05/12/2021,4484,569,3236,1035,0,2182,0
06/12/2021,7065,570,1368,3094,0,1885,0
06/12/2021,7751,402,1968,2711,0,2004,0
06/12/2021,4352,628,3365,2406,0,1966,0
06/12/2021,9141,484,2898,1645,0,3701,0
06/12/2021,6074,335,3361,1622,0,1506,0
06/12/2021,3996,543,2363,1688,0,3312,0
06/12/2021,8423,461,1402,2939,0,1199,0
06/12/2021,7046,574,4207,3002,0,2188,0
06/12/2021,7119,362,3251,4004,0,1324,0
06/12/2021,7961,324,3048,1472,0,1005,0
06/12/2021,9202,355,3127,3648,0,2203,0
06/12/2021,9120,320,1004,2235,0,1886,0
06/12/2021,8398,581,3528,1201,0,2970,0
06/12/2021,4270,532,2002,3231,0,1880,0
07/12/2021,6519,279,3112,1580,0,2578,0
07/12/2021,5554,396,2079,2682,0,2552,0
07/12/2021,8140,583,4257,3347,0,1843,0
07/12/2021,12285,621,2901,1733,0,1952,0
07/12/2021,11233,452,4584,2313,0,2201,0
07/12/2021,8647,449,4733,1240,0,1731,0
07/12/2021,9481,474,1964,4156,0,1862,0
07/12/2021,4944,390,3802,3913,0,2560,0
07/12/2021,5191,773,1256,2318,0,864,0
07/12/2021,6658,548,1972,1402,0,3127,0
07/12/2021,6402,495,3952,2006,0,2360,0
07/12/2021,8862,496,1566,1566,0,1936,0
07/12/2021,5705,323,3045,1786,0,2945,0
07/12/2021,6207,497,3718,2375,0,1089,0
08/12/2021,8068,565,2714,2361,0,1276,0
08/12/2021,8256,261,2955,1222,0,1062,0
08/12/2021,6529,611,1954,1879,0,2615,0
08/12/2021,5920,525,3662,1975,0,1144,0
08/12/2021,10184,351,3002,3364,0,2412,0
08/12/2021,5623,322,2754,3090,0,3518,0
08/12/2021,11181,267,913,4502,0,1833,0
08/12/2021,6871,614,2827,3012,0,2277,0
08/12/2021,5453,351,1568,2705,0,1754,0
08/12/2021,9593,566,4151,1333,0,2680,0
08/12/2021,6469,776,2973,2223,0,2377,0
08/12/2021,5211,521,1761,1390,0,3369,0
08/12/2021,8217,387,3535,1181,0,1067,0
08/12/2021,5674,778,2568,2565,0,2211,0
09/12/2021,9187,538,3082,3145,0,1187,0
09/12/2021,5135,423,1760,1826,0,1055,0
09/12/2021,6756,511,2945,3071,0,2688,0
09/12/2021,6992,380,2161,3215,0,3304,0
09/12/2021,10189,345,3164,2913,0,1000,0
09/12/2021,6437,707,1053,825,0,1240,0
09/12/2021,9005,525,1186,1331,0,2769,0
09/12/2021,5773,680,1424,2801,0,2134,0
09/12/2021,6913,499,1036,4057,0,2661,0
09/12/2021,6527,410,2024,1789,0,1640,0
09/12/2021,6183,608,3586,2637,0,2681,0
09/12/2021,7252,636,4543,1552,0,1128,0
09/12/2021,8264,405,2477,2615,0,1975,0
09/12/2021,8258,547,2541,1195,0,3225,0
10/12/2021,5172,357,2380,3952,0,2708,0
10/12/2021,5226,405,2397,4361,0,822,0
10/12/2021,8623,304,2530,2429,0,1553,0
10/12/2021,7107,542,3695,3345,0,1698,0
10/12/2021,6789,394,3199,2731,0,1926,0
10/12/2021,6191,376,1108,1357,0,1676,0
10/12/2021,7099,744,2560,1373,0,2142,0
10/12/2021,5462,436,2289,4544,0,1921,0
10/12/2021,8581,659,1780,2073,0,2560,0
10/12/2021,9684,309,1795,1377,0,1849,0
10/12/2021,7694,604,3064,1550,0,3113,0
10/12/2021,5724,361,2647,827,0,901,0
10/12/2021,6016,399,1231,2217,0,1484,0
10/12/2021,7216,507,3604,2577,0,3138,0
11/12/2021,5181,489,1889,4363,0,1988,0
11/12/2021,9780,467,4560,1498,0,2116,0
11/12/2021,11307,476,2851,1647,0,1409,0
11/12/2021,6579,689,3212,2716,0,994,0
11/12/2021,7824,577,3545,2535,0,1511,0
11/12/2021,5600,413,1446,2130,0,2483,0
11/12/2021,4537,599,2482,3064,0,1715,0
11/12/2021,6225,441,2955,1902,0,1156,0
11/12/2021,6292,342,1154,956,0,1090,0
11/12/2021,8977,461,2948,2051,0,1383,0
11/12/2021,8358,408,1213,3544,0,815,0
11/12/2021,7935,700,2769,4624,0,2608,0
11/12/2021,6352,391,4241,2845,0,2043,0
11/12/2021,5630,645,1355,4356,0,1912,0
12/12/2021,5464,301,3259,2385,0,3420,0
12/12/2021,4898,667,1745,1485,0,1249,0
12/12/2021,6401,381,2388,1031,0,2864,0
12/12/2021,5226,761,3035,3311,0,2488,0
12/12/2021,5049,389,1541,2377,0,997,0
12/12/2021,6997,588,3780,2205,0,1640,0
12/12/2021,11903,756,4426,3453,0,1981,0
12/12/2021,7657,624,2279,2026,0,1554,0
12/12/2021,8825,572,2405,1761,0,1613,0
12/12/2021,9779,580,2729,3216,0,1449,0
12/12/2021,6828,486,1468,3233,0,1317,0
12/12/2021,4237,432,4366,4327,0,2127,0
12/12/2021,4860,431,2948,895,0,1218,0
13/12/2021,5628,464,1645,1499,0,1616,0
13/12/2021,7860,619,3429,2439,0,2752,0
13/12/2021,10117,500,2198,4435,0,2673,0
13/12/2021,6560,552,1945,1499,0,2769,0
13/12/2021,9516,618,1897,3044,0,2706,0
13/12/2021,7558,587,1322,1777,0,1802,0
13/12/2021,7938,497,4134,2324,0,1971,0
13/12/2021,10599,463,2249,2270,0,1897,0
13/12/2021,8738,325,4136,2868,0,2312,0
13/12/2021,8043,426,1718,3328,0,1264,0
13/12/2021,9727,493,1344,2544,0,1006,0
13/12/2021,8009,531,2214,1817,0,1685,0
13/12/2021,10522,374,2559,3784,0,1465,0
13/12/2021,11053,535,1962,3036,0,2741,0
14/12/2021,5277,292,2383,905,0,2405,0
14/12/2021,6641,623,2501,1350,0,1003,0
14/12/2021,6566,652,1361,2597,0,1574,0
14/12/2021,7634,316,3969,1364,0,1110,0
14/12/2021,7107,669,1546,3070,0,2371,0
14/12/2021,8724,517,1504,1198,0,2281,0
14/12/2021,10592,448,3844,3659,0,1275,0
14/12/2021,11730,462,4114,1987,0,2540,0
14/12/2021,6146,370,2156,2144,0,1377,0
14/12/2021,6460,474,3928,1169,0,1898,0
14/12/2021,7746,364,1392,1189,0,2504,0
14/12/2021,5426,317,3119,2757,0,1212,0
14/12/2021,5555,382,3867,2387,0,1300,0
14/12/2021,6690,670,2605,2119,0,1703,0
15/12/2021,8651,719,2794,1733,0,3214,0
15/12/2021,6132,445,1322,3704,0,2041,0
15/12/2021,9717,677,2226,2577,0,3045,0
15/12/2021,4490,361,3234,2495,0,2926,0
15/12/2021,6392,697,3214,3679,0,2064,0
15/12/2021,7675,369,1952,2647,0,1620,0
15/12/2021,6025,617,2063,2307,0,2101,0
15/12/2021,8476,359,3467,1644,0,1891,0
15/12/2021,8202,543,1723,3641,0,1827,0
15/12/2021,5742,437,1608,3894,0,1285,0
15/12/2021,8772,697,3726,1552,0,1567,0
15/12/2021,7653,682,2690,1155,0,2059,0
15/12/2021,4498,340,4729,2877,0,2283,0
15/12/2021,8817,509,1361,2432,0,1282,0
16/12/2021,6303,336,2200,2272,0,1684,0
16/12/2021,7651,437,4291,1322,0,1553,0
16/12/2021,10943,513,1096,2284,0,1198,0
16/12/2021,9444,740,2757,3884,0,1358,0
16/12/2021,9827,669,4012,1267,0,3346,0
16/12/2021,7110,642,1977,1905,0,1444,0
16/12/2021,7571,462,1725,1004,0,2595,0
16/12/2021,10759,683,1834,2137,0,1843,0
16/12/2021,6634,279,1230,1797,0,2428,0
16/12/2021,5859,714,2358,2710,0,2455,0
16/12/2021,4579,440,4104,877,0,2867,0
16/12/2021,6126,385,2080,2852,0,2053,0
16/12/2021,10774,454,2584,1533,0,2919,0
16/12/2021,6424,594,1130,3325,0,1672,0
17/12/2021,6630,399,2487,1555,0,2065,0
17/12/2021,6579,643,4543,3466,0,1742,0
17/12/2021,8331,632,3261,1789,0,2173,0
17/12/2021,4463,435,1820,1860,0,2050,0
17/12/2021,7119,414,4204,2435,0,2596,0
17/12/2021,6534,292,2789,3645,0,1193,0
17/12/2021,6588,709,1374,3434,0,3331,0
17/12/2021,7019,277,2366,2738,0,1714,0
17/12/2021,10609,489,1535,3269,0,2062,0
17/12/2021,7409,510,4280,3704,0,1301,0
17/12/2021,10152,501,4636,4015,0,1103,0
17/12/2021,7738,465,1934,4100,0,2136,0
17/12/2021,5553,501,1222,3291,0,2801,0
17/12/2021,6850,523,2439,4452,0,2929,0
18/12/2021,7482,467,4664,2952,0,2259,0
18/12/2021,8562,580,1283,1681,0,1735,0
18/12/2021,11673,664,1397,2738,0,3265,0
18/12/2021,7490,359,2939,3005,0,1872,0
18/12/2021,11676,354,2424,3464,0,2393,0
18/12/2021,4556,561,3220,1337,0,1872,0
18/12/2021,11527,628,1770,2584,0,1464,0
18/12/2021,5139,505,2852,959,0,2891,0
18/12/2021,6862,532,2532,3228,0,1491,0
18/12/2021,4617,582,2000,2187,0,2337,0
18/12/2021,7342,555,2244,2301,0,1722,0
18/12/2021,9263,426,3399,1366,0,1122,0
18/12/2021,9324,528,4404,2192,0,1841,0
18/12/2021,5588,626,1246,1194,0,2184,0
19/12/2021,7108,568,2826,2581,0,1526,0
19/12/2021,8557,576,3386,2795,0,1373,0
19/12/2021,8300,586,3374,2467,0,2440,0
19/12/2021,6745,469,1354,3016,0,1153,0
19/12/2021,10523,620,1313,3235,0,2045,0
19/12/2021,6780,405,3270,2071,0,2111,0
19/12/2021,9077,616,3218,935,0,2038,0
19/12/2021,5430,746,1899,1088,0,1307,0
19/12/2021,8138,307,2322,2837,0,1691,0
19/12/2021,6705,294,2955,3099,0,2342,0
19/12/2021,7260,555,2429,998,0,1559,0
19/12/2021,6839,578,3441,1597,0,842,0
19/12/2021,5589,353,1982,2046,0,2909,0
20/12/2021,7842,470,3514,2421,0,2709,0
20/12/2021,8832,550,3470,3700,0,1794,0
20/12/2021,6730,384,3874,1841,0,2076,0
20/12/2021,5720,330,2486,4549,0,2645,0
20/12/2021,8139,651,2305,2106,0,2237,0
20/12/2021,7590,256,2769,3516,0,1428,0
20/12/2021,7827,260,3048,4450,0,1564,0
20/12/2021,5088,474,3025,2007,0,1489,0
20/12/2021,5094,461,2396,3195,0,2818,0
20/12/2021,5798,656,4035,2604,0,1557,0
20/12/2021,10910,465,2015,1755,0,947,0
20/12/2021,5237,376,2546,2088,0,1826,0
20/12/2021,8377,548,2127,2506,0,1295,0
20/12/2021,9190,441,3136,1723,0,3230,0
21/12/2021,9975,326,2952,2543,0,1884,0
21/12/2021,7306,765,1338,2324,0,2755,0
21/12/2021,8948,565,2944,1731,0,1991,0
21/12/2021,6123,400,3286,3396,0,1286,0
21/12/2021,4899,509,2533,2284,0,2634,0
21/12/2021,10119,660,2374,3919,0,811,0
21/12/2021,8654,541,3643,1811,0,1305,0
21/12/2021,7208,441,2821,3296,0,2580,0
21/12/2021,8030,789,1745,3332,0,1909,0
21/12/2021,4227,438,3176,3537,0,1870,0
21/12/2021,5599,422,2019,2204,0,3060,0
21/12/2021,4550,551,3134,1943,0,2810,0
21/12/2021,9651,728,1148,2828,0,1321,0
21/12/2021,7585,613,2818,1827,0,2109,0
22/12/2021,7812,513,1673,3951,0,1948,0
22/12/2021,6438,552,1540,2268,0,1614,0
22/12/2021,6878,493,3210,2194,0,1922,0
22/12/2021,6794,345,1398,2678,0,881,0
22/12/2021,7756,410,3224,2187,0,1280,0
22/12/2021,10678,491,2600,873,0,3147,0
22/12/2021,6018,554,2582,2964,0,2314,0
22/12/2021,7851,755,1150,2386,0,2472,0
22/12/2021,7117,341,2250,1913,0,1063,0
22/12/2021,7375,508,1525,2511,0,2344,0
22/12/2021,4863,668,1349,3356,0,1055,0
22/12/2021,6104,547,1948,1339,0,2883,0
22/12/2021,8439,277,4295,4073,0,1992,0
22/12/2021,7757,304,1736,2906,0,3035,0
23/12/2021,6538,399,1956,4275,0,1783,0
23/12/2021,4279,334,2424,1786,0,1236,0
23/12/2021,6133,390,1634,1868,0,2369,0
23/12/2021,7411,464,3076,2142,0,1567,0
23/12/2021,6414,304,2967,4070,0,1245,0
23/12/2021,9515,368,4029,2711,0,1100,0
23/12/2021,5230,280,3493,1934,0,1759,0
23/12/2021,6464,243,1394,4254,0,1078,0
23/12/2021,5881,417,2667,4841,0,1002,0
23/12/2021,10004,359,2973,3115,0,1532,0
23/12/2021,7528,376,3091,2291,0,2361,0
23/12/2021,7241,403,2195,2258,0,1905,0
23/12/2021,9511,375,1479,3062,0,1364,0
23/12/2021,10514,470,1718,1357,0,1529,0
24/12/2021,6911,378,2097,2306,0,2074,0
24/12/2021,6812,555,3544,3874,0,2545,0
24/12/2021,11340,297,2366,2315,0,1680,0
24/12/2021,11677,538,2622,2688,0,2768,0
24/12/2021,8658,423,3095,2422,0,1631,0
24/12/2021,8446,708,2479,1613,0,2210,0
24/12/2021,5732,284,1844,1851,0,1655,0
24/12/2021,7077,540,2307,2474,0,2030,0
24/12/2021,8504,434,2661,3126,0,1339,0
24/12/2021,9145,406,1318,1701,0,1613,0
24/12/2021,10095,587,3078,1509,0,2171,0
24/12/2021,5877,428,1483,3055,0,2236,0
24/12/2021,6041,535,3633,2295,0,2544,0
24/12/2021,9101,503,1768,851,0,3128,0
25/12/2021,7253,461,3658,835,0,2388,0
25/12/2021,6767,620,3015,1562,0,2756,0
25/12/2021,5121,685,1174,3014,0,3560,0
25/12/2021,9916,588,3095,1199,0,1173,0
25/12/2021,8082,380,3121,2697,0,2023,0
25/12/2021,8977,522,2525,3731,0,1962,0
25/12/2021,10510,427,3427,3308,0,958,0
25/12/2021,5795,491,1718,1402,0,2313,0
25/12/2021,11019,285,2968,1642,0,1434,0
25/12/2021,5286,311,1598,3594,0,1098,0
25/12/2021,7441,705,3460,2008,0,1987,0
25/12/2021,5229,418,4191,3427,0,1965,0
25/12/2021,6217,577,2455,2310,0,3086,0
25/12/2021,7443,615,3295,3188,0,2157,0
26/12/2021,4195,346,3396,1408,0,1402,0
26/12/2021,6703,377,3369,2871,0,2230,0
26/12/2021,3902,722,2063,2559,0,865,0
26/12/2021,10009,408,3020,1975,0,1232,0
26/12/2021,11678,562,3663,4029,0,3135,0
26/12/2021,5616,641,1336,3171,0,2862,0
26/12/2021,9764,688,2345,2628,0,1944,0
26/12/2021,5567,589,2455,1834,0,1612,0
26/12/2021,10695,450,892,1396,0,1310,0
26/12/2021,8000,729,4277,4664,0,1255,0
26/12/2021,8397,345,1753,2838,0,1359,0
26/12/2021,4817,430,2530,2539,0,2744,0
26/12/2021,9842,396,2467,3150,0,2950,0
26/12/2021,6533,573,2274,3711,0,3021,0
27/12/2021,8655,663,4012,1629,0,1444,0
27/12/2021,4102,579,2867,3296,0,2340,0
27/12/2021,9253,628,1119,1534,0,2333,0
27/12/2021,10744,674,1789,3615,0,2113,0
27/12/2021,7148,694,3109,2596,0,2917,0
27/12/2021,7842,371,1107,3067,0,1348,0
27/12/2021,8431,409,3175,4448,0,2663,0
27/12/2021,5998,557,3315,2556,0,1668,0
27/12/2021,10475,434,1105,3268,0,2256,0
27/12/2021,6716,339,1516,2641,0,1644,0
27/12/2021,8386,390,3981,2515,0,2662,0
27/12/2021,6132,651,2490,1448,0,2566,0
27/12/2021,9180,543,2022,1463,0,2363,0
27/12/2021,7353,346,1494,1981,0,2194,0
28/12/2021,6189,349,2523,2486,0,1163,0
28/12/2021,8307,564,1412,2108,0,2570,0
28/12/2021,7125,525,3799,2746,0,2059,0
28/12/2021,8664,272,3205,2038,0,2825,0
28/12/2021,7898,283,2044,2497,0,3078,0
28/12/2021,8493,516,1606,2771,0,1362,0
28/12/2021,6401,588,2275,1890,0,1447,0
28/12/2021,5129,456,1832,1103,0,1067,0
28/12/2021,8551,760,2932,1834,0,2524,0
28/12/2021,5466,547,2201,1593,0,1504,0
28/12/2021,5060,507,3477,2784,0,1888,0
28/12/2021,8360,356,3744,3561,0,2851,0
28/12/2021,5734,455,2060,1288,0,2216,0
28/12/2021,10912,574,2400,1914,0,2579,0
29/12/2021,8236,429,2149,3633,0,1541,0
29/12/2021,6032,500,899,1458,0,1938,0
29/12/2021,7141,494,1159,1958,0,3004,0
29/12/2021,6178,554,3163,3288,0,2074,0
29/12/2021,9785,284,3057,2884,0,2145,0
29/12/2021,7096,335,1119,1398,0,3042,0
29/12/2021,5499,497,2158,4076,0,2943,0
29/12/2021,5740,814,1746,3469,0,1873,0
29/12/2021,5772,647,2174,3541,0,3035,0
29/12/2021,7881,623,1824,1691,0,1199,0
29/12/2021,7448,443,2136,1591,0,2603,0
29/12/2021,5270,555,2143,2488,0,2225,0
29/12/2021,3778,494,2697,2396,0,2807,0
29/12/2021,6831,273,2634,2461,0,1844,0
30/12/2021,7932,548,3090,3689,0,1981,0
30/12/2021,4395,515,918,1399,0,2277,0
30/12/2021,7536,388,1687,1626,0,1854,0
30/12/2021,4812,566,3592,1519,0,1984,0
30/12/2021,12046,456,2339,2395,0,1597,0
30/12/2021,6285,828,942,3983,0,1644,0
30/12/2021,6341,528,1133,2633,0,2524,0
30/12/2021,6057,351,2273,2900,0,1441,0
30/12/2021,6273,489,938,1833,0,2523,0
30/12/2021,9944,279,1031,2596,0,2438,0
30/12/2021,6228,466,3481,1816,0,1901,0
30/12/2021,8596,619,2758,1101,0,1735,0
30/12/2021,6385,420,1924,2782,0,2250,0
30/12/2021,6385,279,910,2985,0,1985,0
31/12/2021,8686,576,1392,4108,0,1211,0
31/12/2021,5826,521,3006,2480,0,2245,0
31/12/2021,6581,387,2184,2079,0,1530,0
31/12/2021,7274,713,4644,1969,0,1982,0
31/12/2021,10117,461,3574,2800,0,1997,0
31/12/2021,9488,674,1665,3065,0,3059,0
31/12/2021,6754,410,1617,3049,0,1557,0
31/12/2021,5752,296,2236,943,0,1050,0
31/12/2021,8262,791,3987,1342,0,2111,0
31/12/2021,11089,358,2174,1864,0,2168,0
31/12/2021,5661,319,3232,2734,0,1774,0
31/12/2021,7116,384,1315,894,0,2591,0
31/12/2021,7884,759,3517,3599,0,2670,0
31/12/2021,4507,781,1686,950,0,2314,0
01/01/2022,8948,592,4699,1678,0,2472,0
01/01/2022,8350,568,3449,3110,0,1296,0
01/01/2022,5662,570,2549,1673,0,2097,0
01/01/2022,6734,673,3274,1481,0,3031,0
01/01/2022,5607,631,1597,3376,0,1328,0
01/01/2022,7689,505,3776,1191,0,1402,0
01/01/2022,8437,434,3059,3023,0,3558,0
01/01/2022,9488,371,3536,1946,0,1535,0
01/01/2022,7283,278,3601,1084,0,1335,0
01/01/2022,5584,671,3050,1195,0,2815,0
01/01/2022,4549,426,2542,2176,0,1903,0
01/01/2022,7469,325,2328,2808,0,3004,0
01/01/2022,7944,288,3011,4152,0,2081,0
01/01/2022,8020,364,3099,939,0,1571,0
02/01/2022,9595,775,2305,2970,0,1856,0
02/01/2022,7702,553,1644,4772,0,3473,0
02/01/2022,7214,356,2077,2261,0,3457,0
02/01/2022,6270,689,1486,2861,0,2119,0
02/01/2022,5872,662,2792,2738,0,1466,0
02/01/2022,7870,359,2151,1779,0,2611,0
02/01/2022,10094,288,1465,4179,0,1013,0
02/01/2022,5963,501,2415,1504,0,2293,0
02/01/2022,9940,488,4463,1455,0,2396,0
02/01/2022,6028,523,2010,1284,0,2146,0
02/01/2022,7510,620,1260,2844,0,1793,0
02/01/2022,5821,444,3804,2584,0,2917,0
02/01/2022,7188,523,1714,3013,0,2582,0
02/01/2022,4881,321,1367,1643,0,3354,0
03/01/2022,6826,691,2828,2756,0,2406,0
03/01/2022,9283,744,2330,1343,0,2039,0
03/01/2022,8996,405,2165,1650,0,1402,0
03/01/2022,6930,390,1840,1476,0,2422,0
03/01/2022,8963,522,2980,1875,0,3057,0
03/01/2022,5704,408,2995,2353,0,2478,0
03/01/2022,8660,385,3598,4690,0,884,0
03/01/2022,5304,405,1153,1893,0,1079,0
03/01/2022,7013,310,2072,1513,0,2172,0
03/01/2022,6938,741,1364,3032,0,2730,0
03/01/2022,5286,477,2773,3442,0,1937,0
03/01/2022,11991,673,3033,2935,0,2663,0
03/01/2022,5406,606,4325,2259,0,1173,0
03/01/2022,12415,436,3678,4018,0,2681,0
04/01/2022,7210,620,3030,1392,0,1542,0
04/01/2022,7431,405,2315,1356,0,2795,0
04/01/2022,9366,567,973,1837,0,1707,0
04/01/2022,6307,423,1251,2500,0,1998,0
04/01/2022,7244,459,3206,1503,0,2086,0
04/01/2022,6099,381,1580,4210,0,3028,0
04/01/2022,7240,361,3473,4057,0,1926,0
04/01/2022,8787,530,2895,1514,0,1704,0
04/01/2022,7459,583,2579,1187,0,2684,0
04/01/2022,5426,386,2576,4206,0,2228,0
04/01/2022,7051,504,3005,2743,0,2851,0
04/01/2022,7960,496,1975,1809,0,3601,0
04/01/2022,7671,511,3115,1433,0,2405,0
04/01/2022,6822,617,1425,1262,0,1398,0
05/01/2022,9881,493,3431,3246,0,2057,0
05/01/2022,6821,342,1224,1274,0,2034,0
05/01/2022,6276,773,1439,1842,0,1501,0
05/01/2022,5158,749,3584,1458,0,1310,0
05/01/2022,8478,575,1303,2681,0,1377,0
05/01/2022,7416,454,4050,4361,0,2777,0
05/01/2022,11148,389,2430,2557,0,2028,0
05/01/2022,7132,483,1138,3985,0,1601,0
05/01/2022,10648,348,1957,1246,0,1255,0
05/01/2022,9371,640,3438,3151,0,2395,0
05/01/2022,6171,397,1073,3510,0,1336,0
05/01/2022,5645,358,1287,1429,0,2318,0
05/01/2022,10543,595,2024,1133,0,2360,0
05/01/2022,7871,329,2248,1946,0,2744,0
06/01/2022,10605,633,3023,3062,0,1879,0
06/01/2022,6891,466,1730,1397,0,1438,0
06/01/2022,5375,486,990,2671,0,2656,0
06/01/2022,9086,508,2126,1927,0,2249,0
06/01/2022,8733,562,925,3223,0,984,0
06/01/2022,6770,262,1288,3374,0,3082,0
06/01/2022,5666,544,1867,2843,0,1105,0
06/01/2022,9961,557,1876,3460,0,1762,0
06/01/2022,5353,546,2606,2050,0,1180,0
06/01/2022,7796,574,1974,974,0,2097,0
06/01/2022,7839,353,1854,3545,0,1025,0
06/01/2022,6295,325,2123,2883,0,2032,0
06/01/2022,5233,249,2728,3216,0,1660,0
06/01/2022,8253,306,3743,3487,0,3126,0
07/01/2022,6805,567,2797,4806,0,2533,0
07/01/2022,5521,716,2800,2034,0,1975,0
07/01/2022,9658,555,2735,1674,0,1875,0
07/01/2022,5766,284,3312,1933,0,3183,0
07/01/2022,10491,538,1024,4661,0,3123,0
07/01/2022,6930,641,833,2293,0,1296,0
07/01/2022,8306,644,1657,2380,0,2254,0
07/01/2022,4612,732,2812,3440,0,1666,0
07/01/2022,7850,589,2816,2213,0,1995,0
07/01/2022,9295,537,1593,2805,0,1473,0
07/01/2022,8903,431,3231,3657,0,1729,0
07/01/2022,6028,352,1809,1101,0,2157,0
07/01/2022,7154,388,2612,2297,0,1437,0
07/01/2022,7255,714,2723,2080,0,1945,0
08/01/2022,8190,758,4755,3027,0,3315,0
08/01/2022,6883,347,4161,2639,0,2166,0
08/01/2022,8348,450,1485,3665,0,1890,0
08/01/2022,7411,343,2971,4556,0,1580,0
08/01/2022,7181,537,1242,2185,0,2537,0
08/01/2022,5528,654,1663,2116,0,2188,0
08/01/2022,4891,366,1775,3208,0,2494,0
08/01/2022,7150,537,1449,1391,0,1828,0
08/01/2022,5579,468,3519,1263,0,2577,0
08/01/2022,8755,519,3113,1250,0,2970,0
08/01/2022,9379,582,1154,4304,0,1478,0
08/01/2022,4563,591,2730,2582,0,1229,0
08/01/2022,5382,532,1191,1341,0,2513,0
08/01/2022,9841,691,1039,1017,0,1899,0
09/01/2022,7471,329,992,3941,0,2060,0
09/01/2022,7453,377,1109,3962,0,2881,0
09/01/2022,8685,295,3468,1013,0,1455,0
09/01/2022,8237,615,1993,2796,0,2009,0
09/01/2022,10256,312,971,3142,0,2692,0
09/01/2022,7465,548,3019,1174,0,1665,0
09/01/2022,4348,491,1633,2595,0,1891,0
09/01/2022,5843,305,2134,1781,0,1369,0
09/01/2022,9491,598,1249,2247,0,3037,0
09/01/2022,8639,434,3683,3048,0,3130,0
09/01/2022,8335,303,1022,1439,0,1613,0
09/01/2022,5461,597,3934,1535,0,2172,0
09/01/2022,6427,618,4378,1423,0,2819,0
10/01/2022,10274,369,1799,1804,0,1739,0
10/01/2022,6393,515,3827,2913,0,1540,0
10/01/2022,5580,582,2486,1834,0,1274,0
10/01/2022,9158,466,3776,1851,0,2857,0
10/01/2022,11222,510,3601,1962,0,2512,0
10/01/2022,6866,620,2122,1902,0,2339,0
10/01/2022,7347,720,2184,3298,0,3052,0
10/01/2022,8215,533,2046,1075,0,2723,0
10/01/2022,7441,265,1530,3662,0,1410,0
10/01/2022,8923,587,1807,1908,0,2692,0
10/01/2022,4241,421,2115,3891,0,3418,0
10/01/2022,5202,383,2650,2289,0,1780,0
10/01/2022,7187,406,2754,2118,0,1462,0
10/01/2022,10029,592,2282,1924,0,2593,0
11/01/2022,6801,575,3030,2578,0,3653,0
11/01/2022,8288,540,953,1290,0,2308,0
11/01/2022,5878,644,3692,2232,0,1690,0
11/01/2022,8907,365,3844,1511,0,3434,0
11/01/2022,6745,557,2075,1445,0,1673,0
11/01/2022,8237,629,2029,2467,0,1354,0
11/01/2022,5241,346,2590,1504,0,2054,0
11/01/2022,7114,364,1088,2815,0,1290,0
11/01/2022,7700,586,4580,3671,0,2292,0
11/01/2022,4838,472,1448,1835,0,1169,0
11/01/2022,11498,593,2263,1033,0,1883,0
11/01/2022,11492,460,3871,2493,0,1029,0
11/01/2022,8020,492,2805,1155,0,1321,0
11/01/2022,5347,574,2308,2278,0,2225,0
12/01/2022,7280,608,1950,2032,0,2331,0
12/01/2022,10098,480,1837,1190,0,2120,0
12/01/2022,9556,736,1922,2987,0,2274,0
12/01/2022,7699,468,4495,1981,0,977,0
12/01/2022,6723,655,2027,4608,0,2185,0
12/01/2022,8753,628,1640,1563,0,1920,0
12/01/2022,6391,247,3659,2777,0,1735,0
12/01/2022,8762,503,1451,3186,0,1971,0
12/01/2022,4725,526,2157,2270,0,847,0
12/01/2022,9036,369,2804,4468,0,3001,0
12/01/2022,11716,427,3554,3375,0,2523,0
12/01/2022,8298,452,3609,3117,0,2263,0
12/01/2022,10159,441,2795,1761,0,1025,0
12/01/2022,7889,578,1435,3923,0,2257,0
13/01/2022,6596,471,2896,3177,0,3082,0
13/01/2022,5288,568,3634,2940,0,2261,0
13/01/2022,9365,499,1359,1627,0,2242,0
13/01/2022,8033,288,3759,2300,0,1095,0
13/01/2022,5211,693,2342,1792,0,2440,0
13/01/2022,4460,506,3775,2648,0,1904,0
13/01/2022,6138,447,1819,1076,0,1074,0
13/01/2022,5871,268,3569,2098,0,2582,0
13/01/2022,7246,642,2396,1710,0,2664,0
13/01/2022,5018,487,1848,2655,0,2198,0
13/01/2022,8976,728,3116,3263,0,1756,0
13/01/2022,7321,329,1873,3216,0,1855,0
13/01/2022,5232,417,4211,1924,0,1224,0
13/01/2022,8445,509,4006,2322,0,2269,0
14/01/2022,11311,476,2830,3772,0,1978,0
14/01/2022,8590,489,4090,2756,0,1761,0
14/01/2022,10287,588,1340,2179,0,2231,0
14/01/2022,6976,367,2679,4264,0,1389,0
14/01/2022,6973,421,2143,3739,0,1880,0
14/01/2022,7411,431,3266,4884,0,2235,0
14/01/2022,7509,408,2274,2562,0,1571,0
14/01/2022,9178,517,4705,1534,0,2912,0
14/01/2022,6275,547,3093,4261,0,994,0
14/01/2022,5085,587,1412,2623,0,1923,0
14/01/2022,7596,440,3633,2683,0,2084,0
14/01/2022,6707,489,2989,3505,0,2883,0
14/01/2022,5981,467,2843,3036,0,1612,0
14/01/2022,5929,473,2907,3969,0,3394,0
15/01/2022,8003,262,4012,2442,0,3030,0
15/01/2022,6384,650,3372,1896,0,2583,0
15/01/2022,11773,528,2309,1965,0,1835,0
15/01/2022,7798,615,2332,2134,0,880,0
15/01/2022,9678,522,2009,4439,0,1922,0
15/01/2022,9384,490,2612,2771,0,2133,0
15/01/2022,8428,389,3614,2326,0,1602,0
15/01/2022,7260,641,3511,1153,0,1687,0
15/01/2022,8841,432,1537,3223,0,2089,0
15/01/2022,7911,478,2052,1392,0,2689,0
15/01/2022,5365,555,1318,3193,0,1972,0
15/01/2022,11383,465,2991,1157,0,963,0
15/01/2022,6797,344,2996,1436,0,2714,0
15/01/2022,7919,542,1496,4282,0,2097,0
16/01/2022,12309,327,3115,1405,0,3477,0
16/01/2022,7649,492,1992,2500,0,2099,0
16/01/2022,8049,463,2395,4310,0,3413,0
16/01/2022,8564,438,1567,3893,0,1129,0
16/01/2022,9733,276,3849,876,0,1923,0
16/01/2022,5436,286,2806,1962,0,1901,0
16/01/2022,5229,524,1194,1978,0,1997,0
16/01/2022,7387,329,3472,1755,0,1252,0
16/01/2022,7070,680,3057,3690,0,1871,0
16/01/2022,5586,511,3389,2735,0,1950,0
16/01/2022,7527,696,2127,1613,0,1714,0
16/01/2022,8103,411,1616,2518,0,1998,0
16/01/2022,6628,615,2527,2959,0,957,0
17/01/2022,5907,376,3695,2199,0,1114,0
17/01/2022,9535,451,2216,4591,0,2121,0
17/01/2022,6634,320,4785,1764,0,1247,0
17/01/2022,6291,522,2811,1594,0,2541,0
17/01/2022,8113,372,3272,2583,0,1894,0
17/01/2022,5322,638,4025,3053,0,2228,0
17/01/2022,11534,739,2363,1016,0,2568,0
17/01/2022,7014,488,1230,2114,0,3095,0
17/01/2022,6479,494,2186,2387,0,895,0
17/01/2022,11093,338,4331,4162,0,1588,0
17/01/2022,9123,465,1234,2404,0,2337,0
17/01/2022,5720,579,1657,2129,0,2311,0
17/01/2022,9692,509,1503,2611,0,2497,0
17/01/2022,7126,441,2240,1636,0,963,0
18/01/2022,6760,557,4432,2276,0,1015,0
18/01/2022,8917,511,2072,3111,0,763,0
18/01/2022,7028,392,3017,3932,0,2861,0
18/01/2022,7756,445,2114,2294,0,1478,0
18/01/2022,5679,523,1573,3498,0,3091,0
18/01/2022,6359,270,1412,1823,0,1795,0
18/01/2022,7008,282,2897,3671,0,1929,0
18/01/2022,11151,289,2679,1279,0,1207,0
18/01/2022,5831,369,3001,1539,0,3147,0
18/01/2022,4644,351,2196,2693,0,2167,0
18/01/2022,7687,604,1850,1467,0,1659,0
18/01/2022,6081,476,1702,3181,0,1694,0
18/01/2022,8729,363,1100,3994,0,1379,0
18/01/2022,7406,490,1104,2985,0,2366,0
19/01/2022,9338,482,1450,1591,0,2159,0
19/01/2022,6672,678,4405,1194,0,1677,0
19/01/2022,6898,465,1172,3770,0,1916,0
19/01/2022,4190,540,813,4047,0,1488,0
19/01/2022,10371,513,2644,3852,0,2413,0
19/01/2022,9074,380,3270,3017,0,2372,0
19/01/2022,8666,543,2106,4810,0,2683,0
19/01/2022,4214,428,3962,2812,0,1259,0
19/01/2022,8145,467,2097,4011,0,2671,0
19/01/2022,6914,654,1322,2987,0,2503,0
19/01/2022,6046,356,1406,1473,0,3131,0
19/01/2022,9516,792,916,2784,0,2153,0
19/01/2022,10273,461,2077,3415,0,1693,0
19/01/2022,7600,289,1995,2572,0,1292,0
20/01/2022,9147,505,1932,2134,0,1003,0
20/01/2022,5668,582,2407,3473,0,2043,0
20/01/2022,7955,327,3534,2033,0,2892,0
20/01/2022,8921,709,3922,1116,0,1777,0
20/01/2022,8926,587,1963,922,0,1902,0
20/01/2022,5852,365,1191,3851,0,1342,0
20/01/2022,8235,446,4236,2475,0,1088,0
20/01/2022,5169,302,2238,2565,0,3262,0
20/01/2022,9072,604,1957,1942,0,2470,0
20/01/2022,7144,385,3600,901,0,875,0
20/01/2022,9432,463,1486,1841,0,1283,0
20/01/2022,6447,380,2149,1522,0,2616,0
20/01/2022,9021,322,1470,2845,0,1141,0
20/01/2022,10927,682,3453,2500,0,3328,0
21/01/2022,5013,469,2432,4275,0,2499,0
21/01/2022,9479,599,2249,3491,0,1642,0
21/01/2022,7122,677,4252,1619,0,1882,0
21/01/2022,5942,429,3877,3130,0,3635,0
21/01/2022,7471,385,1657,3339,0,3491,0
21/01/2022,6678,571,4048,4427,0,1659,0
21/01/2022,4898,351,1161,2888,0,2731,0
21/01/2022,9436,652,1801,1805,0,2342,0
21/01/2022,5030,606,3327,3566,0,1436,0
21/01/2022,6643,488,1435,2377,0,1269,0
21/01/2022,5815,289,3351,3972,0,2813,0
21/01/2022,4264,327,1235,1300,0,1222,0
21/01/2022,9271,331,1017,2517,0,996,0
21/01/2022,8091,383,4720,4436,0,1360,0
22/01/2022,9777,467,2149,3177,0,1727,0
22/01/2022,10355,670,1167,1326,0,1246,0
22/01/2022,4891,497,1175,2439,0,2859,0
22/01/2022,9511,316,1302,3269,0,1841,0
22/01/2022,7588,294,2615,3019,0,1323,0
22/01/2022,6485,692,2735,1205,0,2356,0
22/01/2022,7525,301,1548,1051,0,3001,0
22/01/2022,11231,599,1585,3036,0,1251,0
22/01/2022,8753,386,1598,3180,0,1736,0
22/01/2022,4508,642,1680,3658,0,1041,0
22/01/2022,7072,668,3023,2556,0,1445,0
22/01/2022,4898,666,2269,3237,0,3190,0
22/01/2022,6882,352,1528,4849,0,2514,0
22/01/2022,6457,689,1350,3670,0,1184,0
23/01/2022,7661,513,2377,2424,0,1632,0
23/01/2022,8629,303,1812,1354,0,2980,0
23/01/2022,11193,446,4337,1378,0,1635,0
23/01/2022,8332,561,2357,1883,0,1782,0
23/01/2022,8269,322,1920,1101,0,2973,0
23/01/2022,6124,514,2225,3242,0,1838,0
23/01/2022,9468,546,2374,1022,0,2445,0
23/01/2022,7618,652,2013,3303,0,2313,0
23/01/2022,9544,284,4034,2434,0,1548,0
23/01/2022,6663,730,4791,3037,0,1881,0
23/01/2022,6474,256,2312,1699,0,2382,0
23/01/2022,9235,603,1374,2039,0,2459,0
23/01/2022,4624,568,3127,3619,0,1136,0
24/01/2022,7248,414,3065,2205,0,998,0
24/01/2022,12068,273,3621,3346,0,2019,0
24/01/2022,6982,342,1945,2580,0,1154,0
24/01/2022,11011,705,2832,2756,0,2785,0
24/01/2022,7685,393,1204,3300,0,1783,0
24/01/2022,9284,517,2417,2364,0,2510,0
24/01/2022,9004,489,1982,1830,0,2211,0
24/01/2022,5919,294,3039,4048,0,811,0
24/01/2022,7985,456,1026,1657,0,1506,0
24/01/2022,10666,424,1173,3234,0,1175,0
24/01/2022,7017,743,2828,1165,0,1016,0
24/01/2022,10689,495,3861,1997,0,1562,0
24/01/2022,8104,852,1710,2163,0,2814,0
25/01/2022,4278,593,3399,3093,0,2757,0
25/01/2022,6474,670,1539,1978,0,2676,0
25/01/2022,5280,428,2713,1384,0,2117,0
25/01/2022,8885,381,2081,3961,0,3299,0
25/01/2022,8377,611,3716,2128,0,2288,0
25/01/2022,5400,281,4082,3522,0,2817,0
25/01/2022,8402,465,3489,2391,0,1391,0
25/01/2022,6446,359,1874,3176,0,1987,0
25/01/2022,6019,299,4292,2642,0,1370,0
25/01/2022,6788,688,3148,1752,0,1824,0
25/01/2022,6181,699,3433,2861,0,2445,0
25/01/2022,10541,612,3093,1425,0,1905,0
25/01/2022,5410,628,2804,4524,0,2383,0
26/01/2022,6495,828,4310,3769,0,2935,0
26/01/2022,6795,460,1671,2793,0,3014,0
26/01/2022,6560,230,3452,3165,0,1603,0
26/01/2022,10118,298,2015,1078,0,2375,0
26/01/2022,9051,556,3040,1166,0,2964,0
26/01/2022,7030,392,4288,2369,0,3256,0
26/01/2022,5607,386,2651,1908,0,1863,0
26/01/2022,8242,707,3109,3403,0,1444,0
26/01/2022,6069,425,3966,1628,0,3338,0
26/01/2022,7945,258,1578,3646,0,1332,0
26/01/2022,7123,769,1760,2106,0,2010,0
26/01/2022,5891,390,1915,3544,0,2185,0
26/01/2022,8246,489,2551,2821,0,1068,0
27/01/2022,6096,451,1686,3209,0,2071,0
27/01/2022,8296,522,1678,2809,0,2246,0
27/01/2022,5365,635,1449,3509,0,1425,0
27/01/2022,8967,344,1248,3121,0,2391,0
27/01/2022,6603,457,3750,3634,0,1213,0
27/01/2022,5857,372,1100,4447,0,1705,0
27/01/2022,7648,551,1284,2874,0,2067,0
27/01/2022,6863,528,1660,1218,0,1690,0
27/01/2022,6929,367,3253,1732,0,3079,0
27/01/2022,5952,248,1468,2391,0,2712,0
27/01/2022,5760,489,4281,3159,0,1958,0
27/01/2022,7936,702,2999,2903,0,1332,0
27/01/2022,7388,312,1497,4173,0,3469,0
28/01/2022,9342,594,2068,3996,0,1335,0
28/01/2022,4047,519,1418,2832,0,2887,0
28/01/2022,7924,613,3476,2404,0,2733,0
28/01/2022,7190,720,1494,1303,0,1835,0
28/01/2022,4889,547,3080,1075,0,1545,0
28/01/2022,7676,340,2155,1253,0,1261,0
28/01/2022,5783,685,1476,3154,0,3177,0
28/01/2022,4038,568,1539,2943,0,1521,0
28/01/2022,8236,594,1773,2124,0,2437,0
28/01/2022,5460,423,1104,2726,0,2864,0
28/01/2022,9251,642,3040,4015,0,1716,0
28/01/2022,8629,386,2798,2455,0,2576,0
28/01/2022,8503,319,3324,3013,0,1867,0
29/01/2022,4443,723,2321,1981,0,1949,0
29/01/2022,7657,499,2332,1981,0,1078,0
29/01/2022,4563,501,4010,2223,0,1270,0
29/01/2022,5288,550,3044,2490,0,2837,0
29/01/2022,9599,629,2692,3927,0,2500,0
29/01/2022,8464,534,1057,2179,0,2702,0
29/01/2022,6060,651,2838,3836,0,2101,0
29/01/2022,7233,510,3944,3847,0,1255,0
29/01/2022,9120,585,2925,3526,0,2116,0
29/01/2022,7558,517,3483,1653,0,2350,0
29/01/2022,4357,322,1264,3304,0,1081,0
29/01/2022,6991,420,4624,3888,0,3168,0
29/01/2022,5319,334,1166,1660,0,2515,0
30/01/2022,7911,452,2144,2001,0,1193,0
30/01/2022,5782,630,2129,2061,0,2123,0
30/01/2022,4268,507,1808,1558,0,1177,0
30/01/2022,10635,439,2505,2733,0,1088,0
30/01/2022,10494,495,3293,1328,0,3589,0
30/01/2022,4878,351,1354,1699,0,2062,0
30/01/2022,7190,565,3786,1653,0,1962,0
30/01/2022,7997,515,2880,3046,0,2504,0
30/01/2022,7812,465,2759,2371,0,2396,0
30/01/2022,7396,569,3528,2643,0,1135,0
30/01/2022,7705,452,2429,1907,0,2260,0
30/01/2022,7224,615,2274,3051,0,2461,0
31/01/2022,7074,370,1475,2858,0,1731,0
31/01/2022,6738,649,1426,2782,0,3645,0
31/01/2022,7857,584,2748,4228,0,1757,0
31/01/2022,10724,327,1995,2515,0,1685,0
31/01/2022,4834,520,2619,3778,0,1677,0
31/01/2022,5349,310,2025,1004,0,2728,0
31/01/2022,7056,572,1237,3610,0,1279,0
31/01/2022,4146,762,2634,1643,0,2453,0
31/01/2022,5835,409,3262,2476,0,2169,0
31/01/2022,8344,699,4704,3224,0,1999,0
31/01/2022,9080,326,3976,1140,0,920,0
31/01/2022,9310,633,2412,3029,0,1841,0
31/01/2022,6224,413,2913,1835,0,3080,0
31/01/2022,6529,597,2959,2407,0,1189,0
31/01/2022,7276,520,3228,1148,0,1554,0
01/02/2022,8281,479,2209,2965,0,2086,0
01/02/2022,4703,464,1382,1884,0,2776,0
01/02/2022,5746,500,2228,4213,0,1037,0
01/02/2022,7638,457,3847,3159,0,3273,0
01/02/2022,9183,684,2264,3379,0,1364,0
01/02/2022,10855,574,1223,2869,0,866,0
01/02/2022,6770,316,2172,1343,0,1074,0
01/02/2022,5732,377,1017,2225,0,1373,0
01/02/2022,4867,387,4356,1665,0,2634,0
01/02/2022,4669,645,3988,2560,0,2829,0
01/02/2022,7328,741,1985,1176,0,2566,0
01/02/2022,8533,274,4211,3258,0,2065,0
01/02/2022,7126,457,3399,2780,0,2821,0
01/02/2022,6579,463,1804,1999,0,1939,0
02/02/2022,6819,637,3089,1917,0,2474,0
02/02/2022,11425,578,1605,3710,0,3072,0
02/02/2022,6480,808,4389,1793,0,1367,0
02/02/2022,5306,317,2796,3710,0,1748,0
02/02/2022,5767,608,2935,4695,0,2701,0
02/02/2022,8093,281,2982,1855,0,2027,0
02/02/2022,9068,473,2299,2237,0,1949,0
02/02/2022,5213,518,3491,2561,0,2617,0
02/02/2022,8710,575,3196,1418,0,1489,0
02/02/2022,11412,461,2534,2239,0,917,0
02/02/2022,7044,562,990,985,0,1345,0
02/02/2022,4772,722,2428,2702,0,1831,0
02/02/2022,7941,453,3687,2514,0,921,0
02/02/2022,7187,772,1621,2586,0,1488,0
03/02/2022,6221,621,2625,2880,0,1850,0
03/02/2022,7808,733,3748,2437,0,2454,0
03/02/2022,7511,516,2022,1409,0,2574,0
03/02/2022,10970,401,4118,3826,0,1413,0
03/02/2022,5812,462,1658,3300,0,1861,0
03/02/2022,6214,468,3231,2965,0,1883,0
03/02/2022,9982,570,2210,1107,0,2708,0
03/02/2022,9256,290,2207,4253,0,3304,0
03/02/2022,11341,494,4197,4128,0,1640,0
03/02/2022,5690,835,1866,1825,0,2004,0
03/02/2022,8283,425,3952,2938,0,1404,0
03/02/2022,7696,296,1266,3212,0,2033,0
03/02/2022,6255,616,1416,2174,0,2215,0
03/02/2022,6120,289,1992,1827,0,1382,0
04/02/2022,8422,434,2662,2145,0,1467,0
04/02/2022,5586,320,2288,1663,0,2243,0
04/02/2022,11186,387,3345,3125,0,2601,0
04/02/2022,5695,399,2798,4041,0,1185,0
04/02/2022,7658,430,1275,2540,0,2095,0
04/02/2022,7128,513,2217,3064,0,1386,0
04/02/2022,6078,428,3152,946,0,2245,0
04/02/2022,7102,668,2176,2186,0,1529,0
04/02/2022,9669,630,2215,4299,0,930,0
04/02/2022,9007,540,1517,3443,0,1270,0
04/02/2022,7751,530,3941,2982,0,2087,0
04/02/2022,6637,646,1368,2686,0,3213,0
04/02/2022,6853,632,2903,1534,0,1302,0
04/02/2022,6486,460,3814,2202,0,2910,0
05/02/2022,6325,506,2217,2936,0,1734,0
05/02/2022,9557,387,1588,2184,0,1127,0
05/02/2022,6543,484,1595,3174,0,1123,0
05/02/2022,6986,801,2597,1002,0,1313,0
05/02/2022,7556,458,2871,3024,0,2797,0
05/02/2022,5572,529,1433,3526,0,934,0
05/02/2022,6842,487,1982,1891,0,2161,0
05/02/2022,7584,422,2077,3756,0,1762,0
05/02/2022,7793,239,2458,1534,0,2735,0
05/02/2022,8342,423,1439,1712,0,1641,0
05/02/2022,6751,505,3846,3232,0,3386,0
05/02/2022,6903,389,1879,4333,0,1046,0
05/02/2022,4309,715,2852,970,0,2042,0
05/02/2022,8272,501,1585,2242,0,2216,0
06/02/2022,7039,570,3189,1293,0,2744,0
06/02/2022,8592,324,3223,3157,0,1353,0
06/02/2022,7505,768,3560,2577,0,1381,0
06/02/2022,9795,335,3091,2073,0,1098,0
06/02/2022,5792,392,2699,3377,0,1965,0
06/02/2022,10377,574,852,3573,0,1183,0
06/02/2022,9379,495,1474,3495,0,2383,0
06/02/2022,5747,283,1393,3803,0,1802,0
06/02/2022,5900,436,1070,2268,0,2168,0
06/02/2022,5260,572,4327,3862,0,1498,0
06/02/2022,6823,437,2554,1918,0,1438,0
06/02/2022,8610,430,2088,2388,0,1947,0
06/02/2022,10392,431,2551,1755,0,1097,0
07/02/2022,5438,385,1539,4400,0,3154,0
07/02/2022,5254,464,2627,2459,0,1445,0
07/02/2022,6636,391,1984,2473,0,1058,0
07/02/2022,5212,517,3007,2037,0,1009,0
07/02/2022,7504,493,2354,2784,0,2729,0
07/02/2022,5982,341,939,1367,0,1908,0
07/02/2022,5349,299,2182,3503,0,2161,0
07/02/2022,8790,332,1215,1047,0,1165,0
07/02/2022,10207,332,2125,4709,0,1923,0
07/02/2022,6771,428,2551,3923,0,3284,0
07/02/2022,6507,505,3102,4307,0,1145,0
07/02/2022,7571,405,2081,3530,0,1047,0
07/02/2022,8493,396,1788,4466,0,1798,0
08/02/2022,5616,353,2471,2460,0,2557,0
08/02/2022,5560,420,2040,2365,0,3182,0
08/02/2022,7652,603,2389,1133,0,2575,0
08/02/2022,6154,466,1185,1945,0,2447,0
08/02/2022,8241,561,2033,4275,0,2504,0
08/02/2022,7537,528,1150,1669,0,2880,0
08/02/2022,8700,475,2374,3161,0,1208,0
08/02/2022,6084,504,2687,1166,0,2338,0
08/02/2022,6720,361,922,1813,0,1536,0
08/02/2022,10120,330,3435,2127,0,1417,0
08/02/2022,10108,698,3129,1092,0,2317,0
08/02/2022,5282,687,1228,2813,0,2219,0
08/02/2022,5896,544,2450,1050,0,2349,0
09/02/2022,11873,581,1913,2635,0,1954,0
09/02/2022,9747,514,3686,2158,0,1793,0
09/02/2022,7418,485,1797,2473,0,1254,0
09/02/2022,4769,497,3233,2154,0,2661,0
09/02/2022,6434,405,2975,2781,0,1908,0
09/02/2022,7407,391,2705,1316,0,2985,0
09/02/2022,8621,383,2732,4124,0,1750,0
09/02/2022,8680,611,2485,2858,0,2350,0
09/02/2022,7358,679,3053,4252,0,2392,0
09/02/2022,8975,590,4631,3080,0,1980,0
09/02/2022,5493,455,3372,2716,0,2675,0
09/02/2022,4948,370,4201,2922,0,2277,0
09/02/2022,4622,440,1709,2878,0,1689,0
10/02/2022,4660,553,3574,2604,0,1729,0
10/02/2022,9236,442,3457,2506,0,2203,0
10/02/2022,8229,416,1055,1667,0,1440,0
10/02/2022,7963,516,3113,4264,0,1073,0
10/02/2022,5600,630,2596,2998,0,1439,0
10/02/2022,8927,321,2476,3304,0,1789,0
10/02/2022,7104,516,2573,3087,0,2724,0
10/02/2022,8369,274,2578,1428,0,1471,0
10/02/2022,6487,700,3085,1496,0,2175,0
10/02/2022,6271,457,3623,4848,0,1567,0
10/02/2022,8714,501,1704,2968,0,1685,0
10/02/2022,4988,685,3597,2339,0,1510,0
10/02/2022,5553,443,3424,3230,0,2996,0
10/02/2022,9551,707,4147,3606,0,2856,0
11/02/2022,9284,597,2285,2709,0,3052,0
11/02/2022,9089,376,3114,1668,0,1991,0
11/02/2022,6539,270,4122,2896,0,1261,0
11/02/2022,10461,437,2895,1845,0,1015,0
11/02/2022,11379,371,1182,1805,0,3064,0
11/02/2022,10041,532,1210,807,0,1600,0
11/02/2022,9082,537,2503,3828,0,2837,0
11/02/2022,5765,331,3974,933,0,1059,0
11/02/2022,9280,726,1642,3546,0,2735,0
11/02/2022,7621,397,1606,2044,0,2657,0
11/02/2022,6521,590,1319,3933,0,3156,0
11/02/2022,6173,558,1801,1125,0,1366,0
11/02/2022,8583,565,3498,2033,0,1813,0
11/02/2022,7814,289,2423,2620,0,3111,0
12/02/2022,7339,275,1723,1635,0,2243,0
12/02/2022,7920,597,1293,1727,0,1886,0
12/02/2022,5177,467,4057,2363,0,2120,0
12/02/2022,8543,331,1122,2396,0,2756,0
12/02/2022,7642,553,2974,3296,0,2172,0
12/02/2022,8741,474,1181,3659,0,1061,0
12/02/2022,7623,545,3181,2325,0,929,0
12/02/2022,4725,387,4624,3256,0,1394,0
12/02/2022,6118,591,1961,1498,0,2165,0
12/02/2022,6632,347,1294,3065,0,3005,0
12/02/2022,9047,575,3427,1954,0,1096,0
12/02/2022,5924,507,2744,2196,0,2083,0
12/02/2022,9151,421,1379,3625,0,2598,0
12/02/2022,5372,641,2037,2966,0,1103,0
13/02/2022,9031,635,4001,2047,0,2100,0
13/02/2022,8736,423,2153,2484,0,1371,0
13/02/2022,6971,721,2075,1244,0,2139,0
13/02/2022,6695,718,2896,3657,0,1204,0
13/02/2022,8509,302,3820,1348,0,1089,0
13/02/2022,6642,633,3260,1875,0,1557,0
13/02/2022,6591,631,3905,2877,0,2244,0
13/02/2022,8115,289,3379,3384,0,1310,0
13/02/2022,9592,519,2432,3889,0,1946,0
13/02/2022,4714,691,2963,4447,0,1369,0
13/02/2022,9912,394,4315,2276,0,2312,0
13/02/2022,7829,743,2376,3253,0,1369,0
13/02/2022,6178,557,1486,2181,0,2627,0
14/02/2022,7136,603,2903,3128,0,2809,0
14/02/2022,8391,511,1859,2514,0,2146,0
14/02/2022,5561,451,2147,2829,0,1297,0
14/02/2022,8837,434,3141,2478,0,2173,0
14/02/2022,8247,606,1319,1564,0,1859,0
14/02/2022,8147,786,2839,2460,0,2119,0
14/02/2022,7870,369,2353,1585,0,2116,0
14/02/2022,10373,766,1334,4158,0,2278,0
14/02/2022,5278,390,1917,1406,0,1570,0
14/02/2022,9569,363,3020,3142,0,3008,0
14/02/2022,6241,702,2924,1165,0,975,0
14/02/2022,11679,739,1909,3608,0,1969,0
14/02/2022,7606,711,2544,2893,0,1378,0
14/02/2022,12188,357,3619,4551,0,1184,0
15/02/2022,7713,261,1924,1918,0,3194,0
15/02/2022,7835,621,1503,1972,0,3286,0
15/02/2022,7295,323,2161,1455,0,952,0
15/02/2022,7817,547,2822,2007,0,866,0
15/02/2022,4871,371,4414,3392,0,2067,0
15/02/2022,5414,448,1975,2325,0,888,0
15/02/2022,9031,342,2930,3326,0,1978,0
15/02/2022,11078,634,3144,3442,0,2690,0
15/02/2022,10740,352,2875,1885,0,1016,0
15/02/2022,5487,514,1743,1861,0,1014,0
15/02/2022,8700,522,2991,2676,0,2989,0
15/02/2022,10367,492,2329,2493,0,1585,0
15/02/2022,6547,643,1625,2049,0,2347,0
15/02/2022,5848,654,1068,1272,0,3510,0
16/02/2022,7340,599,1394,2939,0,2444,0
16/02/2022,6265,374,2180,1496,0,1422,0
16/02/2022,8025,429,1059,2310,0,1020,0
16/02/2022,7144,466,4169,933,0,1227,0
16/02/2022,5750,615,1472,3070,0,1397,0
16/02/2022,8543,399,1362,2719,0,1442,0
16/02/2022,7003,424,2007,2942,0,1292,0
16/02/2022,7213,719,2331,3046,0,2452,0
16/02/2022,6538,414,1321,3828,0,2128,0
16/02/2022,6160,511,1852,3115,0,2517,0
16/02/2022,6479,664,3820,944,0,1552,0
16/02/2022,4510,405,1015,3720,0,3536,0
16/02/2022,8048,470,3201,1937,0,1853,0
16/02/2022,4587,608,1643,1521,0,2818,0
17/02/2022,10809,411,2322,4152,0,1659,0
17/02/2022,11187,520,2619,3133,0,2295,0
17/02/2022,6628,440,4191,3464,0,1943,0
17/02/2022,11853,353,4233,3020,0,1959,0
17/02/2022,5277,384,3106,3526,0,2013,0
17/02/2022,9032,712,2299,4379,0,1666,0
17/02/2022,5335,361,2180,2514,0,2637,0
17/02/2022,9496,807,4010,1597,0,1289,0
17/02/2022,11015,314,1495,2648,0,1137,0
17/02/2022,6945,530,3379,846,0,1864,0
17/02/2022,8244,296,1671,1304,0,1818,0
17/02/2022,10262,771,3004,4433,0,1930,0
17/02/2022,4176,344,1605,1464,0,1689,0
17/02/2022,7007,380,2771,1661,0,3070,0
18/02/2022,10439,439,1268,3674,0,950,0
18/02/2022,5134,853,3214,3972,0,2425,0
18/02/2022,10820,442,2529,3285,0,2311,0
18/02/2022,9280,382,1198,3723,0,1785,0
18/02/2022,4464,758,1614,4188,0,2247,0
18/02/2022,10220,490,3675,3350,0,2306,0
18/02/2022,6848,661,984,4259,0,2389,0
18/02/2022,4541,445,2717,1126,0,2155,0
18/02/2022,7182,427,2459,1160,0,1427,0
18/02/2022,7572,583,2743,2504,0,1895,0
18/02/2022,10262,390,3400,1884,0,1061,0
18/02/2022,7512,383,1771,3049,0,1376,0
18/02/2022,5865,455,1580,3153,0,1986,0
18/02/2022,6920,594,3308,1665,0,2207,0
19/02/2022,9102,620,1549,2403,0,1192,0
19/02/2022,6822,655,1745,2692,0,1828,0
19/02/2022,9160,682,2378,1613,0,1448,0
19/02/2022,10214,443,3317,3550,0,3216,0
19/02/2022,10639,712,1297,3101,0,2325,0
19/02/2022,9216,584,2318,2944,0,2145,0
19/02/2022,9597,568,1310,3502,0,1641,0
19/02/2022,8341,528,2272,2587,0,2809,0
19/02/2022,8022,540,1544,2326,0,1299,0
19/02/2022,6598,396,1258,1881,0,1674,0
19/02/2022,6355,694,3523,3819,0,1607,0
19/02/2022,6489,474,2521,2527,0,1536,0
19/02/2022,10484,331,3068,932,0,1817,0
19/02/2022,8730,426,1148,1715,0,3067,0
20/02/2022,8964,795,1248,3405,0,1502,0
20/02/2022,6024,689,1267,3442,0,3326,0
20/02/2022,4988,403,2214,2634,0,2054,0
20/02/2022,6246,765,3226,2835,0,2039,0
20/02/2022,8295,564,2105,1137,0,1413,0
20/02/2022,8161,728,2364,1000,0,2995,0
20/02/2022,9429,597,4114,1672,0,2908,0
20/02/2022,7852,721,1748,2790,0,1370,0
20/02/2022,5097,459,2033,4642,0,2758,0
20/02/2022,6072,772,2352,1673,0,1883,0
20/02/2022,8636,494,3627,1427,0,2307,0
20/02/2022,8591,752,2610,3678,0,965,0
20/02/2022,8525,570,2727,2244,0,2959,0
21/02/2022,5194,553,3081,4151,0,1141,0
21/02/2022,8121,516,1642,1255,0,2172,0
21/02/2022,4873,305,1137,3354,0,2242,0
21/02/2022,6964,267,3470,3714,0,2399,0
21/02/2022,6032,441,3234,2220,0,2724,0
21/02/2022,7856,774,3116,1872,0,2084,0
21/02/2022,7238,705,3079,4634,0,1366,0
21/02/2022,6363,408,2384,1686,0,1125,0
21/02/2022,7505,431,2141,2782,0,1392,0
21/02/2022,7083,579,1312,3051,0,2495,0
21/02/2022,10225,413,1185,2854,0,2524,0
21/02/2022,10342,514,2854,2434,0,1346,0
21/02/2022,5841,719,3418,2155,0,2341,0
21/02/2022,7673,488,2546,2803,0,2641,0
22/02/2022,6424,438,906,2918,0,1303,0
22/02/2022,8094,645,3796,3874,0,1412,0
22/02/2022,8001,469,2947,1791,0,1911,0
22/02/2022,9674,458,2378,1831,0,2443,0
22/02/2022,7144,641,1981,761,0,1029,0
22/02/2022,9000,299,3113,3153,0,1428,0
22/02/2022,6457,427,2576,2108,0,2855,0
22/02/2022,5769,654,1000,2949,0,2249,0
22/02/2022,6274,437,3685,1163,0,2180,0
22/02/2022,8918,524,1430,2048,0,1722,0
22/02/2022,8094,282,3007,2315,0,1645,0
22/02/2022,7646,617,4285,1203,0,1480,0
22/02/2022,8988,691,4743,1240,0,1384,0
22/02/2022,10267,574,4032,2306,0,2469,0
23/02/2022,5774,498,1530,2330,0,1817,0
23/02/2022,4054,667,3915,1357,0,1611,0
23/02/2022,6291,316,1824,2328,0,1499,0
23/02/2022,7712,500,1242,3399,0,1279,0
23/02/2022,4755,465,1695,2427,0,2959,0
23/02/2022,6126,547,1615,1958,0,2260,0
23/02/2022,8385,350,3137,4923,0,1601,0
23/02/2022,11507,484,3587,2292,0,3086,0
23/02/2022,11060,532,3632,1764,0,1352,0
23/02/2022,5839,314,2415,1354,0,1560,0
23/02/2022,5821,714,3697,2986,0,1351,0
23/02/2022,4271,477,1632,2697,0,1164,0
23/02/2022,6138,746,3117,890,0,2385,0
23/02/2022,9266,531,2926,2357,0,1203,0
24/02/2022,9608,566,4320,4455,0,1115,0
24/02/2022,5547,540,3389,3016,0,1188,0
24/02/2022,6046,350,1049,1493,0,2734,0
24/02/2022,6464,533,3200,3037,0,2025,0
24/02/2022,8900,645,4461,2652,0,2007,0
24/02/2022,10111,311,3534,1097,0,1414,0
24/02/2022,10657,247,1757,2485,0,1821,0
24/02/2022,5999,409,1900,3052,0,1499,0
24/02/2022,6404,443,3428,2066,0,2952,0
24/02/2022,6303,650,1473,3018,0,1096,0
24/02/2022,5724,368,2861,2405,0,2868,0
24/02/2022,4757,358,3364,1441,0,2630,0
24/02/2022,5132,557,2610,3531,0,1693,0
24/02/2022,5256,314,2390,3936,0,2243,0
25/02/2022,8021,636,4840,1879,0,1283,0
25/02/2022,6901,351,3725,2784,0,2950,0
25/02/2022,5420,719,1558,3247,0,3019,0
25/02/2022,4871,283,2732,1336,0,1917,0
25/02/2022,8104,617,2943,1193,0,909,0
25/02/2022,6271,555,1110,3616,0,1846,0
25/02/2022,7313,501,2664,1314,0,862,0
25/02/2022,9060,280,2931,4409,0,2737,0
25/02/2022,4544,529,1670,1117,0,2571,0
25/02/2022,9224,604,1330,3177,0,2483,0
25/02/2022,5674,240,2611,2493,0,2172,0
25/02/2022,11252,526,3807,1560,0,1946,0
25/02/2022,5884,452,4547,2689,0,2572,0
25/02/2022,7852,297,1677,1583,0,1634,0
26/02/2022,6268,662,2309,2396,0,2366,0
26/02/2022,8548,497,1515,1413,0,1462,0
26/02/2022,5315,348,1342,1597,0,809,0
26/02/2022,9516,708,3741,3734,0,2586,0
26/02/2022,7818,618,958,1172,0,1638,0
26/02/2022,4044,811,1816,2363,0,1872,0
26/02/2022,7909,541,2350,4082,0,1754,0
26/02/2022,8973,608,3264,2818,0,3463,0
26/02/2022,6402,498,1680,1965,0,2117,0
26/02/2022,5458,270,1991,2415,0,2714,0
26/02/2022,4614,337,3645,2094,0,804,0
26/02/2022,10921,859,2301,1947,0,1507,0
26/02/2022,4620,650,3709,1705,0,1334,0
26/02/2022,11575,763,2485,2053,0,925,0
27/02/2022,3811,361,3832,1602,0,1819,0
27/02/2022,4821,289,1726,1582,0,1141,0
27/02/2022,7920,463,1807,4375,0,2468,0
27/02/2022,4800,368,2384,3149,0,1511,0
27/02/2022,5376,665,4326,2980,0,1785,0
27/02/2022,7438,599,2107,3279,0,2233,0
27/02/2022,6460,699,3128,4322,0,2663,0
27/02/2022,7563,331,2816,3475,0,1692,0
27/02/2022,7212,578,2796,1152,0,2735,0
27/02/2022,7509,733,814,1744,0,1728,0
27/02/2022,5980,311,3848,3850,0,1336,0
27/02/2022,11493,556,3057,2761,0,1246,0
27/02/2022,8174,329,2184,2042,0,1976,0
28/02/2022,7641,456,1841,3549,0,1915,0
28/02/2022,5076,528,3769,4160,0,1755,0
28/02/2022,7143,809,2200,2332,0,2440,0
28/02/2022,5652,535,3049,3238,0,1141,0
28/02/2022,4651,722,2380,1601,0,1537,0
28/02/2022,8733,467,2107,1565,0,2743,0
28/02/2022,6886,358,1339,3657,0,1292,0
28/02/2022,4192,514,4235,2788,0,1338,0
28/02/2022,10390,296,4396,1666,0,2978,0
28/02/2022,7603,345,1759,2273,0,904,0
28/02/2022,8778,485,4503,2290,0,2343,0
28/02/2022,7427,454,2851,2971,0,2505,0
28/02/2022,7213,437,2262,2921,0,1928,0
28/02/2022,9234,542,2523,2951,0,1543,0
01/03/2022,5335,459,2366,3337,0,2507,0
01/03/2022,9395,707,3037,4452,0,1870,0
01/03/2022,7069,728,2083,2380,0,2058,0
01/03/2022,6467,494,4088,2497,0,2039,0
01/03/2022,7435,606,2134,2336,0,1462,0
01/03/2022,5430,340,3191,2941,0,1141,0
01/03/2022,8924,351,2000,1338,0,873,0
01/03/2022,7439,336,1990,2952,0,2200,0
01/03/2022,7109,591,1453,1625,0,1274,0
01/03/2022,6691,311,1259,1420,0,1132,0
01/03/2022,7890,605,1827,4491,0,2712,0
01/03/2022,10780,470,1912,4005,0,2465,0
01/03/2022,6172,692,1156,3549,0,1221,0
01/03/2022,7609,533,4530,2867,0,2130,0
02/03/2022,8929,386,3536,1439,0,1072,0
02/03/2022,10627,486,1560,4211,0,1619,0
02/03/2022,8060,827,2172,3788,0,1836,0
02/03/2022,8735,509,1956,897,0,2532,0
02/03/2022,7542,636,1830,1185,0,1910,0
02/03/2022,9104,404,1615,1717,0,1552,0
02/03/2022,6789,690,2708,2332,0,1637,0
02/03/2022,10013,466,1659,2267,0,1771,0
02/03/2022,4305,714,3289,3155,0,1363,0
02/03/2022,9776,313,3667,4072,0,3550,0
02/03/2022,6066,552,3687,3172,0,3302,0
02/03/2022,6917,380,1931,1379,0,2110,0
02/03/2022,7811,835,2683,3433,0,1215,0
02/03/2022,8210,494,2631,2128,0,1596,0
03/03/2022,7911,497,1579,1170,0,2550,0
03/03/2022,7692,391,1500,2847,0,1219,0
03/03/2022,7210,630,1172,2307,0,1596,0
03/03/2022,8618,492,3566,3441,0,2675,0
03/03/2022,4912,705,1555,2419,0,2086,0
03/03/2022,9106,447,2268,1790,0,1587,0
03/03/2022,7113,408,2220,2209,0,1582,0
03/03/2022,3857,325,2791,3694,0,1244,0
03/03/2022,8859,425,2915,4437,0,1011,0
03/03/2022,11307,426,4630,2833,0,2424,0
03/03/2022,10254,648,2893,4742,0,1593,0
03/03/2022,8354,359,3347,2405,0,1176,0
03/03/2022,6057,429,2762,3783,0,1864,0
03/03/2022,5680,341,1707,3296,0,1457,0
04/03/2022,9261,380,3290,824,0,2006,0
04/03/2022,6818,518,2984,3226,0,1359,0
04/03/2022,7311,419,1703,1259,0,2772,0
04/03/2022,9510,351,1938,4238,0,2563,0
04/03/2022,6025,469,2476,3078,0,2920,0
04/03/2022,12250,341,2109,1236,0,2740,0
04/03/2022,5918,466,3187,1903,0,2014,0
04/03/2022,9951,423,1597,2409,0,995,0
04/03/2022,8615,470,2337,3891,0,1084,0
04/03/2022,10337,383,3281,1374,0,2039,0
04/03/2022,4616,545,1691,2843,0,2931,0
04/03/2022,8099,723,2746,2713,0,3174,0
04/03/2022,8306,312,1131,1467,0,1214,0
04/03/2022,9659,552,4158,4117,0,1564,0
04/03/2022,8681,463,3217,3727,0,2214,0
05/03/2022,5660,247,2597,2149,0,1262,0
05/03/2022,10152,595,4426,1928,0,2100,0
05/03/2022,4869,598,1349,2683,0,1626,0
05/03/2022,6774,819,1246,2802,0,2343,0
05/03/2022,7614,598,2420,1821,0,3504,0
05/03/2022,8005,628,3279,3014,0,3248,0
05/03/2022,6883,316,2698,2614,0,1220,0
05/03/2022,6050,537,2405,3851,0,1923,0
05/03/2022,6459,292,1167,1662,0,2188,0
05/03/2022,10458,556,1461,2298,0,1359,0
05/03/2022,4740,402,3621,1716,0,2740,0
05/03/2022,7006,592,4490,2207,0,2337,0
05/03/2022,4342,415,3163,1746,0,1119,0
05/03/2022,5001,407,1592,1484,0,2330,0
05/03/2022,5522,590,2099,2685,0,1413,0
06/03/2022,6439,513,3437,2311,0,1448,0
06/03/2022,7845,295,2423,3357,0,2265,0
06/03/2022,6138,438,2289,2129,0,2809,0
06/03/2022,4923,384,1726,1174,0,1249,0
06/03/2022,7666,424,4975,2982,0,1945,0
06/03/2022,4565,342,1532,2657,0,2372,0
06/03/2022,9382,563,3981,2429,0,3336,0
06/03/2022,8535,672,3838,2570,0,2884,0
06/03/2022,8378,445,1353,2536,0,1301,0
06/03/2022,7427,451,2796,2996,0,1259,0
06/03/2022,6350,281,1607,3648,0,2873,0
06/03/2022,7325,540,3865,1606,0,2892,0
06/03/2022,6251,674,3677,3355,0,1750,0
06/03/2022,3883,587,2296,1022,0,2167,0
07/03/2022,5544,384,1517,927,0,1743,0
07/03/2022,5156,433,2007,2828,0,2762,0
07/03/2022,7069,282,2779,2423,0,2417,0
07/03/2022,8202,643,1355,2930,0,1782,0
07/03/2022,8473,485,2046,3671,0,1273,0
07/03/2022,8994,373,2553,3173,0,2281,0
07/03/2022,6719,554,3389,2469,0,1236,0
07/03/2022,7104,364,4190,1665,0,1550,0
07/03/2022,8247,673,1242,1860,0,1478,0
07/03/2022,5640,488,2198,3155,0,2746,0
07/03/2022,8302,570,3060,2802,0,3253,0
07/03/2022,4401,498,1899,1459,0,1290,0
07/03/2022,5582,334,1747,2462,0,2630,0
07/03/2022,6106,400,3226,2353,0,1186,0
07/03/2022,5041,401,2497,1851,0,1153,0
08/03/2022,8626,707,3171,3534,0,2149,0
08/03/2022,5744,597,2836,2572,0,2817,0
08/03/2022,9554,574,915,2669,0,1792,0
08/03/2022,4566,456,888,4434,0,3367,0
08/03/2022,7334,343,2203,3135,0,1921,0
08/03/2022,7327,301,3929,1547,0,2631,0
08/03/2022,6500,622,3147,2201,0,3500,0
08/03/2022,5191,516,2872,2047,0,1717,0
08/03/2022,9584,711,3030,3499,0,2291,0
08/03/2022,7517,659,3577,2641,0,1546,0
08/03/2022,8150,511,1734,2716,0,2355,0
08/03/2022,10115,464,1506,2034,0,2269,0
08/03/2022,8952,441,2499,1884,0,2044,0
08/03/2022,8543,439,3036,3557,0,1990,0
08/03/2022,9477,562,3716,1482,0,2902,0
09/03/2022,6466,768,3357,2002,0,1494,0
09/03/2022,11999,410,2827,1481,0,2590,0
09/03/2022,10533,282,2725,3257,0,1200,0
09/03/2022,9282,594,1073,1945,0,2333,0
09/03/2022,7133,536,2475,1229,0,2618,0
09/03/2022,6901,644,1569,976,0,2644,0
09/03/2022,5327,596,2922,2698,0,3028,0
09/03/2022,8564,533,2698,2065,0,1436,0
09/03/2022,7305,416,2388,1623,0,1858,0
09/03/2022,6515,395,3694,2627,0,2523,0
09/03/2022,11598,355,3060,2494,0,1120,0
09/03/2022,5480,394,4288,3022,0,1973,0
09/03/2022,5701,378,3965,2996,0,3021,0
09/03/2022,9238,617,2423,2521,0,2300,0
09/03/2022,6693,442,1568,3589,0,2090,0
10/03/2022,7461,615,2800,4328,0,3658,0
10/03/2022,6351,300,1794,3095,0,3599,0
10/03/2022,9819,475,3000,3418,0,1254,0
10/03/2022,5722,693,1052,2506,0,1251,0
10/03/2022,11070,342,1262,3613,0,2237,0
10/03/2022,8835,376,3974,1203,0,1379,0
10/03/2022,8490,523,2926,1978,0,1678,0
10/03/2022,7609,601,2240,4386,0,1053,0
10/03/2022,10713,479,2346,2187,0,1428,0
10/03/2022,7149,667,2634,2343,0,2225,0
10/03/2022,8309,453,3845,1717,0,1841,0
10/03/2022,11220,803,1401,2509,0,2682,0
10/03/2022,9149,360,1142,3298,0,2979,0
10/03/2022,10086,622,3002,1153,0,2966,0
10/03/2022,6444,588,2031,2917,0,2320,0
11/03/2022,7063,445,1861,2190,0,2493,0
11/03/2022,5705,615,3483,2754,0,2498,0
11/03/2022,5989,776,2097,4646,0,2361,0
11/03/2022,4815,617,2682,1154,0,2117,0
11/03/2022,7853,369,2254,2850,0,1927,0
11/03/2022,6402,679,1607,2638,0,1071,0
11/03/2022,9891,420,2456,1315,0,1806,0
11/03/2022,4777,716,3140,2277,0,899,0
11/03/2022,5501,414,3667,4485,0,1865,0
11/03/2022,6565,359,3209,4246,0,2236,0
11/03/2022,7265,486,4150,4568,0,1301,0
11/03/2022,6576,695,4673,1625,0,1524,0
11/03/2022,7132,734,1141,2761,0,851,0
11/03/2022,5361,250,2600,2392,0,2058,0
11/03/2022,7931,325,4010,1563,0,2399,0
12/03/2022,7129,558,2750,3096,0,2635,0
12/03/2022,7597,436,3182,2860,0,2913,0
12/03/2022,9561,665,1486,4434,0,1359,0
12/03/2022,10324,514,2096,2548,0,2940,0
12/03/2022,7080,557,2486,3155,0,1833,0
12/03/2022,4899,475,3529,2650,0,2279,0
12/03/2022,8638,502,3561,2889,0,1980,0
12/03/2022,10888,576,3532,1226,0,2201,0
12/03/2022,8928,563,2126,3309,0,1493,0
12/03/2022,8102,662,2254,1652,0,1737,0
12/03/2022,7682,506,3519,2029,0,2047,0
12/03/2022,7164,553,2300,1315,0,2217,0
12/03/2022,4280,597,3412,2811,0,1015,0
12/03/2022,6159,529,2428,2717,0,1130,0
12/03/2022,4444,416,2249,2263,0,811,0
13/03/2022,7051,559,4131,2513,0,2813,0
13/03/2022,7895,381,2264,1767,0,1632,0
13/03/2022,4770,424,2383,3794,0,1549,0
13/03/2022,7733,485,3176,2942,0,2630,0
13/03/2022,9394,370,3083,1055,0,1218,0
13/03/2022,5763,462,1950,3130,0,1401,0
13/03/2022,5384,523,3010,4236,0,1556,0
13/03/2022,8502,745,1736,4348,0,1136,0
13/03/2022,6810,550,1943,2909,0,2085,0
13/03/2022,8758,438,2912,1044,0,1510,0
13/03/2022,7119,352,1403,2783,0,2893,0
13/03/2022,11025,630,3233,2957,0,1516,0
13/03/2022,8322,370,3505,2811,0,1346,0
13/03/2022,8588,634,2204,1204,0,3295,0
13/03/2022,10029,413,1724,2349,0,2729,0
14/03/2022,5909,416,3659,2997,0,2580,0
14/03/2022,10860,321,3083,2924,0,2207,0
14/03/2022,7143,393,2750,1861,0,2843,0
14/03/2022,6593,513,3723,2995,0,1416,0
14/03/2022,11061,386,1236,2461,0,2583,0
14/03/2022,8396,428,2132,1141,0,3029,0
14/03/2022,7542,578,2147,1065,0,2110,0
14/03/2022,9755,567,2613,3009,0,1052,0
14/03/2022,6158,331,1759,2819,0,1859,0
14/03/2022,4723,554,1196,2375,0,2342,0
14/03/2022,9682,339,2259,3606,0,2683,0
14/03/2022,6744,287,1220,2429,0,2153,0
14/03/2022,10760,536,1797,3022,0,1559,0
14/03/2022,7139,502,3330,2980,0,3199,0
14/03/2022,6569,348,2229,2563,0,1301,0
15/03/2022,8690,294,4818,2941,0,2209,0
15/03/2022,6431,509,2866,1041,0,1093,0
15/03/2022,10617,431,3013,3602,0,2192,0
15/03/2022,5971,384,3421,2688,0,3108,0
15/03/2022,10283,344,2242,2856,0,2194,0
15/03/2022,4683,598,843,2750,0,935,0
15/03/2022,5472,341,3154,3561,0,1580,0
15/03/2022,7061,781,4172,2021,0,1277,0
15/03/2022,5043,388,3981,1563,0,2927,0
15/03/2022,9296,369,2646,2221,0,1947,0
15/03/2022,9690,289,2423,4314,0,1299,0
15/03/2022,10589,516,3181,823,0,1784,0
15/03/2022,6947,560,3295,1912,0,3315,0
15/03/2022,9884,272,2131,3152,0,1736,0
15/03/2022,6689,409,3171,2991,0,1982,0
16/03/2022,7015,639,1571,4025,0,3115,0
16/03/2022,5963,449,2623,3650,0,3407,0
16/03/2022,8121,430,2420,3191,0,1820,0
16/03/2022,4120,590,2996,2608,0,2725,0
16/03/2022,10675,443,3176,3948,0,1652,0
16/03/2022,5150,643,2646,3122,0,2830,0
16/03/2022,7518,795,3640,1852,0,3385,0
16/03/2022,7415,578,1572,2227,0,2277,0
16/03/2022,5299,583,1843,2549,0,1267,0
16/03/2022,10430,618,2347,4834,0,2795,0
16/03/2022,5409,450,2417,1715,0,1175,0
16/03/2022,7554,416,2313,3853,0,1448,0
16/03/2022,7840,624,3265,3174,0,3023,0
16/03/2022,7669,374,1393,4462,0,2577,0
16/03/2022,10493,643,3989,2095,0,2499,0
17/03/2022,10537,373,2655,1546,0,1208,0
17/03/2022,9252,501,2185,2978,0,2716,0
17/03/2022,10287,445,3010,1370,0,1213,0
17/03/2022,7915,443,2943,2859,0,2607,0
17/03/2022,7929,411,3399,2048,0,2061,0
17/03/2022,7457,465,3673,3093,0,3221,0
17/03/2022,6754,534,1847,2610,0,3274,0
17/03/2022,8474,522,3073,1345,0,2623,0
17/03/2022,9748,651,3687,2815,0,2856,0
17/03/2022,6327,323,2010,3112,0,1735,0
17/03/2022,7103,485,3528,3857,0,1823,0
17/03/2022,7627,288,3217,2424,0,2000,0
17/03/2022,6801,407,2793,3888,0,2309,0
17/03/2022,4808,321,2615,1190,0,2143,0
17/03/2022,5478,355,3331,1038,0,1782,0
18/03/2022,7705,812,2102,2835,0,2912,0
18/03/2022,9119,340,2064,3142,0,1589,0
18/03/2022,9428,441,872,2673,0,1643,0
18/03/2022,6100,646,1194,2401,0,2627,0
18/03/2022,8197,679,2970,972,0,2301,0
18/03/2022,9135,586,1104,4061,0,3423,0
18/03/2022,8206,661,1833,2383,0,1425,0
18/03/2022,11134,403,2699,2561,0,2995,0
18/03/2022,5890,740,1523,4579,0,2321,0
18/03/2022,7050,591,3336,996,0,1386,0
18/03/2022,5792,373,2739,2924,0,2619,0
18/03/2022,4736,326,3622,1453,0,2215,0
18/03/2022,9735,607,3590,1269,0,2024,0
18/03/2022,5550,336,3503,1991,0,2219,0
18/03/2022,7536,333,999,3281,0,3563,0
19/03/2022,6584,359,2603,3322,0,2912,0
19/03/2022,10154,333,2702,1251,0,2584,0
19/03/2022,11008,672,2570,1786,0,838,0
19/03/2022,8317,268,3805,3343,0,1398,0
19/03/2022,6897,479,3200,3991,0,1712,0
19/03/2022,9216,375,2355,1335,0,2469,0
19/03/2022,5420,439,3215,2494,0,1230,0
19/03/2022,6543,363,906,2997,0,1658,0
19/03/2022,7197,375,2418,4404,0,1618,0
19/03/2022,6814,539,3086,2402,0,2021,0
19/03/2022,8087,533,3160,1842,0,1259,0
19/03/2022,6351,599,1652,1512,0,1542,0
19/03/2022,5732,518,3659,3928,0,1901,0
19/03/2022,10805,489,2728,1931,0,1276,0
19/03/2022,6575,486,2922,2351,0,1040,0
20/03/2022,7020,486,4069,2615,0,2167,0
20/03/2022,9504,384,1702,2984,0,2297,0
20/03/2022,7113,503,1973,2181,0,1226,0
20/03/2022,4020,730,4167,1362,0,1750,0
20/03/2022,10333,355,3052,2568,0,2176,0
20/03/2022,4463,526,2538,2388,0,3448,0
20/03/2022,6077,728,2492,3740,0,1826,0
20/03/2022,4961,623,3723,1953,0,1510,0
20/03/2022,5932,684,2506,3647,0,1488,0
20/03/2022,4934,498,4379,2559,0,1611,0
20/03/2022,6123,447,1688,1272,0,1196,0
20/03/2022,7965,681,2402,2254,0,1042,0
20/03/2022,9671,511,1896,4167,0,1232,0
20/03/2022,5198,359,3237,1308,0,3060,0
21/03/2022,7454,348,979,2048,0,2083,0
21/03/2022,4845,360,4021,1890,0,2174,0
21/03/2022,8270,385,3001,1381,0,3596,0
21/03/2022,9244,592,2139,1838,0,1034,0
21/03/2022,6481,708,1488,3301,0,3082,0
21/03/2022,5134,274,2300,4222,0,2660,0
21/03/2022,5699,569,2808,3615,0,1769,0
21/03/2022,6070,334,2418,1024,0,2482,0
21/03/2022,7949,531,4680,2295,0,2182,0
21/03/2022,4875,352,2695,2881,0,2266,0
21/03/2022,7606,454,1729,3670,0,1536,0
21/03/2022,7131,372,3991,1854,0,2084,0
21/03/2022,6544,277,3102,1311,0,1268,0
22/03/2022,10454,365,2980,3495,0,2156,0
22/03/2022,8784,607,1419,1889,0,2134,0
22/03/2022,9315,362,1332,2269,0,2117,0
22/03/2022,8521,437,3418,2622,0,2556,0
22/03/2022,6573,479,1994,4300,0,2049,0
22/03/2022,6749,507,1186,3113,0,1797,0
22/03/2022,6344,631,1136,4109,0,2182,0
22/03/2022,9082,625,2547,4160,0,2350,0
22/03/2022,7144,504,3692,2213,0,1431,0
22/03/2022,7148,409,2543,3188,0,1181,0
22/03/2022,6088,511,1119,2251,0,1421,0
22/03/2022,7733,438,2231,3625,0,2469,0
22/03/2022,9686,399,2457,2959,0,1945,0
22/03/2022,10397,645,2845,2483,0,1476,0
22/03/2022,8031,698,2512,2607,0,1875,0
23/03/2022,7200,662,2328,2332,0,2878,0
23/03/2022,6667,421,3527,2073,0,3049,0
23/03/2022,5332,540,3629,3011,0,2524,0
23/03/2022,6184,324,3377,1803,0,1150,0
23/03/2022,8078,308,907,1087,0,1899,0
23/03/2022,9959,258,1490,1650,0,2182,0
23/03/2022,7516,772,3151,1426,0,3537,0
23/03/2022,3798,526,3963,1898,0,1212,0
23/03/2022,8675,520,4316,1357,0,2421,0
23/03/2022,5163,576,3102,1475,0,1959,0
23/03/2022,9165,399,3216,3516,0,2315,0
23/03/2022,5238,780,1365,1546,0,2382,0
23/03/2022,7096,647,2190,2416,0,1947,0
23/03/2022,12017,323,3254,2827,0,931,0
23/03/2022,6576,263,1744,2016,0,1641,0
24/03/2022,6135,502,1127,1455,0,2873,0
24/03/2022,8403,391,1473,3201,0,3223,0
24/03/2022,7105,415,2261,3516,0,2396,0
24/03/2022,5352,758,1584,3542,0,1459,0
24/03/2022,8510,681,3839,1044,0,2287,0
24/03/2022,9073,632,3846,3504,0,1565,0
24/03/2022,10987,668,4134,3663,0,2631,0
24/03/2022,6013,444,1463,4344,0,3407,0
24/03/2022,5560,557,2432,3046,0,1296,0
24/03/2022,5151,448,1600,3023,0,2375,0
24/03/2022,4841,555,1121,1920,0,1046,0
24/03/2022,11429,295,2016,2508,0,2659,0
24/03/2022,10519,500,3246,3660,0,2651,0
24/03/2022,6894,679,1034,3396,0,1679,0
24/03/2022,8467,592,2725,1993,0,2749,0
25/03/2022,7441,498,2749,1478,0,1436,0
25/03/2022,6075,397,3731,3967,0,2303,0
25/03/2022,9543,485,2122,1033,0,2228,0
25/03/2022,8495,628,4602,3865,0,1525,0
25/03/2022,6015,746,2954,3253,0,3235,0
25/03/2022,5893,488,2770,3098,0,1193,0
25/03/2022,8765,478,1994,2668,0,2456,0
25/03/2022,6940,498,1343,3867,0,1685,0
25/03/2022,4564,343,1851,3215,0,1777,0
25/03/2022,11827,630,2623,3295,0,3014,0
25/03/2022,5392,476,2603,1561,0,1207,0
25/03/2022,7041,532,2125,3645,0,1757,0
25/03/2022,7751,499,3872,4110,0,2247,0
25/03/2022,10221,459,2780,3174,0,2467,0
25/03/2022,8989,479,1924,1079,0,2502,0
26/03/2022,8155,366,2972,2115,0,1678,0
26/03/2022,6244,311,1948,3496,0,1503,0
26/03/2022,5199,390,2207,4091,0,810,0
26/03/2022,9152,459,1846,2584,0,1150,0
26/03/2022,10876,533,1857,1282,0,1128,0
26/03/2022,9081,776,2058,1410,0,1478,0
26/03/2022,4230,337,1672,1969,0,2319,0
26/03/2022,7971,593,2037,1201,0,2403,0
26/03/2022,10834,704,2138,2921,0,1743,0
26/03/2022,8959,591,1628,1499,0,2170,0
26/03/2022,6509,698,2075,3317,0,858,0
26/03/2022,4492,301,1988,1205,0,3114,0
26/03/2022,8794,502,2943,1479,0,1771,0
26/03/2022,10181,254,912,1581,0,1112,0
26/03/2022,11059,526,2177,1222,0,1110,0
27/03/2022,6312,405,1760,1853,0,1582,0
27/03/2022,7622,862,3863,2774,0,2904,0
27/03/2022,6542,564,1433,1452,0,2071,0
27/03/2022,5360,577,2421,1677,0,997,0
27/03/2022,8957,391,2805,2128,0,1006,0
27/03/2022,9687,570,3200,2843,0,1520,0
27/03/2022,7053,447,4266,2886,0,2778,0
27/03/2022,11758,548,2804,3258,0,2580,0
27/03/2022,8490,325,1129,2372,0,1889,0
27/03/2022,8555,609,984,4183,0,2233,0
27/03/2022,7891,362,1900,1737,0,3014,0
27/03/2022,4406,411,2186,2716,0,1536,0
27/03/2022,7249,528,2729,1075,0,3380,0
28/03/2022,6614,872,3458,1630,0,1756,0
28/03/2022,5954,396,2203,3579,0,1900,0
28/03/2022,10775,541,3699,1363,0,2207,0
28/03/2022,8694,728,2310,1309,0,1168,0
28/03/2022,9250,536,2828,2752,0,1751,0
28/03/2022,12342,258,2054,3005,0,3077,0
28/03/2022,7973,380,4018,2948,0,1941,0
28/03/2022,6746,346,2193,3709,0,2772,0
28/03/2022,6604,465,2435,3040,0,1979,0
28/03/2022,7747,553,2936,2654,0,1145,0
28/03/2022,5126,469,3378,3122,0,2151,0
28/03/2022,11013,369,1217,1467,0,2553,0
28/03/2022,8357,739,3620,2927,0,1515,0
28/03/2022,4691,513,3126,2133,0,1635,0
28/03/2022,5836,710,1455,2922,0,1066,0
29/03/2022,6115,597,3832,4420,0,1208,0
29/03/2022,7451,403,2619,1751,0,2105,0
29/03/2022,6290,267,2360,1956,0,3557,0
29/03/2022,7617,588,1193,2790,0,1019,0
29/03/2022,4661,328,1389,1108,0,1256,0
29/03/2022,7496,762,2635,2498,0,1654,0
29/03/2022,6552,489,2035,2572,0,3226,0
29/03/2022,8389,290,1232,3213,0,2269,0
29/03/2022,4836,328,2270,1897,0,1773,0
29/03/2022,6744,455,1539,2844,0,2420,0
29/03/2022,8724,279,1128,1390,0,1968,0
29/03/2022,4592,453,3636,3206,0,2040,0
29/03/2022,8610,494,2086,2621,0,2456,0
29/03/2022,6049,320,3173,2547,0,2960,0
29/03/2022,7197,353,2032,1560,0,1588,0
30/03/2022,10231,481,3057,2443,0,1676,0
30/03/2022,7336,662,2309,3083,0,2300,0
30/03/2022,8102,383,1062,2056,0,2406,0
30/03/2022,8005,683,4248,1123,0,1248,0
30/03/2022,7761,835,935,2056,0,2290,0
30/03/2022,9645,479,1269,3040,0,2083,0
30/03/2022,6672,797,2302,2496,0,2801,0
30/03/2022,6774,497,3997,1074,0,1250,0
30/03/2022,10311,571,1502,3028,0,1028,0
30/03/2022,4880,601,2152,2782,0,2187,0
30/03/2022,5153,306,1183,1440,0,1198,0
30/03/2022,7131,658,2696,2886,0,2420,0
30/03/2022,8186,459,2432,2171,0,2869,0
30/03/2022,5453,320,3985,2208,0,928,0
30/03/2022,7197,449,3076,1512,0,1325,0
31/03/2022,9668,419,2209,3354,0,2369,0
31/03/2022,8883,412,2330,1715,0,1745,0
31/03/2022,6173,516,1420,1577,0,2490,0
31/03/2022,6513,592,3601,1525,0,1972,0
31/03/2022,5025,465,4674,2553,0,1290,0
31/03/2022,9851,508,1458,2069,0,2728,0
31/03/2022,7672,793,4102,2010,0,1047,0
31/03/2022,7897,525,3172,2087,0,1517,0
31/03/2022,10153,354,3243,2169,0,1034,0
31/03/2022,5556,499,3277,3963,0,3676,0
31/03/2022,7961,503,2228,1332,0,1059,0
31/03/2022,5428,435,1959,1686,0,2287,0
31/03/2022,4289,372,1096,3657,0,3048,0
31/03/2022,7660,515,1467,3220,0,1286,0
31/03/2022,8663,451,1548,3869,0,1391,0
01/04/2022,7208,481,2641,3656,0,1163,0
01/04/2022,7619,651,2745,3953,0,1715,0
01/04/2022,8846,472,2748,2935,0,2632,0
01/04/2022,8083,476,3959,2760,0,3303,0
01/04/2022,7509,430,2381,3966,0,2608,0
01/04/2022,11914,614,1796,1345,0,2651,0
01/04/2022,6221,532,949,1687,0,2742,0
01/04/2022,6109,486,1967,3094,0,2477,0
01/04/2022,8484,762,2182,3231,0,1517,0
01/04/2022,10913,423,1576,2542,0,1428,0
01/04/2022,7097,781,2903,1822,0,1506,0
01/04/2022,5507,533,2677,2520,0,1910,0
01/04/2022,5888,543,1890,2434,0,2149,0
01/04/2022,7649,337,1604,1140,0,2601,0
01/04/2022,8611,301,2659,3076,0,3058,0
02/04/2022,8582,792,2254,3683,0,3170,0
02/04/2022,6131,856,3404,2001,0,1445,0
02/04/2022,4345,424,1932,3250,0,897,0
02/04/2022,9116,591,1352,3064,0,2385,0
02/04/2022,11943,316,4823,2631,0,1161,0
02/04/2022,8512,796,1695,3438,0,1108,0
02/04/2022,7799,408,2903,2092,0,1438,0
02/04/2022,9766,629,2147,2945,0,2466,0
02/04/2022,6287,333,1059,1510,0,2076,0
02/04/2022,11823,554,3652,1042,0,3109,0
02/04/2022,6695,559,3693,3897,0,899,0
02/04/2022,10572,593,1039,1658,0,1175,0
02/04/2022,7970,483,3060,3347,0,2295,0
02/04/2022,7628,734,2894,1195,0,1394,0
02/04/2022,6538,549,1143,1322,0,1250,0
03/04/2022,6114,567,2969,4335,0,2657,0
03/04/2022,4837,437,3038,2706,0,2389,0
03/04/2022,6063,549,1888,1268,0,3129,0
03/04/2022,7192,539,4092,1003,0,1525,0
03/04/2022,6961,567,1692,2703,0,1069,0
03/04/2022,8911,489,1824,4406,0,3487,0
03/04/2022,5710,310,3276,2425,0,1549,0
03/04/2022,7093,577,1708,3518,0,2939,0
03/04/2022,8565,510,1509,4232,0,975,0
03/04/2022,6218,535,1219,2856,0,1957,0
03/04/2022,5321,303,3016,2390,0,2109,0
03/04/2022,9639,485,2393,4236,0,1502,0
03/04/2022,5877,480,1547,3035,0,2240,0
03/04/2022,10725,361,1955,3916,0,2850,0
04/04/2022,6980,287,3471,2773,0,2152,0
04/04/2022,8073,342,2320,1349,0,2388,0
04/04/2022,7268,585,2380,2986,0,2329,0
04/04/2022,9640,306,1182,2576,0,1188,0
04/04/2022,8875,285,1249,2417,0,1858,0
04/04/2022,11284,552,1221,4071,0,1925,0
04/04/2022,8683,406,2439,1627,0,1577,0
04/04/2022,5076,590,3010,2419,0,995,0
04/04/2022,6482,431,3299,2088,0,1289,0
04/04/2022,7193,523,993,3553,0,1463,0
04/04/2022,8813,450,1383,3034,0,2606,0
04/04/2022,7564,305,2116,3165,0,2423,0
04/04/2022,7439,346,2586,2656,0,2414,0
04/04/2022,5472,649,3125,3978,0,1256,0
05/04/2022,9114,531,1648,1803,0,2627,0
05/04/2022,4303,611,984,2745,0,1329,0
05/04/2022,6111,582,3002,2009,0,2414,0
05/04/2022,5887,351,2126,2592,0,1225,0
05/04/2022,7312,292,2391,3195,0,1376,0
05/04/2022,5820,347,2162,1121,0,3312,0
05/04/2022,7829,448,3687,1742,0,1537,0
05/04/2022,7074,363,1548,2978,0,1639,0
05/04/2022,6092,400,3087,3451,0,1254,0
05/04/2022,7772,479,2989,2193,0,2236,0
05/04/2022,6662,574,1191,2002,0,2493,0
05/04/2022,6947,532,3285,1372,0,1892,0
05/04/2022,6828,705,2532,2140,0,3226,0
05/04/2022,6099,275,2302,3870,0,2244,0
06/04/2022,6236,577,2034,2074,0,2116,0
06/04/2022,5177,711,1194,2636,0,2216,0
06/04/2022,8997,689,1569,2356,0,1781,0
06/04/2022,10295,288,2345,3664,0,1582,0
06/04/2022,10630,533,2203,2074,0,2776,0
06/04/2022,4978,301,2782,4659,0,3403,0
06/04/2022,8667,415,2706,2853,0,2545,0
06/04/2022,7850,750,3477,1702,0,1704,0
06/04/2022,6419,542,2880,1877,0,1783,0
06/04/2022,10973,357,3869,3102,0,2312,0
06/04/2022,9279,348,1785,1329,0,1749,0
06/04/2022,5991,625,1847,4066,0,1520,0
06/04/2022,6358,659,1771,2272,0,1229,0
06/04/2022,10008,598,2532,1014,0,1650,0
07/04/2022,9635,813,4511,2107,0,2160,0
07/04/2022,4733,497,2434,2285,0,1464,0
07/04/2022,8677,471,955,853,0,2759,0
07/04/2022,5572,427,4948,1900,0,1427,0
07/04/2022,7886,314,1613,1226,0,2630,0
07/04/2022,7342,787,3014,3529,0,3123,0
07/04/2022,7396,482,3966,2420,0,3075,0
07/04/2022,6447,607,1971,1904,0,2492,0
07/04/2022,5686,436,1230,2510,0,1172,0
07/04/2022,7767,524,2410,2874,0,1266,0
07/04/2022,6122,317,3683,1660,0,3044,0
07/04/2022,4326,563,2270,1476,0,1664,0
07/04/2022,6550,725,1997,3464,0,2724,0
07/04/2022,8226,512,4851,2003,0,1265,0
08/04/2022,7821,309,2604,2447,0,1336,0
08/04/2022,7068,577,2569,2620,0,2665,0
08/04/2022,7421,747,4089,2339,0,1082,0
08/04/2022,8653,625,2542,2494,0,1201,0
08/04/2022,9508,614,3652,3317,0,2655,0
08/04/2022,8030,408,2875,2974,0,1356,0
08/04/2022,7531,349,1284,3531,0,1581,0
08/04/2022,5415,605,3278,4341,0,2583,0
08/04/2022,8576,527,2994,2149,0,2181,0
08/04/2022,9326,527,3306,2846,0,3364,0
08/04/2022,8103,368,3369,2213,0,1404,0
08/04/2022,8258,327,912,1564,0,2599,0
08/04/2022,5789,685,2672,2197,0,1563,0
08/04/2022,6946,557,1493,2977,0,2408,0
09/04/2022,6494,527,1753,4116,0,1896,0
09/04/2022,4969,800,1789,3242,0,2598,0
09/04/2022,9309,388,2466,3053,0,1221,0
09/04/2022,6103,446,2868,4757,0,1397,0
09/04/2022,6290,369,1898,1393,0,1602,0
09/04/2022,6067,496,2432,3492,0,2262,0
09/04/2022,6828,641,3048,1379,0,2826,0
09/04/2022,7915,414,2389,4160,0,1481,0
09/04/2022,8269,525,1364,2871,0,1882,0
09/04/2022,5054,543,1580,2524,0,1967,0
09/04/2022,7026,359,3034,2127,0,1489,0
09/04/2022,8228,600,2800,2154,0,2412,0
09/04/2022,5522,696,2796,2789,0,2775,0
09/04/2022,7374,556,3964,2705,0,969,0
10/04/2022,6761,448,1392,2101,0,1373,0
10/04/2022,7673,439,1027,3538,0,2709,0
10/04/2022,10338,528,3049,2261,0,2156,0
10/04/2022,5629,346,1787,1283,0,2549,0
10/04/2022,8002,549,3067,3558,0,3072,0
10/04/2022,6894,845,2145,2356,0,833,0
10/04/2022,6862,499,2241,1886,0,2452,0
10/04/2022,9890,488,1241,2108,0,1518,0
10/04/2022,6378,720,2222,3178,0,1815,0
10/04/2022,4878,440,3144,2463,0,2980,0
10/04/2022,6470,551,3216,1820,0,2313,0
10/04/2022,9328,285,1000,2856,0,1016,0
10/04/2022,9455,538,1481,2346,0,2615,0
10/04/2022,6080,406,3046,1869,0,2456,0
11/04/2022,9232,346,2130,1658,0,2824,0
11/04/2022,6633,527,4001,1815,0,3097,0
11/04/2022,7588,501,3868,1452,0,3011,0
11/04/2022,7224,457,3940,1303,0,3146,0
11/04/2022,7528,515,4330,2083,0,930,0
11/04/2022,6892,542,1681,2826,0,1282,0
11/04/2022,9141,336,1120,1939,0,1834,0
11/04/2022,7764,307,1240,2089,0,1396,0
11/04/2022,6942,653,1152,1785,0,2509,0
11/04/2022,8328,283,1081,2412,0,2182,0
11/04/2022,6230,381,1644,2109,0,1321,0
11/04/2022,8619,371,1317,2807,0,2006,0
11/04/2022,5629,594,3942,2049,0,2319,0
11/04/2022,6835,529,1082,3853,0,2897,0
11/04/2022,6901,709,2293,2753,0,1395,0
12/04/2022,7356,615,1755,1471,0,3202,0
12/04/2022,5339,578,3108,1678,0,1260,0
12/04/2022,7620,276,1640,2302,0,1399,0
12/04/2022,8079,413,3134,2215,0,1639,0
12/04/2022,6961,318,3119,3083,0,1994,0
12/04/2022,7365,444,2493,1758,0,1672,0
12/04/2022,10808,355,1686,3433,0,2421,0
12/04/2022,9127,644,2769,1525,0,1521,0
12/04/2022,5202,425,1839,3373,0,2585,0
12/04/2022,8162,318,1985,1145,0,2674,0
12/04/2022,6868,461,1722,1979,0,1465,0
12/04/2022,7303,271,3483,1072,0,2441,0
12/04/2022,10128,271,2271,2523,0,1407,0
12/04/2022,6137,579,2619,2504,0,1086,0
12/04/2022,7253,476,4320,3359,0,3235,0
13/04/2022,4097,258,2591,3671,0,2552,0
13/04/2022,9012,543,1891,1665,0,1597,0
13/04/2022,5578,403,1998,3906,0,1793,0
13/04/2022,6771,819,1210,1581,0,2323,0
13/04/2022,8524,442,3166,3874,0,1506,0
13/04/2022,8054,562,3816,1398,0,2642,0
13/04/2022,10262,296,1155,2648,0,2967,0
13/04/2022,5132,398,2360,2743,0,1599,0
13/04/2022,11046,383,3206,1389,0,1854,0
13/04/2022,7120,374,2104,2111,0,1632,0
13/04/2022,6372,464,2857,2076,0,1236,0
13/04/2022,5404,350,4195,2613,0,1758,0
13/04/2022,10175,666,3810,1937,0,2620,0
13/04/2022,6181,459,1376,2518,0,2002,0
13/04/2022,4702,509,1469,2724,0,1186,0
14/04/2022,7568,341,3663,3852,0,3173,0
14/04/2022,8606,577,1123,2352,0,1571,0
14/04/2022,8736,439,2285,4325,0,2019,0
14/04/2022,6427,675,2792,2302,0,3168,0
14/04/2022,5142,264,2881,1619,0,1042,0
14/04/2022,4484,359,2180,1102,0,3473,0
14/04/2022,6493,294,1890,2200,0,2844,0
14/04/2022,7209,408,2829,1409,0,2234,0
14/04/2022,6008,505,4445,4471,0,2253,0
14/04/2022,4390,750,2314,2615,0,1476,0
14/04/2022,8317,357,1759,2151,0,2344,0
14/04/2022,8529,448,1909,1121,0,3579,0
14/04/2022,11368,813,1615,999,0,2462,0
14/04/2022,9944,351,3164,2737,0,1947,0
14/04/2022,10705,519,1318,1976,0,2939,0
15/04/2022,5832,661,3498,1951,0,2294,0
15/04/2022,6835,597,1629,2938,0,2183,0
15/04/2022,7219,348,3478,2471,0,2914,0
15/04/2022,4857,514,2896,3339,0,2143,0
15/04/2022,6670,345,3482,2214,0,1839,0
15/04/2022,8834,378,3039,2614,0,2295,0
15/04/2022,8743,742,4849,1899,0,2984,0
15/04/2022,8397,318,1024,1334,0,1241,0
15/04/2022,7283,250,2294,1794,0,2117,0
15/04/2022,10721,557,2875,4180,0,1119,0
15/04/2022,6218,340,1860,2290,0,1878,0
15/04/2022,5108,639,2430,3611,0,1825,0
15/04/2022,10910,384,3948,1233,0,2300,0
15/04/2022,5795,360,1675,3895,0,2367,0
15/04/2022,8143,846,4632,2344,0,2162,0
16/04/2022,6186,672,3784,3840,0,1543,0
16/04/2022,6201,383,2700,2158,0,2881,0
16/04/2022,10015,688,3857,3567,0,2360,0
16/04/2022,7338,693,2730,1711,0,1867,0
16/04/2022,10309,457,2406,2563,0,1434,0
16/04/2022,5041,795,3163,2539,0,1806,0
16/04/2022,8248,298,1364,3177,0,3143,0
16/04/2022,6061,429,2878,4144,0,2403,0
16/04/2022,10920,511,1358,2511,0,1926,0
16/04/2022,11952,777,2974,2767,0,2023,0
16/04/2022,7366,752,2487,3822,0,1185,0
16/04/2022,8774,667,3670,940,0,1720,0
16/04/2022,8175,481,1380,1871,0,1670,0
16/04/2022,8208,679,3939,2773,0,2543,0
16/04/2022,5625,520,1589,1408,0,1737,0
17/04/2022,6922,317,2834,2832,0,2852,0
17/04/2022,9548,680,4189,3156,0,2743,0
17/04/2022,7365,445,3230,1780,0,1937,0
17/04/2022,6362,708,1555,2426,0,2720,0
17/04/2022,6685,604,1465,2517,0,3157,0
17/04/2022,6079,434,1292,3846,0,3331,0
17/04/2022,9920,579,4388,3017,0,3401,0
17/04/2022,5343,796,3885,1575,0,2942,0
17/04/2022,5484,692,2441,3023,0,2004,0
17/04/2022,6818,642,2043,1072,0,1669,0
17/04/2022,5547,558,927,3900,0,1058,0
17/04/2022,7145,688,3748,1159,0,1728,0
17/04/2022,6694,453,966,2958,0,2248,0
17/04/2022,5132,510,4027,1382,0,966,0
17/04/2022,7204,748,4378,1547,0,2541,0
18/04/2022,9262,486,3741,3337,0,1703,0
18/04/2022,8057,738,3782,2235,0,2095,0
18/04/2022,6540,507,2773,1833,0,1306,0
18/04/2022,6146,510,1197,2081,0,1879,0
18/04/2022,5503,523,1617,1379,0,1532,0
18/04/2022,8299,296,1686,1137,0,1365,0
18/04/2022,9979,451,1072,2306,0,2740,0
18/04/2022,10172,268,3275,1364,0,2726,0
18/04/2022,7356,414,1588,4275,0,2446,0
18/04/2022,9064,397,1270,2899,0,1490,0
18/04/2022,8681,636,3012,1776,0,1986,0
18/04/2022,10224,693,3589,1935,0,2644,0
18/04/2022,7983,622,2231,1322,0,3347,0
18/04/2022,5672,608,1189,3843,0,2124,0
18/04/2022,6464,739,3045,3686,0,1978,0
19/04/2022,7812,611,1883,1533,0,1240,0
19/04/2022,9707,692,3514,1825,0,1417,0
19/04/2022,9766,659,1204,2863,0,1893,0
19/04/2022,7415,399,1438,2849,0,1181,0
19/04/2022,5480,730,2357,2962,0,2005,0
19/04/2022,9143,642,4120,2829,0,2393,0
19/04/2022,5307,507,2531,4353,0,1908,0
19/04/2022,8915,627,2527,1108,0,1794,0
19/04/2022,4640,569,2175,3729,0,2179,0
19/04/2022,6082,492,2302,2426,0,2259,0
19/04/2022,6443,413,2305,4105,0,2303,0
19/04/2022,10476,745,1322,3764,0,2255,0
19/04/2022,9692,488,3091,2010,0,1083,0
19/04/2022,5159,677,2195,2741,0,2083,0
19/04/2022,6903,450,4077,1943,0,3006,0
20/04/2022,5469,708,3585,3208,0,2165,0
20/04/2022,11773,423,1439,2965,0,2340,0
20/04/2022,7319,294,2729,2114,0,3003,0
20/04/2022,9424,337,2354,4524,0,1749,0
20/04/2022,4688,416,1198,2810,0,2429,0
20/04/2022,7644,335,2863,3151,0,1967,0
20/04/2022,7608,456,1837,879,0,1574,0
20/04/2022,6557,482,1917,4568,0,1929,0
20/04/2022,7561,439,2846,1740,0,2004,0
20/04/2022,6502,343,3241,2242,0,1497,0
20/04/2022,5769,544,3178,2375,0,1228,0
20/04/2022,5841,497,2476,3024,0,1559,0
20/04/2022,4792,550,2792,2624,0,1787,0
20/04/2022,7886,586,1732,3971,0,2173,0
21/04/2022,6136,340,2378,2052,0,2776,0
21/04/2022,8826,513,2116,2243,0,1061,0
21/04/2022,8983,591,4360,3745,0,1433,0
21/04/2022,6490,552,4659,1687,0,1966,0
21/04/2022,10573,509,1102,1421,0,1575,0
21/04/2022,9167,484,2737,2833,0,2458,0
21/04/2022,5007,458,3745,3651,0,2546,0
21/04/2022,6330,451,2780,3344,0,1323,0
21/04/2022,4904,541,1216,3698,0,2282,0
21/04/2022,6957,486,4710,2201,0,1967,0
21/04/2022,6423,359,1867,1756,0,1430,0
21/04/2022,12126,285,2327,900,0,2550,0
21/04/2022,5428,587,3060,3310,0,1623,0
21/04/2022,6765,410,2579,3930,0,2526,0
21/04/2022,8149,364,3903,3218,0,2151,0
22/04/2022,5481,580,986,2606,0,2002,0
22/04/2022,6727,541,2113,1083,0,896,0
22/04/2022,8238,600,852,2007,0,2421,0
22/04/2022,6184,774,3754,4149,0,2006,0
22/04/2022,11511,527,1425,2424,0,1938,0
22/04/2022,10331,342,2268,3850,0,2440,0
22/04/2022,6024,301,2066,3552,0,2436,0
22/04/2022,8339,749,3115,1355,0,1989,0
22/04/2022,8115,543,3088,2631,0,3056,0
22/04/2022,5464,569,3982,2198,0,2986,0
22/04/2022,6901,594,3061,3336,0,1660,0
22/04/2022,10455,376,2714,2544,0,1996,0
22/04/2022,7213,532,2763,2557,0,2150,0
22/04/2022,11544,671,2636,1273,0,2052,0
22/04/2022,6138,582,3202,914,0,2013,0
23/04/2022,5960,402,1359,1420,0,2053,0
23/04/2022,5239,581,1611,2972,0,1662,0
23/04/2022,9516,305,2739,2727,0,2113,0
23/04/2022,6236,302,2987,1698,0,2063,0
23/04/2022,9131,362,1510,2469,0,1485,0
23/04/2022,4789,638,2405,2023,0,1562,0
23/04/2022,7338,377,2592,2094,0,3196,0
23/04/2022,7799,269,3404,3591,0,2628,0
23/04/2022,11788,795,870,1489,0,2272,0
23/04/2022,8831,503,2093,4482,0,904,0
23/04/2022,6221,529,1336,2959,0,1348,0
23/04/2022,8001,744,1881,1817,0,2851,0
23/04/2022,6152,768,3024,1337,0,1512,0
23/04/2022,8106,595,2426,2204,0,2833,0
23/04/2022,5198,356,1740,3162,0,1344,0
24/04/2022,6763,364,4570,1085,0,2247,0
24/04/2022,4901,606,2440,4481,0,2061,0
24/04/2022,5548,541,3217,2778,0,1306,0
24/04/2022,8346,337,1930,1034,0,2006,0
24/04/2022,8416,440,3420,3054,0,2906,0
24/04/2022,5406,480,2749,2356,0,1641,0
24/04/2022,8773,497,2036,3361,0,1998,0
24/04/2022,4443,384,1064,3823,0,1804,0
24/04/2022,9099,280,1847,1736,0,2065,0
24/04/2022,5502,469,1146,4535,0,2914,0
24/04/2022,5346,529,3638,1807,0,2944,0
24/04/2022,7194,574,959,2028,0,2497,0
24/04/2022,7922,782,1363,2891,0,2537,0
24/04/2022,5932,453,2873,1598,0,2736,0
25/04/2022,7137,409,2962,1328,0,2548,0
25/04/2022,4645,479,1274,2279,0,1828,0
25/04/2022,8855,641,2073,2032,0,1368,0
25/04/2022,10122,553,841,2241,0,1585,0
25/04/2022,5431,448,1139,3036,0,2133,0
25/04/2022,5771,325,3334,2338,0,2336,0
25/04/2022,7721,423,1675,1920,0,3357,0
25/04/2022,11344,572,1480,2024,0,2529,0
25/04/2022,7806,304,2598,3784,0,2545,0
25/04/2022,7844,688,860,1621,0,915,0
25/04/2022,5828,399,2181,1567,0,1203,0
25/04/2022,5870,462,1602,3123,0,2392,0
25/04/2022,11415,637,1106,1892,0,2761,0
25/04/2022,6431,421,3141,2706,0,1614,0
25/04/2022,9710,427,2010,1650,0,1515,0
26/04/2022,4567,455,1131,1659,0,2359,0
26/04/2022,6116,471,2051,3377,0,2639,0
26/04/2022,7655,755,1492,2571,0,1930,0
26/04/2022,7593,588,2954,3319,0,2194,0
26/04/2022,8020,455,2478,1565,0,1837,0
26/04/2022,4589,584,1725,1763,0,1906,0
26/04/2022,10096,527,1567,1159,0,2373,0
26/04/2022,10279,522,1724,2224,0,2500,0
26/04/2022,4672,512,1090,3105,0,1966,0
26/04/2022,5011,678,2439,3095,0,1824,0
26/04/2022,5671,560,4591,1047,0,2203,0
26/04/2022,5499,396,1194,2665,0,2012,0
26/04/2022,8679,426,2110,2451,0,3250,0
26/04/2022,9842,619,3382,1561,0,1424,0
26/04/2022,6081,297,1060,2227,0,1425,0
27/04/2022,6648,354,1905,3163,0,1734,0
27/04/2022,9590,527,2663,3259,0,2835,0
27/04/2022,11027,429,3202,1220,0,1266,0
27/04/2022,7646,393,3278,1789,0,985,0
27/04/2022,6685,511,3863,2898,0,2959,0
27/04/2022,7167,431,2447,2417,0,2397,0
27/04/2022,6535,674,3425,2654,0,1178,0
27/04/2022,7273,339,3034,3151,0,2029,0
27/04/2022,7216,667,1893,1153,0,1729,0
27/04/2022,7498,343,1805,2855,0,1341,0
27/04/2022,10160,571,2596,3521,0,1998,0
27/04/2022,9498,606,825,2990,0,1634,0
27/04/2022,10809,429,3017,1627,0,847,0
27/04/2022,5230,403,4601,3616,0,2370,0
27/04/2022,8112,417,4258,1600,0,3189,0
28/04/2022,7061,625,1492,1581,0,2888,0
28/04/2022,6317,298,1344,3359,0,1425,0
28/04/2022,9820,374,1706,1177,0,1127,0
28/04/2022,9466,419,3226,2529,0,2464,0
28/04/2022,10863,571,2391,1189,0,1555,0
28/04/2022,6671,577,1590,1703,0,2130,0
28/04/2022,4232,495,1647,2580,0,1961,0
28/04/2022,4785,535,1114,1775,0,3128,0
28/04/2022,7542,288,3857,2904,0,2740,0
28/04/2022,5311,651,1370,3573,0,2905,0
28/04/2022,8548,440,3315,2573,0,2638,0
28/04/2022,5914,512,2020,1906,0,1223,0
28/04/2022,10829,553,3202,2438,0,2863,0
28/04/2022,10283,437,2774,3033,0,2713,0
28/04/2022,6949,295,3400,2271,0,2163,0
29/04/2022,5740,549,4068,1646,0,1222,0
29/04/2022,8547,390,1657,3116,0,2902,0
29/04/2022,6831,519,2206,2266,0,3251,0
29/04/2022,9311,418,4236,3654,0,997,0
29/04/2022,8971,724,1237,1846,0,1697,0
29/04/2022,10605,555,4253,2771,0,1879,0
29/04/2022,4053,294,3236,4510,0,2245,0
29/04/2022,7209,345,2106,2743,0,1258,0
29/04/2022,6125,600,4443,2482,0,2657,0
29/04/2022,9190,566,954,1545,0,1029,0
29/04/2022,5678,413,1878,2471,0,2112,0
29/04/2022,5238,357,4454,3394,0,1546,0
29/04/2022,8668,625,3948,3417,0,2808,0
29/04/2022,7919,290,1546,997,0,2435,0
29/04/2022,7734,602,2589,867,0,1822,0
30/04/2022,7536,335,2742,2654,0,3546,0
30/04/2022,9601,326,4750,1186,0,1060,0
30/04/2022,7969,754,2269,1533,0,2004,0
30/04/2022,10039,725,2107,3960,0,1285,0
30/04/2022,4425,289,3190,1519,0,1870,0
30/04/2022,7267,423,3344,2126,0,1647,0
30/04/2022,6598,393,2136,3049,0,2667,0
30/04/2022,6753,512,1744,1547,0,2599,0
30/04/2022,8205,645,1579,1164,0,1757,0
30/04/2022,9656,420,2933,3719,0,2748,0
30/04/2022,7229,431,3345,1607,0,1512,0
30/04/2022,8142,523,2847,1371,0,2637,0
30/04/2022,8698,802,3529,3915,0,1416,0
30/04/2022,5022,591,3622,2946,0,2177,0
30/04/2022,10915,701,3189,2297,0,1287,0
16/04/2022,6470,475,2531,1355,0,2255,0
16/04/2022,7166,352,3067,1218,0,2250,0
16/04/2022,5352,328,2752,3065,0,1858,0
16/04/2022,9087,415,1592,3861,0,2987,0
16/04/2022,5975,676,3727,2822,0,1883,0
16/04/2022,10670,295,1886,2413,0,2826,0
16/04/2022,8128,366,2918,2473,0,3581,0
16/04/2022,8099,770,1340,1092,0,1106,0
16/04/2022,5874,327,3142,2793,0,2666,0
16/04/2022,8314,494,3652,4459,0,2339,0
16/04/2022,7877,377,2225,1480,0,1660,0
16/04/2022,6182,632,1468,2152,0,1895,0
16/04/2022,10236,582,3164,956,0,1769,0
16/04/2022,6576,342,1653,1535,0,2419,0
16/04/2022,6742,620,2355,2106,0,2273,0
17/04/2022,5752,454,1516,1669,0,2093,0
17/04/2022,8249,620,4170,1574,0,2454,0
17/04/2022,7667,459,2234,966,0,1508,0
17/04/2022,7301,620,2773,2962,0,2308,0
17/04/2022,5667,450,1503,3766,0,1475,0
17/04/2022,6457,722,2113,3556,0,2306,0
17/04/2022,5043,561,3042,1980,0,1878,0
17/04/2022,6431,417,2865,1882,0,2007,0
17/04/2022,6321,807,1952,2073,0,2666,0
17/04/2022,6598,543,2778,3517,0,2819,0
17/04/2022,4311,485,1366,2606,0,2536,0
17/04/2022,5953,304,879,936,0,2921,0
17/04/2022,8465,726,1717,2183,0,1965,0
17/04/2022,4934,284,4779,811,0,1067,0
17/04/2022,4754,507,1609,2699,0,957,0
18/04/2022,9626,505,2351,1415,0,2229,0
18/04/2022,6661,444,2905,1272,0,1355,0
18/04/2022,8912,461,3436,1914,0,1073,0
18/04/2022,6051,569,2700,2458,0,1198,0
18/04/2022,7218,348,3157,855,0,2829,0
18/04/2022,6502,761,1716,1402,0,1711,0
18/04/2022,6465,287,2024,2401,0,3428,0
18/04/2022,9960,779,2738,2385,0,2213,0
18/04/2022,7444,608,1119,2124,0,3135,0
18/04/2022,5974,638,1930,4156,0,1278,0
18/04/2022,7810,388,3411,2754,0,1612,0
18/04/2022,10801,429,3330,1525,0,1494,0
18/04/2022,6928,330,2124,2321,0,2138,0
18/04/2022,8190,547,2256,3678,0,1534,0
18/04/2022,7697,375,3102,1420,0,1559,0
19/04/2022,4308,560,2098,1985,0,2343,0
19/04/2022,6358,282,3935,1868,0,1510,0
19/04/2022,9957,761,4166,3328,0,1829,0
19/04/2022,7549,455,3262,2530,0,1265,0
19/04/2022,7658,490,2078,1077,0,2378,0
19/04/2022,10715,523,2853,1704,0,1907,0
19/04/2022,5438,355,4489,4125,0,1687,0
19/04/2022,8774,517,1373,2468,0,1050,0
19/04/2022,4191,510,2494,1381,0,1067,0
19/04/2022,10168,416,2045,1281,0,3266,0
19/04/2022,8927,437,1668,1631,0,2389,0
19/04/2022,6149,302,1247,3209,0,1857,0
19/04/2022,6847,328,2360,2641,0,1542,0
19/04/2022,8061,286,1865,2281,0,2289,0
19/04/2022,7393,397,1694,4271,0,1848,0
20/04/2022,7999,596,2676,2594,0,2433,0
20/04/2022,8355,627,3046,1076,0,2332,0
20/04/2022,9962,463,2211,3591,0,1353,0
20/04/2022,12204,561,1735,2218,0,1946,0
20/04/2022,8256,324,3848,2715,0,2910,0
20/04/2022,6432,447,1271,2376,0,2343,0
20/04/2022,6617,352,2788,2133,0,2430,0
20/04/2022,7982,445,2609,4194,0,1520,0
20/04/2022,7213,478,1647,3771,0,1506,0
20/04/2022,6264,438,2141,2769,0,854,0
20/04/2022,8473,597,2230,3384,0,2302,0
20/04/2022,6724,594,4776,2895,0,1945,0
20/04/2022,8175,648,3963,4026,0,1936,0
20/04/2022,4839,324,2330,3034,0,3194,0
21/04/2022,6911,762,2346,1029,0,1632,0
21/04/2022,4198,577,2893,3409,0,2557,0
21/04/2022,8850,440,4077,1066,0,1340,0
21/04/2022,9553,462,1249,3734,0,2891,0
21/04/2022,7570,466,1416,2655,0,2685,0
21/04/2022,10249,605,2933,1408,0,938,0
21/04/2022,6689,592,3950,4184,0,2547,0
21/04/2022,9869,612,2370,2171,0,1304,0
21/04/2022,8991,562,3490,4190,0,3139,0
21/04/2022,7203,564,2518,1839,0,2796,0
21/04/2022,5898,405,2183,3061,0,1186,0
21/04/2022,5396,308,3171,3493,0,1974,0
21/04/2022,8676,524,4147,1587,0,1360,0
21/04/2022,8815,504,3973,2305,0,2280,0
21/04/2022,10553,819,4356,1599,0,3227,0
22/04/2022,7257,589,2336,3374,0,3393,0
22/04/2022,5492,273,1283,3248,0,1226,0
22/04/2022,7854,297,4298,2524,0,1375,0
22/04/2022,8217,599,2850,1034,0,1003,0
22/04/2022,7110,642,2795,2321,0,1324,0
22/04/2022,9478,566,2085,1513,0,1721,0
22/04/2022,7636,337,1895,988,0,1940,0
22/04/2022,7722,669,1529,4469,0,2391,0
22/04/2022,7529,678,4070,1315,0,2264,0
22/04/2022,8739,686,3010,1225,0,2497,0
22/04/2022,10711,323,1964,3380,0,1440,0
22/04/2022,7708,452,3364,1557,0,909,0
22/04/2022,6387,418,1189,3920,0,1257,0
22/04/2022,6913,826,2866,3989,0,2679,0
22/04/2022,6140,558,1665,3345,0,922,0
23/04/2022,10495,535,3396,2433,0,2438,0
23/04/2022,6999,552,3684,1847,0,1314,0
23/04/2022,4150,634,2904,1946,0,1764,0
23/04/2022,6558,422,2447,1968,0,2051,0
23/04/2022,11242,260,1391,1866,0,2962,0
23/04/2022,5361,462,2543,4559,0,968,0
23/04/2022,7420,293,4220,3058,0,1975,0
23/04/2022,4438,413,2827,2934,0,2402,0
23/04/2022,10524,445,1440,3110,0,1101,0
23/04/2022,6346,389,1581,2856,0,2924,0
23/04/2022,6869,434,1718,3343,0,2138,0
23/04/2022,6916,635,2333,2856,0,3059,0
23/04/2022,4307,486,1703,2396,0,2045,0
23/04/2022,4280,413,2973,1869,0,1598,0
23/04/2022,9378,676,1413,2942,0,2105,0
24/04/2022,6476,616,2211,2272,0,916,0
24/04/2022,5630,514,3786,2075,0,1791,0
24/04/2022,9218,405,1415,4870,0,1619,0
24/04/2022,6715,702,1297,3594,0,2859,0
24/04/2022,10309,415,1403,2161,0,1394,0
24/04/2022,8348,358,2340,1623,0,2974,0
24/04/2022,7448,725,2417,1839,0,972,0
24/04/2022,7459,383,3477,3550,0,3056,0
24/04/2022,6948,608,1993,1837,0,1469,0
24/04/2022,3939,675,2001,1123,0,1071,0
24/04/2022,8513,486,3186,3305,0,1623,0
24/04/2022,8330,575,3567,1439,0,2247,0
24/04/2022,10257,493,1496,1430,0,2003,0
24/04/2022,6237,338,1630,1752,0,2622,0
25/04/2022,6920,666,2605,1331,0,2661,0
25/04/2022,4964,534,3065,2361,0,1288,0
25/04/2022,7451,669,3027,2279,0,1732,0
25/04/2022,7686,377,1961,2176,0,1755,0
25/04/2022,7867,621,2998,1489,0,1837,0
25/04/2022,5096,641,1880,1521,0,2114,0
25/04/2022,8380,366,3147,1846,0,1674,0
25/04/2022,10171,546,2913,1586,0,2143,0
25/04/2022,6447,336,1400,3115,0,2556,0
25/04/2022,6946,379,3156,2589,0,1991,0
25/04/2022,4458,474,2197,3418,0,3028,0
25/04/2022,7369,432,2520,2159,0,2674,0
25/04/2022,9290,358,1224,2675,0,1923,0
25/04/2022,8085,433,1639,2348,0,1730,0
25/04/2022,5716,625,2077,2508,0,3191,0
26/04/2022,6052,456,3465,1536,0,1679,0
26/04/2022,6351,299,1309,3206,0,1877,0
26/04/2022,7270,513,2749,3400,0,2375,0
26/04/2022,4898,582,2858,3822,0,1562,0
26/04/2022,7480,758,1164,2113,0,2322,0
26/04/2022,10139,811,1615,1041,0,1521,0
26/04/2022,11403,505,3012,3374,0,2133,0
26/04/2022,8493,605,3727,3094,0,1149,0
26/04/2022,6089,374,2844,1956,0,986,0
26/04/2022,5329,485,1672,1256,0,1097,0
26/04/2022,6735,764,1046,1097,0,1107,0
26/04/2022,7510,263,3055,1994,0,1437,0
26/04/2022,8887,324,1988,3194,0,3369,0
26/04/2022,9103,449,2659,3556,0,2276,0
26/04/2022,8018,368,1289,1279,0,1346,0
27/04/2022,6729,471,1918,1804,0,1790,0
27/04/2022,6998,342,3268,2012,0,2414,0
27/04/2022,8713,433,3289,2457,0,1684,0
27/04/2022,5373,296,2008,2722,0,1894,0
27/04/2022,7075,418,3601,4024,0,1801,0
27/04/2022,4966,695,1663,3209,0,2562,0
27/04/2022,9019,385,2322,3010,0,2692,0
27/04/2022,9601,439,2508,3188,0,1565,0
27/04/2022,5478,483,1540,2063,0,2060,0
27/04/2022,5608,397,2733,1162,0,1219,0
27/04/2022,7289,681,2316,1073,0,2665,0
27/04/2022,10791,483,1610,2077,0,2030,0
27/04/2022,7801,415,1974,3671,0,2086,0
27/04/2022,8564,472,1747,2364,0,2004,0
27/04/2022,11250,278,2871,1655,0,2382,0
28/04/2022,9893,374,3585,2877,0,1427,0
28/04/2022,5233,539,1220,1457,0,2666,0
28/04/2022,8543,437,2677,3482,0,1084,0
28/04/2022,8514,557,1355,4621,0,1841,0
28/04/2022,10297,537,2096,4377,0,2963,0
28/04/2022,9045,377,1885,1141,0,2766,0
28/04/2022,10755,785,1505,2679,0,1757,0
28/04/2022,6548,509,3986,2458,0,1691,0
28/04/2022,8808,502,2624,2414,0,944,0
28/04/2022,7990,698,1043,3708,0,3671,0
28/04/2022,8363,447,1901,2536,0,2416,0
28/04/2022,8916,591,2964,1244,0,2337,0
28/04/2022,8444,399,1025,4081,0,786,0
28/04/2022,9770,324,2961,2863,0,782,0
28/04/2022,6026,668,1591,2960,0,1737,0
29/04/2022,8183,568,4302,1843,0,3268,0
29/04/2022,6054,385,1014,3755,0,1951,0
29/04/2022,7668,420,1799,3038,0,2742,0
29/04/2022,7446,664,3580,3064,0,1928,0
29/04/2022,8435,583,1219,2536,0,2927,0
29/04/2022,7526,510,2561,2799,0,1186,0
29/04/2022,10383,660,1267,3780,0,1915,0
29/04/2022,6338,268,3508,1322,0,2536,0
29/04/2022,9890,439,1478,1539,0,1729,0
29/04/2022,7035,467,1072,3695,0,2280,0
29/04/2022,4284,500,3121,3702,0,2494,0
29/04/2022,4845,332,1219,1351,0,1633,0
29/04/2022,4088,456,1526,2595,0,1428,0
29/04/2022,10159,415,2349,985,0,2175,0
29/04/2022,4882,357,2623,1217,0,2393,0
30/04/2022,6514,353,3768,1897,0,1944,0
30/04/2022,4527,422,4281,1678,0,1990,0
30/04/2022,4422,555,2065,1695,0,1294,0
30/04/2022,5317,533,2876,4446,0,1723,0
30/04/2022,8176,712,3762,2393,0,3447,0
30/04/2022,6589,488,4149,1295,0,3110,0
30/04/2022,5150,355,1945,1880,0,3004,0
30/04/2022,5466,498,2809,2386,0,1954,0
30/04/2022,6526,699,2771,1393,0,3443,0
30/04/2022,8461,619,3101,1931,0,846,0
30/04/2022,8059,505,1992,1017,0,2414,0
30/04/2022,8682,270,2163,3615,0,1413,0
30/04/2022,5359,586,805,2902,0,1989,0
30/04/2022,5726,505,2864,3608,0,1718,0
30/04/2022,8744,653,4028,2066,0,1257,0
16/05/2022,5210,498,1285,3822,0,1332,0
16/05/2022,8608,405,1737,3952,0,1570,0
16/05/2022,7614,437,1185,2987,0,1234,0
16/05/2022,7015,458,4331,3417,0,1514,0
16/05/2022,7455,494,1173,2590,0,2092,0
16/05/2022,10206,317,1456,1473,0,3171,0
16/05/2022,8065,681,3458,2471,0,3188,0
16/05/2022,11271,525,1115,2342,0,1661,0
16/05/2022,5791,589,3351,3075,0,2587,0
16/05/2022,6772,432,1697,1188,0,2138,0
16/05/2022,4592,586,2675,2976,0,1072,0
16/05/2022,8102,509,3445,1202,0,1536,0
16/05/2022,4791,488,1025,3079,0,1929,0
17/05/2022,8542,362,1357,1174,0,3085,0
17/05/2022,5599,383,1050,2851,0,1656,0
17/05/2022,7906,775,2851,3210,0,2219,0
17/05/2022,5457,265,1342,1316,0,2387,0
17/05/2022,6737,375,918,2107,0,1963,0
17/05/2022,7528,461,2220,1144,0,1937,0
17/05/2022,6290,598,1051,3218,0,1797,0
17/05/2022,6617,283,2685,1176,0,1468,0
17/05/2022,8375,307,2193,3848,0,2533,0
17/05/2022,7839,843,2073,2693,0,3072,0
17/05/2022,7083,538,2186,2238,0,1889,0
17/05/2022,8429,342,3057,3170,0,2053,0
17/05/2022,6217,577,1819,4660,0,1638,0
17/05/2022,6467,365,934,1424,0,1875,0
17/05/2022,6755,628,869,2291,0,3225,0
18/05/2022,8222,295,1678,2735,0,1022,0
18/05/2022,5735,567,2770,3397,0,1981,0
18/05/2022,11282,460,3789,2311,0,1359,0
18/05/2022,7785,807,3270,2293,0,1787,0
18/05/2022,7289,347,1832,2142,0,1113,0
18/05/2022,5947,378,1711,2473,0,2619,0
18/05/2022,5751,823,2773,2695,0,1331,0
18/05/2022,8603,551,1885,3093,0,1278,0
18/05/2022,10160,381,4527,2026,0,1691,0
18/05/2022,6290,613,1674,2657,0,1125,0
18/05/2022,5431,400,1194,4198,0,1303,0
18/05/2022,11347,505,3024,1985,0,1327,0
18/05/2022,8449,442,1978,2011,0,2185,0
18/05/2022,8098,440,1569,3449,0,2194,0
18/05/2022,9636,509,1301,2722,0,1254,0
19/05/2022,7581,549,4132,2882,0,3346,0
19/05/2022,6058,520,3607,2537,0,2115,0
19/05/2022,4206,325,2738,1149,0,2413,0
19/05/2022,9000,492,1082,1735,0,2371,0
19/05/2022,11414,820,3456,3683,0,1288,0
19/05/2022,9690,519,1780,1040,0,3558,0
19/05/2022,6826,352,2511,2822,0,2837,0
19/05/2022,7520,488,2087,1242,0,1181,0
19/05/2022,8731,579,2071,1781,0,2763,0
19/05/2022,5171,562,4554,3682,0,1404,0
19/05/2022,10883,407,2851,4361,0,1179,0
19/05/2022,5091,570,3564,3553,0,1602,0
19/05/2022,5295,781,3188,3278,0,1775,0
19/05/2022,5909,587,2071,2196,0,2437,0
19/05/2022,5917,630,3217,2202,0,1867,0
20/05/2022,6113,643,2000,4180,0,913,0
20/05/2022,4379,303,2077,2417,0,2424,0
20/05/2022,11416,608,2551,2445,0,1469,0
20/05/2022,7048,758,4638,1987,0,1442,0
20/05/2022,7782,407,3702,1055,0,2927,0
20/05/2022,5891,507,4452,2485,0,1943,0
20/05/2022,7268,550,1034,4902,0,2664,0
20/05/2022,11507,285,2592,1413,0,2772,0
20/05/2022,5732,849,2408,2006,0,999,0
20/05/2022,11359,650,2076,2236,0,2975,0
20/05/2022,5341,379,2307,2666,0,1393,0
20/05/2022,6382,547,1675,2973,0,2188,0
20/05/2022,7626,363,2216,2542,0,1620,0
20/05/2022,9835,349,3389,3122,0,2692,0
20/05/2022,7057,439,2155,3261,0,1660,0
21/05/2022,10467,760,3999,3522,0,2740,0
21/05/2022,8085,350,2121,4431,0,1545,0
21/05/2022,10814,506,1287,3512,0,1541,0
21/05/2022,6999,601,1374,1645,0,1251,0
21/05/2022,8036,581,1832,3086,0,1474,0
21/05/2022,6581,513,1798,3484,0,2573,0
21/05/2022,6485,377,3830,4111,0,1750,0
21/05/2022,10977,345,2834,2935,0,3642,0
21/05/2022,8843,626,1437,1387,0,1010,0
21/05/2022,4453,639,2506,2438,0,1484,0
21/05/2022,10174,615,3027,4430,0,1508,0
21/05/2022,9377,392,2387,2244,0,1798,0
21/05/2022,7161,412,1697,1994,0,1656,0
21/05/2022,9151,380,1631,1120,0,1247,0
21/05/2022,4580,644,2977,4070,0,2089,0
22/05/2022,7929,625,1618,3609,0,1246,0
22/05/2022,8039,437,2173,2746,0,2017,0
22/05/2022,7022,801,984,2102,0,2308,0
22/05/2022,5211,546,1941,2124,0,3041,0
22/05/2022,8838,506,3402,1363,0,2356,0
22/05/2022,8056,487,3540,1045,0,2814,0
22/05/2022,7322,544,3773,1109,0,1517,0
22/05/2022,9331,677,1843,1211,0,2516,0
22/05/2022,6985,640,1454,2587,0,3085,0
22/05/2022,4968,460,1814,1824,0,1581,0
22/05/2022,5243,615,3663,1758,0,1824,0
22/05/2022,7756,419,1792,3439,0,2505,0
22/05/2022,8151,654,2264,2335,0,2116,0
23/05/2022,6442,645,2185,2002,0,2077,0
23/05/2022,6999,293,2398,4036,0,2563,0
23/05/2022,8386,496,3153,2917,0,2233,0
23/05/2022,9588,716,1993,2373,0,2764,0
23/05/2022,5989,574,3507,3160,0,1274,0
23/05/2022,7804,633,2258,1713,0,3585,0
23/05/2022,5428,774,3450,1720,0,2704,0
23/05/2022,7123,420,1633,3675,0,2053,0
23/05/2022,8403,402,2687,2894,0,2155,0
23/05/2022,6591,448,4081,2593,0,1573,0
23/05/2022,7701,543,2304,2000,0,2444,0
23/05/2022,7395,409,2638,2359,0,2228,0
23/05/2022,5641,448,2485,1187,0,3448,0
23/05/2022,8291,495,2764,3953,0,3558,0
23/05/2022,6115,515,4595,3032,0,1480,0
24/05/2022,7352,849,890,3468,0,1097,0
24/05/2022,10728,750,2725,1805,0,1140,0
24/05/2022,10188,631,2254,2250,0,2386,0
24/05/2022,6756,370,1530,3074,0,2866,0
24/05/2022,9022,444,1797,1530,0,1794,0
24/05/2022,7347,246,1549,2866,0,2602,0
24/05/2022,6778,445,3108,3716,0,2813,0
24/05/2022,8091,430,1452,3272,0,1708,0
24/05/2022,6503,482,2639,1396,0,2474,0
24/05/2022,5581,528,2464,1981,0,2185,0
24/05/2022,10026,313,3120,1512,0,2386,0
24/05/2022,9145,408,2397,4094,0,1507,0
24/05/2022,5164,590,1333,3007,0,2105,0
24/05/2022,10507,571,1500,4621,0,1298,0
24/05/2022,5914,350,1493,1776,0,2044,0
25/05/2022,8377,457,2702,2593,0,2909,0
25/05/2022,7022,468,2503,3941,0,1623,0
25/05/2022,5216,339,4509,1437,0,2178,0
25/05/2022,8446,816,1713,4359,0,1297,0
25/05/2022,8762,704,2371,4235,0,2298,0
25/05/2022,9616,316,1242,4124,0,1636,0
25/05/2022,11031,311,1735,2192,0,1738,0
25/05/2022,8769,592,1563,3317,0,2002,0
25/05/2022,7180,568,3220,1861,0,940,0
25/05/2022,9837,288,804,1850,0,1103,0
25/05/2022,6886,480,2295,4363,0,1537,0
25/05/2022,5258,671,1912,2155,0,2688,0
25/05/2022,6420,391,1118,2484,0,2421,0
25/05/2022,8439,272,1437,2464,0,1766,0
26/05/2022,8901,578,2652,3104,0,2325,0
26/05/2022,4714,602,2149,2463,0,1566,0
26/05/2022,8333,557,2185,1980,0,2200,0
26/05/2022,8188,469,3447,3184,0,2378,0
26/05/2022,4566,593,2030,2112,0,1668,0
26/05/2022,4734,430,2992,1125,0,2957,0
26/05/2022,6374,709,4666,2158,0,3476,0
26/05/2022,8257,529,2247,3366,0,1478,0
26/05/2022,5006,465,2064,1677,0,1578,0
26/05/2022,6872,627,2002,2273,0,2605,0
26/05/2022,7268,289,3467,1772,0,2810,0
26/05/2022,7434,815,4313,4203,0,2386,0
26/05/2022,6848,722,4268,2993,0,1292,0
26/05/2022,8844,606,1361,3031,0,1080,0
26/05/2022,10561,257,3212,1052,0,2272,0
27/05/2022,9062,656,3716,1054,0,1333,0
27/05/2022,6091,342,1855,3706,0,1123,0
27/05/2022,6198,690,2691,3022,0,2957,0
27/05/2022,8325,677,2095,2338,0,2224,0
27/05/2022,8035,474,1861,3058,0,1964,0
27/05/2022,5479,408,3474,2066,0,2585,0
27/05/2022,8318,508,3234,2098,0,2529,0
27/05/2022,5356,692,3248,3908,0,1352,0
27/05/2022,6920,310,4793,1380,0,2276,0
27/05/2022,10346,634,2104,2443,0,2277,0
27/05/2022,7138,480,1613,1250,0,2123,0
27/05/2022,6368,443,2184,3488,0,984,0
27/05/2022,5588,455,2857,2170,0,2866,0
27/05/2022,9309,570,1139,3017,0,1999,0
27/05/2022,4282,608,4509,1985,0,1644,0
28/05/2022,6647,566,4054,2918,0,2186,0
28/05/2022,4825,434,2704,1774,0,1644,0
28/05/2022,6162,365,4004,2501,0,1053,0
28/05/2022,6116,554,4068,1961,0,1882,0
28/05/2022,8095,676,4002,1702,0,1174,0
28/05/2022,8193,574,2351,1287,0,1968,0
28/05/2022,7959,502,956,3057,0,1306,0
28/05/2022,6112,726,4301,3649,0,957,0
28/05/2022,7009,370,2095,1447,0,2812,0
28/05/2022,5435,261,2961,1333,0,1765,0
28/05/2022,7229,623,1071,1969,0,1179,0
28/05/2022,6301,548,906,2068,0,1986,0
28/05/2022,7976,399,3469,1788,0,2733,0
28/05/2022,6482,483,3508,3916,0,2954,0
28/05/2022,6944,451,2051,3572,0,2487,0
29/05/2022,10575,520,2762,3950,0,3162,0
29/05/2022,8739,430,3205,4625,0,1034,0
29/05/2022,5479,535,3043,2139,0,2961,0
29/05/2022,9053,434,944,1643,0,2497,0
29/05/2022,6147,534,2852,1318,0,1779,0
29/05/2022,7454,286,4299,2362,0,1731,0
29/05/2022,5591,374,2373,2438,0,1873,0
29/05/2022,5453,591,2404,3264,0,2410,0
29/05/2022,4973,469,2415,3330,0,2199,0
29/05/2022,7190,415,1812,1871,0,2566,0
29/05/2022,5868,608,1131,2282,0,1075,0
29/05/2022,7516,483,1663,1558,0,2570,0
29/05/2022,7085,409,2313,1725,0,1596,0
29/05/2022,6467,544,1942,2873,0,2486,0
29/05/2022,7070,504,3317,3917,0,2855,0
30/05/2022,8712,294,2912,948,0,1220,0
30/05/2022,5632,343,3339,2023,0,2726,0
30/05/2022,7579,537,2128,4307,0,1113,0
30/05/2022,5932,533,1992,2161,0,884,0
30/05/2022,10430,391,2517,2634,0,1131,0
30/05/2022,8953,581,1427,1797,0,1465,0
30/05/2022,6229,461,1312,4065,0,2254,0
30/05/2022,6496,402,1267,1204,0,2345,0
30/05/2022,6056,578,1852,2534,0,1047,0
30/05/2022,8982,411,1377,2814,0,2517,0
30/05/2022,8943,502,3194,4043,0,1702,0
30/05/2022,5498,462,1618,3602,0,1815,0
30/05/2022,8837,320,2821,2110,0,797,0
30/05/2022,5730,314,2964,2526,0,2415,0
30/05/2022,8504,458,2797,3418,0,2711,0
31/05/2022,7366,397,1391,3340,0,1848,0
31/05/2022,8132,254,1429,2627,0,2289,0
31/05/2022,7912,518,2777,3494,0,3267,0
31/05/2022,6408,506,1507,2620,0,2972,0
31/05/2022,7174,705,2672,3439,0,2151,0
31/05/2022,6836,377,1320,3225,0,1332,0
31/05/2022,8693,554,885,2257,0,1787,0
31/05/2022,6243,507,2271,2407,0,2449,0
31/05/2022,7777,309,2615,1361,0,1975,0
31/05/2022,8984,323,2081,1851,0,2593,0
31/05/2022,7424,525,986,3016,0,1708,0
31/05/2022,7454,533,3249,3376,0,1302,0
31/05/2022,6459,429,1814,1674,0,1612,0
31/05/2022,7144,343,3706,1711,0,2116,0
31/05/2022,10997,614,2479,1651,0,1845,0
01/06/2022,9251,753,904,2879,0,1872,0
01/06/2022,4906,460,2521,1892,0,1683,0
01/06/2022,7081,537,3124,1270,0,2554,0
01/06/2022,7543,464,1625,3128,0,1149,0
01/06/2022,7775,527,4223,3082,0,1829,0
01/06/2022,4879,371,1811,1368,0,1447,0
01/06/2022,6977,467,2900,2634,0,1753,0
01/06/2022,4405,446,880,1520,0,2062,0
01/06/2022,5769,401,1871,1434,0,1816,0
01/06/2022,9349,461,1236,2028,0,2453,0
01/06/2022,10692,736,1444,2545,0,2533,0
01/06/2022,4760,355,1248,3745,0,2597,0
01/06/2022,5712,360,1018,1526,0,2428,0
01/06/2022,5703,738,1950,2904,0,1563,0
01/06/2022,6548,710,2016,2634,0,1952,0
02/06/2022,5487,641,3401,2294,0,1829,0
02/06/2022,10871,343,1229,2430,0,2231,0
02/06/2022,6396,266,4093,2456,0,2504,0
02/06/2022,7813,580,1922,3172,0,2155,0
02/06/2022,7794,509,2157,1202,0,3243,0
02/06/2022,4290,715,2658,3782,0,1493,0
02/06/2022,6405,267,4557,1534,0,2097,0
02/06/2022,6922,526,1393,2785,0,2445,0
02/06/2022,6030,292,3087,2938,0,2690,0
02/06/2022,6987,397,3156,1340,0,1900,0
02/06/2022,5517,668,1750,1431,0,3358,0
02/06/2022,6600,390,2939,2515,0,2692,0
02/06/2022,5880,373,3504,3088,0,2803,0
02/06/2022,7166,715,1160,2926,0,3219,0
03/06/2022,8433,524,2515,984,0,1186,0
03/06/2022,7839,446,3511,2717,0,2644,0
03/06/2022,6910,347,2434,1798,0,2222,0
03/06/2022,5539,504,2013,2501,0,1328,0
03/06/2022,8892,455,1124,3510,0,2963,0
03/06/2022,9060,438,3390,2867,0,2175,0
03/06/2022,5780,409,3392,3761,0,1768,0
03/06/2022,6548,736,3007,2373,0,2683,0
03/06/2022,6370,440,1713,1907,0,1477,0
03/06/2022,4232,764,1239,1561,0,2591,0
03/06/2022,8401,602,4768,3049,0,2478,0
03/06/2022,10612,624,3023,3941,0,1660,0
03/06/2022,7811,473,3175,2565,0,3355,0
03/06/2022,7120,439,2770,986,0,2181,0
03/06/2022,6481,372,3656,969,0,2038,0
04/06/2022,8418,653,1822,1753,0,1354,0
04/06/2022,10576,811,3587,2948,0,3046,0
04/06/2022,5880,565,1325,4286,0,2202,0
04/06/2022,5972,513,1326,3164,0,1158,0
04/06/2022,12129,456,2305,2242,0,1991,0
04/06/2022,6433,819,3222,1076,0,2934,0
04/06/2022,7906,457,2568,1184,0,2943,0
04/06/2022,8531,662,3886,1289,0,1659,0
04/06/2022,5950,337,2044,2269,0,2134,0
04/06/2022,5024,343,1347,1655,0,1303,0
04/06/2022,7631,518,3941,2593,0,1576,0
04/06/2022,5550,353,3494,3203,0,1935,0
04/06/2022,5868,356,2072,1669,0,3376,0
04/06/2022,9891,438,1614,2321,0,2421,0
05/06/2022,9647,253,1969,3893,0,1606,0
05/06/2022,6560,562,1918,1371,0,1410,0
05/06/2022,7220,674,2143,1323,0,2645,0
05/06/2022,8721,378,1207,1450,0,1316,0
05/06/2022,6970,360,2747,1697,0,2364,0
05/06/2022,10355,407,1266,3338,0,2985,0
05/06/2022,7620,555,4362,1811,0,2320,0
05/06/2022,5167,543,1936,2037,0,1351,0
05/06/2022,6816,738,2612,1911,0,1881,0
05/06/2022,6535,374,2693,3870,0,1273,0
05/06/2022,6270,334,2012,3876,0,3182,0
05/06/2022,5269,525,2842,1753,0,2342,0
05/06/2022,10912,430,1656,3893,0,2133,0
05/06/2022,7315,352,2811,3367,0,2014,0
06/06/2022,5158,329,2677,906,0,1286,0
06/06/2022,8185,487,1702,2179,0,2064,0
06/06/2022,10991,412,2496,2136,0,2514,0
06/06/2022,6387,693,2125,2579,0,2543,0
06/06/2022,6954,399,3135,807,0,1614,0
06/06/2022,5317,498,2840,2929,0,2626,0
06/06/2022,11150,363,1781,1057,0,1516,0
06/06/2022,10043,426,3680,1151,0,2307,0
06/06/2022,7446,402,1533,1711,0,1771,0
06/06/2022,7641,547,2237,4117,0,2346,0
06/06/2022,10234,529,2569,2360,0,2413,0
06/06/2022,9884,314,1564,4844,0,1045,0
06/06/2022,6039,758,1942,3114,0,2866,0
06/06/2022,9788,757,3050,2472,0,1886,0
06/06/2022,8648,702,3974,2398,0,1967,0
07/06/2022,7932,732,2959,1354,0,2451,0
07/06/2022,8514,610,1729,4558,0,1280,0
07/06/2022,4952,731,2287,1470,0,2072,0
07/06/2022,8975,396,1925,2863,0,2977,0
07/06/2022,11074,379,2930,3671,0,1095,0
07/06/2022,6296,466,3310,1327,0,3318,0
07/06/2022,7956,605,906,2010,0,1957,0
07/06/2022,6444,521,2755,3388,0,2205,0
07/06/2022,7592,822,3172,2402,0,2778,0
07/06/2022,4131,649,2401,2130,0,1293,0
07/06/2022,7402,373,3254,1354,0,2392,0
07/06/2022,8637,535,2768,1848,0,2986,0
07/06/2022,6950,594,1984,3532,0,2645,0
07/06/2022,7553,527,3002,1393,0,2069,0
07/06/2022,8794,495,3934,2569,0,2025,0
08/06/2022,6547,692,2273,2286,0,1211,0
08/06/2022,5165,520,4531,1889,0,2323,0
08/06/2022,11125,389,2552,1220,0,2274,0
08/06/2022,7353,318,3418,2023,0,3074,0
08/06/2022,8747,357,1046,3155,0,3042,0
08/06/2022,8861,427,1582,1361,0,2268,0
08/06/2022,5755,321,2299,4198,0,2349,0
08/06/2022,6800,522,4094,3544,0,1512,0
08/06/2022,4145,560,1498,4238,0,2171,0
08/06/2022,7502,588,3583,2112,0,1407,0
08/06/2022,9835,487,2913,1851,0,2713,0
08/06/2022,5378,495,2273,4603,0,2575,0
08/06/2022,7816,447,1202,4576,0,2028,0
08/06/2022,7609,795,4308,1839,0,2188,0
08/06/2022,9826,735,3036,2273,0,1927,0
09/06/2022,8142,640,2341,2179,0,2692,0
09/06/2022,10370,313,1578,1878,0,2669,0
09/06/2022,8678,645,3176,4646,0,2843,0
09/06/2022,5025,701,2949,1275,0,2849,0
09/06/2022,8141,551,3464,2073,0,1203,0
09/06/2022,7600,611,1493,2125,0,2100,0
09/06/2022,8108,361,3205,4263,0,1249,0
09/06/2022,7331,585,3056,961,0,2101,0
09/06/2022,7702,641,2217,4078,0,1462,0
09/06/2022,6297,380,1016,1394,0,1898,0
09/06/2022,7012,485,2555,3910,0,1759,0
09/06/2022,9134,646,3757,2485,0,1666,0
09/06/2022,11292,692,1323,1655,0,1148,0
09/06/2022,9637,636,2703,1680,0,1185,0
09/06/2022,9319,368,970,3212,0,2221,0
10/06/2022,5289,254,3398,4873,0,1893,0
10/06/2022,4750,287,3006,1021,0,2844,0
10/06/2022,8055,765,3302,2562,0,2649,0
10/06/2022,10694,577,4115,1859,0,2500,0
10/06/2022,8760,235,3650,3720,0,2566,0
10/06/2022,10016,371,1913,1286,0,1073,0
10/06/2022,5953,677,3481,2806,0,2490,0
10/06/2022,6772,383,1628,1914,0,3122,0
10/06/2022,5093,458,1130,3346,0,2478,0
10/06/2022,7868,275,2048,1969,0,1288,0
10/06/2022,8219,614,2834,3594,0,1218,0
10/06/2022,7803,476,1045,2018,0,2716,0
10/06/2022,8160,485,1790,2748,0,1100,0
10/06/2022,6423,576,2733,2583,0,2556,0
10/06/2022,9775,530,3114,3163,0,2823,0
11/06/2022,4744,497,1791,3731,0,1640,0
11/06/2022,8487,346,2758,3539,0,2506,0
11/06/2022,7806,595,935,4187,0,1735,0
11/06/2022,6592,546,3142,2398,0,3567,0
11/06/2022,9937,624,2137,2669,0,1584,0
11/06/2022,7081,443,4051,1797,0,2386,0
11/06/2022,7845,408,1635,3666,0,2275,0
11/06/2022,9624,330,2918,2855,0,926,0
11/06/2022,10069,422,3056,2453,0,1312,0
11/06/2022,5089,584,2258,4771,0,1619,0
11/06/2022,8778,419,1036,851,0,2247,0
11/06/2022,10531,737,1593,1592,0,1287,0
11/06/2022,9343,403,1336,1477,0,1084,0
11/06/2022,6071,419,3763,2383,0,2577,0
11/06/2022,5383,471,3142,2250,0,2592,0
12/06/2022,4813,628,1325,924,0,2688,0
12/06/2022,6489,432,1755,3815,0,1665,0
12/06/2022,8258,483,1370,1270,0,2586,0
12/06/2022,8663,464,1688,1947,0,2211,0
12/06/2022,8132,490,1238,1027,0,1671,0
12/06/2022,4776,464,1142,3681,0,2852,0
12/06/2022,6557,323,2976,1631,0,2556,0
12/06/2022,9237,348,1346,947,0,3295,0
12/06/2022,7829,282,2022,1689,0,1629,0
12/06/2022,9249,294,2644,3694,0,2389,0
12/06/2022,5636,620,1433,1711,0,3578,0
12/06/2022,6053,389,3776,3230,0,1732,0
12/06/2022,8447,393,1998,2006,0,1744,0
12/06/2022,7607,262,3088,3776,0,1411,0
12/06/2022,5797,401,3815,949,0,1744,0
13/06/2022,7865,681,3359,2254,0,2220,0
13/06/2022,6634,684,2386,3394,0,3272,0
13/06/2022,4583,453,1573,4039,0,2748,0
13/06/2022,6657,517,3736,1683,0,1214,0
13/06/2022,5417,565,2933,1950,0,934,0
13/06/2022,4573,592,4518,3743,0,2548,0
13/06/2022,7675,672,1075,2870,0,2106,0
13/06/2022,8267,491,3354,1118,0,2057,0
13/06/2022,5439,411,2583,1841,0,2437,0
13/06/2022,9630,606,3589,2944,0,996,0
13/06/2022,5063,483,1481,2767,0,1324,0
13/06/2022,5125,617,1678,3866,0,2194,0
13/06/2022,7349,402,2585,3245,0,3291,0
13/06/2022,12329,713,901,3994,0,1588,0
13/06/2022,7324,355,2624,3053,0,2210,0
14/06/2022,9001,542,4018,3279,0,1070,0
14/06/2022,5811,546,2183,1550,0,1872,0
14/06/2022,8880,440,4210,2584,0,2566,0
14/06/2022,4475,525,2717,2622,0,1526,0
14/06/2022,8792,531,2418,3789,0,3443,0
14/06/2022,9078,705,2660,3865,0,1837,0
14/06/2022,8509,599,3123,2575,0,1303,0
14/06/2022,10140,675,3483,4690,0,1345,0
14/06/2022,6259,495,1039,1211,0,2399,0
14/06/2022,10917,716,2702,978,0,945,0
14/06/2022,8725,449,3157,1247,0,2530,0
14/06/2022,4419,601,2170,3168,0,2314,0
14/06/2022,5035,287,3051,4574,0,1897,0
14/06/2022,6476,648,4184,2733,0,2120,0
15/06/2022,7806,736,3362,4020,0,1534,0
15/06/2022,9249,582,2332,871,0,2200,0
15/06/2022,9808,726,3213,2691,0,1010,0
15/06/2022,9218,423,3251,1759,0,2958,0
15/06/2022,6793,308,3646,1424,0,2207,0
15/06/2022,6773,579,2993,1625,0,1417,0
15/06/2022,11630,361,2800,1570,0,1923,0
15/06/2022,9910,638,3429,4109,0,1424,0
15/06/2022,4879,832,4521,2365,0,2599,0
15/06/2022,6542,513,1881,1702,0,1199,0
15/06/2022,8183,631,1946,1521,0,1563,0
15/06/2022,5583,380,2335,1647,0,2012,0
15/06/2022,6795,429,1179,2971,0,2305,0
15/06/2022,9691,492,2491,4517,0,3149,0
15/06/2022,6427,567,1804,1741,0,1893,0
16/06/2022,7824,671,2792,2080,0,2356,0
16/06/2022,10644,469,1425,3506,0,2378,0
16/06/2022,5446,471,3129,1649,0,2116,0
16/06/2022,8020,371,1498,1752,0,863,0
16/06/2022,5444,325,1928,1748,0,2601,0
16/06/2022,5827,596,1144,3308,0,2183,0
16/06/2022,8373,665,4059,1168,0,1242,0
16/06/2022,6160,401,2375,2768,0,2118,0
16/06/2022,8406,336,3032,2619,0,3112,0
16/06/2022,10658,721,3841,2234,0,2035,0
16/06/2022,8626,566,1079,1353,0,1174,0
16/06/2022,9386,300,3465,944,0,1355,0
16/06/2022,6282,472,1430,3229,0,2044,0
16/06/2022,7634,366,3824,3136,0,3510,0
17/06/2022,10186,275,2161,2999,0,1201,0
17/06/2022,6244,404,1626,2735,0,2038,0
17/06/2022,8572,489,1622,1805,0,1937,0
17/06/2022,4575,424,1371,3763,0,1706,0
17/06/2022,8850,613,2601,2988,0,2347,0
17/06/2022,5286,396,3212,1741,0,2263,0
17/06/2022,8128,409,3723,4584,0,2295,0
17/06/2022,9840,396,1657,999,0,1352,0
17/06/2022,8522,613,3360,1504,0,3335,0
17/06/2022,7839,596,2986,3996,0,2644,0
17/06/2022,5391,628,2910,2401,0,1246,0
17/06/2022,7614,642,2410,3884,0,1086,0
17/06/2022,5579,501,2571,1032,0,1626,0
17/06/2022,6342,446,3410,2094,0,1441,0
17/06/2022,5915,440,2777,2977,0,1187,0
18/06/2022,6689,353,2148,4943,0,1103,0
18/06/2022,6288,770,4583,2945,0,1331,0
18/06/2022,6363,320,1218,2720,0,2208,0
18/06/2022,7240,597,3537,3740,0,1281,0
18/06/2022,7619,409,2670,1268,0,1112,0
18/06/2022,8202,568,3747,2138,0,1737,0
18/06/2022,9184,586,3879,1672,0,1300,0
18/06/2022,5763,336,3226,2600,0,2947,0
18/06/2022,6882,546,1270,1682,0,1278,0
18/06/2022,7652,351,974,2765,0,1685,0
18/06/2022,9490,790,3242,2203,0,3402,0
18/06/2022,7043,743,1992,3052,0,1292,0
18/06/2022,7924,603,2746,1724,0,1561,0
18/06/2022,11504,527,2278,3353,0,1322,0
18/06/2022,6016,343,2882,1367,0,2240,0
19/06/2022,4184,611,2439,3396,0,1606,0
19/06/2022,5927,410,1781,2117,0,2902,0
19/06/2022,5121,254,1391,3728,0,3314,0
19/06/2022,7587,522,4007,1064,0,2426,0
19/06/2022,9367,671,1609,3311,0,2368,0
19/06/2022,10732,343,1425,3555,0,2099,0
19/06/2022,5426,331,3188,2466,0,2931,0
19/06/2022,5738,543,1810,1380,0,2432,0
19/06/2022,7681,432,2997,2600,0,2021,0
19/06/2022,11998,409,1937,2394,0,2476,0
19/06/2022,6314,550,3329,1351,0,2703,0
19/06/2022,8779,592,1170,2378,0,2126,0
19/06/2022,8947,711,1260,3749,0,2519,0
19/06/2022,9808,777,2543,3630,0,2148,0
20/06/2022,6046,396,1362,847,0,1944,0
20/06/2022,5966,550,2360,1263,0,1828,0
20/06/2022,5632,375,2794,4616,0,1520,0
20/06/2022,9330,720,1406,1538,0,2320,0
20/06/2022,7714,361,2000,3387,0,1459,0
20/06/2022,5811,478,2556,3139,0,2397,0
20/06/2022,7194,431,1324,2537,0,2039,0
20/06/2022,6766,306,2428,1377,0,3070,0
20/06/2022,7183,462,2108,2478,0,961,0
20/06/2022,8137,536,2103,2825,0,1964,0
20/06/2022,7192,607,2085,1090,0,2738,0
20/06/2022,6960,324,1352,3962,0,2834,0
20/06/2022,7477,526,1593,3760,0,2521,0
20/06/2022,7226,535,2467,1538,0,2046,0
20/06/2022,7198,524,1461,2514,0,1137,0
21/06/2022,9107,602,1278,1319,0,2426,0
21/06/2022,8210,503,3106,1791,0,2366,0
21/06/2022,6069,297,3326,2384,0,3294,0
21/06/2022,6215,310,1539,2541,0,2615,0
21/06/2022,8249,661,1845,4284,0,2034,0
21/06/2022,5936,388,2587,1537,0,1106,0
21/06/2022,5605,435,3532,3303,0,2044,0
21/06/2022,5175,301,3437,3432,0,1391,0
21/06/2022,7567,359,1470,3551,0,2069,0
21/06/2022,7188,603,2166,3169,0,992,0
21/06/2022,8419,362,1573,1639,0,1425,0
21/06/2022,11564,818,1884,3058,0,1390,0
21/06/2022,5111,423,4086,1545,0,2269,0
21/06/2022,9485,370,2040,1971,0,2913,0
21/06/2022,5026,376,2355,1135,0,2540,0
22/06/2022,9069,808,3289,3210,0,2667,0
22/06/2022,4070,591,2639,1727,0,1595,0
22/06/2022,10425,825,3152,983,0,2097,0
22/06/2022,7380,306,3241,3428,0,2567,0
22/06/2022,8767,395,2179,884,0,1221,0
22/06/2022,10872,516,1582,4413,0,1176,0
22/06/2022,9663,600,3670,4594,0,2235,0
22/06/2022,11481,591,2715,4216,0,1578,0
22/06/2022,10339,387,2179,2896,0,1034,0
22/06/2022,11321,522,3351,1120,0,3484,0
22/06/2022,8609,561,1268,2542,0,3613,0
22/06/2022,5983,286,2937,1066,0,2673,0
22/06/2022,5086,512,3091,1963,0,954,0
22/06/2022,7149,390,2006,3178,0,3147,0
22/06/2022,7797,505,1173,1097,0,1344,0
23/06/2022,9343,699,3405,2030,0,2872,0
23/06/2022,5749,569,3352,939,0,1526,0
23/06/2022,6939,738,2809,2627,0,1632,0
23/06/2022,5455,428,2521,1719,0,3606,0
23/06/2022,5749,804,3484,3232,0,1545,0
23/06/2022,7745,514,2699,4178,0,2048,0
23/06/2022,7177,810,2262,1025,0,2429,0
23/06/2022,4895,554,2605,1680,0,2121,0
23/06/2022,10604,317,3748,2069,0,2197,0
23/06/2022,7676,673,3693,3467,0,1812,0
23/06/2022,4573,576,1894,2308,0,2747,0
23/06/2022,4838,458,4161,3083,0,1904,0
23/06/2022,5037,263,1461,4264,0,1508,0
23/06/2022,9158,283,1354,3053,0,2344,0
24/06/2022,7097,382,4390,2009,0,3095,0
24/06/2022,8445,832,2022,3571,0,2078,0
24/06/2022,4606,486,1204,2469,0,3070,0
24/06/2022,8450,505,2287,3199,0,1088,0
24/06/2022,8129,639,1408,3380,0,1761,0
24/06/2022,5266,409,2926,3022,0,2635,0
24/06/2022,4660,563,4087,2545,0,1922,0
24/06/2022,5681,513,1273,2797,0,1629,0
24/06/2022,7154,361,3344,3964,0,1337,0
24/06/2022,4093,324,2215,3518,0,1667,0
24/06/2022,6809,544,3313,1590,0,3320,0
24/06/2022,11239,589,3201,1084,0,1164,0
24/06/2022,11982,509,3749,1354,0,1228,0
24/06/2022,9702,329,2563,4605,0,1422,0
24/06/2022,6369,434,1744,3458,0,2617,0
25/06/2022,5039,596,2486,3834,0,2073,0
25/06/2022,10733,482,1188,3033,0,1498,0
25/06/2022,10998,400,3007,2700,0,1486,0
25/06/2022,8047,528,2431,1184,0,1262,0
25/06/2022,9708,716,2627,2693,0,2935,0
25/06/2022,8613,408,3275,1436,0,1878,0
25/06/2022,6092,674,2348,3334,0,1609,0
25/06/2022,10820,524,2345,3953,0,2715,0
25/06/2022,8370,427,2603,1566,0,2037,0
25/06/2022,4907,423,4138,1529,0,2356,0
25/06/2022,8292,381,1745,1045,0,3508,0
25/06/2022,7344,364,1748,2103,0,1474,0
25/06/2022,9206,481,3353,1181,0,2011,0
25/06/2022,7206,447,2820,3033,0,3227,0
25/06/2022,4203,516,1197,1687,0,1718,0
26/06/2022,7788,399,4462,3286,0,2100,0
26/06/2022,6419,386,1807,2487,0,1541,0
26/06/2022,8218,544,4287,2521,0,3104,0
26/06/2022,4701,753,1615,2723,0,2586,0
26/06/2022,6569,257,1895,2487,0,2730,0
26/06/2022,10053,567,1863,2439,0,1126,0
26/06/2022,11044,342,3044,2022,0,1025,0
26/06/2022,8600,363,1568,3267,0,2664,0
26/06/2022,6891,611,4123,1860,0,2879,0
26/06/2022,7079,370,4002,2641,0,953,0
26/06/2022,5381,464,3276,1380,0,2612,0
26/06/2022,6665,473,2617,2840,0,2815,0
26/06/2022,9053,572,2435,2054,0,2109,0
26/06/2022,7642,376,1750,1958,0,3282,0
27/06/2022,10319,596,2744,4125,0,1616,0
27/06/2022,6724,746,4435,2062,0,2044,0
27/06/2022,6384,656,1316,3432,0,1136,0
27/06/2022,10158,719,2740,3022,0,2189,0
27/06/2022,4477,410,3339,2139,0,1783,0
27/06/2022,8241,478,3469,3631,0,1892,0
27/06/2022,4016,427,2450,2043,0,1728,0
27/06/2022,5401,495,2450,2486,0,1680,0
27/06/2022,9687,464,932,3883,0,1751,0
27/06/2022,6172,338,1599,3222,0,2383,0
27/06/2022,6519,532,2996,2310,0,2505,0
27/06/2022,8153,377,2934,3526,0,2236,0
27/06/2022,8781,357,2661,1781,0,1528,0
27/06/2022,6153,347,2005,2347,0,1114,0
27/06/2022,7309,403,4734,1797,0,2524,0
28/06/2022,9017,490,3956,3701,0,3316,0
28/06/2022,10494,399,1586,3260,0,1211,0
28/06/2022,8758,370,1939,3864,0,1192,0
28/06/2022,4215,522,1882,4043,0,2814,0
28/06/2022,9346,666,1988,2641,0,2334,0
28/06/2022,8175,501,2020,2843,0,1188,0
28/06/2022,4643,469,2829,2088,0,1030,0
28/06/2022,6342,654,1038,2307,0,1345,0
28/06/2022,6583,416,1765,2500,0,1229,0
28/06/2022,8242,502,2305,2640,0,1986,0
28/06/2022,4974,529,1492,3482,0,2150,0
28/06/2022,5407,487,4373,1969,0,2106,0
28/06/2022,7261,628,3743,3617,0,817,0
28/06/2022,10029,594,4255,1415,0,1620,0
28/06/2022,7141,296,3437,2599,0,2000,0
29/06/2022,4844,591,1141,2665,0,1284,0
29/06/2022,7447,255,2612,3003,0,2141,0
29/06/2022,4025,407,2984,1668,0,1576,0
29/06/2022,7758,521,4564,2715,0,2020,0
29/06/2022,6554,350,2052,1191,0,1894,0
29/06/2022,4056,648,4214,3376,0,1416,0
29/06/2022,5950,429,1512,2539,0,1456,0
29/06/2022,11715,470,1083,3916,0,2735,0
29/06/2022,5369,424,1926,1245,0,2207,0
29/06/2022,5664,440,2204,1256,0,1795,0
29/06/2022,8186,505,2440,3149,0,2086,0
29/06/2022,8624,346,949,1613,0,2214,0
29/06/2022,8693,733,3105,3895,0,3181,0
29/06/2022,6190,396,1388,2083,0,2682,0
29/06/2022,7755,295,4434,2289,0,1262,0
30/06/2022,6574,587,4147,1784,0,1689,0
30/06/2022,7108,460,1642,2873,0,824,0
30/06/2022,7290,355,1334,3185,0,1533,0
30/06/2022,7682,611,1306,3534,0,2784,0
30/06/2022,5799,530,1513,2536,0,2467,0
30/06/2022,7071,631,2862,2021,0,1844,0
30/06/2022,7550,333,1792,4269,0,1625,0
30/06/2022,7285,450,1956,1108,0,1976,0
30/06/2022,6284,574,1608,1764,0,1152,0
30/06/2022,10877,299,1300,2846,0,1154,0
30/06/2022,10320,504,2265,1381,0,1160,0
30/06/2022,7951,445,3175,3305,0,2444,0
30/06/2022,5821,501,4530,3935,0,3133,0
30/06/2022,6348,560,2894,1330,0,1707,0
01/07/2022,6915,417,2042,2649,0,2944,0
01/07/2022,8678,556,2534,3909,0,2448,0
01/07/2022,5201,556,1296,1732,0,2721,0
01/07/2022,9605,453,1617,2248,0,1293,0
01/07/2022,8761,289,3169,3774,0,1661,0
01/07/2022,9404,463,2538,2293,0,2497,0
01/07/2022,7844,381,3623,3773,0,1198,0
01/07/2022,6944,626,3249,3088,0,3190,0
01/07/2022,5736,422,1272,2970,0,2386,0
01/07/2022,7942,651,2001,1449,0,2094,0
01/07/2022,6748,391,2391,1503,0,1156,0
01/07/2022,5458,323,3774,3893,0,2008,0
01/07/2022,11079,390,1596,3584,0,1746,0
01/07/2022,9912,440,2110,3074,0,1091,0
02/07/2022,6899,440,2406,3142,0,1426,0
02/07/2022,6385,810,2913,3846,0,1529,0
02/07/2022,6517,437,3589,2136,0,2050,0
02/07/2022,7639,766,2181,2704,0,1567,0
02/07/2022,7689,602,2884,3645,0,2780,0
02/07/2022,7628,753,2252,4092,0,1777,0
02/07/2022,7430,659,1120,4169,0,1594,0
02/07/2022,6913,558,2822,2397,0,1362,0
02/07/2022,7224,393,2005,3149,0,998,0
02/07/2022,6667,262,2786,2973,0,906,0
02/07/2022,8787,632,1575,3780,0,3013,0
02/07/2022,8752,418,1220,2295,0,2243,0
02/07/2022,8202,547,1675,2372,0,1470,0
02/07/2022,8162,591,3425,1466,0,3008,0
03/07/2022,5943,718,1523,1895,0,2956,0
03/07/2022,9827,743,2033,2983,0,1666,0
03/07/2022,7769,426,1331,1472,0,2646,0
03/07/2022,6951,641,3032,1342,0,3232,0
03/07/2022,7393,426,1269,3526,0,1903,0
03/07/2022,5113,518,2948,3076,0,2934,0
03/07/2022,9224,606,2236,4376,0,3128,0
03/07/2022,10047,423,2244,3279,0,1247,0
03/07/2022,8666,664,3115,1956,0,2305,0
03/07/2022,4918,365,4671,2649,0,2906,0
03/07/2022,9235,488,2801,906,0,1719,0
03/07/2022,9881,378,2395,3068,0,2976,0
03/07/2022,7745,485,1999,1887,0,3052,0
04/07/2022,6627,384,3170,3320,0,2837,0
04/07/2022,10277,795,4175,2369,0,1407,0
04/07/2022,8350,626,2716,3373,0,1137,0
04/07/2022,7487,448,3294,2532,0,1429,0
04/07/2022,7900,389,2395,3619,0,2292,0
04/07/2022,7626,324,2339,2253,0,2174,0
04/07/2022,6598,750,2477,1096,0,1571,0
04/07/2022,9465,264,3144,2734,0,2395,0
04/07/2022,8819,375,2228,1018,0,946,0
04/07/2022,6434,414,2094,2977,0,2471,0
04/07/2022,11020,473,2956,1583,0,1636,0
04/07/2022,7586,286,2223,2453,0,2272,0
04/07/2022,7923,598,1903,3445,0,1351,0
04/07/2022,5519,584,1040,2969,0,1748,0
05/07/2022,5367,487,1914,3252,0,2530,0
05/07/2022,6652,498,2296,2172,0,1346,0
05/07/2022,9245,713,2768,1785,0,2015,0
05/07/2022,4558,575,2935,3750,0,1460,0
05/07/2022,6607,294,2529,2079,0,2501,0
05/07/2022,4701,516,3963,2150,0,1685,0
05/07/2022,8186,494,3568,3372,0,2635,0
05/07/2022,10179,683,2628,4388,0,1759,0
05/07/2022,7721,740,2243,3822,0,2461,0
05/07/2022,8403,559,2298,3188,0,2820,0
05/07/2022,10905,455,1678,1384,0,851,0
05/07/2022,10503,420,1491,2421,0,1004,0
05/07/2022,5732,344,3575,3900,0,1421,0
06/07/2022,7377,744,1655,1268,0,2600,0
06/07/2022,7786,706,2298,895,0,2307,0
06/07/2022,6962,312,3500,1143,0,1774,0
06/07/2022,6551,411,2522,2728,0,2345,0
06/07/2022,6821,618,1286,1760,0,2626,0
06/07/2022,8765,493,1471,2989,0,2401,0
06/07/2022,8024,441,3074,1693,0,1733,0
06/07/2022,4758,298,1684,1547,0,1759,0
06/07/2022,7683,528,2304,2274,0,2692,0
06/07/2022,6747,288,3171,2831,0,3026,0
06/07/2022,6607,696,2125,2872,0,2613,0
06/07/2022,5807,774,3774,4182,0,1369,0
06/07/2022,9544,620,2426,2282,0,1193,0
06/07/2022,7345,372,2360,995,0,2145,0
07/07/2022,6642,582,1323,861,0,1427,0
07/07/2022,5595,456,1414,2840,0,2803,0
07/07/2022,10118,399,2190,2613,0,1774,0
07/07/2022,7357,593,3743,3263,0,1230,0
07/07/2022,6381,360,1186,3705,0,1622,0
07/07/2022,7532,321,2118,4721,0,1189,0
07/07/2022,5085,409,2745,2460,0,2667,0
07/07/2022,8122,650,1322,2764,0,3089,0
07/07/2022,10102,365,1070,2296,0,1229,0
07/07/2022,7076,623,1576,1517,0,1559,0
07/07/2022,11162,251,2142,2279,0,2127,0
07/07/2022,5236,780,1223,1270,0,2206,0
07/07/2022,5814,539,2426,3902,0,2837,0
07/07/2022,9193,677,1697,3461,0,1358,0
08/07/2022,5845,591,1634,3445,0,1330,0
08/07/2022,6231,319,4668,2863,0,2587,0
08/07/2022,7492,389,3520,2156,0,1991,0
08/07/2022,8448,717,4052,2601,0,844,0
08/07/2022,9666,426,1391,2518,0,1466,0
08/07/2022,5803,798,1073,1206,0,1973,0
08/07/2022,5203,588,1370,3268,0,2051,0
08/07/2022,9330,525,2121,1546,0,2296,0
08/07/2022,5164,325,1388,3418,0,2647,0
08/07/2022,7652,437,4009,1769,0,1926,0
08/07/2022,7522,310,2382,2243,0,2478,0
08/07/2022,11432,331,3909,2272,0,2601,0
08/07/2022,12108,774,2474,3145,0,1443,0
09/07/2022,8874,389,1045,1149,0,2404,0
09/07/2022,7427,726,878,3258,0,1403,0
09/07/2022,11614,798,2334,2989,0,1813,0
09/07/2022,6045,431,1563,2685,0,1562,0
09/07/2022,5948,502,960,1909,0,1876,0
09/07/2022,6748,630,2179,1551,0,1999,0
09/07/2022,7801,648,1054,1443,0,2013,0
09/07/2022,9100,355,2456,2712,0,1115,0
09/07/2022,5593,570,1222,1071,0,2634,0
09/07/2022,5371,592,2692,2121,0,3248,0
09/07/2022,6369,472,2021,2397,0,3526,0
09/07/2022,4860,755,2420,2582,0,3172,0
09/07/2022,8797,463,4244,3941,0,1730,0
09/07/2022,9824,555,3027,1696,0,3538,0
10/07/2022,5553,636,1948,3129,0,1571,0
10/07/2022,8595,384,1359,2594,0,3291,0
10/07/2022,8025,597,2033,2439,0,1625,0
10/07/2022,9757,532,1884,3938,0,2177,0
10/07/2022,6917,361,1381,3116,0,1671,0
10/07/2022,8271,396,4096,1274,0,2550,0
10/07/2022,6582,601,1912,3122,0,2133,0
10/07/2022,10938,512,1452,1736,0,1166,0
10/07/2022,8370,663,1770,1444,0,3022,0
10/07/2022,7665,608,3539,2722,0,1498,0
10/07/2022,7654,465,4385,3342,0,1388,0
10/07/2022,11379,558,1694,2269,0,1957,0
10/07/2022,5569,342,2392,2959,0,1485,0
10/07/2022,7630,521,2469,2503,0,1905,0
11/07/2022,5475,431,3470,1894,0,2160,0
11/07/2022,11366,661,2897,1853,0,1218,0
11/07/2022,6858,553,2124,1813,0,2194,0
11/07/2022,4649,329,2718,3358,0,1366,0
11/07/2022,7059,689,1948,1623,0,2044,0
11/07/2022,7454,484,4313,2933,0,2597,0
11/07/2022,7851,334,4151,1998,0,2039,0
11/07/2022,5519,835,1174,2978,0,2069,0
11/07/2022,7785,824,1841,894,0,1348,0
11/07/2022,9511,381,3968,1953,0,1484,0
11/07/2022,8697,758,2064,3661,0,1528,0
11/07/2022,10691,681,3039,2936,0,2091,0
11/07/2022,7584,535,2122,1401,0,1393,0
11/07/2022,7437,317,1615,1756,0,1648,0
12/07/2022,4940,433,1419,3600,0,1812,0
12/07/2022,8905,337,2869,1166,0,2048,0
12/07/2022,8134,481,2383,1831,0,2824,0
12/07/2022,4758,656,3089,4107,0,1522,0
12/07/2022,5683,438,1930,1365,0,2001,0
12/07/2022,7112,348,1038,1462,0,2999,0
12/07/2022,9685,359,2662,1245,0,1085,0
12/07/2022,9161,560,1676,2795,0,2210,0
12/07/2022,8588,516,1783,1499,0,2220,0
12/07/2022,11443,662,2925,2427,0,1433,0
12/07/2022,8590,462,1724,1779,0,1722,0
12/07/2022,4467,368,2369,1471,0,1107,0
12/07/2022,5553,654,1358,2280,0,1512,0
12/07/2022,7986,669,2039,2087,0,2629,0
13/07/2022,5670,703,1394,3450,0,1807,0
13/07/2022,6663,680,1963,1705,0,1650,0
13/07/2022,10929,521,4072,1927,0,2899,0
13/07/2022,6667,247,2537,2495,0,3355,0
13/07/2022,7873,616,2473,2248,0,2869,0
13/07/2022,11771,411,981,4785,0,2679,0
13/07/2022,8284,536,2465,3005,0,2674,0
13/07/2022,7539,392,4054,3864,0,1340,0
13/07/2022,11440,272,4690,2818,0,1319,0
13/07/2022,6887,442,2629,1332,0,1151,0
13/07/2022,5370,700,2036,2100,0,1001,0
13/07/2022,7093,453,1212,1248,0,2050,0
13/07/2022,7614,801,1623,1285,0,1748,0
13/07/2022,6271,758,3349,2179,0,1911,0
14/07/2022,8868,547,4409,1116,0,1668,0
14/07/2022,11520,371,2253,2169,0,1568,0
14/07/2022,5921,274,3051,1341,0,3011,0
14/07/2022,8261,289,1325,3552,0,2518,0
14/07/2022,8946,413,3578,3110,0,1198,0
14/07/2022,5853,514,3554,3114,0,1077,0
14/07/2022,6786,626,2955,2403,0,1225,0
14/07/2022,6029,396,2695,1706,0,2268,0
14/07/2022,7477,494,2991,2171,0,2320,0
14/07/2022,8154,509,3907,2716,0,3366,0
14/07/2022,9141,563,2039,1245,0,1621,0
14/07/2022,6416,415,1911,1600,0,2242,0
14/07/2022,5449,363,2672,2780,0,2025,0
14/07/2022,11226,507,3192,1254,0,2797,0
15/07/2022,7678,522,2396,1102,0,3145,0
15/07/2022,6813,516,2186,1381,0,1943,0
15/07/2022,5731,284,4153,4034,0,1336,0
15/07/2022,8734,337,2073,1134,0,2093,0
15/07/2022,4932,414,3182,3116,0,2239,0
15/07/2022,6368,356,2774,1663,0,1819,0
15/07/2022,6039,526,2887,1349,0,1230,0
15/07/2022,7071,475,2241,1359,0,1674,0
15/07/2022,7016,581,2791,2157,0,2664,0
15/07/2022,4506,353,2456,1231,0,2584,0
15/07/2022,7667,345,1255,1201,0,1834,0
15/07/2022,7591,549,1255,4779,0,2284,0
15/07/2022,9379,442,1225,3530,0,2296,0
15/07/2022,9201,342,4423,2371,0,1000,0
15/07/2022,9377,384,2127,1996,0,3468,0
16/07/2022,7249,316,2801,3338,0,1264,0
16/07/2022,8675,393,2015,1547,0,1503,0
16/07/2022,6699,421,2528,1261,0,2225,0
16/07/2022,8680,298,1418,1466,0,1486,0
16/07/2022,8806,427,1545,1043,0,3176,0
16/07/2022,5111,833,3992,1679,0,1374,0
16/07/2022,4938,491,1289,1833,0,2182,0
16/07/2022,10962,519,2022,3621,0,2341,0
16/07/2022,7296,283,2558,1622,0,3200,0
16/07/2022,6060,722,3186,3079,0,2147,0
16/07/2022,7463,251,2895,4093,0,1809,0
16/07/2022,8924,413,1987,1710,0,1367,0
16/07/2022,6975,361,3614,1279,0,1896,0
16/07/2022,7319,474,2444,2860,0,2447,0
17/07/2022,8527,497,2452,2335,0,1867,0
17/07/2022,6639,337,3290,1520,0,2455,0
17/07/2022,9875,520,1018,2683,0,1330,0
17/07/2022,10552,630,4032,2382,0,1014,0
17/07/2022,5626,321,2864,1559,0,2229,0
17/07/2022,7916,321,1239,1862,0,1821,0
17/07/2022,7635,438,3352,2474,0,1310,0
17/07/2022,5434,683,2831,1636,0,1787,0
17/07/2022,10280,761,1524,2891,0,2485,0
17/07/2022,8662,632,2356,3732,0,2475,0
17/07/2022,7002,321,4462,2367,0,2749,0
17/07/2022,7135,450,2817,2826,0,2007,0
17/07/2022,9285,297,3866,2052,0,1139,0
17/07/2022,11576,867,3591,3640,0,1434,0
18/07/2022,9346,380,1102,2362,0,3543,0
18/07/2022,5265,471,1303,4007,0,2264,0
18/07/2022,5433,582,1338,2498,0,1165,0
18/07/2022,8200,307,2879,2314,0,2574,0
18/07/2022,6497,679,2625,2793,0,2430,0
18/07/2022,8433,311,2065,3645,0,2366,0
18/07/2022,6241,543,1380,1496,0,1188,0
18/07/2022,7308,628,2672,4325,0,3297,0
18/07/2022,6733,492,2715,956,0,1862,0
18/07/2022,7568,399,2719,3189,0,2559,0
18/07/2022,11804,312,4293,1839,0,1351,0
18/07/2022,6466,707,2595,2759,0,1028,0
18/07/2022,7395,525,1290,2181,0,2542,0
18/07/2022,7792,582,1288,1291,0,1459,0
18/07/2022,10167,485,1726,2420,0,2286,0
19/07/2022,5716,736,3343,2387,0,945,0
19/07/2022,7765,337,3813,1667,0,1159,0
19/07/2022,6388,480,1533,3999,0,2247,0
19/07/2022,9478,758,1757,2569,0,2625,0
19/07/2022,7680,691,1781,1015,0,1984,0
19/07/2022,7246,367,2444,2779,0,1667,0
19/07/2022,6543,488,3531,4065,0,2500,0
19/07/2022,9518,501,1721,2259,0,1359,0
19/07/2022,4673,564,1840,1437,0,2108,0
19/07/2022,9011,462,2758,1527,0,1082,0
19/07/2022,10042,827,2485,2422,0,1890,0
19/07/2022,5477,360,2093,2345,0,1872,0
19/07/2022,9080,363,4170,2548,0,1910,0
19/07/2022,9732,582,2064,3794,0,1959,0
19/07/2022,4005,442,3031,1318,0,1741,0
20/07/2022,8617,322,2148,3995,0,1658,0
20/07/2022,7114,374,3694,3540,0,1802,0
20/07/2022,8076,568,1121,2500,0,1321,0
20/07/2022,5292,560,2639,3772,0,1619,0
20/07/2022,7901,318,2444,1655,0,2639,0
20/07/2022,8084,396,1957,1901,0,3127,0
20/07/2022,7807,435,2565,3187,0,3384,0
20/07/2022,5475,789,3364,1592,0,2666,0
20/07/2022,9403,738,2125,1890,0,1217,0
20/07/2022,7345,645,1339,2775,0,3200,0
20/07/2022,11733,414,1529,3192,0,2645,0
20/07/2022,6013,659,2932,2008,0,1256,0
20/07/2022,6450,431,2384,3460,0,1390,0
20/07/2022,4637,619,1395,3811,0,1177,0
20/07/2022,11268,759,1887,3980,0,3124,0
21/07/2022,5228,800,2760,3225,0,3067,0
21/07/2022,6604,553,2307,1194,0,1964,0
21/07/2022,7943,552,1263,3171,0,2145,0
21/07/2022,6776,432,2893,4496,0,1459,0
21/07/2022,5698,633,1295,3087,0,2374,0
21/07/2022,9994,505,3210,2919,0,3331,0
21/07/2022,11717,498,2997,2637,0,2749,0
21/07/2022,7160,512,3128,3382,0,1187,0
21/07/2022,7474,668,3499,3184,0,3368,0
21/07/2022,6597,457,1310,1965,0,1172,0
21/07/2022,7844,707,2776,3129,0,1050,0
21/07/2022,8524,418,4861,2003,0,1400,0
21/07/2022,7119,497,1988,3994,0,1609,0
21/07/2022,7415,398,2884,1146,0,2198,0
21/07/2022,8512,397,3417,1693,0,930,0
22/07/2022,6829,361,1051,1318,0,2366,0
22/07/2022,11770,765,2990,2989,0,1637,0
22/07/2022,8451,656,3557,3078,0,1455,0
22/07/2022,5552,404,3273,2906,0,1026,0
22/07/2022,7329,611,1256,2783,0,1791,0
22/07/2022,8744,378,2164,2445,0,2461,0
22/07/2022,6873,775,4256,2326,0,1560,0
22/07/2022,4346,398,1377,969,0,2497,0
22/07/2022,5092,507,1897,2220,0,1136,0
22/07/2022,8355,316,3579,1984,0,1950,0
22/07/2022,4517,249,2332,3506,0,1236,0
22/07/2022,4967,385,4338,833,0,1166,0
22/07/2022,5865,659,1407,3282,0,2639,0
22/07/2022,6846,514,1901,3629,0,1207,0
22/07/2022,9766,361,2090,2530,0,1920,0
23/07/2022,8439,626,2105,3151,0,2198,0
23/07/2022,7784,819,3398,2700,0,2604,0
23/07/2022,10485,483,1448,2328,0,1596,0
23/07/2022,7630,486,3879,1901,0,2409,0
23/07/2022,5113,425,2555,2683,0,3317,0
23/07/2022,6881,323,3472,4156,0,2660,0
23/07/2022,7482,442,2018,3815,0,1629,0
23/07/2022,4765,247,1677,3037,0,1448,0
23/07/2022,7727,436,2860,2136,0,2450,0
23/07/2022,9525,364,2480,1136,0,1993,0
23/07/2022,5324,468,1137,1168,0,1169,0
23/07/2022,11568,625,1054,3041,0,1861,0
23/07/2022,4658,789,3994,3628,0,1519,0
23/07/2022,7525,387,1195,2077,0,1899,0
24/07/2022,7160,420,1969,2478,0,3306,0
24/07/2022,6682,636,2779,3927,0,2454,0
24/07/2022,5952,461,3657,1487,0,3716,0
24/07/2022,5010,418,1284,2899,0,1275,0
24/07/2022,7541,399,2457,3091,0,1817,0
24/07/2022,5815,272,895,3839,0,2254,0
24/07/2022,8529,376,1500,2990,0,2498,0
24/07/2022,8242,422,1279,869,0,1793,0
24/07/2022,6763,434,4569,1882,0,2312,0
24/07/2022,9362,534,4588,3034,0,1168,0
24/07/2022,4377,757,3594,2251,0,3061,0
24/07/2022,8605,693,1287,1642,0,2376,0
24/07/2022,8661,503,1737,3500,0,2341,0
25/07/2022,6494,631,946,3470,0,2288,0
25/07/2022,5967,489,1168,1345,0,1782,0
25/07/2022,5472,717,4145,2842,0,1291,0
25/07/2022,8554,642,4219,1646,0,2258,0
25/07/2022,10762,510,2407,2565,0,2198,0
25/07/2022,6687,497,4258,1191,0,1118,0
25/07/2022,7684,635,1619,1601,0,1329,0
25/07/2022,7468,326,2274,940,0,1511,0
25/07/2022,9616,708,3240,3222,0,1573,0
25/07/2022,10300,487,1307,4528,0,2601,0
25/07/2022,6742,548,1385,2258,0,2475,0
25/07/2022,5186,315,3100,2838,0,1973,0
25/07/2022,10514,295,2763,2416,0,1761,0
26/07/2022,7558,533,1543,2747,0,1726,0
26/07/2022,6278,565,3476,3458,0,3606,0
26/07/2022,7105,310,3711,1772,0,2022,0
26/07/2022,7093,488,2148,908,0,3121,0
26/07/2022,4275,661,1570,2678,0,2470,0
26/07/2022,6030,750,2447,3884,0,2195,0
26/07/2022,5170,371,1681,1561,0,1795,0
26/07/2022,10048,413,3145,2390,0,2777,0
26/07/2022,9145,521,3311,3405,0,2077,0
26/07/2022,8993,350,2509,4597,0,1568,0
26/07/2022,11340,270,2107,2102,0,2321,0
26/07/2022,7191,605,3312,990,0,2733,0
26/07/2022,6769,548,3677,3129,0,884,0
26/07/2022,6939,385,1955,3283,0,1248,0
27/07/2022,8997,501,1316,2262,0,1718,0
27/07/2022,5205,336,2769,2895,0,1680,0
27/07/2022,8035,821,2190,1753,0,3312,0
27/07/2022,10859,563,1830,2517,0,2739,0
27/07/2022,5404,408,1790,2417,0,3477,0
27/07/2022,8929,600,2583,2617,0,2815,0
27/07/2022,7448,815,1853,3234,0,1199,0
27/07/2022,6566,366,2392,1837,0,3367,0
27/07/2022,7270,421,2614,2600,0,1824,0
27/07/2022,6001,718,1596,2070,0,1709,0
27/07/2022,8652,437,2884,1780,0,2102,0
27/07/2022,6588,381,1268,3340,0,1655,0
27/07/2022,9604,454,1275,3205,0,1534,0
27/07/2022,7726,426,2790,1784,0,2657,0
28/07/2022,7086,430,849,2335,0,1676,0
28/07/2022,7286,708,1728,1820,0,2076,0
28/07/2022,3976,527,1790,3334,0,1816,0
28/07/2022,7423,612,1549,3698,0,1151,0
28/07/2022,7263,327,2234,2242,0,1422,0
28/07/2022,9859,540,2866,3922,0,1327,0
28/07/2022,9585,791,1648,1457,0,1532,0
28/07/2022,7657,694,2144,1716,0,2170,0
28/07/2022,8319,389,2373,1842,0,1213,0
28/07/2022,8695,553,1639,2025,0,1979,0
28/07/2022,8524,363,3179,4769,0,2531,0
28/07/2022,5364,348,2917,2207,0,896,0
28/07/2022,6793,322,1276,2566,0,1594,0
28/07/2022,9252,302,3789,2236,0,1251,0
29/07/2022,7377,554,1993,2331,0,1359,0
29/07/2022,6345,602,2207,4182,0,1517,0
29/07/2022,7010,539,3293,2005,0,2593,0
29/07/2022,11871,582,3349,2994,0,1614,0
29/07/2022,8830,466,1518,3628,0,843,0
29/07/2022,10834,485,3285,1637,0,2577,0
29/07/2022,11527,530,2645,2896,0,2831,0
29/07/2022,5430,548,3243,1385,0,1866,0
29/07/2022,7050,721,1188,1365,0,2393,0
29/07/2022,3912,478,3475,3361,0,1079,0
29/07/2022,7767,475,1848,1552,0,1528,0
29/07/2022,8479,539,1414,1937,0,2254,0
29/07/2022,5674,597,848,2027,0,1559,0
29/07/2022,6408,735,1202,1325,0,1975,0
30/07/2022,5521,364,3018,4193,0,1593,0
30/07/2022,8813,494,2563,4370,0,2391,0
30/07/2022,6558,515,3644,2319,0,2726,0
30/07/2022,7004,458,3404,1656,0,1419,0
30/07/2022,6124,668,2064,4036,0,1904,0
30/07/2022,7151,542,3255,2307,0,1707,0
30/07/2022,10691,346,1946,1251,0,2181,0
30/07/2022,6236,749,2788,908,0,1424,0
30/07/2022,6833,487,2094,3640,0,2022,0
30/07/2022,7416,503,1521,1864,0,2034,0
30/07/2022,8884,363,3006,3575,0,2708,0
30/07/2022,5672,467,2763,2340,0,843,0
30/07/2022,5412,751,1792,2764,0,893,0
31/07/2022,6286,382,3789,2005,0,2180,0
31/07/2022,6175,267,1906,1602,0,2423,0
31/07/2022,10176,526,3367,922,0,2815,0
31/07/2022,11009,336,1809,3282,0,2996,0
31/07/2022,10020,532,1655,2558,0,1320,0
31/07/2022,6816,379,1767,3158,0,1834,0
31/07/2022,9285,532,1283,1681,0,3065,0
31/07/2022,8138,398,987,1878,0,2456,0
31/07/2022,5421,529,3042,1350,0,2250,0
31/07/2022,8913,430,1136,2927,0,2239,0
31/07/2022,6223,620,1347,2154,0,2458,0
31/07/2022,7993,231,2216,3835,0,1055,0
31/07/2022,6762,559,2618,3018,0,1419,0
01/08/2022,6961,523,1476,1721,0,2045,0
01/08/2022,7664,617,1347,2025,0,1218,0
01/08/2022,6261,716,3204,3832,0,2564,0
01/08/2022,8940,558,1936,1441,0,2678,0
01/08/2022,11134,342,4247,2704,0,2408,0
01/08/2022,6964,755,1455,3584,0,1073,0
01/08/2022,9659,427,3705,1766,0,1025,0
01/08/2022,8025,511,1841,3589,0,1236,0
01/08/2022,9189,239,2273,943,0,2415,0
01/08/2022,6884,490,2084,2491,0,1729,0
01/08/2022,5188,765,2249,3836,0,1093,0
01/08/2022,5747,259,2093,3991,0,2715,0
01/08/2022,6620,428,2787,3748,0,2816,0
01/08/2022,7837,728,1249,2883,0,1571,0
02/08/2022,7327,664,2176,1790,0,1522,0
02/08/2022,10308,458,2191,3927,0,1449,0
02/08/2022,6921,785,2808,1767,0,3056,0
02/08/2022,5827,568,1299,1079,0,3314,0
02/08/2022,6983,371,1686,1800,0,2945,0
02/08/2022,11684,486,1646,2977,0,989,0
02/08/2022,9280,332,2632,1369,0,2027,0
02/08/2022,12051,448,2763,3200,0,1086,0
02/08/2022,6976,704,2806,3079,0,1276,0
02/08/2022,6076,354,3411,2883,0,1404,0
02/08/2022,4312,585,1808,2164,0,1009,0
02/08/2022,10874,738,2999,4171,0,2774,0
02/08/2022,7207,623,1500,2209,0,1386,0
02/08/2022,10282,572,2038,3323,0,1843,0
03/08/2022,7908,632,899,1886,0,1232,0
03/08/2022,7783,486,1407,1157,0,2073,0
03/08/2022,9786,629,1940,2332,0,1170,0
03/08/2022,9412,285,1172,2273,0,1301,0
03/08/2022,10401,545,2562,2241,0,1693,0
03/08/2022,7464,331,2305,2125,0,1238,0
03/08/2022,8054,475,4653,2214,0,867,0
03/08/2022,4949,655,3525,2736,0,2506,0
03/08/2022,8663,561,2923,2727,0,2540,0
03/08/2022,7982,779,1308,1754,0,1229,0
03/08/2022,6541,306,1752,3215,0,3066,0
03/08/2022,7030,386,3103,3962,0,1815,0
03/08/2022,9479,440,3018,2009,0,886,0
03/08/2022,10582,403,1581,3308,0,1326,0
03/08/2022,5692,721,1894,4138,0,2406,0
04/08/2022,6707,712,2586,1982,0,3152,0
04/08/2022,7526,515,3144,2449,0,2596,0
04/08/2022,7794,576,4071,4134,0,1545,0
04/08/2022,5941,616,2422,2900,0,1876,0
04/08/2022,5951,528,1885,3189,0,1961,0
04/08/2022,7220,786,1947,2443,0,2482,0
04/08/2022,6303,445,3150,1043,0,2230,0
04/08/2022,10561,529,2079,1770,0,3236,0
04/08/2022,9413,562,3197,2002,0,3087,0
04/08/2022,6864,495,1016,1208,0,2690,0
04/08/2022,8750,555,1898,1532,0,1053,0
04/08/2022,5715,653,1457,1705,0,1342,0
04/08/2022,6327,341,1776,2942,0,2811,0
04/08/2022,8020,504,1292,1047,0,1461,0
05/08/2022,4960,454,2704,2015,0,3291,0
05/08/2022,7092,502,2809,3987,0,1143,0
05/08/2022,7168,520,2300,1540,0,2203,0
05/08/2022,8269,704,3830,2145,0,1220,0
05/08/2022,6530,419,981,3822,0,1241,0
05/08/2022,6191,311,877,2764,0,1992,0
05/08/2022,5803,754,1887,1673,0,3072,0
05/08/2022,7125,358,4120,4242,0,2046,0
05/08/2022,5942,306,2556,1478,0,1949,0
05/08/2022,5637,683,3835,4242,0,1225,0
05/08/2022,5864,446,1372,2768,0,2475,0
05/08/2022,11595,318,1634,3084,0,1080,0
05/08/2022,4869,249,2678,2773,0,2112,0
05/08/2022,6520,315,2278,2051,0,998,0
06/08/2022,11517,347,3992,2285,0,1085,0
06/08/2022,6797,416,3507,1921,0,2362,0
06/08/2022,7760,489,3398,1102,0,2386,0
06/08/2022,5753,382,3771,3838,0,1532,0
06/08/2022,5835,319,1003,1232,0,2494,0
06/08/2022,5534,436,2775,2312,0,2356,0
06/08/2022,11754,544,4114,2755,0,1826,0
06/08/2022,9129,485,2715,2978,0,2363,0
06/08/2022,10513,553,3621,3382,0,1197,0
06/08/2022,11064,563,2161,2369,0,1645,0
06/08/2022,6989,590,2510,1721,0,2319,0
06/08/2022,5577,641,1839,2887,0,1660,0
06/08/2022,9404,228,1434,2465,0,2074,0
07/08/2022,7647,590,4160,4148,0,3063,0
07/08/2022,11196,564,1404,2784,0,1144,0
07/08/2022,6948,486,1590,1502,0,1784,0
07/08/2022,7512,438,2118,1787,0,1695,0
07/08/2022,6596,290,2277,2099,0,2217,0
07/08/2022,9650,570,2133,2324,0,1034,0
07/08/2022,6225,512,1082,2350,0,1347,0
07/08/2022,8073,316,1751,2435,0,1926,0
07/08/2022,9671,563,1790,2910,0,2377,0
07/08/2022,8819,339,2872,3557,0,2236,0
07/08/2022,5133,494,1798,4190,0,2473,0
07/08/2022,5613,326,4165,1911,0,2388,0
07/08/2022,8132,460,2248,3692,0,3387,0
08/08/2022,6874,527,1491,3209,0,1097,0
08/08/2022,7716,469,2704,1568,0,895,0
08/08/2022,7541,609,3141,2612,0,1789,0
08/08/2022,7504,519,1560,3565,0,2802,0
08/08/2022,7686,710,3758,1996,0,2658,0
08/08/2022,6943,624,1058,2829,0,1602,0
08/08/2022,7826,527,4479,2943,0,2553,0
08/08/2022,10396,536,2064,1023,0,798,0
08/08/2022,10768,362,1887,2280,0,1578,0
08/08/2022,5866,469,3003,3526,0,2298,0
08/08/2022,9240,407,1109,2215,0,1208,0
08/08/2022,6946,700,1734,2216,0,2412,0
08/08/2022,7950,500,2655,1667,0,2870,0
08/08/2022,7579,396,3880,923,0,1473,0
09/08/2022,8781,408,3607,3964,0,1773,0
09/08/2022,7529,647,1941,2162,0,2500,0
09/08/2022,9231,634,1921,1845,0,3437,0
09/08/2022,10048,351,1147,2594,0,2186,0
09/08/2022,10613,450,1016,1526,0,2098,0
09/08/2022,7758,443,2047,2667,0,1532,0
09/08/2022,5975,589,1074,1241,0,2298,0
09/08/2022,6054,420,3342,3202,0,1524,0
09/08/2022,9027,589,2712,3833,0,1858,0
09/08/2022,4344,382,3442,2918,0,1649,0
09/08/2022,8713,485,1866,1968,0,2291,0
09/08/2022,10579,459,2312,2316,0,1710,0
09/08/2022,4498,410,3001,4011,0,1618,0
09/08/2022,9845,643,1971,1885,0,1608,0
09/08/2022,9928,363,3085,2245,0,1711,0
10/08/2022,8516,324,1173,2167,0,2719,0
10/08/2022,7925,478,1790,2506,0,1383,0
10/08/2022,8055,652,1578,2190,0,1608,0
10/08/2022,6489,568,1540,2874,0,3139,0
10/08/2022,9513,450,2799,1499,0,1880,0
10/08/2022,5600,311,3406,1705,0,3134,0
10/08/2022,8247,639,1578,2015,0,2291,0
10/08/2022,10119,565,3268,1626,0,1141,0
10/08/2022,3897,355,3308,2388,0,1154,0
10/08/2022,9446,340,1953,1116,0,2620,0
10/08/2022,7331,351,3080,1345,0,2373,0
10/08/2022,6337,533,3364,1872,0,2358,0
10/08/2022,6479,325,2195,3740,0,2781,0
10/08/2022,7583,496,3171,3160,0,2924,0
11/08/2022,9802,503,2310,1737,0,2067,0
11/08/2022,8920,421,2968,2947,0,2035,0
11/08/2022,6655,554,1866,4480,0,1410,0
11/08/2022,4545,484,2455,1485,0,2542,0
11/08/2022,8021,469,1566,2754,0,1545,0
11/08/2022,7466,473,2736,2304,0,2187,0
11/08/2022,7166,361,3416,3149,0,1927,0
11/08/2022,6272,369,2269,2035,0,2593,0
11/08/2022,9284,774,2432,2557,0,2342,0
11/08/2022,6777,670,3758,2237,0,2608,0
11/08/2022,6386,867,2873,2773,0,2221,0
11/08/2022,5864,336,2736,3002,0,844,0
11/08/2022,10896,672,2379,4467,0,1869,0
11/08/2022,8511,369,4110,1173,0,1819,0
12/08/2022,6423,527,2188,2184,0,3145,0
12/08/2022,6229,278,3530,3525,0,1421,0
12/08/2022,9348,690,2188,2772,0,1642,0
12/08/2022,7030,345,2368,3299,0,1586,0
12/08/2022,9098,632,2845,1916,0,2636,0
12/08/2022,8151,564,4141,1375,0,2242,0
12/08/2022,8001,446,3278,999,0,2776,0
12/08/2022,5565,401,2222,3085,0,1817,0
12/08/2022,6038,469,2524,1346,0,3137,0
12/08/2022,9030,757,3449,1708,0,3557,0
12/08/2022,5862,532,2276,4317,0,3331,0
12/08/2022,6460,343,2383,918,0,2073,0
12/08/2022,8641,368,2903,3038,0,1360,0
12/08/2022,12155,588,3057,1722,0,1208,0
13/08/2022,9954,401,3920,4073,0,2470,0
13/08/2022,8055,332,2866,1671,0,2321,0
13/08/2022,5068,451,2700,1617,0,883,0
13/08/2022,7932,608,2252,3504,0,1185,0
13/08/2022,5321,709,1273,2931,0,1095,0
13/08/2022,11311,732,2917,2270,0,3268,0
13/08/2022,4744,551,2847,4223,0,2029,0
13/08/2022,7209,255,2377,3046,0,2774,0
13/08/2022,9033,514,3942,3391,0,1931,0
13/08/2022,5053,248,3184,3318,0,1211,0
13/08/2022,10373,517,3565,3125,0,1578,0
13/08/2022,6151,592,3790,3688,0,2038,0
13/08/2022,6847,459,1420,1993,0,1248,0
13/08/2022,6732,556,3675,2678,0,2918,0
14/08/2022,8550,426,3799,2926,0,2690,0
14/08/2022,5287,647,1433,4144,0,2267,0
14/08/2022,6242,497,3030,4491,0,1919,0
14/08/2022,7100,507,1012,1375,0,2627,0
14/08/2022,7642,571,2776,3258,0,2345,0
14/08/2022,11393,700,1171,1278,0,1669,0
14/08/2022,9889,487,1718,1385,0,3064,0
14/08/2022,6258,785,3788,1279,0,2096,0
14/08/2022,7743,648,2117,2093,0,1806,0
14/08/2022,5748,495,4446,1641,0,1958,0
14/08/2022,8561,640,2138,1402,0,1185,0
14/08/2022,8455,689,3149,2443,0,2182,0
14/08/2022,9750,561,1790,1774,0,1347,0
14/08/2022,9214,411,2998,4463,0,1826,0
14/08/2022,7355,651,1475,1281,0,1571,0
15/08/2022,7361,552,2033,917,0,848,0
15/08/2022,6071,356,1645,3284,0,2354,0
15/08/2022,7319,447,2317,1636,0,1723,0
15/08/2022,6713,476,4009,2571,0,3559,0
15/08/2022,4829,438,2112,3525,0,1508,0
15/08/2022,8033,719,1969,3660,0,1044,0
15/08/2022,5858,587,1456,1729,0,2224,0
15/08/2022,6216,417,1368,4623,0,3219,0
15/08/2022,9225,680,1741,2528,0,2672,0
15/08/2022,8847,544,2519,3638,0,2055,0
15/08/2022,7854,506,2102,3045,0,1989,0
15/08/2022,8426,467,4293,2042,0,1665,0
15/08/2022,10982,393,1987,4319,0,3150,0
15/08/2022,11686,319,3875,3615,0,1797,0
15/08/2022,7132,504,2767,3805,0,2308,0
16/08/2022,5382,483,3892,2308,0,1549,0
16/08/2022,7510,496,1310,2463,0,1108,0
16/08/2022,6730,302,2559,4116,0,2596,0
16/08/2022,7640,539,2945,900,0,2442,0
16/08/2022,11309,567,3766,3399,0,2799,0
16/08/2022,4216,760,3453,1825,0,2292,0
16/08/2022,10306,256,2788,2929,0,1700,0
16/08/2022,9901,296,1307,2038,0,2679,0
16/08/2022,12011,632,1035,2906,0,1676,0
16/08/2022,6164,727,3475,3616,0,2439,0
16/08/2022,6611,306,3870,4447,0,1315,0
16/08/2022,7944,275,2818,1559,0,1339,0
16/08/2022,7848,316,4437,1911,0,2646,0
16/08/2022,5106,322,1200,4476,0,1268,0
16/08/2022,4635,498,4753,3153,0,2242,0
17/08/2022,6430,622,1579,2834,0,1347,0
17/08/2022,9188,664,2735,2378,0,3633,0
17/08/2022,5104,359,3449,3426,0,1727,0
17/08/2022,7830,404,1576,4088,0,2742,0
17/08/2022,9920,739,1954,3634,0,1625,0
17/08/2022,5299,373,2889,862,0,3229,0
17/08/2022,11325,856,3933,1859,0,2447,0
17/08/2022,4987,471,3570,4924,0,2520,0
17/08/2022,8446,446,2221,2249,0,1229,0
17/08/2022,8278,378,3904,3629,0,2503,0
17/08/2022,7196,425,4759,1154,0,1699,0
17/08/2022,4892,500,3260,2034,0,1944,0
17/08/2022,4672,543,3014,1926,0,1695,0
17/08/2022,10415,330,1403,1269,0,2164,0
17/08/2022,9839,761,1169,3423,0,1813,0
18/08/2022,6228,294,2345,2552,0,2442,0
18/08/2022,5079,335,1256,1204,0,1651,0
18/08/2022,10131,562,2088,3065,0,2859,0
18/08/2022,7707,694,2689,1562,0,2176,0
18/08/2022,6915,650,3526,1436,0,3674,0
18/08/2022,11126,747,2822,3780,0,1787,0
18/08/2022,5806,523,2915,1190,0,1356,0
18/08/2022,7231,812,2734,1564,0,2304,0
18/08/2022,7748,262,2609,4483,0,3303,0
18/08/2022,5487,642,2614,1959,0,1751,0
18/08/2022,10407,468,2522,2306,0,1644,0
18/08/2022,4658,607,3408,3497,0,1713,0
18/08/2022,9845,343,983,3886,0,3041,0
18/08/2022,8249,643,3321,2037,0,2962,0
18/08/2022,7995,397,3943,3065,0,3253,0
19/08/2022,11595,604,1965,2695,0,1132,0
19/08/2022,6170,449,2533,2269,0,2502,0
19/08/2022,10473,263,1825,3216,0,1175,0
19/08/2022,6295,471,4182,1225,0,2341,0
19/08/2022,4612,536,2090,2083,0,1214,0
19/08/2022,5055,478,2453,1686,0,2615,0
19/08/2022,4830,571,4114,1484,0,2697,0
19/08/2022,7896,335,1622,1519,0,3554,0
19/08/2022,5849,383,1603,4269,0,3000,0
19/08/2022,5022,768,3416,2204,0,1611,0
19/08/2022,8035,542,1839,3674,0,1081,0
19/08/2022,9296,567,1685,2178,0,2159,0
19/08/2022,7099,509,1615,2289,0,2119,0
19/08/2022,6753,536,3011,2642,0,3072,0
20/08/2022,8179,412,1479,3874,0,937,0
20/08/2022,11224,610,3873,1198,0,1424,0
20/08/2022,4615,312,3084,2389,0,2798,0
20/08/2022,9881,755,3427,941,0,2354,0
20/08/2022,7049,388,1302,4437,0,1646,0
20/08/2022,6082,503,2584,2135,0,2458,0
20/08/2022,9966,693,2225,4115,0,1282,0
20/08/2022,6648,580,1954,1672,0,1976,0
20/08/2022,9484,500,979,2448,0,1258,0
20/08/2022,8412,414,3201,3804,0,1775,0
20/08/2022,6069,422,4235,1086,0,1763,0
20/08/2022,8226,537,3966,3060,0,2737,0
20/08/2022,7825,569,2554,1976,0,2251,0
20/08/2022,10574,840,3113,3833,0,2162,0
21/08/2022,4254,475,2721,1570,0,2387,0
21/08/2022,5804,817,1763,2718,0,2803,0
21/08/2022,5224,620,3020,2735,0,1080,0
21/08/2022,8608,523,1866,1448,0,1168,0
21/08/2022,5468,507,2051,2470,0,1363,0
21/08/2022,7578,610,3401,2872,0,1426,0
21/08/2022,9549,489,1723,4860,0,2442,0
21/08/2022,6895,408,2913,3561,0,1953,0
21/08/2022,4620,434,1974,2534,0,2069,0
21/08/2022,7660,360,1311,1269,0,2308,0
21/08/2022,4461,591,2730,1679,0,2744,0
21/08/2022,6486,566,1537,1914,0,1523,0
21/08/2022,6179,603,3598,1524,0,1161,0
22/08/2022,5242,383,922,1638,0,2021,0
22/08/2022,7858,578,1681,1972,0,2941,0
22/08/2022,8553,600,2416,3699,0,1007,0
22/08/2022,11155,345,2921,3979,0,2249,0
22/08/2022,6532,453,1341,2118,0,3376,0
22/08/2022,6402,550,2655,1783,0,1991,0
22/08/2022,6636,364,1821,3544,0,3187,0
22/08/2022,7351,800,1464,2850,0,1767,0
22/08/2022,5196,461,2112,3368,0,2531,0
22/08/2022,9261,404,1271,3832,0,2186,0
22/08/2022,9336,523,2240,3479,0,1632,0
22/08/2022,8631,475,1548,2939,0,1171,0
22/08/2022,6785,515,2828,4429,0,1223,0
22/08/2022,10101,695,3731,2961,0,996,0
23/08/2022,7092,712,3365,1402,0,1661,0
23/08/2022,6012,348,1626,1617,0,2300,0
23/08/2022,7758,266,3840,1107,0,2858,0
23/08/2022,7810,340,1951,916,0,1821,0
23/08/2022,7478,446,1785,3146,0,1390,0
23/08/2022,10316,728,3220,2321,0,2347,0
23/08/2022,8371,721,3691,3210,0,1343,0
23/08/2022,7785,544,2267,3140,0,2682,0
23/08/2022,6938,284,1836,1644,0,1206,0
23/08/2022,8454,535,1883,1845,0,1309,0
23/08/2022,5270,507,2290,3786,0,2249,0
23/08/2022,7795,405,4787,1161,0,2464,0
23/08/2022,7585,583,3433,2382,0,2409,0
23/08/2022,11021,339,3112,4802,0,1868,0
23/08/2022,6516,474,2688,2575,0,2959,0
24/08/2022,6502,697,1349,2330,0,2370,0
24/08/2022,11485,403,3187,1251,0,1526,0
24/08/2022,10574,490,1927,3445,0,2470,0
24/08/2022,7554,502,3467,1591,0,1458,0
24/08/2022,8445,374,2012,1513,0,2527,0
24/08/2022,9569,341,2336,2324,0,2869,0
24/08/2022,9000,337,3396,1277,0,1266,0
24/08/2022,6705,424,1716,3529,0,2479,0
24/08/2022,9930,648,934,2255,0,2797,0
24/08/2022,9862,627,1691,2718,0,2501,0
24/08/2022,6801,481,1205,4511,0,3660,0
24/08/2022,11059,556,2779,2585,0,1402,0
24/08/2022,10415,607,2061,1866,0,1469,0
24/08/2022,9434,487,2665,1309,0,2009,0
24/08/2022,4557,340,2332,2754,0,2325,0
25/08/2022,7777,695,1992,1450,0,2172,0
25/08/2022,4750,380,2314,1655,0,2017,0
25/08/2022,7663,535,2539,1985,0,1921,0
25/08/2022,5133,386,2114,1831,0,2545,0
25/08/2022,5610,732,3167,3582,0,2140,0
25/08/2022,6088,317,1354,2399,0,2821,0
25/08/2022,4550,325,2950,4034,0,2802,0
25/08/2022,5687,515,1841,2086,0,2425,0
25/08/2022,4763,377,2852,2362,0,3287,0
25/08/2022,8990,583,2595,3426,0,1360,0
25/08/2022,5517,568,3288,3045,0,2822,0
25/08/2022,7257,630,1099,4126,0,1947,0
25/08/2022,6979,520,3993,2727,0,1484,0
25/08/2022,5367,396,2081,1294,0,1747,0
26/08/2022,9582,630,4077,3579,0,1258,0
26/08/2022,6578,329,3171,3371,0,3062,0
26/08/2022,8492,446,1178,1246,0,1281,0
26/08/2022,7498,379,1522,1181,0,2859,0
26/08/2022,7177,638,1839,1247,0,1363,0
26/08/2022,11432,395,3124,3500,0,3046,0
26/08/2022,6938,285,2500,808,0,1873,0
26/08/2022,8218,472,4600,2325,0,2014,0
26/08/2022,5789,313,3208,3468,0,2736,0
26/08/2022,7098,525,2050,2120,0,2273,0
26/08/2022,9114,274,4540,1750,0,1009,0
26/08/2022,7363,471,1182,2601,0,1783,0
26/08/2022,4731,418,1330,4453,0,1266,0
26/08/2022,4038,666,2686,2629,0,2366,0
27/08/2022,6929,438,2190,3540,0,2713,0
27/08/2022,8318,606,3921,2468,0,3598,0
27/08/2022,4922,330,2390,3183,0,2637,0
27/08/2022,7623,750,1938,2971,0,2068,0
27/08/2022,6877,354,2486,1995,0,1856,0
27/08/2022,10629,683,4418,2086,0,2007,0
27/08/2022,8025,622,2675,3441,0,1133,0
27/08/2022,4698,528,987,2601,0,3007,0
27/08/2022,9838,610,2728,1788,0,2502,0
27/08/2022,6892,491,2462,3410,0,2777,0
27/08/2022,9461,319,1402,1199,0,1558,0
27/08/2022,5477,429,2650,1366,0,2779,0
27/08/2022,9096,270,3649,2909,0,3069,0
27/08/2022,7805,732,2664,1321,0,1206,0
28/08/2022,9474,648,2090,3831,0,2087,0
28/08/2022,7167,315,1944,1757,0,2031,0
28/08/2022,8343,441,2844,2869,0,3394,0
28/08/2022,6789,445,2700,1927,0,2636,0
28/08/2022,7350,345,1607,2415,0,1982,0
28/08/2022,5142,507,2991,3876,0,1739,0
28/08/2022,10532,354,3344,3181,0,1138,0
28/08/2022,5314,366,1964,2033,0,1931,0
28/08/2022,4988,469,1625,1863,0,2787,0
28/08/2022,6309,598,2089,1620,0,2182,0
28/08/2022,4934,817,3339,1346,0,2577,0
28/08/2022,7615,455,1620,1399,0,3325,0
28/08/2022,6468,445,1173,3625,0,2196,0
28/08/2022,6282,648,2044,1468,0,1486,0
29/08/2022,10747,384,2815,2398,0,2836,0
29/08/2022,6595,643,1201,3389,0,2681,0
29/08/2022,7004,719,1603,2893,0,1251,0
29/08/2022,5099,332,2232,2687,0,1650,0
29/08/2022,6656,293,1799,1477,0,2528,0
29/08/2022,4081,369,2997,2791,0,2541,0
29/08/2022,6191,535,3875,2603,0,3286,0
29/08/2022,4418,419,2659,2587,0,1983,0
29/08/2022,7128,507,3240,771,0,2262,0
29/08/2022,5541,480,1290,3708,0,3256,0
29/08/2022,7539,432,3118,3040,0,1507,0
29/08/2022,8429,436,1506,2968,0,1998,0
29/08/2022,5706,729,3477,2987,0,1983,0
29/08/2022,7077,573,2619,1944,0,2370,0
30/08/2022,6168,760,2110,3086,0,2218,0
30/08/2022,8175,394,2510,4496,0,1478,0
30/08/2022,6999,439,2997,3235,0,2291,0
30/08/2022,5788,246,3006,2547,0,1168,0
30/08/2022,6352,498,1130,3033,0,2564,0
30/08/2022,9044,493,4119,1679,0,1571,0
30/08/2022,5540,342,3086,2718,0,1485,0
30/08/2022,8886,348,3305,2621,0,2042,0
30/08/2022,5081,526,3159,2220,0,1147,0
30/08/2022,8038,359,4156,3335,0,1519,0
30/08/2022,8076,392,3331,3291,0,1308,0
30/08/2022,9434,408,1557,2475,0,1878,0
30/08/2022,8765,363,2149,1377,0,1484,0
30/08/2022,9619,751,2784,1559,0,1310,0
31/08/2022,8172,318,1995,1388,0,1453,0
31/08/2022,8326,441,2310,3413,0,1779,0
31/08/2022,8344,551,3032,4499,0,1394,0
31/08/2022,8675,319,2775,1822,0,1152,0
31/08/2022,6739,571,1605,1566,0,1558,0
31/08/2022,11977,445,1998,2215,0,1789,0
31/08/2022,9073,755,3221,2609,0,1985,0
31/08/2022,5300,589,2807,2061,0,1419,0
31/08/2022,6414,289,2863,2019,0,2812,0
31/08/2022,11357,410,3331,2518,0,3026,0
31/08/2022,7856,246,2194,2557,0,2621,0
31/08/2022,7716,501,3884,3507,0,1838,0
31/08/2022,5601,506,3903,1054,0,2597,0
31/08/2022,8672,304,2691,1054,0,1787,0
01/09/2022,4014,540,3899,3545,0,2639,0
01/09/2022,7809,791,3086,2487,0,841,0
01/09/2022,5324,305,4741,3964,0,1157,0
01/09/2022,5960,510,3875,3124,0,1325,0
01/09/2022,9264,351,3452,1855,0,2090,0
01/09/2022,10695,491,3001,1412,0,2992,0
01/09/2022,6915,322,1214,1514,0,1297,0
01/09/2022,10358,490,1067,2714,0,1690,0
01/09/2022,9487,533,2046,1476,0,920,0
01/09/2022,5348,420,2718,2889,0,3679,0
01/09/2022,7515,464,1966,3923,0,1550,0
01/09/2022,9649,316,2913,2628,0,1344,0
01/09/2022,8059,295,1688,1956,0,998,0
01/09/2022,9371,459,2191,4318,0,1525,0
02/09/2022,10752,356,1124,3249,0,1815,0
02/09/2022,5470,319,2424,1198,0,1897,0
02/09/2022,10599,508,1409,2194,0,1131,0
02/09/2022,8239,822,1777,3093,0,2521,0
02/09/2022,6672,358,1126,1698,0,2931,0
02/09/2022,7240,497,1000,1766,0,1227,0
02/09/2022,9152,485,1029,2690,0,1775,0
02/09/2022,7932,417,2232,2859,0,2170,0
02/09/2022,5625,504,2909,3121,0,784,0
02/09/2022,9382,375,1000,3722,0,1600,0
02/09/2022,5313,547,862,2051,0,2038,0
02/09/2022,6413,778,2680,2022,0,3079,0
02/09/2022,8613,683,4192,2521,0,1558,0
02/09/2022,4413,444,1430,1954,0,870,0
03/09/2022,10397,486,1583,1905,0,1203,0
03/09/2022,5561,506,1310,2968,0,1622,0
03/09/2022,8243,811,2805,2051,0,1315,0
03/09/2022,7589,370,3305,2540,0,1803,0
03/09/2022,4523,433,1319,2753,0,2385,0
03/09/2022,10243,559,2642,1713,0,2642,0
03/09/2022,10397,415,4412,1367,0,1726,0
03/09/2022,5037,444,1580,3366,0,3456,0
03/09/2022,8870,541,2251,3832,0,1851,0
03/09/2022,8293,488,2015,2037,0,2648,0
03/09/2022,8898,489,4418,4383,0,3316,0
03/09/2022,7644,389,3023,3502,0,2094,0
03/09/2022,6254,424,3638,1492,0,3291,0
03/09/2022,6875,362,1158,1844,0,972,0
04/09/2022,6057,416,1883,3419,0,1546,0
04/09/2022,7811,315,1724,2287,0,997,0
04/09/2022,8520,583,2280,4006,0,998,0
04/09/2022,4594,791,2050,4033,0,1525,0
04/09/2022,6383,407,1486,2411,0,1659,0
04/09/2022,7853,431,1591,4726,0,1707,0
04/09/2022,7745,327,3176,1412,0,2491,0
04/09/2022,7163,354,2445,1246,0,1210,0
04/09/2022,5240,337,3466,990,0,1422,0
04/09/2022,9071,603,4343,3392,0,2079,0
04/09/2022,7875,442,3077,2016,0,2308,0
04/09/2022,7129,607,2695,2030,0,1271,0
04/09/2022,9915,377,1102,2959,0,2082,0
05/09/2022,6713,309,2788,1693,0,1447,0
05/09/2022,6561,315,3173,3191,0,1696,0
05/09/2022,5441,393,2278,3855,0,2572,0
05/09/2022,6695,497,2799,1772,0,925,0
05/09/2022,3975,518,2450,3809,0,1326,0
05/09/2022,5543,478,1374,874,0,2931,0
05/09/2022,7719,426,1873,1058,0,2964,0
05/09/2022,8927,345,1176,2421,0,2549,0
05/09/2022,7843,366,3376,3517,0,2630,0
05/09/2022,6510,400,959,1880,0,1170,0
05/09/2022,6937,375,2648,2035,0,1839,0
05/09/2022,8411,638,1946,4215,0,1981,0
05/09/2022,5261,333,2638,1408,0,3030,0
05/09/2022,8648,450,2440,3537,0,973,0
06/09/2022,5669,713,2230,2868,0,2899,0
06/09/2022,5665,593,1476,3646,0,2142,0
06/09/2022,7613,466,2873,1235,0,971,0
06/09/2022,8830,510,2767,3034,0,3095,0
06/09/2022,5700,367,2316,1609,0,1181,0
06/09/2022,5865,720,4213,1686,0,1223,0
06/09/2022,5995,427,2163,1967,0,1499,0
06/09/2022,5345,693,3045,4393,0,1393,0
06/09/2022,7887,524,3400,2961,0,1946,0
06/09/2022,9906,506,954,4107,0,924,0
06/09/2022,10705,500,3307,2053,0,2774,0
06/09/2022,5063,255,2507,2116,0,3010,0
06/09/2022,5671,351,3862,1370,0,1631,0
06/09/2022,9411,318,4065,3202,0,1954,0
06/09/2022,9519,318,3785,2627,0,2541,0
07/09/2022,8698,555,2857,4148,0,2761,0
07/09/2022,5253,601,2407,1572,0,1815,0
07/09/2022,8003,573,1290,3734,0,1306,0
07/09/2022,5374,588,1546,2865,0,2340,0
07/09/2022,7955,509,3809,1911,0,1343,0
07/09/2022,6504,440,2795,4504,0,2634,0
07/09/2022,7265,666,2185,2749,0,2304,0
07/09/2022,6861,255,2910,2581,0,2234,0
07/09/2022,7143,348,3086,2636,0,2868,0
07/09/2022,5651,464,1856,3420,0,1603,0
07/09/2022,10777,445,1613,1761,0,2317,0
07/09/2022,9168,288,4366,1635,0,1392,0
07/09/2022,5993,788,2809,1237,0,3569,0
07/09/2022,5885,326,2502,2449,0,1597,0
07/09/2022,7607,470,2438,3171,0,1256,0
08/09/2022,8449,578,2692,2119,0,2211,0
08/09/2022,6696,488,1221,1779,0,2198,0
08/09/2022,6872,642,1638,2685,0,2458,0
08/09/2022,10536,576,1822,2854,0,1915,0
08/09/2022,7303,538,3739,1760,0,3702,0
08/09/2022,5759,485,4167,1823,0,1401,0
08/09/2022,8008,500,2220,2220,0,1440,0
08/09/2022,9078,616,2611,3161,0,2224,0
08/09/2022,8859,470,3960,3065,0,1611,0
08/09/2022,8610,325,3144,2282,0,2033,0
08/09/2022,6756,479,2704,1388,0,1791,0
08/09/2022,6496,628,1480,1915,0,2174,0
08/09/2022,3791,460,2144,1056,0,1069,0
08/09/2022,4121,699,2472,2508,0,2138,0
08/09/2022,9090,783,2406,2078,0,1833,0
09/09/2022,9745,381,1102,2951,0,1702,0
09/09/2022,5078,361,2721,3287,0,1890,0
09/09/2022,6335,630,4487,2741,0,2310,0
09/09/2022,5326,469,1032,3003,0,2575,0
09/09/2022,5943,618,1860,4131,0,2069,0
09/09/2022,7655,569,3217,1492,0,1203,0
09/09/2022,7294,625,1789,3574,0,1203,0
09/09/2022,9784,721,3107,2809,0,2119,0
09/09/2022,11550,651,3020,1132,0,2488,0
09/09/2022,6121,679,4306,2715,0,2627,0
09/09/2022,8505,341,2644,2615,0,1915,0
09/09/2022,8247,507,4403,4536,0,1111,0
09/09/2022,5367,321,1397,3434,0,820,0
09/09/2022,10321,434,2841,3034,0,1479,0
09/09/2022,4466,491,1599,1168,0,1152,0
10/09/2022,8912,489,1634,1822,0,1091,0
10/09/2022,4496,327,4003,3411,0,1585,0
10/09/2022,6368,632,2052,2539,0,1249,0
10/09/2022,9532,408,3489,2841,0,1677,0
10/09/2022,8689,318,1972,1947,0,1182,0
10/09/2022,9114,503,1873,2975,0,1060,0
10/09/2022,6201,399,3582,3938,0,1205,0
10/09/2022,9648,326,2444,4285,0,1374,0
10/09/2022,6069,447,3964,1912,0,1043,0
10/09/2022,7626,579,2341,2046,0,3682,0
10/09/2022,5561,367,4501,2116,0,1955,0
10/09/2022,6715,539,2360,2902,0,1637,0
10/09/2022,6048,467,1359,3787,0,1929,0
10/09/2022,6126,326,1578,1179,0,2794,0
11/09/2022,6320,336,1240,2972,0,1556,0
11/09/2022,8539,559,1475,892,0,2755,0
11/09/2022,6841,668,2530,3457,0,985,0
11/09/2022,5721,391,3848,2964,0,1633,0
11/09/2022,11332,690,1211,2174,0,1703,0
11/09/2022,5311,363,2250,2191,0,2482,0
11/09/2022,11128,228,2615,1729,0,1781,0
11/09/2022,8428,516,2483,1942,0,1199,0
11/09/2022,7257,320,3126,1349,0,3245,0
11/09/2022,5517,567,1855,1140,0,2457,0
11/09/2022,8742,366,2413,3368,0,1716,0
11/09/2022,7759,612,3719,1515,0,1351,0
11/09/2022,10368,546,3686,2290,0,1315,0
11/09/2022,5433,592,2491,1953,0,1079,0
12/09/2022,7597,295,3351,2031,0,3198,0
12/09/2022,8037,333,3938,3393,0,990,0
12/09/2022,7355,654,4583,2522,0,2535,0
12/09/2022,6116,595,1136,4015,0,2347,0
12/09/2022,8983,514,2696,2336,0,1107,0
12/09/2022,12193,388,2880,4316,0,1597,0
12/09/2022,9205,658,779,4419,0,2731,0
12/09/2022,7613,526,1128,2070,0,1995,0
12/09/2022,8132,334,1894,3603,0,3179,0
12/09/2022,5614,740,3513,974,0,1622,0
12/09/2022,4385,467,2947,2717,0,2590,0
12/09/2022,6858,424,2259,1156,0,2136,0
12/09/2022,5372,354,2582,1342,0,1257,0
12/09/2022,6757,395,1164,1347,0,2477,0
13/09/2022,8018,571,3998,4361,0,1878,0
13/09/2022,7542,631,1157,2064,0,1587,0
13/09/2022,5471,404,2854,3375,0,3438,0
13/09/2022,5766,630,1997,2740,0,2016,0
13/09/2022,9780,581,870,3087,0,1816,0
13/09/2022,7942,340,3058,3002,0,1867,0
13/09/2022,7581,744,2935,3133,0,2826,0
13/09/2022,6283,659,2129,1399,0,2308,0
13/09/2022,5045,376,979,3180,0,956,0
13/09/2022,8063,525,971,2968,0,1799,0
13/09/2022,4024,365,2383,1318,0,1929,0
13/09/2022,6437,583,3009,2904,0,1565,0
13/09/2022,9912,353,3056,4165,0,981,0
13/09/2022,10577,610,1907,2767,0,1795,0
14/09/2022,8481,644,1177,3816,0,2637,0
14/09/2022,8942,267,1419,2138,0,2438,0
14/09/2022,8821,824,3631,1757,0,1132,0
14/09/2022,8366,636,3185,2416,0,3024,0
14/09/2022,4051,590,1079,3359,0,2739,0
14/09/2022,9369,515,1990,3798,0,1657,0
14/09/2022,7471,651,2997,1321,0,1097,0
14/09/2022,6101,625,1643,2185,0,2555,0
14/09/2022,6111,349,2135,2200,0,1232,0
14/09/2022,5155,761,1614,1349,0,1551,0
14/09/2022,6266,414,2692,1517,0,1242,0
14/09/2022,10855,643,2545,1902,0,2299,0
14/09/2022,7267,820,2689,3937,0,1593,0
14/09/2022,8618,387,2942,1621,0,3649,0
15/09/2022,5945,503,2807,2986,0,1014,0
15/09/2022,8796,612,3085,2431,0,2678,0
15/09/2022,10428,377,4159,3370,0,1317,0
15/09/2022,7992,430,1538,1861,0,1629,0
15/09/2022,9985,362,3011,2364,0,1378,0
15/09/2022,7364,715,1650,1804,0,1151,0
15/09/2022,6249,715,1336,2386,0,2141,0
15/09/2022,9805,575,1249,2530,0,2940,0
15/09/2022,3940,535,3799,1744,0,2013,0
15/09/2022,6775,411,1862,3385,0,1573,0
15/09/2022,9539,409,2510,2376,0,2154,0
15/09/2022,8734,450,2142,1318,0,1756,0
15/09/2022,6408,409,1354,3890,0,1654,0
15/09/2022,8716,485,1203,2439,0,1265,0
16/09/2022,6154,548,2319,2759,0,1604,0
16/09/2022,6893,641,2121,2381,0,1883,0
16/09/2022,6157,356,2781,1627,0,1660,0
16/09/2022,6932,527,3594,1712,0,2287,0
16/09/2022,6024,482,883,4619,0,2619,0
16/09/2022,6638,308,3943,3768,0,2059,0
16/09/2022,5425,718,2557,3273,0,1385,0
16/09/2022,6050,458,3623,1854,0,2423,0
16/09/2022,6544,464,3304,4012,0,2617,0
16/09/2022,8837,570,3311,2182,0,1872,0
16/09/2022,9907,365,1946,3638,0,2149,0
16/09/2022,6674,337,4054,2260,0,2658,0
16/09/2022,9217,245,1091,1632,0,2066,0
16/09/2022,9441,464,4850,3815,0,1110,0
17/09/2022,6627,377,2834,1464,0,1914,0
17/09/2022,5682,713,3481,1972,0,939,0
17/09/2022,8979,564,2313,4039,0,1014,0
17/09/2022,9196,391,3641,2300,0,1314,0
17/09/2022,7232,385,3488,2699,0,2221,0
17/09/2022,8982,474,3387,2493,0,2517,0
17/09/2022,5323,692,906,3449,0,1366,0
17/09/2022,5976,494,1684,2837,0,2047,0
17/09/2022,9536,567,1947,1624,0,2284,0
17/09/2022,7573,421,4743,1934,0,3335,0
17/09/2022,6984,534,3168,2023,0,1501,0
17/09/2022,10053,306,1528,3136,0,1910,0
17/09/2022,4785,454,2899,2279,0,2626,0
17/09/2022,7681,652,1547,3632,0,2584,0
18/09/2022,4397,288,1510,2636,0,1437,0
18/09/2022,7398,434,3556,1519,0,1593,0
18/09/2022,5685,635,1918,1554,0,2722,0
18/09/2022,9992,480,2775,1983,0,2468,0
18/09/2022,4848,496,1922,2072,0,2867,0
18/09/2022,9751,341,1925,3868,0,2387,0
18/09/2022,6426,690,3382,1148,0,2621,0
18/09/2022,8939,557,3476,3676,0,1408,0
18/09/2022,10014,608,986,3757,0,3055,0
18/09/2022,9479,628,4114,2542,0,2637,0
18/09/2022,6898,392,3321,1067,0,2408,0
18/09/2022,10890,632,3398,3231,0,1520,0
18/09/2022,11209,334,2291,3313,0,1890,0
18/09/2022,5018,774,2764,1525,0,1494,0
19/09/2022,5496,360,3628,2871,0,1676,0
19/09/2022,7229,439,3327,2057,0,2976,0
19/09/2022,10325,567,3369,2592,0,1575,0
19/09/2022,8628,656,3745,3732,0,1206,0
19/09/2022,5726,307,1310,3585,0,2362,0
19/09/2022,7264,461,2138,3992,0,2177,0
19/09/2022,6717,297,963,1870,0,2882,0
19/09/2022,6126,284,1956,2664,0,2636,0
19/09/2022,7823,740,1471,1930,0,2625,0
19/09/2022,6954,653,2629,3139,0,3220,0
19/09/2022,6110,824,1557,2017,0,1650,0
19/09/2022,6436,401,3953,2136,0,2139,0
19/09/2022,9160,463,2384,4352,0,1335,0
19/09/2022,7313,504,1477,4393,0,1165,0
19/09/2022,5272,583,3485,2528,0,1533,0
20/09/2022,7907,436,1770,3717,0,2136,0
20/09/2022,10235,283,1501,2456,0,989,0
20/09/2022,5605,586,1428,3642,0,2231,0
20/09/2022,6313,374,4259,1495,0,1127,0
20/09/2022,6762,566,2074,1479,0,1938,0
20/09/2022,4968,547,2180,1579,0,1719,0
20/09/2022,7418,531,3808,3254,0,1397,0
20/09/2022,5174,497,3985,2641,0,1525,0
20/09/2022,5903,498,3273,2217,0,1638,0
20/09/2022,4307,301,2032,3112,0,2538,0
20/09/2022,6686,607,3155,3152,0,1342,0
20/09/2022,6802,548,3246,1976,0,3216,0
20/09/2022,7883,584,2268,3412,0,1025,0
20/09/2022,6783,402,1875,2563,0,1689,0
21/09/2022,6329,286,3000,1658,0,2755,0
21/09/2022,7737,332,2145,2105,0,1417,0
21/09/2022,7306,569,3136,3749,0,1419,0
21/09/2022,10336,608,2566,1484,0,2232,0
21/09/2022,7863,727,2291,2090,0,3186,0
21/09/2022,6327,384,4532,4067,0,2106,0
21/09/2022,6006,651,3083,1527,0,1964,0
21/09/2022,9121,366,2770,3139,0,1337,0
21/09/2022,5662,649,1228,1255,0,1056,0
21/09/2022,9328,344,3022,1319,0,1496,0
21/09/2022,6783,463,1620,1474,0,1822,0
21/09/2022,6267,400,2192,3120,0,2934,0
21/09/2022,4906,605,2624,2032,0,3569,0
21/09/2022,6784,761,1410,1325,0,1570,0
22/09/2022,8948,563,1380,2201,0,2010,0
22/09/2022,9094,489,4268,2330,0,2043,0
22/09/2022,9146,596,774,1331,0,1250,0
22/09/2022,8209,551,3083,1396,0,1041,0
22/09/2022,7202,518,2857,1059,0,2636,0
22/09/2022,8663,503,2017,3829,0,1535,0
22/09/2022,4405,471,1185,2057,0,3320,0
22/09/2022,5945,478,2806,3026,0,981,0
22/09/2022,9142,618,2515,3512,0,2230,0
22/09/2022,7809,606,1183,2776,0,1211,0
22/09/2022,5243,504,2518,3303,0,1369,0
22/09/2022,5208,567,3063,2769,0,1764,0
22/09/2022,6709,481,3749,2791,0,2656,0
22/09/2022,7648,347,4473,1646,0,1984,0
23/09/2022,4457,405,2491,2124,0,2643,0
23/09/2022,10395,409,3394,3818,0,877,0
23/09/2022,9808,416,3986,2967,0,1621,0
23/09/2022,5444,503,1893,1961,0,1651,0
23/09/2022,8622,485,1349,3376,0,2132,0
23/09/2022,5584,435,2596,3015,0,1752,0
23/09/2022,9479,468,2116,1598,0,1063,0
23/09/2022,6922,831,1519,1891,0,3092,0
23/09/2022,5179,606,1395,1821,0,2253,0
23/09/2022,8790,370,2460,3339,0,919,0
23/09/2022,6647,561,1471,2689,0,2407,0
23/09/2022,6638,693,951,1866,0,2180,0
23/09/2022,7156,308,2225,1367,0,1178,0
23/09/2022,11682,418,3133,3954,0,1597,0
24/09/2022,5699,508,3161,862,0,1425,0
24/09/2022,7913,543,3028,2999,0,1165,0
24/09/2022,4830,479,2241,2291,0,1786,0
24/09/2022,4763,394,2171,2917,0,2069,0
24/09/2022,5942,408,1800,3450,0,1847,0
24/09/2022,6375,569,1401,1477,0,1936,0
24/09/2022,4992,575,1509,3208,0,1510,0
24/09/2022,6631,450,1504,2335,0,2661,0
24/09/2022,4336,507,3438,2961,0,1161,0
24/09/2022,7864,408,2706,1532,0,3103,0
24/09/2022,10479,464,3831,1746,0,2753,0
24/09/2022,6721,277,1817,3082,0,1766,0
24/09/2022,6872,651,2418,3151,0,1473,0
24/09/2022,6285,388,3726,1954,0,2239,0
25/09/2022,4716,283,1165,1964,0,1272,0
25/09/2022,6693,728,3480,2541,0,2278,0
25/09/2022,7203,654,1306,3326,0,1765,0
25/09/2022,6533,602,3437,1889,0,1360,0
25/09/2022,7985,399,2111,3873,0,2453,0
25/09/2022,4814,337,1202,2482,0,2547,0
25/09/2022,7436,646,2769,2473,0,2093,0
25/09/2022,8669,634,4926,1762,0,3400,0
25/09/2022,6344,283,1736,3992,0,1496,0
25/09/2022,5255,532,3369,1599,0,2599,0
25/09/2022,7338,740,1246,1350,0,2231,0
25/09/2022,8908,602,3730,2315,0,1452,0
25/09/2022,7769,537,1916,3381,0,2331,0
25/09/2022,5128,714,1369,1880,0,1694,0
26/09/2022,10146,583,1314,2511,0,2795,0
26/09/2022,9103,719,4182,1763,0,2071,0
26/09/2022,9132,740,3808,1660,0,2408,0
26/09/2022,6272,486,2615,4113,0,2967,0
26/09/2022,4499,390,1370,1280,0,3702,0
26/09/2022,6411,766,1423,2519,0,2420,0
26/09/2022,7175,659,1782,4928,0,1786,0
26/09/2022,7842,342,1306,1464,0,1285,0
26/09/2022,10847,701,2618,1375,0,1412,0
26/09/2022,5939,746,1154,1150,0,1975,0
26/09/2022,7010,564,1852,4225,0,1960,0
26/09/2022,5621,439,4671,4145,0,2900,0
26/09/2022,5585,642,1501,3424,0,2510,0
26/09/2022,6679,352,3269,4356,0,1338,0
27/09/2022,8151,524,2397,1826,0,2598,0
27/09/2022,5478,526,2492,1370,0,1143,0
27/09/2022,7354,377,1355,2924,0,2279,0
27/09/2022,6119,519,3349,871,0,2479,0
27/09/2022,6340,421,924,1013,0,2933,0
27/09/2022,7976,847,2629,2316,0,1413,0
27/09/2022,8491,463,2636,1966,0,1923,0
27/09/2022,9055,341,2402,2951,0,816,0
27/09/2022,7701,486,2218,4772,0,1792,0
27/09/2022,6882,584,1356,1345,0,2884,0
27/09/2022,4941,457,1976,2456,0,2834,0
27/09/2022,8615,292,2775,2690,0,2610,0
27/09/2022,10880,400,1022,3682,0,1934,0
28/09/2022,9929,597,1086,1679,0,3013,0
28/09/2022,8479,542,1390,2627,0,1926,0
28/09/2022,5960,485,1909,4877,0,2371,0
28/09/2022,7182,336,1854,4246,0,1264,0
28/09/2022,7766,509,2582,2570,0,1477,0
28/09/2022,6822,414,2017,2845,0,1237,0
28/09/2022,6019,331,1894,3986,0,1556,0
28/09/2022,4692,399,3972,1323,0,2229,0
28/09/2022,4748,391,1520,1752,0,1817,0
28/09/2022,7733,654,2340,1527,0,1598,0
28/09/2022,6954,500,3711,3297,0,2317,0
28/09/2022,6514,472,2123,950,0,1549,0
28/09/2022,8732,344,1001,3715,0,3485,0
29/09/2022,12045,310,3852,2982,0,3343,0
29/09/2022,6763,665,2989,1847,0,1225,0
29/09/2022,6893,515,1397,2012,0,2287,0
29/09/2022,7235,332,2390,1364,0,1172,0
29/09/2022,6830,739,1184,3826,0,1448,0
29/09/2022,6909,517,2038,4194,0,2352,0
29/09/2022,4232,306,3179,2541,0,2378,0
29/09/2022,11052,629,1406,4365,0,1799,0
29/09/2022,6181,491,1431,2066,0,3071,0
29/09/2022,7209,405,1014,1524,0,1052,0
29/09/2022,6664,402,2438,2882,0,3731,0
29/09/2022,6700,641,3085,3425,0,2728,0
29/09/2022,6951,704,3037,3218,0,3011,0
29/09/2022,9077,354,3370,3741,0,2461,0
29/09/2022,6765,566,3529,1582,0,1686,0
30/09/2022,4146,554,1767,1178,0,2263,0
30/09/2022,6597,382,4089,3164,0,3454,0
30/09/2022,8012,575,1977,2988,0,2016,0
30/09/2022,8191,420,1887,1777,0,2448,0
30/09/2022,6545,632,2379,2853,0,1672,0
30/09/2022,7989,557,1667,3148,0,1128,0
30/09/2022,7239,518,2037,3659,0,1401,0
30/09/2022,6151,677,3720,2063,0,1712,0
30/09/2022,4904,469,2079,3232,0,1425,0
30/09/2022,5547,444,3958,4111,0,1803,0
30/09/2022,7553,476,1739,4001,0,2265,0
30/09/2022,5184,353,2558,3551,0,1216,0
30/09/2022,7735,417,1571,1497,0,1471,0
30/09/2022,6844,579,2998,2616,0,2401,0
01/10/2022,6687,657,2818,4020,0,1771,0
01/10/2022,11003,403,1805,2249,0,2368,0
01/10/2022,10001,395,3632,2767,0,2786,0
01/10/2022,5483,392,2206,4004,0,3032,0
01/10/2022,6817,346,3186,1667,0,3044,0
01/10/2022,5987,597,1569,2733,0,2140,0
01/10/2022,7360,288,1412,1330,0,2711,0
01/10/2022,5115,407,4441,1475,0,1688,0
01/10/2022,6396,643,1326,3748,0,1492,0
01/10/2022,5783,615,892,2642,0,1814,0
01/10/2022,7193,470,1950,2938,0,1617,0
01/10/2022,7754,411,2036,1594,0,2039,0
01/10/2022,6358,415,2439,1785,0,1510,0
01/10/2022,8625,594,1396,2699,0,1896,0
02/10/2022,7388,477,953,1284,0,3020,0
02/10/2022,8826,289,2921,2296,0,1896,0
02/10/2022,7736,615,1418,2973,0,1712,0
02/10/2022,6951,475,937,2004,0,1867,0
02/10/2022,8789,544,2978,1188,0,3077,0
02/10/2022,5904,513,3616,1049,0,3173,0
02/10/2022,7051,393,1740,1622,0,2442,0
02/10/2022,5982,595,1570,4265,0,2923,0
02/10/2022,6789,559,2177,1284,0,1826,0
02/10/2022,4996,386,1114,2655,0,1713,0
02/10/2022,4076,361,4149,2026,0,2189,0
02/10/2022,8910,313,1893,2121,0,2072,0
02/10/2022,5714,588,1102,3133,0,1805,0
02/10/2022,6500,835,2680,2979,0,2576,0
03/10/2022,5227,286,1677,4426,0,2225,0
03/10/2022,5142,496,1603,3410,0,1810,0
03/10/2022,8030,346,2029,1474,0,2130,0
03/10/2022,5667,621,1465,2560,0,934,0
03/10/2022,10001,387,3803,1035,0,2837,0
03/10/2022,11362,702,4082,1917,0,1882,0
03/10/2022,8742,360,1536,1886,0,2106,0
03/10/2022,5107,292,3991,3187,0,1423,0
03/10/2022,6482,618,2153,1528,0,1738,0
03/10/2022,9868,407,1993,1124,0,955,0
03/10/2022,6747,550,2009,1584,0,2130,0
03/10/2022,7043,345,3567,2640,0,1465,0
03/10/2022,8111,433,2607,1568,0,2546,0
03/10/2022,7412,575,1636,1610,0,1449,0
04/10/2022,9339,666,1654,3920,0,1378,0
04/10/2022,7502,527,2665,1957,0,1082,0
04/10/2022,6930,666,3239,3379,0,2024,0
04/10/2022,5258,470,2423,1052,0,1674,0
04/10/2022,6266,679,2873,2218,0,2429,0
04/10/2022,5726,297,1852,3656,0,1621,0
04/10/2022,6259,518,4076,3201,0,2537,0
04/10/2022,7969,478,3637,1800,0,2212,0
04/10/2022,9162,565,2002,3202,0,1775,0
04/10/2022,5851,562,3498,2611,0,2301,0
04/10/2022,5767,438,2307,1772,0,2841,0
04/10/2022,9592,641,2850,1510,0,2373,0
04/10/2022,10276,265,1779,2763,0,2379,0
04/10/2022,5980,402,1210,2920,0,1834,0
05/10/2022,10954,538,4267,1078,0,1887,0
05/10/2022,4066,443,3108,3185,0,2592,0
05/10/2022,7291,639,3560,3477,0,1709,0
05/10/2022,4344,558,2824,2522,0,2797,0
05/10/2022,7865,622,3718,3683,0,1960,0
05/10/2022,5587,412,2353,2189,0,1404,0
05/10/2022,10118,724,2760,3696,0,1333,0
05/10/2022,9833,328,2026,764,0,2792,0
05/10/2022,7141,491,2604,2632,0,1849,0
05/10/2022,5821,667,1258,3381,0,1373,0
05/10/2022,8748,536,2807,2593,0,2901,0
05/10/2022,5359,660,980,2776,0,1708,0
05/10/2022,7685,288,1273,1168,0,3118,0
05/10/2022,6148,544,2599,1938,0,2769,0
06/10/2022,9774,682,2985,1326,0,1299,0
06/10/2022,5215,450,2489,4523,0,1188,0
06/10/2022,4960,405,2144,2716,0,2315,0
06/10/2022,7397,323,2271,1284,0,2600,0
06/10/2022,9063,295,1246,1092,0,2959,0
06/10/2022,10556,546,2708,1378,0,2490,0
06/10/2022,7660,537,1082,2935,0,1973,0
06/10/2022,6345,491,4205,2220,0,1220,0
06/10/2022,8095,404,3724,3072,0,2198,0
06/10/2022,9544,425,2498,1442,0,1936,0
06/10/2022,8416,494,2410,3605,0,1518,0
06/10/2022,6548,521,3958,1674,0,1490,0
06/10/2022,10126,455,3113,2101,0,1876,0
06/10/2022,9418,392,2691,3297,0,2027,0
07/10/2022,10952,335,2586,1051,0,1900,0
07/10/2022,9303,434,2672,1205,0,2778,0
07/10/2022,5134,668,1432,3846,0,1536,0
07/10/2022,6001,475,1134,3510,0,2665,0
07/10/2022,10517,415,3300,3423,0,1274,0
07/10/2022,6381,495,2322,1277,0,1525,0
07/10/2022,7060,311,2568,2860,0,2705,0
07/10/2022,7324,423,1173,2419,0,867,0
07/10/2022,10333,286,1995,3328,0,2157,0
07/10/2022,9384,575,915,1149,0,2517,0
07/10/2022,7879,468,1199,2132,0,1667,0
07/10/2022,9499,546,1893,1271,0,891,0
07/10/2022,8737,539,2678,1942,0,1243,0
07/10/2022,8625,390,3438,2081,0,2853,0
08/10/2022,7354,570,3146,3405,0,1124,0
08/10/2022,4872,351,4239,1734,0,1128,0
08/10/2022,6605,630,3454,2146,0,1414,0
08/10/2022,6664,530,1844,2243,0,1749,0
08/10/2022,7159,676,2240,1600,0,2874,0
08/10/2022,9391,460,2564,2750,0,1575,0
08/10/2022,9761,318,2285,3571,0,803,0
08/10/2022,5844,597,966,3589,0,772,0
08/10/2022,9767,522,1485,2803,0,2394,0
08/10/2022,10605,604,1518,2976,0,2386,0
08/10/2022,5293,681,1286,2416,0,1981,0
08/10/2022,10724,339,2790,1545,0,2135,0
08/10/2022,7385,664,2251,3978,0,1255,0
08/10/2022,6753,767,1863,2613,0,1914,0
09/10/2022,11196,359,1857,1789,0,1883,0
09/10/2022,6302,512,3034,1458,0,1553,0
09/10/2022,6464,287,1624,4546,0,1251,0
09/10/2022,7030,681,1329,1271,0,2396,0
09/10/2022,9158,360,3369,2043,0,2043,0
09/10/2022,6139,403,3946,2431,0,2215,0
09/10/2022,7179,629,1932,3545,0,2297,0
09/10/2022,5583,736,1841,3696,0,2739,0
09/10/2022,5668,463,4047,2192,0,1430,0
09/10/2022,5860,537,2280,1475,0,1365,0
09/10/2022,5333,283,2889,3632,0,2555,0
09/10/2022,6930,696,3249,4569,0,3202,0
09/10/2022,7786,641,3642,1904,0,2511,0
09/10/2022,6014,307,4144,2793,0,1463,0
10/10/2022,9459,560,1164,2494,0,2226,0
10/10/2022,11258,511,4321,1214,0,1303,0
10/10/2022,8087,346,2502,1297,0,2582,0
10/10/2022,9062,717,3399,2859,0,2907,0
10/10/2022,6086,405,2270,1117,0,1435,0
10/10/2022,9406,647,2467,1476,0,1939,0
10/10/2022,8659,590,2051,2666,0,1385,0
10/10/2022,6116,682,2507,1060,0,1656,0
10/10/2022,8224,491,995,1976,0,2095,0
10/10/2022,9859,481,2083,1554,0,2151,0
10/10/2022,5470,449,4062,3845,0,3179,0
10/10/2022,8929,352,2110,4013,0,2309,0
10/10/2022,6181,643,2669,1837,0,2286,0
10/10/2022,6942,596,1977,2010,0,3478,0
11/10/2022,9915,571,1103,3080,0,1105,0
11/10/2022,6772,532,2922,1047,0,2814,0
11/10/2022,8856,385,2339,2824,0,1955,0
11/10/2022,6791,371,1030,1328,0,1914,0
11/10/2022,6415,605,3341,1059,0,2423,0
11/10/2022,11994,706,2951,2559,0,789,0
11/10/2022,7505,476,3479,2241,0,1294,0
11/10/2022,8456,555,2167,896,0,1592,0
11/10/2022,6745,534,1159,1647,0,2236,0
11/10/2022,9585,501,1597,1395,0,1427,0
11/10/2022,6864,555,2747,3013,0,2956,0
11/10/2022,5065,685,2401,2195,0,2693,0
11/10/2022,10069,601,1588,1696,0,1698,0
11/10/2022,5119,638,1496,1297,0,2726,0
12/10/2022,7734,354,3345,2541,0,1122,0
12/10/2022,7519,352,1363,1825,0,1864,0
12/10/2022,6091,513,3199,2006,0,2990,0
12/10/2022,4823,627,4242,1184,0,1615,0
12/10/2022,8115,503,2836,1185,0,2557,0
12/10/2022,8781,369,2056,3124,0,2341,0
12/10/2022,10469,645,2248,1593,0,2062,0
12/10/2022,7202,638,1191,2311,0,1925,0
12/10/2022,6166,337,3980,1040,0,2681,0
12/10/2022,8620,400,3723,4325,0,2135,0
12/10/2022,6126,463,2454,2392,0,2389,0
12/10/2022,5590,661,1166,1888,0,1637,0
12/10/2022,7832,436,3362,3298,0,2233,0
12/10/2022,4424,358,1554,3115,0,1224,0
13/10/2022,9937,722,1573,1682,0,2762,0
13/10/2022,6254,356,1826,2774,0,1318,0
13/10/2022,12085,499,3003,2573,0,1910,0
13/10/2022,5757,350,3703,3062,0,3209,0
13/10/2022,9587,368,3241,3638,0,1311,0
13/10/2022,4633,462,2793,3368,0,1266,0
13/10/2022,5326,610,4243,4313,0,1970,0
13/10/2022,8867,465,2765,2775,0,2048,0
13/10/2022,8933,662,2028,2633,0,1076,0
13/10/2022,5713,460,1501,1448,0,1220,0
13/10/2022,7346,425,3174,3176,0,2256,0
13/10/2022,7988,552,2884,1661,0,2387,0
13/10/2022,8366,455,1019,1867,0,1369,0
13/10/2022,5319,413,2740,3651,0,1282,0
14/10/2022,8220,418,1681,3022,0,1057,0
14/10/2022,6283,383,2029,2970,0,1666,0
14/10/2022,8703,440,1488,1287,0,2556,0
14/10/2022,5922,578,1700,1896,0,1828,0
14/10/2022,8571,475,1126,1421,0,1449,0
14/10/2022,5728,622,3142,3360,0,1745,0
14/10/2022,6019,298,2874,2736,0,2161,0
14/10/2022,7211,505,3975,3010,0,2217,0
14/10/2022,10020,349,1563,780,0,1643,0
14/10/2022,10162,455,1610,3290,0,3123,0
14/10/2022,9256,395,837,2596,0,2404,0
14/10/2022,6856,717,2729,2061,0,2748,0
14/10/2022,5653,461,2384,1921,0,1431,0
14/10/2022,8688,377,1888,2122,0,1656,0
15/10/2022,6613,481,3735,979,0,919,0
15/10/2022,9204,665,3016,3636,0,1486,0
15/10/2022,7350,437,1909,2605,0,1103,0
15/10/2022,6485,513,4239,2690,0,2440,0
15/10/2022,8777,453,952,1780,0,2170,0
15/10/2022,11008,467,2246,3832,0,1542,0
15/10/2022,6514,261,1874,2062,0,1705,0
15/10/2022,7940,381,1924,4157,0,2174,0
15/10/2022,5525,724,1872,3270,0,1691,0
15/10/2022,5798,603,3080,2531,0,1423,0
15/10/2022,8055,732,4309,2656,0,1675,0
15/10/2022,12390,612,4303,1303,0,2206,0
15/10/2022,7481,368,4265,1354,0,2794,0
15/10/2022,6306,476,3399,906,0,1664,0
16/10/2022,9470,387,1946,1479,0,1919,0
16/10/2022,8979,463,3441,3209,0,2566,0
16/10/2022,8388,423,1665,4333,0,2286,0
16/10/2022,9403,474,2608,1056,0,2448,0
16/10/2022,6458,626,967,1156,0,2901,0
16/10/2022,9071,441,1229,2327,0,1604,0
16/10/2022,7162,512,2495,1474,0,954,0
16/10/2022,7387,630,1656,3065,0,1729,0
16/10/2022,6925,434,4319,3134,0,859,0
16/10/2022,6353,594,1248,3487,0,2838,0
16/10/2022,8873,549,3944,1829,0,2408,0
16/10/2022,8002,436,2235,980,0,2195,0
16/10/2022,7117,601,1585,2501,0,1508,0
16/10/2022,6643,464,3092,1304,0,1368,0
17/10/2022,6373,307,3362,1779,0,3074,0
17/10/2022,8035,570,2446,2663,0,1127,0
17/10/2022,6226,497,1424,2263,0,1967,0
17/10/2022,5827,337,2583,2661,0,895,0
17/10/2022,5503,247,2140,4034,0,1880,0
17/10/2022,7213,374,1720,1994,0,2062,0
17/10/2022,8817,486,3445,1627,0,924,0
17/10/2022,4618,773,3313,2454,0,1398,0
17/10/2022,7894,341,2501,1853,0,2490,0
17/10/2022,8311,394,2623,3760,0,1238,0
17/10/2022,7985,536,1277,2650,0,2237,0
17/10/2022,6685,412,2878,3657,0,804,0
17/10/2022,7563,447,1664,3642,0,2134,0
17/10/2022,5583,416,2826,2213,0,1915,0
18/10/2022,10348,718,3746,3640,0,984,0
18/10/2022,8311,525,1312,3241,0,2069,0
18/10/2022,7218,615,4417,2725,0,2847,0
18/10/2022,5121,431,4560,1850,0,977,0
18/10/2022,7973,379,3105,1394,0,2323,0
18/10/2022,10870,383,3380,2946,0,2443,0
18/10/2022,8990,404,2230,1353,0,1577,0
18/10/2022,6153,634,2814,2260,0,2396,0
18/10/2022,5047,799,3272,1242,0,2933,0
18/10/2022,5512,608,3019,1183,0,1849,0
18/10/2022,9378,467,2050,3880,0,1524,0
18/10/2022,7878,595,3082,3628,0,2671,0
18/10/2022,8019,358,2537,2667,0,1692,0
18/10/2022,6545,552,1773,3759,0,971,0
19/10/2022,4959,564,4514,3394,0,1489,0
19/10/2022,11878,479,3810,3342,0,1549,0
19/10/2022,4734,376,3536,1669,0,3071,0
19/10/2022,6588,435,2775,3124,0,2169,0
19/10/2022,5860,384,1420,3869,0,3125,0
19/10/2022,6171,737,2404,1967,0,2597,0
19/10/2022,6934,278,2817,3862,0,2199,0
19/10/2022,10027,689,2805,1919,0,2014,0
19/10/2022,8349,343,3247,1858,0,2611,0
19/10/2022,4385,479,3201,2419,0,3063,0
19/10/2022,6521,290,1748,1211,0,1648,0
19/10/2022,9102,636,1243,2647,0,2603,0
19/10/2022,9433,505,2367,4714,0,2013,0
19/10/2022,9573,596,1468,2812,0,2944,0
20/10/2022,11514,568,1963,4348,0,1079,0
20/10/2022,4490,396,2347,1969,0,1947,0
20/10/2022,8765,339,2390,1385,0,1239,0
20/10/2022,7127,500,3199,917,0,1032,0
20/10/2022,8307,436,892,1649,0,2104,0
20/10/2022,6186,715,4444,2108,0,1812,0
20/10/2022,4715,492,3133,3801,0,2422,0
20/10/2022,6123,569,2263,2381,0,1897,0
20/10/2022,7628,604,4213,1099,0,1948,0
20/10/2022,4680,468,1589,2235,0,1511,0
20/10/2022,6099,781,3409,2890,0,2604,0
20/10/2022,7422,463,4528,2592,0,1753,0
20/10/2022,9068,424,828,1550,0,1569,0
20/10/2022,8516,776,1281,3342,0,2134,0
21/10/2022,7937,540,2443,2597,0,1189,0
21/10/2022,5887,796,3184,2609,0,3331,0
21/10/2022,8309,325,1737,3599,0,1314,0
21/10/2022,7787,593,2289,3211,0,1951,0
21/10/2022,7071,540,2302,3429,0,1732,0
21/10/2022,5878,556,2394,3330,0,2489,0
21/10/2022,7253,380,2538,2618,0,2827,0
21/10/2022,7609,322,3206,1829,0,2526,0
21/10/2022,4388,383,1743,2849,0,3376,0
21/10/2022,10769,356,1220,1656,0,1160,0
21/10/2022,5623,633,1982,4340,0,3056,0
21/10/2022,8136,534,1621,2446,0,2824,0
21/10/2022,6402,647,1903,2707,0,1325,0
21/10/2022,8972,516,1847,1758,0,2076,0
21/10/2022,8392,500,1333,2967,0,1415,0
22/10/2022,6047,336,3097,3280,0,1094,0
22/10/2022,11548,380,2302,4492,0,1093,0
22/10/2022,8024,530,1701,2269,0,2948,0
22/10/2022,7834,361,1379,1243,0,1967,0
22/10/2022,4850,528,2376,2878,0,1384,0
22/10/2022,5268,335,1250,1954,0,2466,0
22/10/2022,5264,699,3242,2871,0,1563,0
22/10/2022,8163,476,4100,1154,0,824,0
22/10/2022,8337,565,2542,1791,0,2404,0
22/10/2022,8058,655,4352,3878,0,2671,0
22/10/2022,7616,353,3369,3404,0,1495,0
22/10/2022,4959,800,2198,2287,0,1146,0
22/10/2022,9125,310,1121,2150,0,3651,0
22/10/2022,8989,512,2983,2600,0,2178,0
22/10/2022,8247,500,4391,2489,0,3148,0
23/10/2022,7166,763,3482,1681,0,3349,0
23/10/2022,7376,428,2556,3700,0,1475,0
23/10/2022,7624,484,3794,3333,0,2825,0
23/10/2022,6868,332,2669,1468,0,887,0
23/10/2022,7849,580,2699,1854,0,3596,0
23/10/2022,7560,483,1454,3563,0,1794,0
23/10/2022,4975,413,3260,3812,0,2522,0
23/10/2022,10679,490,1794,2680,0,2107,0
23/10/2022,4249,415,1667,3354,0,1365,0
23/10/2022,9056,447,3129,1433,0,836,0
23/10/2022,4901,296,1599,2569,0,2092,0
23/10/2022,8311,313,1508,2991,0,1089,0
23/10/2022,6891,559,4398,3205,0,2276,0
23/10/2022,5942,605,2058,2013,0,1206,0
24/10/2022,4577,646,1030,3478,0,2096,0
24/10/2022,8400,428,1657,2299,0,1381,0
24/10/2022,6820,395,2859,2394,0,2985,0
24/10/2022,7172,573,2346,2034,0,1310,0
24/10/2022,5138,679,2411,3191,0,2345,0
24/10/2022,8431,702,1921,1811,0,2817,0
24/10/2022,6699,615,2258,1722,0,2498,0
24/10/2022,6731,300,2039,2751,0,2950,0
24/10/2022,7031,539,2959,2040,0,1431,0
24/10/2022,7671,276,1449,1760,0,2205,0
24/10/2022,8569,459,3762,1723,0,2215,0
24/10/2022,5314,621,2591,2860,0,1877,0
24/10/2022,6263,332,1083,2497,0,1401,0
24/10/2022,5440,357,3069,1584,0,1846,0
24/10/2022,6227,568,3185,3591,0,2412,0
25/10/2022,6676,392,3031,1267,0,902,0
25/10/2022,5783,448,1456,3038,0,1593,0
25/10/2022,5894,501,2692,3107,0,1051,0
25/10/2022,10017,604,2804,2709,0,1165,0
25/10/2022,9094,527,2229,3668,0,2633,0
25/10/2022,6933,304,2591,1291,0,1249,0
25/10/2022,5553,727,1809,3294,0,2965,0
25/10/2022,10853,562,2097,1933,0,2349,0
25/10/2022,6939,465,1306,1623,0,1809,0
25/10/2022,7188,322,1466,1699,0,2344,0
25/10/2022,5329,670,3093,1921,0,1136,0
25/10/2022,7766,602,2610,3560,0,2340,0
25/10/2022,8754,359,2690,1203,0,1002,0
26/10/2022,7430,653,1529,2685,0,2353,0
26/10/2022,7307,496,2421,1457,0,1849,0
26/10/2022,10053,504,1387,1924,0,2150,0
26/10/2022,10592,619,3471,3892,0,2740,0
26/10/2022,10619,555,2103,2702,0,1446,0
26/10/2022,6813,427,1441,4364,0,1580,0
26/10/2022,6197,292,2960,3165,0,2038,0
26/10/2022,8134,559,3691,2523,0,3194,0
26/10/2022,5716,671,2187,1139,0,1884,0
26/10/2022,9304,408,2457,3023,0,1610,0
26/10/2022,7627,517,2655,2177,0,2893,0
26/10/2022,7991,366,1312,2061,0,2295,0
26/10/2022,9222,267,2274,2274,0,1878,0
26/10/2022,6766,408,2403,4574,0,1503,0
27/10/2022,7791,401,1889,2659,0,2740,0
27/10/2022,6698,543,2271,4053,0,1951,0
27/10/2022,11065,604,1719,4812,0,1368,0
27/10/2022,5123,454,2607,1218,0,2354,0
27/10/2022,7773,667,2325,1669,0,2060,0
27/10/2022,6985,581,3879,2909,0,2153,0
27/10/2022,7114,274,1613,1923,0,1891,0
27/10/2022,4818,733,3399,1118,0,1378,0
27/10/2022,7601,602,1731,1197,0,1675,0
27/10/2022,8544,439,1807,911,0,2343,0
27/10/2022,8922,558,1088,2895,0,3274,0
27/10/2022,5258,508,902,3791,0,2950,0
27/10/2022,5820,276,2517,2951,0,2129,0
27/10/2022,9976,451,1618,2431,0,3210,0
27/10/2022,9307,252,4509,3611,0,2274,0
28/10/2022,8637,513,2990,3159,0,1422,0
28/10/2022,7876,484,3435,3252,0,2200,0
28/10/2022,8496,342,1674,1182,0,1180,0
28/10/2022,7503,802,2094,2526,0,1751,0
28/10/2022,6557,680,3547,2041,0,1390,0
28/10/2022,9047,508,2113,1109,0,1439,0
28/10/2022,7060,530,1875,2221,0,1637,0
28/10/2022,8500,457,2407,3924,0,1637,0
28/10/2022,4759,615,1428,3380,0,1638,0
28/10/2022,10274,636,1061,4363,0,2755,0
28/10/2022,6130,513,2140,4003,0,1171,0
28/10/2022,6383,494,3199,2851,0,1225,0
28/10/2022,6633,522,1333,2465,0,1779,0
28/10/2022,6727,759,2436,4123,0,1999,0
28/10/2022,7058,496,1173,4221,0,1016,0
29/10/2022,8399,311,2992,3278,0,1980,0
29/10/2022,9168,673,1500,3319,0,1800,0
29/10/2022,6084,423,1849,2549,0,1220,0
29/10/2022,5466,355,2606,2543,0,1667,0
29/10/2022,8081,305,1179,2120,0,1562,0
29/10/2022,8974,664,1948,1899,0,1650,0
29/10/2022,6799,295,2829,3580,0,2041,0
29/10/2022,6932,635,3885,2320,0,1233,0
29/10/2022,4216,382,1748,1446,0,1716,0
29/10/2022,8297,732,2547,2718,0,1609,0
29/10/2022,7484,809,1937,3224,0,1054,0
29/10/2022,5517,598,1617,3727,0,1595,0
29/10/2022,10435,703,1756,1384,0,2992,0
29/10/2022,7911,458,1856,3528,0,2564,0
29/10/2022,6814,349,2717,2271,0,2606,0
30/10/2022,7649,331,2034,1263,0,2413,0
30/10/2022,6481,494,1962,4019,0,1312,0
30/10/2022,7127,500,4464,3043,0,2430,0
30/10/2022,6612,466,1131,1448,0,2574,0
30/10/2022,9362,436,1087,1040,0,2873,0
30/10/2022,9846,418,936,1325,0,1972,0
30/10/2022,5423,607,3199,2988,0,2364,0
30/10/2022,4255,693,3583,1332,0,2098,0
30/10/2022,7999,307,3738,4306,0,2671,0
30/10/2022,9226,770,981,1684,0,2197,0
30/10/2022,5276,306,3598,2541,0,2478,0
30/10/2022,10197,534,2331,1763,0,1783,0
30/10/2022,8329,459,3217,2352,0,1692,0
30/10/2022,8170,431,2458,3687,0,1683,0
30/10/2022,9752,318,2219,1307,0,2354,0
31/10/2022,5176,389,2863,2251,0,1364,0
31/10/2022,6237,585,2467,4007,0,2560,0
31/10/2022,6649,464,3765,2727,0,924,0
31/10/2022,7988,777,1356,3025,0,937,0
31/10/2022,7064,394,1454,2227,0,1066,0
31/10/2022,11486,606,3534,2032,0,2278,0
31/10/2022,6108,586,3023,3130,0,2014,0
31/10/2022,8955,557,3966,2420,0,2638,0
31/10/2022,8599,298,1400,2737,0,2130,0
31/10/2022,7510,854,3950,2388,0,2191,0
31/10/2022,5618,606,2780,1641,0,3439,0
31/10/2022,10211,379,2342,3958,0,2193,0
31/10/2022,9471,621,3665,1542,0,1121,0
31/10/2022,6136,345,1788,1589,0,1646,0
31/10/2022,7159,349,2939,2329,0,1921,0
01/11/2022,8123,723,1135,1610,0,2352,0
01/11/2022,8324,400,1958,2570,0,874,0
01/11/2022,9728,585,3291,3910,0,1523,0
01/11/2022,5470,403,2550,1317,0,1535,0
01/11/2022,7853,637,1359,2091,0,1089,0
01/11/2022,5922,706,1625,1329,0,2599,0
01/11/2022,10127,464,2308,1818,0,1892,0
01/11/2022,5044,532,2530,2958,0,1656,0
01/11/2022,5393,649,3843,1557,0,1611,0
01/11/2022,7244,432,3427,3049,0,1401,0
01/11/2022,7527,556,3150,1251,0,2325,0
01/11/2022,7235,369,2998,2696,0,1958,0
01/11/2022,4923,416,3382,2784,0,2438,0
01/11/2022,5539,551,2216,1159,0,2963,0
01/11/2022,5491,534,1767,2750,0,2417,0
01/11/2022,7079,561,2049,3399,0,2588,0
02/11/2022,5916,350,3798,1032,0,1931,0
02/11/2022,8257,397,2536,1828,0,1184,0
02/11/2022,8702,553,3253,1868,0,1522,0
02/11/2022,8024,453,3490,4076,0,1940,0
02/11/2022,5187,551,1084,3755,0,1708,0
02/11/2022,8381,503,3961,2050,0,2060,0
02/11/2022,5416,449,2387,3059,0,2311,0
02/11/2022,5006,381,4459,1227,0,1651,0
02/11/2022,4552,315,1707,1538,0,2644,0
02/11/2022,9650,577,3201,2245,0,2534,0
02/11/2022,7172,629,2249,1716,0,1519,0
02/11/2022,5236,584,1781,4233,0,1329,0
02/11/2022,5020,480,1619,1810,0,1481,0
02/11/2022,9960,445,3675,1246,0,1263,0
02/11/2022,7077,297,1402,2431,0,2894,0
02/11/2022,6260,318,1334,2262,0,3078,0
03/11/2022,9264,421,1262,2751,0,2262,0
03/11/2022,7265,487,3100,2471,0,2848,0
03/11/2022,6379,479,4263,2938,0,2165,0
03/11/2022,6652,418,1364,1853,0,3246,0
03/11/2022,5113,649,2865,1939,0,1534,0
03/11/2022,9177,627,3014,1475,0,2879,0
03/11/2022,8564,470,1719,1396,0,3385,0
03/11/2022,10195,251,2294,3443,0,3116,0
03/11/2022,7041,523,4360,2245,0,2674,0
03/11/2022,4885,605,4260,2749,0,2463,0
03/11/2022,4856,616,1000,3633,0,2410,0
03/11/2022,8642,665,2437,2056,0,3202,0
03/11/2022,8922,422,2749,3471,0,1361,0
03/11/2022,9373,365,856,2809,0,1940,0
03/11/2022,6192,498,3160,2018,0,1525,0
04/11/2022,6946,450,4226,3606,0,1609,0
04/11/2022,11162,606,2008,1079,0,1288,0
04/11/2022,7189,361,2630,2644,0,2121,0
04/11/2022,9407,331,4295,3497,0,1554,0
04/11/2022,8714,546,2103,1345,0,1530,0
04/11/2022,5637,670,1146,2401,0,1626,0
04/11/2022,8609,832,2824,2153,0,2120,0
04/11/2022,4759,527,2387,2210,0,1374,0
04/11/2022,7909,444,2647,3246,0,2082,0
04/11/2022,5875,434,1729,2689,0,2570,0
04/11/2022,9306,411,3142,3881,0,1617,0
04/11/2022,5797,656,1358,3812,0,2428,0
04/11/2022,8900,365,1269,3069,0,1136,0
04/11/2022,10247,544,4573,4038,0,2037,0
04/11/2022,8723,665,3107,2785,0,2129,0
05/11/2022,6154,553,2775,2931,0,2894,0
05/11/2022,11673,533,3914,2929,0,3172,0
05/11/2022,6716,637,4600,3841,0,1922,0
05/11/2022,8391,455,1129,2354,0,2446,0
05/11/2022,8825,360,2154,3025,0,3414,0
05/11/2022,7620,538,3478,2593,0,1763,0
05/11/2022,7112,269,1952,2696,0,2683,0
05/11/2022,7254,305,3612,3445,0,2624,0
05/11/2022,6957,538,1992,1681,0,1563,0
05/11/2022,5256,481,1607,2465,0,1154,0
05/11/2022,6664,373,2542,1621,0,1788,0
05/11/2022,5608,814,1267,3743,0,803,0
05/11/2022,5172,303,2797,3848,0,1120,0
05/11/2022,6526,326,1599,3147,0,2625,0
05/11/2022,10173,615,1357,1843,0,2713,0
05/11/2022,5014,606,3082,1152,0,2724,0
06/11/2022,8627,460,1196,1134,0,2134,0
06/11/2022,4287,566,3283,3450,0,1156,0
06/11/2022,7436,555,2270,3135,0,1477,0
06/11/2022,8938,347,822,2524,0,2340,0
06/11/2022,8890,647,2209,2461,0,2860,0
06/11/2022,5966,594,2208,4187,0,1762,0
06/11/2022,5855,535,2847,2947,0,2754,0
06/11/2022,8388,285,3184,3102,0,1140,0
06/11/2022,5024,459,2191,1464,0,1582,0
06/11/2022,6684,559,4050,3901,0,1078,0
06/11/2022,5308,382,2409,2659,0,1238,0
06/11/2022,8131,380,4005,1047,0,1419,0
06/11/2022,7506,430,4088,1810,0,1409,0
06/11/2022,5662,451,3172,3540,0,3054,0
06/11/2022,8932,743,4509,1673,0,2396,0
07/11/2022,5690,323,2536,887,0,2285,0
07/11/2022,4534,503,1167,2789,0,1576,0
07/11/2022,4558,568,3522,2664,0,1956,0
07/11/2022,7000,577,3298,2397,0,2126,0
07/11/2022,7361,609,2024,3497,0,2220,0
07/11/2022,7397,535,1340,1185,0,1447,0
07/11/2022,9701,484,3766,3695,0,2671,0
07/11/2022,6772,435,4988,2834,0,2085,0
07/11/2022,8115,618,2483,1342,0,1936,0
07/11/2022,7441,440,1529,2480,0,1695,0
07/11/2022,7480,392,2620,2707,0,2312,0
07/11/2022,6452,623,1286,4116,0,1553,0
07/11/2022,6993,546,2509,2862,0,2141,0
07/11/2022,6764,624,2016,2949,0,2114,0
07/11/2022,7062,468,1378,1660,0,2251,0
07/11/2022,9218,510,1219,1107,0,1727,0
08/11/2022,7263,504,2182,1666,0,2263,0
08/11/2022,5651,597,2412,2587,0,2056,0
08/11/2022,5747,433,4539,1547,0,1633,0
08/11/2022,7241,326,3127,1098,0,1467,0
08/11/2022,4945,436,2766,3946,0,3151,0
08/11/2022,8985,436,3182,966,0,1772,0
08/11/2022,9111,562,2168,1760,0,2835,0
08/11/2022,7756,423,1876,3760,0,2054,0
08/11/2022,5960,666,4343,4071,0,2222,0
08/11/2022,9683,521,2780,2766,0,1794,0
08/11/2022,9648,616,1002,2848,0,2419,0
08/11/2022,6813,320,1487,3288,0,1667,0
08/11/2022,9105,649,3555,2499,0,1226,0
08/11/2022,8962,673,2574,2826,0,2112,0
08/11/2022,8003,730,2757,3318,0,2274,0
08/11/2022,5307,402,2385,1370,0,3010,0
09/11/2022,7123,630,2446,1785,0,3123,0
09/11/2022,9054,478,1552,1317,0,3123,0
09/11/2022,5443,534,1646,1289,0,1460,0
09/11/2022,5782,429,2427,3073,0,1221,0
09/11/2022,11542,377,3011,2669,0,1761,0
09/11/2022,8171,377,2584,2409,0,1140,0
09/11/2022,8298,428,2402,1190,0,2164,0
09/11/2022,8240,471,3824,2500,0,1562,0
09/11/2022,5743,413,2712,1175,0,2493,0
09/11/2022,5476,625,1799,1282,0,2466,0
09/11/2022,4634,510,3856,2796,0,3241,0
09/11/2022,8004,476,2177,1724,0,2145,0
09/11/2022,9520,472,3221,1598,0,1297,0
09/11/2022,7917,600,1402,3399,0,2007,0
09/11/2022,7138,646,3187,1797,0,1781,0
10/11/2022,9408,459,2158,1381,0,1859,0
10/11/2022,6554,590,1909,2307,0,1070,0
10/11/2022,10048,548,3035,2558,0,2803,0
10/11/2022,9615,472,2800,1087,0,2000,0
10/11/2022,6604,432,4023,1551,0,1478,0
10/11/2022,6495,329,1082,2084,0,1936,0
10/11/2022,7060,332,1193,2986,0,1536,0
10/11/2022,7674,494,1334,2091,0,2009,0
10/11/2022,9844,619,3035,4506,0,2832,0
10/11/2022,6950,597,3256,3035,0,1769,0
10/11/2022,8416,524,3178,1699,0,1784,0
10/11/2022,5499,312,1073,1761,0,1169,0
10/11/2022,6581,558,1531,1166,0,1444,0
10/11/2022,4818,359,2806,1012,0,2051,0
10/11/2022,6748,550,3272,4395,0,3087,0
11/11/2022,7560,525,1029,1652,0,1117,0
11/11/2022,6722,600,1282,3101,0,2706,0
11/11/2022,7216,720,2436,2380,0,1756,0
11/11/2022,8103,743,1342,3147,0,1792,0
11/11/2022,7397,556,1442,2053,0,1187,0
11/11/2022,6994,532,2765,2958,0,2329,0
11/11/2022,6639,252,3632,2304,0,1972,0
11/11/2022,7836,672,3000,3242,0,2127,0
11/11/2022,6283,520,2887,1341,0,896,0
11/11/2022,8657,543,2722,2191,0,2414,0
11/11/2022,6651,294,4559,1520,0,1602,0
11/11/2022,7207,341,2921,3522,0,1382,0
11/11/2022,7478,433,4732,2471,0,2785,0
11/11/2022,10959,311,1870,2107,0,3013,0
11/11/2022,5944,460,2855,1293,0,1320,0
12/11/2022,8737,464,1565,3024,0,1738,0
12/11/2022,6114,439,3487,2994,0,2089,0
12/11/2022,10198,646,2457,3166,0,1792,0
12/11/2022,11032,705,3626,4458,0,1975,0
12/11/2022,5864,505,2510,4206,0,2348,0
12/11/2022,5191,699,1619,4125,0,995,0
12/11/2022,5417,468,2195,3270,0,2092,0
12/11/2022,8940,523,2528,1702,0,3304,0
12/11/2022,8793,384,3010,3855,0,1899,0
12/11/2022,7366,312,3028,2371,0,1427,0
12/11/2022,6992,421,3106,3460,0,1085,0
12/11/2022,11831,346,1043,4105,0,2940,0
12/11/2022,9873,425,2644,1662,0,1478,0
12/11/2022,8876,297,2641,2298,0,1337,0
12/11/2022,10674,245,3814,2676,0,2554,0
13/11/2022,8609,688,3009,2613,0,1478,0
13/11/2022,6379,303,1997,3681,0,3157,0
13/11/2022,6030,299,1357,2688,0,1039,0
13/11/2022,9470,566,2948,1657,0,2968,0
13/11/2022,8627,497,3315,1303,0,2341,0
13/11/2022,5472,511,2742,3598,0,1406,0
13/11/2022,5019,522,2339,2731,0,3098,0
13/11/2022,6011,504,3451,2646,0,3240,0
13/11/2022,5989,359,1244,1655,0,2894,0
13/11/2022,8041,825,1762,2437,0,1885,0
13/11/2022,8438,311,3558,1981,0,1097,0
13/11/2022,5551,736,1442,2381,0,1011,0
13/11/2022,8723,264,4661,2964,0,2573,0
13/11/2022,6016,385,2467,3189,0,1358,0
14/11/2022,8161,366,1651,2783,0,2627,0
14/11/2022,6277,543,1034,4079,0,2668,0
14/11/2022,5094,635,2522,1809,0,1946,0
14/11/2022,7670,433,4660,1083,0,2550,0
14/11/2022,6233,364,1452,3108,0,2602,0
14/11/2022,7262,631,1853,2920,0,1572,0
14/11/2022,7686,667,1899,1013,0,1871,0
14/11/2022,8854,397,2082,1234,0,2124,0
14/11/2022,6304,623,2434,2839,0,2378,0
14/11/2022,9149,500,2541,3790,0,1899,0
14/11/2022,7523,422,3720,4042,0,1451,0
14/11/2022,7370,381,3309,3098,0,1550,0
14/11/2022,6404,529,3776,2837,0,2005,0
14/11/2022,7028,747,1980,1275,0,2052,0
14/11/2022,8181,373,2135,1585,0,2550,0
14/11/2022,7001,401,2624,3351,0,2642,0
15/11/2022,11340,402,2599,4818,0,2247,0
15/11/2022,6347,840,1061,1121,0,1042,0
15/11/2022,7480,641,1265,3311,0,2044,0
15/11/2022,5370,717,1127,1911,0,1450,0
15/11/2022,6269,735,2641,4331,0,2885,0
15/11/2022,8763,786,2402,1594,0,1439,0
15/11/2022,4311,526,1203,2680,0,1870,0
15/11/2022,5531,647,2665,3770,0,2616,0
15/11/2022,6395,346,2877,3292,0,2264,0
15/11/2022,8798,385,4231,1261,0,2141,0
15/11/2022,7649,664,2921,2651,0,1186,0
15/11/2022,11691,546,2783,3567,0,2075,0
15/11/2022,5902,510,938,2154,0,2444,0
15/11/2022,10403,685,1816,4046,0,1926,0
15/11/2022,9065,510,2241,2366,0,2161,0
15/11/2022,7865,502,4705,2171,0,1278,0
16/11/2022,8768,669,1324,1937,0,2744,0
16/11/2022,10492,630,4273,2232,0,910,0
16/11/2022,8775,373,1138,2731,0,1736,0
16/11/2022,7446,512,3117,3461,0,3267,0
16/11/2022,5411,432,3845,2296,0,1491,0
16/11/2022,6089,443,1639,3070,0,1402,0
16/11/2022,6508,599,3185,4223,0,2161,0
16/11/2022,6787,442,3674,3827,0,2473,0
16/11/2022,10338,322,1527,4162,0,1548,0
16/11/2022,3939,633,2451,2915,0,2203,0
16/11/2022,8826,546,4099,2349,0,1772,0
16/11/2022,5353,458,2262,2130,0,1930,0
16/11/2022,5727,244,2845,3106,0,3079,0
16/11/2022,7661,500,3093,2806,0,2592,0
16/11/2022,7238,785,1250,2869,0,2312,0
16/11/2022,7286,570,4270,2418,0,1672,0
17/11/2022,7733,711,2422,3464,0,1512,0
17/11/2022,4468,734,1542,3027,0,1813,0
17/11/2022,6233,547,2158,3581,0,2201,0
17/11/2022,8876,587,1218,3564,0,2899,0
17/11/2022,11054,291,2642,1054,0,2072,0
17/11/2022,7979,494,3935,1762,0,2604,0
17/11/2022,5268,396,2795,2636,0,2003,0
17/11/2022,8714,363,1389,2438,0,2474,0
17/11/2022,7516,782,1132,1413,0,1689,0
17/11/2022,3838,441,3338,2545,0,1555,0
17/11/2022,6838,780,3308,2781,0,2088,0
17/11/2022,9998,398,1586,1520,0,1997,0
17/11/2022,7961,489,2312,988,0,2667,0
17/11/2022,7398,540,1032,2374,0,2453,0
17/11/2022,9395,401,4156,2619,0,1534,0
18/11/2022,4842,639,1061,3243,0,873,0
18/11/2022,5336,426,2203,3705,0,2448,0
18/11/2022,8866,469,3156,1735,0,1267,0
18/11/2022,7349,763,2929,3171,0,2818,0
18/11/2022,6111,556,4258,3509,0,2381,0
18/11/2022,10163,750,3821,2913,0,2169,0
18/11/2022,6457,640,2538,1139,0,2771,0
18/11/2022,6754,572,1683,2110,0,1711,0
18/11/2022,8150,426,1446,1997,0,2208,0
18/11/2022,7783,588,3007,4094,0,1206,0
18/11/2022,4379,469,1178,1734,0,1946,0
18/11/2022,8129,742,1712,3260,0,1663,0
18/11/2022,11647,570,1208,2694,0,888,0
18/11/2022,9141,408,2371,3561,0,3287,0
18/11/2022,11396,298,1513,1315,0,1223,0
18/11/2022,9241,274,1602,1620,0,1734,0
19/11/2022,7894,642,2474,1144,0,1516,0
19/11/2022,6521,436,1523,1544,0,2808,0
19/11/2022,7080,629,2246,3361,0,2680,0
19/11/2022,7191,491,4504,1640,0,1352,0
19/11/2022,7549,608,2851,2472,0,2886,0
19/11/2022,5662,515,2435,3245,0,1668,0
19/11/2022,8031,559,2596,1323,0,1916,0
19/11/2022,12033,610,1720,1688,0,1221,0
19/11/2022,4641,400,1638,1707,0,935,0
19/11/2022,5463,241,1079,2553,0,1751,0
19/11/2022,9431,239,1315,3114,0,2311,0
19/11/2022,7276,408,4609,1424,0,1482,0
19/11/2022,9468,442,2322,3507,0,2003,0
19/11/2022,7672,453,4067,4844,0,1495,0
19/11/2022,10717,711,2900,3534,0,2123,0
19/11/2022,6606,280,3819,3894,0,1998,0
20/11/2022,6717,390,1739,2728,0,2251,0
20/11/2022,5570,482,2743,3426,0,2285,0
20/11/2022,7461,578,1936,1174,0,1494,0
20/11/2022,4676,273,1526,2336,0,1535,0
20/11/2022,7210,410,2837,3469,0,2247,0
20/11/2022,8407,439,1471,1635,0,2516,0
20/11/2022,8454,547,1034,1746,0,1442,0
20/11/2022,11213,536,2995,3711,0,2717,0
20/11/2022,6824,588,2303,3774,0,1751,0
20/11/2022,9267,606,3396,1745,0,2825,0
20/11/2022,7919,395,1155,1275,0,2169,0
20/11/2022,8771,602,4601,2454,0,2476,0
20/11/2022,6165,457,2718,4115,0,3432,0
20/11/2022,5933,711,2309,3486,0,2101,0
21/11/2022,7285,331,2407,944,0,2783,0
21/11/2022,9644,286,2019,1362,0,1565,0
21/11/2022,8066,626,4848,1816,0,2059,0
21/11/2022,5892,328,2358,4062,0,1124,0
21/11/2022,7363,315,2864,2186,0,1884,0
21/11/2022,9926,681,2536,3937,0,1845,0
21/11/2022,6711,319,3450,1560,0,2311,0
21/11/2022,4502,634,931,2685,0,2671,0
21/11/2022,8397,397,3624,1316,0,1166,0
21/11/2022,7198,579,1432,2125,0,2539,0
21/11/2022,8756,469,1556,2384,0,2782,0
21/11/2022,6861,664,2707,3301,0,1444,0
21/11/2022,8729,504,1573,1023,0,2294,0
21/11/2022,5924,243,1659,2272,0,3314,0
21/11/2022,8423,466,1158,2801,0,3064,0
22/11/2022,6255,554,1490,1006,0,2703,0
22/11/2022,11171,480,3403,2804,0,1681,0
22/11/2022,6811,378,925,1391,0,1460,0
22/11/2022,7725,282,1015,2966,0,1536,0
22/11/2022,6183,565,2113,3261,0,948,0
22/11/2022,8627,651,1075,1701,0,1530,0
22/11/2022,8262,312,3008,3813,0,2174,0
22/11/2022,6742,270,3089,1578,0,2672,0
22/11/2022,8428,494,1849,2562,0,1232,0
22/11/2022,6030,542,1506,1424,0,2726,0
22/11/2022,4423,404,3089,3748,0,2247,0
22/11/2022,9508,381,2447,1415,0,2457,0
22/11/2022,8827,551,1424,2392,0,1699,0
22/11/2022,6941,554,1001,1112,0,2527,0
23/11/2022,6797,457,2216,4052,0,3192,0
23/11/2022,6669,318,4188,3496,0,1451,0
23/11/2022,6995,359,2540,788,0,2315,0
23/11/2022,7441,728,2838,2240,0,1478,0
23/11/2022,5585,300,1518,2388,0,1574,0
23/11/2022,7674,546,1539,1477,0,2735,0
23/11/2022,6817,786,1211,2915,0,1963,0
23/11/2022,4384,447,3665,2023,0,3106,0
23/11/2022,4679,683,2388,2048,0,943,0
23/11/2022,10564,625,3183,1829,0,1912,0
23/11/2022,6522,277,1664,2815,0,2130,0
23/11/2022,7489,315,2748,3012,0,2563,0
23/11/2022,7239,468,1381,1772,0,2019,0
23/11/2022,10051,586,1835,2216,0,3465,0
23/11/2022,6995,495,2187,1395,0,2115,0
24/11/2022,7890,408,1752,1961,0,3470,0
24/11/2022,5712,589,2504,1629,0,2454,0
24/11/2022,8202,305,1035,3953,0,1340,0
24/11/2022,7804,399,2679,3026,0,2690,0
24/11/2022,5439,536,1403,3137,0,1804,0
24/11/2022,7400,558,2785,3299,0,2348,0
24/11/2022,6650,516,2583,4382,0,2525,0
24/11/2022,9180,548,2820,1261,0,2700,0
24/11/2022,7627,599,1247,3764,0,2584,0
24/11/2022,7661,568,1463,2334,0,1302,0
24/11/2022,10193,613,3333,1249,0,2101,0
24/11/2022,6920,393,2647,2244,0,1868,0
24/11/2022,9085,386,1857,2216,0,1431,0
24/11/2022,6146,578,1518,2790,0,2865,0
25/11/2022,8882,649,1507,1181,0,1364,0
25/11/2022,5112,801,2330,1529,0,2172,0
25/11/2022,5974,359,1357,3597,0,1396,0
25/11/2022,5499,468,1140,3650,0,1223,0
25/11/2022,9687,751,1700,2552,0,2008,0
25/11/2022,7877,559,3838,3037,0,2449,0
25/11/2022,5699,499,3906,1262,0,1669,0
25/11/2022,5863,347,3492,2497,0,1834,0
25/11/2022,7158,370,3077,2165,0,2328,0
25/11/2022,6107,513,2857,3499,0,2200,0
25/11/2022,7615,327,1209,1200,0,2093,0
25/11/2022,5865,324,3540,3169,0,1180,0
25/11/2022,5970,568,4435,3592,0,1802,0
25/11/2022,11095,580,2825,3006,0,2823,0
26/11/2022,11245,418,3173,2122,0,2249,0
26/11/2022,5258,319,1816,2736,0,1911,0
26/11/2022,8841,329,1121,3163,0,1646,0
26/11/2022,8095,459,3953,1365,0,1010,0
26/11/2022,8573,629,1783,1182,0,2109,0
26/11/2022,6994,471,2193,3181,0,3142,0
26/11/2022,6000,523,1444,1654,0,1982,0
26/11/2022,7232,454,3724,1697,0,2902,0
26/11/2022,6315,629,1261,2156,0,919,0
26/11/2022,9571,512,2129,1569,0,1028,0
26/11/2022,7200,473,3179,2206,0,1499,0
26/11/2022,8286,578,2188,2942,0,2574,0
26/11/2022,6341,374,2924,1898,0,1876,0
27/11/2022,5609,439,3480,2338,0,1276,0
27/11/2022,8819,438,2115,2101,0,2513,0
27/11/2022,4681,565,2370,1238,0,1522,0
27/11/2022,6602,433,2230,2530,0,1761,0
27/11/2022,8470,282,2252,3128,0,2440,0
27/11/2022,8805,453,2605,1982,0,1456,0
27/11/2022,5316,474,3264,885,0,1580,0
27/11/2022,10534,663,1062,3080,0,1657,0
27/11/2022,8360,475,1640,944,0,973,0
27/11/2022,6638,596,3016,4766,0,1765,0
27/11/2022,5108,420,2467,2589,0,2411,0
27/11/2022,8700,469,3641,3177,0,2263,0
27/11/2022,10385,459,1574,3899,0,2343,0
27/11/2022,6052,834,998,1292,0,1488,0
28/11/2022,5363,416,3648,2675,0,1404,0
28/11/2022,6743,611,2063,2662,0,2747,0
28/11/2022,8718,604,1844,3443,0,2788,0
28/11/2022,9329,574,2135,2523,0,1208,0
28/11/2022,6020,410,1853,2023,0,2232,0
28/11/2022,7362,400,3479,1116,0,3276,0
28/11/2022,5199,592,3070,1455,0,1499,0
28/11/2022,6560,458,2003,1149,0,2100,0
28/11/2022,8270,414,3853,1332,0,2238,0
28/11/2022,8231,603,1894,2765,0,2121,0
28/11/2022,6733,635,1608,1350,0,1836,0
28/11/2022,5733,582,2496,4149,0,2027,0
28/11/2022,10371,537,1008,2682,0,1142,0
28/11/2022,8860,628,1128,2476,0,1829,0
28/11/2022,6810,620,1572,2722,0,3217,0
29/11/2022,7516,389,3722,3746,0,1715,0
29/11/2022,7637,484,3257,4061,0,2012,0
29/11/2022,5772,787,1764,1351,0,1090,0
29/11/2022,4229,673,1720,2090,0,2041,0
29/11/2022,6774,381,1561,824,0,2086,0
29/11/2022,7010,341,2572,1687,0,2564,0
29/11/2022,9591,548,3060,2171,0,969,0
29/11/2022,6296,589,2070,3192,0,1129,0
29/11/2022,9372,642,1844,1296,0,1432,0
29/11/2022,6993,449,2291,3457,0,1015,0
29/11/2022,4546,723,3508,1793,0,1194,0
29/11/2022,8195,756,3500,1751,0,2200,0
29/11/2022,4970,358,1491,2036,0,2396,0
29/11/2022,6886,480,4103,2909,0,1653,0
29/11/2022,6006,462,2542,4270,0,1556,0
30/11/2022,6085,534,2953,1069,0,2303,0
30/11/2022,9061,469,2062,1759,0,1127,0
30/11/2022,6615,545,4153,1417,0,2297,0
30/11/2022,5022,456,3480,3094,0,2154,0
30/11/2022,9367,600,2441,1161,0,1540,0
30/11/2022,5244,696,1588,3673,0,2755,0
30/11/2022,5790,411,3094,2633,0,1726,0
30/11/2022,6842,568,3684,1437,0,2123,0
30/11/2022,6499,359,2804,2616,0,1831,0
30/11/2022,7674,658,2692,2473,0,1458,0
30/11/2022,8854,402,932,1166,0,1996,0
30/11/2022,9986,617,1720,3175,0,1902,0
30/11/2022,9755,403,1528,2849,0,1394,0
30/11/2022,5448,495,2937,1621,0,1661,0
30/11/2022,9630,747,1569,3427,0,1042,0
01/12/2022,7611,287,3162,2914,0,2088,0
01/12/2022,4467,373,3032,2311,0,2342,0
01/12/2022,7673,358,3975,4027,0,827,0
01/12/2022,6967,507,3114,2862,0,2386,0
01/12/2022,5299,310,4006,2845,0,1574,0
01/12/2022,6279,387,3377,3284,0,1420,0
01/12/2022,5565,649,1646,3334,0,2215,0
01/12/2022,4925,374,3670,2368,0,1771,0
01/12/2022,4871,463,3237,1586,0,1770,0
01/12/2022,4644,365,1800,2023,0,2679,0
01/12/2022,9944,327,2919,2318,0,2614,0
01/12/2022,5281,459,2166,3554,0,1727,0
01/12/2022,5611,681,1810,1793,0,2272,0
02/12/2022,5777,420,1483,4075,0,1655,0
02/12/2022,6484,653,989,2973,0,2543,0
02/12/2022,8821,613,2771,3102,0,1489,0
02/12/2022,8382,341,987,853,0,2171,0
02/12/2022,7932,517,3540,2235,0,2718,0
02/12/2022,7179,456,1321,2501,0,2755,0
02/12/2022,8260,529,3276,1228,0,929,0
02/12/2022,7754,427,4048,1174,0,2358,0
02/12/2022,5842,697,2114,4627,0,1516,0
02/12/2022,6276,361,1744,1382,0,2555,0
02/12/2022,7585,685,2402,3698,0,2082,0
02/12/2022,8175,594,2119,2651,0,1396,0
02/12/2022,11542,642,1238,3094,0,1858,0
02/12/2022,5066,340,3332,3627,0,2396,0
03/12/2022,6526,575,2721,1638,0,1556,0
03/12/2022,7016,428,2982,2033,0,2532,0
03/12/2022,7126,549,1481,1441,0,2730,0
03/12/2022,8178,479,2934,2150,0,3301,0
03/12/2022,6630,513,2787,3806,0,1798,0
03/12/2022,6618,599,1325,2244,0,1822,0
03/12/2022,6256,727,1084,2567,0,1584,0
03/12/2022,6425,510,2977,2449,0,2530,0
03/12/2022,5993,310,1421,1851,0,2241,0
03/12/2022,4230,442,4069,3863,0,1717,0
03/12/2022,5986,679,3169,3293,0,2594,0
03/12/2022,8288,533,1763,1701,0,3359,0
03/12/2022,5949,641,3693,2488,0,3030,0
03/12/2022,8602,332,4832,4015,0,1881,0
03/12/2022,8088,315,2732,3352,0,1109,0
04/12/2022,4752,566,2378,3311,0,1205,0
04/12/2022,8472,602,1905,1383,0,2373,0
04/12/2022,8844,453,1015,1851,0,1563,0
04/12/2022,9765,561,3071,1778,0,1594,0
04/12/2022,8560,814,2730,2998,0,1541,0
04/12/2022,8129,487,1148,2484,0,1743,0
04/12/2022,6583,390,4819,2456,0,2657,0
04/12/2022,6846,540,4418,2929,0,1381,0
04/12/2022,8277,383,1176,3877,0,2301,0
04/12/2022,7242,452,4181,2475,0,1359,0
04/12/2022,5658,447,1872,3145,0,2695,0
04/12/2022,6254,332,2948,1549,0,2228,0
04/12/2022,9058,371,1030,2610,0,2936,0
04/12/2022,7079,668,3213,2151,0,2545,0
04/12/2022,9402,311,2009,2149,0,2219,0
05/12/2022,3816,424,1993,2449,0,3422,0
05/12/2022,6561,551,1641,2865,0,1538,0
05/12/2022,10201,400,2306,2770,0,1763,0
05/12/2022,7144,516,3125,1753,0,2164,0
05/12/2022,9306,567,1218,2872,0,2335,0
05/12/2022,4703,660,3695,1110,0,1216,0
05/12/2022,9061,561,2566,3822,0,1943,0
05/12/2022,9570,501,4194,1413,0,1820,0
05/12/2022,7226,543,2826,1421,0,2031,0
05/12/2022,6864,463,985,1123,0,1920,0
05/12/2022,7126,705,1389,3514,0,2759,0
05/12/2022,4407,499,1448,3325,0,1345,0
05/12/2022,7263,408,2713,2902,0,2615,0
05/12/2022,6270,362,1263,1941,0,1817,0
05/12/2022,8507,408,2271,2238,0,2646,0
06/12/2022,9751,396,3011,1304,0,2284,0
06/12/2022,8857,537,1799,1025,0,1393,0
06/12/2022,6884,355,1426,3578,0,2332,0
06/12/2022,8869,595,1624,1771,0,2497,0
06/12/2022,5362,398,2644,4009,0,2313,0
06/12/2022,7073,414,2487,4488,0,1664,0
06/12/2022,5693,470,1402,1097,0,2520,0
06/12/2022,5074,441,2330,1458,0,3183,0
06/12/2022,7784,625,2934,2392,0,2192,0
06/12/2022,7644,536,2410,2308,0,1897,0
06/12/2022,6610,311,2614,1820,0,1767,0
06/12/2022,7645,350,2614,1206,0,3693,0
06/12/2022,5350,757,2181,2404,0,1295,0
06/12/2022,6067,658,1362,1529,0,2465,0
06/12/2022,4314,452,3530,2488,0,1221,0
07/12/2022,8321,402,4468,3582,0,3383,0
07/12/2022,7284,373,3939,1492,0,3235,0
07/12/2022,5425,507,3892,4637,0,2155,0
07/12/2022,5948,529,3742,2731,0,2423,0
07/12/2022,6122,483,2657,1871,0,1450,0
07/12/2022,7856,688,4281,2557,0,1861,0
07/12/2022,7104,378,4542,1547,0,3027,0
07/12/2022,7402,688,1302,1178,0,2364,0
07/12/2022,7144,359,1195,2947,0,2279,0
07/12/2022,8614,551,2990,3050,0,1054,0
07/12/2022,10258,669,2198,1671,0,2836,0
07/12/2022,10587,431,2152,2112,0,2351,0
07/12/2022,9508,367,1654,1657,0,3299,0
07/12/2022,9962,478,3056,1296,0,2712,0
07/12/2022,5145,582,1905,1434,0,2231,0
08/12/2022,4373,591,2656,2643,0,1114,0
08/12/2022,7264,431,2616,2352,0,2238,0
08/12/2022,10176,578,2456,3059,0,1241,0
08/12/2022,10433,333,1369,1795,0,1440,0
08/12/2022,9932,601,4214,4575,0,1297,0
08/12/2022,6354,740,3042,1255,0,1062,0
08/12/2022,6934,392,1365,3989,0,1697,0
08/12/2022,8403,389,1332,2837,0,2051,0
08/12/2022,8722,665,2343,3476,0,2020,0
08/12/2022,7026,741,3134,2314,0,1905,0
08/12/2022,9167,375,2981,3003,0,2307,0
08/12/2022,6096,755,1450,4359,0,1106,0
08/12/2022,8297,520,1574,2800,0,3051,0
08/12/2022,10346,500,2798,3505,0,1253,0
08/12/2022,9467,664,3530,2201,0,1063,0
08/12/2022,7900,811,1358,1130,0,962,0
09/12/2022,8022,460,1754,4253,0,2355,0
09/12/2022,7819,700,4334,4405,0,2325,0
09/12/2022,8943,560,2844,3219,0,1640,0
09/12/2022,8047,615,4392,3057,0,1803,0
09/12/2022,9895,485,2607,1141,0,2551,0
09/12/2022,5975,550,2410,3001,0,1332,0
09/12/2022,5770,436,3245,2767,0,1901,0
09/12/2022,7171,430,4154,1369,0,2194,0
09/12/2022,6905,269,2235,3899,0,2359,0
09/12/2022,6583,520,3723,4267,0,1467,0
09/12/2022,6019,409,1121,960,0,2049,0
09/12/2022,8212,683,2922,3354,0,2309,0
09/12/2022,11475,537,2024,2483,0,3284,0
09/12/2022,5755,274,3248,1227,0,1470,0
09/12/2022,7416,582,3981,3310,0,2441,0
09/12/2022,9985,367,1261,1395,0,1576,0
10/12/2022,6110,489,2159,4490,0,3313,0
10/12/2022,9810,273,1753,1270,0,1331,0
10/12/2022,8450,423,2257,2094,0,1115,0
10/12/2022,7935,442,2319,1149,0,1843,0
10/12/2022,9276,422,1161,3557,0,1749,0
10/12/2022,5929,472,2983,3399,0,1772,0
10/12/2022,8095,396,2291,3495,0,2085,0
10/12/2022,6322,295,1379,2503,0,1196,0
10/12/2022,7858,415,1369,2674,0,1901,0
10/12/2022,5622,628,4088,4789,0,2207,0
10/12/2022,5179,468,2832,1640,0,1565,0
10/12/2022,4485,466,3494,2547,0,2320,0
10/12/2022,7169,505,3638,2926,0,1134,0
10/12/2022,5549,638,1022,1422,0,2377,0
10/12/2022,6222,683,3955,3836,0,1994,0
10/12/2022,5363,669,2319,1541,0,882,0
11/12/2022,11044,431,2766,2936,0,2292,0
11/12/2022,9310,584,2007,1522,0,2059,0
11/12/2022,7234,615,2109,1918,0,2144,0
11/12/2022,8747,349,4038,852,0,2406,0
11/12/2022,5487,649,814,984,0,1331,0
11/12/2022,7519,590,3768,1667,0,3171,0
11/12/2022,7908,722,2492,1524,0,1609,0
11/12/2022,4629,443,3084,2779,0,2170,0
11/12/2022,10542,379,2709,1602,0,1601,0
11/12/2022,6320,814,2571,2582,0,1394,0
11/12/2022,10179,705,1542,1799,0,1024,0
11/12/2022,6186,600,4216,1170,0,2213,0
11/12/2022,7343,301,1397,2507,0,1359,0
11/12/2022,5549,618,3186,914,0,2817,0
11/12/2022,6648,546,3958,2074,0,1381,0
12/12/2022,6195,340,4655,1930,0,973,0
12/12/2022,5471,348,4818,2894,0,1475,0
12/12/2022,6601,347,1807,1860,0,1389,0
12/12/2022,4621,282,3829,1114,0,2653,0
12/12/2022,9942,326,3360,2598,0,2457,0
12/12/2022,7589,368,3846,2316,0,3044,0
12/12/2022,6256,416,1600,2972,0,1123,0
12/12/2022,6969,438,3843,1434,0,2191,0
12/12/2022,8710,508,3104,902,0,2599,0
12/12/2022,7995,727,3246,2119,0,2613,0
12/12/2022,6126,767,2151,1514,0,2425,0
12/12/2022,5785,606,2434,3747,0,1696,0
12/12/2022,5673,556,3799,3007,0,1969,0
12/12/2022,8828,542,3870,3866,0,3339,0
12/12/2022,6702,480,1259,1965,0,2238,0
12/12/2022,5756,472,1706,2515,0,2099,0
13/12/2022,5377,495,1382,4541,0,1472,0
13/12/2022,5737,329,1534,4189,0,2286,0
13/12/2022,7108,427,2441,3012,0,3268,0
13/12/2022,8298,390,3830,3210,0,2949,0
13/12/2022,4895,462,3672,3676,0,2813,0
13/12/2022,6702,302,2650,3934,0,1641,0
13/12/2022,7642,552,2012,3872,0,2483,0
13/12/2022,9425,722,3148,2383,0,2658,0
13/12/2022,7751,615,3059,1518,0,2821,0
13/12/2022,7545,697,1043,2509,0,1257,0
13/12/2022,9169,341,4069,1917,0,2114,0
13/12/2022,8203,403,2629,1034,0,2610,0
13/12/2022,7243,426,2527,3853,0,1808,0
13/12/2022,9896,524,2972,1515,0,2147,0
13/12/2022,6287,508,2859,2154,0,2805,0
14/12/2022,6544,397,1238,2309,0,2279,0
14/12/2022,3835,566,1316,1094,0,2698,0
14/12/2022,8307,492,3077,2608,0,1600,0
14/12/2022,5068,808,3459,3722,0,1379,0
14/12/2022,10330,373,3336,2647,0,2188,0
14/12/2022,8755,517,1394,4128,0,3350,0
14/12/2022,5923,663,3520,3560,0,1133,0
14/12/2022,6431,688,3219,1866,0,2379,0
14/12/2022,6999,512,1909,2624,0,1430,0
14/12/2022,9194,639,2642,2547,0,2053,0
14/12/2022,8725,369,1862,3037,0,1088,0
14/12/2022,7985,416,4081,1106,0,1380,0
14/12/2022,6409,733,1959,3688,0,2203,0
14/12/2022,4267,290,1909,1805,0,2876,0
14/12/2022,8687,517,2713,1507,0,3136,0
15/12/2022,4995,828,1566,1165,0,1284,0
15/12/2022,7360,522,2703,2854,0,1126,0
15/12/2022,8730,265,2104,2940,0,1525,0
15/12/2022,6749,758,2507,2935,0,1362,0
15/12/2022,6152,427,3439,2887,0,2059,0
15/12/2022,7626,547,2635,1910,0,1628,0
15/12/2022,10243,579,1840,1102,0,1858,0
15/12/2022,7268,466,1554,2901,0,1755,0
15/12/2022,4976,497,2820,2286,0,1385,0
15/12/2022,5627,625,1713,3961,0,1020,0
15/12/2022,8014,740,1479,2397,0,1091,0
15/12/2022,7504,403,1758,1017,0,2671,0
15/12/2022,6447,498,2409,1470,0,1877,0
15/12/2022,7889,676,1384,3405,0,2549,0
16/12/2022,7033,433,1928,3971,0,2403,0
16/12/2022,5220,654,2283,2271,0,2163,0
16/12/2022,4616,383,3253,3186,0,1204,0
16/12/2022,6830,658,2623,1853,0,1684,0
16/12/2022,4616,398,2371,3190,0,1512,0
16/12/2022,8256,595,3088,1644,0,1513,0
16/12/2022,5585,395,1164,1997,0,1419,0
16/12/2022,6383,527,3340,2831,0,2825,0
16/12/2022,8047,657,1882,3622,0,3423,0
16/12/2022,6270,556,1565,1400,0,2092,0
16/12/2022,8759,623,818,1608,0,1470,0
16/12/2022,5057,667,1546,3057,0,3025,0
16/12/2022,7970,268,2388,1292,0,1275,0
16/12/2022,6374,638,1605,1434,0,2455,0
17/12/2022,8638,522,1881,2691,0,1112,0
17/12/2022,4071,348,2099,1677,0,1518,0
17/12/2022,12127,532,2440,2780,0,2054,0
17/12/2022,4935,466,1618,1362,0,2769,0
17/12/2022,6648,342,2852,1350,0,2639,0
17/12/2022,6044,356,3069,1843,0,867,0
17/12/2022,7520,348,2216,2663,0,1150,0
17/12/2022,9019,342,2506,2560,0,1272,0
17/12/2022,7211,374,3346,2813,0,2177,0
17/12/2022,9217,732,2594,3001,0,1987,0
17/12/2022,7951,507,1616,2922,0,2076,0
17/12/2022,11264,424,2164,2331,0,2237,0
17/12/2022,10033,406,1639,3441,0,1042,0
17/12/2022,7868,743,2199,1470,0,2018,0
18/12/2022,4950,812,2854,3445,0,2417,0
18/12/2022,4570,438,1591,2656,0,1808,0
18/12/2022,11562,455,2027,2345,0,2576,0
18/12/2022,7752,510,2776,2344,0,2636,0
18/12/2022,8429,488,1148,2284,0,1414,0
18/12/2022,5322,356,1409,978,0,1675,0
18/12/2022,7018,511,2172,2217,0,2034,0
18/12/2022,6502,339,3109,2765,0,1438,0
18/12/2022,9827,732,2990,1717,0,1135,0
18/12/2022,9014,421,4339,1999,0,1609,0
18/12/2022,5844,518,1398,1496,0,2306,0
18/12/2022,6950,365,3082,2687,0,1699,0
18/12/2022,4625,451,1072,2783,0,2498,0
19/12/2022,5480,377,2796,4149,0,2078,0
19/12/2022,8200,459,3348,2730,0,2260,0
19/12/2022,6587,565,4750,3743,0,1000,0
19/12/2022,5932,444,1157,1150,0,2504,0
19/12/2022,7039,569,3486,4109,0,1557,0
19/12/2022,6862,267,1300,2552,0,3147,0
19/12/2022,6724,466,2457,3751,0,2580,0
19/12/2022,6835,457,1236,2001,0,2662,0
19/12/2022,10620,537,3405,1618,0,3072,0
19/12/2022,5693,461,2423,3103,0,1820,0
19/12/2022,5478,609,3489,1171,0,1470,0
19/12/2022,9343,380,3054,3267,0,2481,0
19/12/2022,5167,682,2177,1578,0,1926,0
19/12/2022,8152,332,3298,2523,0,2825,0
20/12/2022,7476,632,2801,1913,0,1953,0
20/12/2022,5954,351,1810,1159,0,2290,0
20/12/2022,7474,358,1491,2431,0,1690,0
20/12/2022,8221,329,4135,2685,0,1562,0
20/12/2022,7623,677,2764,4511,0,2042,0
20/12/2022,7372,235,1085,3139,0,2300,0
20/12/2022,9286,707,2852,1635,0,1932,0
20/12/2022,6250,447,1136,2449,0,1516,0
20/12/2022,6080,498,941,1190,0,3469,0
20/12/2022,7059,465,989,2069,0,2080,0
20/12/2022,10092,413,1566,4493,0,3171,0
20/12/2022,6963,589,2994,1922,0,2353,0
20/12/2022,8229,508,3265,2384,0,1360,0
20/12/2022,8546,552,3530,2008,0,1447,0
20/12/2022,9695,590,3432,1345,0,2081,0
21/12/2022,9105,507,3314,1606,0,2325,0
21/12/2022,7653,798,2868,3241,0,868,0
21/12/2022,7110,398,3204,1251,0,971,0
21/12/2022,5237,410,1071,2707,0,2248,0
21/12/2022,4853,249,4350,1973,0,2496,0
21/12/2022,9594,848,2082,3650,0,2354,0
21/12/2022,7537,360,1418,1162,0,1191,0
21/12/2022,5390,724,2172,1281,0,2264,0
21/12/2022,5867,514,895,3207,0,2494,0
21/12/2022,4969,390,1445,1554,0,1308,0
21/12/2022,8648,596,2283,1300,0,1780,0
21/12/2022,8396,368,3002,3112,0,1702,0
21/12/2022,8057,535,3268,4288,0,1680,0
21/12/2022,7911,520,3522,1430,0,1411,0
22/12/2022,6624,561,1258,2960,0,1597,0
22/12/2022,7379,328,1906,2810,0,3490,0
22/12/2022,8428,656,3427,1754,0,1808,0
22/12/2022,8824,353,3848,1568,0,2359,0
22/12/2022,6966,514,2735,1120,0,1682,0
22/12/2022,10168,482,2299,3294,0,1404,0
22/12/2022,6804,575,2091,3615,0,1075,0
22/12/2022,9200,242,1125,1071,0,1454,0
22/12/2022,4187,703,2574,3611,0,1277,0
22/12/2022,5509,788,1469,3167,0,1167,0
22/12/2022,6838,494,2443,1312,0,2833,0
22/12/2022,7345,588,1349,2424,0,3525,0
22/12/2022,7627,583,1631,3983,0,1589,0
22/12/2022,10255,447,1278,1633,0,1864,0
23/12/2022,10262,610,4309,3110,0,2076,0
23/12/2022,9529,621,2935,3549,0,2561,0
23/12/2022,5192,531,2673,4424,0,2715,0
23/12/2022,8525,601,2628,1882,0,1325,0
23/12/2022,5293,457,1460,1921,0,2076,0
23/12/2022,7417,253,1121,1554,0,1348,0
23/12/2022,7101,511,1356,3023,0,1119,0
23/12/2022,12109,325,2398,1807,0,2157,0
23/12/2022,7909,711,1020,1368,0,3389,0
23/12/2022,6623,337,2013,2378,0,1835,0
23/12/2022,11627,482,886,1286,0,1293,0
23/12/2022,8042,578,2715,2670,0,2479,0
23/12/2022,8436,599,1409,3306,0,3148,0
23/12/2022,6658,699,2671,3653,0,3002,0
24/12/2022,7124,513,4229,1407,0,1383,0
24/12/2022,10083,306,3333,3035,0,1897,0
24/12/2022,8849,491,3043,1474,0,1100,0
24/12/2022,10487,531,1182,2649,0,1909,0
24/12/2022,11048,449,3175,2683,0,2865,0
24/12/2022,6753,456,1814,2681,0,2834,0
24/12/2022,6182,466,4379,4111,0,1187,0
24/12/2022,7721,595,2360,3391,0,1725,0
24/12/2022,6024,450,2331,1665,0,1650,0
24/12/2022,5809,425,2563,1559,0,3162,0
24/12/2022,9627,458,3331,2241,0,1566,0
24/12/2022,6418,487,2026,3312,0,3332,0
24/12/2022,8761,597,2320,1400,0,2667,0
25/12/2022,8925,445,2861,2878,0,1184,0
25/12/2022,6874,537,1620,2713,0,1220,0
25/12/2022,10302,317,1021,1446,0,1194,0
25/12/2022,6172,473,2730,2784,0,1575,0
25/12/2022,6646,834,2674,1720,0,1525,0
25/12/2022,7771,665,3564,2668,0,2320,0
25/12/2022,5627,813,1168,1130,0,2739,0
25/12/2022,7562,600,2323,1044,0,2588,0
25/12/2022,5667,444,4419,3135,0,2286,0
25/12/2022,7627,279,2314,3790,0,1402,0
25/12/2022,7425,320,2191,1651,0,808,0
25/12/2022,8712,357,3255,3865,0,2466,0
25/12/2022,8166,290,1756,1642,0,3093,0
26/12/2022,8463,637,3707,4047,0,2824,0
26/12/2022,8288,387,2993,1237,0,2018,0
26/12/2022,6643,390,3670,2086,0,1867,0
26/12/2022,5982,521,1593,1695,0,1856,0
26/12/2022,8263,652,3019,2845,0,2120,0
26/12/2022,8060,506,2487,1402,0,2383,0
26/12/2022,11520,378,1211,2203,0,2192,0
26/12/2022,10251,395,1441,3162,0,2407,0
26/12/2022,9775,496,1030,3611,0,2607,0
26/12/2022,6875,534,2947,1312,0,1712,0
26/12/2022,6312,831,2755,1048,0,2081,0
26/12/2022,9301,571,1096,1504,0,1071,0
26/12/2022,8018,295,3136,887,0,1328,0
26/12/2022,9292,345,1679,1156,0,3080,0
27/12/2022,10915,677,3337,3842,0,3430,0
27/12/2022,9132,655,3255,2555,0,880,0
27/12/2022,9907,385,4383,4632,0,3036,0
27/12/2022,6654,385,4940,1504,0,1861,0
27/12/2022,5703,330,2863,1613,0,869,0
27/12/2022,6151,262,2141,2929,0,2259,0
27/12/2022,7571,664,3093,2501,0,1365,0
27/12/2022,7955,399,2837,3785,0,1429,0
27/12/2022,7365,495,2242,2203,0,1471,0
27/12/2022,6479,281,3512,1195,0,844,0
27/12/2022,6787,714,2780,2396,0,2082,0
27/12/2022,6274,479,3244,2489,0,1894,0
27/12/2022,6268,555,2809,2494,0,2566,0
27/12/2022,10241,351,2551,3805,0,3053,0
28/12/2022,6909,592,3002,3727,0,2169,0
28/12/2022,5955,328,2316,3730,0,1496,0
28/12/2022,5599,471,3077,1165,0,1513,0
28/12/2022,6006,390,1466,2622,0,2817,0
28/12/2022,7368,806,2197,3705,0,1578,0
28/12/2022,6024,537,1576,1461,0,2342,0
28/12/2022,7929,606,2168,955,0,2671,0
28/12/2022,8928,512,2987,3499,0,2396,0
28/12/2022,7686,307,2643,1658,0,1714,0
28/12/2022,5519,371,2178,2862,0,1618,0
28/12/2022,9239,355,2350,1594,0,1523,0
28/12/2022,8217,594,2225,2079,0,1071,0
28/12/2022,10502,674,3689,1547,0,2232,0
28/12/2022,6213,333,1340,3437,0,1188,0
29/12/2022,6627,680,1542,3841,0,2072,0
29/12/2022,11403,508,1011,2139,0,1799,0
29/12/2022,6607,519,3596,2828,0,1979,0
29/12/2022,5548,679,4325,1287,0,1624,0
29/12/2022,10323,564,1320,2478,0,1306,0
29/12/2022,6923,495,1406,3007,0,1940,0
29/12/2022,8537,581,3892,4735,0,899,0
29/12/2022,8974,561,937,2407,0,1819,0
29/12/2022,8721,359,1698,4228,0,1665,0
29/12/2022,5217,316,4294,2930,0,2720,0
29/12/2022,5405,441,3432,2490,0,2125,0
29/12/2022,8752,647,1996,1511,0,2905,0
29/12/2022,10962,378,1210,1802,0,1137,0
29/12/2022,4382,331,4401,1767,0,3420,0
30/12/2022,7215,474,2911,3536,0,3673,0
30/12/2022,7727,360,2133,4073,0,1457,0
30/12/2022,6996,253,2202,1765,0,2883,0
30/12/2022,10374,488,1263,3597,0,3345,0
30/12/2022,11424,451,4258,1904,0,2734,0
30/12/2022,7845,656,3746,3032,0,1683,0
30/12/2022,6249,586,1442,1826,0,1389,0
30/12/2022,8661,493,1933,2637,0,875,0
30/12/2022,3938,493,3557,2101,0,2430,0
30/12/2022,5999,559,1671,3623,0,1714,0
30/12/2022,9262,357,978,3430,0,2745,0
30/12/2022,10815,576,3929,2378,0,2046,0
30/12/2022,9667,747,4687,2070,0,2575,0
30/12/2022,7390,350,1434,3326,0,1886,0
31/12/2022,5318,746,3223,2476,0,1429,0
31/12/2022,5983,534,2573,2807,0,2707,0
31/12/2022,6102,657,3519,940,0,1203,0
31/12/2022,7628,239,2825,1249,0,2047,0
31/12/2022,10358,516,2196,2823,0,1848,0
31/12/2022,9677,323,2099,4520,0,1527,0
31/12/2022,7956,429,1014,1358,0,827,0
31/12/2022,6395,532,3056,3001,0,1487,0
31/12/2022,5170,404,3168,1740,0,2305,0
31/12/2022,7378,656,1692,1797,0,1892,0
31/12/2022,9780,370,1257,1859,0,2511,0
31/12/2022,4979,652,1446,3059,0,955,0
31/12/2022,7154,505,2956,4752,0,2225,0
31/12/2022,6627,419,3583,1903,0,1430,0
01/01/2023,5895,298,2182,1921,0,2335,0
01/01/2023,9111,673,2559,1831,0,1789,0
01/01/2023,7391,763,1506,1505,0,2728,0
01/01/2023,5898,378,1057,2323,0,1026,0
01/01/2023,9855,379,3244,1090,0,2304,0
01/01/2023,9794,590,4891,2658,0,949,0
01/01/2023,6925,543,2602,3975,0,1126,0
01/01/2023,5649,326,3060,2190,0,1061,0
01/01/2023,9073,320,1234,3180,0,1996,0
01/01/2023,7079,546,4637,1937,0,1731,0
01/01/2023,6309,341,3107,4537,0,1634,0
01/01/2023,9366,297,4567,2151,0,1094,0
01/01/2023,8322,617,1122,3165,0,1279,0
01/01/2023,8002,525,3989,2609,0,1178,0
02/01/2023,6589,666,2721,2697,0,1413,0
02/01/2023,8764,542,1902,3914,0,1985,0
02/01/2023,5024,580,2391,3533,0,2316,0
02/01/2023,6225,328,3657,1798,0,1764,0
02/01/2023,6088,523,2264,2236,0,1710,0
02/01/2023,5573,624,4029,1434,0,1664,0
02/01/2023,10791,473,2238,2037,0,2289,0
02/01/2023,7484,548,4720,2577,0,2421,0
02/01/2023,5058,717,3232,1685,0,1805,0
02/01/2023,4521,527,841,2961,0,2384,0
02/01/2023,7722,325,1669,1856,0,1074,0
02/01/2023,6675,516,3801,1403,0,2650,0
02/01/2023,6491,545,3131,3256,0,1045,0
02/01/2023,5496,442,1405,3526,0,2012,0
03/01/2023,10723,405,1345,1601,0,2618,0
03/01/2023,7680,738,1810,2350,0,1613,0
03/01/2023,8366,458,1243,1513,0,965,0
03/01/2023,6895,342,2536,3762,0,1891,0
03/01/2023,6275,430,3101,3420,0,2994,0
03/01/2023,8022,722,1697,1541,0,2050,0
03/01/2023,7312,289,3546,2125,0,2789,0
03/01/2023,5494,380,1346,1244,0,2570,0
03/01/2023,8880,463,1652,2794,0,2487,0
03/01/2023,7408,390,3912,2601,0,2128,0
03/01/2023,7750,715,1110,1564,0,1771,0
03/01/2023,9112,301,1801,1997,0,2595,0
03/01/2023,6212,519,2534,1281,0,1488,0
03/01/2023,4920,270,1459,1483,0,1513,0
04/01/2023,6317,625,2675,2409,0,1845,0
04/01/2023,8878,442,2757,2744,0,2916,0
04/01/2023,5374,417,3751,1630,0,2655,0
04/01/2023,4066,239,1283,2811,0,2454,0
04/01/2023,6379,465,3705,1595,0,2076,0
04/01/2023,9830,409,1913,3281,0,2382,0
04/01/2023,5893,562,2590,1149,0,1802,0
04/01/2023,4263,425,2140,2652,0,1590,0
04/01/2023,11375,431,1203,983,0,1110,0
04/01/2023,10580,376,2045,1602,0,1362,0
04/01/2023,9172,316,2615,2197,0,2494,0
04/01/2023,7744,612,1933,2362,0,1227,0
04/01/2023,6229,501,1952,1589,0,2243,0
04/01/2023,5602,498,1764,1566,0,3068,0
05/01/2023,7465,428,1523,1257,0,3146,0
05/01/2023,9938,464,2724,1227,0,2241,0
05/01/2023,5290,312,3592,2560,0,1281,0
05/01/2023,6039,355,2756,1881,0,1252,0
05/01/2023,9767,425,3005,1439,0,2387,0
05/01/2023,6701,380,1957,4440,0,2036,0
05/01/2023,6309,556,4963,1554,0,1044,0
05/01/2023,10913,562,2453,1024,0,3152,0
05/01/2023,7569,450,3871,1938,0,1363,0
05/01/2023,4039,451,1286,3761,0,1283,0
05/01/2023,8398,489,2467,2304,0,2133,0
05/01/2023,8066,423,1147,1231,0,1980,0
05/01/2023,10388,651,2819,925,0,2038,0
05/01/2023,8738,614,1252,1062,0,1835,0
06/01/2023,8721,509,2979,2973,0,3189,0
06/01/2023,4162,812,4124,3705,0,2775,0
06/01/2023,8401,608,3021,2989,0,1641,0
06/01/2023,7587,375,1126,1341,0,2472,0
06/01/2023,7858,391,2751,1975,0,2084,0
06/01/2023,8957,283,1724,3252,0,1487,0
06/01/2023,6172,413,3209,1188,0,1733,0
06/01/2023,7551,417,2862,2606,0,2351,0
06/01/2023,5953,485,2661,1815,0,3218,0
06/01/2023,6330,438,1800,975,0,2178,0
06/01/2023,7302,295,1913,1330,0,1521,0
06/01/2023,4700,502,3575,3208,0,2552,0
06/01/2023,8204,594,2949,1875,0,1375,0
06/01/2023,5915,413,3137,1538,0,3232,0
07/01/2023,8340,529,3279,1395,0,2485,0
07/01/2023,7828,516,1579,1455,0,938,0
07/01/2023,5554,716,4578,2501,0,1770,0
07/01/2023,8184,329,4057,1710,0,1783,0
07/01/2023,10379,366,1858,1767,0,2404,0
07/01/2023,5430,589,2626,3239,0,2422,0
07/01/2023,6675,729,1909,3024,0,1259,0
07/01/2023,7196,582,1574,1653,0,3146,0
07/01/2023,9881,332,1708,2440,0,933,0
07/01/2023,7206,683,2239,897,0,1415,0
07/01/2023,7716,460,2684,2390,0,1431,0
07/01/2023,6753,557,3124,1183,0,1102,0
07/01/2023,9915,502,4387,4935,0,1889,0
07/01/2023,6928,752,2022,2989,0,1580,0
08/01/2023,8449,487,4311,1577,0,3676,0
08/01/2023,7774,448,2503,2780,0,1985,0
08/01/2023,5887,482,3366,1477,0,1267,0
08/01/2023,7189,736,1256,1627,0,1494,0
08/01/2023,7716,619,2135,3726,0,1479,0
08/01/2023,10017,387,1134,1598,0,1914,0
08/01/2023,5711,716,3741,1910,0,3023,0
08/01/2023,5102,548,1798,2161,0,1378,0
08/01/2023,9271,508,1331,1399,0,2499,0
08/01/2023,7110,578,4159,3634,0,1399,0
08/01/2023,11444,818,2503,4141,0,1924,0
08/01/2023,5900,383,3218,1157,0,2268,0
08/01/2023,7118,319,1941,3562,0,2384,0
08/01/2023,10272,406,3632,1791,0,2104,0
09/01/2023,6327,307,2063,1813,0,984,0
09/01/2023,9528,683,2025,2132,0,1019,0
09/01/2023,6036,384,1379,1277,0,1724,0
09/01/2023,10141,389,1266,3863,0,2298,0
09/01/2023,5214,500,1048,2980,0,1734,0
09/01/2023,5017,337,4777,4171,0,1290,0
09/01/2023,6393,429,1462,2906,0,1782,0
09/01/2023,5085,634,3257,1901,0,3086,0
09/01/2023,6175,558,1741,1821,0,1911,0
09/01/2023,7767,472,3577,2994,0,1939,0
09/01/2023,10770,497,4160,2791,0,3518,0
09/01/2023,6930,584,2424,2170,0,1540,0
09/01/2023,8060,632,2509,2659,0,1890,0
09/01/2023,8837,763,3068,935,0,1863,0
10/01/2023,9172,385,3292,3228,0,2022,0
10/01/2023,10131,502,3031,3600,0,2761,0
10/01/2023,5324,486,2605,2645,0,1756,0
10/01/2023,4591,534,3655,3758,0,2234,0
10/01/2023,5704,405,4121,2751,0,787,0
10/01/2023,8163,359,2886,3531,0,1446,0
10/01/2023,7445,721,3774,4366,0,2530,0
10/01/2023,10432,490,3138,1626,0,3065,0
10/01/2023,7843,505,3557,1199,0,3338,0
10/01/2023,9104,336,4307,1090,0,1002,0
10/01/2023,9844,333,1435,2576,0,1972,0
10/01/2023,8070,613,2164,2398,0,985,0
10/01/2023,5080,304,905,3444,0,2410,0
10/01/2023,6328,586,2385,1539,0,1618,0
11/01/2023,3965,776,1670,4662,0,1541,0
11/01/2023,4644,550,2030,2465,0,1362,0
11/01/2023,10190,583,1858,2080,0,2580,0
11/01/2023,6508,523,2331,2652,0,1370,0
11/01/2023,8258,625,3404,1945,0,2444,0
11/01/2023,6573,419,3415,2559,0,1374,0
11/01/2023,5180,527,2669,1387,0,3174,0
11/01/2023,6833,492,1477,2883,0,1376,0
11/01/2023,8082,446,3544,1853,0,1968,0
11/01/2023,7626,605,3167,2818,0,3410,0
11/01/2023,6319,490,2195,1532,0,2575,0
11/01/2023,9023,361,2682,1043,0,2044,0
11/01/2023,8346,811,1642,3153,0,1728,0
12/01/2023,4442,454,1355,3849,0,1886,0
12/01/2023,9721,376,1974,1855,0,3043,0
12/01/2023,5545,623,2060,4293,0,2750,0
12/01/2023,6444,452,3688,4130,0,1671,0
12/01/2023,7074,364,2981,1921,0,2299,0
12/01/2023,7370,402,4137,3333,0,1247,0
12/01/2023,7950,577,3924,3316,0,1078,0
12/01/2023,6696,411,2641,2203,0,915,0
12/01/2023,5561,369,3770,2259,0,2634,0
12/01/2023,6199,436,2287,2711,0,3108,0
12/01/2023,5702,593,2082,3108,0,1103,0
12/01/2023,7994,550,3630,2162,0,2436,0
12/01/2023,4668,803,1790,2735,0,3129,0
12/01/2023,8344,529,1301,3381,0,2302,0
13/01/2023,8147,330,1911,2804,0,1402,0
13/01/2023,5799,340,3665,3703,0,928,0
13/01/2023,7064,713,1216,1417,0,2519,0
13/01/2023,5361,753,2595,3534,0,2255,0
13/01/2023,9448,442,1881,2026,0,1932,0
13/01/2023,8022,460,2612,3060,0,1288,0
13/01/2023,7999,695,3221,1239,0,1298,0
13/01/2023,7251,333,938,2692,0,1673,0
13/01/2023,6787,376,2168,1432,0,2484,0
13/01/2023,5748,624,3102,1505,0,1932,0
13/01/2023,7243,326,1195,1512,0,2868,0
13/01/2023,7581,414,2629,2922,0,2036,0
13/01/2023,5706,589,2573,3495,0,2260,0
13/01/2023,7441,546,1448,1681,0,1848,0
14/01/2023,4289,579,1648,4214,0,2067,0
14/01/2023,7738,657,2409,2707,0,1724,0
14/01/2023,5998,545,1451,2603,0,1264,0
14/01/2023,6564,574,1102,953,0,2392,0
14/01/2023,9507,586,2627,2424,0,2329,0
14/01/2023,11362,280,1394,3724,0,2047,0
14/01/2023,6477,623,1277,1558,0,2879,0
14/01/2023,5721,749,4147,2025,0,2123,0
14/01/2023,5150,442,3267,3006,0,3161,0
14/01/2023,10505,560,1730,1067,0,2533,0
14/01/2023,5978,583,2146,2559,0,2596,0
14/01/2023,7141,385,2353,1090,0,1224,0
14/01/2023,10479,825,2481,1868,0,1912,0
14/01/2023,9629,298,2608,2809,0,2288,0
15/01/2023,11245,493,3177,3767,0,1508,0
15/01/2023,8346,418,1378,1138,0,2180,0
15/01/2023,6702,430,1703,2618,0,1448,0
15/01/2023,7290,437,1047,2245,0,2446,0
15/01/2023,7173,331,1380,1683,0,1180,0
15/01/2023,6785,520,1086,1022,0,3190,0
15/01/2023,5200,523,3927,3153,0,2297,0
15/01/2023,11049,340,2003,2616,0,1721,0
15/01/2023,6624,574,3785,3213,0,2201,0
15/01/2023,4189,503,1800,1344,0,2352,0
15/01/2023,11061,635,2601,3107,0,1299,0
15/01/2023,7160,309,1296,2768,0,1532,0
15/01/2023,4086,339,1699,4265,0,957,0
15/01/2023,4483,375,862,1082,0,1959,0
16/01/2023,8966,770,2764,2946,0,3119,0
16/01/2023,7276,570,3395,3761,0,1677,0
16/01/2023,6391,612,2755,2449,0,2609,0
16/01/2023,9984,491,3182,1881,0,932,0
16/01/2023,5784,493,1218,1674,0,2420,0
16/01/2023,8337,381,2205,3439,0,3082,0
16/01/2023,4981,362,2306,2228,0,1302,0
16/01/2023,7279,392,1196,3677,0,2743,0
16/01/2023,9077,653,2960,1674,0,2705,0
16/01/2023,5412,595,3407,3948,0,1686,0
16/01/2023,4788,483,1305,2942,0,1142,0
16/01/2023,9400,576,2999,3544,0,3366,0
16/01/2023,8463,404,2863,3810,0,2472,0
16/01/2023,5017,394,2853,1414,0,2036,0
16/01/2023,7357,397,1254,3252,0,1379,0
17/01/2023,6671,439,2851,3780,0,3512,0
17/01/2023,7692,380,4808,4642,0,2103,0
17/01/2023,9001,687,2746,1862,0,1587,0
17/01/2023,6698,418,1459,2672,0,859,0
17/01/2023,10120,812,1361,871,0,1625,0
17/01/2023,7165,330,4157,1139,0,1600,0
17/01/2023,5847,603,2871,3494,0,2887,0
17/01/2023,7840,791,4017,1672,0,931,0
17/01/2023,8969,330,3520,2140,0,1822,0
17/01/2023,7787,746,2210,3037,0,2669,0
17/01/2023,5388,401,1852,2330,0,2776,0
17/01/2023,6978,468,2437,3299,0,2863,0
17/01/2023,5338,342,2253,1980,0,1322,0
17/01/2023,6695,348,2929,4285,0,1760,0
17/01/2023,9058,523,2604,2931,0,2388,0
18/01/2023,6516,319,3407,1987,0,1404,0
18/01/2023,8431,528,2301,3804,0,1248,0
18/01/2023,7801,622,1856,3604,0,1212,0
18/01/2023,10725,361,939,1355,0,2173,0
18/01/2023,9263,245,3390,3521,0,2582,0
18/01/2023,8011,586,2476,3313,0,1672,0
18/01/2023,4680,546,3740,2256,0,1403,0
18/01/2023,6523,393,4195,2029,0,2933,0
18/01/2023,7168,384,2107,1390,0,3166,0
18/01/2023,10566,361,2002,4514,0,1310,0
18/01/2023,8251,378,1364,2420,0,1956,0
18/01/2023,8383,567,4163,3583,0,1715,0
18/01/2023,8331,462,842,3888,0,1581,0
18/01/2023,5948,355,3410,3406,0,2423,0
18/01/2023,4535,641,2568,1917,0,1790,0
19/01/2023,5728,786,2153,1948,0,2762,0
19/01/2023,7622,406,1924,2050,0,1900,0
19/01/2023,5455,468,1432,3223,0,1591,0
19/01/2023,7396,816,3085,1472,0,1341,0
19/01/2023,6197,582,3689,4127,0,1572,0
19/01/2023,7823,414,4021,3022,0,2334,0
19/01/2023,9148,375,3297,2395,0,2274,0
19/01/2023,5364,440,4795,3650,0,1245,0
19/01/2023,5552,316,1757,3981,0,1418,0
19/01/2023,7371,539,1884,3304,0,2540,0
19/01/2023,9818,465,2509,1010,0,947,0
19/01/2023,4303,380,1697,3650,0,982,0
19/01/2023,9139,655,1321,4174,0,1609,0
19/01/2023,9786,454,2149,3297,0,1512,0
19/01/2023,9813,438,4707,1546,0,1818,0
20/01/2023,9784,311,1645,1957,0,3043,0
20/01/2023,7028,681,2470,3063,0,2277,0
20/01/2023,5808,386,2347,1815,0,1647,0
20/01/2023,6741,632,2334,2927,0,2427,0
20/01/2023,9361,502,2856,1289,0,1077,0
20/01/2023,7922,536,1413,2334,0,1392,0
20/01/2023,8010,632,2977,1118,0,3083,0
20/01/2023,5683,596,880,3105,0,1794,0
20/01/2023,7289,811,2695,1237,0,1615,0
20/01/2023,5504,575,1922,1701,0,1357,0
20/01/2023,9691,611,1829,2258,0,1443,0
20/01/2023,7156,556,2224,1350,0,2057,0
20/01/2023,8015,420,2006,3245,0,1566,0
20/01/2023,5537,542,2837,1187,0,859,0
20/01/2023,10968,331,2214,4873,0,3501,0
21/01/2023,6451,527,2755,4425,0,2010,0
21/01/2023,5976,494,1751,1591,0,1516,0
21/01/2023,5856,469,3727,3553,0,2001,0
21/01/2023,6977,558,1240,2413,0,2900,0
21/01/2023,7838,412,3317,2274,0,1222,0
21/01/2023,9889,435,1703,2076,0,2573,0
21/01/2023,7484,694,2394,4402,0,996,0
21/01/2023,9017,717,1162,1823,0,3088,0
21/01/2023,11346,604,3522,1446,0,1084,0
21/01/2023,7410,623,2409,2570,0,2738,0
21/01/2023,11312,335,2413,4257,0,1866,0
21/01/2023,9652,378,2031,3040,0,1964,0
21/01/2023,5275,494,1937,3852,0,1825,0
21/01/2023,9640,580,1724,4168,0,2262,0
21/01/2023,6973,693,1393,3548,0,1187,0
22/01/2023,10436,757,2631,4177,0,2785,0
22/01/2023,7379,547,1705,1211,0,1407,0
22/01/2023,9101,386,2441,2642,0,1100,0
22/01/2023,5639,726,1479,3690,0,1155,0
22/01/2023,10167,541,2809,3876,0,2194,0
22/01/2023,5170,641,2182,2995,0,3314,0
22/01/2023,8319,592,1019,2781,0,1712,0
22/01/2023,6814,402,2462,1325,0,2234,0
22/01/2023,6759,351,1667,4618,0,1862,0
22/01/2023,6949,576,2334,2561,0,3292,0
22/01/2023,5152,441,3036,2020,0,2825,0
22/01/2023,6470,305,4359,1946,0,2490,0
22/01/2023,6255,430,1202,3326,0,2330,0
22/01/2023,5470,328,2842,1071,0,1510,0
23/01/2023,5461,591,2442,1115,0,1337,0
23/01/2023,9432,288,1683,2615,0,1325,0
23/01/2023,7653,743,1389,1546,0,1255,0
23/01/2023,4711,480,1180,1663,0,1150,0
23/01/2023,7669,326,1945,910,0,1465,0
23/01/2023,6329,605,2614,2686,0,2671,0
23/01/2023,6626,270,3187,4607,0,1792,0
23/01/2023,10434,403,1738,3351,0,1653,0
23/01/2023,10277,424,2923,3447,0,1348,0
23/01/2023,7927,417,1904,2391,0,2720,0
23/01/2023,6212,509,2820,1628,0,1875,0
23/01/2023,6708,489,2738,2383,0,914,0
23/01/2023,9036,423,3766,3424,0,1689,0
23/01/2023,7167,594,4255,2147,0,984,0
23/01/2023,6880,386,3419,1308,0,1794,0
24/01/2023,5842,263,2466,2021,0,1703,0
24/01/2023,9948,419,1920,1763,0,2221,0
24/01/2023,6101,455,1922,1824,0,2228,0
24/01/2023,9109,242,2300,4532,0,2626,0
24/01/2023,8845,504,3663,2948,0,1066,0
24/01/2023,10446,406,1071,1184,0,2286,0
24/01/2023,5791,429,2198,2304,0,3156,0
24/01/2023,11142,514,3461,1483,0,2328,0
24/01/2023,5418,383,3458,1724,0,1262,0
24/01/2023,7159,488,2057,2205,0,2309,0
24/01/2023,7255,380,3910,2134,0,2885,0
24/01/2023,4421,374,2671,2650,0,1018,0
24/01/2023,6327,552,1346,1212,0,2325,0
24/01/2023,8941,561,2744,3666,0,2445,0
24/01/2023,10961,548,1681,1496,0,2549,0
25/01/2023,9006,366,3506,1248,0,1588,0
25/01/2023,5159,296,1520,4440,0,1465,0
25/01/2023,8135,373,3946,1558,0,2099,0
25/01/2023,5521,458,2491,2417,0,2539,0
25/01/2023,6562,402,3181,3677,0,1327,0
25/01/2023,6994,398,1651,2929,0,2573,0
25/01/2023,7007,459,1086,1227,0,1970,0
25/01/2023,11497,451,2557,1516,0,1944,0
25/01/2023,8076,698,1522,1157,0,1927,0
25/01/2023,6608,535,2569,1771,0,1093,0
25/01/2023,6526,562,3169,1167,0,2238,0
25/01/2023,7282,295,2808,3602,0,1770,0
25/01/2023,5892,489,2942,1220,0,1224,0
25/01/2023,6859,456,3060,2568,0,1331,0
25/01/2023,7166,416,2645,2820,0,1880,0
26/01/2023,6935,405,2030,2080,0,2450,0
26/01/2023,7320,326,925,2848,0,2986,0
26/01/2023,6758,768,2944,3056,0,1995,0
26/01/2023,6652,722,3229,1258,0,2927,0
26/01/2023,7642,526,1426,3465,0,1873,0
26/01/2023,4990,510,2821,1661,0,3231,0
26/01/2023,7688,333,910,1616,0,1733,0
26/01/2023,8995,486,915,2368,0,2599,0
26/01/2023,6813,307,3634,2313,0,3110,0
26/01/2023,6719,536,917,3270,0,1537,0
26/01/2023,4461,559,2279,3004,0,1657,0
26/01/2023,6354,491,2767,1655,0,3593,0
26/01/2023,6554,416,2966,2317,0,2576,0
26/01/2023,11211,429,2000,1294,0,1012,0
26/01/2023,9210,508,3649,1664,0,1376,0
27/01/2023,7593,302,2542,1661,0,2040,0
27/01/2023,6785,418,2085,3930,0,1788,0
27/01/2023,7365,608,2221,2278,0,1122,0
27/01/2023,10728,346,4056,3185,0,1983,0
27/01/2023,7728,332,1825,3962,0,1400,0
27/01/2023,11333,632,4338,1499,0,1679,0
27/01/2023,7005,570,1473,4568,0,1479,0
27/01/2023,6412,669,1950,2793,0,1889,0
27/01/2023,6467,391,3029,3864,0,1864,0
27/01/2023,8451,608,4503,3919,0,1455,0
27/01/2023,6532,344,3253,3988,0,3668,0
27/01/2023,10143,447,1181,3449,0,2539,0
27/01/2023,7591,536,1211,2540,0,1985,0
27/01/2023,6738,359,3267,2996,0,950,0
27/01/2023,4127,505,2893,3418,0,2273,0
28/01/2023,9222,378,1116,2647,0,1276,0
28/01/2023,9968,314,2473,3725,0,3424,0
28/01/2023,5170,308,3790,3712,0,2222,0
28/01/2023,6335,799,3340,1872,0,1063,0
28/01/2023,5722,716,4454,3108,0,3149,0
28/01/2023,6445,619,1332,3334,0,1229,0
28/01/2023,6864,310,2251,995,0,2286,0
28/01/2023,6233,488,2833,1014,0,922,0
28/01/2023,5036,581,1012,1129,0,1693,0
28/01/2023,10804,523,3696,2493,0,1445,0
28/01/2023,5667,566,3707,3101,0,3153,0
28/01/2023,6886,657,3350,2558,0,1952,0
28/01/2023,7969,290,2294,3099,0,830,0
28/01/2023,6123,546,1365,1302,0,1463,0
29/01/2023,7538,653,2281,1355,0,1117,0
29/01/2023,7495,467,1566,1688,0,2997,0
29/01/2023,6235,330,1414,1787,0,1009,0
29/01/2023,5962,453,2795,2784,0,2504,0
29/01/2023,8782,414,3049,2116,0,1202,0
29/01/2023,7552,456,1619,2254,0,1998,0
29/01/2023,9096,327,1361,3454,0,2611,0
29/01/2023,6823,567,2795,2253,0,1412,0
29/01/2023,6803,515,1938,2692,0,1614,0
29/01/2023,7880,432,839,1214,0,2119,0
29/01/2023,9726,412,1413,3580,0,1521,0
29/01/2023,9307,535,846,1429,0,1772,0
29/01/2023,7277,699,2084,4108,0,2141,0
30/01/2023,4274,481,1447,1230,0,939,0
30/01/2023,7880,647,3541,2312,0,1069,0
30/01/2023,4707,532,2209,2867,0,1413,0
30/01/2023,6579,295,1049,3018,0,1761,0
30/01/2023,5107,431,3695,3230,0,2698,0
30/01/2023,8207,542,3517,1054,0,1102,0
30/01/2023,9784,302,1312,1042,0,3288,0
30/01/2023,7386,520,2475,2713,0,2391,0
30/01/2023,7110,412,1410,1603,0,1526,0
30/01/2023,9432,299,2604,2821,0,2306,0
30/01/2023,7732,352,2497,2013,0,1589,0
30/01/2023,5926,339,2456,2693,0,2054,0
30/01/2023,7762,731,1333,2130,0,1831,0
30/01/2023,7149,355,1250,3958,0,1966,0
30/01/2023,7215,385,3886,1388,0,1299,0
31/01/2023,6756,553,1522,1860,0,2107,0
31/01/2023,5756,417,3058,1356,0,2483,0
31/01/2023,5456,418,2343,1655,0,2300,0
31/01/2023,4462,809,2411,2226,0,1474,0
31/01/2023,8337,600,3401,3259,0,1628,0
31/01/2023,9100,677,2485,1819,0,1419,0
31/01/2023,7360,412,3103,3303,0,1937,0
31/01/2023,8598,511,2998,3855,0,1866,0
31/01/2023,9013,601,3754,3931,0,1148,0
31/01/2023,8229,670,1805,1641,0,2861,0
31/01/2023,8171,496,1372,1648,0,2504,0
31/01/2023,8987,323,2426,3703,0,1200,0
31/01/2023,11599,376,1176,2611,0,1626,0
31/01/2023,6179,422,1976,3678,0,3224,0
01/02/2023,5030,529,2092,4121,0,1251,0
01/02/2023,4953,373,3184,1560,0,2232,0
01/02/2023,7695,742,1843,3090,0,1687,0
01/02/2023,5026,310,2542,2744,0,1517,0
01/02/2023,8950,335,1285,926,0,1830,0
01/02/2023,6737,361,2776,2264,0,1876,0
01/02/2023,10124,550,2182,1555,0,3392,0
01/02/2023,7040,373,2107,1643,0,2523,0
01/02/2023,8013,599,2833,2749,0,1714,0
01/02/2023,4763,301,1699,3751,0,1767,0
01/02/2023,4727,529,2389,1073,0,2729,0
01/02/2023,8882,649,4828,2075,0,2038,0
01/02/2023,7655,680,2694,2658,0,2188,0
01/02/2023,5045,424,1388,1768,0,3141,0
02/02/2023,8987,498,3911,1377,0,2161,0
02/02/2023,11049,528,2357,1304,0,2388,0
02/02/2023,6579,553,1467,1486,0,1130,0
02/02/2023,6412,325,2489,2447,0,2767,0
02/02/2023,6379,451,3839,2240,0,2092,0
02/02/2023,8957,403,2147,2391,0,2241,0
02/02/2023,6380,305,3313,1120,0,1510,0
02/02/2023,8138,656,2010,1973,0,2449,0
02/02/2023,7051,745,1537,3477,0,1234,0
02/02/2023,4557,353,2952,1315,0,1287,0
02/02/2023,8117,682,2721,3535,0,1731,0
02/02/2023,8837,619,2178,2070,0,2656,0
02/02/2023,6354,596,1337,1909,0,1343,0
02/02/2023,4855,624,1283,3527,0,2502,0
03/02/2023,6679,657,1897,3840,0,3032,0
03/02/2023,8321,519,2328,1859,0,2975,0
03/02/2023,6456,546,4108,1920,0,2761,0
03/02/2023,8058,390,1367,995,0,1323,0
03/02/2023,5441,524,4139,2041,0,1999,0
03/02/2023,7433,299,1316,2998,0,1899,0
03/02/2023,5172,590,1641,1053,0,2199,0
03/02/2023,6252,277,1357,1600,0,1910,0
03/02/2023,7582,516,4272,1604,0,2064,0
03/02/2023,8728,295,2321,3447,0,1747,0
03/02/2023,7838,404,3311,1029,0,2110,0
03/02/2023,8744,464,1265,2769,0,1983,0
03/02/2023,7828,819,1485,3152,0,1523,0
03/02/2023,10009,438,1570,3222,0,2020,0
04/02/2023,11189,508,3808,2401,0,1289,0
04/02/2023,8994,571,850,2102,0,1421,0
04/02/2023,7220,394,1976,1888,0,1753,0
04/02/2023,6935,327,1283,2413,0,1281,0
04/02/2023,5476,456,3139,3290,0,2067,0
04/02/2023,8826,333,2984,2483,0,1902,0
04/02/2023,6387,566,1456,2634,0,2029,0
04/02/2023,4949,313,2280,2596,0,1798,0
04/02/2023,6697,439,2293,3290,0,2514,0
04/02/2023,7305,773,2708,1621,0,2196,0
04/02/2023,6900,577,1605,2873,0,2127,0
04/02/2023,7544,615,3286,3453,0,1994,0
04/02/2023,6744,608,2947,2945,0,2550,0
04/02/2023,7240,403,3104,3630,0,1416,0
05/02/2023,8496,425,2020,3033,0,1639,0
05/02/2023,8193,492,2352,3006,0,1987,0
05/02/2023,8651,601,1915,1428,0,2948,0
05/02/2023,6042,785,3403,2577,0,1295,0
05/02/2023,4579,499,2922,4157,0,1637,0
05/02/2023,9654,638,1323,1504,0,981,0
05/02/2023,5474,342,1320,4097,0,1905,0
05/02/2023,6280,702,2749,4210,0,1381,0
05/02/2023,10487,363,2712,2603,0,1693,0
05/02/2023,8896,370,2172,3311,0,2004,0
05/02/2023,5077,496,1093,2853,0,2292,0
05/02/2023,9867,386,875,2363,0,817,0
05/02/2023,9072,297,1167,4334,0,1680,0
05/02/2023,5333,300,3425,863,0,2344,0
06/02/2023,5688,717,1336,3796,0,1652,0
06/02/2023,8359,556,2474,4026,0,2568,0
06/02/2023,6568,341,2709,4523,0,1164,0
06/02/2023,4146,567,2081,3170,0,984,0
06/02/2023,7354,551,2891,3453,0,2378,0
06/02/2023,11205,614,1987,1065,0,2750,0
06/02/2023,6877,623,1054,3942,0,2140,0
06/02/2023,6926,593,3835,2946,0,2134,0
06/02/2023,6202,622,2166,4350,0,2483,0
06/02/2023,11227,506,1122,3193,0,1720,0
06/02/2023,8121,383,2032,2555,0,2173,0
06/02/2023,9494,402,2576,2364,0,1533,0
06/02/2023,6891,276,3345,1938,0,1330,0
06/02/2023,8025,398,3209,2813,0,1994,0
07/02/2023,10191,384,2749,2715,0,1259,0
07/02/2023,11442,518,2383,1240,0,2589,0
07/02/2023,7501,556,4180,1579,0,1788,0
07/02/2023,4484,768,3342,1557,0,3182,0
07/02/2023,5853,376,2808,2703,0,2643,0
07/02/2023,7581,646,1980,1903,0,2596,0
07/02/2023,8252,246,2602,4029,0,2503,0
07/02/2023,4952,370,1670,2515,0,1926,0
07/02/2023,9011,538,1846,2275,0,3308,0
07/02/2023,6311,267,3814,3317,0,2488,0
07/02/2023,8192,712,1434,3004,0,2789,0
07/02/2023,4860,411,2789,1873,0,2314,0
07/02/2023,7322,352,2241,2619,0,2694,0
07/02/2023,6882,619,2166,2906,0,1683,0
08/02/2023,6588,376,2755,1226,0,987,0
08/02/2023,8975,377,1634,2313,0,2419,0
08/02/2023,5464,708,2149,3071,0,3231,0
08/02/2023,10440,537,2850,3277,0,1386,0
08/02/2023,7847,386,1394,1900,0,2952,0
08/02/2023,6996,537,3324,2354,0,1112,0
08/02/2023,6657,498,2843,1255,0,2505,0
08/02/2023,10056,554,1933,3562,0,1696,0
08/02/2023,5149,801,2392,1692,0,1401,0
08/02/2023,10697,691,1967,2706,0,2664,0
08/02/2023,7765,707,1479,2517,0,2081,0
08/02/2023,7184,516,1002,1971,0,2490,0
08/02/2023,8058,653,2700,2678,0,1308,0
09/02/2023,6276,312,2520,2749,0,2163,0
09/02/2023,6975,750,2853,2882,0,1975,0
09/02/2023,7870,491,2439,3451,0,1461,0
09/02/2023,5637,401,1065,3986,0,1971,0
09/02/2023,7482,653,2814,2272,0,2069,0
09/02/2023,5209,357,3719,3529,0,2268,0
09/02/2023,10143,798,3270,1295,0,2294,0
09/02/2023,11258,533,2654,3193,0,3048,0
09/02/2023,10536,360,2490,1748,0,2624,0
09/02/2023,6348,634,1085,2293,0,3260,0
09/02/2023,7131,549,2152,3844,0,3237,0
09/02/2023,7757,558,4220,3334,0,1259,0
09/02/2023,6166,432,2217,2241,0,1998,0
10/02/2023,4933,576,3562,2255,0,1180,0
10/02/2023,7962,643,1372,2314,0,1538,0
10/02/2023,5670,619,3149,1908,0,2658,0
10/02/2023,6460,647,2059,1222,0,2627,0
10/02/2023,10168,458,1306,2495,0,3178,0
10/02/2023,7585,392,1189,2221,0,2118,0
10/02/2023,11676,488,3224,1865,0,2656,0
10/02/2023,7472,624,3682,2150,0,1757,0
10/02/2023,6099,498,3711,3818,0,1835,0
10/02/2023,8669,676,2461,2773,0,1022,0
10/02/2023,8341,553,3219,1050,0,1964,0
10/02/2023,9687,602,2951,3386,0,1324,0
10/02/2023,7389,403,1348,1250,0,2085,0
10/02/2023,9776,448,2372,3050,0,2105,0
10/02/2023,7904,608,2826,2464,0,3132,0
11/02/2023,5411,543,3024,3602,0,2020,0
11/02/2023,8378,360,3998,3133,0,2886,0
11/02/2023,8448,681,2018,3098,0,2207,0
11/02/2023,6691,375,1993,1784,0,3277,0
11/02/2023,8601,513,1969,1746,0,1352,0
11/02/2023,7799,595,2970,3282,0,3572,0
11/02/2023,8348,532,2232,2553,0,2087,0
11/02/2023,8043,320,892,2644,0,1573,0
11/02/2023,8226,564,2386,1921,0,3061,0
11/02/2023,5123,656,3228,2062,0,3450,0
11/02/2023,9966,422,3401,1302,0,2698,0
11/02/2023,11005,816,1865,3527,0,3371,0
11/02/2023,7794,564,954,2013,0,2688,0
11/02/2023,4880,442,4630,1365,0,2505,0
12/02/2023,6823,722,2016,2460,0,1512,0
12/02/2023,5757,457,1385,1654,0,2865,0
12/02/2023,10556,572,3426,3041,0,2805,0
12/02/2023,4721,779,2872,2984,0,1085,0
12/02/2023,4374,642,2844,4125,0,2464,0
12/02/2023,9482,453,1534,3609,0,1714,0
12/02/2023,8704,395,2812,1185,0,2122,0
12/02/2023,7813,323,1214,1938,0,1831,0
12/02/2023,8074,301,3275,1180,0,2211,0
12/02/2023,11357,648,2682,1466,0,2046,0
12/02/2023,6625,480,3252,2247,0,1344,0
12/02/2023,4656,267,2453,3596,0,2667,0
12/02/2023,7687,336,3562,3720,0,2790,0
13/02/2023,7882,550,2624,2061,0,2257,0
13/02/2023,8452,563,4072,3227,0,1405,0
13/02/2023,10828,568,2111,3565,0,2988,0
13/02/2023,5596,664,2419,1908,0,1798,0
13/02/2023,9740,437,2469,2486,0,2849,0
13/02/2023,5861,299,2942,2709,0,885,0
13/02/2023,8239,539,3250,4080,0,2317,0
13/02/2023,6655,351,1732,3213,0,2205,0
13/02/2023,5079,462,2035,1923,0,2877,0
13/02/2023,9378,481,1799,2425,0,1643,0
13/02/2023,10048,726,3338,3624,0,1444,0
13/02/2023,7511,815,1922,1503,0,1093,0
13/02/2023,4796,609,2005,2666,0,1252,0
13/02/2023,5269,435,2328,3483,0,2942,0
14/02/2023,7614,421,2839,3387,0,1363,0
14/02/2023,4208,493,1743,1844,0,1183,0
14/02/2023,9610,525,3191,1436,0,1667,0
14/02/2023,6261,627,1607,2915,0,1284,0
14/02/2023,8575,438,1283,3472,0,1796,0
14/02/2023,11306,619,4271,3519,0,2093,0
14/02/2023,6717,332,2188,1466,0,1141,0
14/02/2023,5785,380,3055,947,0,2056,0
14/02/2023,6833,332,2904,4161,0,1168,0
14/02/2023,8477,589,2886,4228,0,3602,0
14/02/2023,7736,591,2638,3350,0,2204,0
14/02/2023,5572,587,2834,1574,0,1693,0
14/02/2023,8846,387,1756,2465,0,1353,0
14/02/2023,5770,767,1833,1026,0,1397,0
14/02/2023,8141,488,2811,2253,0,1256,0
15/02/2023,7029,495,1318,4390,0,1622,0
15/02/2023,6868,464,2626,2873,0,3500,0
15/02/2023,7264,375,984,2997,0,1315,0
15/02/2023,4124,378,3930,1802,0,3119,0
15/02/2023,7234,314,1166,1076,0,1678,0
15/02/2023,7819,387,2970,2713,0,1880,0
15/02/2023,7290,611,2436,1171,0,1654,0
15/02/2023,6924,469,4331,1776,0,2275,0
15/02/2023,6648,407,2117,2815,0,1902,0
15/02/2023,5044,348,1788,1380,0,2057,0
15/02/2023,9762,646,1590,2325,0,1938,0
15/02/2023,5969,399,2421,1923,0,1291,0
15/02/2023,10700,456,4108,2805,0,1816,0
15/02/2023,8939,302,1457,3042,0,3182,0
15/02/2023,10167,595,2038,2439,0,2817,0
16/02/2023,5727,567,4516,4054,0,3243,0
16/02/2023,8506,424,2464,2793,0,1337,0
16/02/2023,6650,802,3410,2408,0,2580,0
16/02/2023,4511,632,3757,2962,0,2148,0
16/02/2023,11215,324,4570,3338,0,1010,0
16/02/2023,5903,246,3446,3546,0,1832,0
16/02/2023,7611,486,3450,3708,0,1335,0
16/02/2023,5078,335,2053,2337,0,1207,0
16/02/2023,5584,752,2077,2538,0,1447,0
16/02/2023,10206,555,4465,2029,0,2740,0
16/02/2023,7133,738,2508,2651,0,1346,0
16/02/2023,5867,758,974,1187,0,2201,0
16/02/2023,6667,312,1490,1687,0,1872,0
16/02/2023,9098,534,3493,2167,0,3094,0
16/02/2023,7705,379,2583,1925,0,1212,0
17/02/2023,8805,574,880,2789,0,1225,0
17/02/2023,7386,687,3356,1981,0,3259,0
17/02/2023,7472,300,1104,1233,0,1850,0
17/02/2023,9223,529,3579,2048,0,1146,0
17/02/2023,7257,491,2866,4746,0,951,0
17/02/2023,7525,538,2504,2058,0,1104,0
17/02/2023,6641,366,2802,1749,0,1022,0
17/02/2023,5813,420,1075,2572,0,1611,0
17/02/2023,11180,610,1579,3642,0,1770,0
17/02/2023,6891,564,3998,3021,0,2436,0
17/02/2023,6160,745,2789,3127,0,2368,0
17/02/2023,5428,517,2887,3140,0,1138,0
17/02/2023,10740,490,3199,4313,0,1737,0
17/02/2023,5123,372,3606,3100,0,1784,0
18/02/2023,6096,411,1631,1840,0,1833,0
18/02/2023,7635,238,1924,2109,0,970,0
18/02/2023,5545,317,3101,1244,0,2611,0
18/02/2023,7821,543,2450,2498,0,2762,0
18/02/2023,9724,771,2511,2891,0,1813,0
18/02/2023,9764,682,4456,2783,0,1357,0
18/02/2023,5302,301,2535,1892,0,1924,0
18/02/2023,8144,466,3696,1672,0,2266,0
18/02/2023,4505,556,2493,1281,0,1607,0
18/02/2023,6356,683,2209,1374,0,1886,0
18/02/2023,10448,465,1577,3084,0,3025,0
18/02/2023,6796,432,2395,3822,0,1535,0
18/02/2023,11515,531,2944,1301,0,1771,0
18/02/2023,6047,409,3126,2577,0,898,0
18/02/2023,4824,558,1863,3843,0,1060,0
19/02/2023,7596,600,3905,1892,0,1286,0
19/02/2023,5020,360,1572,3896,0,2364,0
19/02/2023,6512,538,4281,1379,0,2713,0
19/02/2023,4716,392,2977,4130,0,2073,0
19/02/2023,5515,443,2929,1391,0,904,0
19/02/2023,8817,497,1027,1095,0,2073,0
19/02/2023,10151,486,3357,2601,0,1470,0
19/02/2023,10978,517,2651,2966,0,2855,0
19/02/2023,8111,387,2519,2622,0,2925,0
19/02/2023,4767,430,4222,2603,0,1389,0
19/02/2023,5125,584,1461,1104,0,2338,0
19/02/2023,7056,418,2143,3515,0,3131,0
19/02/2023,5290,633,3720,3267,0,3112,0
19/02/2023,7269,530,2073,2443,0,3455,0
20/02/2023,8940,540,1963,2680,0,2005,0
20/02/2023,6313,636,1744,989,0,1249,0
20/02/2023,8557,275,4409,3241,0,2122,0
20/02/2023,9056,460,1195,4371,0,2662,0
20/02/2023,5413,716,1363,4220,0,1300,0
20/02/2023,7376,696,1673,2755,0,2222,0
20/02/2023,9215,412,2700,2837,0,1811,0
20/02/2023,7150,611,1394,2269,0,2924,0
20/02/2023,6417,673,2280,1185,0,1237,0
20/02/2023,7180,413,2170,2407,0,1478,0
20/02/2023,7082,472,3908,2503,0,3018,0
20/02/2023,10174,580,3670,1409,0,2349,0
20/02/2023,6484,745,2646,1323,0,1968,0
20/02/2023,6234,515,3771,3334,0,2168,0
21/02/2023,9450,490,1069,2510,0,3426,0
21/02/2023,6123,581,3051,3097,0,2834,0
21/02/2023,8243,516,2656,1820,0,2494,0
21/02/2023,6616,533,3417,4058,0,2488,0
21/02/2023,5569,693,2478,2232,0,2563,0
21/02/2023,6798,338,1954,3623,0,3008,0
21/02/2023,8614,535,2991,1257,0,2595,0
21/02/2023,6743,497,2551,1136,0,1805,0
21/02/2023,7192,414,1125,2051,0,2682,0
21/02/2023,4823,612,4031,2020,0,2639,0
21/02/2023,6027,608,4541,2898,0,1101,0
21/02/2023,9868,326,2554,1848,0,2973,0
21/02/2023,9060,747,1409,2947,0,2596,0
21/02/2023,6302,347,3850,3860,0,2107,0
22/02/2023,6454,381,2854,4005,0,1535,0
22/02/2023,4538,452,1595,2958,0,2340,0
22/02/2023,7041,480,1086,2164,0,999,0
22/02/2023,10467,601,2485,3409,0,957,0
22/02/2023,8415,698,1596,4385,0,2664,0
22/02/2023,10380,332,2035,1128,0,1234,0
22/02/2023,6090,554,3251,2454,0,1322,0
22/02/2023,6719,507,4267,3390,0,2607,0
22/02/2023,8189,551,2426,1643,0,1874,0
22/02/2023,7779,409,3469,1550,0,1070,0
22/02/2023,7473,490,1830,3001,0,2175,0
22/02/2023,6932,677,2471,860,0,2073,0
22/02/2023,7075,456,2615,2373,0,1137,0
22/02/2023,5427,636,3500,4563,0,2422,0
23/02/2023,7146,653,2452,1921,0,3137,0
23/02/2023,7157,460,2351,773,0,1501,0
23/02/2023,6645,497,2642,3201,0,1380,0
23/02/2023,5650,487,946,3697,0,1399,0
23/02/2023,6435,780,4499,1816,0,2449,0
23/02/2023,11251,563,1398,2603,0,1943,0
23/02/2023,5943,597,3116,2632,0,2862,0
23/02/2023,9867,387,3221,4572,0,2004,0
23/02/2023,9651,658,3412,3014,0,1865,0
23/02/2023,10916,430,2548,3722,0,2534,0
23/02/2023,5794,426,2532,3109,0,1045,0
23/02/2023,4382,491,2891,1268,0,2548,0
23/02/2023,7695,448,4332,2769,0,1468,0
23/02/2023,8907,281,2954,1037,0,1555,0
24/02/2023,6312,343,3732,2369,0,3093,0
24/02/2023,7725,328,4518,1157,0,1706,0
24/02/2023,8733,461,1329,1661,0,2290,0
24/02/2023,11111,590,1432,4007,0,1533,0
24/02/2023,6188,546,844,3187,0,1032,0
24/02/2023,5485,467,2521,3484,0,1865,0
24/02/2023,6086,570,2476,3222,0,1186,0
24/02/2023,10886,481,1266,3272,0,1651,0
24/02/2023,7006,323,891,1292,0,2884,0
24/02/2023,6060,335,1757,1609,0,3154,0
24/02/2023,6617,367,2706,2380,0,3591,0
24/02/2023,6839,666,1032,4209,0,1980,0
24/02/2023,9544,417,1730,2458,0,1861,0
24/02/2023,4758,363,1931,1325,0,2796,0
25/02/2023,4794,576,1659,1593,0,2512,0
25/02/2023,7349,509,1606,3253,0,3265,0
25/02/2023,5127,609,2367,2608,0,1538,0
25/02/2023,7947,448,1326,1373,0,2552,0
25/02/2023,6882,377,2322,3339,0,2453,0
25/02/2023,7575,379,2260,2956,0,1880,0
25/02/2023,11007,785,864,2317,0,1279,0
25/02/2023,4761,791,1763,1225,0,1663,0
25/02/2023,10181,646,1825,1570,0,1800,0
25/02/2023,6853,601,2637,1151,0,2413,0
25/02/2023,8204,262,3925,3454,0,2239,0
25/02/2023,7238,426,2935,2235,0,2041,0
25/02/2023,8484,605,3076,848,0,1617,0
26/02/2023,7765,503,3649,2103,0,2210,0
26/02/2023,5499,510,1299,1263,0,1916,0
26/02/2023,7873,586,2898,3898,0,2301,0
26/02/2023,8489,519,1555,1944,0,2716,0
26/02/2023,5995,743,1372,2158,0,2183,0
26/02/2023,5879,369,2802,1443,0,2274,0
26/02/2023,8001,704,4729,930,0,1474,0
26/02/2023,10755,476,2151,3190,0,1739,0
26/02/2023,6691,369,2320,1217,0,1383,0
26/02/2023,7208,492,2677,1605,0,2362,0
26/02/2023,4510,485,1610,1994,0,2671,0
26/02/2023,8123,390,3439,3339,0,2445,0
26/02/2023,6618,348,1281,1012,0,1330,0
27/02/2023,7898,368,2972,4738,0,1270,0
27/02/2023,6888,401,4220,2669,0,2099,0
27/02/2023,6926,706,3279,2524,0,3268,0
27/02/2023,8362,352,1486,2161,0,1242,0
27/02/2023,5966,289,3022,3054,0,2413,0
27/02/2023,3823,818,1347,1670,0,2753,0
27/02/2023,5667,547,3470,3729,0,2416,0
27/02/2023,12073,385,2547,782,0,1349,0
27/02/2023,5905,632,2747,2826,0,1710,0
27/02/2023,7554,699,2871,4470,0,1956,0
27/02/2023,6437,678,2314,2538,0,1183,0
27/02/2023,8319,629,1239,2065,0,2648,0
27/02/2023,9176,575,1350,3182,0,1589,0
28/02/2023,7239,651,3516,1542,0,2406,0
28/02/2023,9204,687,2453,1487,0,1013,0
28/02/2023,11295,405,2011,3355,0,1588,0
28/02/2023,8050,516,2398,1105,0,1650,0
28/02/2023,5166,509,2050,2333,0,2211,0
28/02/2023,6661,711,3376,3007,0,3194,0
28/02/2023,4802,500,2456,3616,0,2845,0
28/02/2023,7116,403,4167,2640,0,1512,0
28/02/2023,5837,476,2957,2590,0,958,0
28/02/2023,5445,596,3279,2056,0,1338,0
28/02/2023,6957,509,1765,2099,0,2341,0
28/02/2023,9461,467,2036,2899,0,2333,0
28/02/2023,7458,621,3214,4121,0,2337,0
01/03/2023,6095,772,1119,1977,0,2036,0
01/03/2023,8639,475,2383,1630,0,1562,0
01/03/2023,7128,482,1310,2767,0,1236,0
01/03/2023,7216,435,2485,1787,0,2864,0
01/03/2023,8097,475,3465,4469,0,2330,0
01/03/2023,5178,479,3669,3404,0,2225,0
01/03/2023,10983,414,2761,1502,0,2122,0
01/03/2023,8371,706,3341,3789,0,1997,0
01/03/2023,6886,340,2571,1498,0,3013,0
01/03/2023,7438,494,2155,3498,0,2299,0
01/03/2023,6114,256,1171,2952,0,2305,0
01/03/2023,8075,772,4089,3381,0,1997,0
02/03/2023,8338,584,2490,2441,0,2324,0
02/03/2023,7059,656,2916,3191,0,2557,0
02/03/2023,9917,497,2955,4113,0,2974,0
02/03/2023,6871,533,2192,2723,0,1593,0
02/03/2023,4913,281,2230,2035,0,1361,0
02/03/2023,5564,292,1201,3029,0,1390,0
02/03/2023,10306,398,2620,1310,0,1843,0
02/03/2023,9367,256,1855,2534,0,1300,0
02/03/2023,10659,435,2157,2317,0,956,0
02/03/2023,7847,622,3163,3616,0,2209,0
02/03/2023,5261,663,1521,1881,0,1666,0
02/03/2023,7986,743,1445,2540,0,2587,0
02/03/2023,7677,375,958,2518,0,1092,0
02/03/2023,11692,485,775,1878,0,2235,0
03/03/2023,6877,541,3737,2509,0,1299,0
03/03/2023,8088,538,3021,3888,0,1848,0
03/03/2023,9983,547,2384,2477,0,1162,0
03/03/2023,10777,297,4349,2318,0,3466,0
03/03/2023,6117,432,1612,3814,0,2799,0
03/03/2023,6227,481,2809,4053,0,2358,0
03/03/2023,8405,480,4043,2960,0,1448,0
03/03/2023,8006,524,3325,3053,0,2969,0
03/03/2023,11422,552,3457,2367,0,2502,0
03/03/2023,4625,423,1848,2123,0,1346,0
03/03/2023,9471,477,3859,2146,0,2023,0
03/03/2023,5169,318,2848,2437,0,2529,0
03/03/2023,8754,285,1758,3299,0,2146,0
04/03/2023,6142,561,2654,2097,0,2732,0
04/03/2023,6632,445,2684,3850,0,1463,0
04/03/2023,6430,460,2825,1987,0,2571,0
04/03/2023,8623,611,1553,1470,0,947,0
04/03/2023,3984,385,1976,2109,0,1654,0
04/03/2023,9303,789,1351,2689,0,1056,0
04/03/2023,6123,504,2221,1856,0,2840,0
04/03/2023,5844,722,2022,2620,0,2583,0
04/03/2023,7692,359,1338,2663,0,2536,0
04/03/2023,6895,406,4091,3264,0,1727,0
04/03/2023,7994,387,1645,2514,0,1719,0
04/03/2023,4798,760,2093,3573,0,1975,0
04/03/2023,10316,538,1008,3123,0,1414,0
05/03/2023,7111,579,2436,1348,0,2508,0
05/03/2023,7581,497,1726,1749,0,1000,0
05/03/2023,11274,359,4299,1839,0,2303,0
05/03/2023,7834,350,1483,3121,0,1547,0
05/03/2023,6699,369,2780,1714,0,2601,0
05/03/2023,6142,487,4536,3777,0,2237,0
05/03/2023,5279,454,2404,3833,0,2178,0
05/03/2023,6770,636,3349,2638,0,1898,0
05/03/2023,7391,671,3442,2488,0,1762,0
05/03/2023,10423,505,2401,2461,0,2396,0
05/03/2023,9044,451,1881,1482,0,2829,0
05/03/2023,5494,402,3488,2760,0,2326,0
05/03/2023,9562,727,1663,3407,0,3156,0
06/03/2023,6455,526,1790,1286,0,1618,0
06/03/2023,6344,503,1870,1661,0,3017,0
06/03/2023,4081,465,1680,2135,0,2785,0
06/03/2023,7383,291,2980,1536,0,1774,0
06/03/2023,8770,610,2583,2073,0,873,0
06/03/2023,9975,292,3162,1661,0,1861,0
06/03/2023,8587,416,1422,3454,0,1948,0
06/03/2023,4051,653,2299,1407,0,1759,0
06/03/2023,7812,510,3438,1723,0,2292,0
06/03/2023,7538,541,1105,1820,0,2480,0
06/03/2023,5226,500,1393,3007,0,1333,0
06/03/2023,10199,396,3666,4481,0,1617,0
06/03/2023,8558,389,1710,3214,0,1956,0
06/03/2023,9129,281,2939,2781,0,2172,0
07/03/2023,6911,383,2781,2901,0,2009,0
07/03/2023,7044,332,1061,3262,0,2650,0
07/03/2023,7453,427,4546,2670,0,1696,0
07/03/2023,6448,323,1559,2145,0,1996,0
07/03/2023,4576,286,2871,1600,0,2690,0
07/03/2023,5359,824,1713,2631,0,1856,0
07/03/2023,6981,639,1605,3076,0,1974,0
07/03/2023,9012,392,1329,1312,0,926,0
07/03/2023,7495,341,1338,3364,0,2079,0
07/03/2023,5944,606,1233,1118,0,2069,0
07/03/2023,5392,262,1185,1849,0,1217,0
07/03/2023,10339,779,3685,1442,0,2046,0
07/03/2023,8098,474,2245,1643,0,2536,0
07/03/2023,6527,452,4340,3870,0,1806,0
08/03/2023,8804,373,2922,2862,0,2785,0
08/03/2023,6373,528,4438,1288,0,1037,0
08/03/2023,5404,368,1782,3211,0,2987,0
08/03/2023,6716,349,2663,2083,0,1917,0
08/03/2023,4637,482,2366,2699,0,1620,0
08/03/2023,5988,372,1672,2989,0,1892,0
08/03/2023,8815,538,3266,4211,0,1295,0
08/03/2023,8385,689,1654,2790,0,1035,0
08/03/2023,9533,537,4224,4250,0,2828,0
08/03/2023,8660,553,1187,1894,0,1865,0
08/03/2023,4818,507,875,1343,0,1781,0
08/03/2023,8601,407,1091,1860,0,1778,0
08/03/2023,5754,336,4081,3515,0,2418,0
08/03/2023,4491,493,2577,2062,0,1513,0
09/03/2023,7222,741,3695,3348,0,1500,0
09/03/2023,10005,724,2888,3116,0,2648,0
09/03/2023,4894,530,1059,2528,0,1413,0
09/03/2023,7340,418,2917,3116,0,2235,0
09/03/2023,6299,528,3035,2069,0,2423,0
09/03/2023,7992,258,1460,2832,0,1713,0
09/03/2023,8442,566,2045,3083,0,1079,0
09/03/2023,7440,263,2935,1864,0,1887,0
09/03/2023,7748,393,1953,1774,0,2767,0
09/03/2023,9033,712,3277,2711,0,1852,0
09/03/2023,5857,287,1990,4135,0,1184,0
09/03/2023,9342,685,2817,956,0,2662,0
09/03/2023,9663,372,2936,3562,0,3381,0
09/03/2023,7107,506,2749,2010,0,2503,0
10/03/2023,7752,441,2381,1521,0,2657,0
10/03/2023,5724,585,1872,2185,0,1045,0
10/03/2023,7282,655,2164,2766,0,2413,0
10/03/2023,5711,463,1196,2797,0,2415,0
10/03/2023,7276,560,2581,4399,0,1705,0
10/03/2023,7270,325,1135,2018,0,1334,0
10/03/2023,11246,415,1431,1777,0,2656,0
10/03/2023,7777,290,3364,1785,0,973,0
10/03/2023,6943,669,1228,2381,0,1514,0
10/03/2023,8179,456,2686,2226,0,2138,0
10/03/2023,7292,709,3624,1050,0,1974,0
10/03/2023,9131,471,4346,1955,0,2245,0
10/03/2023,7677,522,1584,1635,0,1352,0
10/03/2023,5159,269,1355,2266,0,2753,0
11/03/2023,6322,436,2434,928,0,1266,0
11/03/2023,6237,516,1775,2935,0,1648,0
11/03/2023,4994,331,3563,2513,0,1433,0
11/03/2023,8677,624,4247,1265,0,2011,0
11/03/2023,6652,407,2624,2653,0,1292,0
11/03/2023,7315,404,1590,4724,0,3484,0
11/03/2023,9696,315,2719,3970,0,1129,0
11/03/2023,8214,443,3495,2155,0,1918,0
11/03/2023,5732,373,2207,2063,0,1506,0
11/03/2023,7154,416,3982,4696,0,1461,0
11/03/2023,9926,577,2718,4002,0,1370,0
11/03/2023,6443,436,2002,2832,0,1058,0
11/03/2023,8253,684,2691,2300,0,2324,0
11/03/2023,5770,573,3121,3430,0,3011,0
12/03/2023,6987,343,2600,3940,0,1265,0
12/03/2023,8510,344,3574,1484,0,2414,0
12/03/2023,5106,452,946,2377,0,2419,0
12/03/2023,7923,435,1383,3254,0,2021,0
12/03/2023,9668,349,2964,2302,0,2774,0
12/03/2023,8454,287,1797,2396,0,1724,0
12/03/2023,5334,255,3778,4453,0,1607,0
12/03/2023,6149,517,2694,3480,0,1629,0
12/03/2023,8930,609,2396,1891,0,2903,0
12/03/2023,6904,301,3199,3916,0,1719,0
12/03/2023,9929,553,2389,4776,0,1481,0
12/03/2023,5961,499,2462,3286,0,1799,0
12/03/2023,6267,590,2213,2029,0,3319,0
13/03/2023,8498,336,3621,2824,0,3097,0
13/03/2023,8281,425,1765,2940,0,847,0
13/03/2023,7233,285,3239,2550,0,1421,0
13/03/2023,7440,475,998,1437,0,938,0
13/03/2023,6491,331,2537,4145,0,1829,0
13/03/2023,9816,432,1617,3775,0,1736,0
13/03/2023,9634,410,3610,3350,0,1907,0
13/03/2023,9163,765,1561,2371,0,997,0
13/03/2023,6288,494,2757,3938,0,1427,0
13/03/2023,6555,507,1548,2304,0,1490,0
13/03/2023,10124,310,3350,1430,0,2138,0
13/03/2023,5131,388,1551,2554,0,1951,0
13/03/2023,5062,387,3959,2787,0,2692,0
13/03/2023,5299,342,3183,2160,0,2442,0
14/03/2023,5391,386,1984,2434,0,1366,0
14/03/2023,9487,379,2946,3283,0,1306,0
14/03/2023,4878,457,1521,3506,0,1197,0
14/03/2023,7007,564,1830,2081,0,1325,0
14/03/2023,10050,574,3013,3307,0,1700,0
14/03/2023,5927,798,1495,1259,0,2154,0
14/03/2023,9349,571,2310,2013,0,1160,0
14/03/2023,5717,363,2052,4415,0,933,0
14/03/2023,5738,466,2271,2584,0,1147,0
14/03/2023,8521,610,3450,1046,0,3035,0
14/03/2023,11005,586,1443,2249,0,899,0
14/03/2023,4128,418,2088,1399,0,1038,0
14/03/2023,6718,618,2403,4128,0,2766,0
14/03/2023,6861,465,2933,2347,0,1991,0
15/03/2023,9931,272,3484,1123,0,1987,0
15/03/2023,6378,267,1749,879,0,1318,0
15/03/2023,8462,381,1348,1891,0,3456,0
15/03/2023,10560,762,1886,1520,0,1009,0
15/03/2023,10401,665,1576,2095,0,2672,0
15/03/2023,9031,712,1937,1728,0,1984,0
15/03/2023,6855,615,1719,4416,0,1754,0
15/03/2023,6929,503,1292,2735,0,2017,0
15/03/2023,6456,332,1282,1023,0,2199,0
15/03/2023,5808,688,3575,1233,0,1959,0
15/03/2023,7043,703,2891,2855,0,862,0
15/03/2023,9226,488,914,1713,0,1938,0
15/03/2023,8473,554,2534,2038,0,3504,0
15/03/2023,5598,406,3699,2012,0,1985,0
16/03/2023,8747,563,3239,1382,0,2586,0
16/03/2023,6296,755,2885,3715,0,1434,0
16/03/2023,11070,352,1972,2041,0,2103,0
16/03/2023,6049,327,2873,1413,0,1032,0
16/03/2023,7703,762,1084,4196,0,1088,0
16/03/2023,8221,626,1275,1984,0,2362,0
16/03/2023,7598,362,2082,1494,0,2262,0
16/03/2023,9222,556,1265,2910,0,2166,0
16/03/2023,4819,598,1630,2299,0,1696,0
16/03/2023,7388,781,3479,4174,0,3289,0
16/03/2023,7720,611,2041,2936,0,2072,0
16/03/2023,6474,413,3299,1236,0,1991,0
16/03/2023,4475,494,992,1318,0,2159,0
16/03/2023,4033,503,2318,1445,0,3307,0
17/03/2023,7798,671,2599,2028,0,1704,0
17/03/2023,5430,330,1642,3035,0,2147,0
17/03/2023,9502,402,2263,2987,0,2976,0
17/03/2023,6165,368,3721,1826,0,2128,0
17/03/2023,8265,357,1270,4896,0,1633,0
17/03/2023,7060,372,1486,3177,0,1343,0
17/03/2023,5604,314,2710,3814,0,2799,0
17/03/2023,8020,570,3136,996,0,2504,0
17/03/2023,5459,342,1293,1324,0,1983,0
17/03/2023,12033,503,2800,2210,0,859,0
17/03/2023,7488,663,2493,2083,0,1921,0
17/03/2023,6034,529,2589,3477,0,1872,0
17/03/2023,4345,509,1975,1146,0,3343,0
17/03/2023,7036,572,4285,4546,0,1518,0
18/03/2023,11426,722,2510,1131,0,1466,0
18/03/2023,8757,537,3488,1966,0,2048,0
18/03/2023,6687,263,3120,1812,0,2095,0
18/03/2023,7687,326,3147,1873,0,2541,0
18/03/2023,7644,417,3523,1933,0,1656,0
18/03/2023,9190,573,3746,1959,0,2227,0
18/03/2023,8292,510,2637,3426,0,2937,0
18/03/2023,5932,467,4588,3354,0,2698,0
18/03/2023,7204,472,1466,1547,0,1142,0
18/03/2023,8471,522,3846,1206,0,1509,0
18/03/2023,8219,333,2909,1562,0,3688,0
18/03/2023,5266,512,1120,2703,0,1221,0
18/03/2023,7657,643,3773,1526,0,1596,0
18/03/2023,5635,363,1793,1239,0,759,0
19/03/2023,9040,467,3695,4288,0,2410,0
19/03/2023,8504,435,4479,3797,0,2310,0
19/03/2023,5951,492,2519,4112,0,3012,0
19/03/2023,8150,558,2308,1327,0,3530,0
19/03/2023,6858,583,1739,1151,0,1883,0
19/03/2023,5661,539,1470,1188,0,956,0
19/03/2023,6803,295,2853,2442,0,1344,0
19/03/2023,4599,309,2591,1756,0,2213,0
19/03/2023,8790,489,1949,1859,0,1259,0
19/03/2023,6040,615,3364,3436,0,2148,0
19/03/2023,6532,745,3626,1380,0,1878,0
19/03/2023,7495,553,1322,1822,0,2296,0
20/03/2023,8722,331,3097,1301,0,1866,0
20/03/2023,8084,715,4171,2212,0,1178,0
20/03/2023,8098,468,3536,2743,0,1423,0
20/03/2023,9769,648,2870,4118,0,1581,0
20/03/2023,8174,381,2577,1734,0,1818,0
20/03/2023,6509,579,1707,1295,0,1170,0
20/03/2023,7928,764,1630,2540,0,3020,0
20/03/2023,7412,717,3211,1655,0,2188,0
20/03/2023,6525,498,4222,3353,0,2144,0
20/03/2023,7216,456,1432,2991,0,1367,0
20/03/2023,4761,649,2800,1618,0,2456,0
20/03/2023,6178,594,2437,2620,0,1174,0
20/03/2023,6487,544,1017,1653,0,2223,0
20/03/2023,10136,570,4098,4102,0,2426,0
21/03/2023,6169,417,3438,1004,0,1800,0
21/03/2023,8057,553,2331,2619,0,2596,0
21/03/2023,4643,372,1489,2962,0,1924,0
21/03/2023,5817,435,2841,823,0,1037,0
21/03/2023,8758,511,984,1668,0,2406,0
21/03/2023,8189,372,1861,3907,0,1762,0
21/03/2023,6187,534,4202,2405,0,1682,0
21/03/2023,9466,561,3820,3613,0,1902,0
21/03/2023,8261,346,1630,2108,0,1410,0
21/03/2023,6247,403,1673,2596,0,3352,0
21/03/2023,9691,307,3839,2181,0,2239,0
21/03/2023,6255,586,2307,3514,0,1288,0
21/03/2023,5684,439,1723,3005,0,2017,0
21/03/2023,6776,526,2184,3275,0,1322,0
22/03/2023,6153,672,1486,1839,0,2946,0
22/03/2023,5940,525,3057,3054,0,1771,0
22/03/2023,11130,807,3482,935,0,1390,0
22/03/2023,8695,569,4017,2686,0,1654,0
22/03/2023,6013,503,3228,3057,0,1150,0
22/03/2023,8527,264,3148,1079,0,1899,0
22/03/2023,11610,610,2479,1139,0,3142,0
22/03/2023,6406,445,2372,1570,0,1755,0
22/03/2023,7997,720,1411,1139,0,1166,0
22/03/2023,9786,575,1328,2072,0,3149,0
22/03/2023,7103,449,2636,1330,0,2577,0
22/03/2023,6964,440,2336,1625,0,1761,0
22/03/2023,10182,540,1719,3425,0,2688,0
22/03/2023,7639,533,884,3787,0,1026,0
23/03/2023,7590,532,1950,2288,0,2196,0
23/03/2023,5434,694,3564,2410,0,2886,0
23/03/2023,8269,726,3223,1547,0,2431,0
23/03/2023,7680,260,1698,2145,0,2970,0
23/03/2023,5440,347,4038,1173,0,2779,0
23/03/2023,5927,409,2049,1315,0,1060,0
23/03/2023,6837,618,1224,4479,0,1961,0
23/03/2023,6226,734,2979,2950,0,2699,0
23/03/2023,5276,277,1334,3679,0,1334,0
23/03/2023,7681,411,1222,1826,0,2346,0
23/03/2023,5835,531,1741,3877,0,1607,0
23/03/2023,9013,334,1947,1485,0,2550,0
23/03/2023,5837,783,4473,2849,0,1183,0
23/03/2023,9559,452,2606,1804,0,2677,0
24/03/2023,8579,749,1146,3030,0,1217,0
24/03/2023,9982,421,888,3091,0,3548,0
24/03/2023,11948,532,3675,2202,0,2525,0
24/03/2023,4539,316,1588,2317,0,1428,0
24/03/2023,6743,421,1522,2597,0,2878,0
24/03/2023,10358,778,2904,2600,0,1815,0
24/03/2023,11125,415,779,1452,0,1848,0
24/03/2023,11294,582,3261,1989,0,1165,0
24/03/2023,11178,251,1245,1518,0,1499,0
24/03/2023,10165,335,2474,1649,0,2399,0
24/03/2023,7211,510,2586,2818,0,1873,0
24/03/2023,7945,447,3185,2265,0,2474,0
24/03/2023,5909,614,2046,3807,0,3151,0
24/03/2023,10579,468,1365,2096,0,1896,0
25/03/2023,8466,301,1307,3149,0,1720,0
25/03/2023,8960,360,1499,2443,0,1075,0
25/03/2023,8901,683,1159,1999,0,3075,0
25/03/2023,9878,271,1506,2469,0,2295,0
25/03/2023,5420,380,1463,3369,0,2258,0
25/03/2023,7495,282,1327,3406,0,2053,0
25/03/2023,6272,457,3026,2007,0,3263,0
25/03/2023,6193,503,1763,2204,0,1148,0
25/03/2023,8748,441,3231,1280,0,2290,0
25/03/2023,6266,583,3678,3143,0,2490,0
25/03/2023,6232,535,2389,3416,0,2046,0
25/03/2023,7764,700,1646,2650,0,3391,0
25/03/2023,8566,587,3004,799,0,1260,0
25/03/2023,6535,773,2056,1629,0,1990,0
26/03/2023,7608,586,2507,1649,0,2268,0
26/03/2023,9921,492,1332,1914,0,1087,0
26/03/2023,7196,328,3481,2421,0,3289,0
26/03/2023,5205,347,3158,2739,0,1193,0
26/03/2023,10560,565,3212,1974,0,1385,0
26/03/2023,7949,461,1672,3233,0,1510,0
26/03/2023,10107,489,2394,1137,0,1512,0
26/03/2023,4934,486,3339,4005,0,1617,0
26/03/2023,4797,644,4173,2249,0,2442,0
26/03/2023,6051,509,2987,4514,0,1227,0
26/03/2023,6221,636,1197,4543,0,2811,0
26/03/2023,5959,391,2243,1990,0,1693,0
26/03/2023,7419,454,2854,2087,0,2584,0
27/03/2023,9055,370,1981,3242,0,1411,0
27/03/2023,9133,637,1922,2987,0,1350,0
27/03/2023,9040,453,2933,1554,0,1485,0
27/03/2023,5040,369,3795,1680,0,2267,0
27/03/2023,7854,457,1896,1518,0,2848,0
27/03/2023,5498,596,1968,1892,0,1494,0
27/03/2023,6575,472,1498,3007,0,2979,0
27/03/2023,5275,334,2144,1314,0,2843,0
27/03/2023,5589,389,1214,2038,0,2684,0
27/03/2023,6560,287,3401,1347,0,1430,0
27/03/2023,7463,308,1642,2894,0,2135,0
27/03/2023,10467,467,1578,1533,0,2166,0
27/03/2023,6932,726,1398,2674,0,1821,0
27/03/2023,6232,404,999,1262,0,837,0
28/03/2023,5412,412,940,2285,0,2286,0
28/03/2023,8939,570,3428,1656,0,1201,0
28/03/2023,8892,337,3205,4092,0,2942,0
28/03/2023,10240,596,1242,1524,0,1424,0
28/03/2023,8922,277,2040,2843,0,1785,0
28/03/2023,6473,477,2235,2396,0,2705,0
28/03/2023,9410,523,2928,1816,0,2784,0
28/03/2023,7512,683,3286,3293,0,1474,0
28/03/2023,9989,511,4346,2904,0,3495,0
28/03/2023,7948,317,2788,1958,0,2103,0
28/03/2023,7516,748,2164,2827,0,1264,0
28/03/2023,9256,650,1942,1207,0,1984,0
28/03/2023,9912,258,3067,2215,0,1358,0
28/03/2023,6786,559,1747,3275,0,2077,0
29/03/2023,7859,587,1644,1865,0,1261,0
29/03/2023,9724,458,3157,1289,0,1403,0
29/03/2023,9572,234,2611,1981,0,1868,0
29/03/2023,11382,550,2040,3050,0,2263,0
29/03/2023,9142,867,1575,1561,0,2110,0
29/03/2023,5246,423,1450,2096,0,1382,0
29/03/2023,5502,734,1399,3972,0,1916,0
29/03/2023,7315,598,3138,3059,0,3558,0
29/03/2023,8697,660,2675,2121,0,3129,0
29/03/2023,5055,669,1610,2414,0,887,0
29/03/2023,8611,796,2473,3009,0,2803,0
29/03/2023,7439,410,1233,1676,0,2143,0
29/03/2023,6382,284,1794,2768,0,1571,0
29/03/2023,4538,402,1524,4061,0,1461,0
30/03/2023,6894,309,3537,1318,0,1426,0
30/03/2023,5932,565,1585,1069,0,1362,0
30/03/2023,7752,569,3538,4252,0,1700,0
30/03/2023,7167,412,3520,2728,0,2485,0
30/03/2023,8543,546,1360,4614,0,1196,0
30/03/2023,5572,398,1355,1928,0,1164,0
30/03/2023,10930,637,3081,1261,0,1799,0
30/03/2023,10824,631,2265,2999,0,3502,0
30/03/2023,7063,480,3551,1405,0,2598,0
30/03/2023,10701,373,2689,2309,0,2290,0
30/03/2023,7802,489,1110,2921,0,1504,0
30/03/2023,5335,480,2832,1182,0,2838,0
30/03/2023,7209,343,2568,1363,0,1470,0
30/03/2023,8697,764,1645,2326,0,1910,0
31/03/2023,6222,657,1633,2596,0,2267,0
31/03/2023,6369,526,1414,2939,0,2465,0
31/03/2023,10133,609,1962,1276,0,2540,0
31/03/2023,8320,419,1712,3084,0,2121,0
31/03/2023,7296,380,2461,953,0,2010,0
31/03/2023,5669,333,1431,3416,0,974,0
31/03/2023,9337,313,2533,2559,0,2781,0
31/03/2023,5730,556,2095,1405,0,876,0
31/03/2023,12142,698,1794,2260,0,1916,0
31/03/2023,9196,355,3051,3304,0,2250,0
31/03/2023,8951,443,2996,1615,0,2313,0
31/03/2023,7933,668,1641,2093,0,2033,0
31/03/2023,3960,397,1625,1323,0,1346,0
31/03/2023,4528,531,2888,1803,0,2408,0
01/04/2023,4246,532,1297,3241,0,2608,0
01/04/2023,6310,418,2785,1307,0,1916,0
01/04/2023,6825,569,1758,3724,0,1474,0
01/04/2023,7566,344,2214,3610,0,1664,0
01/04/2023,5836,333,2453,2377,0,3215,0
01/04/2023,6201,453,1858,2992,0,3047,0
01/04/2023,6760,478,3968,1575,0,2978,0
01/04/2023,6214,637,3508,2075,0,1910,0
01/04/2023,4592,648,2779,3432,0,1644,0
01/04/2023,8616,409,958,1266,0,2744,0
01/04/2023,8841,407,1396,2959,0,2408,0
01/04/2023,7346,509,2181,1841,0,1809,0
01/04/2023,6816,299,1637,4138,0,1393,0
01/04/2023,6950,664,2849,1709,0,1151,0
02/04/2023,8890,518,2521,2522,0,3048,0
02/04/2023,8064,431,3535,3033,0,2696,0
02/04/2023,5091,568,2694,4262,0,1540,0
02/04/2023,5349,677,3858,3030,0,2096,0
02/04/2023,8757,483,3172,4628,0,1177,0
02/04/2023,5780,722,2333,3304,0,3072,0
02/04/2023,7791,705,2292,4322,0,2116,0
02/04/2023,8140,444,3847,3669,0,2582,0
02/04/2023,6190,398,3167,3063,0,1541,0
02/04/2023,9196,576,2214,1665,0,2430,0
02/04/2023,6169,667,1327,3982,0,992,0
02/04/2023,7716,451,1503,1428,0,3178,0
02/04/2023,9427,604,1076,2511,0,1258,0
03/04/2023,6772,750,4660,1323,0,1805,0
03/04/2023,6525,817,1057,2520,0,2084,0
03/04/2023,8164,614,4029,1110,0,2288,0
03/04/2023,7947,481,1021,3176,0,3382,0
03/04/2023,9367,573,2811,2657,0,2993,0
03/04/2023,6997,429,1713,2521,0,2532,0
03/04/2023,9671,315,1998,1541,0,1544,0
03/04/2023,6537,608,3388,2609,0,3242,0
03/04/2023,7674,285,1824,3540,0,1145,0
03/04/2023,4646,508,4615,4888,0,2893,0
03/04/2023,10261,544,2462,4695,0,2060,0
03/04/2023,10711,665,2874,3211,0,2087,0
03/04/2023,9855,762,3124,3429,0,988,0
03/04/2023,4699,461,3227,3343,0,2320,0
04/04/2023,9594,360,2450,1820,0,2819,0
04/04/2023,8263,516,1931,3096,0,1540,0
04/04/2023,6771,690,3320,2848,0,1521,0
04/04/2023,6915,608,3753,1011,0,1387,0
04/04/2023,7722,529,2450,3603,0,2251,0
04/04/2023,6474,731,1237,2685,0,2906,0
04/04/2023,5072,429,2772,3133,0,1008,0
04/04/2023,6606,496,3744,2820,0,2499,0
04/04/2023,10801,406,1954,1991,0,2312,0
04/04/2023,8904,574,3154,2855,0,3064,0
04/04/2023,8628,585,1976,2603,0,948,0
04/04/2023,6843,721,1489,2977,0,1336,0
04/04/2023,11094,550,2244,2756,0,3075,0
04/04/2023,11146,440,3180,3669,0,1120,0
05/04/2023,8174,377,2812,3864,0,2617,0
05/04/2023,7945,705,2436,3206,0,3069,0
05/04/2023,5412,330,1872,2234,0,2746,0
05/04/2023,5908,525,3990,1878,0,2280,0
05/04/2023,9143,555,1642,4187,0,1383,0
05/04/2023,9356,446,3269,2371,0,2148,0
05/04/2023,7375,530,2987,1796,0,1028,0
05/04/2023,9255,636,1745,2423,0,2685,0
05/04/2023,4053,549,2372,2963,0,2528,0
05/04/2023,7900,305,1571,3370,0,1870,0
05/04/2023,5342,278,2447,2509,0,1999,0
05/04/2023,11026,312,3287,4912,0,3184,0
05/04/2023,5083,394,1800,993,0,2273,0
06/04/2023,6410,334,2306,1979,0,2086,0
06/04/2023,7768,377,2654,1183,0,2294,0
06/04/2023,4874,340,1841,2771,0,1857,0
06/04/2023,4136,629,3233,4226,0,2720,0
06/04/2023,10684,572,1251,2855,0,3255,0
06/04/2023,7856,310,845,2397,0,2327,0
06/04/2023,9511,376,2672,3851,0,1181,0
06/04/2023,6562,329,1313,1859,0,2354,0
06/04/2023,8367,342,3214,3945,0,1484,0
06/04/2023,9990,504,1779,1221,0,1530,0
06/04/2023,7002,448,3279,1098,0,820,0
06/04/2023,7013,512,1779,4452,0,2114,0
06/04/2023,8848,587,2882,2501,0,2644,0
06/04/2023,11191,348,2689,4396,0,1526,0
07/04/2023,6846,470,2109,2603,0,1101,0
07/04/2023,7744,629,3392,2511,0,1281,0
07/04/2023,7781,511,2197,1318,0,1989,0
07/04/2023,5466,480,2202,1685,0,3137,0
07/04/2023,5862,368,3386,2131,0,1805,0
07/04/2023,8781,705,1197,1452,0,2742,0
07/04/2023,10461,338,1728,4118,0,1176,0
07/04/2023,9013,634,2109,1827,0,2051,0
07/04/2023,6208,611,1859,1346,0,1046,0
07/04/2023,8842,447,2934,2850,0,1998,0
07/04/2023,7435,531,1708,2779,0,3436,0
07/04/2023,5159,627,3172,1577,0,3176,0
07/04/2023,8618,300,3170,1309,0,1495,0
08/04/2023,8761,555,1225,1544,0,2753,0
08/04/2023,6289,797,2593,2612,0,2057,0
08/04/2023,9435,668,3250,3218,0,1071,0
08/04/2023,10593,532,2959,3765,0,1770,0
08/04/2023,6020,447,3381,1861,0,2059,0
08/04/2023,6225,508,2933,2468,0,1874,0
08/04/2023,11600,651,3297,1824,0,2242,0
08/04/2023,10762,371,4629,1342,0,2338,0
08/04/2023,6039,236,2644,3769,0,2256,0
08/04/2023,6368,509,1817,3160,0,3499,0
08/04/2023,5352,450,1417,956,0,2295,0
08/04/2023,6454,373,2996,4196,0,1145,0
08/04/2023,4708,488,1836,1329,0,2030,0
08/04/2023,6339,488,2943,2254,0,1518,0
09/04/2023,7598,468,2575,2025,0,2471,0
09/04/2023,7369,362,3380,1107,0,1332,0
09/04/2023,8057,737,4191,3009,0,2409,0
09/04/2023,7658,352,3205,2258,0,2024,0
09/04/2023,9778,416,1842,1004,0,1836,0
09/04/2023,9319,349,4176,3359,0,1024,0
09/04/2023,6763,394,1650,4550,0,3039,0
09/04/2023,11004,277,1377,2036,0,1102,0
09/04/2023,5322,815,2776,2697,0,2178,0
09/04/2023,10495,440,3095,3147,0,2456,0
09/04/2023,5251,515,1804,2947,0,3423,0
09/04/2023,8351,485,1047,4326,0,1061,0
09/04/2023,6247,569,1144,2859,0,2948,0
10/04/2023,9622,518,3607,1243,0,1230,0
10/04/2023,8017,316,1317,2462,0,1934,0
10/04/2023,10015,353,2631,1360,0,1633,0
10/04/2023,7510,258,4867,4728,0,2314,0
10/04/2023,4934,530,3207,1046,0,1929,0
10/04/2023,5265,436,3920,2357,0,2702,0
10/04/2023,4529,511,2585,1441,0,1503,0
10/04/2023,8924,511,3634,4291,0,778,0
10/04/2023,10734,293,2286,3421,0,1807,0
10/04/2023,7114,549,3196,4172,0,2600,0
10/04/2023,7962,671,3326,3904,0,2393,0
10/04/2023,11553,726,3032,2582,0,2319,0
10/04/2023,9798,337,2296,4248,0,1958,0
10/04/2023,6014,380,2524,2035,0,2721,0
11/04/2023,8285,632,3904,2605,0,931,0
11/04/2023,7084,245,2887,1200,0,1772,0
11/04/2023,7941,528,3897,1147,0,1963,0
11/04/2023,7406,388,1238,2257,0,1061,0
11/04/2023,4970,374,4436,2755,0,2694,0
11/04/2023,6829,419,1243,1932,0,2769,0
11/04/2023,12191,489,1290,2874,0,2472,0
11/04/2023,6118,458,1344,2286,0,3102,0
11/04/2023,8542,495,2013,2574,0,1194,0
11/04/2023,8706,293,2666,4034,0,2627,0
11/04/2023,8556,610,4013,3674,0,2597,0
11/04/2023,6231,584,1428,2176,0,2097,0
11/04/2023,6535,483,1792,3244,0,2497,0
11/04/2023,8268,660,1439,3686,0,1440,0
12/04/2023,6701,473,1720,2052,0,2401,0
12/04/2023,8384,691,3439,4129,0,1903,0
12/04/2023,4323,683,2894,3043,0,1824,0
12/04/2023,11324,526,4016,3322,0,1300,0
12/04/2023,8691,647,1097,1720,0,3213,0
12/04/2023,8331,457,3246,1490,0,1052,0
12/04/2023,9009,620,1467,3041,0,2932,0
12/04/2023,10553,448,2606,4414,0,2157,0
12/04/2023,7011,336,3210,2726,0,1516,0
12/04/2023,9954,339,1180,1632,0,1821,0
12/04/2023,9538,400,1465,4509,0,2119,0
12/04/2023,5280,520,1616,1066,0,2254,0
12/04/2023,11939,708,3097,3124,0,2189,0
12/04/2023,6918,424,2217,1305,0,2489,0
13/04/2023,8097,514,935,3729,0,2217,0
13/04/2023,5589,426,2108,3629,0,2950,0
13/04/2023,7855,285,3324,2130,0,2749,0
13/04/2023,5293,298,1271,1981,0,2315,0
13/04/2023,4834,680,1623,3541,0,2737,0
13/04/2023,7637,592,4847,1751,0,1115,0
13/04/2023,8832,479,1184,1834,0,1717,0
13/04/2023,9742,380,3490,1021,0,1366,0
13/04/2023,5992,467,3840,2767,0,1191,0
13/04/2023,6525,749,3480,1670,0,1310,0
13/04/2023,6314,452,1602,3866,0,2394,0
13/04/2023,5913,638,3195,2225,0,1403,0
13/04/2023,5307,234,1918,3882,0,2688,0
13/04/2023,8761,737,2225,1235,0,2354,0
14/04/2023,7088,480,3474,3663,0,1450,0
14/04/2023,7001,681,1328,2289,0,2649,0
14/04/2023,6461,628,2836,2519,0,2043,0
14/04/2023,6297,609,1176,3017,0,2050,0
14/04/2023,9674,357,2478,1514,0,1448,0
14/04/2023,6771,435,3681,3523,0,3113,0
14/04/2023,10479,388,2491,1871,0,2061,0
14/04/2023,6972,607,911,2225,0,2554,0
14/04/2023,5767,551,1484,4616,0,2228,0
14/04/2023,7050,597,4032,2258,0,1224,0
14/04/2023,8475,300,4260,2361,0,1855,0
14/04/2023,7061,424,2666,1389,0,3528,0
14/04/2023,10738,437,2541,3339,0,1661,0
14/04/2023,9485,444,3926,4768,0,3071,0
15/04/2023,7740,379,1308,2047,0,894,0
15/04/2023,7044,323,2519,1554,0,2926,0
15/04/2023,4714,746,2741,880,0,2574,0
15/04/2023,7658,597,2068,2836,0,1781,0
15/04/2023,5335,614,3194,3880,0,1161,0
15/04/2023,7362,652,3336,2435,0,1324,0
15/04/2023,6702,479,1739,2425,0,1860,0
15/04/2023,10018,674,831,2587,0,2711,0
15/04/2023,5854,506,3665,3759,0,1424,0
15/04/2023,7307,505,2098,3740,0,2449,0
15/04/2023,10530,732,2706,1432,0,1569,0
15/04/2023,8814,793,1782,3249,0,1496,0
15/04/2023,9154,329,3889,3621,0,1006,0
15/04/2023,8628,247,3337,2391,0,3020,0
16/04/2023,8976,685,2774,4078,0,2567,0
16/04/2023,8116,540,2452,1748,0,2662,0
16/04/2023,6818,624,2666,2509,0,2582,0
16/04/2023,6906,352,2367,2730,0,1830,0
16/04/2023,7583,449,1564,3953,0,2845,0
16/04/2023,7689,501,1985,3476,0,1015,0
16/04/2023,9299,611,2923,3582,0,1219,0
16/04/2023,7646,341,2642,3637,0,3091,0
16/04/2023,9817,436,1400,1322,0,1902,0
16/04/2023,5590,316,1234,1981,0,1039,0
16/04/2023,5259,418,2447,4436,0,1690,0
16/04/2023,5977,376,1220,4120,0,1570,0
16/04/2023,6675,613,3591,2156,0,2565,0
17/04/2023,8366,332,2060,1546,0,2145,0
17/04/2023,5857,598,3398,2334,0,1289,0
17/04/2023,7217,370,1705,1696,0,1387,0
17/04/2023,6402,464,1997,2472,0,2140,0
17/04/2023,8011,546,1272,2344,0,2551,0
17/04/2023,7759,414,2709,3421,0,1462,0
17/04/2023,4236,461,2190,1866,0,1807,0
17/04/2023,6848,320,3221,1192,0,1531,0
17/04/2023,8020,439,2745,4072,0,2339,0
17/04/2023,7647,349,2221,3399,0,1513,0
17/04/2023,7231,606,2036,1228,0,2374,0
17/04/2023,11530,647,2351,3153,0,2960,0
17/04/2023,8896,467,2585,1519,0,2386,0
17/04/2023,6952,489,2532,2206,0,1829,0
18/04/2023,8225,583,3185,2728,0,1938,0
18/04/2023,8253,512,1442,1243,0,1967,0
18/04/2023,6341,428,3298,3962,0,1772,0
18/04/2023,5987,509,2339,2031,0,1343,0
18/04/2023,7637,342,2812,2363,0,1965,0
18/04/2023,10374,528,1287,1253,0,1361,0
18/04/2023,9714,525,2684,2916,0,3035,0
18/04/2023,6663,438,2964,1441,0,2140,0
18/04/2023,8764,411,1905,1838,0,2825,0
18/04/2023,8427,517,1484,1700,0,1390,0
18/04/2023,7828,443,1871,2069,0,2044,0
18/04/2023,9057,672,2397,1873,0,3104,0
18/04/2023,6634,415,1951,3737,0,1969,0
18/04/2023,5477,623,1085,1758,0,1689,0
19/04/2023,7725,606,1771,1307,0,1837,0
19/04/2023,9275,473,1560,3565,0,2435,0
19/04/2023,7308,385,2105,1771,0,1443,0
19/04/2023,8882,367,2941,2793,0,2322,0
19/04/2023,5954,599,3105,2429,0,1619,0
19/04/2023,5974,627,3201,3590,0,2854,0
19/04/2023,6574,807,1272,2761,0,3032,0
19/04/2023,7756,711,2406,1608,0,2010,0
19/04/2023,5280,511,2675,2735,0,1110,0
19/04/2023,3858,357,2653,3599,0,1789,0
19/04/2023,8030,602,3113,1388,0,2738,0
19/04/2023,9785,416,2059,3618,0,1491,0
19/04/2023,7188,542,2857,1321,0,1588,0
19/04/2023,10553,301,2040,1324,0,1165,0
20/04/2023,6485,280,2547,2899,0,1377,0
20/04/2023,8774,667,2328,4163,0,1149,0
20/04/2023,6363,653,2617,3979,0,2372,0
20/04/2023,9441,567,2195,1456,0,2299,0
20/04/2023,8795,444,2113,2761,0,1881,0
20/04/2023,9071,412,1229,1638,0,1452,0
20/04/2023,6081,749,3060,1916,0,3145,0
20/04/2023,7541,457,3484,1736,0,2352,0
20/04/2023,9851,490,2191,2120,0,2252,0
20/04/2023,8540,545,2204,2559,0,1349,0
20/04/2023,8713,823,3287,2481,0,2139,0
20/04/2023,5978,640,4013,1213,0,1433,0
20/04/2023,9101,319,1349,1586,0,3039,0
20/04/2023,7234,516,3791,3653,0,1151,0
21/04/2023,8919,416,2462,1788,0,2471,0
21/04/2023,6693,785,2742,3531,0,1205,0
21/04/2023,6394,719,4085,2933,0,1946,0
21/04/2023,6281,413,2104,4766,0,1984,0
21/04/2023,8046,469,3926,1718,0,2994,0
21/04/2023,5210,622,2145,1389,0,2841,0
21/04/2023,6983,628,1602,3295,0,2632,0
21/04/2023,5833,635,2280,4080,0,2010,0
21/04/2023,7547,451,1181,3661,0,1921,0
21/04/2023,10523,627,1601,1032,0,1868,0
21/04/2023,7176,363,2741,3253,0,2109,0
21/04/2023,7780,405,1292,4045,0,1783,0
21/04/2023,6682,313,1639,3251,0,1813,0
21/04/2023,9119,442,1627,1617,0,3096,0
22/04/2023,10695,382,2676,1870,0,2082,0
22/04/2023,7304,321,4041,2424,0,2418,0
22/04/2023,10857,514,3542,2011,0,2416,0
22/04/2023,4344,241,3015,2293,0,2552,0
22/04/2023,7710,426,2811,2189,0,3320,0
22/04/2023,4121,284,3389,3199,0,2720,0
22/04/2023,8207,479,1637,2422,0,2238,0
22/04/2023,9153,573,2591,2563,0,2302,0
22/04/2023,6201,375,3968,2928,0,2054,0
22/04/2023,7792,632,1631,2093,0,2599,0
22/04/2023,8605,515,2569,2322,0,1613,0
22/04/2023,4674,473,2698,1893,0,2449,0
22/04/2023,8121,620,2518,1221,0,1374,0
22/04/2023,8287,380,4127,1259,0,1289,0
23/04/2023,5203,751,2438,3504,0,1787,0
23/04/2023,5698,302,3884,2788,0,2351,0
23/04/2023,8310,469,2076,1917,0,2519,0
23/04/2023,7181,517,3288,2277,0,2102,0
23/04/2023,5390,416,2809,2476,0,2158,0
23/04/2023,6485,362,2798,3368,0,2161,0
23/04/2023,6537,536,2810,2481,0,1904,0
23/04/2023,10473,288,3551,1798,0,1934,0
23/04/2023,10966,494,1943,2309,0,3405,0
23/04/2023,6684,791,2035,2926,0,2087,0
23/04/2023,5244,347,1016,2067,0,1097,0
23/04/2023,5616,463,846,3289,0,2130,0
23/04/2023,9547,288,2705,1323,0,1496,0
24/04/2023,5355,453,2156,4806,0,1847,0
24/04/2023,7871,457,2142,798,0,1201,0
24/04/2023,10456,421,3594,2848,0,1117,0
24/04/2023,5866,319,1886,2615,0,1420,0
24/04/2023,6105,376,4436,2350,0,2254,0
24/04/2023,10076,385,3790,1413,0,1783,0
24/04/2023,5377,440,1215,2310,0,1708,0
24/04/2023,10941,374,1917,3889,0,1655,0
24/04/2023,6756,563,3719,4088,0,1174,0
24/04/2023,4880,482,1400,1964,0,2233,0
24/04/2023,7929,328,3579,3631,0,2677,0
24/04/2023,8148,733,2434,2267,0,1270,0
24/04/2023,4107,613,2613,3034,0,2073,0
24/04/2023,9738,313,1251,1324,0,2895,0
25/04/2023,4845,505,1122,3585,0,2480,0
25/04/2023,9469,385,3374,1981,0,1704,0
25/04/2023,5392,345,1575,1253,0,1325,0
25/04/2023,6465,279,2117,3107,0,1857,0
25/04/2023,8279,541,1060,1983,0,1840,0
25/04/2023,11095,411,1211,1143,0,1474,0
25/04/2023,6854,500,1587,3186,0,2695,0
25/04/2023,6709,658,2201,2632,0,1736,0
25/04/2023,6590,572,1405,2469,0,1512,0
25/04/2023,6184,557,2324,2379,0,1446,0
25/04/2023,8631,390,1413,2775,0,1941,0
25/04/2023,9117,742,1273,4082,0,2094,0
25/04/2023,9043,386,3041,2452,0,2127,0
25/04/2023,9894,375,1281,2701,0,3116,0
26/04/2023,9720,486,4097,1905,0,2040,0
26/04/2023,9742,716,1834,2618,0,1172,0
26/04/2023,6182,510,2654,1504,0,3308,0
26/04/2023,11229,426,1183,3025,0,1889,0
26/04/2023,7516,285,3132,1714,0,1828,0
26/04/2023,11737,408,1171,2027,0,2222,0
26/04/2023,6607,351,3698,2602,0,1062,0
26/04/2023,6513,452,1298,3322,0,2432,0
26/04/2023,11506,497,1059,2365,0,1614,0
26/04/2023,8935,536,1375,2631,0,1466,0
26/04/2023,11809,271,3214,3147,0,2337,0
26/04/2023,12176,451,2483,2579,0,1703,0
26/04/2023,7046,475,3524,4187,0,2649,0
26/04/2023,8286,509,2011,2632,0,2371,0
27/04/2023,6357,572,2682,2531,0,2545,0
27/04/2023,10007,428,3793,2207,0,1578,0
27/04/2023,11195,425,865,1663,0,1328,0
27/04/2023,7050,402,2980,3560,0,2340,0
27/04/2023,8122,396,1235,3352,0,1718,0
27/04/2023,7981,627,2962,4120,0,2483,0
27/04/2023,8139,299,1806,2164,0,1492,0
27/04/2023,6388,582,2084,1496,0,1201,0
27/04/2023,5859,532,2693,1886,0,1180,0
27/04/2023,9062,407,1369,3405,0,2799,0
27/04/2023,8500,693,3948,3988,0,1786,0
27/04/2023,5373,366,4574,1338,0,1118,0
27/04/2023,9574,767,1400,2791,0,1240,0
27/04/2023,4757,359,2902,2571,0,973,0
28/04/2023,9777,381,1093,1849,0,1878,0
28/04/2023,4687,563,2964,2725,0,1957,0
28/04/2023,9804,565,3070,3308,0,2938,0
28/04/2023,9923,284,2746,1454,0,1237,0
28/04/2023,8269,431,1336,1513,0,2712,0
28/04/2023,5902,618,3889,1960,0,1632,0
28/04/2023,8125,592,3704,4384,0,2507,0
28/04/2023,6304,425,1784,1456,0,1555,0
28/04/2023,5407,448,4698,1314,0,2328,0
28/04/2023,8510,531,1746,3111,0,1386,0
28/04/2023,8562,443,1600,1270,0,1172,0
28/04/2023,5563,684,3624,1641,0,2553,0
28/04/2023,10183,599,2184,2397,0,1300,0
28/04/2023,5855,474,2667,1635,0,1346,0
29/04/2023,6141,587,2522,3139,0,1664,0
29/04/2023,9201,643,1697,2507,0,1149,0
29/04/2023,4696,538,1861,2487,0,1086,0
29/04/2023,7588,421,1627,3105,0,2920,0
29/04/2023,9228,639,3962,4069,0,3362,0
29/04/2023,5551,495,1637,1587,0,2756,0
29/04/2023,7617,497,2237,2894,0,1007,0
29/04/2023,5605,509,1355,2205,0,986,0
29/04/2023,8024,392,4251,2008,0,1775,0
29/04/2023,10856,236,2376,2417,0,1904,0
29/04/2023,7404,773,1665,2131,0,1369,0
29/04/2023,10717,301,3972,2170,0,1880,0
29/04/2023,6226,320,3481,2004,0,1969,0
29/04/2023,10113,400,1324,1966,0,2342,0
30/04/2023,9302,548,3339,3074,0,2826,0
30/04/2023,8343,318,2817,2048,0,1725,0
30/04/2023,5470,363,4189,1235,0,1477,0
30/04/2023,4338,679,2338,984,0,1047,0
30/04/2023,5488,378,2183,2949,0,1891,0
30/04/2023,5908,703,3481,3620,0,2309,0
30/04/2023,5903,477,3063,1249,0,1470,0
30/04/2023,8229,424,1290,1916,0,1972,0
30/04/2023,10090,358,3526,2488,0,2352,0
30/04/2023,8059,381,4263,2244,0,1599,0
30/04/2023,7983,604,4473,2393,0,3102,0
30/04/2023,9711,615,4146,4098,0,2555,0
30/04/2023,8189,665,2548,2224,0,2533,0
01/05/2023,8848,726,1688,3187,0,2172,0
01/05/2023,9108,563,1798,2317,0,2335,0
01/05/2023,8465,721,3887,3944,0,2196,0
01/05/2023,6573,479,2073,1226,0,3001,0
01/05/2023,5966,788,2674,2800,0,1067,0
01/05/2023,8224,553,1161,3633,0,2300,0
01/05/2023,5282,518,2627,2674,0,1518,0
01/05/2023,8130,401,2089,2101,0,1284,0
01/05/2023,7225,627,1761,2698,0,3504,0
01/05/2023,7512,293,3224,2429,0,1325,0
01/05/2023,5120,359,1252,3127,0,1490,0
01/05/2023,5748,433,2835,1139,0,1973,0
01/05/2023,8322,580,2834,1566,0,1972,0
01/05/2023,7279,490,2782,3069,0,2866,0
02/05/2023,8234,385,4122,2261,0,2290,0
02/05/2023,9756,325,2954,1960,0,1551,0
02/05/2023,7812,778,2935,2431,0,1337,0
02/05/2023,5550,361,3762,3424,0,2239,0
02/05/2023,7753,431,2220,1694,0,2954,0
02/05/2023,5100,712,4808,4512,0,1009,0
02/05/2023,7867,306,1872,2113,0,3194,0
02/05/2023,8585,362,1247,2917,0,1345,0
02/05/2023,5555,512,4152,1595,0,2111,0
02/05/2023,6042,601,2994,3263,0,1670,0
02/05/2023,7021,513,2646,2751,0,2669,0
02/05/2023,5425,419,3896,2152,0,2014,0
02/05/2023,8441,587,4085,2486,0,2849,0
02/05/2023,11115,351,1332,1565,0,1561,0
03/05/2023,5247,399,2549,2078,0,1834,0
03/05/2023,5354,472,1589,3829,0,1349,0
03/05/2023,9409,405,4927,1317,0,1466,0
03/05/2023,7709,513,3817,1700,0,3384,0
03/05/2023,5286,560,1700,1626,0,1907,0
03/05/2023,7558,384,1411,1252,0,1842,0
03/05/2023,5585,330,3742,2588,0,2120,0
03/05/2023,6995,584,2605,2827,0,3122,0
03/05/2023,4665,698,1934,3655,0,1761,0
03/05/2023,8185,516,2977,2938,0,2043,0
03/05/2023,8625,349,2222,3448,0,1887,0
03/05/2023,9943,440,1356,2290,0,2280,0
03/05/2023,6453,581,2525,2997,0,2057,0
03/05/2023,10188,421,3635,1269,0,1140,0
04/05/2023,7425,448,1446,3670,0,2452,0
04/05/2023,11319,453,3214,783,0,3241,0
04/05/2023,4860,593,3366,1484,0,2152,0
04/05/2023,11035,698,4199,2635,0,993,0
04/05/2023,5139,637,1635,2107,0,1953,0
04/05/2023,5965,379,1150,2228,0,1949,0
04/05/2023,8210,516,1536,3726,0,935,0
04/05/2023,10077,346,3390,2694,0,1336,0
04/05/2023,9430,375,2691,977,0,2381,0
04/05/2023,6250,396,4322,2680,0,842,0
04/05/2023,10281,651,3529,2551,0,1572,0
04/05/2023,9141,553,3948,925,0,2117,0
04/05/2023,6521,594,4404,1629,0,1846,0
04/05/2023,5853,426,1940,4236,0,2554,0
05/05/2023,8164,482,2005,3495,0,3362,0
05/05/2023,7240,477,3586,2388,0,1111,0
05/05/2023,9709,558,3748,1627,0,1884,0
05/05/2023,7705,557,2321,2255,0,2274,0
05/05/2023,6326,554,1850,1341,0,2571,0
05/05/2023,8272,287,1993,1194,0,2245,0
05/05/2023,10195,509,2458,839,0,2340,0
05/05/2023,6739,437,1895,4351,0,1041,0
05/05/2023,8569,438,1813,2899,0,2960,0
05/05/2023,9236,467,1689,1949,0,2604,0
05/05/2023,6530,574,2638,2906,0,1371,0
05/05/2023,5491,440,2986,3549,0,2059,0
05/05/2023,7186,345,3235,2071,0,1644,0
05/05/2023,8831,253,1302,3674,0,2250,0
06/05/2023,9124,410,1379,4309,0,2815,0
06/05/2023,6475,395,3043,1661,0,2068,0
06/05/2023,8635,277,1432,4721,0,920,0
06/05/2023,10213,488,1792,2186,0,2535,0
06/05/2023,8356,542,2338,2532,0,1827,0
06/05/2023,6090,592,1954,1521,0,2462,0
06/05/2023,7047,609,981,1523,0,2839,0
06/05/2023,8305,448,3461,2505,0,2816,0
06/05/2023,8408,488,2836,3218,0,1075,0
06/05/2023,5081,271,1336,1239,0,1110,0
06/05/2023,6514,367,1277,2953,0,3343,0
06/05/2023,5922,388,2199,3844,0,1046,0
06/05/2023,6374,327,3217,2312,0,3257,0
06/05/2023,9162,625,1442,1986,0,1218,0
07/05/2023,5543,399,996,3432,0,906,0
07/05/2023,5676,756,3266,4343,0,3557,0
07/05/2023,8400,304,3398,1352,0,2594,0
07/05/2023,5193,573,2286,1232,0,2613,0
07/05/2023,7586,460,3556,2794,0,2162,0
07/05/2023,6058,398,1786,3149,0,1238,0
07/05/2023,11873,511,3255,2646,0,1055,0
07/05/2023,7200,319,976,1816,0,2154,0
07/05/2023,6559,770,2784,1305,0,3274,0
07/05/2023,7458,500,1945,3701,0,2048,0
07/05/2023,9269,551,3119,2386,0,985,0
07/05/2023,7000,536,3446,2311,0,2976,0
07/05/2023,8366,389,1661,2150,0,2639,0
08/05/2023,8167,363,2769,2428,0,3063,0
08/05/2023,5123,733,1880,1427,0,1646,0
08/05/2023,7284,711,2845,2284,0,2637,0
08/05/2023,9247,495,2149,1838,0,1745,0
08/05/2023,8028,734,3962,3355,0,2759,0
08/05/2023,6865,469,2128,1384,0,3123,0
08/05/2023,8495,658,3689,1343,0,2822,0
08/05/2023,5151,562,1810,3522,0,2735,0
08/05/2023,8494,738,2510,1538,0,1436,0
08/05/2023,8964,436,2073,3872,0,2897,0
08/05/2023,6903,565,3826,2805,0,1320,0
08/05/2023,11352,670,2455,3793,0,2057,0
08/05/2023,7613,603,4013,3238,0,2948,0
09/05/2023,5994,359,3753,3539,0,1854,0
09/05/2023,9786,386,3286,3457,0,2795,0
09/05/2023,8414,400,995,2620,0,2552,0
09/05/2023,9607,303,3289,1139,0,977,0
09/05/2023,6771,674,3893,1280,0,1584,0
09/05/2023,6015,398,4335,1726,0,1948,0
09/05/2023,6750,419,2815,3145,0,2415,0
09/05/2023,5183,757,4353,1172,0,2274,0
09/05/2023,8187,531,1505,2404,0,3311,0
09/05/2023,7401,577,2978,3363,0,2380,0
09/05/2023,7280,268,3064,1125,0,2247,0
09/05/2023,5408,565,4323,1401,0,1372,0
09/05/2023,6589,399,2032,1268,0,1130,0
09/05/2023,7337,438,3201,2076,0,3069,0
09/05/2023,5008,540,2704,1168,0,1495,0
10/05/2023,6648,370,3606,2903,0,2958,0
10/05/2023,7359,292,1317,3911,0,2594,0
10/05/2023,6947,406,2466,1130,0,1463,0
10/05/2023,8827,334,4584,1984,0,3168,0
10/05/2023,6707,474,2449,1381,0,1591,0
10/05/2023,6047,586,3483,2654,0,3044,0
10/05/2023,6611,567,2063,1602,0,1873,0
10/05/2023,10179,488,2558,1347,0,1802,0
10/05/2023,9404,379,4819,2415,0,3206,0
10/05/2023,5338,652,1377,3357,0,1754,0
10/05/2023,7920,416,2182,1132,0,1996,0
10/05/2023,6683,716,2059,2725,0,2112,0
10/05/2023,6233,534,3081,1930,0,1615,0
10/05/2023,8774,456,3204,2325,0,2742,0
10/05/2023,7910,664,1355,2716,0,984,0
11/05/2023,6537,349,988,2428,0,2093,0
11/05/2023,5035,401,3900,4484,0,1978,0
11/05/2023,9489,397,3173,2627,0,1328,0
11/05/2023,6865,520,2575,2385,0,2188,0
11/05/2023,4971,343,3942,3719,0,2158,0
11/05/2023,5590,383,1069,2524,0,1821,0
11/05/2023,7141,474,3588,3191,0,1979,0
11/05/2023,6306,589,2752,2778,0,1173,0
11/05/2023,9539,382,2250,4141,0,1586,0
11/05/2023,8726,387,2959,2029,0,1113,0
11/05/2023,7381,573,3970,2606,0,1636,0
11/05/2023,9654,371,2403,2222,0,2594,0
11/05/2023,4882,377,1266,1346,0,2083,0
11/05/2023,9474,332,1481,783,0,2770,0
11/05/2023,7440,600,1581,2297,0,1449,0
12/05/2023,7242,459,3257,2286,0,3222,0
12/05/2023,10970,406,1300,3013,0,1315,0
12/05/2023,11537,546,1524,1703,0,2989,0
12/05/2023,5351,582,2141,3009,0,2143,0
12/05/2023,7418,729,2139,3168,0,2238,0
12/05/2023,5555,371,2442,1994,0,3539,0
12/05/2023,8005,567,1779,2058,0,2142,0
12/05/2023,10027,535,1267,2792,0,2622,0
12/05/2023,9982,582,1367,1678,0,1533,0
12/05/2023,4794,640,3199,1069,0,2074,0
12/05/2023,6816,496,1120,1989,0,2236,0
12/05/2023,6129,377,1390,1954,0,1254,0
12/05/2023,6698,424,2477,3078,0,2193,0
12/05/2023,8669,429,1044,3695,0,2624,0
12/05/2023,5473,618,2554,3569,0,1239,0
13/05/2023,6137,720,1291,4264,0,1313,0
13/05/2023,6341,412,2444,2769,0,1307,0
13/05/2023,5781,666,4644,2533,0,2868,0
13/05/2023,6781,406,4508,2087,0,784,0
13/05/2023,12221,396,1355,2156,0,1408,0
13/05/2023,7622,767,2597,2213,0,1087,0
13/05/2023,6764,459,2866,2302,0,1728,0
13/05/2023,7864,464,2052,4227,0,2046,0
13/05/2023,7638,466,3447,2809,0,1772,0
13/05/2023,6806,677,3757,1803,0,2187,0
13/05/2023,6896,437,1030,2911,0,2882,0
13/05/2023,7170,386,2243,1155,0,2812,0
13/05/2023,6801,332,4206,1238,0,2329,0
13/05/2023,10228,688,1684,1358,0,3206,0
13/05/2023,9483,429,4213,1475,0,1604,0
14/05/2023,9454,339,1472,2910,0,1294,0
14/05/2023,4699,429,3424,1999,0,2434,0
14/05/2023,4793,596,2632,2887,0,2100,0
14/05/2023,9261,627,793,3555,0,1084,0
14/05/2023,4825,492,1510,1093,0,2097,0
14/05/2023,9852,407,3541,2567,0,1641,0
14/05/2023,7054,773,1904,4011,0,1109,0
14/05/2023,8424,463,2272,2847,0,1390,0
14/05/2023,9619,288,1129,1539,0,1192,0
14/05/2023,7501,375,3621,4890,0,1396,0
14/05/2023,9196,353,1667,3490,0,2451,0
14/05/2023,9916,382,3839,3311,0,2790,0
14/05/2023,8685,385,3560,2330,0,2554,0
15/05/2023,6281,273,4417,3199,0,2225,0
15/05/2023,7385,441,2219,3649,0,1207,0
15/05/2023,8889,637,3184,1308,0,1566,0
15/05/2023,6895,844,3133,1471,0,2079,0
15/05/2023,4908,631,2796,2414,0,1862,0
15/05/2023,9756,426,2788,1618,0,2924,0
15/05/2023,8492,393,2227,2232,0,1025,0
15/05/2023,4596,472,1575,1779,0,918,0
15/05/2023,4672,788,3500,1895,0,1071,0
15/05/2023,5776,595,2268,2148,0,2428,0
15/05/2023,5266,708,2983,3547,0,1102,0
15/05/2023,6138,522,1450,3301,0,3431,0
15/05/2023,9548,411,1718,2768,0,1154,0
15/05/2023,8782,382,2909,2946,0,1659,0
15/05/2023,9883,344,1682,1600,0,1456,0
16/05/2023,5904,692,3649,3455,0,2709,0
16/05/2023,6255,733,1608,1597,0,3063,0
16/05/2023,4590,507,2344,2418,0,1137,0
16/05/2023,8245,638,3849,2891,0,2646,0
16/05/2023,8492,716,2313,2666,0,1561,0
16/05/2023,5192,442,4179,3260,0,1060,0
16/05/2023,7980,527,2809,3527,0,1405,0
16/05/2023,6207,345,3011,2157,0,1872,0
16/05/2023,9495,381,3489,3204,0,1879,0
16/05/2023,7439,508,2907,3966,0,2709,0
16/05/2023,10593,457,1656,1083,0,1530,0
16/05/2023,10870,611,3593,2869,0,2040,0
16/05/2023,5441,628,918,4644,0,1455,0
16/05/2023,8658,456,1050,2663,0,1498,0
16/05/2023,6822,532,3166,1209,0,2295,0
17/05/2023,10257,821,1659,1200,0,2221,0
17/05/2023,7649,377,2683,1864,0,2278,0
17/05/2023,6315,403,1884,1824,0,2294,0
17/05/2023,7366,455,2862,3946,0,1105,0
17/05/2023,10487,403,2088,1332,0,2337,0
17/05/2023,6987,447,1411,2539,0,1632,0
17/05/2023,9244,402,2469,2604,0,1583,0
17/05/2023,10995,515,4051,1853,0,2357,0
17/05/2023,8438,829,2991,1700,0,1556,0
17/05/2023,10587,378,1185,4586,0,1955,0
17/05/2023,6113,489,2324,1135,0,1876,0
17/05/2023,7527,369,1485,1930,0,2333,0
17/05/2023,5248,734,2595,2047,0,1410,0
17/05/2023,8524,781,1968,1255,0,2254,0
17/05/2023,8074,417,1889,2656,0,2789,0
18/05/2023,7773,628,4208,2994,0,1632,0
18/05/2023,6185,417,3352,2355,0,2539,0
18/05/2023,9421,510,1212,2655,0,1526,0
18/05/2023,6940,343,2496,1596,0,1670,0
18/05/2023,9458,442,3534,1666,0,1792,0
18/05/2023,7250,591,1687,3163,0,2064,0
18/05/2023,7759,616,3940,1324,0,1238,0
18/05/2023,6462,503,946,3294,0,3330,0
18/05/2023,5383,596,1535,1802,0,2914,0
18/05/2023,9867,443,1956,3493,0,1821,0
18/05/2023,7679,376,1115,1496,0,1336,0
18/05/2023,5052,596,3270,3836,0,1520,0
18/05/2023,4861,617,1870,1720,0,976,0
18/05/2023,7208,730,1903,1778,0,1820,0
18/05/2023,10243,473,3462,2311,0,1384,0
19/05/2023,6933,428,2437,2239,0,2051,0
19/05/2023,7137,531,1822,2731,0,1079,0
19/05/2023,4482,717,4179,988,0,2256,0
19/05/2023,4403,793,3447,1177,0,3538,0
19/05/2023,5858,323,4530,4204,0,2197,0
19/05/2023,7753,293,1213,2730,0,1831,0
19/05/2023,10199,499,1053,2081,0,1780,0
19/05/2023,7387,750,1669,1179,0,3144,0
19/05/2023,10607,309,2099,1061,0,1211,0
19/05/2023,9753,394,2638,3736,0,1163,0
19/05/2023,11753,249,2317,1472,0,2741,0
19/05/2023,6093,532,3575,2908,0,2937,0
19/05/2023,7284,428,976,3142,0,2006,0
19/05/2023,8419,729,1378,1991,0,878,0
19/05/2023,6822,707,2390,4691,0,2124,0
20/05/2023,5246,481,2596,2496,0,1422,0
20/05/2023,8416,638,3156,1127,0,1326,0
20/05/2023,10879,661,927,1182,0,2825,0
20/05/2023,5900,428,3450,2000,0,2243,0
20/05/2023,8015,529,2081,1575,0,2138,0
20/05/2023,8380,332,4386,3604,0,1795,0
20/05/2023,7001,363,2995,2996,0,2399,0
20/05/2023,6476,630,1421,1025,0,1680,0
20/05/2023,9469,377,2702,3725,0,2547,0
20/05/2023,8706,588,1869,3149,0,2579,0
20/05/2023,6191,466,3193,2585,0,2467,0
20/05/2023,8983,555,1069,4441,0,1356,0
20/05/2023,8119,388,1796,4577,0,1772,0
20/05/2023,6964,600,2384,4676,0,2788,0
20/05/2023,6552,648,1307,4552,0,3078,0
21/05/2023,5759,337,2784,2956,0,1725,0
21/05/2023,7912,382,782,2204,0,3077,0
21/05/2023,8379,564,1466,2789,0,2511,0
21/05/2023,6467,391,952,2550,0,1840,0
21/05/2023,5157,427,3362,1318,0,1926,0
21/05/2023,8540,399,2394,1346,0,851,0
21/05/2023,5680,306,3374,2429,0,2268,0
21/05/2023,6372,505,2530,2222,0,1587,0
21/05/2023,10041,702,1118,2393,0,862,0
21/05/2023,6889,475,2302,1342,0,1270,0
21/05/2023,11864,366,3812,1866,0,2666,0
21/05/2023,6203,496,3073,2615,0,2469,0
22/05/2023,10833,498,1666,1759,0,2708,0
22/05/2023,7999,573,1458,2905,0,1114,0
22/05/2023,6544,349,848,1539,0,1350,0
22/05/2023,5958,606,1259,2489,0,1665,0
22/05/2023,6377,301,2526,1102,0,1511,0
22/05/2023,9727,492,1827,4211,0,1143,0
22/05/2023,9618,693,2991,3242,0,1064,0
22/05/2023,5669,549,4227,1627,0,3035,0
22/05/2023,6045,540,2059,2171,0,2141,0
22/05/2023,5808,720,2025,3956,0,1973,0
22/05/2023,8487,771,3668,3993,0,2569,0
22/05/2023,7935,577,2108,3176,0,1303,0
22/05/2023,8341,533,1344,4230,0,1682,0
22/05/2023,7413,843,4087,1478,0,2590,0
22/05/2023,5264,712,1284,3268,0,1615,0
23/05/2023,7896,438,4325,3014,0,1719,0
23/05/2023,9670,657,3374,2235,0,2939,0
23/05/2023,8378,402,3329,2652,0,2294,0
23/05/2023,6946,466,2079,2942,0,2166,0
23/05/2023,5914,679,2739,1776,0,1755,0
23/05/2023,10992,368,3219,1818,0,1036,0
23/05/2023,8046,259,4194,3635,0,1971,0
23/05/2023,7718,561,1257,1728,0,1678,0
23/05/2023,8634,312,1872,2048,0,1122,0
23/05/2023,10690,338,3417,2012,0,1535,0
23/05/2023,7584,615,2689,1691,0,1804,0
23/05/2023,5730,450,3512,3361,0,1351,0
23/05/2023,7836,651,1921,2470,0,1988,0
23/05/2023,6574,372,3716,1598,0,1706,0
23/05/2023,6858,701,3396,3110,0,1292,0
24/05/2023,8761,534,4228,3160,0,1418,0
24/05/2023,11364,426,1558,2896,0,3032,0
24/05/2023,9420,481,994,2613,0,1984,0
24/05/2023,6224,394,2034,3781,0,1168,0
24/05/2023,6098,416,3933,3070,0,1458,0
24/05/2023,7258,505,2090,4335,0,1737,0
24/05/2023,7433,540,3299,1577,0,2678,0
24/05/2023,8930,502,1203,2782,0,2295,0
24/05/2023,6438,521,1478,3571,0,1841,0
24/05/2023,6801,764,2045,1443,0,2421,0
24/05/2023,9829,381,1376,3293,0,1046,0
24/05/2023,6529,561,911,982,0,2585,0
24/05/2023,7842,295,3586,1657,0,2456,0
24/05/2023,9074,417,907,2305,0,2273,0
24/05/2023,9303,415,2935,1654,0,2826,0
25/05/2023,6387,536,1026,3394,0,2774,0
25/05/2023,7838,349,2597,3909,0,2762,0
25/05/2023,7570,379,1965,2602,0,1642,0
25/05/2023,6746,441,1121,1305,0,2198,0
25/05/2023,10676,299,3472,1400,0,1418,0
25/05/2023,5288,322,2269,3160,0,1736,0
25/05/2023,5111,725,3288,1941,0,2050,0
25/05/2023,7524,635,2819,964,0,2264,0
25/05/2023,4820,361,2666,2497,0,3580,0
25/05/2023,6588,332,3383,3669,0,2033,0
25/05/2023,6824,516,1098,2054,0,1511,0
25/05/2023,9213,524,1299,2866,0,2297,0
25/05/2023,4966,492,3404,3300,0,1372,0
25/05/2023,9813,383,3186,3320,0,1799,0
25/05/2023,10787,825,1923,1491,0,1066,0
26/05/2023,5807,433,1338,2424,0,3077,0
26/05/2023,4530,707,2307,1958,0,1886,0
26/05/2023,9934,337,2465,2441,0,1257,0
26/05/2023,7183,295,3398,4736,0,1413,0
26/05/2023,5379,306,2442,2864,0,1380,0
26/05/2023,7827,450,4025,3455,0,2379,0
26/05/2023,6064,300,1684,1107,0,1285,0
26/05/2023,6412,664,3126,1594,0,2220,0
26/05/2023,5106,350,2034,2943,0,1591,0
26/05/2023,7650,371,1784,920,0,3303,0
26/05/2023,7960,534,2164,1606,0,2220,0
26/05/2023,7484,549,2409,1009,0,2788,0
26/05/2023,7279,594,2549,2186,0,1421,0
26/05/2023,9045,466,3906,1536,0,2584,0
27/05/2023,4651,512,1821,1944,0,1471,0
27/05/2023,6374,447,1212,1700,0,1749,0
27/05/2023,6433,438,3178,4049,0,2654,0
27/05/2023,5388,402,3462,1472,0,1115,0
27/05/2023,9655,861,919,2694,0,1302,0
27/05/2023,6477,535,2649,2184,0,2057,0
27/05/2023,10730,724,2203,3847,0,2599,0
27/05/2023,5378,552,1090,3116,0,1372,0
27/05/2023,7193,528,2424,1118,0,1829,0
27/05/2023,5995,307,3237,1899,0,1565,0
27/05/2023,8056,341,3168,1790,0,891,0
27/05/2023,5424,454,3345,1703,0,3187,0
27/05/2023,10204,600,3624,1934,0,2026,0
28/05/2023,9534,505,3199,2316,0,1680,0
28/05/2023,6459,257,3292,4440,0,1078,0
28/05/2023,5537,313,1939,4166,0,1914,0
28/05/2023,9650,473,1946,2036,0,1021,0
28/05/2023,4318,786,951,1604,0,1837,0
28/05/2023,9719,464,1788,3701,0,2225,0
28/05/2023,8041,396,3737,2131,0,2240,0
28/05/2023,6101,541,4472,4383,0,2108,0
28/05/2023,5718,418,1016,1009,0,2454,0
28/05/2023,9822,447,1182,2436,0,1866,0
28/05/2023,7048,456,2227,3232,0,2045,0
28/05/2023,6038,382,2182,1937,0,2151,0
28/05/2023,7228,561,3269,1435,0,1274,0
29/05/2023,8984,468,1496,3274,0,1596,0
29/05/2023,7807,551,2348,2489,0,3218,0
29/05/2023,7736,559,2007,1802,0,2041,0
29/05/2023,5354,404,1976,2549,0,3262,0
29/05/2023,5278,273,2713,2739,0,1032,0
29/05/2023,8345,469,2476,2244,0,2017,0
29/05/2023,5679,375,3872,2026,0,1235,0
29/05/2023,10099,417,2729,4188,0,1514,0
29/05/2023,10450,325,2607,4505,0,2910,0
29/05/2023,7128,547,3602,2152,0,1387,0
29/05/2023,7826,809,1552,2344,0,1442,0
29/05/2023,5989,247,4845,2081,0,2310,0
29/05/2023,8032,375,3706,1096,0,3099,0
29/05/2023,9495,397,2064,2155,0,1747,0
29/05/2023,9741,493,2068,896,0,1701,0
30/05/2023,8381,432,891,2268,0,1704,0
30/05/2023,8547,552,2613,1238,0,2207,0
30/05/2023,6911,415,2763,2128,0,2171,0
30/05/2023,9753,666,2323,1292,0,2893,0
30/05/2023,6172,370,3919,1575,0,2325,0
30/05/2023,5062,625,1663,2287,0,3139,0
30/05/2023,6502,576,2691,1237,0,1732,0
30/05/2023,10065,426,3493,2836,0,2544,0
30/05/2023,3831,491,2982,4152,0,2629,0
30/05/2023,11550,329,1306,2594,0,1777,0
30/05/2023,5149,508,1431,2918,0,1448,0
30/05/2023,6982,405,3690,1828,0,2132,0
30/05/2023,6494,252,4842,3907,0,2634,0
31/05/2023,6089,334,3023,3458,0,2460,0
31/05/2023,5807,513,3599,4606,0,2696,0
31/05/2023,5366,535,1468,1048,0,1808,0
31/05/2023,4220,700,2557,1064,0,1469,0
31/05/2023,11219,646,2848,4178,0,2379,0
31/05/2023,6372,596,1821,3683,0,1676,0
31/05/2023,5085,593,1684,1844,0,1338,0
31/05/2023,6289,666,2263,2056,0,1691,0
31/05/2023,4712,506,2028,2662,0,1898,0
31/05/2023,9871,717,2507,1058,0,996,0
31/05/2023,5217,545,4111,2378,0,2117,0
31/05/2023,11934,403,1409,812,0,2613,0
01/06/2023,9002,496,4345,3420,0,1634,0
01/06/2023,6158,417,2554,3453,0,988,0
01/06/2023,6952,539,3550,1511,0,1622,0
01/06/2023,9720,566,3436,3470,0,1257,0
01/06/2023,9188,473,1650,2519,0,1348,0
01/06/2023,5865,310,2922,3186,0,3427,0
01/06/2023,5942,400,2085,1359,0,2042,0
01/06/2023,5583,474,3692,1022,0,2830,0
01/06/2023,7898,364,2802,4074,0,2072,0
01/06/2023,5242,513,2351,2420,0,2560,0
01/06/2023,5292,585,1888,2141,0,1152,0
01/06/2023,8509,317,1075,1003,0,1668,0
01/06/2023,10905,296,3197,3704,0,2072,0
01/06/2023,10186,313,1177,1393,0,2118,0
02/06/2023,6640,558,2001,2869,0,925,0
02/06/2023,7561,578,2434,2186,0,1486,0
02/06/2023,6438,393,1518,2919,0,3427,0
02/06/2023,9186,300,1995,1977,0,1710,0
02/06/2023,7562,381,2129,2565,0,1248,0
02/06/2023,9469,326,1253,2497,0,2017,0
02/06/2023,6955,534,2285,3244,0,1443,0
02/06/2023,7280,706,2197,2911,0,1483,0
02/06/2023,6059,637,1770,1220,0,2649,0
02/06/2023,7195,421,3815,2356,0,1252,0
02/06/2023,11716,523,2189,870,0,989,0
02/06/2023,5432,586,2333,4552,0,1251,0
02/06/2023,8745,424,2138,1993,0,2206,0
02/06/2023,5162,495,1787,3272,0,1994,0
03/06/2023,10561,662,1664,4503,0,1725,0
03/06/2023,5501,558,999,2209,0,3077,0
03/06/2023,10638,473,3790,1415,0,1182,0
03/06/2023,9354,292,4033,3024,0,3176,0
03/06/2023,5775,712,2640,3324,0,1887,0
03/06/2023,6174,433,3380,3770,0,1033,0
03/06/2023,6759,437,2634,1760,0,1228,0
03/06/2023,9797,296,1928,2074,0,2368,0
03/06/2023,8240,379,1598,3949,0,1731,0
03/06/2023,6375,387,2284,1329,0,1985,0
03/06/2023,6515,528,1954,2165,0,1338,0
03/06/2023,6943,377,3315,3878,0,1375,0
03/06/2023,5474,573,1336,3108,0,2995,0
03/06/2023,8586,427,2706,4239,0,1024,0
03/06/2023,7889,664,1493,3074,0,1401,0
04/06/2023,7006,355,2406,1894,0,888,0
04/06/2023,6362,361,3741,1099,0,3235,0
04/06/2023,5893,645,3348,2256,0,2044,0
04/06/2023,6333,408,2020,2893,0,1947,0
04/06/2023,6024,452,1534,2387,0,1539,0
04/06/2023,9081,727,3442,2016,0,2331,0
04/06/2023,8406,520,4036,1634,0,2581,0
04/06/2023,8756,545,3371,3174,0,2402,0
04/06/2023,10275,339,1460,1163,0,1192,0
04/06/2023,6271,367,4643,1778,0,2455,0
04/06/2023,5261,699,3062,3983,0,2469,0
04/06/2023,8079,609,1604,2729,0,2174,0
04/06/2023,8788,623,1480,3025,0,1785,0
05/06/2023,11444,587,986,3362,0,1987,0
05/06/2023,8096,366,1166,3430,0,1984,0
05/06/2023,10884,451,2411,3320,0,2529,0
05/06/2023,8723,449,2928,2598,0,3267,0
05/06/2023,8080,809,2560,925,0,1094,0
05/06/2023,8919,633,3112,3476,0,2070,0
05/06/2023,6471,840,4340,1642,0,1879,0
05/06/2023,8514,623,3644,2727,0,1775,0
05/06/2023,4091,501,4114,1446,0,1483,0
05/06/2023,9353,461,3018,2630,0,2737,0
05/06/2023,5991,703,3345,1158,0,1357,0
05/06/2023,4860,390,3421,4016,0,2242,0
05/06/2023,5427,763,1247,2121,0,1521,0
06/06/2023,6930,324,1820,1651,0,1284,0
06/06/2023,9028,468,3722,1975,0,1853,0
06/06/2023,8417,665,1542,2471,0,3273,0
06/06/2023,6296,483,3132,4797,0,2303,0
06/06/2023,5773,458,3284,2900,0,1238,0
06/06/2023,9780,668,3405,2928,0,1146,0
06/06/2023,8546,427,3028,1045,0,2927,0
06/06/2023,8272,671,1227,2297,0,957,0
06/06/2023,10108,558,2013,3482,0,2467,0
06/06/2023,7084,390,4510,2295,0,1463,0
06/06/2023,6684,493,1539,2418,0,2119,0
06/06/2023,5404,411,2847,1586,0,3212,0
06/06/2023,9168,549,2033,3644,0,2888,0
06/06/2023,6161,625,1369,3555,0,1282,0
07/06/2023,9359,640,3429,2697,0,2146,0
07/06/2023,7679,279,1383,1942,0,1937,0
07/06/2023,6412,515,1377,2610,0,2008,0
07/06/2023,8514,535,1756,3063,0,1056,0
07/06/2023,7545,685,4541,2542,0,1827,0
07/06/2023,11129,454,2004,1959,0,1802,0
07/06/2023,6701,391,889,2739,0,2832,0
07/06/2023,6309,481,2088,1343,0,1835,0
07/06/2023,10736,515,1906,975,0,1263,0
07/06/2023,8673,468,1564,3549,0,1820,0
07/06/2023,6869,582,1037,2119,0,1172,0
07/06/2023,7154,510,3573,3564,0,1531,0
07/06/2023,9964,505,3036,2227,0,2653,0
07/06/2023,4713,544,3560,1597,0,2957,0
07/06/2023,5886,512,2489,3038,0,2556,0
08/06/2023,6341,429,1818,2646,0,943,0
08/06/2023,8466,367,3096,2979,0,1500,0
08/06/2023,6470,398,2306,3417,0,1054,0
08/06/2023,9148,820,3049,4301,0,965,0
08/06/2023,6813,647,2481,2363,0,1192,0
08/06/2023,11601,296,2264,1272,0,1944,0
08/06/2023,4791,338,1538,2109,0,2499,0
08/06/2023,9238,581,1080,3263,0,1851,0
08/06/2023,6993,277,3228,3096,0,1902,0
08/06/2023,7080,305,3600,4075,0,1479,0
08/06/2023,10957,506,1132,3403,0,1882,0
08/06/2023,7416,450,2334,3087,0,3041,0
08/06/2023,6667,366,3593,3112,0,1317,0
08/06/2023,6788,662,4255,1819,0,2379,0
08/06/2023,7391,334,3329,3046,0,2418,0
09/06/2023,8218,446,1263,1739,0,2152,0
09/06/2023,5778,796,1916,1433,0,2547,0
09/06/2023,6609,371,3623,1547,0,1548,0
09/06/2023,6700,401,4021,2035,0,1558,0
09/06/2023,6131,413,3461,1678,0,2467,0
09/06/2023,5474,425,3163,2995,0,1448,0
09/06/2023,7487,389,2138,3756,0,2203,0
09/06/2023,4133,338,3373,3950,0,2191,0
09/06/2023,7559,362,1827,3423,0,2021,0
09/06/2023,7686,606,3269,2067,0,2940,0
09/06/2023,8710,496,2321,4514,0,1255,0
09/06/2023,7738,577,3179,2667,0,3451,0
09/06/2023,8559,780,2241,3637,0,1011,0
09/06/2023,9158,320,1455,1534,0,2732,0
09/06/2023,6140,421,2038,955,0,2565,0
10/06/2023,7366,754,2048,2762,0,1286,0
10/06/2023,5196,518,2885,1038,0,1029,0
10/06/2023,8162,513,3953,3941,0,3236,0
10/06/2023,6061,337,1947,1551,0,2835,0
10/06/2023,6250,395,2297,2078,0,1620,0
10/06/2023,8895,373,2457,1506,0,2155,0
10/06/2023,5540,585,2198,2988,0,2090,0
10/06/2023,6793,535,1291,1524,0,2501,0
10/06/2023,10241,607,2542,1228,0,1231,0
10/06/2023,7321,381,1495,1327,0,2347,0
10/06/2023,6262,570,1816,2138,0,1077,0
10/06/2023,9092,555,2173,3384,0,1256,0
10/06/2023,6821,804,2532,1898,0,1593,0
10/06/2023,6682,615,1982,1715,0,1447,0
11/06/2023,10978,523,2900,1661,0,1746,0
11/06/2023,9737,527,2177,905,0,1369,0
11/06/2023,11781,514,1568,3733,0,2481,0
11/06/2023,5954,644,1168,1535,0,2435,0
11/06/2023,6299,552,1708,1493,0,937,0
11/06/2023,11147,545,3739,1697,0,2372,0
11/06/2023,7311,312,1561,2091,0,1790,0
11/06/2023,9754,380,1565,3270,0,1381,0
11/06/2023,5455,662,1898,3599,0,2062,0
11/06/2023,9139,520,3333,4172,0,3467,0
11/06/2023,7629,787,811,2961,0,2744,0
11/06/2023,10265,408,2188,3407,0,2214,0
11/06/2023,5785,323,1166,3194,0,2125,0
11/06/2023,8045,435,1792,4321,0,987,0
12/06/2023,8807,453,2317,1235,0,1596,0
12/06/2023,6544,463,1409,3348,0,1674,0
12/06/2023,9062,608,1511,2090,0,2456,0
12/06/2023,7152,317,2651,2708,0,1306,0
12/06/2023,9665,334,1268,1752,0,1788,0
12/06/2023,6096,342,3854,1077,0,2530,0
12/06/2023,8028,464,1353,3286,0,2787,0
12/06/2023,5884,360,3904,4471,0,1082,0
12/06/2023,4995,474,4627,1177,0,1350,0
12/06/2023,7619,514,1924,1362,0,2425,0
12/06/2023,7730,466,1136,2571,0,1914,0
12/06/2023,6179,724,1795,2488,0,2833,0
12/06/2023,11030,518,2281,2910,0,1554,0
12/06/2023,8597,589,2744,2608,0,2098,0
12/06/2023,4886,647,2531,1431,0,2478,0
13/06/2023,4243,252,2352,1700,0,2061,0
13/06/2023,6315,341,3775,1721,0,2593,0
13/06/2023,11735,305,1333,1459,0,932,0
13/06/2023,9058,704,877,2836,0,1525,0
13/06/2023,7425,494,1407,3641,0,2203,0
13/06/2023,6082,262,3087,2967,0,3351,0
13/06/2023,7342,502,2482,1770,0,1507,0
13/06/2023,7922,376,1687,3315,0,2299,0
13/06/2023,10980,650,3247,2238,0,1921,0
13/06/2023,6942,678,4385,2109,0,1366,0
13/06/2023,11454,445,1825,1809,0,890,0
13/06/2023,7353,821,2677,2708,0,2399,0
13/06/2023,5671,292,2451,959,0,1997,0
13/06/2023,6973,761,3396,2039,0,2922,0
13/06/2023,5617,402,2544,3392,0,1429,0
14/06/2023,8377,410,1705,2548,0,1146,0
14/06/2023,7019,728,1288,4405,0,1183,0
14/06/2023,7426,739,2294,3950,0,1853,0
14/06/2023,8279,535,4770,2358,0,1968,0
14/06/2023,11907,308,2138,4398,0,1684,0
14/06/2023,6974,300,2575,3338,0,985,0
14/06/2023,6543,488,1897,1663,0,1258,0
14/06/2023,9872,475,2528,1435,0,1522,0
14/06/2023,7469,565,1556,4386,0,2500,0
14/06/2023,6035,303,3307,2818,0,862,0
14/06/2023,9395,652,2157,2626,0,1730,0
14/06/2023,6377,620,2960,3967,0,2270,0
14/06/2023,5573,482,2204,1845,0,1809,0
14/06/2023,8869,529,2416,1257,0,2857,0
15/06/2023,7101,302,4014,2321,0,1090,0
15/06/2023,8235,600,3079,3258,0,2057,0
15/06/2023,6867,553,4009,3640,0,2020,0
15/06/2023,11180,407,1973,2049,0,1424,0
15/06/2023,6610,384,3587,927,0,1123,0
15/06/2023,5787,315,4771,1070,0,2185,0
15/06/2023,9463,506,3196,2298,0,2963,0
15/06/2023,10786,367,1412,1276,0,1045,0
15/06/2023,8009,394,1823,1987,0,3367,0
15/06/2023,8753,622,3592,3776,0,2285,0
15/06/2023,10355,304,2746,1909,0,2310,0
15/06/2023,11606,576,1922,2914,0,2283,0
15/06/2023,6616,272,1577,2621,0,2074,0
15/06/2023,7281,485,2175,2624,0,2064,0
16/06/2023,6369,773,3466,1436,0,2833,0
16/06/2023,8759,373,2471,1869,0,943,0
16/06/2023,7422,317,1850,4779,0,1408,0
16/06/2023,8116,351,1403,3049,0,1083,0
16/06/2023,6633,267,1151,4438,0,3001,0
16/06/2023,6062,801,2776,3572,0,1806,0
16/06/2023,7169,722,3428,2897,0,2501,0
16/06/2023,6440,451,4225,3618,0,1450,0
16/06/2023,5764,424,3511,2101,0,2154,0
16/06/2023,9126,543,2156,1174,0,2273,0
16/06/2023,7254,427,1951,3005,0,1925,0
16/06/2023,7102,470,3180,3454,0,1167,0
16/06/2023,5031,476,2287,1475,0,2566,0
16/06/2023,4684,341,2387,1560,0,2572,0
17/06/2023,5813,599,1268,1075,0,1770,0
17/06/2023,6784,562,3175,1566,0,2700,0
17/06/2023,7830,286,2027,1764,0,2195,0
17/06/2023,10107,305,3203,2970,0,1805,0
17/06/2023,5731,722,2850,2396,0,1389,0
17/06/2023,11083,344,3469,2859,0,2764,0
17/06/2023,6470,518,2117,973,0,2075,0
17/06/2023,5553,648,4249,1847,0,1470,0
17/06/2023,8434,532,1805,4024,0,2779,0
17/06/2023,8219,336,3750,4101,0,2441,0
17/06/2023,5657,785,3529,2961,0,2362,0
17/06/2023,8531,588,3117,2577,0,2425,0
17/06/2023,4789,344,2183,1612,0,2291,0
17/06/2023,6642,372,1635,4613,0,1850,0
18/06/2023,9399,356,2061,2166,0,1223,0
18/06/2023,9548,567,1256,1676,0,856,0
18/06/2023,6159,423,1228,3236,0,1586,0
18/06/2023,9214,467,2349,1876,0,1665,0
18/06/2023,8783,506,2298,2422,0,2640,0
18/06/2023,7430,640,3949,2466,0,1924,0
18/06/2023,8582,692,2481,3481,0,2737,0
18/06/2023,10567,488,1822,2964,0,2342,0
18/06/2023,8128,349,2442,3020,0,2609,0
18/06/2023,4986,346,3389,2048,0,1878,0
18/06/2023,4751,662,3049,1463,0,2692,0
18/06/2023,8228,295,4298,3777,0,1439,0
18/06/2023,6036,554,2932,1677,0,2501,0
19/06/2023,8832,324,2358,4826,0,2856,0
19/06/2023,11837,486,2221,3908,0,1880,0
19/06/2023,10765,488,3864,1293,0,1006,0
19/06/2023,6085,415,1564,2434,0,1474,0
19/06/2023,10193,499,2498,1209,0,1019,0
19/06/2023,4874,424,4083,1208,0,1649,0
19/06/2023,5526,602,1912,3251,0,2053,0
19/06/2023,5098,583,3494,3100,0,2466,0
19/06/2023,9234,542,2920,4025,0,3098,0
19/06/2023,6955,747,3296,2678,0,928,0
19/06/2023,7500,461,1082,2866,0,2867,0
19/06/2023,6355,520,3944,3883,0,2434,0
19/06/2023,10629,275,3990,2059,0,1697,0
19/06/2023,7614,355,2265,2861,0,2379,0
20/06/2023,9551,533,3873,1121,0,1758,0
20/06/2023,5743,390,3653,4297,0,1450,0
20/06/2023,4174,308,2515,1018,0,1143,0
20/06/2023,10100,558,2982,1779,0,1853,0
20/06/2023,7031,370,3281,1408,0,2195,0
20/06/2023,8997,604,1462,1403,0,3040,0
20/06/2023,7234,581,2008,978,0,2307,0
20/06/2023,5748,472,3359,2896,0,1208,0
20/06/2023,3942,488,1334,2134,0,2234,0
20/06/2023,6359,382,2060,1927,0,2281,0
20/06/2023,7379,326,3179,2286,0,2195,0
20/06/2023,7794,357,3229,2605,0,3084,0
20/06/2023,9220,556,1103,4419,0,2537,0
20/06/2023,6803,267,2501,2646,0,2966,0
20/06/2023,5391,348,3610,1237,0,2652,0
21/06/2023,11558,632,3266,2765,0,3111,0
21/06/2023,10928,650,1041,1391,0,1982,0
21/06/2023,10589,524,1885,2902,0,1646,0
21/06/2023,9838,356,2615,2581,0,2872,0
21/06/2023,6623,369,3631,2313,0,1533,0
21/06/2023,4847,385,3377,1729,0,1157,0
21/06/2023,5936,732,3158,2283,0,1490,0
21/06/2023,8434,553,2043,2723,0,2721,0
21/06/2023,9445,566,1839,2980,0,1815,0
21/06/2023,8543,531,1228,2856,0,1767,0
21/06/2023,6587,478,2202,3720,0,2763,0
21/06/2023,5861,545,1955,2270,0,1289,0
21/06/2023,7812,436,1789,2280,0,1801,0
21/06/2023,7386,639,3017,3272,0,2792,0
21/06/2023,6948,302,4319,2437,0,1434,0
22/06/2023,5013,640,2470,1218,0,1716,0
22/06/2023,9207,358,2049,2715,0,2131,0
22/06/2023,6622,445,1654,3872,0,1105,0
22/06/2023,5587,443,4124,2679,0,1902,0
22/06/2023,9407,783,2881,3001,0,2768,0
22/06/2023,6958,514,1969,1678,0,923,0
22/06/2023,5507,285,2877,2258,0,2477,0
22/06/2023,5058,639,2585,2029,0,1905,0
22/06/2023,8243,489,1202,3251,0,1447,0
22/06/2023,9290,523,1123,4131,0,1853,0
22/06/2023,8409,561,2992,1312,0,3508,0
22/06/2023,9875,796,949,3063,0,2198,0
22/06/2023,11942,374,1865,1891,0,2068,0
22/06/2023,8102,285,1584,3058,0,1096,0
22/06/2023,5944,392,3158,2804,0,1489,0
23/06/2023,9936,486,971,2935,0,2225,0
23/06/2023,10539,246,1724,1948,0,2666,0
23/06/2023,7300,653,2971,2262,0,1008,0
23/06/2023,10053,388,3140,4086,0,1512,0
23/06/2023,6662,344,4140,3460,0,2035,0
23/06/2023,5801,595,2349,2534,0,2171,0
23/06/2023,7393,570,3328,3636,0,2207,0
23/06/2023,9885,448,1364,3128,0,2707,0
23/06/2023,6575,351,2873,2757,0,1190,0
23/06/2023,6549,426,2703,2729,0,2069,0
23/06/2023,8684,591,2259,1469,0,2833,0
23/06/2023,4397,695,2346,3788,0,1869,0
23/06/2023,4987,401,1587,1190,0,1333,0
23/06/2023,8079,703,2285,2060,0,2594,0
23/06/2023,7675,428,1262,2490,0,1696,0
24/06/2023,6569,345,1340,2178,0,2437,0
24/06/2023,8127,518,2998,2742,0,1021,0
24/06/2023,5839,389,864,1800,0,1128,0
24/06/2023,5319,630,3742,826,0,1850,0
24/06/2023,8246,384,1309,2223,0,2299,0
24/06/2023,6430,483,2532,2508,0,1672,0
24/06/2023,7146,563,987,2494,0,2757,0
24/06/2023,9481,477,4414,3661,0,1998,0
24/06/2023,8633,401,1748,1493,0,3535,0
24/06/2023,9156,438,1868,2091,0,2251,0
24/06/2023,7463,523,1731,2030,0,1422,0
24/06/2023,3955,553,2294,2256,0,3085,0
24/06/2023,8924,604,2973,1302,0,2776,0
24/06/2023,4758,449,1240,1174,0,1122,0
24/06/2023,8756,608,2392,2618,0,2268,0
25/06/2023,5318,349,3294,1933,0,1284,0
25/06/2023,6669,320,1615,3162,0,2067,0
25/06/2023,9117,536,1894,1802,0,2949,0
25/06/2023,9829,434,2360,2500,0,1357,0
25/06/2023,8488,507,2774,900,0,2853,0
25/06/2023,5741,588,1725,1517,0,1557,0
25/06/2023,6850,357,2890,4366,0,3304,0
25/06/2023,10478,349,1431,2619,0,1282,0
25/06/2023,9774,332,3154,2906,0,3180,0
25/06/2023,7340,433,4057,1819,0,1611,0
25/06/2023,7749,724,1562,2340,0,3161,0
25/06/2023,8663,589,2777,3123,0,1978,0
25/06/2023,4591,416,2780,3041,0,2664,0
26/06/2023,5899,457,2164,830,0,1765,0
26/06/2023,7773,707,2074,1353,0,1327,0
26/06/2023,9531,581,3020,2830,0,1932,0
26/06/2023,8107,618,1543,1689,0,1589,0
26/06/2023,6603,588,1987,1022,0,1892,0
26/06/2023,4692,557,1633,2094,0,2574,0
26/06/2023,8790,402,2638,2136,0,1947,0
26/06/2023,7125,300,3588,2325,0,2394,0
26/06/2023,6225,396,3360,2277,0,2150,0
26/06/2023,9312,232,2824,4196,0,3378,0
26/06/2023,6527,534,4155,3702,0,1852,0
26/06/2023,4897,656,2418,3767,0,1705,0
26/06/2023,8131,336,1609,2017,0,1070,0
26/06/2023,4696,319,1783,1011,0,1970,0
26/06/2023,7923,633,3222,2471,0,2905,0
27/06/2023,8470,718,1506,1255,0,2438,0
27/06/2023,7148,368,1363,2625,0,2039,0
27/06/2023,7776,576,2465,1602,0,2452,0
27/06/2023,8104,502,3341,2976,0,1899,0
27/06/2023,5777,574,3362,1122,0,1153,0
27/06/2023,9738,416,1643,3138,0,2164,0
27/06/2023,6609,365,1052,3183,0,1406,0
27/06/2023,6031,392,2078,3545,0,1302,0
27/06/2023,8254,400,2180,2398,0,1541,0
27/06/2023,9406,777,3502,1504,0,2485,0
27/06/2023,4259,578,2434,2998,0,2259,0
27/06/2023,6063,540,4122,2563,0,2480,0
27/06/2023,9796,383,2550,2311,0,1178,0
27/06/2023,8180,713,1304,3359,0,1489,0
27/06/2023,6335,823,2234,1962,0,2456,0
28/06/2023,8247,470,1984,2563,0,2865,0
28/06/2023,5232,562,3248,3348,0,1066,0
28/06/2023,8780,574,1849,2684,0,2108,0
28/06/2023,6556,294,4814,2333,0,2167,0
28/06/2023,8896,387,3808,3995,0,2183,0
28/06/2023,7673,315,2214,3455,0,2758,0
28/06/2023,4839,351,2923,3490,0,3000,0
28/06/2023,8788,675,3070,4355,0,1285,0
28/06/2023,5428,701,2289,2734,0,3073,0
28/06/2023,8704,508,3712,3777,0,1941,0
28/06/2023,6919,607,1252,1517,0,927,0
28/06/2023,9734,657,3651,2084,0,1825,0
28/06/2023,8089,597,3331,2000,0,2127,0
28/06/2023,5370,402,2731,1558,0,1620,0
28/06/2023,6190,360,4136,1179,0,2586,0
29/06/2023,5253,692,3629,2288,0,1567,0
29/06/2023,6699,493,2882,2470,0,2015,0
29/06/2023,9834,529,3134,1324,0,2146,0
29/06/2023,7035,355,1121,2539,0,2972,0
29/06/2023,6134,295,2531,4311,0,1946,0
29/06/2023,5653,319,1339,1571,0,2054,0
29/06/2023,8057,487,2135,1452,0,2163,0
29/06/2023,7648,444,2090,3273,0,1230,0
29/06/2023,9652,355,2763,2453,0,1774,0
29/06/2023,7288,262,4623,3148,0,1597,0
29/06/2023,8127,748,4111,1474,0,2413,0
29/06/2023,7358,533,1677,1931,0,1898,0
29/06/2023,8634,520,2878,3248,0,1462,0
29/06/2023,4461,468,3626,3309,0,2050,0
29/06/2023,8275,628,1854,2275,0,1906,0
30/06/2023,4864,760,3543,1115,0,2916,0
30/06/2023,5116,332,2693,1321,0,1900,0
30/06/2023,9670,623,2445,2347,0,2018,0
30/06/2023,4547,499,2990,1557,0,2120,0
30/06/2023,5297,467,1607,1310,0,1423,0
30/06/2023,3908,551,2540,2748,0,2965,0
30/06/2023,5553,369,2241,3425,0,2272,0
30/06/2023,5339,669,2540,1248,0,1016,0
30/06/2023,7071,380,2250,2506,0,2788,0
30/06/2023,4726,392,2383,1283,0,3262,0
30/06/2023,6913,507,3268,2970,0,1906,0
30/06/2023,8985,655,2467,2707,0,1037,0
30/06/2023,6728,335,2411,1488,0,1479,0
30/06/2023,7448,734,1686,3251,0,2212,0
30/06/2023,6954,475,3115,3252,0,1053,0
01/07/2023,9457,494,911,1492,0,1170,0
01/07/2023,7634,412,2868,2947,0,2833,0
01/07/2023,6411,411,4930,2559,0,907,0
01/07/2023,7839,401,1857,2775,0,869,0
01/07/2023,5698,640,2337,1728,0,1249,0
01/07/2023,11132,348,1938,1709,0,1244,0
01/07/2023,8301,344,3383,3473,0,1592,0
01/07/2023,10678,519,1759,3495,0,2313,0
01/07/2023,9354,370,2314,2996,0,1200,0
01/07/2023,6321,513,3585,1136,0,1511,0
01/07/2023,6439,627,3203,3245,0,2137,0
01/07/2023,9542,722,4149,1358,0,2769,0
01/07/2023,9148,691,2756,2088,0,2008,0
01/07/2023,4570,426,1180,1941,0,1456,0
02/07/2023,9556,454,1926,3264,0,1374,0
02/07/2023,5546,416,1355,1899,0,2628,0
02/07/2023,6169,340,1637,4041,0,1107,0
02/07/2023,11150,614,2659,3557,0,2816,0
02/07/2023,6051,769,1139,1662,0,1025,0
02/07/2023,6917,394,1810,1616,0,3028,0
02/07/2023,5543,460,1148,2538,0,1939,0
02/07/2023,5368,654,2406,1920,0,1470,0
02/07/2023,5580,481,3401,2820,0,2644,0
02/07/2023,6350,382,3359,1032,0,2326,0
02/07/2023,6058,516,2895,1546,0,1161,0
02/07/2023,12276,669,2403,3558,0,2773,0
03/07/2023,6614,355,3806,2440,0,1003,0
03/07/2023,7521,323,2607,3336,0,1086,0
03/07/2023,9965,557,2616,2981,0,2550,0
03/07/2023,6303,351,1524,1922,0,2526,0
03/07/2023,4535,608,2410,2933,0,924,0
03/07/2023,6510,417,2810,1306,0,1461,0
03/07/2023,6314,422,4191,1535,0,2254,0
03/07/2023,10172,480,2307,1974,0,2917,0
03/07/2023,7764,614,3743,4966,0,1976,0
03/07/2023,4590,468,1260,2454,0,2799,0
03/07/2023,6840,335,3168,4153,0,1252,0
03/07/2023,9508,446,3684,1793,0,2846,0
03/07/2023,7970,522,1396,1556,0,2118,0
03/07/2023,8349,445,3732,1611,0,2183,0
04/07/2023,9096,779,1228,1784,0,1460,0
04/07/2023,7340,431,3119,1618,0,818,0
04/07/2023,9904,625,3999,2755,0,1878,0
04/07/2023,8460,394,1105,2366,0,1340,0
04/07/2023,6960,364,1971,2903,0,3103,0
04/07/2023,6374,769,1584,2869,0,2642,0
04/07/2023,5992,698,1237,2645,0,1604,0
04/07/2023,6157,531,2765,4766,0,2973,0
04/07/2023,8265,678,2797,1562,0,2631,0
04/07/2023,6841,575,3860,1590,0,2620,0
04/07/2023,4511,609,1289,1832,0,1729,0
04/07/2023,7179,658,3391,1824,0,2958,0
04/07/2023,7748,354,1233,3467,0,1980,0
04/07/2023,10549,501,1930,2440,0,1365,0
05/07/2023,8067,635,2984,1329,0,2918,0
05/07/2023,9799,400,2647,1241,0,1923,0
05/07/2023,6452,315,2250,3306,0,2079,0
05/07/2023,6100,382,1954,2798,0,1492,0
05/07/2023,8056,403,2183,2114,0,2851,0
05/07/2023,6360,275,1133,2333,0,2087,0
05/07/2023,5867,603,3622,2013,0,1775,0
05/07/2023,7239,416,2024,3923,0,2147,0
05/07/2023,7483,599,2104,2734,0,2081,0
05/07/2023,7652,627,1244,3172,0,1569,0
05/07/2023,7209,382,1725,1361,0,2980,0
05/07/2023,8985,775,3042,1813,0,1566,0
05/07/2023,11935,650,3966,3626,0,1207,0
05/07/2023,6874,474,3990,3486,0,1855,0
05/07/2023,10245,538,2996,2448,0,3216,0
06/07/2023,9186,517,4764,1850,0,1093,0
06/07/2023,8401,506,2297,1773,0,2304,0
06/07/2023,10838,396,3190,2950,0,2208,0
06/07/2023,5796,579,3114,3514,0,2618,0
06/07/2023,6158,531,4130,2645,0,3250,0
06/07/2023,6773,325,3073,2853,0,2757,0
06/07/2023,10192,558,2688,2882,0,2387,0
06/07/2023,7184,591,2709,3261,0,2624,0
06/07/2023,4808,482,3208,2427,0,2505,0
06/07/2023,5597,649,1951,1500,0,3266,0
06/07/2023,7021,524,2718,2440,0,1848,0
06/07/2023,9015,381,4048,3692,0,1537,0
06/07/2023,8747,333,1110,1006,0,1310,0
06/07/2023,11426,628,1876,1044,0,932,0
07/07/2023,4223,478,4193,1592,0,2632,0
07/07/2023,6761,486,2435,3538,0,3491,0
07/07/2023,6667,652,2225,2915,0,1688,0
07/07/2023,8856,564,3850,2241,0,1262,0
07/07/2023,7920,718,2174,2227,0,2178,0
07/07/2023,6644,412,2540,1743,0,2464,0
07/07/2023,4561,834,3083,1435,0,2086,0
07/07/2023,9996,458,954,2985,0,2269,0
07/07/2023,7883,464,1926,2380,0,1407,0
07/07/2023,9760,504,1670,1433,0,2104,0
07/07/2023,4873,675,820,2554,0,1522,0
07/07/2023,5194,468,2960,2965,0,1016,0
07/07/2023,6868,470,2473,4551,0,1756,0
07/07/2023,9719,471,4194,3055,0,2819,0
08/07/2023,9970,492,2722,1731,0,1734,0
08/07/2023,11116,527,1249,2786,0,948,0
08/07/2023,6789,476,2956,1819,0,1134,0
08/07/2023,6096,509,850,1126,0,1992,0
08/07/2023,10794,416,2844,1830,0,1581,0
08/07/2023,9809,355,2297,3945,0,2673,0
08/07/2023,4785,554,1838,1109,0,2797,0
08/07/2023,6359,543,3541,1407,0,1942,0
08/07/2023,7352,365,3920,2595,0,2024,0
08/07/2023,8672,656,3147,2749,0,3172,0
08/07/2023,5897,281,1520,2893,0,2957,0
08/07/2023,4578,266,1712,2816,0,3295,0
08/07/2023,5842,387,1559,1215,0,3609,0
08/07/2023,7691,341,3342,4268,0,2746,0
09/07/2023,7445,559,3185,1283,0,2225,0
09/07/2023,8842,760,2638,1560,0,1560,0
09/07/2023,6329,416,4406,2483,0,3323,0
09/07/2023,4282,373,2654,4051,0,1039,0
09/07/2023,8536,393,1641,1268,0,2317,0
09/07/2023,7854,580,4270,2398,0,3022,0
09/07/2023,8298,481,1567,1688,0,1753,0
09/07/2023,4826,356,4413,1608,0,1143,0
09/07/2023,10194,264,3151,1559,0,3301,0
09/07/2023,8106,623,3299,1574,0,2006,0
09/07/2023,5380,376,1823,3996,0,1158,0
09/07/2023,4615,632,2186,936,0,2637,0
10/07/2023,10886,447,4007,2653,0,1750,0
10/07/2023,9115,768,1635,2475,0,1195,0
10/07/2023,6193,376,2400,2048,0,1029,0
10/07/2023,6889,468,2871,2006,0,1009,0
10/07/2023,7841,595,1563,1992,0,2452,0
10/07/2023,7777,676,4615,2654,0,1171,0
10/07/2023,9110,472,2820,2191,0,1250,0
10/07/2023,8518,515,1381,2910,0,2006,0
10/07/2023,4236,447,3188,1081,0,1934,0
10/07/2023,8953,377,2710,999,0,2382,0
10/07/2023,8415,302,1738,3257,0,1467,0
10/07/2023,8135,571,3746,3113,0,2905,0
10/07/2023,6881,418,1401,4539,0,1128,0
10/07/2023,7561,423,4291,2213,0,1116,0
11/07/2023,8237,653,1815,3457,0,1816,0
11/07/2023,9594,629,1881,1554,0,2137,0
11/07/2023,9058,587,2837,2131,0,1823,0
11/07/2023,6954,596,1750,3445,0,1972,0
11/07/2023,8302,435,3188,3918,0,2631,0
11/07/2023,10209,651,3197,1393,0,1453,0
11/07/2023,8382,483,1934,2180,0,2425,0
11/07/2023,4319,503,3726,2715,0,1289,0
11/07/2023,7868,536,2118,3018,0,1313,0
11/07/2023,8510,490,1522,1091,0,2245,0
11/07/2023,8218,639,1259,856,0,2444,0
11/07/2023,4786,456,3278,1349,0,1264,0
11/07/2023,6217,338,798,3473,0,3086,0
12/07/2023,6611,584,3027,3596,0,1940,0
12/07/2023,6997,563,2789,987,0,2304,0
12/07/2023,9259,441,1291,2079,0,1657,0
12/07/2023,5764,742,2382,1422,0,1109,0
12/07/2023,6103,747,2368,2991,0,2585,0
12/07/2023,5646,418,2715,3804,0,2328,0
12/07/2023,6139,600,2969,3680,0,2029,0
12/07/2023,5676,586,1802,1767,0,1707,0
12/07/2023,6916,369,4076,948,0,1782,0
12/07/2023,6302,626,3100,1430,0,2434,0
12/07/2023,4514,612,1291,2457,0,1948,0
12/07/2023,5019,281,1230,1680,0,2001,0
12/07/2023,6741,635,1779,1254,0,2340,0
13/07/2023,4233,295,1161,2815,0,2040,0
13/07/2023,5692,447,4356,3218,0,2539,0
13/07/2023,7073,498,2410,1832,0,1836,0
13/07/2023,9809,555,1438,1561,0,1211,0
13/07/2023,9533,780,3187,2228,0,1951,0
13/07/2023,9117,363,1381,1371,0,2727,0
13/07/2023,6903,593,4102,2152,0,1240,0
13/07/2023,6694,760,847,3709,0,3377,0
13/07/2023,6960,470,1364,2406,0,1783,0
13/07/2023,7491,636,3401,1017,0,2664,0
13/07/2023,6779,517,3332,3122,0,2152,0
13/07/2023,7311,752,3559,2829,0,1600,0
13/07/2023,6792,637,1932,3878,0,1277,0
14/07/2023,10206,312,4089,2906,0,2910,0
14/07/2023,6010,447,3451,1606,0,1645,0
14/07/2023,10472,528,1797,835,0,2885,0
14/07/2023,6497,504,4142,2952,0,2176,0
14/07/2023,5980,367,4552,2032,0,3279,0
14/07/2023,9515,285,3398,4502,0,1242,0
14/07/2023,9390,240,1821,3236,0,1118,0
14/07/2023,11505,444,2934,3175,0,1437,0
14/07/2023,5649,416,2580,1799,0,1950,0
14/07/2023,4425,404,2617,1225,0,2187,0
14/07/2023,5565,376,1070,1635,0,1464,0
14/07/2023,6672,672,3717,1395,0,3018,0
14/07/2023,6626,642,1026,1968,0,1495,0
15/07/2023,5459,621,3969,2789,0,2045,0
15/07/2023,7795,456,2204,1720,0,1656,0
15/07/2023,7076,476,2268,2088,0,2473,0
15/07/2023,5737,478,1878,1189,0,2397,0
15/07/2023,7306,629,2762,3435,0,2349,0
15/07/2023,8223,512,2108,2180,0,1879,0
15/07/2023,6596,400,3300,2099,0,2151,0
15/07/2023,7211,556,3201,2376,0,1481,0
15/07/2023,10398,786,3600,2140,0,3211,0
15/07/2023,8974,579,1776,2823,0,1199,0
15/07/2023,8414,264,2353,2734,0,2126,0
15/07/2023,8621,577,2191,2997,0,2705,0
15/07/2023,5898,263,3435,3089,0,3380,0
15/07/2023,4192,316,1276,2243,0,1404,0
16/07/2023,4989,389,1096,1803,0,3036,0
16/07/2023,8926,294,2395,2734,0,2812,0
16/07/2023,6654,517,1792,3381,0,1703,0
16/07/2023,6601,351,1575,1011,0,2663,0
16/07/2023,5642,558,2456,2299,0,1395,0
16/07/2023,8210,352,1288,1192,0,2498,0
16/07/2023,6313,350,3632,4207,0,2191,0
16/07/2023,10087,654,2665,3623,0,1600,0
16/07/2023,7860,464,2936,3327,0,1698,0
16/07/2023,5624,763,2446,1696,0,2160,0
16/07/2023,7449,377,2405,1288,0,1563,0
16/07/2023,8744,625,1777,3235,0,1690,0
16/07/2023,3998,301,1874,2747,0,3001,0
17/07/2023,11387,385,4396,1592,0,2347,0
17/07/2023,6979,559,3639,4191,0,1672,0
17/07/2023,10585,436,3959,2352,0,1333,0
17/07/2023,7696,316,969,2093,0,2036,0
17/07/2023,8700,637,1117,2790,0,1461,0
17/07/2023,5970,497,1629,1912,0,1430,0
17/07/2023,10405,685,2289,1424,0,1618,0
17/07/2023,5496,518,1214,1197,0,1905,0
17/07/2023,5914,759,3981,3793,0,1508,0
17/07/2023,11013,541,3009,2623,0,2018,0
17/07/2023,5739,342,3318,2338,0,3230,0
17/07/2023,7465,423,2212,2223,0,3325,0
17/07/2023,6427,592,3952,2189,0,1322,0
18/07/2023,7269,380,2317,3366,0,1972,0
18/07/2023,7611,587,1497,1992,0,2544,0
18/07/2023,11395,500,1372,3285,0,3605,0
18/07/2023,8885,373,4201,2564,0,2619,0
18/07/2023,8505,605,4039,3942,0,1182,0
18/07/2023,8531,556,1663,1401,0,2384,0
18/07/2023,7112,339,1574,888,0,2043,0
18/07/2023,7277,710,1860,2772,0,2115,0
18/07/2023,10416,505,3291,2464,0,2269,0
18/07/2023,5279,300,1163,2228,0,1601,0
18/07/2023,10391,402,1704,970,0,1359,0
18/07/2023,4910,534,2117,1679,0,1296,0
18/07/2023,7446,775,1834,3476,0,944,0
18/07/2023,6374,541,2571,967,0,1086,0
19/07/2023,9232,409,3438,2204,0,2079,0
19/07/2023,7816,390,1295,1853,0,923,0
19/07/2023,6847,343,3788,1661,0,1044,0
19/07/2023,7034,413,2848,2715,0,2865,0
19/07/2023,7652,270,1871,4136,0,992,0
19/07/2023,6668,424,1146,1710,0,1108,0
19/07/2023,6111,761,4467,1870,0,2984,0
19/07/2023,9304,529,3216,3801,0,2691,0
19/07/2023,7965,587,3399,2094,0,2545,0
19/07/2023,6837,408,1196,2104,0,1701,0
19/07/2023,6945,364,2829,3175,0,1574,0
19/07/2023,7316,571,1070,2838,0,1905,0
19/07/2023,8408,448,4331,2641,0,2371,0
19/07/2023,7563,426,2089,3877,0,2895,0
20/07/2023,8648,439,3127,3281,0,2270,0
20/07/2023,7343,558,3345,2264,0,2397,0
20/07/2023,7767,708,2491,2388,0,1914,0
20/07/2023,5448,503,4148,2386,0,2361,0
20/07/2023,4622,495,997,2970,0,2283,0
20/07/2023,6586,376,2592,2757,0,1483,0
20/07/2023,5939,699,3290,3531,0,1445,0
20/07/2023,10768,498,2421,1610,0,2120,0
20/07/2023,8978,555,3343,1653,0,1828,0
20/07/2023,9043,747,3958,2962,0,1293,0
20/07/2023,5845,535,4281,3480,0,3517,0
20/07/2023,7518,608,1261,3901,0,1605,0
20/07/2023,10613,500,1808,1736,0,1724,0
20/07/2023,7309,482,1218,1365,0,3155,0
21/07/2023,7529,358,3104,1877,0,2436,0
21/07/2023,8742,310,2225,3157,0,1715,0
21/07/2023,5827,524,908,1355,0,2177,0
21/07/2023,7968,555,2426,1788,0,2906,0
21/07/2023,10410,567,2947,2290,0,3001,0
21/07/2023,8372,631,3332,3387,0,1929,0
21/07/2023,7003,544,2707,3086,0,1220,0
21/07/2023,6801,507,2098,2834,0,1637,0
21/07/2023,6395,605,2360,2618,0,1076,0
21/07/2023,5606,693,1390,966,0,2275,0
21/07/2023,7578,641,3013,1657,0,1250,0
21/07/2023,10833,569,886,3166,0,1943,0
21/07/2023,6802,266,1062,2720,0,3213,0
22/07/2023,6497,432,2163,2677,0,1049,0
22/07/2023,8139,647,3742,3806,0,2474,0
22/07/2023,10171,492,3344,4130,0,2906,0
22/07/2023,8141,778,2505,2481,0,1810,0
22/07/2023,8701,422,2121,2341,0,2246,0
22/07/2023,10787,595,2309,3517,0,3675,0
22/07/2023,6174,508,1568,2017,0,2071,0
22/07/2023,7463,378,1081,2474,0,2876,0
22/07/2023,5297,407,3435,2541,0,1078,0
22/07/2023,4898,392,2162,2180,0,2012,0
22/07/2023,6020,279,2088,3678,0,1150,0
22/07/2023,9249,506,2514,2486,0,2038,0
22/07/2023,9053,577,3411,2930,0,2504,0
22/07/2023,11223,433,1244,1327,0,3206,0
23/07/2023,4772,308,3245,1002,0,1887,0
23/07/2023,9881,557,1702,2420,0,2256,0
23/07/2023,7591,723,2804,2641,0,2765,0
23/07/2023,8507,612,3453,2498,0,1206,0
23/07/2023,7045,265,3452,1009,0,1634,0
23/07/2023,5534,719,3341,1205,0,2658,0
23/07/2023,4377,401,3587,2676,0,2646,0
23/07/2023,5968,508,2905,4669,0,2188,0
23/07/2023,4218,563,1319,4092,0,1283,0
23/07/2023,7705,555,2036,825,0,2108,0
23/07/2023,10454,628,1489,2664,0,2480,0
23/07/2023,9523,383,2704,2338,0,861,0
23/07/2023,10460,524,4078,2650,0,1147,0
24/07/2023,10115,447,1404,1263,0,3287,0
24/07/2023,7591,491,1869,3319,0,2636,0
24/07/2023,6055,585,3245,1736,0,1282,0
24/07/2023,4816,278,1892,1904,0,1695,0
24/07/2023,6075,420,829,4082,0,2458,0
24/07/2023,8741,659,4515,1688,0,3103,0
24/07/2023,5151,373,2517,2975,0,2036,0
24/07/2023,8077,429,2416,2484,0,2368,0
24/07/2023,7266,712,3893,2308,0,3050,0
24/07/2023,10597,396,1946,2804,0,1451,0
24/07/2023,5835,616,1709,2646,0,3640,0
24/07/2023,6752,661,1427,1277,0,1901,0
24/07/2023,7698,485,2953,2020,0,3045,0
24/07/2023,7368,842,3256,2504,0,2199,0
25/07/2023,10392,787,2372,1608,0,2427,0
25/07/2023,6788,569,4139,2545,0,2250,0
25/07/2023,6025,548,1330,2033,0,1207,0
25/07/2023,6771,328,2261,3183,0,1983,0
25/07/2023,8865,445,4007,1952,0,2051,0
25/07/2023,8765,267,1272,1225,0,2602,0
25/07/2023,4908,677,3937,2354,0,3067,0
25/07/2023,5364,255,1717,1795,0,2962,0
25/07/2023,7375,323,2524,1281,0,3167,0
25/07/2023,5471,314,2119,2050,0,3343,0
25/07/2023,10635,673,2858,1425,0,2943,0
25/07/2023,8661,519,1680,2142,0,2237,0
25/07/2023,4865,568,4002,3708,0,2427,0
25/07/2023,8290,289,2185,2781,0,1154,0
26/07/2023,8531,772,1337,3934,0,2750,0
26/07/2023,10341,408,1520,1398,0,1619,0
26/07/2023,8195,455,1446,3185,0,2730,0
26/07/2023,5260,673,2499,2673,0,2310,0
26/07/2023,8052,510,1761,1961,0,2711,0
26/07/2023,10347,440,2878,1472,0,2053,0
26/07/2023,7884,578,4699,2532,0,2236,0
26/07/2023,6574,575,4572,1834,0,1511,0
26/07/2023,11773,679,1042,4780,0,1630,0
26/07/2023,8174,773,2066,1943,0,1755,0
26/07/2023,7823,409,3799,3742,0,1748,0
26/07/2023,10513,387,2917,2773,0,2031,0
26/07/2023,5929,785,1401,1720,0,2416,0
26/07/2023,8942,813,1790,1975,0,845,0
27/07/2023,5233,379,2783,2522,0,3287,0
27/07/2023,7319,531,2517,1147,0,2644,0
27/07/2023,5384,454,3982,2740,0,2743,0
27/07/2023,4089,842,2515,2389,0,2567,0
27/07/2023,5950,580,1429,1731,0,2278,0
27/07/2023,10285,319,2537,3711,0,1160,0
27/07/2023,8278,617,2547,3298,0,2095,0
27/07/2023,6271,694,3227,2098,0,2359,0
27/07/2023,8108,397,2060,2656,0,1360,0
27/07/2023,8970,796,3329,3574,0,3443,0
27/07/2023,11326,415,3724,2272,0,3036,0
27/07/2023,5661,342,3413,3636,0,1714,0
27/07/2023,4711,580,1523,3349,0,1281,0
27/07/2023,4937,341,2888,3585,0,1269,0
28/07/2023,8786,502,2856,2689,0,2079,0
28/07/2023,5706,730,4750,3691,0,1796,0
28/07/2023,5852,405,1902,3435,0,2830,0
28/07/2023,6773,464,2744,1005,0,1767,0
28/07/2023,5887,531,2962,1279,0,2235,0
28/07/2023,6463,618,2574,2470,0,1393,0
28/07/2023,9124,553,2391,1067,0,2647,0
28/07/2023,7149,685,3176,2882,0,2455,0
28/07/2023,9526,400,1656,1151,0,2287,0
28/07/2023,8949,450,1052,1025,0,1839,0
28/07/2023,8937,374,2817,1552,0,2107,0
28/07/2023,6737,514,2857,2358,0,2901,0
28/07/2023,4983,603,3820,2888,0,2164,0
28/07/2023,8574,730,3968,2637,0,1259,0
29/07/2023,6823,384,2801,1912,0,1911,0
29/07/2023,9207,566,1705,3833,0,1482,0
29/07/2023,8727,418,1102,1145,0,1685,0
29/07/2023,7607,476,2323,2664,0,1881,0
29/07/2023,6121,327,1615,1466,0,2613,0
29/07/2023,7556,395,3412,4516,0,1544,0
29/07/2023,8608,782,1314,3939,0,2026,0
29/07/2023,9374,613,3161,1839,0,1133,0
29/07/2023,8065,456,4420,1774,0,1068,0
29/07/2023,5610,803,3278,2159,0,2708,0
29/07/2023,6217,289,3432,1743,0,769,0
29/07/2023,5742,660,1496,1153,0,2497,0
29/07/2023,11847,536,1444,2453,0,3597,0
29/07/2023,5311,450,2500,3485,0,2219,0
30/07/2023,11732,489,3707,3061,0,2724,0
30/07/2023,9312,501,2640,1985,0,2179,0
30/07/2023,9992,566,1116,3164,0,3485,0
30/07/2023,5241,445,2168,2398,0,1175,0
30/07/2023,7341,677,1424,818,0,989,0
30/07/2023,4999,537,1197,1439,0,1574,0
30/07/2023,6677,586,1950,2398,0,2581,0
30/07/2023,5576,633,1853,2173,0,2307,0
30/07/2023,7093,393,2288,3613,0,1778,0
30/07/2023,9103,442,2098,1454,0,3417,0
30/07/2023,8302,490,1871,3193,0,1850,0
30/07/2023,7120,536,3663,1204,0,2542,0
30/07/2023,6690,378,3038,2508,0,2137,0
31/07/2023,9646,437,3159,2987,0,3540,0
31/07/2023,9920,401,3540,2020,0,2889,0
31/07/2023,5328,730,3342,3618,0,2328,0
31/07/2023,9279,521,3892,4258,0,1316,0
31/07/2023,5327,470,1783,3814,0,2725,0
31/07/2023,4377,584,3762,3791,0,1453,0
31/07/2023,11561,406,1905,3164,0,2090,0
31/07/2023,5920,502,1735,3108,0,1750,0
31/07/2023,8490,675,1541,1280,0,2649,0
31/07/2023,9078,464,3431,3981,0,1912,0
31/07/2023,10696,546,2347,2386,0,1696,0
31/07/2023,5785,253,1425,1572,0,2574,0
31/07/2023,5361,410,4066,1774,0,1731,0
01/08/2023,5655,485,875,1918,0,1323,0
01/08/2023,6319,598,2008,2489,0,2186,0
01/08/2023,6723,747,1167,2901,0,1973,0
01/08/2023,5783,529,1035,1668,0,1228,0
01/08/2023,11274,529,2210,2760,0,3244,0
01/08/2023,5143,614,1370,2776,0,2462,0
01/08/2023,6346,702,3719,2034,0,1284,0
01/08/2023,9178,349,3865,2033,0,3615,0
01/08/2023,6929,523,4123,1310,0,2108,0
01/08/2023,7072,561,3355,1932,0,1727,0
01/08/2023,5591,366,1307,1402,0,1581,0
01/08/2023,7470,425,1954,1939,0,1905,0
01/08/2023,9837,558,2160,2603,0,1140,0
02/08/2023,6727,591,2259,1863,0,1655,0
02/08/2023,10475,609,2570,2068,0,1310,0
02/08/2023,5464,407,2472,2734,0,1572,0
02/08/2023,8294,471,1092,3688,0,1848,0
02/08/2023,6620,392,2852,2205,0,2150,0
02/08/2023,8639,645,2474,2778,0,2237,0
02/08/2023,4818,655,4747,4131,0,3288,0
02/08/2023,8043,682,3172,2637,0,2098,0
02/08/2023,6662,274,1657,2990,0,2273,0
02/08/2023,6646,501,3814,2407,0,1927,0
02/08/2023,4658,657,2733,3339,0,1732,0
02/08/2023,8117,311,3639,1715,0,3042,0
03/08/2023,7147,523,2408,2875,0,2236,0
03/08/2023,9757,602,3956,2983,0,2230,0
03/08/2023,7941,375,1272,1471,0,1264,0
03/08/2023,5739,566,2380,2570,0,996,0
03/08/2023,5596,304,1253,3339,0,2016,0
03/08/2023,7399,265,1437,2155,0,3147,0
03/08/2023,8556,715,2873,2906,0,2437,0
03/08/2023,9750,445,1642,2782,0,2416,0
03/08/2023,6828,306,1913,2699,0,2418,0
03/08/2023,5873,869,3764,1339,0,1867,0
03/08/2023,9256,356,3171,3507,0,1859,0
03/08/2023,7733,655,2197,2570,0,3315,0
04/08/2023,8390,584,2231,2344,0,2044,0
04/08/2023,9182,543,3304,925,0,2630,0
04/08/2023,6924,451,1228,1539,0,1288,0
04/08/2023,10602,676,1921,2025,0,2384,0
04/08/2023,5663,366,3689,2658,0,1430,0
04/08/2023,6472,607,943,4548,0,1051,0
04/08/2023,10243,436,2071,2588,0,1368,0
04/08/2023,9243,509,2207,1183,0,2255,0
04/08/2023,7404,725,2201,3075,0,3693,0
04/08/2023,5711,586,1566,2617,0,2935,0
04/08/2023,6283,629,3146,1199,0,2893,0
04/08/2023,5368,707,1754,1499,0,1425,0
05/08/2023,7121,367,1078,2981,0,1337,0
05/08/2023,9201,305,1567,3374,0,2227,0
05/08/2023,7970,234,2524,2858,0,2322,0
05/08/2023,9999,677,4119,3490,0,1215,0
05/08/2023,8064,400,1274,3187,0,2604,0
05/08/2023,9766,308,1188,4360,0,2087,0
05/08/2023,8072,441,2135,3658,0,2263,0
05/08/2023,7288,359,1855,3926,0,2604,0
05/08/2023,5179,725,4390,4249,0,2247,0
05/08/2023,8083,249,1824,1719,0,1117,0
05/08/2023,5694,456,3803,1929,0,2796,0
05/08/2023,10144,395,1441,1676,0,3347,0
06/08/2023,6632,413,2911,3517,0,2339,0
06/08/2023,8760,729,3783,1459,0,3382,0
06/08/2023,6861,642,2902,1612,0,2832,0
06/08/2023,5682,521,4116,1629,0,2620,0
06/08/2023,8280,340,2620,2110,0,976,0
06/08/2023,4713,636,1082,3377,0,2641,0
06/08/2023,6062,312,2037,1914,0,2140,0
06/08/2023,7882,376,2845,1297,0,2409,0
06/08/2023,8996,484,2903,3587,0,1587,0
06/08/2023,4672,322,2686,1248,0,1871,0
06/08/2023,6321,508,2683,1309,0,3144,0
06/08/2023,6644,621,2531,4192,0,1971,0
07/08/2023,10273,365,2610,3506,0,3580,0
07/08/2023,9085,529,3064,2791,0,2290,0
07/08/2023,6104,622,1611,1074,0,1946,0
07/08/2023,5710,588,1404,894,0,2916,0
07/08/2023,6023,464,2513,2771,0,1051,0
07/08/2023,7071,519,4468,1508,0,3111,0
07/08/2023,10730,307,2768,2346,0,2119,0
07/08/2023,6793,399,3250,3355,0,2316,0
07/08/2023,9301,383,1593,3313,0,1687,0
07/08/2023,9866,285,1574,2579,0,1263,0
07/08/2023,4430,568,3947,2020,0,1530,0
07/08/2023,9194,762,1848,2499,0,2680,0
07/08/2023,6128,443,1890,4273,0,2289,0
08/08/2023,7364,544,1330,1448,0,1525,0
08/08/2023,7334,439,3596,2902,0,2621,0
08/08/2023,7774,325,1803,1979,0,2000,0
08/08/2023,5423,327,3291,1682,0,2170,0
08/08/2023,4568,681,3536,2596,0,2105,0
08/08/2023,5847,422,2060,2349,0,1671,0
08/08/2023,7985,687,3633,3133,0,2309,0
08/08/2023,11870,508,2489,3127,0,1397,0
08/08/2023,5623,249,1097,973,0,1630,0
08/08/2023,7012,437,2362,3156,0,1983,0
08/08/2023,7170,643,4382,1624,0,1508,0
08/08/2023,6944,417,3353,3766,0,2297,0
08/08/2023,7878,579,2517,1900,0,2101,0
09/08/2023,7966,805,4262,3440,0,974,0
09/08/2023,7519,683,2222,4067,0,1581,0
09/08/2023,9267,401,2217,2095,0,2773,0
09/08/2023,10222,422,3279,1641,0,1239,0
09/08/2023,7206,610,1883,2051,0,1154,0
09/08/2023,5936,511,3055,1904,0,1621,0
09/08/2023,9545,515,2608,2764,0,1099,0
09/08/2023,8724,700,2209,3005,0,1560,0
09/08/2023,8839,473,1014,2767,0,2110,0
09/08/2023,10066,341,1547,886,0,1958,0
09/08/2023,6869,662,3725,3055,0,2258,0
09/08/2023,5837,347,1457,2635,0,3197,0
09/08/2023,7011,382,1851,1963,0,2138,0
09/08/2023,6282,562,3169,2516,0,1423,0
10/08/2023,5417,506,1107,1471,0,2600,0
10/08/2023,5758,494,1435,3909,0,1162,0
10/08/2023,6985,454,2040,2609,0,2170,0
10/08/2023,4323,774,1060,2609,0,1616,0
10/08/2023,5677,489,2163,2213,0,2428,0
10/08/2023,4238,730,3083,4071,0,1867,0
10/08/2023,7220,480,2745,2088,0,1594,0
10/08/2023,6801,286,2648,4427,0,1577,0
10/08/2023,7707,328,2341,1969,0,3032,0
10/08/2023,8258,668,4172,1892,0,1761,0
10/08/2023,8015,425,1348,1232,0,3398,0
10/08/2023,6304,471,1193,1665,0,1737,0
10/08/2023,4457,591,2615,2584,0,2007,0
10/08/2023,9341,474,1466,2354,0,831,0
11/08/2023,5868,677,1040,1272,0,1798,0
11/08/2023,6899,646,4305,3863,0,3089,0
11/08/2023,11791,484,4163,2124,0,2380,0
11/08/2023,4665,377,2229,4235,0,1507,0
11/08/2023,8938,504,2901,2492,0,2884,0
11/08/2023,6387,649,4681,2666,0,2028,0
11/08/2023,7515,338,3208,4369,0,2839,0
11/08/2023,8468,384,1425,2002,0,2210,0
11/08/2023,8877,483,2634,2047,0,2165,0
11/08/2023,4873,571,4087,1974,0,2273,0
11/08/2023,8393,463,2615,3294,0,1258,0
11/08/2023,8816,570,4587,3034,0,961,0
11/08/2023,6150,357,2401,1814,0,2503,0
11/08/2023,5625,307,4557,944,0,909,0
12/08/2023,6009,571,1794,1879,0,827,0
12/08/2023,7562,358,3596,2148,0,2082,0
12/08/2023,5593,355,1800,2489,0,1570,0
12/08/2023,6088,552,4244,3269,0,2058,0
12/08/2023,6720,549,1879,1948,0,3332,0
12/08/2023,9341,620,1560,2613,0,1589,0
12/08/2023,5600,765,1180,2820,0,3008,0
12/08/2023,8558,713,4357,3863,0,2169,0
12/08/2023,6944,282,1713,3570,0,2445,0
12/08/2023,7642,601,3330,1991,0,911,0
12/08/2023,7147,783,2114,2546,0,2133,0
12/08/2023,6189,813,3651,3732,0,1912,0
12/08/2023,6510,560,2036,1747,0,1775,0
12/08/2023,8568,455,3094,4129,0,1996,0
13/08/2023,5837,431,1606,1065,0,2544,0
13/08/2023,6625,468,2421,4284,0,2433,0
13/08/2023,11506,297,3550,2683,0,1413,0
13/08/2023,6740,745,2798,3702,0,1733,0
13/08/2023,4200,496,3266,3489,0,2547,0
13/08/2023,8711,541,2806,1665,0,2491,0
13/08/2023,11091,400,2606,2339,0,2658,0
13/08/2023,7776,293,1825,3602,0,2866,0
13/08/2023,6489,655,2842,3041,0,2151,0
13/08/2023,7226,756,3328,2154,0,2138,0
13/08/2023,5756,735,1923,1139,0,1823,0
13/08/2023,4846,491,2786,3188,0,2481,0
13/08/2023,7056,485,2429,1475,0,1325,0
14/08/2023,6556,510,3764,2098,0,3105,0
14/08/2023,6969,619,2971,2342,0,1570,0
14/08/2023,8659,517,3111,1155,0,1583,0
14/08/2023,6225,465,3071,2392,0,1368,0
14/08/2023,8182,735,3839,3618,0,2034,0
14/08/2023,6730,622,3485,2391,0,2097,0
14/08/2023,5803,542,3127,1074,0,3115,0
14/08/2023,11968,499,1907,2847,0,1333,0
14/08/2023,11014,372,1359,2270,0,3274,0
14/08/2023,5963,375,1271,3188,0,2738,0
14/08/2023,10934,493,1977,2631,0,1773,0
14/08/2023,6363,251,3190,3156,0,2927,0
14/08/2023,7437,493,1863,4154,0,2565,0
14/08/2023,8043,437,3363,4538,0,1142,0
15/08/2023,9516,520,3097,1075,0,1623,0
15/08/2023,5492,742,1425,2086,0,1130,0
15/08/2023,9888,471,884,1325,0,2904,0
15/08/2023,6215,516,2871,2425,0,1752,0
15/08/2023,6566,420,3162,2906,0,1993,0
15/08/2023,5797,313,1762,2420,0,1500,0
15/08/2023,4931,630,2788,1329,0,2962,0
15/08/2023,8002,342,2841,4443,0,1470,0
15/08/2023,6482,619,1689,4071,0,2431,0
15/08/2023,8131,667,2614,1586,0,3239,0
15/08/2023,8878,677,2769,2770,0,2438,0
15/08/2023,5767,553,2946,2620,0,1599,0
15/08/2023,10103,568,1354,3724,0,1250,0
15/08/2023,9661,570,3873,1199,0,1775,0
16/08/2023,7295,625,2712,2448,0,2107,0
16/08/2023,6503,302,1140,3960,0,1483,0
16/08/2023,7408,391,3452,1622,0,1579,0
16/08/2023,6482,735,1732,1006,0,1182,0
16/08/2023,6452,481,1559,3480,0,1523,0
16/08/2023,5772,370,2612,2555,0,2209,0
16/08/2023,9373,387,1489,3183,0,1751,0
16/08/2023,5058,382,1234,1960,0,2440,0
16/08/2023,7319,369,1524,3335,0,3043,0
16/08/2023,12172,694,1385,1501,0,3036,0
16/08/2023,6589,481,2144,4646,0,1158,0
16/08/2023,4544,594,1831,2912,0,3645,0
16/08/2023,6219,364,2359,1135,0,2128,0
16/08/2023,10570,513,3703,3014,0,2317,0
17/08/2023,8900,660,1442,1665,0,2303,0
17/08/2023,10066,593,3579,3138,0,1520,0
17/08/2023,6201,332,1883,2580,0,1128,0
17/08/2023,6802,608,3772,1088,0,2956,0
17/08/2023,10453,423,2241,1448,0,1416,0
17/08/2023,6034,556,3786,1611,0,2143,0
17/08/2023,7067,636,1494,2650,0,2612,0
17/08/2023,6827,460,4545,3352,0,1982,0
17/08/2023,10299,689,2702,4106,0,1483,0
17/08/2023,7534,270,2200,1838,0,1882,0
17/08/2023,5754,403,3168,2853,0,2514,0
17/08/2023,11289,284,3272,2155,0,1495,0
17/08/2023,8994,509,3987,3042,0,3578,0
17/08/2023,5313,340,3430,1054,0,2384,0
18/08/2023,8891,369,1599,1806,0,2343,0
18/08/2023,7336,513,3397,1346,0,2124,0
18/08/2023,9271,415,2966,1833,0,1457,0
18/08/2023,5572,530,1379,3122,0,2562,0
18/08/2023,8315,484,2941,2491,0,2099,0
18/08/2023,5482,648,957,3965,0,2838,0
18/08/2023,7087,439,1567,1373,0,1215,0
18/08/2023,12021,369,3278,1187,0,2978,0
18/08/2023,4835,511,3275,1874,0,1740,0
18/08/2023,8197,353,2739,1231,0,1526,0
18/08/2023,10263,528,2726,1279,0,2669,0
18/08/2023,8479,645,1910,1291,0,1468,0
18/08/2023,9910,283,3167,1154,0,1159,0
18/08/2023,5639,363,3375,1339,0,2572,0
19/08/2023,5841,733,1379,3383,0,1736,0
19/08/2023,7451,329,4594,1730,0,1896,0
19/08/2023,8490,541,1757,1138,0,2104,0
19/08/2023,11551,784,2043,3065,0,1143,0
19/08/2023,7226,430,3466,2014,0,1896,0
19/08/2023,7814,603,1304,3281,0,1196,0
19/08/2023,4580,628,3073,1969,0,2767,0
19/08/2023,6643,334,3513,3338,0,1057,0
19/08/2023,6483,678,2179,3853,0,1695,0
19/08/2023,7236,349,1939,3457,0,1154,0
19/08/2023,7308,526,2575,1784,0,3413,0
19/08/2023,8146,588,2069,2738,0,1768,0
19/08/2023,7103,283,4201,3067,0,1666,0
20/08/2023,6850,509,2214,1223,0,1215,0
20/08/2023,10069,488,3567,2590,0,2122,0
20/08/2023,4814,420,3212,2397,0,3063,0
20/08/2023,9921,440,3830,3244,0,2215,0
20/08/2023,4856,637,2258,3133,0,2367,0
20/08/2023,4382,621,4226,2197,0,2410,0
20/08/2023,7819,722,3237,2493,0,1034,0
20/08/2023,9082,568,1993,1198,0,1266,0
20/08/2023,5931,449,859,3377,0,2325,0
20/08/2023,7224,590,2219,2276,0,2113,0
20/08/2023,5744,434,2305,1402,0,3250,0
20/08/2023,8914,447,1206,3634,0,1572,0
20/08/2023,10141,634,3271,1597,0,2088,0
21/08/2023,7816,429,2569,2630,0,3162,0
21/08/2023,7468,677,3104,3086,0,1490,0
21/08/2023,5733,504,1964,924,0,972,0
21/08/2023,6196,741,1550,2654,0,1564,0
21/08/2023,5036,674,2647,1904,0,2417,0
21/08/2023,8245,365,1295,2629,0,1375,0
21/08/2023,5738,456,3234,4244,0,1466,0
21/08/2023,8265,465,3473,3563,0,1660,0
21/08/2023,7867,303,869,3011,0,1190,0
21/08/2023,6775,717,3694,3306,0,2585,0
21/08/2023,9005,479,3617,3269,0,3239,0
21/08/2023,8065,365,2773,4653,0,2059,0
21/08/2023,6210,759,2326,4097,0,1270,0
21/08/2023,5573,243,1523,2641,0,2242,0
22/08/2023,7701,500,4023,1182,0,1534,0
22/08/2023,8493,579,2126,1106,0,3075,0
22/08/2023,6565,632,2173,2000,0,3265,0
22/08/2023,7540,591,1648,4000,0,1061,0
22/08/2023,8192,452,2746,1125,0,995,0
22/08/2023,5152,503,785,1915,0,1973,0
22/08/2023,7551,363,3227,3327,0,2303,0
22/08/2023,7930,627,1457,1418,0,2320,0
22/08/2023,8511,441,2671,2460,0,1233,0
22/08/2023,5436,662,1818,1340,0,1430,0
22/08/2023,6712,544,2875,4779,0,2805,0
22/08/2023,7854,342,3283,1577,0,1260,0
22/08/2023,8571,500,2410,2823,0,1435,0
22/08/2023,10646,479,3206,2023,0,1250,0
23/08/2023,6917,376,1099,2492,0,1992,0
23/08/2023,5175,476,1909,1145,0,2179,0
23/08/2023,7710,786,4504,2702,0,1787,0
23/08/2023,7574,535,3846,4192,0,1961,0
23/08/2023,7739,823,1508,3227,0,2373,0
23/08/2023,6213,529,3654,2182,0,1149,0
23/08/2023,5920,442,3444,2550,0,2673,0
23/08/2023,7946,442,3681,2038,0,1335,0
23/08/2023,10069,567,2589,1575,0,2536,0
23/08/2023,7076,512,1003,2276,0,1848,0
23/08/2023,6238,804,1367,2718,0,1650,0
23/08/2023,5437,587,4090,1305,0,1141,0
23/08/2023,10441,643,3581,1612,0,1726,0
23/08/2023,4932,492,1783,3633,0,1390,0
24/08/2023,9982,514,2530,2756,0,1360,0
24/08/2023,7113,398,3405,1296,0,3149,0
24/08/2023,7403,729,3336,3075,0,1314,0
24/08/2023,5270,423,2771,1727,0,2536,0
24/08/2023,11134,340,1140,3184,0,2085,0
24/08/2023,8142,680,2005,2507,0,1769,0
24/08/2023,9789,691,3222,1030,0,2372,0
24/08/2023,6783,432,2912,1644,0,1113,0
24/08/2023,5223,439,1553,1452,0,1393,0
24/08/2023,5950,470,1764,3489,0,1027,0
24/08/2023,5325,596,2069,4028,0,1736,0
24/08/2023,6347,576,3070,3687,0,1273,0
24/08/2023,6368,377,2258,3516,0,1699,0
24/08/2023,5784,230,1065,923,0,1039,0
25/08/2023,8718,283,3723,2136,0,1379,0
25/08/2023,6695,568,1693,1473,0,2011,0
25/08/2023,6286,440,2358,1840,0,2292,0
25/08/2023,9059,407,1149,3436,0,2585,0
25/08/2023,8911,701,3162,1213,0,1041,0
25/08/2023,4229,368,3387,3823,0,1585,0
25/08/2023,9017,364,1628,1679,0,2214,0
25/08/2023,4729,398,2194,1501,0,2393,0
25/08/2023,3968,508,3176,4164,0,3441,0
25/08/2023,8587,354,1567,4457,0,933,0
25/08/2023,5309,488,1359,2554,0,1780,0
25/08/2023,4418,548,3705,4068,0,1210,0
25/08/2023,8271,370,2890,2812,0,1954,0
25/08/2023,5412,260,3464,1602,0,2452,0
26/08/2023,5748,383,4147,2526,0,2305,0
26/08/2023,4442,371,2286,1018,0,2425,0
26/08/2023,7181,741,3018,983,0,1001,0
26/08/2023,9668,493,2202,3855,0,2732,0
26/08/2023,9675,422,2002,1819,0,1174,0
26/08/2023,6469,542,1506,4648,0,3044,0
26/08/2023,5055,551,2504,1470,0,2038,0
26/08/2023,5150,374,3674,1052,0,3247,0
26/08/2023,7878,347,4025,2927,0,3276,0
26/08/2023,8468,555,1094,2316,0,2473,0
26/08/2023,7810,328,2754,1844,0,1400,0
26/08/2023,5622,432,1736,818,0,1075,0
26/08/2023,5093,517,3125,3378,0,1289,0
26/08/2023,8436,430,1257,3687,0,1271,0
27/08/2023,7460,689,1665,2287,0,1111,0
27/08/2023,5822,411,2810,3365,0,1661,0
27/08/2023,11462,690,2287,1731,0,1116,0
27/08/2023,5301,584,2576,2449,0,1442,0
27/08/2023,7034,338,1318,901,0,2067,0
27/08/2023,7516,826,1800,3237,0,1111,0
27/08/2023,7425,404,1483,932,0,1199,0
27/08/2023,9765,564,981,1780,0,1130,0
27/08/2023,7830,431,2547,1417,0,1067,0
27/08/2023,5670,507,2293,2855,0,1223,0
27/08/2023,8014,334,2414,3159,0,2176,0
27/08/2023,7588,549,1902,1740,0,1772,0
28/08/2023,9099,247,3892,1459,0,2073,0
28/08/2023,7060,648,2831,2903,0,1601,0
28/08/2023,4579,753,3470,3174,0,1238,0
28/08/2023,8978,377,2779,1551,0,2051,0
28/08/2023,7468,386,3265,2926,0,3329,0
28/08/2023,8986,803,3706,4348,0,1641,0
28/08/2023,7869,319,3469,2604,0,2612,0
28/08/2023,8162,720,2451,2721,0,2113,0
28/08/2023,7074,530,4136,3224,0,1286,0
28/08/2023,9127,630,1577,3099,0,1941,0
28/08/2023,5407,361,3994,2747,0,1762,0
28/08/2023,9313,691,2657,1777,0,1740,0
28/08/2023,10264,550,1154,2452,0,961,0
29/08/2023,4582,742,1967,2189,0,2391,0
29/08/2023,6037,263,1601,2923,0,2766,0
29/08/2023,9118,586,4397,2275,0,3197,0
29/08/2023,7121,415,1277,1973,0,1648,0
29/08/2023,7643,316,2708,2146,0,2855,0
29/08/2023,8625,338,1952,1939,0,2300,0
29/08/2023,6168,508,3600,3918,0,1833,0
29/08/2023,5892,458,3536,4042,0,2537,0
29/08/2023,7517,603,3360,3794,0,765,0
29/08/2023,8583,481,2815,2354,0,2855,0
29/08/2023,10970,678,995,2475,0,1550,0
29/08/2023,11126,762,1617,4396,0,953,0
29/08/2023,5083,332,1728,1619,0,1761,0
30/08/2023,7717,378,1435,2789,0,2929,0
30/08/2023,8177,383,3828,4074,0,2118,0
30/08/2023,10298,340,2485,1773,0,1464,0
30/08/2023,6278,445,2577,3422,0,1106,0
30/08/2023,8192,826,4792,3717,0,3154,0
30/08/2023,11819,407,3524,3717,0,1733,0
30/08/2023,6381,575,1332,1661,0,985,0
30/08/2023,8881,340,3205,3413,0,1571,0
30/08/2023,7491,693,2031,1731,0,2848,0
30/08/2023,6358,607,4335,2247,0,1844,0
30/08/2023,6576,724,1694,2110,0,2696,0
30/08/2023,9750,391,2680,1672,0,1252,0
30/08/2023,5669,560,3105,2343,0,2365,0
30/08/2023,7483,423,3777,3564,0,1978,0
31/08/2023,6624,728,1615,1330,0,1704,0
31/08/2023,5976,436,3281,1441,0,1547,0
31/08/2023,7606,545,2085,2186,0,3180,0
31/08/2023,9491,778,2359,2413,0,2563,0
31/08/2023,6604,367,4616,3020,0,1725,0
31/08/2023,9279,466,1433,1911,0,1963,0
31/08/2023,8564,435,3208,3016,0,2320,0
31/08/2023,10181,513,1158,2969,0,2661,0
31/08/2023,7917,398,2445,2273,0,2628,0
31/08/2023,10413,394,1459,4150,0,1699,0
31/08/2023,7747,272,1527,2817,0,2188,0
31/08/2023,4919,393,2836,2233,0,2279,0
31/08/2023,6393,408,1115,1356,0,2218,0
31/08/2023,8296,659,1468,2026,0,1956,0
01/09/2023,5057,669,1559,1457,0,2274,0
01/09/2023,6146,343,1720,1618,0,2413,0
01/09/2023,9650,647,3388,1319,0,2101,0
01/09/2023,6833,413,2529,4566,0,2628,0
01/09/2023,6272,390,2681,1710,0,963,0
01/09/2023,7679,710,1940,2670,0,1502,0
01/09/2023,10148,367,2258,2335,0,1987,0
01/09/2023,8444,516,2276,3461,0,2186,0
01/09/2023,7477,835,1930,913,0,2415,0
01/09/2023,10585,748,1922,1197,0,1931,0
01/09/2023,6152,311,1680,2506,0,2584,0
01/09/2023,6837,604,1747,2151,0,2182,0
01/09/2023,5938,644,2549,3136,0,2507,0
01/09/2023,8044,764,4283,2776,0,2589,0
02/09/2023,6714,391,1834,2365,0,2048,0
02/09/2023,7984,483,1171,1860,0,1916,0
02/09/2023,5650,425,3338,1816,0,2918,0
02/09/2023,7500,499,1978,3774,0,2959,0
02/09/2023,7060,736,3049,3942,0,3124,0
02/09/2023,7214,315,1465,4006,0,3015,0
02/09/2023,8737,814,2964,2308,0,2087,0
02/09/2023,7367,479,3092,1308,0,2754,0
02/09/2023,6625,658,3775,2810,0,1870,0
02/09/2023,7518,617,3904,4025,0,2443,0
02/09/2023,9369,697,1498,3551,0,1430,0
02/09/2023,8102,431,1528,3788,0,1654,0
02/09/2023,7093,428,4041,1361,0,3121,0
03/09/2023,6811,330,2865,3432,0,1656,0
03/09/2023,10329,367,2207,3981,0,1131,0
03/09/2023,9336,556,1370,2707,0,1176,0
03/09/2023,8561,249,2080,3096,0,2371,0
03/09/2023,6831,385,2821,2398,0,2111,0
03/09/2023,9383,692,1773,3296,0,3036,0
03/09/2023,6421,438,2808,2306,0,2892,0
03/09/2023,6075,534,3567,2024,0,2722,0
03/09/2023,10622,610,2313,2814,0,1989,0
03/09/2023,6653,594,1664,3385,0,1864,0
03/09/2023,9028,363,2709,2124,0,950,0
03/09/2023,7233,602,2525,1378,0,2984,0
04/09/2023,8726,477,3620,4248,0,1561,0
04/09/2023,8470,328,3392,1278,0,2844,0
04/09/2023,5027,713,1372,3435,0,2701,0
04/09/2023,7701,274,1830,3916,0,1493,0
04/09/2023,9240,656,1695,2196,0,2607,0
04/09/2023,6569,515,2368,1885,0,1316,0
04/09/2023,7260,671,1552,3886,0,2943,0
04/09/2023,7530,421,1858,1312,0,1397,0
04/09/2023,6385,619,2688,1609,0,2829,0
04/09/2023,9019,435,3679,2497,0,3144,0
04/09/2023,9797,492,2067,2101,0,3047,0
04/09/2023,10449,439,2667,3308,0,928,0
04/09/2023,6892,470,3340,2416,0,1913,0
04/09/2023,6674,469,1366,2507,0,1879,0
05/09/2023,10390,416,3811,1638,0,1935,0
05/09/2023,10315,632,1798,1263,0,2889,0
05/09/2023,6873,637,1789,3533,0,3259,0
05/09/2023,6972,514,1687,2887,0,3046,0
05/09/2023,5079,512,2532,2005,0,1731,0
05/09/2023,4472,380,1210,4050,0,3262,0
05/09/2023,5529,326,2098,3426,0,1911,0
05/09/2023,7391,484,2754,3033,0,1159,0
05/09/2023,6403,594,1307,3370,0,2822,0
05/09/2023,6298,463,3443,4029,0,1557,0
05/09/2023,8658,294,1367,1321,0,1128,0
05/09/2023,6491,467,2550,2946,0,1213,0
05/09/2023,10469,434,1005,2113,0,1880,0
06/09/2023,7999,421,1298,1362,0,2579,0
06/09/2023,10524,492,3128,3804,0,2236,0
06/09/2023,6312,346,2328,2361,0,2617,0
06/09/2023,8277,374,2264,2265,0,2655,0
06/09/2023,4455,553,1982,3335,0,1513,0
06/09/2023,9506,552,1813,3984,0,1423,0
06/09/2023,8770,654,2288,1256,0,1273,0
06/09/2023,8729,631,2927,2221,0,1733,0
06/09/2023,4648,722,4511,3749,0,1811,0
06/09/2023,7550,465,921,3711,0,1985,0
06/09/2023,9451,591,1746,1944,0,1862,0
06/09/2023,10229,342,1809,2038,0,1830,0
06/09/2023,8590,541,1755,3434,0,1767,0
07/09/2023,5797,334,1259,2476,0,1883,0
07/09/2023,10195,570,1756,4203,0,2469,0
07/09/2023,6584,639,1937,1287,0,2050,0
07/09/2023,10573,525,2281,3287,0,2255,0
07/09/2023,6681,370,4220,3635,0,876,0
07/09/2023,8614,361,4439,3110,0,3325,0
07/09/2023,8523,702,2562,4819,0,3283,0
07/09/2023,5961,493,1175,4490,0,2215,0
07/09/2023,9896,549,2521,1447,0,3071,0
07/09/2023,5132,829,1241,3797,0,1286,0
07/09/2023,7993,756,4144,2020,0,1418,0
07/09/2023,5974,739,3435,3364,0,2663,0
07/09/2023,5321,376,2206,3726,0,852,0
08/09/2023,6392,338,1490,1545,0,1347,0
08/09/2023,5862,505,1318,1952,0,2541,0
08/09/2023,10032,267,1463,4750,0,2332,0
08/09/2023,8105,381,3462,3022,0,2582,0
08/09/2023,5658,389,2646,2780,0,2460,0
08/09/2023,8030,438,1573,1702,0,1294,0
08/09/2023,4224,350,2823,3377,0,1311,0
08/09/2023,7517,324,1772,2207,0,2927,0
08/09/2023,9475,672,3011,2535,0,1401,0
08/09/2023,6252,312,2651,4396,0,1557,0
08/09/2023,7017,443,1210,1841,0,1566,0
08/09/2023,7010,405,2406,2056,0,1581,0
08/09/2023,6610,331,2128,1551,0,2449,0
08/09/2023,6964,393,2601,1262,0,1383,0
09/09/2023,4103,755,3184,2372,0,2076,0
09/09/2023,5626,355,3383,2934,0,1514,0
09/09/2023,7053,390,2823,2752,0,1610,0
09/09/2023,10812,671,1967,2201,0,1256,0
09/09/2023,10477,359,1439,1585,0,1904,0
09/09/2023,10278,385,2882,1539,0,2896,0
09/09/2023,9651,401,1264,3384,0,2627,0
09/09/2023,10417,378,3087,3306,0,1200,0
09/09/2023,9181,279,3987,2425,0,1835,0
09/09/2023,9877,278,2410,3770,0,3028,0
09/09/2023,4821,809,1583,999,0,1423,0
09/09/2023,8206,585,4370,2661,0,1840,0
09/09/2023,8996,368,1031,3885,0,2610,0
10/09/2023,8388,412,2575,2071,0,3106,0
10/09/2023,6587,810,3072,1329,0,2718,0
10/09/2023,8618,751,4243,1880,0,2410,0
10/09/2023,5262,479,1494,1618,0,985,0
10/09/2023,4788,433,2417,1251,0,1080,0
10/09/2023,6615,513,3049,2553,0,1342,0
10/09/2023,6194,560,2576,1905,0,3537,0
10/09/2023,9373,484,2416,1217,0,2194,0
10/09/2023,6204,575,3012,3122,0,1834,0
10/09/2023,9963,564,1758,795,0,1687,0
10/09/2023,8765,681,2207,2646,0,2113,0
10/09/2023,6514,319,1073,2556,0,2496,0
10/09/2023,8745,400,2480,1614,0,2507,0
11/09/2023,7124,618,1214,1312,0,1516,0
11/09/2023,4445,532,2624,1357,0,2399,0
11/09/2023,8691,641,1562,4496,0,1192,0
11/09/2023,5184,554,2867,1392,0,2102,0
11/09/2023,4769,379,2503,1383,0,2510,0
11/09/2023,4941,513,3219,1811,0,1279,0
11/09/2023,4352,294,3208,2070,0,1174,0
11/09/2023,6520,370,1086,3852,0,2247,0
11/09/2023,5043,487,2745,3067,0,1467,0
11/09/2023,10252,727,1109,2241,0,3152,0
11/09/2023,8244,629,3615,3458,0,1535,0
11/09/2023,8783,481,2813,1971,0,3549,0
11/09/2023,8621,534,2105,1789,0,2083,0
11/09/2023,7080,747,2168,1061,0,2514,0
12/09/2023,5400,719,1894,2942,0,2901,0
12/09/2023,5841,517,1421,4391,0,1524,0
12/09/2023,10417,308,2842,3906,0,1169,0
12/09/2023,5571,672,3852,1662,0,2431,0
12/09/2023,10084,516,1762,1304,0,2435,0
12/09/2023,9362,640,1920,2311,0,1294,0
12/09/2023,9897,687,1489,1532,0,2499,0
12/09/2023,7624,580,4328,2095,0,1728,0
12/09/2023,8324,344,2911,2516,0,888,0
12/09/2023,4741,508,4212,2928,0,1340,0
12/09/2023,8852,330,3098,2373,0,2600,0
12/09/2023,6590,495,1822,2084,0,1223,0
12/09/2023,7890,406,2189,1712,0,1481,0
12/09/2023,5888,386,1439,3001,0,1624,0
12/09/2023,6323,342,3505,3345,0,2766,0
13/09/2023,8786,340,1216,2902,0,2037,0
13/09/2023,6132,358,973,2972,0,1759,0
13/09/2023,7400,312,2630,1549,0,3366,0
13/09/2023,8636,558,1732,1675,0,2012,0
13/09/2023,6867,528,3692,2622,0,990,0
13/09/2023,8440,324,1442,4418,0,2367,0
13/09/2023,9224,323,3273,2346,0,2861,0
13/09/2023,11924,715,2622,2559,0,2936,0
13/09/2023,7859,398,4215,1985,0,1983,0
13/09/2023,6260,279,2273,1158,0,1767,0
13/09/2023,9265,827,1993,1453,0,1862,0
13/09/2023,7509,399,1204,1504,0,1917,0
13/09/2023,4630,508,3602,2108,0,1942,0
13/09/2023,10300,280,2917,1919,0,896,0
13/09/2023,9723,426,1676,2224,0,1553,0
14/09/2023,8410,407,2270,1121,0,1770,0
14/09/2023,7285,302,3008,2345,0,1193,0
14/09/2023,7489,596,4002,1780,0,1106,0
14/09/2023,9620,628,2384,2052,0,2713,0
14/09/2023,9466,382,2274,2899,0,2159,0
14/09/2023,5431,320,2777,1864,0,2280,0
14/09/2023,6132,422,1809,1217,0,2865,0
14/09/2023,8322,439,3196,2197,0,2862,0
14/09/2023,5865,509,2765,2671,0,2231,0
14/09/2023,7276,763,2787,4057,0,2831,0
14/09/2023,4847,273,1546,1983,0,1700,0
14/09/2023,5313,620,4424,2700,0,2619,0
14/09/2023,4472,486,2370,3518,0,1268,0
14/09/2023,6302,300,3468,1584,0,2393,0
14/09/2023,5561,234,4628,2763,0,1690,0
15/09/2023,7186,398,2100,2257,0,1982,0
15/09/2023,9116,626,2648,3689,0,1679,0
15/09/2023,5539,727,3977,1909,0,3474,0
15/09/2023,5058,394,1624,1985,0,2143,0
15/09/2023,8058,620,2519,2421,0,3597,0
15/09/2023,8704,778,3022,2351,0,1836,0
15/09/2023,8232,348,2834,2332,0,2245,0
15/09/2023,8965,510,1352,4173,0,2460,0
15/09/2023,8806,410,2879,4318,0,1170,0
15/09/2023,5811,453,2608,842,0,1472,0
15/09/2023,4875,432,3296,1628,0,2235,0
15/09/2023,7091,351,1847,3331,0,2332,0
15/09/2023,11272,474,2319,2640,0,2123,0
15/09/2023,11057,498,3954,2308,0,1059,0
15/09/2023,7994,638,1471,2081,0,2358,0
16/09/2023,6947,256,2588,1777,0,2690,0
16/09/2023,4400,480,2460,2264,0,1047,0
16/09/2023,5810,726,3792,1614,0,2283,0
16/09/2023,6646,516,1390,2576,0,2112,0
16/09/2023,9394,834,2333,1583,0,1978,0
16/09/2023,6576,631,2903,2338,0,2159,0
16/09/2023,5354,490,3241,1592,0,2834,0
16/09/2023,6553,381,3089,2710,0,1133,0
16/09/2023,6378,405,2092,1241,0,1453,0
16/09/2023,5015,668,2087,3106,0,2229,0
16/09/2023,7926,357,4251,2383,0,1810,0
16/09/2023,4991,386,3256,2494,0,1264,0
16/09/2023,6806,710,3025,1020,0,2769,0
17/09/2023,6116,394,4213,3760,0,2545,0
17/09/2023,6832,329,1417,3517,0,1570,0
17/09/2023,6342,442,1997,1253,0,2330,0
17/09/2023,6777,475,2578,1385,0,1944,0
17/09/2023,8545,515,2128,3625,0,2009,0
17/09/2023,6789,488,3105,3048,0,2378,0
17/09/2023,6312,319,1791,2900,0,1804,0
17/09/2023,4818,707,1690,2864,0,887,0
17/09/2023,9051,406,2007,1059,0,1802,0
17/09/2023,8572,724,3518,2871,0,1557,0
17/09/2023,5344,592,1963,1256,0,2070,0
17/09/2023,5867,265,4065,1156,0,2549,0
17/09/2023,7997,436,2663,4142,0,989,0
18/09/2023,6560,369,4875,3054,0,1180,0
18/09/2023,11794,625,3880,2566,0,3352,0
18/09/2023,11637,432,2408,4342,0,2046,0
18/09/2023,4072,283,4243,1781,0,989,0
18/09/2023,6750,307,2688,2411,0,2125,0
18/09/2023,7895,623,2685,1650,0,2076,0
18/09/2023,8448,577,2318,2430,0,1523,0
18/09/2023,11566,537,1943,1171,0,2670,0
18/09/2023,5153,465,3214,3826,0,1654,0
18/09/2023,6196,374,2081,3929,0,1350,0
18/09/2023,6015,665,3744,2276,0,1638,0
18/09/2023,7302,463,2598,1194,0,2530,0
18/09/2023,9708,636,2182,2575,0,2482,0
19/09/2023,8662,312,1627,3506,0,984,0
19/09/2023,7136,366,2677,2730,0,2560,0
19/09/2023,8151,458,2150,987,0,2704,0
19/09/2023,6396,520,1371,3090,0,2997,0
19/09/2023,5741,358,3934,1391,0,2943,0
19/09/2023,8124,436,3973,3406,0,2356,0
19/09/2023,8048,768,2072,2092,0,1315,0
19/09/2023,9242,643,2751,1297,0,3369,0
19/09/2023,7636,379,2383,1384,0,2559,0
19/09/2023,5446,753,2733,4394,0,2028,0
19/09/2023,6065,475,900,1799,0,1898,0
19/09/2023,6616,477,1688,2038,0,1868,0
19/09/2023,9098,503,1519,2167,0,2080,0
20/09/2023,9848,468,1782,3694,0,2546,0
20/09/2023,7788,411,830,4603,0,2390,0
20/09/2023,6331,736,3948,1323,0,3048,0
20/09/2023,8941,598,2980,3141,0,3411,0
20/09/2023,9183,536,1367,1324,0,1064,0
20/09/2023,6163,394,919,3570,0,2048,0
20/09/2023,7498,629,1635,4013,0,2402,0
20/09/2023,7843,240,1791,1244,0,1880,0
20/09/2023,4816,332,2247,2044,0,1148,0
20/09/2023,9431,388,2459,2875,0,1636,0
20/09/2023,7621,551,2621,2605,0,2340,0
20/09/2023,7277,654,2664,1416,0,1433,0
20/09/2023,7265,548,3893,2551,0,2516,0
21/09/2023,7166,555,3781,1865,0,2411,0
21/09/2023,5796,785,2876,1290,0,2107,0
21/09/2023,4788,617,3714,1484,0,990,0
21/09/2023,7887,399,3884,4531,0,1954,0
21/09/2023,6990,507,1793,2217,0,1522,0
21/09/2023,8019,644,1993,1879,0,2334,0
21/09/2023,8917,644,1630,2265,0,926,0
21/09/2023,6031,424,3786,1692,0,2225,0
21/09/2023,4253,372,2850,2076,0,2449,0
21/09/2023,11599,391,3871,774,0,2940,0
21/09/2023,9056,640,2902,1216,0,2339,0
21/09/2023,6869,434,4145,3288,0,3015,0
21/09/2023,9570,596,2292,1437,0,3143,0
22/09/2023,9707,342,1201,3906,0,1980,0
22/09/2023,9248,531,3948,1318,0,2823,0
22/09/2023,4912,369,1358,1459,0,1402,0
22/09/2023,7964,690,1996,4083,0,1205,0
22/09/2023,8594,438,2068,3039,0,1614,0
22/09/2023,7144,667,890,2083,0,1910,0
22/09/2023,7541,606,3655,3130,0,1462,0
22/09/2023,9180,358,3323,3826,0,1744,0
22/09/2023,9686,333,3162,1867,0,1372,0
22/09/2023,7808,743,2072,2395,0,2398,0
22/09/2023,7104,470,2490,3266,0,2406,0
22/09/2023,11276,601,2590,1683,0,1896,0
22/09/2023,8240,389,2131,3670,0,1788,0
23/09/2023,6347,341,1676,2247,0,1689,0
23/09/2023,7551,721,1823,4169,0,1999,0
23/09/2023,10581,436,2197,1562,0,1499,0
23/09/2023,7961,673,2790,3445,0,1521,0
23/09/2023,9253,358,2999,1711,0,1574,0
23/09/2023,6480,545,3594,1154,0,1117,0
23/09/2023,5515,575,1724,4294,0,1562,0
23/09/2023,8692,660,1730,1876,0,819,0
23/09/2023,6339,585,2979,3497,0,3557,0
23/09/2023,7329,507,2059,1238,0,1921,0
23/09/2023,9397,279,1501,1820,0,2673,0
23/09/2023,5846,680,2801,987,0,1959,0
23/09/2023,7987,498,1904,2739,0,2905,0
24/09/2023,6130,466,1788,2433,0,1257,0
24/09/2023,8131,291,4354,2265,0,2383,0
24/09/2023,7293,489,2800,1792,0,1766,0
24/09/2023,9100,494,3152,1155,0,1567,0
24/09/2023,5521,593,3778,1819,0,1174,0
24/09/2023,6770,585,2449,1593,0,1512,0
24/09/2023,9577,542,2684,2180,0,2251,0
24/09/2023,9152,520,2745,2970,0,2359,0
24/09/2023,9057,615,1704,2997,0,1686,0
24/09/2023,6682,667,3262,1518,0,2441,0
24/09/2023,6536,335,1125,2901,0,1248,0
24/09/2023,7594,658,3048,2183,0,1533,0
25/09/2023,10553,310,1164,1744,0,1911,0
25/09/2023,6198,474,2552,1998,0,2116,0
25/09/2023,5540,586,2181,1623,0,1388,0
25/09/2023,5166,727,2375,1941,0,980,0
25/09/2023,6757,399,2517,3037,0,2475,0
25/09/2023,8615,376,1404,3714,0,2278,0
25/09/2023,9452,417,2555,1771,0,1795,0
25/09/2023,6647,525,2973,2822,0,2405,0
25/09/2023,6661,569,1723,4841,0,2827,0
25/09/2023,6985,644,1682,2342,0,3100,0
25/09/2023,6622,422,1789,2243,0,1909,0
25/09/2023,7382,716,2349,4181,0,3401,0
26/09/2023,6558,327,2797,1095,0,1761,0
26/09/2023,10965,402,2635,2268,0,2276,0
26/09/2023,6273,357,3416,1230,0,3289,0
26/09/2023,8212,393,3211,2416,0,1553,0
26/09/2023,6813,399,1829,1328,0,2928,0
26/09/2023,5652,340,1335,1523,0,1255,0
26/09/2023,5963,464,1806,3121,0,1916,0
26/09/2023,9178,565,2822,1127,0,2308,0
26/09/2023,8459,491,1154,2676,0,1411,0
26/09/2023,8444,542,1986,2858,0,2649,0
26/09/2023,6201,300,2524,1491,0,2914,0
26/09/2023,8979,367,4033,1379,0,2561,0
26/09/2023,8949,805,1518,2501,0,2301,0
27/09/2023,5066,316,1730,2162,0,2643,0
27/09/2023,7624,565,1807,849,0,1257,0
27/09/2023,5810,552,1617,1754,0,2375,0
27/09/2023,7871,430,1766,2248,0,2518,0
27/09/2023,5261,346,2322,840,0,2167,0
27/09/2023,8201,333,1022,2276,0,2096,0
27/09/2023,6034,380,2088,3631,0,1526,0
27/09/2023,10820,539,3023,2689,0,1188,0
27/09/2023,8008,339,3955,2104,0,980,0
27/09/2023,7989,645,4869,2028,0,1270,0
27/09/2023,8426,251,2610,3953,0,1485,0
27/09/2023,10919,524,2132,3281,0,3008,0
27/09/2023,7182,425,1261,2589,0,1611,0
28/09/2023,5037,608,3435,935,0,2702,0
28/09/2023,8987,489,2638,2570,0,1826,0
28/09/2023,7286,655,4570,3100,0,2769,0
28/09/2023,4780,561,2558,2187,0,2125,0
28/09/2023,5083,489,2221,4358,0,1633,0
28/09/2023,4954,613,3717,1921,0,1844,0
28/09/2023,8715,555,1792,2968,0,1179,0
28/09/2023,6065,399,2619,1946,0,3016,0
28/09/2023,7958,443,2054,3124,0,2617,0
28/09/2023,5127,655,1361,3252,0,2361,0
28/09/2023,10751,691,3940,1492,0,942,0
28/09/2023,8677,352,2027,3214,0,1912,0
28/09/2023,10154,409,2986,3486,0,1111,0
29/09/2023,11799,399,1089,2938,0,2733,0
29/09/2023,5079,460,4243,2408,0,1586,0
29/09/2023,6766,424,1479,1771,0,2120,0
29/09/2023,3868,405,2701,3964,0,1842,0
29/09/2023,11187,725,2481,1367,0,1010,0
29/09/2023,6247,719,3633,3905,0,2024,0
29/09/2023,5245,379,1965,2940,0,3546,0
29/09/2023,5219,592,1400,3876,0,1531,0
29/09/2023,8826,471,1178,2860,0,1965,0
29/09/2023,7617,485,4678,2196,0,2702,0
29/09/2023,9538,427,1634,2033,0,2362,0
29/09/2023,9745,424,1734,3668,0,2146,0
29/09/2023,7301,421,3196,4569,0,2679,0
29/09/2023,5396,562,1881,4065,0,2380,0
30/09/2023,8118,365,2745,3620,0,1216,0
30/09/2023,6425,353,1530,1447,0,2561,0
30/09/2023,7214,467,3040,1443,0,2107,0
30/09/2023,8937,628,2158,3620,0,2248,0
30/09/2023,4685,383,2334,2916,0,2135,0
30/09/2023,7341,369,1351,3855,0,1118,0
30/09/2023,7470,713,1860,2558,0,1944,0
30/09/2023,8498,488,1277,2522,0,2121,0
30/09/2023,5300,546,889,2894,0,3475,0
30/09/2023,7294,386,1897,2615,0,2852,0
30/09/2023,6318,567,2535,1490,0,2236,0
30/09/2023,8174,651,2567,1257,0,2178,0
01/10/2023,9951,724,3739,3424,0,3400,0
01/10/2023,7027,418,1438,3393,0,1197,0
01/10/2023,9798,349,3188,3009,0,1472,0
01/10/2023,6255,412,1204,1254,0,2081,0
01/10/2023,7242,455,2977,3696,0,1403,0
01/10/2023,5988,314,3149,2829,0,1809,0
01/10/2023,6469,365,2961,1989,0,2000,0
01/10/2023,10760,452,2537,3029,0,1312,0
01/10/2023,5359,610,1710,1158,0,1097,0
01/10/2023,9986,654,2093,2592,0,1323,0
01/10/2023,8023,620,1310,4016,0,1541,0
01/10/2023,10494,296,3984,2742,0,1161,0
02/10/2023,8304,783,3697,2577,0,3083,0
02/10/2023,6439,430,1698,1634,0,1361,0
02/10/2023,4043,787,1461,1244,0,3144,0
02/10/2023,7893,322,1598,956,0,2665,0
02/10/2023,6074,530,3618,1159,0,2565,0
02/10/2023,4923,618,3019,1637,0,2844,0
02/10/2023,7436,585,3871,3209,0,3099,0
02/10/2023,6890,553,1565,3282,0,1656,0
02/10/2023,7489,637,1797,2035,0,1172,0
02/10/2023,5530,422,1089,3400,0,1933,0
02/10/2023,6410,580,2152,1108,0,2699,0
02/10/2023,6374,428,1552,1936,0,2607,0
03/10/2023,7880,420,1278,4261,0,2073,0
03/10/2023,5503,544,1382,1415,0,2777,0
03/10/2023,10438,669,2018,1646,0,1723,0
03/10/2023,8113,608,3335,4826,0,1414,0
03/10/2023,6480,533,3326,3051,0,1273,0
03/10/2023,8954,733,3097,2988,0,2905,0
03/10/2023,6145,538,1845,769,0,1467,0
03/10/2023,6332,465,3225,1256,0,1130,0
03/10/2023,5452,374,1038,3155,0,2350,0
03/10/2023,5407,449,2107,1409,0,1092,0
03/10/2023,8160,465,1908,1051,0,1505,0
03/10/2023,7130,653,3984,2398,0,2573,0
04/10/2023,10145,319,2145,2764,0,2410,0
04/10/2023,8457,607,3821,1231,0,1969,0
04/10/2023,9062,661,1866,2440,0,1885,0
04/10/2023,9452,669,3615,2770,0,1395,0
04/10/2023,12158,691,3142,1928,0,2483,0
04/10/2023,7840,405,2223,1527,0,2675,0
04/10/2023,7078,511,1044,2360,0,3360,0
04/10/2023,7508,334,3296,1509,0,3217,0
04/10/2023,7753,504,966,1608,0,956,0
04/10/2023,7144,449,2197,1988,0,2637,0
04/10/2023,7682,420,1713,2348,0,2761,0
04/10/2023,4711,329,1494,2847,0,1673,0
04/10/2023,8502,416,2471,2127,0,1401,0
05/10/2023,7102,409,2687,4017,0,2301,0
05/10/2023,7867,311,3894,2094,0,1295,0
05/10/2023,7177,432,1626,2594,0,1986,0
05/10/2023,8610,411,1301,2047,0,2609,0
05/10/2023,7960,538,1158,1092,0,3393,0
05/10/2023,9123,564,2741,2947,0,1559,0
05/10/2023,6283,608,3205,2203,0,1635,0
05/10/2023,6679,651,2867,2868,0,1437,0
05/10/2023,7541,542,1355,1778,0,2783,0
05/10/2023,8948,841,2130,2933,0,2150,0
05/10/2023,6217,281,3083,1265,0,1643,0
05/10/2023,4945,413,2714,2111,0,2996,0
05/10/2023,5888,431,4724,987,0,1338,0
06/10/2023,6837,590,1420,2041,0,2372,0
06/10/2023,8470,428,3180,1240,0,2085,0
06/10/2023,7711,421,1437,2804,0,2001,0
06/10/2023,6510,493,1259,2478,0,2825,0
06/10/2023,8658,410,3079,2705,0,2781,0
06/10/2023,6957,435,3152,2078,0,1361,0
06/10/2023,7899,795,2359,1407,0,1383,0
06/10/2023,7038,523,3616,3852,0,2095,0
06/10/2023,7337,799,3607,1455,0,1770,0
06/10/2023,7898,450,2514,3081,0,1903,0
06/10/2023,5760,679,3371,955,0,2797,0
06/10/2023,4111,700,1556,2352,0,1352,0
06/10/2023,6356,557,1188,1121,0,3292,0
07/10/2023,6700,458,753,3779,0,1356,0
07/10/2023,8022,566,2769,1582,0,1226,0
07/10/2023,9421,369,2314,1818,0,1664,0
07/10/2023,7511,495,1199,2580,0,2176,0
07/10/2023,8662,515,1654,2547,0,2515,0
07/10/2023,7463,727,2465,1247,0,2263,0
07/10/2023,4979,421,4523,1998,0,1537,0
07/10/2023,10517,467,4032,3143,0,3258,0
07/10/2023,11974,315,2492,2414,0,1282,0
07/10/2023,8296,578,2345,2866,0,1373,0
07/10/2023,4402,266,4371,2888,0,2234,0
07/10/2023,5206,584,2082,2697,0,2386,0
07/10/2023,7884,634,1011,2134,0,2299,0
08/10/2023,8489,480,3127,1656,0,1656,0
08/10/2023,4718,617,1598,1341,0,1901,0
08/10/2023,5312,668,2068,1652,0,2785,0
08/10/2023,9503,576,1361,3185,0,3540,0
08/10/2023,10064,457,4507,900,0,1152,0
08/10/2023,5874,544,2017,3141,0,2952,0
08/10/2023,6847,463,2224,1797,0,2704,0
08/10/2023,8188,418,4654,2812,0,2385,0
08/10/2023,11985,710,1822,2295,0,2866,0
08/10/2023,4427,482,1547,1877,0,1838,0
08/10/2023,8196,564,3025,1174,0,1473,0
08/10/2023,7363,662,1174,3828,0,1336,0
09/10/2023,6028,288,3337,3044,0,1186,0
09/10/2023,7609,590,1992,2987,0,1676,0
09/10/2023,7495,522,3744,4817,0,2028,0
09/10/2023,7430,668,2275,1295,0,2433,0
09/10/2023,7793,597,3551,1947,0,1814,0
09/10/2023,6100,543,2279,2102,0,3449,0
09/10/2023,6705,648,3071,3554,0,1154,0
09/10/2023,5898,491,1031,4031,0,1932,0
09/10/2023,7428,375,1175,4018,0,3330,0
09/10/2023,5968,291,1740,2860,0,2109,0
09/10/2023,7685,448,2614,1754,0,1189,0
09/10/2023,5768,375,1359,4343,0,1880,0
09/10/2023,6998,423,847,2665,0,1643,0
09/10/2023,7536,456,2382,1863,0,2098,0
10/10/2023,7918,455,3589,1791,0,1565,0
10/10/2023,10041,522,1167,1944,0,1198,0
10/10/2023,9514,344,2768,2542,0,2037,0
10/10/2023,4839,377,3074,3434,0,946,0
10/10/2023,9534,495,2152,3620,0,1351,0
10/10/2023,6035,641,2348,1622,0,3443,0
10/10/2023,6702,609,3662,2936,0,1292,0
10/10/2023,6872,507,2032,1641,0,1873,0
10/10/2023,7994,368,2038,1589,0,2160,0
10/10/2023,10825,335,2143,3638,0,1354,0
10/10/2023,11404,419,2075,2139,0,1161,0
10/10/2023,5525,641,3162,1354,0,2538,0
10/10/2023,9505,750,2829,2011,0,2298,0
11/10/2023,5217,695,3433,3798,0,1705,0
11/10/2023,10592,389,2547,2214,0,1274,0
11/10/2023,7201,684,3587,4472,0,1327,0
11/10/2023,4910,338,2776,4068,0,3046,0
11/10/2023,6326,493,1012,2952,0,1165,0
11/10/2023,5091,395,2323,1967,0,1727,0
11/10/2023,9102,406,1835,2961,0,2578,0
11/10/2023,6166,545,1990,3945,0,2258,0
11/10/2023,7289,414,3774,2578,0,2974,0
11/10/2023,5837,796,1769,2608,0,2453,0
11/10/2023,7374,598,1422,2153,0,1410,0
11/10/2023,6112,785,3285,3845,0,2285,0
11/10/2023,7127,484,2345,4468,0,2796,0
12/10/2023,6334,479,2628,1627,0,1651,0
12/10/2023,7720,777,2259,1338,0,2793,0
12/10/2023,6651,671,2390,1129,0,2358,0
12/10/2023,4798,505,1153,3083,0,2280,0
12/10/2023,5075,355,1419,4784,0,1377,0
12/10/2023,5944,452,1737,2402,0,828,0
12/10/2023,7223,571,2670,2876,0,2163,0
12/10/2023,7633,699,3562,1250,0,2348,0
12/10/2023,6590,496,4288,1531,0,2702,0
12/10/2023,9904,578,1294,1583,0,2191,0
12/10/2023,8331,797,2427,1259,0,1072,0
12/10/2023,6853,701,3814,1322,0,989,0
12/10/2023,7156,459,4095,3681,0,2965,0
13/10/2023,4861,394,2757,3091,0,1861,0
13/10/2023,6134,338,4439,2772,0,1175,0
13/10/2023,4415,396,1152,2495,0,3112,0
13/10/2023,9217,472,1672,3506,0,2327,0
13/10/2023,6614,500,2750,2639,0,2411,0
13/10/2023,5501,465,4231,3927,0,1195,0
13/10/2023,6378,435,1921,1536,0,2259,0
13/10/2023,5715,308,3527,2797,0,3425,0
13/10/2023,11353,491,2579,2265,0,2681,0
13/10/2023,4795,324,3524,3702,0,1816,0
13/10/2023,5822,241,1998,1838,0,1716,0
13/10/2023,6638,520,1846,946,0,3395,0
13/10/2023,9183,529,2973,2662,0,1081,0
14/10/2023,6686,601,2052,4052,0,2278,0
14/10/2023,9774,397,3567,1748,0,2712,0
14/10/2023,6414,449,2407,3466,0,1812,0
14/10/2023,7597,422,3641,1408,0,1738,0
14/10/2023,6976,270,3786,1721,0,1305,0
14/10/2023,7170,714,1845,3450,0,1395,0
14/10/2023,6233,314,1909,1937,0,1630,0
14/10/2023,11486,374,3454,2034,0,1969,0
14/10/2023,6949,415,3238,2634,0,1669,0
14/10/2023,10300,463,3760,2125,0,1913,0
14/10/2023,8412,656,3031,3195,0,2360,0
14/10/2023,12213,502,2890,3390,0,2199,0
14/10/2023,10147,580,2410,1765,0,1227,0
15/10/2023,4930,428,1809,2979,0,1638,0
15/10/2023,4985,725,2017,2057,0,1456,0
15/10/2023,6531,477,3369,3380,0,1486,0
15/10/2023,8469,280,2138,1793,0,2638,0
15/10/2023,9828,331,3676,893,0,2907,0
15/10/2023,10599,547,3852,2414,0,2389,0
15/10/2023,8842,523,3063,2953,0,2589,0
15/10/2023,8290,485,2466,3422,0,1854,0
15/10/2023,6261,461,1676,2917,0,1404,0
15/10/2023,5028,693,2449,1479,0,1832,0
15/10/2023,8751,509,859,1906,0,1544,0
15/10/2023,8338,288,2035,2185,0,930,0
15/10/2023,9228,363,1603,4205,0,3070,0
16/10/2023,8204,609,1146,2505,0,1521,0
16/10/2023,12040,299,1362,3923,0,1817,0
16/10/2023,9989,405,2134,2643,0,2146,0
16/10/2023,6492,402,4051,2535,0,1625,0
16/10/2023,4389,317,3534,3310,0,3686,0
16/10/2023,6361,662,1183,2063,0,2343,0
16/10/2023,5649,374,1348,3354,0,1265,0
16/10/2023,7178,361,3493,2842,0,1792,0
16/10/2023,7824,543,2152,3091,0,1705,0
16/10/2023,6515,396,1633,2104,0,2280,0
16/10/2023,4741,695,3554,1375,0,1773,0
16/10/2023,5592,746,2181,3007,0,2194,0
16/10/2023,5653,533,2047,1346,0,1043,0
17/10/2023,7629,388,3512,3466,0,3584,0
17/10/2023,6707,519,1357,2809,0,1468,0
17/10/2023,5561,411,2405,2219,0,3080,0
17/10/2023,8635,280,3855,2037,0,2038,0
17/10/2023,8869,753,3589,2880,0,2764,0
17/10/2023,7658,386,1943,2728,0,1653,0
17/10/2023,6347,520,1632,2949,0,1916,0
17/10/2023,5639,428,3714,2135,0,1062,0
17/10/2023,7043,608,1965,2421,0,2392,0
17/10/2023,8206,734,1210,3612,0,2119,0
17/10/2023,5651,280,4404,2876,0,2447,0
17/10/2023,7081,394,3993,2227,0,1370,0
17/10/2023,8260,601,2432,1233,0,2342,0
18/10/2023,6472,559,2664,1805,0,2087,0
18/10/2023,8121,496,2086,3246,0,1393,0
18/10/2023,6953,284,1001,4013,0,1542,0
18/10/2023,6960,402,1031,3133,0,3076,0
18/10/2023,9468,587,2016,3059,0,3019,0
18/10/2023,6101,310,4407,2928,0,1580,0
18/10/2023,7410,322,3008,2185,0,1006,0
18/10/2023,7715,708,3265,2802,0,1695,0
18/10/2023,8481,348,3461,3013,0,1849,0
18/10/2023,8250,300,3763,2268,0,918,0
18/10/2023,8453,516,3312,1449,0,1027,0
18/10/2023,7488,441,1013,3873,0,1609,0
18/10/2023,7862,410,3433,3479,0,1962,0
19/10/2023,10248,657,3051,2739,0,2650,0
19/10/2023,9409,505,1704,1484,0,2062,0
19/10/2023,10122,315,4954,2048,0,1940,0
19/10/2023,8866,627,4774,3228,0,1931,0
19/10/2023,4802,297,2717,2027,0,1400,0
19/10/2023,6070,426,3942,2589,0,1758,0
19/10/2023,9098,328,814,1867,0,2844,0
19/10/2023,10169,543,2654,2237,0,1643,0
19/10/2023,8236,436,3073,2141,0,2418,0
19/10/2023,6259,429,2240,2411,0,2426,0
19/10/2023,8602,539,2692,2942,0,2339,0
19/10/2023,6124,420,1200,2071,0,2758,0
19/10/2023,6065,378,3334,1676,0,2339,0
19/10/2023,6531,440,2300,2825,0,1244,0
20/10/2023,8871,669,2631,3246,0,2125,0
20/10/2023,7443,724,2173,3036,0,1475,0
20/10/2023,4294,481,3219,2978,0,3088,0
20/10/2023,8613,492,2259,2481,0,967,0
20/10/2023,8543,562,1838,2483,0,1701,0
20/10/2023,5541,409,3146,3286,0,2147,0
20/10/2023,5654,680,1927,901,0,1875,0
20/10/2023,9824,535,3328,1951,0,2276,0
20/10/2023,11633,727,3728,3794,0,2669,0
20/10/2023,7173,354,3070,2748,0,2233,0
20/10/2023,10544,602,2394,1517,0,1796,0
20/10/2023,10830,602,3870,4089,0,2573,0
20/10/2023,6298,283,1862,4404,0,1978,0
21/10/2023,7686,735,1915,2889,0,1841,0
21/10/2023,7052,333,1567,970,0,1079,0
21/10/2023,7483,511,2278,2143,0,1263,0
21/10/2023,9675,752,2996,2242,0,3183,0
21/10/2023,9028,458,2489,2535,0,1415,0
21/10/2023,6042,481,1035,2400,0,1664,0
21/10/2023,8422,338,1549,2144,0,2204,0
21/10/2023,9656,270,3362,877,0,1680,0
21/10/2023,6876,377,3243,3138,0,1171,0
21/10/2023,7124,632,3774,1643,0,3358,0
21/10/2023,11028,417,4393,4206,0,1522,0
21/10/2023,5527,406,3781,1673,0,2908,0
21/10/2023,8709,227,4518,2570,0,1638,0
22/10/2023,5746,462,1366,4134,0,2001,0
22/10/2023,5548,514,3119,2447,0,1208,0
22/10/2023,12171,323,1512,3255,0,2177,0
22/10/2023,10849,496,3122,4443,0,2392,0
22/10/2023,5006,491,1551,1350,0,2470,0
22/10/2023,8669,530,3315,1737,0,2823,0
22/10/2023,6283,676,2759,1314,0,1793,0
22/10/2023,6896,287,2979,1383,0,1628,0
22/10/2023,4563,786,2876,1745,0,1681,0
22/10/2023,8787,475,1777,4271,0,2335,0
22/10/2023,5716,748,2472,2779,0,1964,0
22/10/2023,8519,452,1241,2234,0,2043,0
22/10/2023,6335,624,3240,1483,0,1681,0
23/10/2023,8067,436,3077,1512,0,1304,0
23/10/2023,10378,743,3843,3547,0,2867,0
23/10/2023,7623,714,4581,1700,0,1673,0
23/10/2023,7434,404,1973,2725,0,991,0
23/10/2023,6971,300,2767,2348,0,3559,0
23/10/2023,7464,657,1493,2748,0,1737,0
23/10/2023,8273,497,4536,1137,0,2830,0
23/10/2023,8516,527,1339,2890,0,1769,0
23/10/2023,6915,542,4692,2896,0,3001,0
23/10/2023,9647,411,2792,1476,0,1754,0
23/10/2023,8048,407,2568,2901,0,1416,0
23/10/2023,8930,421,1280,785,0,1574,0
23/10/2023,11930,394,1353,1422,0,1729,0
24/10/2023,8728,576,3354,1057,0,1462,0
24/10/2023,6284,598,2485,1865,0,1189,0
24/10/2023,8207,727,1738,1928,0,1353,0
24/10/2023,8185,651,3175,3014,0,3290,0
24/10/2023,5369,610,2412,777,0,1973,0
24/10/2023,9069,389,3092,3287,0,2843,0
24/10/2023,7006,498,1645,4023,0,1640,0
24/10/2023,7447,502,2181,1244,0,3521,0
24/10/2023,7284,436,4336,1469,0,2162,0
24/10/2023,10193,511,4704,877,0,1733,0
24/10/2023,10017,574,2107,2413,0,2386,0
24/10/2023,6448,718,1327,1700,0,1538,0
24/10/2023,6185,551,1001,1977,0,3172,0
25/10/2023,8587,312,1719,2761,0,2444,0
25/10/2023,8890,430,1640,1288,0,2566,0
25/10/2023,7065,602,1927,1917,0,2384,0
25/10/2023,4323,552,2051,1549,0,2114,0
25/10/2023,7072,713,1858,1237,0,2551,0
25/10/2023,4502,473,3922,4711,0,2276,0
25/10/2023,5288,506,3734,2138,0,2064,0
25/10/2023,6491,572,1744,1502,0,2584,0
25/10/2023,6050,666,1426,3760,0,3430,0
25/10/2023,5328,349,2813,971,0,2446,0
25/10/2023,8940,414,2120,3264,0,2199,0
25/10/2023,6176,296,2012,2634,0,811,0
25/10/2023,6620,280,867,1322,0,1918,0
26/10/2023,9790,325,3099,2564,0,1550,0
26/10/2023,10390,556,1495,2333,0,901,0
26/10/2023,6147,724,2818,1261,0,2113,0
26/10/2023,7084,540,1139,1322,0,2729,0
26/10/2023,4984,420,4189,2326,0,2457,0
26/10/2023,10078,360,2357,2731,0,1019,0
26/10/2023,7038,282,929,3744,0,3008,0
26/10/2023,6535,589,1092,1654,0,2037,0
26/10/2023,9236,363,3504,1927,0,1742,0
26/10/2023,6400,333,4469,4336,0,2622,0
26/10/2023,5736,577,2026,1314,0,1760,0
26/10/2023,8292,771,2639,1253,0,3158,0
26/10/2023,6688,404,2285,2661,0,1355,0
26/10/2023,5833,398,2603,2742,0,2872,0
27/10/2023,8833,358,1656,3289,0,1822,0
27/10/2023,7382,717,3151,1173,0,2369,0
27/10/2023,8699,603,1897,2240,0,1940,0
27/10/2023,8843,424,3999,3391,0,2640,0
27/10/2023,8202,490,1400,1094,0,2528,0
27/10/2023,5770,513,1983,3130,0,1333,0
27/10/2023,9586,472,1119,3045,0,1839,0
27/10/2023,6035,359,2730,3170,0,1139,0
27/10/2023,6888,730,2320,3323,0,1483,0
27/10/2023,9305,602,2504,3062,0,1010,0
27/10/2023,7635,401,2395,983,0,3250,0
27/10/2023,5503,529,3464,2655,0,1257,0
27/10/2023,8250,396,3297,2000,0,2431,0
27/10/2023,7647,689,1568,2075,0,2248,0
28/10/2023,7854,326,1352,2219,0,2929,0
28/10/2023,5339,465,1148,1673,0,2551,0
28/10/2023,7770,641,1509,2917,0,2224,0
28/10/2023,8301,393,1529,2034,0,2418,0
28/10/2023,6612,384,2730,1790,0,1111,0
28/10/2023,7066,279,2671,3351,0,1774,0
28/10/2023,5869,491,4525,2050,0,2680,0
28/10/2023,8887,501,780,1380,0,1526,0
28/10/2023,8246,599,3038,2370,0,922,0
28/10/2023,4081,326,1254,3862,0,1619,0
28/10/2023,6435,276,4502,1889,0,1565,0
28/10/2023,6992,540,1781,2895,0,1162,0
29/10/2023,10309,351,2585,2820,0,1445,0
29/10/2023,11122,411,2376,922,0,1626,0
29/10/2023,10413,568,3731,3430,0,1567,0
29/10/2023,9000,281,4116,3434,0,1651,0
29/10/2023,11163,664,1392,2568,0,809,0
29/10/2023,4041,465,1381,2190,0,1262,0
29/10/2023,7732,493,2972,3203,0,1638,0
29/10/2023,8369,603,3361,2005,0,1263,0
29/10/2023,8301,557,2389,3792,0,2689,0
29/10/2023,5742,724,3171,3558,0,1873,0
29/10/2023,6912,603,4395,2432,0,2255,0
29/10/2023,9418,689,2141,1501,0,2424,0
30/10/2023,6218,383,2892,2072,0,3397,0
30/10/2023,9911,344,2854,4111,0,1177,0
30/10/2023,5534,455,2039,1466,0,2243,0
30/10/2023,6280,617,3630,2247,0,2224,0
30/10/2023,8662,650,3874,3594,0,3042,0
30/10/2023,4473,366,3540,2666,0,3434,0
30/10/2023,11458,520,864,1068,0,2292,0
30/10/2023,5063,626,1184,3009,0,2240,0
30/10/2023,7594,520,1917,1002,0,2164,0
30/10/2023,10187,597,2886,2529,0,851,0
30/10/2023,7108,346,1923,4278,0,1476,0
30/10/2023,5325,704,2859,2046,0,1670,0
30/10/2023,4951,672,1337,3050,0,1433,0
30/10/2023,6479,486,2475,2035,0,2746,0
31/10/2023,10604,438,3678,2597,0,2400,0
31/10/2023,9278,438,2990,1532,0,1195,0
31/10/2023,5573,576,2560,2384,0,2318,0
31/10/2023,4459,595,1410,2773,0,1796,0
31/10/2023,6545,525,2520,2206,0,1781,0
31/10/2023,10370,601,2088,3171,0,3095,0
31/10/2023,8452,286,2369,3401,0,1794,0
31/10/2023,6067,406,1220,1163,0,1530,0
31/10/2023,11496,429,1462,3207,0,3530,0
31/10/2023,6969,681,2042,1202,0,1447,0
31/10/2023,5003,269,3780,1401,0,1700,0
31/10/2023,4725,801,2077,3023,0,1247,0
31/10/2023,5464,557,2177,3787,0,880,0
31/10/2023,8542,457,2786,1394,0,2276,0
01/11/2023,9362,335,2140,3650,0,2950,0
01/11/2023,5875,319,3039,1618,0,2187,0
01/11/2023,6548,357,2672,3452,0,1953,0
01/11/2023,8838,650,2717,3458,0,2714,0
01/11/2023,6218,532,998,1250,0,2245,0
01/11/2023,10270,430,2602,2554,0,2377,0
01/11/2023,7468,367,4250,2432,0,2312,0
01/11/2023,7198,370,2047,3247,0,1828,0
01/11/2023,8054,477,2402,2094,0,940,0
01/11/2023,8358,326,2187,2004,0,1388,0
01/11/2023,7217,457,2388,3842,0,1643,0
01/11/2023,5891,389,2528,1861,0,1694,0
01/11/2023,10621,584,3586,1653,0,1272,0
01/11/2023,8688,598,2317,1534,0,1733,0
02/11/2023,5533,492,1677,2633,0,878,0
02/11/2023,7122,526,2998,2846,0,1970,0
02/11/2023,7630,754,1363,1454,0,2999,0
02/11/2023,4853,350,1989,3690,0,2185,0
02/11/2023,8137,524,2840,4336,0,1783,0
02/11/2023,7407,548,1782,1958,0,2997,0
02/11/2023,7583,464,1817,3587,0,1682,0
02/11/2023,6720,283,3498,3911,0,1330,0
02/11/2023,8216,595,1619,3664,0,1268,0
02/11/2023,10538,339,3240,3937,0,1067,0
02/11/2023,7719,484,2280,2388,0,995,0
02/11/2023,6334,427,2385,3091,0,1416,0
02/11/2023,6713,308,856,1374,0,1226,0
02/11/2023,9927,528,3269,4948,0,2525,0
03/11/2023,8371,263,1637,2668,0,1232,0
03/11/2023,7385,544,838,2120,0,2038,0
03/11/2023,11778,324,3531,2191,0,1010,0
03/11/2023,5415,518,3909,1963,0,2252,0
03/11/2023,5497,353,2263,1859,0,1836,0
03/11/2023,8602,434,2521,2956,0,2898,0
03/11/2023,7022,325,1685,3868,0,2638,0
03/11/2023,9060,461,2752,2242,0,1208,0
03/11/2023,5429,366,1341,2083,0,1264,0
03/11/2023,8170,406,1892,1688,0,1946,0
03/11/2023,4738,364,2112,3119,0,1656,0
03/11/2023,5121,727,4700,3796,0,1459,0
03/11/2023,8890,608,3362,2124,0,2929,0
04/11/2023,3873,656,1340,2506,0,2807,0
04/11/2023,7610,528,1618,3470,0,2759,0
04/11/2023,11983,464,3468,867,0,2355,0
04/11/2023,6555,290,4181,3221,0,1997,0
04/11/2023,11970,364,2114,1744,0,2533,0
04/11/2023,4758,611,2673,2205,0,2589,0
04/11/2023,8341,649,2190,3553,0,2974,0
04/11/2023,9389,345,2472,1049,0,1723,0
04/11/2023,9677,619,4538,2790,0,1255,0
04/11/2023,8501,382,1429,1500,0,1938,0
04/11/2023,9344,417,2303,1722,0,2985,0
04/11/2023,8890,403,1875,2646,0,2129,0
04/11/2023,6845,251,1549,2573,0,3178,0
05/11/2023,5712,507,1629,3316,0,1516,0
05/11/2023,5864,514,1191,2549,0,2390,0
05/11/2023,6602,312,1421,2809,0,2322,0
05/11/2023,8529,387,1480,2944,0,2049,0
05/11/2023,6057,634,1233,1724,0,1558,0
05/11/2023,6735,634,2528,2317,0,2369,0
05/11/2023,6496,525,1758,3140,0,1306,0
05/11/2023,5869,571,2277,2777,0,1585,0
05/11/2023,5494,719,4096,2450,0,2242,0
05/11/2023,5779,320,2979,3109,0,1275,0
05/11/2023,7237,312,3109,2853,0,1359,0
05/11/2023,9737,482,1257,3416,0,1571,0
06/11/2023,6395,420,1087,3492,0,1968,0
06/11/2023,7169,595,1535,2932,0,2595,0
06/11/2023,7831,463,3281,2340,0,3012,0
06/11/2023,10983,436,2917,2450,0,1447,0
06/11/2023,8983,448,1480,2035,0,2930,0
06/11/2023,6602,487,2029,3985,0,2313,0
06/11/2023,10729,729,3268,1325,0,943,0
06/11/2023,5712,378,1555,2199,0,2382,0
06/11/2023,6601,457,2608,1373,0,1831,0
06/11/2023,6385,747,3165,1964,0,1801,0
06/11/2023,4867,379,1595,3908,0,2722,0
06/11/2023,6374,355,1479,2863,0,964,0
06/11/2023,8041,502,2539,1522,0,1581,0
07/11/2023,6958,678,1958,2624,0,1233,0
07/11/2023,7580,590,1530,2931,0,2391,0
07/11/2023,7615,546,3093,3076,0,1196,0
07/11/2023,6465,364,1370,3031,0,1762,0
07/11/2023,5857,473,4040,1337,0,2359,0
07/11/2023,5816,498,3408,3111,0,1896,0
07/11/2023,6640,681,1480,1156,0,1631,0
07/11/2023,9223,534,1996,1476,0,1079,0
07/11/2023,4545,269,2288,2496,0,2147,0
07/11/2023,6120,379,1343,2211,0,1216,0
07/11/2023,6272,336,2263,1088,0,2134,0
07/11/2023,10133,461,1603,1764,0,1969,0
07/11/2023,7025,435,2310,2968,0,971,0
08/11/2023,9204,713,1633,1493,0,3392,0
08/11/2023,8910,578,4342,764,0,1424,0
08/11/2023,5272,254,2759,2535,0,1673,0
08/11/2023,6902,415,2841,1675,0,1207,0
08/11/2023,11186,414,982,3736,0,1114,0
08/11/2023,10910,393,2081,1181,0,1444,0
08/11/2023,6241,410,1292,2475,0,1446,0
08/11/2023,4045,364,2195,2639,0,1874,0
08/11/2023,8943,463,2510,2245,0,1456,0
08/11/2023,5891,496,2361,4128,0,1789,0
08/11/2023,9673,368,2971,2981,0,1214,0
08/11/2023,7163,550,4834,3276,0,2738,0
08/11/2023,5360,412,1372,4423,0,1167,0
09/11/2023,7017,404,2185,876,0,1388,0
09/11/2023,7420,636,2955,1577,0,2031,0
09/11/2023,7183,357,1388,3889,0,3445,0
09/11/2023,8152,527,1174,3894,0,906,0
09/11/2023,6236,600,2904,2503,0,1455,0
09/11/2023,7320,371,1564,2707,0,2466,0
09/11/2023,6057,461,2192,2304,0,3122,0
09/11/2023,4654,580,1818,2059,0,2897,0
09/11/2023,7340,531,2477,2220,0,2530,0
09/11/2023,5100,421,1643,2832,0,1822,0
09/11/2023,8159,318,2109,3240,0,2572,0
09/11/2023,8403,595,1748,2914,0,2131,0
09/11/2023,6427,266,1837,3332,0,2368,0
10/11/2023,5976,487,1954,3229,0,2084,0
10/11/2023,8319,384,3163,2029,0,2228,0
10/11/2023,5227,567,1699,1429,0,2280,0
10/11/2023,6145,373,2087,1016,0,1262,0
10/11/2023,8578,777,2760,2856,0,2072,0
10/11/2023,7756,536,2948,2306,0,1761,0
10/11/2023,8491,501,2031,3692,0,1836,0
10/11/2023,5948,332,2212,1479,0,1198,0
10/11/2023,8297,562,3145,3145,0,1712,0
10/11/2023,5194,496,1816,847,0,2751,0
10/11/2023,11305,479,3601,2526,0,1242,0
10/11/2023,4472,309,2761,4082,0,3472,0
10/11/2023,10424,737,1998,2239,0,2052,0
11/11/2023,7359,581,3781,2869,0,3545,0
11/11/2023,5424,634,2366,2671,0,2832,0
11/11/2023,11647,650,1618,1307,0,1957,0
11/11/2023,5049,300,1828,3817,0,1304,0
11/11/2023,7566,318,2888,3078,0,2500,0
11/11/2023,8589,392,2936,2938,0,2296,0
11/11/2023,5930,529,4154,2129,0,2108,0
11/11/2023,4628,710,3851,1904,0,1813,0
11/11/2023,6961,688,2641,3287,0,1687,0
11/11/2023,8168,608,1486,2079,0,2697,0
11/11/2023,6719,514,1201,3495,0,1866,0
11/11/2023,10658,693,4586,3175,0,1925,0
11/11/2023,4166,619,3214,1976,0,1607,0
12/11/2023,5793,492,1220,1969,0,2412,0
12/11/2023,7328,441,3179,2798,0,2977,0
12/11/2023,6406,478,3694,1579,0,2561,0
12/11/2023,9060,525,1438,3273,0,1059,0
12/11/2023,9927,476,2784,1055,0,1891,0
12/11/2023,5084,619,3159,1465,0,3162,0
12/11/2023,7517,489,1350,999,0,3223,0
12/11/2023,4798,511,1898,2800,0,2719,0
12/11/2023,6046,466,3495,2107,0,2379,0
12/11/2023,11345,687,1397,1304,0,1801,0
12/11/2023,5937,430,1297,2578,0,2094,0
12/11/2023,4909,663,2417,3044,0,2903,0
13/11/2023,5757,308,3973,2609,0,2649,0
13/11/2023,8744,745,2992,1697,0,2324,0
13/11/2023,5811,860,2343,1752,0,1821,0
13/11/2023,9199,327,2719,1735,0,2513,0
13/11/2023,8541,331,1441,3688,0,2835,0
13/11/2023,5510,372,1907,1301,0,1743,0
13/11/2023,8639,544,1641,3209,0,1355,0
13/11/2023,11751,383,2127,2144,0,1670,0
13/11/2023,7295,690,2552,3162,0,1638,0
13/11/2023,4621,769,1849,2352,0,2887,0
13/11/2023,4225,319,3503,3195,0,1489,0
13/11/2023,8286,653,3275,2466,0,3188,0
13/11/2023,8434,513,1593,1134,0,2863,0
14/11/2023,5960,604,2189,1324,0,1472,0
14/11/2023,4189,526,1559,3275,0,2109,0
14/11/2023,7538,399,1490,1305,0,2688,0
14/11/2023,6487,363,2844,1533,0,2228,0
14/11/2023,6351,258,948,3864,0,2704,0
14/11/2023,7232,654,1773,2157,0,2747,0
14/11/2023,7103,545,2752,2487,0,1871,0
14/11/2023,5740,378,3480,2251,0,2357,0
14/11/2023,9741,377,3342,1092,0,3187,0
14/11/2023,9978,816,2339,2275,0,1283,0
14/11/2023,9179,427,4488,1383,0,2387,0
14/11/2023,7059,415,2982,3247,0,1276,0
14/11/2023,6531,586,1592,2661,0,2138,0
15/11/2023,8046,444,2192,3597,0,1262,0
15/11/2023,3912,717,2561,3906,0,1492,0
15/11/2023,11867,551,4029,2690,0,1071,0
15/11/2023,4929,724,1115,2823,0,769,0
15/11/2023,6746,589,1818,1830,0,1490,0
15/11/2023,7742,469,3585,1381,0,1742,0
15/11/2023,9376,576,2147,1505,0,2849,0
15/11/2023,5230,483,1211,1936,0,3191,0
15/11/2023,7199,518,3092,1709,0,2074,0
15/11/2023,9210,309,1272,1683,0,1083,0
15/11/2023,10271,495,2934,2917,0,3022,0
15/11/2023,4474,640,4033,3449,0,1739,0
15/11/2023,6794,560,1436,2920,0,1263,0
16/11/2023,8733,371,2332,947,0,1493,0
16/11/2023,7321,341,1540,2713,0,3295,0
16/11/2023,6314,395,3238,2950,0,3100,0
16/11/2023,7755,358,1276,1542,0,1041,0
16/11/2023,8621,244,1901,1603,0,2624,0
16/11/2023,9113,626,2328,3363,0,2298,0
16/11/2023,5857,676,2464,3169,0,3496,0
16/11/2023,6838,425,1189,2105,0,818,0
16/11/2023,3909,372,2705,2117,0,2251,0
16/11/2023,7282,461,1983,1020,0,2274,0
16/11/2023,6538,534,857,1563,0,2074,0
16/11/2023,5189,592,3700,2035,0,1463,0
16/11/2023,9784,334,970,2067,0,1268,0
17/11/2023,10324,662,2247,1295,0,2164,0
17/11/2023,9006,386,1663,2556,0,2134,0
17/11/2023,9041,389,3882,2565,0,1779,0
17/11/2023,6593,476,3102,1772,0,3146,0
17/11/2023,6873,425,2169,1230,0,2975,0
17/11/2023,9108,430,2072,2794,0,1003,0
17/11/2023,10337,607,4338,3185,0,2113,0
17/11/2023,5636,497,2247,3057,0,1782,0
17/11/2023,5380,629,1524,1817,0,1470,0
17/11/2023,4275,447,2944,1270,0,2238,0
17/11/2023,9372,321,2028,1818,0,2617,0
17/11/2023,10255,459,2577,3110,0,2128,0
17/11/2023,6980,774,2902,2646,0,2867,0
18/11/2023,9888,596,1685,4097,0,2979,0
18/11/2023,9672,451,1848,2812,0,2064,0
18/11/2023,5407,514,2345,3178,0,2153,0
18/11/2023,9603,573,3195,1718,0,1723,0
18/11/2023,7917,528,1541,3074,0,1663,0
18/11/2023,8432,655,2276,1332,0,1150,0
18/11/2023,8609,681,2817,3557,0,1988,0
18/11/2023,8644,432,2561,2899,0,2464,0
18/11/2023,10510,735,1460,2853,0,2642,0
18/11/2023,6397,300,3131,1145,0,2011,0
18/11/2023,5884,729,3203,2237,0,2571,0
18/11/2023,6532,737,1474,1506,0,2145,0
19/11/2023,5286,700,3116,3512,0,3296,0
19/11/2023,9712,566,2549,3500,0,1610,0
19/11/2023,6463,575,1984,2625,0,2310,0
19/11/2023,5973,393,1539,2955,0,2250,0
19/11/2023,3946,479,1312,4045,0,3090,0
19/11/2023,8712,367,1473,1620,0,2811,0
19/11/2023,5898,608,2826,1387,0,2323,0
19/11/2023,10118,271,2533,2219,0,1873,0
19/11/2023,4792,365,4069,2871,0,2870,0
19/11/2023,7933,598,2232,2952,0,1601,0
19/11/2023,6667,667,1188,2889,0,1835,0
19/11/2023,7815,666,2181,2950,0,1390,0
20/11/2023,7853,683,2321,2181,0,3174,0
20/11/2023,7350,507,1609,1737,0,2322,0
20/11/2023,9542,479,1440,832,0,1518,0
20/11/2023,5562,326,2565,990,0,2711,0
20/11/2023,9463,511,2880,856,0,1118,0
20/11/2023,6012,326,3224,2431,0,1039,0
20/11/2023,9627,518,2818,2596,0,1916,0
20/11/2023,7348,370,1270,1354,0,933,0
20/11/2023,11647,556,1527,1074,0,1293,0
20/11/2023,8117,299,1903,1817,0,2478,0
20/11/2023,4980,622,1782,3369,0,1901,0
20/11/2023,7593,339,1604,3971,0,1180,0
20/11/2023,7886,385,4343,2218,0,1563,0
21/11/2023,7902,418,1334,2028,0,900,0
21/11/2023,11245,524,3147,2051,0,3043,0
21/11/2023,6495,316,1073,4671,0,935,0
21/11/2023,7643,470,3574,1650,0,1439,0
21/11/2023,8091,572,1221,3551,0,841,0
21/11/2023,8874,445,3226,1802,0,2610,0
21/11/2023,8421,735,2267,1650,0,1842,0
21/11/2023,10088,422,2042,3163,0,2639,0
21/11/2023,11320,469,2084,2188,0,1020,0
21/11/2023,8307,541,3851,4044,0,2507,0
21/11/2023,10038,587,2809,2340,0,1379,0
21/11/2023,5870,422,1538,1677,0,1364,0
21/11/2023,6371,635,3313,2042,0,3143,0
22/11/2023,8355,493,3517,2562,0,2154,0
22/11/2023,11164,444,2587,2325,0,1530,0
22/11/2023,5322,554,1484,1876,0,1686,0
22/11/2023,7918,525,3065,2222,0,2158,0
22/11/2023,7654,820,1664,4651,0,1291,0
22/11/2023,6206,426,1320,2647,0,1859,0
22/11/2023,9402,655,3022,2604,0,1866,0
22/11/2023,7999,458,2599,3508,0,1306,0
22/11/2023,8521,522,3678,1741,0,835,0
22/11/2023,7533,789,1623,3656,0,1806,0
22/11/2023,9250,568,3161,1584,0,1682,0
22/11/2023,6998,336,4709,1910,0,2485,0
22/11/2023,7245,420,1453,2038,0,925,0
23/11/2023,6240,710,3535,1081,0,1501,0
23/11/2023,7916,448,3231,3825,0,1712,0
23/11/2023,8015,423,2238,4612,0,1072,0
23/11/2023,7494,308,963,1224,0,1717,0
23/11/2023,8647,419,2814,3602,0,2219,0
23/11/2023,7496,605,4391,2158,0,1723,0
23/11/2023,7213,414,946,1045,0,1576,0
23/11/2023,7731,465,1950,3188,0,2162,0
23/11/2023,7778,408,3051,1479,0,958,0
23/11/2023,7190,552,2466,2761,0,1272,0
23/11/2023,11258,374,1550,1792,0,1301,0
23/11/2023,7920,496,2553,2198,0,1570,0
23/11/2023,6404,614,3568,1031,0,3225,0
24/11/2023,7716,391,3876,2781,0,1228,0
24/11/2023,4589,570,3825,1817,0,1588,0
24/11/2023,4267,728,3446,3084,0,1919,0
24/11/2023,6523,261,1206,2184,0,2467,0
24/11/2023,8852,467,4259,1767,0,928,0
24/11/2023,11217,580,2729,2816,0,1167,0
24/11/2023,7573,408,1779,1821,0,3103,0
24/11/2023,7810,689,1280,2236,0,2403,0
24/11/2023,8311,422,3471,2192,0,3167,0
24/11/2023,8378,489,2524,4393,0,1348,0
24/11/2023,4544,448,1789,3304,0,1245,0
24/11/2023,6046,327,3047,3027,0,2301,0
24/11/2023,9537,453,2527,2301,0,2336,0
25/11/2023,9152,542,2847,1557,0,2985,0
25/11/2023,9954,735,2163,933,0,1649,0
25/11/2023,11093,704,1858,4547,0,2248,0
25/11/2023,4907,442,3458,2511,0,3301,0
25/11/2023,7696,284,3740,3108,0,1665,0
25/11/2023,4755,597,1754,1758,0,2774,0
25/11/2023,5018,598,1869,1941,0,791,0
25/11/2023,8384,593,2387,2395,0,2092,0
25/11/2023,9278,574,1155,1388,0,2251,0
25/11/2023,9090,655,1649,2225,0,2900,0
25/11/2023,6010,472,1931,1946,0,2100,0
25/11/2023,11755,316,2239,1126,0,2552,0
26/11/2023,7211,390,1963,1909,0,1511,0
26/11/2023,6481,642,2090,1080,0,1133,0
26/11/2023,6220,341,3089,1663,0,2165,0
26/11/2023,5065,441,3639,4796,0,1191,0
26/11/2023,5697,500,821,1842,0,1601,0
26/11/2023,6978,643,1621,2468,0,1607,0
26/11/2023,9881,300,4345,3440,0,2995,0
26/11/2023,7239,714,1602,3226,0,2929,0
26/11/2023,6884,597,2281,4175,0,1524,0
26/11/2023,7927,525,4441,2285,0,1600,0
26/11/2023,6629,429,2722,1724,0,1882,0
26/11/2023,7826,536,2806,2174,0,1738,0
27/11/2023,4631,440,2232,3223,0,2024,0
27/11/2023,4493,523,3622,3335,0,1278,0
27/11/2023,8074,509,1150,2232,0,2053,0
27/11/2023,6071,268,4176,3787,0,2265,0
27/11/2023,4501,290,2975,2167,0,1678,0
27/11/2023,5658,709,4126,2372,0,2672,0
27/11/2023,9174,311,1867,3107,0,1041,0
27/11/2023,7990,438,1240,859,0,1023,0
27/11/2023,8879,538,3827,2133,0,3360,0
27/11/2023,6157,540,2262,1710,0,2220,0
27/11/2023,6053,333,1069,3181,0,1183,0
27/11/2023,5847,581,4192,2049,0,2018,0
27/11/2023,7525,787,2994,3250,0,1366,0
28/11/2023,7557,432,1327,3980,0,1313,0
28/11/2023,8782,397,2397,2228,0,2495,0
28/11/2023,6589,599,2507,2365,0,2909,0
28/11/2023,6755,510,2414,3173,0,2239,0
28/11/2023,5417,422,1116,2974,0,1402,0
28/11/2023,7914,524,3361,4906,0,1355,0
28/11/2023,11249,797,3118,1248,0,1400,0
28/11/2023,4917,382,907,1554,0,884,0
28/11/2023,6227,552,2475,1007,0,1234,0
28/11/2023,8552,667,2494,1752,0,1402,0
28/11/2023,10069,403,4111,1072,0,1209,0
28/11/2023,9379,425,4022,2820,0,2391,0
28/11/2023,10895,678,1954,3395,0,1364,0
29/11/2023,8449,260,4838,1616,0,1429,0
29/11/2023,5829,333,1761,1861,0,3023,0
29/11/2023,8767,351,1519,3120,0,1467,0
29/11/2023,6286,581,3128,3379,0,2516,0
29/11/2023,6331,831,2906,3131,0,1917,0
29/11/2023,7185,617,3351,2788,0,985,0
29/11/2023,6442,506,1779,4254,0,1452,0
29/11/2023,6098,483,2478,1955,0,2718,0
29/11/2023,5901,767,1602,1589,0,1734,0
29/11/2023,6806,378,1780,3110,0,3138,0
29/11/2023,6677,474,2873,1833,0,1901,0
29/11/2023,7860,626,2591,2643,0,1014,0
29/11/2023,7254,641,2405,3946,0,2259,0
30/11/2023,7411,272,1983,2429,0,1229,0
30/11/2023,8997,502,2396,4109,0,1267,0
30/11/2023,7615,431,4066,1334,0,3452,0
30/11/2023,4961,683,2764,1179,0,2418,0
30/11/2023,6028,599,2247,1173,0,1695,0
30/11/2023,8461,467,1900,2601,0,2122,0
30/11/2023,11241,734,4067,1109,0,2593,0
30/11/2023,7603,404,1367,2345,0,1812,0
30/11/2023,11082,518,1975,3255,0,2347,0
30/11/2023,7431,383,1302,2415,0,1931,0
30/11/2023,11925,518,2227,1510,0,2508,0
30/11/2023,7403,687,3320,958,0,1063,0
30/11/2023,6765,421,3404,1958,0,1432,0
01/12/2023,4555,606,1000,1349,0,3241,0
01/12/2023,9733,503,1361,3035,0,2138,0
01/12/2023,8746,506,3511,1181,0,1937,0
01/12/2023,6040,425,3642,3810,0,1468,0
01/12/2023,7334,539,3332,2139,0,2221,0
01/12/2023,8442,342,1903,1311,0,2452,0
01/12/2023,5331,380,4148,1000,0,2841,0
01/12/2023,5888,382,3200,2416,0,3553,0
01/12/2023,6501,524,3676,1943,0,1182,0
01/12/2023,7206,352,2250,3020,0,1277,0
01/12/2023,6889,562,2194,2389,0,3199,0
01/12/2023,6450,439,2316,1993,0,2949,0
01/12/2023,4713,384,2494,2718,0,1822,0
02/12/2023,8176,322,2651,3110,0,2041,0
02/12/2023,4705,562,3085,3709,0,1825,0
02/12/2023,5287,322,2547,1607,0,1474,0
02/12/2023,5871,358,2479,2972,0,3074,0
02/12/2023,7128,670,2437,2698,0,1683,0
02/12/2023,6189,351,2702,2280,0,1905,0
02/12/2023,6995,489,1965,3796,0,2556,0
02/12/2023,8543,238,2850,3397,0,3550,0
02/12/2023,12327,726,1738,1628,0,2806,0
02/12/2023,7172,572,1234,3017,0,2565,0
02/12/2023,6235,240,2452,1996,0,2227,0
02/12/2023,6686,362,1835,1307,0,2564,0
02/12/2023,8447,796,1064,3855,0,1383,0
03/12/2023,4870,764,2576,1974,0,1691,0
03/12/2023,5647,311,3699,2204,0,2317,0
03/12/2023,7767,303,3751,2122,0,3131,0
03/12/2023,5988,563,1252,2684,0,1202,0
03/12/2023,6220,567,1761,3123,0,866,0
03/12/2023,9707,390,2612,2396,0,1358,0
03/12/2023,11171,459,2992,3202,0,2474,0
03/12/2023,4927,327,2428,1323,0,1215,0
03/12/2023,9544,430,4289,2732,0,1437,0
03/12/2023,10404,408,2758,2560,0,1611,0
03/12/2023,10323,557,3100,2974,0,2763,0
03/12/2023,6528,515,2114,1798,0,2286,0
03/12/2023,7839,444,1417,2384,0,1667,0
04/12/2023,6630,385,4457,1864,0,2823,0
04/12/2023,5647,374,1738,2150,0,1253,0
04/12/2023,7468,495,2155,3170,0,2302,0
04/12/2023,7238,488,2913,1437,0,1180,0
04/12/2023,6270,637,859,3589,0,1799,0
04/12/2023,7868,508,2389,3970,0,2896,0
04/12/2023,8863,707,1660,3051,0,1306,0
04/12/2023,8630,707,1682,2164,0,2470,0
04/12/2023,6948,571,3082,3762,0,1217,0
04/12/2023,5998,658,2913,3020,0,1746,0
04/12/2023,6767,673,3217,2396,0,3069,0
04/12/2023,6747,784,2951,3684,0,1366,0
04/12/2023,11212,481,2729,1421,0,2578,0
05/12/2023,7364,478,3104,3366,0,3594,0
05/12/2023,8909,432,3242,1844,0,1199,0
05/12/2023,6580,496,860,3816,0,2380,0
05/12/2023,6766,582,3243,3194,0,3066,0
05/12/2023,10233,664,1428,1168,0,1659,0
05/12/2023,5819,369,2840,3859,0,1117,0
05/12/2023,8737,520,1957,3247,0,812,0
05/12/2023,8854,445,1035,2643,0,1162,0
05/12/2023,5195,724,4681,3207,0,1148,0
05/12/2023,9002,584,2897,1197,0,1899,0
05/12/2023,11449,292,989,2204,0,2632,0
05/12/2023,5635,707,2912,2390,0,1472,0
05/12/2023,7496,796,2276,2998,0,1684,0
06/12/2023,8925,536,2318,1586,0,1523,0
06/12/2023,7135,283,3345,2778,0,2426,0
06/12/2023,6550,308,2177,1858,0,2634,0
06/12/2023,6491,354,1899,2811,0,2497,0
06/12/2023,5892,626,3254,3991,0,1401,0
06/12/2023,5397,826,2517,1253,0,1965,0
06/12/2023,10551,678,3221,1723,0,1369,0
06/12/2023,8457,435,1523,853,0,1660,0
06/12/2023,8960,309,1390,3176,0,935,0
06/12/2023,6895,438,2463,1793,0,1390,0
06/12/2023,6523,414,1227,3994,0,897,0
06/12/2023,7337,538,2879,2745,0,1505,0
06/12/2023,6268,365,1911,1279,0,1821,0
07/12/2023,10550,392,1468,2676,0,2421,0
07/12/2023,7547,482,1879,2632,0,1106,0
07/12/2023,8810,485,2232,1952,0,3235,0
07/12/2023,6994,405,2299,3603,0,1388,0
07/12/2023,7474,361,2184,1998,0,1144,0
07/12/2023,8447,498,1170,3227,0,2563,0
07/12/2023,11978,461,3818,928,0,3028,0
07/12/2023,6267,669,2564,1364,0,1464,0
07/12/2023,6551,352,2499,2547,0,968,0
07/12/2023,8008,397,4275,1220,0,2210,0
07/12/2023,10912,708,2475,3026,0,1659,0
07/12/2023,6480,508,2592,2595,0,2744,0
07/12/2023,10972,795,2034,1113,0,1270,0
08/12/2023,7087,405,1665,3329,0,1105,0
08/12/2023,12100,403,1108,2228,0,2295,0
08/12/2023,8225,554,1883,2241,0,2567,0
08/12/2023,5596,241,2149,1648,0,3206,0
08/12/2023,9419,233,3026,1143,0,3224,0
08/12/2023,4840,292,1104,2617,0,1992,0
08/12/2023,7205,325,2612,2508,0,1578,0
08/12/2023,4059,573,2378,2772,0,2660,0
08/12/2023,8631,425,3368,2458,0,1685,0
08/12/2023,11300,500,2278,2102,0,2066,0
08/12/2023,10063,644,1372,2103,0,1096,0
08/12/2023,8746,485,976,2403,0,1593,0
08/12/2023,5086,566,3856,1375,0,1523,0
09/12/2023,8901,322,1828,4026,0,1106,0
09/12/2023,8537,514,3004,2725,0,2114,0
09/12/2023,4682,551,1917,4086,0,1117,0
09/12/2023,7831,319,3383,1098,0,3077,0
09/12/2023,5481,741,2028,3618,0,1516,0
09/12/2023,9081,522,941,1483,0,3526,0
09/12/2023,6467,381,3085,1999,0,1519,0
09/12/2023,7899,376,2990,2439,0,1344,0
09/12/2023,10117,605,2137,995,0,2825,0
09/12/2023,9657,673,1258,2586,0,2424,0
09/12/2023,8312,482,1745,2321,0,1647,0
09/12/2023,6805,445,2623,2695,0,1755,0
09/12/2023,6071,441,1606,3607,0,1526,0
10/12/2023,8549,402,3305,1845,0,2694,0
10/12/2023,5989,304,2893,2350,0,1178,0
10/12/2023,7313,857,2563,1598,0,1963,0
10/12/2023,5723,485,2692,2773,0,1967,0
10/12/2023,5549,389,4443,2180,0,2113,0
10/12/2023,6579,298,3136,3277,0,1318,0
10/12/2023,5817,541,1356,2379,0,3028,0
10/12/2023,7831,447,4117,1314,0,2225,0
10/12/2023,3946,595,1857,4562,0,1357,0
10/12/2023,3934,531,2182,3304,0,2797,0
10/12/2023,9177,392,2585,3114,0,1880,0
10/12/2023,8172,381,3364,2983,0,1071,0
11/12/2023,8826,578,1803,3605,0,2803,0
11/12/2023,7451,775,3282,3535,0,2277,0
11/12/2023,5710,408,1699,1883,0,1257,0
11/12/2023,11940,846,2476,2943,0,2383,0
11/12/2023,5755,400,2241,1722,0,2046,0
11/12/2023,4769,599,1880,2712,0,2810,0
11/12/2023,8106,653,1170,1409,0,1156,0
11/12/2023,9269,744,2439,2537,0,1871,0
11/12/2023,7402,666,1173,2778,0,2328,0
11/12/2023,11097,274,1199,3009,0,2090,0
11/12/2023,7304,440,3445,1180,0,3667,0
11/12/2023,4854,621,1467,1956,0,1409,0
12/12/2023,4348,372,1478,1239,0,1976,0
12/12/2023,6873,492,2346,1565,0,1989,0
12/12/2023,8151,454,3952,2636,0,1836,0
12/12/2023,7124,694,2352,1854,0,998,0
12/12/2023,6080,325,1618,1934,0,3027,0
12/12/2023,9118,827,3007,2162,0,2082,0
12/12/2023,9849,395,1571,1079,0,1586,0
12/12/2023,11012,516,1514,2399,0,1116,0
12/12/2023,7268,296,1285,2110,0,1761,0
12/12/2023,8570,611,3414,2652,0,1629,0
12/12/2023,11577,501,946,1550,0,2089,0
12/12/2023,8311,347,2854,2734,0,2254,0
13/12/2023,6566,319,2727,2797,0,1670,0
13/12/2023,9033,620,1955,3392,0,2232,0
13/12/2023,7169,451,2897,3455,0,1347,0
13/12/2023,8012,417,3217,1158,0,1703,0
13/12/2023,7284,375,2558,3863,0,1299,0
13/12/2023,6498,558,1279,2037,0,3493,0
13/12/2023,5705,482,1691,2460,0,2558,0
13/12/2023,6092,481,1661,1702,0,1366,0
13/12/2023,10807,359,1257,2693,0,1134,0
13/12/2023,4374,553,2771,2240,0,3446,0
13/12/2023,8491,358,2965,1838,0,1213,0
13/12/2023,9159,389,1191,3183,0,1960,0
14/12/2023,11011,462,4194,2854,0,1440,0
14/12/2023,7062,259,1602,2866,0,3135,0
14/12/2023,7936,600,3584,3184,0,1665,0
14/12/2023,7825,407,1896,2024,0,1781,0
14/12/2023,5258,522,2851,1425,0,1536,0
14/12/2023,8269,680,4367,1878,0,2657,0
14/12/2023,7300,557,1987,3217,0,2643,0
14/12/2023,9801,524,993,2173,0,1550,0
14/12/2023,6213,396,4840,1291,0,2571,0
14/12/2023,6640,255,1959,1763,0,2375,0
14/12/2023,7101,619,1560,1991,0,1564,0
14/12/2023,8652,364,2176,3756,0,2689,0
15/12/2023,7471,357,4762,1695,0,2302,0
15/12/2023,6316,517,1512,2740,0,1271,0
15/12/2023,7689,699,1376,1857,0,1778,0
15/12/2023,6606,380,2026,2830,0,2096,0
15/12/2023,5386,637,1373,3055,0,2067,0
15/12/2023,6241,368,2490,2078,0,3274,0
15/12/2023,6711,570,2916,2748,0,1616,0
15/12/2023,5991,659,4009,1314,0,1887,0
15/12/2023,6845,581,1772,2937,0,2034,0
15/12/2023,5201,607,1664,3177,0,2039,0
15/12/2023,7986,751,1640,3962,0,3093,0
15/12/2023,6339,403,2603,2220,0,1150,0
16/12/2023,7663,384,1798,1210,0,1386,0
16/12/2023,8285,514,1298,2443,0,949,0
16/12/2023,7625,579,1173,2571,0,1506,0
16/12/2023,8375,559,2771,3025,0,2104,0
16/12/2023,9876,437,2692,1379,0,1853,0
16/12/2023,6502,450,2360,3636,0,2281,0
16/12/2023,8552,700,1182,4572,0,1424,0
16/12/2023,7008,744,1809,3491,0,2469,0
16/12/2023,8678,615,1678,1456,0,1208,0
16/12/2023,5714,385,1259,2603,0,1672,0
16/12/2023,5654,562,1081,4682,0,1889,0
16/12/2023,4477,617,1800,2130,0,3394,0
17/12/2023,6971,453,1946,3020,0,1660,0
17/12/2023,8820,463,2322,2674,0,2445,0
17/12/2023,6671,485,2511,2658,0,2018,0
17/12/2023,6576,550,852,1812,0,2069,0
17/12/2023,5412,714,1651,3673,0,1651,0
17/12/2023,8103,283,4043,2834,0,2797,0
17/12/2023,5859,461,1869,2030,0,3088,0
17/12/2023,12149,366,958,2354,0,2714,0
17/12/2023,6599,741,1433,1131,0,1023,0
17/12/2023,11842,538,4429,1909,0,1126,0
17/12/2023,5229,374,3123,1429,0,2703,0
18/12/2023,8286,594,1214,4429,0,2592,0
18/12/2023,4848,482,2867,1653,0,1700,0
18/12/2023,5722,493,1771,1946,0,3316,0
18/12/2023,11005,393,2706,1308,0,2241,0
18/12/2023,4693,321,1970,3059,0,2013,0
18/12/2023,10876,302,2265,3471,0,2503,0
18/12/2023,6747,523,2304,2743,0,1791,0
18/12/2023,11330,462,2791,1517,0,1504,0
18/12/2023,7509,652,3611,3153,0,1790,0
18/12/2023,6967,557,1770,1681,0,2010,0
18/12/2023,6291,721,2898,1030,0,3008,0
18/12/2023,5255,568,977,1635,0,3022,0
19/12/2023,4793,600,3752,4183,0,1913,0
19/12/2023,8856,487,1159,3786,0,2687,0
19/12/2023,5535,534,1476,1689,0,1940,0
19/12/2023,4123,775,3682,2510,0,1774,0
19/12/2023,6854,471,1750,2631,0,1962,0
19/12/2023,6943,317,1800,2775,0,1495,0
19/12/2023,9969,456,4151,1874,0,2746,0
19/12/2023,9111,617,3369,3179,0,1482,0
19/12/2023,4437,474,1039,2311,0,3679,0
19/12/2023,7626,567,2457,1463,0,1083,0
19/12/2023,10128,582,1937,2623,0,2966,0
19/12/2023,4700,373,2599,3952,0,2485,0
20/12/2023,8306,549,2411,3312,0,3258,0
20/12/2023,7775,473,3259,1966,0,1793,0
20/12/2023,7256,475,1359,4399,0,2083,0
20/12/2023,7334,374,2904,3430,0,1488,0
20/12/2023,4789,598,1939,2542,0,1588,0
20/12/2023,5326,326,2674,1950,0,1569,0
20/12/2023,5964,364,2523,1748,0,1788,0
20/12/2023,7189,640,2667,2617,0,1829,0
20/12/2023,8779,714,2167,1669,0,1993,0
20/12/2023,7871,389,2770,2381,0,2408,0
20/12/2023,7766,595,2796,4271,0,1268,0
20/12/2023,8096,450,4079,2615,0,2138,0
21/12/2023,6707,380,4367,1884,0,1404,0
21/12/2023,10197,497,3363,1517,0,1355,0
21/12/2023,5161,273,2959,1143,0,3071,0
21/12/2023,9401,405,2586,1076,0,974,0
21/12/2023,8814,302,2966,2728,0,1465,0
21/12/2023,7721,656,2344,3439,0,1751,0
21/12/2023,10985,314,1224,4133,0,1996,0
21/12/2023,7322,305,3874,1529,0,2717,0
21/12/2023,11268,722,2106,3303,0,1089,0
21/12/2023,7288,387,1421,3117,0,1992,0
21/12/2023,7649,439,1527,1460,0,2747,0
21/12/2023,8324,358,1356,2179,0,2142,0
22/12/2023,9557,593,3333,4334,0,1782,0
22/12/2023,6969,538,3713,1541,0,1849,0
22/12/2023,8665,408,3384,2427,0,2984,0
22/12/2023,7290,768,1980,2049,0,3248,0
22/12/2023,6521,783,1414,2804,0,2391,0
22/12/2023,9762,667,2788,1822,0,3096,0
22/12/2023,7515,351,3967,2879,0,1776,0
22/12/2023,8843,676,3401,1263,0,1485,0
22/12/2023,7801,605,2803,3139,0,2605,0
22/12/2023,7051,524,1210,3099,0,2413,0
22/12/2023,6075,681,3700,2771,0,2286,0
22/12/2023,6912,651,2705,2636,0,1599,0
23/12/2023,10167,293,2233,2560,0,2355,0
23/12/2023,6748,676,910,2384,0,1041,0
23/12/2023,9561,710,4401,1037,0,952,0
23/12/2023,9149,432,1916,4382,0,2105,0
23/12/2023,6652,284,1282,2026,0,3527,0
23/12/2023,7127,592,2986,3721,0,2712,0
23/12/2023,5773,439,3013,2206,0,2852,0
23/12/2023,7230,737,2615,2553,0,1709,0
23/12/2023,8710,330,1806,3061,0,1696,0
23/12/2023,11983,625,1777,1597,0,1038,0
23/12/2023,5973,380,1363,1157,0,3118,0
24/12/2023,6452,629,3163,4115,0,982,0
24/12/2023,5378,444,2407,2435,0,1077,0
24/12/2023,7548,588,1398,885,0,1731,0
24/12/2023,5270,579,2935,3562,0,2636,0
24/12/2023,4690,357,3420,3854,0,3445,0
24/12/2023,10087,459,3535,2835,0,1091,0
24/12/2023,8911,614,1286,2611,0,2005,0
24/12/2023,6709,618,2824,1925,0,1681,0
24/12/2023,5864,814,3892,3113,0,1737,0
24/12/2023,8934,436,3601,3034,0,1571,0
24/12/2023,10068,324,3111,1392,0,1017,0
25/12/2023,9511,461,3000,2186,0,2622,0
25/12/2023,10048,425,2516,3394,0,1464,0
25/12/2023,8904,298,1698,2090,0,3468,0
25/12/2023,7727,537,4682,2612,0,2259,0
25/12/2023,11300,352,2903,3876,0,1501,0
25/12/2023,6163,276,2199,3523,0,3465,0
25/12/2023,9344,396,2768,1602,0,1214,0
25/12/2023,5332,687,2761,3920,0,2106,0
25/12/2023,5835,487,1618,2191,0,2092,0
25/12/2023,10818,406,2187,1237,0,2474,0
25/12/2023,5134,468,3354,1658,0,2115,0
25/12/2023,8635,428,3742,1493,0,3561,0
26/12/2023,8230,592,2511,3862,0,2042,0
26/12/2023,7830,733,3206,2654,0,1854,0
26/12/2023,6539,393,1808,1502,0,2712,0
26/12/2023,7447,541,1932,1008,0,2761,0
26/12/2023,6875,565,4394,2085,0,2665,0
26/12/2023,5251,318,1661,3834,0,2816,0
26/12/2023,5496,607,2468,2483,0,2017,0
26/12/2023,7159,541,3712,1452,0,1814,0
26/12/2023,6971,377,2830,2766,0,2514,0
26/12/2023,7363,679,2373,1458,0,2325,0
26/12/2023,6063,284,3421,1231,0,2291,0
26/12/2023,11944,295,4117,1320,0,2165,0
26/12/2023,7277,530,3570,3322,0,1369,0
27/12/2023,10561,509,4108,2326,0,1333,0
27/12/2023,9100,299,1792,3088,0,2547,0
27/12/2023,5630,279,2674,3907,0,1142,0
27/12/2023,8465,421,3457,3898,0,3090,0
27/12/2023,7716,608,1682,1971,0,1250,0
27/12/2023,8691,284,3256,2094,0,2553,0
27/12/2023,6999,357,1094,1588,0,2389,0
27/12/2023,6900,491,3051,3374,0,2317,0
27/12/2023,5789,440,3413,1020,0,1427,0
27/12/2023,7101,509,3205,2045,0,1988,0
27/12/2023,7580,657,3460,3844,0,1356,0
27/12/2023,7533,553,1360,4640,0,1499,0
27/12/2023,6063,301,2979,2193,0,922,0
28/12/2023,9371,575,4035,3147,0,2951,0
28/12/2023,6101,388,769,1291,0,2465,0
28/12/2023,5967,563,2593,1931,0,2044,0
28/12/2023,8453,543,1233,2840,0,1798,0
28/12/2023,5092,457,1929,1806,0,3493,0
28/12/2023,10917,404,1813,2870,0,1620,0
28/12/2023,5311,412,2865,1536,0,2107,0
28/12/2023,4770,443,2455,4163,0,927,0
28/12/2023,5753,471,2425,1409,0,2089,0
28/12/2023,5957,496,3467,2261,0,1474,0
28/12/2023,5197,497,1503,1407,0,2419,0
28/12/2023,9565,250,2806,1127,0,2076,0
28/12/2023,7660,397,2182,1898,0,955,0
29/12/2023,6333,470,2207,1534,0,1079,0
29/12/2023,8224,473,1409,2177,0,2749,0
29/12/2023,5707,438,2986,2190,0,1489,0
29/12/2023,6815,523,3546,1125,0,2757,0
29/12/2023,10265,459,2150,1108,0,1317,0
29/12/2023,8735,310,1147,1310,0,2332,0
29/12/2023,8148,488,3597,1904,0,2663,0
29/12/2023,5068,567,2134,2614,0,2774,0
29/12/2023,7503,357,3089,3564,0,1026,0
29/12/2023,11541,663,2035,2672,0,2554,0
29/12/2023,6803,781,3978,2513,0,1832,0
29/12/2023,5301,329,1296,1338,0,2887,0
29/12/2023,7892,377,2708,1212,0,2730,0
30/12/2023,6287,518,3686,2104,0,1202,0
30/12/2023,4193,552,2076,3786,0,2284,0
30/12/2023,5803,475,2658,1969,0,1516,0
30/12/2023,7064,469,1711,1538,0,3331,0
30/12/2023,4038,455,1325,3348,0,1988,0
30/12/2023,9161,531,1813,3460,0,2662,0
30/12/2023,5864,370,1912,2701,0,2002,0
30/12/2023,6232,356,1859,2711,0,2316,0
30/12/2023,10865,328,2648,2913,0,2125,0
30/12/2023,5466,646,2055,1221,0,2582,0
30/12/2023,8105,341,1836,1470,0,1639,0
30/12/2023,11294,704,1590,2320,0,1636,0
31/12/2023,5972,721,3632,2408,0,1123,0
31/12/2023,9069,489,3761,2783,0,2327,0
31/12/2023,7586,402,2469,3319,0,2622,0
31/12/2023,8343,791,4141,1650,0,2235,0
31/12/2023,9812,443,2196,1804,0,1176,0
31/12/2023,5182,649,3661,3603,0,999,0
31/12/2023,7734,273,3379,2708,0,2322,0
31/12/2023,6666,549,2559,1156,0,3178,0
31/12/2023,7696,438,1766,2094,0,1477,0
31/12/2023,7082,470,3741,1113,0,2519,0
31/12/2023,6696,430,2668,1841,0,1725,0
31/12/2023,8912,456,2385,3342,0,1865,0
01/01/2024,8276,489,969,2604,0,1205,0
01/01/2024,7486,478,885,4121,0,1569,0
01/01/2024,7538,488,3738,1483,0,977,0
01/01/2024,7525,455,2117,1198,0,2662,0
01/01/2024,6381,376,2468,1420,0,2441,0
01/01/2024,7850,626,3620,2625,0,1142,0
01/01/2024,7660,376,3383,1109,0,2417,0
01/01/2024,7373,483,2783,1970,0,2748,0
01/01/2024,5175,288,2857,4392,0,1993,0
01/01/2024,7863,365,1591,1436,0,1999,0
01/01/2024,8049,300,2622,3482,0,1612,0
01/01/2024,6784,615,2086,1266,0,2209,0
02/01/2024,6155,767,3189,1997,0,2309,0
02/01/2024,5941,468,2422,1860,0,2267,0
02/01/2024,6852,570,3662,1877,0,2644,0
02/01/2024,8934,392,4130,1080,0,1461,0
02/01/2024,8097,556,1265,1694,0,2132,0
02/01/2024,9444,298,3605,2474,0,1452,0
02/01/2024,11651,388,2948,1629,0,2113,0
02/01/2024,8674,283,4214,1301,0,1071,0
02/01/2024,7693,635,1266,2150,0,3022,0
02/01/2024,6629,269,849,1230,0,2842,0
02/01/2024,8804,652,2672,2710,0,1685,0
02/01/2024,8369,437,2895,1737,0,1758,0
03/01/2024,6992,505,3406,1384,0,3027,0
03/01/2024,11098,242,3743,1064,0,1688,0
03/01/2024,5091,459,1149,4455,0,1762,0
03/01/2024,4629,368,4046,1645,0,1343,0
03/01/2024,8581,526,1897,1292,0,1336,0
03/01/2024,6168,441,1857,3791,0,1395,0
03/01/2024,7665,710,2622,2475,0,1788,0
03/01/2024,9357,413,2606,3893,0,1663,0
03/01/2024,4656,669,1639,3526,0,2984,0
03/01/2024,4285,803,3476,2609,0,2337,0
03/01/2024,7270,388,2331,3695,0,2628,0
03/01/2024,5939,768,1259,1337,0,2098,0
04/01/2024,8564,325,2856,2071,0,1936,0
04/01/2024,9437,565,1711,1846,0,3019,0
04/01/2024,11206,587,1259,3494,0,1276,0
04/01/2024,7352,740,3066,3105,0,809,0
04/01/2024,9299,580,1843,1404,0,2019,0
04/01/2024,5256,293,2360,2739,0,2361,0
04/01/2024,5292,419,3275,3205,0,1304,0
04/01/2024,5767,699,1527,1540,0,3066,0
04/01/2024,4183,634,3504,1054,0,1489,0
04/01/2024,4363,394,1313,4039,0,864,0
04/01/2024,5272,556,1415,2536,0,1768,0
04/01/2024,5957,591,2442,1095,0,1686,0
04/01/2024,10525,537,4082,2303,0,3272,0
05/01/2024,5306,475,1133,2797,0,2046,0
05/01/2024,6042,711,2936,4104,0,2421,0
05/01/2024,9257,394,2915,3906,0,1573,0
05/01/2024,6994,530,3295,3947,0,2366,0
05/01/2024,7867,277,1501,2509,0,1810,0
05/01/2024,5457,754,1171,3540,0,910,0
05/01/2024,6177,564,1444,3740,0,1927,0
05/01/2024,6657,369,2688,2381,0,1898,0
05/01/2024,8858,736,1710,2127,0,1110,0
05/01/2024,7108,397,3339,3719,0,1664,0
05/01/2024,10255,540,2847,4488,0,1428,0
05/01/2024,7756,607,1833,3874,0,1574,0
06/01/2024,9412,320,3906,1227,0,2826,0
06/01/2024,4950,688,2117,2556,0,1848,0
06/01/2024,7362,575,2447,1170,0,1815,0
06/01/2024,7008,450,1738,3675,0,1078,0
06/01/2024,7901,300,1489,3265,0,2062,0
06/01/2024,8059,507,3391,3277,0,2084,0
06/01/2024,7146,684,2564,3402,0,1732,0
06/01/2024,6053,295,1959,3027,0,1983,0
06/01/2024,7866,623,1806,1968,0,1744,0
06/01/2024,8336,415,1518,4806,0,1958,0
06/01/2024,10710,488,1366,2766,0,2343,0
06/01/2024,9378,473,974,1686,0,1121,0
07/01/2024,7622,569,1690,4365,0,1781,0
07/01/2024,9105,597,3686,1681,0,1210,0
07/01/2024,4541,738,3527,3262,0,959,0
07/01/2024,5693,734,2614,2019,0,1581,0
07/01/2024,6062,817,4312,1551,0,1493,0
07/01/2024,7579,699,3142,2961,0,1479,0
07/01/2024,7409,709,2881,2606,0,1245,0
07/01/2024,10934,470,2799,3723,0,1961,0
07/01/2024,9115,542,1244,2862,0,2987,0
07/01/2024,8221,604,1464,2003,0,3022,0
07/01/2024,11756,531,984,2607,0,2662,0
07/01/2024,5504,499,3391,3101,0,3297,0
08/01/2024,9642,359,1894,1357,0,926,0
08/01/2024,6603,517,3115,1237,0,2916,0
08/01/2024,8165,616,3017,1530,0,1671,0
08/01/2024,6076,382,1953,1703,0,2267,0
08/01/2024,4783,502,1239,2469,0,2968,0
08/01/2024,5273,582,2501,2229,0,2251,0
08/01/2024,7430,722,3079,3069,0,1365,0
08/01/2024,8508,667,1522,3707,0,1672,0
08/01/2024,7051,580,3574,3051,0,1457,0
08/01/2024,8935,540,1043,2435,0,1196,0
08/01/2024,6605,409,2986,2324,0,1688,0
08/01/2024,7746,352,2375,1535,0,2305,0
08/01/2024,7193,342,2737,3857,0,1110,0
09/01/2024,9434,521,2392,2147,0,3129,0
09/01/2024,9813,318,2364,1556,0,2121,0
09/01/2024,7033,321,4674,2491,0,1552,0
09/01/2024,7616,434,4484,3323,0,1404,0
09/01/2024,8413,828,1907,4375,0,2425,0
09/01/2024,5378,437,3217,2416,0,2801,0
09/01/2024,7346,457,1458,2603,0,1759,0
09/01/2024,8309,318,3513,1113,0,2952,0
09/01/2024,7889,591,2214,3764,0,1345,0
09/01/2024,8743,523,4345,2074,0,2226,0
09/01/2024,4427,471,2322,2723,0,1587,0
09/01/2024,4327,450,2643,2271,0,2640,0
09/01/2024,4551,495,2305,2792,0,2313,0
10/01/2024,6655,389,3205,2632,0,2260,0
10/01/2024,8831,764,3293,2448,0,3260,0
10/01/2024,10241,304,3518,1853,0,2328,0
10/01/2024,4963,437,3996,1652,0,1972,0
10/01/2024,8863,582,1778,3488,0,1682,0
10/01/2024,7106,337,2622,2913,0,2553,0
10/01/2024,6120,374,3747,2305,0,1787,0
10/01/2024,7408,499,1346,2296,0,1873,0
10/01/2024,6280,461,2821,2683,0,2665,0
10/01/2024,8195,715,1498,1698,0,1170,0
10/01/2024,5697,351,3959,3327,0,1878,0
10/01/2024,9256,525,3900,1398,0,2521,0
11/01/2024,5982,519,3911,2306,0,2070,0
11/01/2024,7188,360,3022,3019,0,1168,0
11/01/2024,6587,609,2206,3328,0,1854,0
11/01/2024,8529,512,2792,4334,0,2223,0
11/01/2024,4335,379,4201,2088,0,3213,0
11/01/2024,9104,627,1534,2448,0,2061,0
11/01/2024,6020,261,2462,1954,0,3113,0
11/01/2024,8774,400,2413,2240,0,1130,0
11/01/2024,6869,528,4136,4276,0,2100,0
11/01/2024,8185,561,1361,1858,0,1503,0
11/01/2024,4390,396,1199,2589,0,1364,0
11/01/2024,3933,271,3448,1300,0,2060,0
11/01/2024,10079,527,3363,2711,0,2991,0
12/01/2024,4006,354,3718,3757,0,858,0
12/01/2024,5426,339,1249,1439,0,2744,0
12/01/2024,4932,484,1302,2254,0,1321,0
12/01/2024,7649,420,2247,3989,0,2273,0
12/01/2024,8558,487,2908,3098,0,2876,0
12/01/2024,9443,560,2934,1215,0,2929,0
12/01/2024,11183,373,1020,1385,0,1106,0
12/01/2024,8668,364,3887,2223,0,2355,0
12/01/2024,5328,323,2311,1846,0,3001,0
12/01/2024,7240,569,2757,3264,0,2399,0
12/01/2024,4423,572,3220,3528,0,2021,0
12/01/2024,5530,518,1556,2966,0,2296,0
12/01/2024,5746,394,1319,1865,0,923,0
13/01/2024,6696,703,1832,4193,0,3107,0
13/01/2024,7985,672,2240,2884,0,1694,0
13/01/2024,6016,535,2720,2258,0,1510,0
13/01/2024,7838,374,4044,3882,0,2252,0
13/01/2024,9565,600,4338,3821,0,3062,0
13/01/2024,7473,459,3207,2479,0,3241,0
13/01/2024,5582,486,4294,1666,0,1560,0
13/01/2024,7471,260,1377,1756,0,1127,0
13/01/2024,6646,564,2666,3160,0,1939,0
13/01/2024,5940,579,3321,1793,0,2067,0
13/01/2024,6769,542,1764,1372,0,1942,0
13/01/2024,6972,810,1514,1490,0,1459,0
14/01/2024,9569,338,4311,2456,0,2711,0
14/01/2024,4819,474,2816,1113,0,2178,0
14/01/2024,6527,370,2870,1231,0,2288,0
14/01/2024,8087,420,1676,877,0,1520,0
14/01/2024,7765,527,1734,2485,0,2493,0
14/01/2024,4825,404,3539,1102,0,1475,0
14/01/2024,6830,541,2450,2539,0,3061,0
14/01/2024,8779,393,1865,2914,0,1764,0
14/01/2024,8625,623,1808,2472,0,1670,0
14/01/2024,5722,367,2811,3705,0,2615,0
14/01/2024,4170,489,1698,1371,0,2101,0
14/01/2024,5923,645,1478,3688,0,2392,0
15/01/2024,11346,534,1419,1389,0,2906,0
15/01/2024,7866,858,2922,3868,0,2708,0
15/01/2024,11673,404,4775,2104,0,3356,0
15/01/2024,5988,703,1267,1165,0,3100,0
15/01/2024,6560,432,2280,2673,0,2220,0
15/01/2024,8615,506,2289,3962,0,1044,0
15/01/2024,5403,416,1993,1592,0,1961,0
15/01/2024,8393,364,1491,4623,0,2320,0
15/01/2024,5263,422,1195,4264,0,2659,0
15/01/2024,9608,503,2697,1231,0,2591,0
15/01/2024,7272,377,2633,3023,0,2187,0
15/01/2024,8568,676,2557,880,0,2539,0
15/01/2024,10788,473,2356,4340,0,2912,0
16/01/2024,6431,531,4518,3016,0,1201,0
16/01/2024,10440,722,1118,1184,0,3013,0
16/01/2024,6897,753,1739,1473,0,2698,0
16/01/2024,10068,654,2368,3722,0,2825,0
16/01/2024,7493,386,3505,3122,0,1635,0
16/01/2024,8741,527,2921,2461,0,1707,0
16/01/2024,10577,453,2983,2505,0,2996,0
16/01/2024,11568,435,1522,1489,0,3137,0
16/01/2024,7744,685,3860,3854,0,2704,0
16/01/2024,7109,568,3056,1453,0,3261,0
16/01/2024,4330,482,3888,3911,0,1189,0
16/01/2024,7889,512,2692,2093,0,1288,0
16/01/2024,6317,544,2493,1266,0,2403,0
17/01/2024,6489,798,2154,2328,0,2405,0
17/01/2024,6159,510,2808,3233,0,1741,0
17/01/2024,7190,634,2813,2245,0,2209,0
17/01/2024,6469,466,3678,3570,0,2778,0
17/01/2024,6816,511,1995,1644,0,2343,0
17/01/2024,6479,263,2876,3488,0,2576,0
17/01/2024,8511,312,2307,1674,0,2300,0
17/01/2024,8991,766,2664,2658,0,1413,0
17/01/2024,6561,430,2767,3302,0,2215,0
17/01/2024,6976,461,1822,2987,0,2973,0
17/01/2024,6648,256,1579,1782,0,2696,0
17/01/2024,5591,616,1735,1192,0,2557,0
17/01/2024,8938,418,1507,2788,0,2177,0
17/01/2024,5967,414,2051,2721,0,1277,0
18/01/2024,8648,332,899,3247,0,1498,0
18/01/2024,5387,550,2498,2228,0,3057,0
18/01/2024,7772,485,3879,3313,0,2085,0
18/01/2024,4759,533,1983,2787,0,2332,0
18/01/2024,5193,526,1187,1477,0,1596,0
18/01/2024,5407,350,925,1319,0,2183,0
18/01/2024,5021,322,1347,1895,0,1744,0
18/01/2024,7409,525,1334,4171,0,1411,0
18/01/2024,9787,541,1578,1409,0,2415,0
18/01/2024,3863,492,3274,3029,0,2793,0
18/01/2024,7523,543,1303,2415,0,1766,0
18/01/2024,6643,256,2891,1037,0,2554,0
18/01/2024,5928,415,4227,1090,0,1077,0
18/01/2024,8271,643,4371,1992,0,1295,0
19/01/2024,6218,789,3233,2644,0,3036,0
19/01/2024,10686,690,2584,1900,0,3060,0
19/01/2024,5445,749,3528,3211,0,2274,0
19/01/2024,4996,521,4322,3201,0,1992,0
19/01/2024,8163,795,3610,1028,0,1639,0
19/01/2024,6565,573,3653,1306,0,1285,0
19/01/2024,9655,704,1351,2528,0,3145,0
19/01/2024,7496,516,1625,4741,0,1346,0
19/01/2024,9261,447,1704,2014,0,2633,0
19/01/2024,4980,421,2206,3476,0,2179,0
19/01/2024,6608,382,3011,2170,0,2997,0
19/01/2024,7533,573,2812,3025,0,3396,0
19/01/2024,10099,808,3854,3485,0,2909,0
19/01/2024,4023,444,2024,1926,0,1730,0
20/01/2024,6845,682,3399,2725,0,2676,0
20/01/2024,5694,480,1112,3130,0,3624,0
20/01/2024,9424,619,1694,2746,0,3243,0
20/01/2024,4898,317,3765,3668,0,1585,0
20/01/2024,6635,486,1024,2453,0,2302,0
20/01/2024,7599,484,4531,1957,0,1671,0
20/01/2024,6519,489,1798,1612,0,1810,0
20/01/2024,10284,464,3178,3420,0,2561,0
20/01/2024,5790,373,1994,4460,0,1897,0
20/01/2024,10767,321,984,4009,0,2176,0
20/01/2024,9865,661,2914,2655,0,2516,0
20/01/2024,5198,346,4413,2664,0,2168,0
20/01/2024,7717,652,3288,1729,0,2358,0
21/01/2024,9108,348,2595,2403,0,987,0
21/01/2024,5943,729,2345,1794,0,1448,0
21/01/2024,7257,404,3389,2705,0,2028,0
21/01/2024,5987,396,2020,1701,0,1810,0
21/01/2024,8724,554,1929,1589,0,1828,0
21/01/2024,5795,626,3003,1293,0,1067,0
21/01/2024,10742,689,1380,3278,0,1171,0
21/01/2024,9066,306,1706,2432,0,1791,0
21/01/2024,7938,658,1164,4195,0,1419,0
21/01/2024,8898,663,1315,2990,0,2158,0
21/01/2024,5009,447,1762,2229,0,931,0
21/01/2024,8191,518,1473,2329,0,1998,0
21/01/2024,9196,490,1213,3672,0,3583,0
22/01/2024,9789,514,2983,4145,0,1126,0
22/01/2024,7771,754,1202,3175,0,2136,0
22/01/2024,5033,373,1531,2111,0,1352,0
22/01/2024,7016,313,1796,2088,0,2480,0
22/01/2024,7516,336,2221,1913,0,2223,0
22/01/2024,9043,409,1441,2554,0,2242,0
22/01/2024,5878,559,3056,4319,0,1079,0
22/01/2024,6633,628,2897,4155,0,1135,0
22/01/2024,9689,500,3273,2232,0,1124,0
22/01/2024,8731,500,1079,1143,0,2743,0
22/01/2024,10776,663,1184,1382,0,1728,0
22/01/2024,9462,409,3217,3318,0,2515,0
22/01/2024,5485,362,3061,3118,0,1556,0
22/01/2024,4603,564,1860,1766,0,1887,0
23/01/2024,10032,787,1524,2630,0,1529,0
23/01/2024,8112,796,1210,2393,0,1856,0
23/01/2024,6290,609,2860,4555,0,2038,0
23/01/2024,7361,601,2445,4139,0,2670,0
23/01/2024,5656,373,4455,2291,0,3362,0
23/01/2024,6141,522,2062,3488,0,1385,0
23/01/2024,7502,485,1839,2849,0,1655,0
23/01/2024,7595,672,1818,4186,0,1312,0
23/01/2024,6190,603,4583,3531,0,3165,0
23/01/2024,7298,466,2263,3316,0,1817,0
23/01/2024,7960,374,2730,1694,0,2983,0
23/01/2024,6378,348,1685,1577,0,954,0
23/01/2024,8728,773,2799,1044,0,2782,0
23/01/2024,9056,635,1662,3809,0,3403,0
24/01/2024,7629,537,2590,2473,0,2516,0
24/01/2024,5037,690,943,3146,0,1588,0
24/01/2024,4785,578,1451,1397,0,1974,0
24/01/2024,10116,646,4632,1332,0,2244,0
24/01/2024,4574,736,2194,2285,0,1743,0
24/01/2024,6424,292,2621,3404,0,1901,0
24/01/2024,5568,595,3435,3529,0,1060,0
24/01/2024,5095,529,2881,2500,0,2629,0
24/01/2024,4405,389,3345,2514,0,3432,0
24/01/2024,8365,488,3918,2899,0,2274,0
24/01/2024,7372,685,1634,4560,0,2898,0
24/01/2024,5681,469,3243,3944,0,1454,0
24/01/2024,11614,668,1786,3673,0,1157,0
24/01/2024,10331,820,2316,1080,0,2374,0
25/01/2024,4852,591,1325,2499,0,1679,0
25/01/2024,6990,629,4473,1094,0,1983,0
25/01/2024,6899,423,1160,1608,0,1650,0
25/01/2024,6767,253,4061,1459,0,1704,0
25/01/2024,10151,315,1094,1336,0,2489,0
25/01/2024,8486,735,4160,2661,0,2827,0
25/01/2024,8026,479,3193,2279,0,1334,0
25/01/2024,6438,433,2807,3248,0,2208,0
25/01/2024,10954,735,2255,2637,0,1383,0
25/01/2024,11405,671,1226,1278,0,2222,0
25/01/2024,6956,592,3544,2481,0,2654,0
25/01/2024,9404,700,2712,4774,0,1103,0
25/01/2024,7325,434,2986,2780,0,2083,0
25/01/2024,5407,388,1349,2827,0,2412,0
26/01/2024,10375,558,2310,3169,0,1591,0
26/01/2024,5882,769,1888,1017,0,3250,0
26/01/2024,8180,511,1621,2907,0,3008,0
26/01/2024,6165,432,2145,2253,0,2040,0
26/01/2024,6939,379,2907,2958,0,1734,0
26/01/2024,7550,530,913,2589,0,2826,0
26/01/2024,5351,543,2432,1679,0,2623,0
26/01/2024,5760,563,3165,3586,0,1305,0
26/01/2024,7598,568,2730,2112,0,1417,0
26/01/2024,7422,389,2399,2048,0,3266,0
26/01/2024,5687,556,2796,1324,0,1471,0
26/01/2024,5140,568,2697,3604,0,1478,0
26/01/2024,6938,822,3951,3422,0,1902,0
26/01/2024,6966,412,2066,2621,0,2769,0
27/01/2024,5727,524,2894,2398,0,1541,0
27/01/2024,9520,513,1084,1088,0,3460,0
27/01/2024,7802,574,3636,3386,0,2439,0
27/01/2024,4711,508,1478,4262,0,1339,0
27/01/2024,7471,461,1121,1102,0,1793,0
27/01/2024,5458,473,2014,3397,0,1985,0
27/01/2024,7684,280,1921,2590,0,1281,0
27/01/2024,8573,598,2744,2150,0,1619,0
27/01/2024,6973,405,2484,2335,0,2030,0
27/01/2024,6156,425,3007,2271,0,1924,0
27/01/2024,6186,422,3801,1131,0,3046,0
27/01/2024,11754,372,2364,3142,0,2217,0
27/01/2024,7302,449,2753,2224,0,916,0
27/01/2024,8549,431,4236,1275,0,2521,0
28/01/2024,8585,355,2988,2283,0,1192,0
28/01/2024,5989,384,2569,3789,0,2422,0
28/01/2024,8031,601,3879,3152,0,1142,0
28/01/2024,5009,549,4441,4296,0,3065,0
28/01/2024,8216,451,2193,1674,0,2224,0
28/01/2024,6882,650,1892,2385,0,1084,0
28/01/2024,5864,461,1051,2630,0,1969,0
28/01/2024,9064,380,3732,4769,0,2633,0
28/01/2024,7681,686,3492,3175,0,1151,0
28/01/2024,6656,790,3191,2343,0,3444,0
28/01/2024,5068,446,2616,3786,0,1253,0
28/01/2024,7578,240,3328,1288,0,1562,0
29/01/2024,6956,603,2000,4644,0,983,0
29/01/2024,6781,338,3075,3161,0,3311,0
29/01/2024,7664,628,1291,3800,0,2756,0
29/01/2024,7202,590,3594,2735,0,1411,0
29/01/2024,4537,729,1954,1240,0,2671,0
29/01/2024,5135,250,1148,1825,0,1653,0
29/01/2024,9066,779,3450,2393,0,1817,0
29/01/2024,10885,511,3522,1859,0,1963,0
29/01/2024,6294,564,3231,2699,0,1594,0
29/01/2024,5440,644,3756,3397,0,1428,0
29/01/2024,7934,569,2298,2546,0,1889,0
29/01/2024,7807,789,2033,1620,0,2704,0
29/01/2024,7867,510,3139,2645,0,2789,0
30/01/2024,6938,437,2886,1526,0,1048,0
30/01/2024,6471,860,2326,1809,0,1647,0
30/01/2024,5957,511,3248,3891,0,1393,0
30/01/2024,6399,775,3054,1922,0,2196,0
30/01/2024,10471,290,2280,2595,0,2637,0
30/01/2024,4982,527,4087,2674,0,1293,0
30/01/2024,4396,290,3096,4042,0,926,0
30/01/2024,7930,375,3762,3626,0,2636,0
30/01/2024,11650,744,3801,2247,0,2007,0
30/01/2024,6931,562,3008,3053,0,2756,0
30/01/2024,5807,536,4479,2979,0,954,0
30/01/2024,6595,281,1025,2805,0,1469,0
30/01/2024,9711,484,2565,3718,0,2031,0
30/01/2024,8014,398,1096,1620,0,1301,0
31/01/2024,8388,385,3792,1170,0,3103,0
31/01/2024,5470,509,2268,3681,0,1171,0
31/01/2024,4726,817,1439,1249,0,2065,0
31/01/2024,9071,637,1230,2080,0,1529,0
31/01/2024,9852,573,2873,2634,0,1037,0
31/01/2024,8184,312,1517,890,0,2230,0
31/01/2024,7970,269,2805,4084,0,2808,0
31/01/2024,7221,465,2910,3760,0,2104,0
31/01/2024,5787,455,3629,1992,0,1639,0
31/01/2024,7136,595,3688,3251,0,1383,0
31/01/2024,7236,703,3463,1886,0,3039,0
31/01/2024,7088,763,4122,1953,0,3329,0
31/01/2024,6909,587,1935,2327,0,2597,0
31/01/2024,8873,525,1981,4097,0,1058,0
31/01/2024,6544,670,4605,4187,0,1737,0
01/02/2024,6011,445,2937,1549,0,1961,0
01/02/2024,7034,546,2007,1331,0,1446,0
01/02/2024,8829,693,1358,2740,0,2104,0
01/02/2024,11839,426,1797,1330,0,1314,0
01/02/2024,7214,708,1687,1398,0,2496,0
01/02/2024,8370,328,4547,1515,0,2133,0
01/02/2024,8698,436,2641,2650,0,1363,0
01/02/2024,10412,438,1986,2972,0,2130,0
01/02/2024,10199,717,3287,3564,0,2368,0
01/02/2024,11730,634,2215,3140,0,1531,0
01/02/2024,4934,278,3224,2259,0,2061,0
01/02/2024,8844,365,2360,3058,0,1604,0
01/02/2024,4681,389,2503,1544,0,1663,0
01/02/2024,8753,510,3081,2734,0,1840,0
01/02/2024,4044,715,785,4475,0,1910,0
02/02/2024,7303,508,1648,2305,0,1140,0
02/02/2024,8396,403,2388,2571,0,1166,0
02/02/2024,8182,515,1839,2214,0,1507,0
02/02/2024,11277,650,3101,2665,0,1355,0
02/02/2024,9249,372,1976,1909,0,3249,0
02/02/2024,7845,614,2720,2910,0,971,0
02/02/2024,5914,501,1492,2862,0,2497,0
02/02/2024,7803,554,2699,3103,0,2305,0
02/02/2024,11008,651,1138,3719,0,3471,0
02/02/2024,9527,432,1077,1019,0,1676,0
02/02/2024,6341,641,2553,1250,0,3193,0
02/02/2024,8015,352,1026,1326,0,1298,0
02/02/2024,8817,297,2056,1862,0,2567,0
02/02/2024,8198,514,1284,2908,0,2027,0
02/02/2024,5066,681,1023,1044,0,2017,0
03/02/2024,9306,482,2261,2436,0,2867,0
03/02/2024,8108,297,1740,1160,0,1246,0
03/02/2024,9101,271,1273,2654,0,3414,0
03/02/2024,7433,583,3740,1619,0,2123,0
03/02/2024,7587,395,4154,3751,0,1278,0
03/02/2024,9381,419,2003,2034,0,2451,0
03/02/2024,9459,718,2761,2762,0,2234,0
03/02/2024,5848,412,3366,2287,0,1978,0
03/02/2024,7025,403,4225,3206,0,1199,0
03/02/2024,5364,532,2647,2552,0,2098,0
03/02/2024,6785,279,1962,1720,0,2366,0
03/02/2024,7526,424,3514,1526,0,2195,0
03/02/2024,11235,329,3115,1705,0,2380,0
03/02/2024,9176,700,1653,2161,0,2485,0
04/02/2024,7083,324,3601,2207,0,2256,0
04/02/2024,6015,364,2070,1320,0,1181,0
04/02/2024,9364,607,3728,3868,0,3384,0
04/02/2024,8203,494,2922,2046,0,1362,0
04/02/2024,8667,539,2830,3948,0,1164,0
04/02/2024,7806,406,1825,1026,0,1114,0
04/02/2024,10560,374,4624,3538,0,2426,0
04/02/2024,7165,588,2628,2722,0,2248,0
04/02/2024,10150,550,1859,1299,0,930,0
04/02/2024,7392,325,4066,2619,0,2307,0
04/02/2024,8333,523,3933,3726,0,1632,0
04/02/2024,9056,658,2753,2891,0,3019,0
04/02/2024,9579,647,3857,4165,0,2535,0
04/02/2024,7290,439,1676,3560,0,1830,0
05/02/2024,9596,372,4232,2275,0,1741,0
05/02/2024,5732,401,2834,1969,0,3110,0
05/02/2024,9596,473,2117,2889,0,2177,0
05/02/2024,8312,609,1893,1551,0,1422,0
05/02/2024,6848,662,1965,3055,0,2272,0
05/02/2024,7748,393,1964,1649,0,3388,0
05/02/2024,9215,488,3279,2827,0,3059,0
05/02/2024,9339,425,3072,2811,0,1155,0
05/02/2024,5075,372,1932,1639,0,1390,0
05/02/2024,11363,420,3542,3543,0,1896,0
05/02/2024,9360,488,2589,2900,0,2142,0
05/02/2024,5941,288,3167,1071,0,3548,0
05/02/2024,5270,508,3471,3222,0,1603,0
05/02/2024,9249,565,2789,2973,0,1002,0
06/02/2024,9472,262,2507,3090,0,2096,0
06/02/2024,10232,362,3470,2720,0,1245,0
06/02/2024,6836,558,1764,2895,0,1583,0
06/02/2024,7079,630,2724,3263,0,2962,0
06/02/2024,4983,525,3135,2338,0,1791,0
06/02/2024,9391,471,974,2324,0,1134,0
06/02/2024,4566,407,2171,2096,0,984,0
06/02/2024,5623,419,1194,4458,0,2655,0
06/02/2024,9916,556,3115,1894,0,3264,0
06/02/2024,8717,453,1897,2228,0,2641,0
06/02/2024,8429,528,1698,2996,0,2906,0
06/02/2024,11701,814,1778,1665,0,2232,0
06/02/2024,7190,407,3725,2718,0,2523,0
06/02/2024,7323,445,1171,2193,0,996,0
06/02/2024,5732,620,1943,3299,0,2176,0
07/02/2024,5445,475,902,2345,0,3035,0
07/02/2024,5546,529,1302,3972,0,2602,0
07/02/2024,7036,325,2760,3933,0,2419,0
07/02/2024,8064,407,1577,1248,0,1865,0
07/02/2024,7125,567,1595,997,0,2164,0
07/02/2024,8957,286,2608,1741,0,2374,0
07/02/2024,3809,408,2201,1959,0,2248,0
07/02/2024,6108,723,2587,1412,0,1252,0
07/02/2024,4683,597,3444,3294,0,1105,0
07/02/2024,8867,453,3511,1061,0,1477,0
07/02/2024,6217,506,1201,1104,0,2008,0
07/02/2024,6993,626,3350,1394,0,1020,0
07/02/2024,7652,311,3361,3178,0,1688,0
07/02/2024,11212,403,3849,1192,0,1212,0
07/02/2024,5648,346,3353,3376,0,2056,0
08/02/2024,5967,469,4360,2966,0,1591,0
08/02/2024,6418,556,3069,2909,0,2221,0
08/02/2024,10533,450,2413,1447,0,3178,0
08/02/2024,8309,415,2520,1109,0,2006,0
08/02/2024,7338,404,2296,2215,0,1508,0
08/02/2024,8816,495,1020,2083,0,2286,0
08/02/2024,5609,495,1666,1840,0,1263,0
08/02/2024,7432,350,3782,1755,0,1163,0
08/02/2024,7662,669,1934,1532,0,3202,0
08/02/2024,9770,462,1698,2599,0,1395,0
08/02/2024,7788,606,3728,1739,0,2417,0
08/02/2024,6765,425,3932,1038,0,2133,0
08/02/2024,9738,748,2031,2574,0,1733,0
08/02/2024,8365,452,2805,1588,0,2510,0
08/02/2024,6948,537,992,1377,0,1083,0
09/02/2024,9089,501,1238,1805,0,1993,0
09/02/2024,9022,568,2026,1294,0,2132,0
09/02/2024,6506,485,2569,1612,0,2607,0
09/02/2024,4581,451,2787,2073,0,1217,0
09/02/2024,4533,471,1694,2391,0,1448,0
09/02/2024,7962,579,3022,1660,0,1351,0
09/02/2024,4378,462,3400,915,0,1484,0
09/02/2024,9571,721,3262,2047,0,1656,0
09/02/2024,7426,429,1442,2875,0,1196,0
09/02/2024,6705,418,2969,2943,0,1646,0
09/02/2024,4887,335,1869,2374,0,1910,0
09/02/2024,6461,524,3872,2964,0,2393,0
09/02/2024,11811,499,3822,1229,0,1031,0
09/02/2024,7126,335,3728,1699,0,1609,0
09/02/2024,6172,429,1107,1533,0,2109,0
10/02/2024,8717,520,1273,2142,0,2445,0
10/02/2024,6742,431,3243,2343,0,2743,0
10/02/2024,7428,784,1952,2402,0,1207,0
10/02/2024,6413,498,2705,3391,0,1704,0
10/02/2024,11018,700,1863,3154,0,1573,0
10/02/2024,6985,514,1190,2642,0,2151,0
10/02/2024,10398,503,3273,2869,0,2534,0
10/02/2024,6771,582,1288,3229,0,931,0
10/02/2024,10692,631,3526,1159,0,1461,0
10/02/2024,10002,395,1371,3575,0,3118,0
10/02/2024,12191,464,2127,3252,0,1426,0
10/02/2024,7696,586,1397,1531,0,2773,0
10/02/2024,5364,545,3012,1209,0,2455,0
10/02/2024,9241,684,2797,3280,0,2955,0
11/02/2024,8724,608,1102,1209,0,2351,0
11/02/2024,4355,361,1901,3003,0,1281,0
11/02/2024,4448,348,1710,2257,0,2690,0
11/02/2024,9122,687,2080,2680,0,1681,0
11/02/2024,8196,438,1304,1829,0,2354,0
11/02/2024,6980,357,3172,2441,0,1916,0
11/02/2024,7460,668,3666,2634,0,2665,0
11/02/2024,7026,418,3420,3472,0,1400,0
11/02/2024,6134,523,1973,1675,0,794,0
11/02/2024,7779,617,3065,3489,0,2114,0
11/02/2024,5858,772,2397,2635,0,1993,0
11/02/2024,5226,462,4616,3550,0,2682,0
11/02/2024,9544,358,2204,3220,0,2395,0
11/02/2024,7915,691,3924,1774,0,1939,0
12/02/2024,7725,615,4275,3414,0,1680,0
12/02/2024,11930,468,1759,2017,0,1821,0
12/02/2024,8345,357,1350,3747,0,2702,0
12/02/2024,4962,566,3210,3275,0,1504,0
12/02/2024,9171,374,2415,1269,0,2258,0
12/02/2024,5172,361,2672,1344,0,1703,0
12/02/2024,5607,530,3176,1771,0,877,0
12/02/2024,5797,358,1421,2485,0,1196,0
12/02/2024,6563,759,1087,3277,0,2207,0
12/02/2024,8897,362,2315,4470,0,3344,0
12/02/2024,7305,381,2504,2197,0,1788,0
12/02/2024,5772,618,2040,2378,0,1124,0
12/02/2024,7190,263,1799,1711,0,858,0
12/02/2024,11846,574,2375,2309,0,1564,0
12/02/2024,6663,514,1512,2355,0,2015,0
13/02/2024,5814,567,1654,2569,0,3419,0
13/02/2024,6568,424,3381,2884,0,1947,0
13/02/2024,8610,449,2415,2967,0,1712,0
13/02/2024,8442,359,1451,1348,0,1997,0
13/02/2024,9953,696,2408,1354,0,1071,0
13/02/2024,5434,238,1650,1878,0,2095,0
13/02/2024,4842,722,1518,3123,0,1382,0
13/02/2024,11147,802,1153,3298,0,2128,0
13/02/2024,7116,831,3965,1173,0,1972,0
13/02/2024,6433,524,2929,1397,0,2213,0
13/02/2024,6581,746,2200,1217,0,2517,0
13/02/2024,8809,489,3108,1235,0,2098,0
13/02/2024,9843,368,3774,3644,0,2637,0
13/02/2024,8565,778,1963,3452,0,2246,0
13/02/2024,5038,282,1997,1018,0,1320,0
14/02/2024,8851,511,1384,1880,0,1927,0
14/02/2024,10524,364,2179,2462,0,2547,0
14/02/2024,6787,338,2106,1850,0,2569,0
14/02/2024,6568,269,1141,3475,0,1919,0
14/02/2024,8361,507,3575,3235,0,1012,0
14/02/2024,9933,266,2713,1989,0,1387,0
14/02/2024,8237,397,1712,2484,0,2088,0
14/02/2024,10208,792,2401,862,0,1301,0
14/02/2024,6747,682,2201,2550,0,2975,0
14/02/2024,7520,474,2805,4610,0,2185,0
14/02/2024,4856,682,3472,4286,0,1768,0
14/02/2024,7901,611,997,1895,0,1662,0
14/02/2024,7758,583,3500,1879,0,2519,0
14/02/2024,6768,737,2068,2483,0,2132,0
14/02/2024,10546,493,3844,2632,0,2255,0
15/02/2024,5830,750,2080,2770,0,1536,0
15/02/2024,8168,379,3025,2618,0,1966,0
15/02/2024,6597,645,2933,3447,0,1484,0
15/02/2024,7680,609,2760,1158,0,2370,0
15/02/2024,8054,721,1186,2146,0,1939,0
15/02/2024,6797,555,2953,1911,0,2448,0
15/02/2024,8294,569,3574,1145,0,3074,0
15/02/2024,11260,533,1372,3232,0,898,0
15/02/2024,9865,488,2520,2920,0,1817,0
15/02/2024,10343,411,2087,3345,0,2079,0
15/02/2024,7763,354,3185,3091,0,1530,0
15/02/2024,4929,355,2013,1899,0,2838,0
15/02/2024,5591,558,1368,3839,0,2557,0
15/02/2024,6203,504,3394,3494,0,2504,0
15/02/2024,9127,534,4136,1309,0,2623,0
16/02/2024,9595,592,2269,2357,0,1864,0
16/02/2024,8963,705,1850,3541,0,2870,0
16/02/2024,5986,289,1001,2286,0,1254,0
16/02/2024,9125,546,1395,2523,0,2116,0
16/02/2024,7249,426,3083,2861,0,1665,0
16/02/2024,6083,736,2730,1051,0,2034,0
16/02/2024,8250,508,4039,2750,0,2852,0
16/02/2024,5240,396,2045,1695,0,1549,0
16/02/2024,5720,545,4175,893,0,1988,0
16/02/2024,5815,364,2246,1748,0,1498,0
16/02/2024,4694,508,3982,2609,0,2844,0
16/02/2024,8315,481,3504,3149,0,1053,0
16/02/2024,6783,454,2800,2482,0,2014,0
16/02/2024,3927,631,2740,3028,0,2855,0
16/02/2024,5201,359,1154,2262,0,1930,0
17/02/2024,6456,556,2128,2122,0,1523,0
17/02/2024,6257,819,3763,2440,0,2652,0
17/02/2024,4126,396,3911,2060,0,2031,0
17/02/2024,7015,780,1206,3830,0,2683,0
17/02/2024,6763,328,1442,3078,0,2446,0
17/02/2024,7125,382,3104,2804,0,1457,0
17/02/2024,10004,299,1081,1556,0,1394,0
17/02/2024,8124,336,2695,1257,0,2642,0
17/02/2024,5941,755,2104,3811,0,1372,0
17/02/2024,8866,459,1759,2418,0,1420,0
17/02/2024,7039,404,2698,3375,0,1912,0
17/02/2024,7914,709,2569,3413,0,1369,0
17/02/2024,7981,340,2672,2131,0,1013,0
17/02/2024,9564,536,3689,2890,0,1964,0
17/02/2024,10608,490,2740,1983,0,2477,0
18/02/2024,6551,308,1085,2358,0,1780,0
18/02/2024,5889,496,2673,3386,0,1397,0
18/02/2024,5298,661,1851,2201,0,3179,0
18/02/2024,7157,346,3615,1591,0,883,0
18/02/2024,7502,455,1436,3729,0,1144,0
18/02/2024,8423,642,2296,2896,0,2078,0
18/02/2024,7618,289,2241,979,0,1933,0
18/02/2024,10710,335,3756,1745,0,3207,0
18/02/2024,8224,345,1866,1322,0,2116,0
18/02/2024,11905,636,3191,2715,0,1147,0
18/02/2024,6780,624,2689,2531,0,2644,0
18/02/2024,8678,391,3931,1524,0,2057,0
18/02/2024,7786,372,4024,1141,0,1172,0
18/02/2024,11078,352,1362,3538,0,960,0
18/02/2024,10631,521,1521,3918,0,3215,0
19/02/2024,5981,598,1304,1040,0,2133,0
19/02/2024,8087,376,2469,3067,0,938,0
19/02/2024,8847,586,3520,1057,0,2218,0
19/02/2024,7151,389,2208,3397,0,1423,0
19/02/2024,9928,566,2413,2867,0,2378,0
19/02/2024,7079,644,1437,1408,0,1816,0
19/02/2024,11512,590,1415,1847,0,1705,0
19/02/2024,5804,517,3150,1830,0,2023,0
19/02/2024,5730,315,2809,2468,0,2477,0
19/02/2024,8067,618,2387,3355,0,2724,0
19/02/2024,9422,286,1693,3347,0,3010,0
19/02/2024,9159,451,1448,3391,0,1890,0
19/02/2024,4275,468,3561,2419,0,1482,0
19/02/2024,8518,466,3598,1246,0,2560,0
19/02/2024,8482,527,2495,1504,0,847,0
20/02/2024,8021,488,2583,2286,0,1987,0
20/02/2024,6628,508,2425,1328,0,2092,0
20/02/2024,7057,489,2363,3060,0,3157,0
20/02/2024,5819,360,2040,3093,0,2384,0
20/02/2024,5678,719,1416,1848,0,3174,0
20/02/2024,8846,363,3471,2363,0,1004,0
20/02/2024,8780,628,2104,1902,0,1514,0
20/02/2024,7527,316,3354,2875,0,2480,0
20/02/2024,6790,378,1380,4213,0,1538,0
20/02/2024,8419,352,3932,1712,0,2239,0
20/02/2024,9371,542,830,1901,0,1518,0
20/02/2024,4794,304,1509,2857,0,1926,0
20/02/2024,9598,425,1305,2214,0,1346,0
20/02/2024,7627,857,1424,2399,0,2931,0
20/02/2024,7999,456,2824,2783,0,1680,0
21/02/2024,5683,481,1571,2072,0,1501,0
21/02/2024,7682,530,1137,3333,0,1915,0
21/02/2024,11722,625,1435,3278,0,2221,0
21/02/2024,7193,536,2809,2754,0,2887,0
21/02/2024,5885,566,1475,2361,0,2745,0
21/02/2024,6879,522,4237,2462,0,1755,0
21/02/2024,9751,357,1743,2185,0,1826,0
21/02/2024,6156,593,1594,2977,0,2233,0
21/02/2024,9702,667,3139,3731,0,1072,0
21/02/2024,7309,491,2241,3260,0,3091,0
21/02/2024,9146,339,1131,2131,0,2997,0
21/02/2024,6233,515,1517,3906,0,1807,0
21/02/2024,5463,307,2611,1517,0,2025,0
21/02/2024,7609,517,3569,4325,0,1983,0
21/02/2024,4328,398,2238,3523,0,1726,0
22/02/2024,5881,386,1325,2826,0,1141,0
22/02/2024,7066,576,3165,1532,0,1450,0
22/02/2024,5138,548,1501,1134,0,1955,0
22/02/2024,4548,358,4691,3544,0,2064,0
22/02/2024,4311,442,3215,1254,0,2475,0
22/02/2024,5479,320,4261,1371,0,1533,0
22/02/2024,5699,708,3869,1964,0,1959,0
22/02/2024,9728,848,3230,2276,0,2117,0
22/02/2024,5836,529,2248,1824,0,1639,0
22/02/2024,5226,302,1356,3653,0,2907,0
22/02/2024,5547,661,3544,1617,0,1335,0
22/02/2024,5313,321,3566,1181,0,1554,0
22/02/2024,5601,390,1204,1983,0,2410,0
22/02/2024,8554,694,3428,3084,0,2705,0
22/02/2024,6056,384,2714,4203,0,1186,0
23/02/2024,5843,508,3639,2397,0,1816,0
23/02/2024,6972,771,2078,2660,0,1094,0
23/02/2024,7226,568,1196,1565,0,1062,0
23/02/2024,10479,489,4589,2093,0,1124,0
23/02/2024,7650,365,1551,2345,0,1775,0
23/02/2024,8462,492,2633,2066,0,2947,0
23/02/2024,6215,505,2679,1364,0,1988,0
23/02/2024,9639,446,3135,1193,0,1931,0
23/02/2024,7290,519,2167,1316,0,3452,0
23/02/2024,6896,352,2028,2864,0,2073,0
23/02/2024,7078,592,1863,1888,0,1178,0
23/02/2024,5525,293,1378,3435,0,2507,0
23/02/2024,6344,443,4032,4262,0,2343,0
23/02/2024,10495,664,1881,1780,0,2294,0
23/02/2024,9642,533,2968,1657,0,2499,0
24/02/2024,5245,557,1997,2175,0,2255,0
24/02/2024,8398,453,2122,2689,0,1073,0
24/02/2024,5639,685,2270,1310,0,2163,0
24/02/2024,9929,349,1466,3981,0,3186,0
24/02/2024,7941,336,4402,2765,0,1827,0
24/02/2024,6524,522,3862,1372,0,2006,0
24/02/2024,6291,588,1553,1131,0,1482,0
24/02/2024,8490,464,2415,3046,0,2179,0
24/02/2024,11363,314,1258,1522,0,2441,0
24/02/2024,6164,385,2984,3050,0,1879,0
24/02/2024,4742,401,1738,921,0,2295,0
24/02/2024,5840,597,2803,1004,0,1881,0
24/02/2024,6545,640,1973,2882,0,3462,0
24/02/2024,5926,561,2427,1954,0,1917,0
24/02/2024,6405,673,2801,1954,0,1840,0
25/02/2024,7689,519,2528,4412,0,2260,0
25/02/2024,7032,826,978,2807,0,1694,0
25/02/2024,7145,345,1204,2105,0,1340,0
25/02/2024,5725,347,2513,1971,0,1332,0
25/02/2024,5552,584,1555,2351,0,3224,0
25/02/2024,4880,719,1301,3072,0,1353,0
25/02/2024,7823,327,2449,972,0,2499,0
25/02/2024,7854,468,1941,3340,0,2540,0
25/02/2024,7230,565,2127,2460,0,1091,0
25/02/2024,6747,605,2162,2697,0,2292,0
25/02/2024,8867,721,3376,1143,0,2054,0
25/02/2024,8601,473,4257,996,0,1927,0
25/02/2024,5658,577,1226,1394,0,2414,0
25/02/2024,7508,506,1371,3383,0,2646,0
25/02/2024,8562,789,2760,1144,0,1789,0
26/02/2024,8514,408,2198,1317,0,1895,0
26/02/2024,8242,377,3456,2628,0,1311,0
26/02/2024,5550,634,1833,2910,0,2157,0
26/02/2024,6477,647,1286,2568,0,1597,0
26/02/2024,11813,486,2244,1439,0,2427,0
26/02/2024,5908,526,2167,3652,0,1441,0
26/02/2024,6845,644,1474,1818,0,1111,0
26/02/2024,8922,753,2521,2385,0,1517,0
26/02/2024,7229,531,1563,4392,0,1075,0
26/02/2024,8827,743,2679,2318,0,3046,0
26/02/2024,8496,641,1672,2498,0,1048,0
26/02/2024,7826,472,2244,1082,0,1459,0
26/02/2024,10485,550,1357,2542,0,2357,0
26/02/2024,6831,620,2828,2383,0,2574,0
26/02/2024,8081,320,4077,1653,0,2685,0
27/02/2024,5916,673,3527,1678,0,805,0
27/02/2024,5408,707,4027,1207,0,1110,0
27/02/2024,9682,636,3437,4249,0,1525,0
27/02/2024,9662,439,4361,2006,0,1349,0
27/02/2024,5930,417,4429,3416,0,1689,0
27/02/2024,8324,616,2235,1643,0,2477,0
27/02/2024,10837,535,2930,1881,0,1602,0
27/02/2024,5733,451,3097,1665,0,1209,0
27/02/2024,7560,500,2794,3358,0,2147,0
27/02/2024,8550,413,1080,1360,0,2013,0
27/02/2024,8032,685,2994,2553,0,2232,0
27/02/2024,5886,326,1811,3317,0,1334,0
27/02/2024,5192,449,3422,2943,0,2345,0
27/02/2024,7992,512,1255,4221,0,1874,0
27/02/2024,10594,687,3337,4350,0,1844,0
28/02/2024,10445,394,3576,2862,0,1127,0
28/02/2024,6484,294,3064,4185,0,1268,0
28/02/2024,12078,684,2851,1059,0,1376,0
28/02/2024,6818,605,3896,3986,0,1334,0
28/02/2024,4390,447,3293,2543,0,1414,0
28/02/2024,5039,477,2197,2385,0,1996,0
28/02/2024,10987,581,2558,4394,0,1019,0
28/02/2024,9822,599,3515,3052,0,1049,0
28/02/2024,5606,567,1223,1347,0,1488,0
28/02/2024,5660,421,2622,3050,0,2045,0
28/02/2024,7832,574,2428,1996,0,1164,0
28/02/2024,5302,295,3995,1406,0,2069,0
28/02/2024,7984,557,2261,3352,0,1954,0
28/02/2024,8161,688,2142,2033,0,1412,0
28/02/2024,8306,609,3108,4457,0,1457,0
29/02/2024,6679,302,2951,1757,0,3256,0
29/02/2024,5736,385,2111,1414,0,1276,0
29/02/2024,5436,396,1195,3386,0,1980,0
29/02/2024,8217,454,3728,3320,0,1064,0
29/02/2024,8944,401,1411,2358,0,1823,0
29/02/2024,7529,842,2810,1732,0,1316,0
29/02/2024,8209,462,2186,2487,0,2453,0
29/02/2024,5728,314,1423,3167,0,1907,0
29/02/2024,4183,599,1539,909,0,2891,0
29/02/2024,11580,783,2437,1940,0,1781,0
29/02/2024,5324,284,3384,2398,0,2458,0
29/02/2024,8161,397,3320,3734,0,2260,0
29/02/2024,6753,409,1344,1884,0,2520,0
29/02/2024,7447,620,3052,3794,0,2418,0
29/02/2024,10224,404,1185,3278,0,2123,0
01/03/2024,6421,291,2567,2634,0,2325,0
01/03/2024,7248,484,1806,3266,0,1202,0
01/03/2024,5091,743,1313,1016,0,1208,0
01/03/2024,10079,445,2525,2899,0,1232,0
01/03/2024,6604,460,1858,1788,0,1867,0
01/03/2024,8131,514,2571,2743,0,1858,0
01/03/2024,5961,411,1108,1850,0,2992,0
01/03/2024,6566,406,2389,2204,0,2505,0
01/03/2024,4553,660,3481,4576,0,1371,0
01/03/2024,6570,801,3651,3790,0,1673,0
01/03/2024,8092,322,3146,2501,0,3311,0
01/03/2024,7283,590,2073,1005,0,1072,0
01/03/2024,7731,386,1048,2387,0,1557,0
01/03/2024,7225,461,2895,1273,0,2537,0
01/03/2024,5529,729,1242,3358,0,1992,0
02/03/2024,6850,379,1645,3799,0,2465,0
02/03/2024,8955,800,1580,2417,0,1709,0
02/03/2024,7343,482,2516,1124,0,1995,0
02/03/2024,6675,431,2625,1699,0,2448,0
02/03/2024,9244,512,2514,1200,0,2290,0
02/03/2024,10467,389,3837,2376,0,1316,0
02/03/2024,7310,786,790,2736,0,1176,0
02/03/2024,9525,774,2362,1665,0,1450,0
02/03/2024,7103,607,2170,3021,0,3213,0
02/03/2024,4749,574,2980,3813,0,1668,0
02/03/2024,9680,508,4137,1122,0,1945,0
02/03/2024,6147,463,2639,2607,0,1191,0
02/03/2024,5707,559,2266,3273,0,2630,0
02/03/2024,4217,450,2383,2220,0,1625,0
03/03/2024,8133,430,2451,2354,0,3002,0
03/03/2024,5063,687,2769,1738,0,1540,0
03/03/2024,7310,287,2951,3349,0,1193,0
03/03/2024,10406,524,2001,2527,0,2349,0
03/03/2024,9812,326,2441,1340,0,2895,0
03/03/2024,3960,454,3897,2166,0,1608,0
03/03/2024,8168,363,3157,2287,0,1077,0
03/03/2024,7658,433,1326,2604,0,2392,0
03/03/2024,6521,299,2473,1111,0,1744,0
03/03/2024,6581,587,3206,1938,0,1209,0
03/03/2024,5605,690,2346,2233,0,1134,0
03/03/2024,7254,395,1349,4183,0,1317,0
03/03/2024,5550,277,2411,3087,0,2958,0
03/03/2024,5596,519,3331,4203,0,2986,0
04/03/2024,5922,279,1116,4516,0,1790,0
04/03/2024,5220,343,4387,1196,0,1780,0
04/03/2024,5373,595,1754,1688,0,2968,0
04/03/2024,7278,319,3904,2308,0,2898,0
04/03/2024,6135,434,1876,2772,0,976,0
04/03/2024,6375,530,1628,1260,0,2268,0
04/03/2024,7428,357,1096,1469,0,2554,0
04/03/2024,4217,324,3861,1917,0,1436,0
04/03/2024,6437,320,3074,4221,0,3073,0
04/03/2024,11662,419,3470,3032,0,3385,0
04/03/2024,6599,565,1281,2068,0,3323,0
04/03/2024,6293,570,1222,1989,0,1448,0
04/03/2024,5873,356,1178,3278,0,1524,0
04/03/2024,7806,503,2995,2338,0,1691,0
04/03/2024,10023,291,2836,3040,0,1036,0
05/03/2024,6695,277,1127,2429,0,2297,0
05/03/2024,8740,709,1519,3239,0,837,0
05/03/2024,7375,670,1595,3781,0,2717,0
05/03/2024,5497,451,3027,4395,0,1406,0
05/03/2024,8893,386,3578,2339,0,1154,0
05/03/2024,5229,500,1974,3889,0,1942,0
05/03/2024,6741,580,998,2490,0,1805,0
05/03/2024,7840,264,2202,3406,0,1339,0
05/03/2024,5203,623,2018,1534,0,2648,0
05/03/2024,7111,539,2754,2996,0,1714,0
05/03/2024,9272,659,1926,1450,0,3049,0
05/03/2024,5948,522,1976,1525,0,2139,0
05/03/2024,6617,570,1537,2171,0,2089,0
05/03/2024,8987,386,1771,2049,0,1742,0
05/03/2024,6378,548,1487,2178,0,2414,0
06/03/2024,10064,281,3121,1584,0,2018,0
06/03/2024,5151,641,3593,3605,0,2441,0
06/03/2024,7747,394,2746,3890,0,3216,0
06/03/2024,6012,521,1323,1696,0,1809,0
06/03/2024,7749,380,3539,2183,0,1775,0
06/03/2024,4612,594,3032,4224,0,2762,0
06/03/2024,6086,297,3158,1120,0,1745,0
06/03/2024,7172,256,1518,2326,0,1558,0
06/03/2024,5203,430,3518,1987,0,1336,0
06/03/2024,9263,374,3357,2699,0,3020,0
06/03/2024,6703,295,1540,1563,0,2384,0
06/03/2024,6888,509,3074,3759,0,3034,0
06/03/2024,7874,715,2395,2608,0,2268,0
06/03/2024,11636,457,3173,1093,0,1766,0
06/03/2024,11401,521,2474,1106,0,1772,0
07/03/2024,5803,312,4344,2779,0,1952,0
07/03/2024,5369,636,3239,1771,0,2678,0
07/03/2024,8495,417,1825,3438,0,1185,0
07/03/2024,6031,293,3064,3142,0,2952,0
07/03/2024,7573,340,1965,1653,0,2586,0
07/03/2024,5850,319,3283,2849,0,1939,0
07/03/2024,10853,519,1867,2979,0,2788,0
07/03/2024,5244,439,2960,4517,0,2531,0
07/03/2024,7380,380,2736,2362,0,1458,0
07/03/2024,7810,658,1028,1306,0,1475,0
07/03/2024,7804,595,1516,3054,0,2146,0
07/03/2024,6562,541,1245,1262,0,1425,0
07/03/2024,3912,663,1609,2024,0,2095,0
07/03/2024,6009,264,2076,881,0,1800,0
07/03/2024,9057,580,1350,846,0,3326,0
08/03/2024,5290,537,2207,2008,0,1017,0
08/03/2024,7820,602,1195,2075,0,1240,0
08/03/2024,7077,362,3334,3091,0,2259,0
08/03/2024,8043,278,1237,3034,0,2527,0
08/03/2024,8766,733,3942,1932,0,2157,0
08/03/2024,10418,384,2579,2567,0,2040,0
08/03/2024,7741,603,1733,801,0,1181,0
08/03/2024,11013,278,3695,3271,0,1189,0
08/03/2024,8551,680,3381,3171,0,991,0
08/03/2024,4660,704,2796,1758,0,1352,0
08/03/2024,12275,358,1337,2054,0,2261,0
08/03/2024,9801,319,1329,1340,0,1540,0
08/03/2024,4823,498,3454,3011,0,2145,0
08/03/2024,8986,277,4420,2105,0,1046,0
08/03/2024,5371,552,2123,1446,0,2640,0
09/03/2024,4441,698,2195,4399,0,1681,0
09/03/2024,7879,513,1513,1816,0,1388,0
09/03/2024,7180,598,2016,1805,0,1314,0
09/03/2024,11409,397,2468,2570,0,2058,0
09/03/2024,6361,383,2893,1799,0,1620,0
09/03/2024,7487,407,2623,1165,0,1765,0
09/03/2024,6489,450,2678,3240,0,1668,0
09/03/2024,9237,508,1869,988,0,3566,0
09/03/2024,7503,544,1999,794,0,2583,0
09/03/2024,9640,536,2878,1543,0,975,0
09/03/2024,7807,716,1684,2647,0,1387,0
09/03/2024,10338,424,1217,2629,0,1422,0
09/03/2024,7593,495,3093,2079,0,3379,0
09/03/2024,6423,496,1996,1446,0,1080,0
10/03/2024,8576,407,2117,1168,0,1371,0
10/03/2024,6795,682,819,3958,0,1793,0
10/03/2024,10031,710,1109,3976,0,1340,0
10/03/2024,7508,435,3531,2574,0,3153,0
10/03/2024,6744,556,2379,1199,0,3514,0
10/03/2024,6882,550,3768,2883,0,2429,0
10/03/2024,5846,326,3644,1924,0,3453,0
10/03/2024,5643,437,3473,3447,0,1552,0
10/03/2024,4841,392,2540,1503,0,1756,0
10/03/2024,4644,488,4508,2915,0,1963,0
10/03/2024,9270,291,2941,1097,0,1899,0
10/03/2024,8281,525,1964,2328,0,2308,0
10/03/2024,8327,536,3718,2469,0,2391,0
10/03/2024,5757,683,2903,1876,0,2277,0
11/03/2024,7035,507,3088,2346,0,2126,0
11/03/2024,4465,473,3777,1113,0,1396,0
11/03/2024,3973,547,3115,1898,0,3169,0
11/03/2024,5140,374,2638,3139,0,2952,0
11/03/2024,7209,774,2549,2020,0,1417,0
11/03/2024,6929,355,928,2573,0,2066,0
11/03/2024,4281,495,3688,1690,0,3224,0
11/03/2024,4600,498,4027,2413,0,2246,0
11/03/2024,7357,269,1538,2158,0,1545,0
11/03/2024,4947,542,2335,2706,0,1712,0
11/03/2024,11799,391,2115,1866,0,1740,0
11/03/2024,6405,398,2363,3474,0,1787,0
11/03/2024,6284,689,3410,3191,0,1638,0
11/03/2024,6824,465,1188,1831,0,1654,0
12/03/2024,9483,723,1263,2909,0,1059,0
12/03/2024,5411,312,2006,1145,0,1012,0
12/03/2024,5824,504,3533,2335,0,2664,0
12/03/2024,7303,779,3122,1943,0,1685,0
12/03/2024,5968,672,3080,4325,0,2238,0
12/03/2024,9364,494,1363,1722,0,1617,0
12/03/2024,4535,479,1173,4471,0,2219,0
12/03/2024,6724,389,1688,2654,0,1983,0
12/03/2024,7118,286,1978,4348,0,1571,0
12/03/2024,9197,255,1728,3681,0,2159,0
12/03/2024,7424,470,2821,2345,0,2854,0
12/03/2024,7909,617,1312,2472,0,2680,0
12/03/2024,9167,272,4288,2064,0,2003,0
12/03/2024,4093,538,3953,4214,0,2156,0
13/03/2024,5102,374,1921,1031,0,2301,0
13/03/2024,4554,721,3286,3485,0,2172,0
13/03/2024,7382,681,2007,2425,0,1416,0
13/03/2024,8757,580,3658,2187,0,1048,0
13/03/2024,8586,345,1590,1675,0,1255,0
13/03/2024,8819,712,2066,3461,0,1456,0
13/03/2024,5481,645,2319,2305,0,3265,0
13/03/2024,8602,319,2022,1121,0,2382,0
13/03/2024,9555,502,3060,3459,0,2419,0
13/03/2024,9720,735,2497,2693,0,1631,0
13/03/2024,8866,485,1667,1485,0,1207,0
13/03/2024,7197,625,1729,1677,0,1173,0
13/03/2024,7151,568,1994,2894,0,3108,0
13/03/2024,9431,271,1240,2836,0,3159,0
14/03/2024,10374,485,2468,3031,0,1851,0
14/03/2024,9137,694,1447,3392,0,2210,0
14/03/2024,6952,437,2534,2829,0,1910,0
14/03/2024,6658,595,1760,1461,0,1263,0
14/03/2024,11688,474,3900,2151,0,2929,0
14/03/2024,9172,509,1914,965,0,2488,0
14/03/2024,8006,299,873,3744,0,1714,0
14/03/2024,5835,252,3271,2807,0,3286,0
14/03/2024,5608,514,2935,958,0,2975,0
14/03/2024,5777,446,1341,2776,0,2264,0
14/03/2024,9787,647,1572,3060,0,2298,0
14/03/2024,6206,720,1979,3352,0,3047,0
14/03/2024,7461,519,3340,2657,0,2276,0
14/03/2024,9230,776,1667,4638,0,1550,0
15/03/2024,10250,315,4153,4347,0,2200,0
15/03/2024,7011,675,4433,2165,0,1646,0
15/03/2024,7180,366,2758,1509,0,1694,0
15/03/2024,6431,510,3047,1854,0,2700,0
15/03/2024,5729,500,2484,1454,0,954,0
15/03/2024,7266,499,4175,4633,0,2089,0
15/03/2024,5414,677,1529,2372,0,2282,0
15/03/2024,6444,457,1386,1134,0,848,0
15/03/2024,7861,368,4710,2965,0,2029,0
15/03/2024,6542,407,2560,1700,0,2724,0
15/03/2024,7931,315,2072,4150,0,1242,0
15/03/2024,7539,405,1171,1268,0,1608,0
15/03/2024,11412,518,4173,3172,0,2510,0
15/03/2024,7904,621,1161,2918,0,1437,0
16/03/2024,7266,447,2727,2727,0,1871,0
16/03/2024,9206,604,2264,2133,0,1966,0
16/03/2024,4816,543,3101,1403,0,2202,0
16/03/2024,5624,430,990,4564,0,1369,0
16/03/2024,5231,432,2571,3575,0,1528,0
16/03/2024,4336,476,2069,4364,0,2049,0
16/03/2024,12128,430,2932,2974,0,3274,0
16/03/2024,6835,332,3671,4239,0,2158,0
16/03/2024,7371,617,2149,3156,0,2119,0
16/03/2024,10000,295,3853,3269,0,1620,0
16/03/2024,4325,479,4311,2980,0,1793,0
16/03/2024,6256,698,3266,3591,0,3126,0
16/03/2024,7458,469,2058,3379,0,1743,0
16/03/2024,8202,449,1244,1613,0,826,0
17/03/2024,9590,531,2374,3835,0,1422,0
17/03/2024,7036,556,3938,1767,0,1138,0
17/03/2024,7093,766,1035,3055,0,2597,0
17/03/2024,5409,568,1382,1509,0,1193,0
17/03/2024,5323,433,2977,1525,0,1316,0
17/03/2024,7020,341,2509,1801,0,2240,0
17/03/2024,7992,402,1924,1500,0,1995,0
17/03/2024,11986,781,2836,2809,0,1179,0
17/03/2024,9988,646,1639,1977,0,2062,0
17/03/2024,5380,785,2226,1903,0,2321,0
17/03/2024,10869,611,4056,3512,0,1017,0
17/03/2024,6826,757,1219,3065,0,1418,0
17/03/2024,6911,674,4046,3949,0,1962,0
18/03/2024,9650,491,1931,2825,0,1891,0
18/03/2024,8187,594,3183,4485,0,2333,0
18/03/2024,9381,407,3225,3151,0,1191,0
18/03/2024,8868,324,3086,1913,0,2329,0
18/03/2024,5308,258,2504,2176,0,1889,0
18/03/2024,6715,465,1284,3041,0,3587,0
18/03/2024,10337,583,1101,2725,0,3152,0
18/03/2024,7804,533,2121,2009,0,2005,0
18/03/2024,4526,336,3150,1399,0,1348,0
18/03/2024,6009,419,1697,1939,0,1862,0
18/03/2024,6596,402,3541,2895,0,2317,0
18/03/2024,6995,645,3442,2988,0,1420,0
18/03/2024,8602,353,1827,4237,0,2871,0
18/03/2024,9314,543,2311,1540,0,930,0
19/03/2024,7994,658,1128,3187,0,1167,0
19/03/2024,6598,559,4705,2333,0,3108,0
19/03/2024,5978,777,973,4490,0,1336,0
19/03/2024,7084,533,1073,3786,0,2303,0
19/03/2024,7633,322,2237,1223,0,2555,0
19/03/2024,9729,436,3184,2987,0,2775,0
19/03/2024,7916,337,4002,2831,0,1827,0
19/03/2024,11960,316,1468,1337,0,1549,0
19/03/2024,9484,548,2243,1462,0,1089,0
19/03/2024,7401,503,1135,1946,0,2062,0
19/03/2024,6686,688,3140,3647,0,2020,0
19/03/2024,9669,483,3193,1685,0,1953,0
19/03/2024,9870,455,1289,1758,0,2266,0
19/03/2024,9109,400,1376,2229,0,1078,0
20/03/2024,8199,702,3010,1758,0,1771,0
20/03/2024,6308,392,4060,1229,0,2482,0
20/03/2024,9397,640,4003,2569,0,2848,0
20/03/2024,6035,745,2526,2483,0,2879,0
20/03/2024,10130,411,1352,2112,0,1644,0
20/03/2024,6339,696,1296,3168,0,3523,0
20/03/2024,5823,805,1450,1448,0,2229,0
20/03/2024,6015,678,4103,1000,0,1979,0
20/03/2024,7025,650,2637,2533,0,2646,0
20/03/2024,10584,600,4516,1389,0,2808,0
20/03/2024,6626,395,2854,4068,0,1182,0
20/03/2024,7385,495,3065,3642,0,1259,0
20/03/2024,5165,609,3426,2324,0,1595,0
20/03/2024,6355,499,2770,2792,0,1231,0
21/03/2024,6852,321,1671,2307,0,2314,0
21/03/2024,8164,778,3453,2469,0,1672,0
21/03/2024,4423,810,3113,2330,0,1469,0
21/03/2024,8651,709,4227,2606,0,3005,0
21/03/2024,10672,524,3948,3354,0,1581,0
21/03/2024,6882,443,3289,3010,0,1962,0
21/03/2024,4081,440,2112,2408,0,1873,0
21/03/2024,7722,597,2142,4107,0,1582,0
21/03/2024,6553,472,3296,2515,0,1821,0
21/03/2024,6590,369,2034,3144,0,1227,0
21/03/2024,6523,427,1191,2547,0,1377,0
21/03/2024,7321,340,4059,3187,0,893,0
21/03/2024,10218,344,1041,2878,0,2204,0
21/03/2024,7513,445,2026,1078,0,2858,0
22/03/2024,5896,382,1600,2118,0,1308,0
22/03/2024,10652,498,1987,1516,0,1761,0
22/03/2024,8245,338,1514,1527,0,1942,0
22/03/2024,5926,567,3565,2564,0,1882,0
22/03/2024,9959,424,3141,2648,0,825,0
22/03/2024,4125,376,1227,3331,0,2408,0
22/03/2024,9382,525,1980,2705,0,1050,0
22/03/2024,6619,632,1792,2043,0,2159,0
22/03/2024,8339,463,3622,1982,0,1955,0
22/03/2024,5570,289,2923,3258,0,1979,0
22/03/2024,6526,405,3145,2274,0,2451,0
22/03/2024,12238,267,2361,2271,0,1385,0
22/03/2024,8251,500,1464,3198,0,2104,0
22/03/2024,6935,752,1412,3794,0,2232,0
23/03/2024,8017,458,1319,3890,0,1946,0
23/03/2024,6017,521,3519,1925,0,1885,0
23/03/2024,10355,638,3426,1538,0,2159,0
23/03/2024,5501,429,2660,1516,0,2368,0
23/03/2024,11626,420,2649,2959,0,2854,0
23/03/2024,6359,566,2783,1214,0,3414,0
23/03/2024,7025,323,1063,2801,0,1630,0
23/03/2024,7511,729,3912,3281,0,999,0
23/03/2024,5306,317,3938,1279,0,1307,0
23/03/2024,8065,481,3693,3368,0,1792,0
23/03/2024,6903,377,1294,2238,0,1405,0
23/03/2024,6704,360,1437,1385,0,1478,0
23/03/2024,4024,613,2198,3738,0,1420,0
23/03/2024,7187,484,3829,3985,0,2474,0
24/03/2024,9985,377,3363,2470,0,3263,0
24/03/2024,7789,336,1162,1744,0,3551,0
24/03/2024,6547,427,2521,2422,0,1665,0
24/03/2024,7807,642,2542,4744,0,2855,0
24/03/2024,8928,414,1544,3251,0,2556,0
24/03/2024,4291,391,1706,3338,0,2277,0
24/03/2024,5166,437,3419,1203,0,1416,0
24/03/2024,7701,479,2669,1472,0,1394,0
24/03/2024,8946,440,3423,3896,0,2447,0
24/03/2024,5465,311,4577,2377,0,2240,0
24/03/2024,10652,656,3365,832,0,2315,0
24/03/2024,6807,525,3652,2508,0,1279,0
24/03/2024,11875,587,3568,3994,0,2177,0
24/03/2024,5101,397,1474,3368,0,1628,0
25/03/2024,4565,408,1970,3491,0,2093,0
25/03/2024,9941,426,3007,2454,0,1406,0
25/03/2024,6115,584,1849,2563,0,1877,0
25/03/2024,4810,393,2157,2174,0,2841,0
25/03/2024,7280,673,2575,1984,0,1370,0
25/03/2024,8757,516,1949,1087,0,2737,0
25/03/2024,4128,346,1272,3045,0,1276,0
25/03/2024,7612,501,2875,2945,0,1388,0
25/03/2024,8463,702,2534,1331,0,3594,0
25/03/2024,4055,515,4168,2707,0,2427,0
25/03/2024,6207,451,1473,2369,0,2739,0
25/03/2024,5151,630,1510,2484,0,1809,0
25/03/2024,9841,324,2127,2820,0,3285,0
25/03/2024,9976,429,2693,1867,0,2305,0
26/03/2024,7654,655,1439,2207,0,3562,0
26/03/2024,4247,563,2322,4003,0,1707,0
26/03/2024,6272,580,1265,2646,0,1624,0
26/03/2024,10046,620,2106,3074,0,2141,0
26/03/2024,10987,380,1942,3484,0,2733,0
26/03/2024,8954,440,4475,2022,0,2798,0
26/03/2024,5379,396,3071,2079,0,2510,0
26/03/2024,10069,739,3540,1499,0,2022,0
26/03/2024,5642,239,2799,4250,0,3029,0
26/03/2024,6899,450,3164,2593,0,3073,0
26/03/2024,8082,679,3937,1512,0,2624,0
26/03/2024,6593,293,2308,1595,0,1657,0
26/03/2024,5483,297,3060,2787,0,1803,0
26/03/2024,7894,595,3458,3415,0,1928,0
27/03/2024,4980,851,1069,2490,0,2619,0
27/03/2024,5236,809,2779,1336,0,2028,0
27/03/2024,11462,402,2345,4186,0,2587,0
27/03/2024,4222,359,2728,2852,0,2118,0
27/03/2024,8268,554,3285,3149,0,1119,0
27/03/2024,8532,369,2581,1595,0,1891,0
27/03/2024,11198,493,4027,1243,0,1684,0
27/03/2024,11510,325,2405,2910,0,1223,0
27/03/2024,5896,552,2077,2995,0,1553,0
27/03/2024,7058,463,1730,2857,0,2523,0
27/03/2024,6301,509,1468,3555,0,1441,0
27/03/2024,6758,385,4124,3731,0,1208,0
27/03/2024,5995,352,2754,2589,0,1449,0
27/03/2024,6244,619,2965,2202,0,2940,0
27/03/2024,4999,248,1140,3039,0,1289,0
28/03/2024,7741,439,1919,3712,0,1667,0
28/03/2024,5644,381,1131,1609,0,1460,0
28/03/2024,7737,395,2984,2835,0,2111,0
28/03/2024,6173,626,3426,2503,0,1828,0
28/03/2024,7613,566,3037,2156,0,1878,0
28/03/2024,5598,427,1210,2375,0,2175,0
28/03/2024,5848,728,1682,1347,0,874,0
28/03/2024,8769,682,1508,806,0,1694,0
28/03/2024,11005,531,2355,3367,0,1442,0
28/03/2024,6822,548,4161,1957,0,2421,0
28/03/2024,10122,581,1699,1691,0,2433,0
28/03/2024,8044,329,1895,2172,0,2507,0
28/03/2024,5667,593,3733,2676,0,2560,0
28/03/2024,7538,507,808,2796,0,2770,0
29/03/2024,6865,486,3134,1780,0,1227,0
29/03/2024,5139,679,2562,4632,0,1329,0
29/03/2024,9606,605,3897,2041,0,2606,0
29/03/2024,9100,460,4779,4673,0,3412,0
29/03/2024,7370,485,1660,2070,0,3398,0
29/03/2024,6132,388,2559,2462,0,2220,0
29/03/2024,7680,588,2751,2475,0,3165,0
29/03/2024,5933,282,4419,2236,0,2885,0
29/03/2024,7015,260,2471,3380,0,2024,0
29/03/2024,7212,449,3353,3076,0,1319,0
29/03/2024,10218,656,2513,1690,0,2457,0
29/03/2024,7545,324,1504,1949,0,1943,0
29/03/2024,11560,294,2528,2894,0,2527,0
29/03/2024,5157,269,3457,2425,0,1307,0
30/03/2024,5999,422,2772,2887,0,2364,0
30/03/2024,9737,512,1911,1204,0,2242,0
30/03/2024,7856,432,1637,2939,0,1309,0
30/03/2024,8273,564,1478,1484,0,3071,0
30/03/2024,9667,501,1066,1619,0,1574,0
30/03/2024,7579,692,3170,2738,0,1677,0
30/03/2024,9179,314,1688,915,0,2365,0
30/03/2024,7109,517,2563,3740,0,1798,0
30/03/2024,9316,627,2922,1436,0,1800,0
30/03/2024,5112,652,1945,3144,0,2124,0
30/03/2024,7673,757,2470,1537,0,1354,0
30/03/2024,7089,371,3247,2716,0,2094,0
30/03/2024,7761,262,2703,2259,0,2295,0
30/03/2024,9589,683,1098,3164,0,1212,0
31/03/2024,5335,393,1629,1361,0,1322,0
31/03/2024,8936,600,2215,2013,0,2679,0
31/03/2024,9094,396,1296,3639,0,2513,0
31/03/2024,8997,595,4194,1524,0,1690,0
31/03/2024,5138,370,1198,1797,0,2014,0
31/03/2024,8511,564,1175,3838,0,1605,0
31/03/2024,8091,393,4863,2902,0,2717,0
31/03/2024,8133,378,2622,3079,0,2688,0
31/03/2024,9442,372,3560,2401,0,3167,0
31/03/2024,5630,588,3585,1925,0,2406,0
31/03/2024,7652,570,3031,1575,0,2428,0
31/03/2024,8937,508,1919,2319,0,2155,0
31/03/2024,6744,678,1427,1229,0,3654,0
31/03/2024,4170,666,4078,3007,0,3470,0
01/04/2024,8340,417,2210,2938,0,3172,0
01/04/2024,5768,525,1319,1077,0,2924,0
01/04/2024,5773,727,3878,1903,0,2590,0
01/04/2024,8520,390,1262,3044,0,1244,0
01/04/2024,4812,541,3506,1447,0,1302,0
01/04/2024,7174,449,3482,2843,0,2188,0
01/04/2024,10373,382,1891,1873,0,2859,0
01/04/2024,10619,400,1247,2548,0,2668,0
01/04/2024,8954,551,2912,3108,0,3190,0
01/04/2024,10508,413,2297,2599,0,2224,0
01/04/2024,9611,719,1622,3214,0,1704,0
01/04/2024,11061,475,4297,4325,0,1769,0
01/04/2024,7605,361,2974,2295,0,1820,0
01/04/2024,6950,461,4461,2168,0,1117,0
02/04/2024,8294,617,4726,2099,0,1208,0
02/04/2024,7619,629,4698,3983,0,2531,0
02/04/2024,5420,558,2978,4673,0,1163,0
02/04/2024,5931,391,1347,1207,0,1141,0
02/04/2024,9207,421,3049,3033,0,2181,0
02/04/2024,10110,341,2472,2300,0,2825,0
02/04/2024,8908,415,3204,1473,0,2058,0
02/04/2024,7843,436,2073,3796,0,1393,0
02/04/2024,9745,755,3558,1193,0,2688,0
02/04/2024,5457,433,1319,3616,0,2142,0
02/04/2024,9503,508,2002,1455,0,2920,0
02/04/2024,10375,555,2647,1445,0,1649,0
02/04/2024,7279,513,2087,2886,0,2030,0
02/04/2024,6865,327,1303,3442,0,1224,0
03/04/2024,6080,522,2452,1545,0,1466,0
03/04/2024,7395,343,2609,1501,0,2069,0
03/04/2024,7496,344,2378,2518,0,1754,0
03/04/2024,6062,598,1398,1174,0,2316,0
03/04/2024,8774,529,1435,3044,0,1444,0
03/04/2024,4610,594,1571,1599,0,2775,0
03/04/2024,9042,621,3509,3565,0,920,0
03/04/2024,7701,537,3249,2708,0,1514,0
03/04/2024,5177,483,2534,2385,0,1722,0
03/04/2024,6206,290,2627,2278,0,1820,0
03/04/2024,9094,578,1436,1874,0,1677,0
03/04/2024,7361,593,3272,2935,0,914,0
03/04/2024,6598,535,1244,2229,0,2096,0
03/04/2024,10261,505,2999,1359,0,2527,0
04/04/2024,11417,322,2973,2930,0,1294,0
04/04/2024,6004,516,3174,3314,0,2434,0
04/04/2024,9174,573,4157,3306,0,2493,0
04/04/2024,7313,538,827,4015,0,3127,0
04/04/2024,6597,513,2730,1615,0,1697,0
04/04/2024,9455,490,2688,1628,0,2164,0
04/04/2024,6161,560,3580,981,0,1692,0
04/04/2024,6743,442,2722,2344,0,2302,0
04/04/2024,6671,628,1682,2390,0,2518,0
04/04/2024,7026,547,3416,2461,0,3054,0
04/04/2024,5451,313,1340,3144,0,1575,0
04/04/2024,9504,466,2002,1657,0,1313,0
04/04/2024,10742,442,1886,1112,0,831,0
04/04/2024,6936,429,4664,2344,0,1831,0
05/04/2024,6744,526,2118,3444,0,2001,0
05/04/2024,7671,326,3012,1413,0,1744,0
05/04/2024,6630,613,3490,2585,0,1504,0
05/04/2024,9122,782,3232,1583,0,1537,0
05/04/2024,7785,432,2941,1577,0,2050,0
05/04/2024,10050,414,1483,2399,0,2741,0
05/04/2024,3850,536,2224,4038,0,857,0
05/04/2024,7646,747,4521,4333,0,2008,0
05/04/2024,6934,356,1229,2174,0,1328,0
05/04/2024,8090,341,1265,2408,0,2029,0
05/04/2024,7311,414,2962,1546,0,3275,0
05/04/2024,6470,416,2508,1741,0,1602,0
05/04/2024,10154,265,3241,2376,0,1510,0
05/04/2024,8592,450,3068,1178,0,1110,0
06/04/2024,7192,507,3217,3767,0,1455,0
06/04/2024,8507,375,2077,3917,0,2448,0
06/04/2024,4277,474,1396,2215,0,3159,0
06/04/2024,9924,504,3543,1753,0,2869,0
06/04/2024,7052,551,4635,3990,0,1414,0
06/04/2024,5300,366,2253,2916,0,2305,0
06/04/2024,7277,413,896,1128,0,1763,0
06/04/2024,11879,581,4158,1586,0,1222,0
06/04/2024,8303,616,1478,3084,0,2926,0
06/04/2024,9123,349,3225,4556,0,1478,0
06/04/2024,5164,450,1038,3790,0,1781,0
06/04/2024,6592,537,3803,3024,0,2095,0
06/04/2024,6806,292,2051,3550,0,1829,0
06/04/2024,5269,684,2919,2833,0,839,0
07/04/2024,4183,665,2037,3098,0,2792,0
07/04/2024,6820,417,1317,1499,0,1988,0
07/04/2024,7787,539,2689,2112,0,1954,0
07/04/2024,6442,300,4428,2194,0,2645,0
07/04/2024,9577,597,1276,1958,0,2512,0
07/04/2024,7932,383,2316,1421,0,2595,0
07/04/2024,7336,520,1603,2879,0,1699,0
07/04/2024,11302,585,1823,1894,0,2107,0
07/04/2024,7774,711,2040,2456,0,3132,0
07/04/2024,7605,405,1189,1993,0,2216,0
07/04/2024,7517,577,2503,1235,0,1918,0
07/04/2024,7428,312,3581,3165,0,995,0
07/04/2024,4819,361,1862,1131,0,2171,0
07/04/2024,7940,387,3448,2925,0,1855,0
08/04/2024,6332,568,3365,770,0,1385,0
08/04/2024,11405,523,1011,3516,0,1740,0
08/04/2024,7023,338,2604,1199,0,2502,0
08/04/2024,6094,462,2898,2253,0,1276,0
08/04/2024,5256,454,2109,1908,0,898,0
08/04/2024,5891,735,2637,1679,0,769,0
08/04/2024,7497,502,3534,4290,0,1409,0
08/04/2024,5959,649,1327,967,0,1897,0
08/04/2024,7477,542,2267,3041,0,2222,0
08/04/2024,6941,625,3638,2258,0,1756,0
08/04/2024,5180,513,1055,2265,0,1268,0
08/04/2024,6546,475,1342,2793,0,2233,0
08/04/2024,6430,410,2503,2645,0,2978,0
08/04/2024,8752,461,2631,2439,0,1364,0
09/04/2024,11676,644,2418,1393,0,1386,0
09/04/2024,5508,324,4545,4502,0,2117,0
09/04/2024,8316,418,1121,2163,0,1638,0
09/04/2024,7025,404,1378,2229,0,2514,0
09/04/2024,7952,363,3590,3621,0,3182,0
09/04/2024,5574,343,1222,1683,0,1938,0
09/04/2024,9236,578,1510,3710,0,1240,0
09/04/2024,6523,613,1239,2395,0,2397,0
09/04/2024,8920,325,2183,2331,0,1482,0
09/04/2024,11205,657,2053,3251,0,2095,0
09/04/2024,7090,238,1374,3921,0,3127,0
09/04/2024,6328,604,4219,1685,0,1927,0
09/04/2024,6718,549,2604,4917,0,2897,0
09/04/2024,7810,275,3808,3926,0,3018,0
09/04/2024,7454,738,3527,1245,0,1313,0
10/04/2024,6306,649,2114,2536,0,975,0
10/04/2024,6143,272,1828,1840,0,2036,0
10/04/2024,6555,298,1254,1244,0,1576,0
10/04/2024,5742,259,2895,2040,0,1092,0
10/04/2024,4946,555,1700,1087,0,2148,0
10/04/2024,7693,372,2958,1717,0,1399,0
10/04/2024,9410,480,2668,1691,0,2026,0
10/04/2024,8538,808,2326,1084,0,1842,0
10/04/2024,6399,548,2720,1430,0,1648,0
10/04/2024,5654,831,2284,2570,0,1670,0
10/04/2024,5177,808,3315,3401,0,1607,0
10/04/2024,6445,566,4516,1976,0,3396,0
10/04/2024,11062,502,3682,1777,0,1886,0
10/04/2024,10669,506,4153,1310,0,2097,0
11/04/2024,7821,796,1561,1127,0,2716,0
11/04/2024,8772,424,1813,4016,0,2538,0
11/04/2024,6406,758,2332,2618,0,2371,0
11/04/2024,7982,532,3196,2524,0,3154,0
11/04/2024,5886,624,1454,3193,0,2413,0
11/04/2024,6343,299,1926,3399,0,3068,0
11/04/2024,5446,707,2303,3594,0,2098,0
11/04/2024,10177,451,1195,1554,0,1010,0
11/04/2024,7997,536,2800,1573,0,890,0
11/04/2024,9077,355,2765,2946,0,2258,0
11/04/2024,5890,335,1850,1409,0,1330,0
11/04/2024,5186,677,1412,1855,0,1911,0
11/04/2024,6393,417,2995,2493,0,2126,0
11/04/2024,8473,460,3808,1181,0,1664,0
12/04/2024,9112,327,1227,3973,0,2849,0
12/04/2024,11670,625,3013,1168,0,1457,0
12/04/2024,5720,675,1628,2649,0,2022,0
12/04/2024,8386,848,1389,2075,0,1539,0
12/04/2024,10329,330,2990,1739,0,1259,0
12/04/2024,9408,593,3829,3271,0,2453,0
12/04/2024,8570,638,1619,2765,0,2362,0
12/04/2024,6466,459,4481,2314,0,2224,0
12/04/2024,11316,685,1613,1003,0,1919,0
12/04/2024,9619,447,1139,1786,0,2582,0
12/04/2024,6279,308,3584,2798,0,2543,0
12/04/2024,7768,614,1815,975,0,1001,0
12/04/2024,8855,389,1899,1293,0,2079,0
12/04/2024,7123,569,2014,2011,0,1570,0
13/04/2024,9789,460,2879,3876,0,2252,0
13/04/2024,9341,388,1194,2272,0,2265,0
13/04/2024,5928,532,3244,1079,0,1597,0
13/04/2024,7139,349,4676,1253,0,920,0
13/04/2024,7690,422,3141,2128,0,2492,0
13/04/2024,8410,414,1690,1146,0,1690,0
13/04/2024,7688,364,1579,2522,0,2600,0
13/04/2024,8132,405,4147,4175,0,1767,0
13/04/2024,4031,450,1654,1817,0,1341,0
13/04/2024,7974,530,1731,4280,0,2092,0
13/04/2024,6931,484,2116,2870,0,1662,0
13/04/2024,6666,643,1576,3817,0,2106,0
13/04/2024,6945,461,3226,1479,0,1484,0
13/04/2024,8585,427,3078,1218,0,1476,0
14/04/2024,7073,350,2447,2117,0,2941,0
14/04/2024,10422,465,2523,2257,0,2350,0
14/04/2024,5889,686,4120,1434,0,1379,0
14/04/2024,6897,385,2523,1662,0,950,0
14/04/2024,8718,344,2024,1382,0,1253,0
14/04/2024,7327,458,2170,2117,0,3171,0
14/04/2024,6987,772,3104,3624,0,1275,0
14/04/2024,5331,491,3533,2493,0,2997,0
14/04/2024,5938,583,1696,4066,0,2561,0
14/04/2024,7531,638,887,1632,0,1076,0
14/04/2024,6103,625,3572,2458,0,1600,0
14/04/2024,6226,366,2087,2561,0,1904,0
14/04/2024,7892,774,1534,2746,0,1419,0
14/04/2024,7052,601,2226,2183,0,1456,0
15/04/2024,5310,664,1573,1003,0,2133,0
15/04/2024,8324,323,1632,2704,0,2840,0
15/04/2024,9267,375,3638,4310,0,2275,0
15/04/2024,7183,339,1778,2323,0,2880,0
15/04/2024,7211,617,1678,2293,0,2872,0
15/04/2024,8313,486,2028,2641,0,863,0
15/04/2024,5932,341,3232,2026,0,1387,0
15/04/2024,5564,611,3172,3236,0,2709,0
15/04/2024,7253,491,1470,1938,0,3204,0
15/04/2024,9840,606,2580,3350,0,1207,0
15/04/2024,8596,404,2284,2881,0,2582,0
15/04/2024,9900,343,2886,1830,0,1611,0
15/04/2024,4765,615,2099,3567,0,1446,0
15/04/2024,7167,658,1434,3061,0,3335,0
16/04/2024,4354,721,1451,3850,0,2427,0
16/04/2024,5752,416,3076,2469,0,2885,0
16/04/2024,8285,517,2258,1156,0,2271,0
16/04/2024,7992,468,2651,2753,0,3151,0
16/04/2024,7536,713,2649,1352,0,1439,0
16/04/2024,9658,534,1744,2017,0,2708,0
16/04/2024,11228,473,1281,2279,0,3431,0
16/04/2024,5601,491,1345,3544,0,3307,0
16/04/2024,9345,507,1616,1931,0,1770,0
16/04/2024,9833,297,2874,1598,0,2682,0
16/04/2024,7618,393,1924,3639,0,1701,0
16/04/2024,7963,473,3568,3412,0,1416,0
16/04/2024,6592,606,3082,1375,0,3555,0
16/04/2024,6845,408,1485,1101,0,2160,0
17/04/2024,9720,539,3667,3103,0,2618,0
17/04/2024,7667,470,2298,1026,0,1868,0
17/04/2024,8806,580,2562,4008,0,3132,0
17/04/2024,8060,674,3099,1160,0,2233,0
17/04/2024,7550,640,1261,2770,0,1869,0
17/04/2024,4780,294,1743,3810,0,1397,0
17/04/2024,8500,365,1686,2156,0,2745,0
17/04/2024,4622,382,1446,3226,0,2158,0
17/04/2024,7725,391,3084,1112,0,2097,0
17/04/2024,6597,565,1842,1673,0,1019,0
17/04/2024,5298,513,1105,1587,0,1360,0
17/04/2024,6606,490,2997,2277,0,1469,0
17/04/2024,5458,518,1888,2409,0,1167,0
17/04/2024,7535,393,915,1140,0,2905,0
18/04/2024,10052,690,1357,2008,0,2669,0
18/04/2024,9750,496,1328,3377,0,1971,0
18/04/2024,8866,389,4607,1282,0,2463,0
18/04/2024,8492,774,2989,1583,0,3186,0
18/04/2024,7453,675,3840,1294,0,2037,0
18/04/2024,9086,555,4400,1544,0,1807,0
18/04/2024,4605,532,2638,4314,0,1016,0
18/04/2024,7464,632,1682,1754,0,2735,0
18/04/2024,5590,506,2877,2001,0,1807,0
18/04/2024,9096,484,2259,2851,0,2116,0
18/04/2024,7210,622,2315,2469,0,1948,0
18/04/2024,6870,364,2969,2547,0,2040,0
18/04/2024,5548,610,2349,2470,0,1339,0
18/04/2024,5570,348,2632,813,0,2496,0
19/04/2024,8925,346,1208,3490,0,868,0
19/04/2024,7411,297,1252,879,0,2215,0
19/04/2024,8789,415,1720,1695,0,3483,0
19/04/2024,4889,514,2431,3766,0,1889,0
19/04/2024,11191,607,1786,2384,0,2029,0
19/04/2024,5129,358,2426,2808,0,2348,0
19/04/2024,10394,295,1082,4190,0,1425,0
19/04/2024,8279,347,2853,4110,0,2266,0
19/04/2024,8951,721,1785,1780,0,1578,0
19/04/2024,5566,650,1722,3686,0,2110,0
19/04/2024,7211,360,1912,1823,0,2219,0
19/04/2024,7868,297,4378,1492,0,2382,0
19/04/2024,6079,383,3129,1602,0,1463,0
19/04/2024,7354,523,2203,4360,0,1695,0
20/04/2024,7493,497,1448,1147,0,2093,0
20/04/2024,7461,544,2160,1370,0,3455,0
20/04/2024,10212,714,2721,1177,0,1879,0
20/04/2024,5038,542,2304,3929,0,2125,0
20/04/2024,5784,630,3818,3322,0,1281,0
20/04/2024,5887,677,2387,1136,0,2108,0
20/04/2024,7948,345,1826,1652,0,1327,0
20/04/2024,11813,667,1306,3598,0,1301,0
20/04/2024,5374,477,3000,2371,0,1288,0
20/04/2024,9600,409,2263,3747,0,2193,0
20/04/2024,7515,347,3777,1359,0,1071,0
20/04/2024,4579,283,4358,2749,0,1504,0
20/04/2024,8073,582,2439,4629,0,1441,0
20/04/2024,6518,428,2441,2615,0,2682,0
21/04/2024,9553,648,1386,3242,0,1284,0
21/04/2024,5000,687,1447,1702,0,2497,0
21/04/2024,10491,459,2570,3702,0,2033,0
21/04/2024,9487,366,2044,4788,0,2136,0
21/04/2024,6783,623,1182,2456,0,1769,0
21/04/2024,8017,319,1879,3201,0,877,0
21/04/2024,9656,462,1637,2315,0,1930,0
21/04/2024,7101,496,1348,3070,0,2136,0
21/04/2024,7180,476,3253,3449,0,1279,0
21/04/2024,5189,726,1511,2331,0,1222,0
21/04/2024,7286,328,2481,1271,0,2751,0
21/04/2024,9294,421,4269,2710,0,902,0
21/04/2024,11434,730,2616,3193,0,1746,0
21/04/2024,5643,523,3601,2099,0,2885,0
22/04/2024,5124,536,3691,1005,0,2068,0
22/04/2024,9626,468,2459,1579,0,1115,0
22/04/2024,7976,454,2171,1150,0,1805,0
22/04/2024,6737,481,4695,3135,0,1681,0
22/04/2024,4667,843,1602,2283,0,2075,0
22/04/2024,5263,392,2100,3303,0,1637,0
22/04/2024,6286,473,1567,2702,0,2431,0
22/04/2024,6811,556,3135,2261,0,2125,0
22/04/2024,5767,255,1295,3297,0,1837,0
22/04/2024,5400,543,1283,4499,0,1075,0
22/04/2024,7688,430,1206,3747,0,1846,0
22/04/2024,6279,450,1857,2003,0,1023,0
22/04/2024,6163,386,4044,1037,0,1016,0
22/04/2024,6500,627,2525,1717,0,2458,0
23/04/2024,7788,352,2486,1629,0,3436,0
23/04/2024,7676,255,2322,1994,0,2240,0
23/04/2024,4928,421,2422,2315,0,3009,0
23/04/2024,8108,526,2011,2934,0,2529,0
23/04/2024,6078,446,2176,2860,0,1839,0
23/04/2024,4591,808,2139,2231,0,1287,0
23/04/2024,6099,381,2300,2936,0,2968,0
23/04/2024,7398,356,4603,2533,0,1310,0
23/04/2024,7304,291,3597,3162,0,3334,0
23/04/2024,9115,356,3891,3192,0,3701,0
23/04/2024,9054,385,1987,2676,0,2866,0
23/04/2024,5723,597,1776,911,0,1464,0
23/04/2024,11969,435,1816,3905,0,2496,0
23/04/2024,6014,414,4447,1901,0,2306,0
24/04/2024,10660,373,3109,3177,0,3131,0
24/04/2024,6107,372,2035,2948,0,1579,0
24/04/2024,5005,574,1390,1947,0,1994,0
24/04/2024,10098,420,1975,1594,0,2876,0
24/04/2024,5120,417,2570,1745,0,1212,0
24/04/2024,4972,407,1403,1600,0,1455,0
24/04/2024,7606,706,1126,1861,0,1322,0
24/04/2024,8189,569,3252,4762,0,1907,0
24/04/2024,11922,690,1620,4633,0,923,0
24/04/2024,10482,478,2785,2082,0,2241,0
24/04/2024,9447,320,2571,1125,0,2298,0
24/04/2024,6269,568,1683,3408,0,1608,0
24/04/2024,11401,352,3958,2111,0,1481,0
24/04/2024,6616,412,1891,2365,0,1866,0
25/04/2024,8032,310,3693,3094,0,1668,0
25/04/2024,5241,351,3595,2161,0,2287,0
25/04/2024,10571,313,2945,3392,0,3103,0
25/04/2024,4234,612,2671,3201,0,1484,0
25/04/2024,4866,312,1421,1551,0,2427,0
25/04/2024,6661,355,3257,2620,0,1176,0
25/04/2024,8015,366,2627,1967,0,1094,0
25/04/2024,5643,337,2088,3766,0,1103,0
25/04/2024,7908,529,2578,2268,0,2406,0
25/04/2024,5664,465,3762,1356,0,1442,0
25/04/2024,7316,496,1138,1565,0,1208,0
25/04/2024,7481,564,3379,2090,0,2005,0
25/04/2024,9114,702,1861,1542,0,1521,0
25/04/2024,8267,553,2055,3400,0,1863,0
26/04/2024,4757,443,3020,1252,0,2550,0
26/04/2024,7485,717,1670,2643,0,1571,0
26/04/2024,3976,409,903,2807,0,3573,0
26/04/2024,5645,433,1526,2495,0,2101,0
26/04/2024,5965,464,1344,2246,0,1453,0
26/04/2024,4740,413,2134,2136,0,2025,0
26/04/2024,9434,445,3522,3007,0,1514,0
26/04/2024,9766,474,3325,2532,0,1001,0
26/04/2024,10311,390,1382,1748,0,3148,0
26/04/2024,5502,336,2587,3083,0,1860,0
26/04/2024,7497,350,2523,2520,0,1190,0
26/04/2024,5079,630,3911,2116,0,2619,0
26/04/2024,9171,395,2006,2189,0,2330,0
26/04/2024,10251,597,975,3569,0,2121,0
27/04/2024,9612,290,1915,838,0,1299,0
27/04/2024,7518,706,1165,1427,0,2399,0
27/04/2024,6795,335,2530,3777,0,2153,0
27/04/2024,7641,614,1632,2059,0,2122,0
27/04/2024,5850,451,2494,3635,0,2339,0
27/04/2024,4441,498,2966,2722,0,1834,0
27/04/2024,6198,273,2664,1581,0,1481,0
27/04/2024,10055,473,2869,3130,0,2246,0
27/04/2024,7114,510,1917,1743,0,1582,0
27/04/2024,8742,435,2713,2097,0,1757,0
27/04/2024,4278,292,3870,2985,0,1921,0
27/04/2024,10209,650,2502,2544,0,3460,0
27/04/2024,6291,442,2099,3569,0,2404,0
27/04/2024,7649,401,2711,2740,0,1327,0
28/04/2024,8875,446,1275,1447,0,1678,0
28/04/2024,10166,386,3712,4085,0,2741,0
28/04/2024,11278,321,1943,1920,0,1833,0
28/04/2024,8492,473,2269,3092,0,3178,0
28/04/2024,8747,633,1979,1797,0,1498,0
28/04/2024,9068,397,3640,3411,0,1190,0
28/04/2024,4987,826,2605,2908,0,2432,0
28/04/2024,6357,592,2094,3948,0,3453,0
28/04/2024,8311,566,2095,2615,0,2451,0
28/04/2024,9896,774,1644,3026,0,1596,0
28/04/2024,10143,272,2998,3999,0,2562,0
28/04/2024,5473,318,2640,3099,0,1301,0
28/04/2024,5056,469,4434,1495,0,1545,0
28/04/2024,4673,309,1945,1093,0,1056,0
29/04/2024,6129,501,1762,2624,0,2201,0
29/04/2024,5158,400,3622,3130,0,1684,0
29/04/2024,10412,725,1819,1843,0,2331,0
29/04/2024,5731,573,1958,1245,0,1282,0
29/04/2024,4635,250,905,3480,0,1819,0
29/04/2024,11542,406,3398,1597,0,1523,0
29/04/2024,9156,558,3679,3418,0,2410,0
29/04/2024,6077,327,2342,3313,0,2987,0
29/04/2024,8032,713,1138,1047,0,2585,0
29/04/2024,6686,471,1634,1122,0,1089,0
29/04/2024,11895,417,1249,3881,0,2634,0
29/04/2024,9176,552,3627,3599,0,1509,0
29/04/2024,8344,474,3435,3494,0,2953,0
29/04/2024,5422,500,2832,3165,0,1127,0
30/04/2024,6308,366,2926,2762,0,2266,0
30/04/2024,7509,369,1057,1856,0,1577,0
30/04/2024,9142,434,3077,1057,0,1487,0
30/04/2024,8761,731,1411,2017,0,1451,0
30/04/2024,7862,395,1860,2455,0,1792,0
30/04/2024,6234,294,2313,3263,0,3101,0
30/04/2024,4457,377,3645,2949,0,1288,0
30/04/2024,9907,409,1974,3174,0,3374,0
30/04/2024,7432,321,2154,3688,0,1710,0
30/04/2024,9638,579,3464,1118,0,2316,0
30/04/2024,6675,488,1565,2952,0,3104,0
30/04/2024,7798,263,3228,2573,0,3566,0
30/04/2024,4026,707,2507,1362,0,1785,0
01/05/2024,6049,662,3376,1340,0,1750,0
01/05/2024,8179,690,3016,1767,0,1828,0
01/05/2024,6863,464,3390,1657,0,2830,0
01/05/2024,9721,519,1344,3155,0,1458,0
01/05/2024,7242,515,3017,1740,0,1954,0
01/05/2024,5322,454,1884,1547,0,1397,0
01/05/2024,9531,653,998,2296,0,1790,0
01/05/2024,4530,289,3007,3278,0,1205,0
01/05/2024,6873,614,1556,2805,0,1838,0
01/05/2024,6990,549,1927,3314,0,1664,0
01/05/2024,7715,402,2658,3492,0,986,0
01/05/2024,9488,753,1515,3953,0,1263,0
02/05/2024,3927,475,2128,3014,0,3246,0
02/05/2024,9641,531,1337,1367,0,2021,0
02/05/2024,9910,478,1431,3374,0,2223,0
02/05/2024,10198,567,3550,3182,0,2940,0
02/05/2024,5446,551,3413,2991,0,3010,0
02/05/2024,6464,696,986,2319,0,1336,0
02/05/2024,8761,600,1150,1221,0,3275,0
02/05/2024,11514,550,1260,1367,0,2845,0
02/05/2024,5052,617,3052,1360,0,1771,0
02/05/2024,5900,470,4494,959,0,1939,0
02/05/2024,6356,581,1320,3546,0,1307,0
02/05/2024,7049,730,4098,2409,0,1771,0
02/05/2024,6362,671,1700,957,0,2386,0
03/05/2024,7205,490,4211,2644,0,2035,0
03/05/2024,7732,602,2432,2495,0,2785,0
03/05/2024,7410,670,4083,2991,0,1420,0
03/05/2024,11939,349,1264,3378,0,1590,0
03/05/2024,6662,342,1220,3652,0,1802,0
03/05/2024,7402,546,3374,2924,0,2458,0
03/05/2024,8329,476,2047,4631,0,2230,0
03/05/2024,8795,672,3454,3081,0,1876,0
03/05/2024,9608,410,2730,1283,0,2059,0
03/05/2024,9246,411,3132,1577,0,1447,0
03/05/2024,6340,744,1177,2106,0,2466,0
03/05/2024,9242,581,1893,1710,0,2105,0
03/05/2024,7446,510,1054,1842,0,2529,0
04/05/2024,6058,836,1942,2294,0,1978,0
04/05/2024,9259,625,2315,2906,0,1882,0
04/05/2024,7692,462,2997,2596,0,2753,0
04/05/2024,10071,335,3068,4310,0,1828,0
04/05/2024,10471,666,3413,1703,0,3419,0
04/05/2024,6543,399,1819,3610,0,1502,0
04/05/2024,6646,384,2008,1395,0,2237,0
04/05/2024,4972,506,3134,1710,0,1444,0
04/05/2024,5056,248,3346,1924,0,1164,0
04/05/2024,7379,375,4042,4667,0,1261,0
04/05/2024,7733,702,3041,3018,0,1007,0
04/05/2024,11264,359,3796,4642,0,3139,0
04/05/2024,8485,318,4288,2763,0,2116,0
05/05/2024,7667,660,1850,1432,0,1031,0
05/05/2024,4977,618,1983,1516,0,858,0
05/05/2024,6879,549,1731,2370,0,1200,0
05/05/2024,7663,683,2805,3213,0,2947,0
05/05/2024,5043,698,1308,3910,0,1167,0
05/05/2024,5461,784,1130,3546,0,2262,0
05/05/2024,5186,498,1266,1768,0,2908,0
05/05/2024,5424,732,3369,3584,0,1678,0
05/05/2024,7449,473,1425,3058,0,1377,0
05/05/2024,5270,469,2291,1124,0,1663,0
05/05/2024,10431,631,2797,2778,0,2775,0
05/05/2024,8478,385,4054,2181,0,2244,0
05/05/2024,6349,471,3021,1838,0,1132,0
06/05/2024,8973,605,2049,1173,0,2349,0
06/05/2024,4632,323,2975,3050,0,2168,0
06/05/2024,7796,828,2787,4143,0,2890,0
06/05/2024,8170,689,1622,1854,0,2274,0
06/05/2024,4492,295,1221,1517,0,3373,0
06/05/2024,8529,594,4118,1389,0,3170,0
06/05/2024,9221,789,3081,3159,0,2419,0
06/05/2024,8335,550,833,3834,0,2325,0
06/05/2024,9656,796,4300,2549,0,1759,0
06/05/2024,7745,735,1373,1921,0,2887,0
06/05/2024,7027,234,1913,1128,0,1432,0
06/05/2024,6040,364,3460,1239,0,2167,0
06/05/2024,5601,568,4137,874,0,2047,0
07/05/2024,6835,467,2594,1945,0,1593,0
07/05/2024,11184,619,2784,2242,0,1271,0
07/05/2024,9319,609,1006,2080,0,858,0
07/05/2024,10087,297,3024,2222,0,3019,0
07/05/2024,4952,692,4559,2891,0,873,0
07/05/2024,7172,377,3113,1846,0,2354,0
07/05/2024,7409,732,1885,3647,0,990,0
07/05/2024,7156,429,1942,1678,0,1649,0
07/05/2024,7223,355,3678,2127,0,3177,0
07/05/2024,6775,391,1762,3068,0,772,0
07/05/2024,6962,455,2045,3007,0,2012,0
07/05/2024,9224,624,3748,2356,0,2581,0
07/05/2024,6466,605,2140,1858,0,1762,0
08/05/2024,6176,388,802,2803,0,1022,0
08/05/2024,9366,532,3389,2362,0,2024,0
08/05/2024,8495,503,3731,3208,0,985,0
08/05/2024,4562,687,3677,2588,0,2396,0
08/05/2024,9294,409,3497,1225,0,2876,0
08/05/2024,5938,301,2112,4106,0,1276,0
08/05/2024,7706,434,2583,3802,0,1306,0
08/05/2024,8081,406,3322,3741,0,1419,0
08/05/2024,7311,274,1289,2634,0,1891,0
08/05/2024,8266,601,1246,4768,0,2574,0
08/05/2024,7421,651,1361,4106,0,1555,0
08/05/2024,6313,445,2365,948,0,1051,0
08/05/2024,7972,362,1235,2740,0,1303,0
09/05/2024,8359,470,1946,3035,0,1286,0
09/05/2024,9779,359,1318,1340,0,1504,0
09/05/2024,10591,769,2588,1420,0,947,0
09/05/2024,7074,356,2040,1876,0,2185,0
09/05/2024,7844,301,1828,3770,0,1236,0
09/05/2024,7094,644,1308,3978,0,2424,0
09/05/2024,5664,712,1155,2651,0,1288,0
09/05/2024,7988,452,3892,2280,0,2173,0
09/05/2024,9112,626,2734,3994,0,1956,0
09/05/2024,7928,543,2202,2629,0,1100,0
09/05/2024,7952,397,3786,1924,0,1170,0
09/05/2024,6544,696,2720,2641,0,1977,0
09/05/2024,8855,634,2806,1153,0,3158,0
10/05/2024,8047,360,1807,3986,0,1521,0
10/05/2024,5501,381,4557,2588,0,2152,0
10/05/2024,9500,603,2970,2221,0,2235,0
10/05/2024,8092,274,1328,2993,0,2585,0
10/05/2024,9005,733,1408,2335,0,1140,0
10/05/2024,11989,517,1239,2053,0,1120,0
10/05/2024,5756,512,1692,3124,0,1585,0
10/05/2024,4436,785,3792,3053,0,2042,0
10/05/2024,9149,411,4723,2857,0,1846,0
10/05/2024,6821,282,1215,3495,0,2318,0
10/05/2024,8651,649,2909,1297,0,1526,0
10/05/2024,7075,324,1155,1507,0,1404,0
10/05/2024,7401,585,2035,2285,0,1063,0
11/05/2024,7525,456,3019,859,0,3149,0
11/05/2024,6302,361,1242,1408,0,1930,0
11/05/2024,5407,694,3883,1881,0,1395,0
11/05/2024,6414,644,2119,2175,0,1678,0
11/05/2024,8587,673,1410,1649,0,1754,0
11/05/2024,7224,421,2483,3886,0,1465,0
11/05/2024,11683,669,1630,2949,0,1599,0
11/05/2024,8308,611,3114,3489,0,1419,0
11/05/2024,10170,552,3254,4143,0,1139,0
11/05/2024,10758,272,3937,4241,0,2141,0
11/05/2024,8037,709,2027,1645,0,1358,0
11/05/2024,9455,358,2526,3097,0,1924,0
11/05/2024,9333,447,4151,2300,0,3177,0
12/05/2024,9318,462,4111,1842,0,3102,0
12/05/2024,5548,685,2551,3924,0,1143,0
12/05/2024,7663,775,3780,2738,0,1504,0
12/05/2024,8008,323,3618,2097,0,1292,0
12/05/2024,9709,526,2924,1143,0,2646,0
12/05/2024,8776,322,1826,1011,0,1391,0
12/05/2024,6935,594,891,4487,0,1009,0
12/05/2024,6975,377,3925,1732,0,1378,0
12/05/2024,6091,698,1866,2973,0,1218,0
12/05/2024,6628,484,2698,2457,0,2778,0
12/05/2024,7262,557,2528,2816,0,1713,0
12/05/2024,6544,327,3351,3006,0,3138,0
12/05/2024,9138,314,2838,1020,0,1904,0
13/05/2024,5437,661,2763,3923,0,1313,0
13/05/2024,5981,493,4630,4396,0,1002,0
13/05/2024,9153,463,1424,1935,0,1564,0
13/05/2024,7270,616,2678,3704,0,3375,0
13/05/2024,10290,363,1854,1344,0,2369,0
13/05/2024,6100,527,2138,3586,0,2276,0
13/05/2024,9323,585,1133,2127,0,2347,0
13/05/2024,5289,729,2825,1883,0,2307,0
13/05/2024,6209,420,1603,2998,0,2445,0
13/05/2024,6359,423,3687,1854,0,1840,0
13/05/2024,10087,359,3703,2355,0,1573,0
13/05/2024,8973,630,2313,1447,0,2000,0
13/05/2024,9781,539,1951,4167,0,3301,0
14/05/2024,12025,659,1583,2662,0,2592,0
14/05/2024,6778,414,1525,3742,0,1744,0
14/05/2024,6539,318,1680,2612,0,2348,0
14/05/2024,7963,535,1979,4739,0,2742,0
14/05/2024,10714,538,1200,3570,0,2038,0
14/05/2024,5223,311,1738,2606,0,3539,0
14/05/2024,5972,392,3771,1409,0,3630,0
14/05/2024,6629,324,2286,2253,0,1401,0
14/05/2024,9303,506,2738,1812,0,2986,0
14/05/2024,9433,676,2551,1687,0,2686,0
14/05/2024,6079,495,3439,2022,0,2985,0
14/05/2024,8993,463,1412,2876,0,2526,0
14/05/2024,7145,562,1501,1277,0,3032,0
15/05/2024,7055,400,2090,2811,0,2050,0
15/05/2024,5090,644,2756,2308,0,2506,0
15/05/2024,5973,469,4175,3415,0,3358,0
15/05/2024,6755,405,2153,2562,0,3480,0
15/05/2024,7463,314,2135,2917,0,2147,0
15/05/2024,6949,564,3008,1717,0,2116,0
15/05/2024,6271,504,3427,1593,0,3087,0
15/05/2024,5222,283,1160,3157,0,2484,0
15/05/2024,5479,425,2705,2674,0,1715,0
15/05/2024,5480,505,3577,2085,0,1880,0
15/05/2024,4389,557,1503,2300,0,2443,0
15/05/2024,8351,458,2501,1467,0,2318,0
15/05/2024,10257,347,3402,2195,0,2831,0
16/05/2024,10864,507,2877,4548,0,2359,0
16/05/2024,6123,415,1110,2589,0,2580,0
16/05/2024,10543,352,1756,3086,0,2481,0
16/05/2024,4342,700,1571,1789,0,1642,0
16/05/2024,7662,336,3168,1483,0,2516,0
16/05/2024,5338,510,1388,3034,0,1455,0
16/05/2024,5988,383,3878,1088,0,2225,0
16/05/2024,5640,512,2265,3899,0,2575,0
16/05/2024,9734,564,2746,2890,0,3112,0
16/05/2024,5567,339,4188,1094,0,1607,0
16/05/2024,7660,293,2688,2289,0,1308,0
16/05/2024,10241,395,1073,3085,0,2377,0
16/05/2024,9907,590,1970,1162,0,1550,0
17/05/2024,6554,460,4353,3344,0,1287,0
17/05/2024,9183,463,1972,3739,0,2903,0
17/05/2024,8785,585,3038,3819,0,1373,0
17/05/2024,6151,632,2377,2615,0,2336,0
17/05/2024,10684,443,3998,2181,0,2108,0
17/05/2024,6842,365,1300,2418,0,1814,0
17/05/2024,8609,583,2966,1153,0,2388,0
17/05/2024,10555,504,1435,3002,0,2529,0
17/05/2024,5783,542,1485,3083,0,3466,0
17/05/2024,9376,325,1956,3007,0,2267,0
17/05/2024,7756,540,2557,3948,0,1263,0
17/05/2024,8475,603,2158,2952,0,2015,0
17/05/2024,6434,269,2410,4272,0,2334,0
18/05/2024,5793,409,1561,2958,0,966,0
18/05/2024,8824,763,1248,3291,0,1768,0
18/05/2024,9145,617,2509,1933,0,2368,0
18/05/2024,4248,468,1534,1080,0,2929,0
18/05/2024,8522,776,2561,2501,0,1956,0
18/05/2024,6093,293,1112,2842,0,1287,0
18/05/2024,5955,699,1502,2482,0,1422,0
18/05/2024,6354,440,1344,2047,0,3285,0
18/05/2024,7504,641,1185,1797,0,3225,0
18/05/2024,9913,364,1166,1394,0,2363,0
18/05/2024,5486,435,3436,1080,0,2317,0
18/05/2024,7039,310,2482,1877,0,2292,0
18/05/2024,6245,351,4040,2276,0,2030,0
19/05/2024,6120,471,3233,1526,0,3221,0
19/05/2024,7222,580,1771,3035,0,1492,0
19/05/2024,7707,227,1689,3011,0,1122,0
19/05/2024,8620,476,2164,3213,0,1040,0
19/05/2024,9449,571,4448,2635,0,1154,0
19/05/2024,6612,499,3440,2381,0,2046,0
19/05/2024,8186,452,3458,3345,0,1550,0
19/05/2024,7569,425,3872,4389,0,1620,0
19/05/2024,5789,334,3069,4379,0,1490,0
19/05/2024,6791,432,2281,1374,0,1326,0
19/05/2024,7674,468,1676,2292,0,957,0
19/05/2024,6145,388,2001,2401,0,2560,0
19/05/2024,7277,404,2022,1292,0,3487,0
20/05/2024,8569,485,3394,2977,0,2632,0
20/05/2024,7752,528,2261,2191,0,2565,0
20/05/2024,6602,312,3932,1156,0,870,0
20/05/2024,9181,345,1651,1544,0,2489,0
20/05/2024,9037,555,4051,1273,0,2734,0
20/05/2024,6152,486,3122,1477,0,1929,0
20/05/2024,10081,563,4725,1131,0,1423,0
20/05/2024,10066,578,1190,2955,0,2954,0
20/05/2024,8694,440,4843,3520,0,2306,0
20/05/2024,5072,554,3084,3536,0,1571,0
20/05/2024,6734,605,1127,3071,0,2461,0
20/05/2024,7399,505,2995,2442,0,2276,0
20/05/2024,5155,603,3783,3741,0,2632,0
21/05/2024,7951,465,1535,1469,0,2706,0
21/05/2024,11986,516,2563,3195,0,2038,0
21/05/2024,4563,484,2976,2224,0,1926,0
21/05/2024,8807,661,1526,2675,0,2060,0
21/05/2024,8280,353,3103,2006,0,1434,0
21/05/2024,10230,424,2149,1657,0,1728,0
21/05/2024,11816,555,910,2894,0,2213,0
21/05/2024,6298,378,3376,3402,0,1398,0
21/05/2024,7563,757,3387,1957,0,2168,0
21/05/2024,6161,461,1402,1631,0,1945,0
21/05/2024,6820,508,4124,1144,0,2111,0
21/05/2024,4874,808,1373,2094,0,1822,0
21/05/2024,8147,354,3543,4630,0,2179,0
22/05/2024,12343,376,3746,1384,0,2931,0
22/05/2024,8924,603,4308,4606,0,2253,0
22/05/2024,9400,604,2488,2281,0,2503,0
22/05/2024,5684,640,3103,1132,0,2994,0
22/05/2024,10220,279,3690,3038,0,1944,0
22/05/2024,6119,568,1676,3317,0,1561,0
22/05/2024,8518,545,2883,1317,0,1477,0
22/05/2024,6950,508,2663,2627,0,3205,0
22/05/2024,7109,341,3281,3537,0,2434,0
22/05/2024,6439,471,2981,1001,0,1268,0
22/05/2024,5476,406,2284,1268,0,2586,0
22/05/2024,8483,343,2834,2003,0,2104,0
22/05/2024,8386,465,1371,1484,0,2400,0
23/05/2024,6230,394,1649,1541,0,1467,0
23/05/2024,8949,500,1623,3243,0,1199,0
23/05/2024,8528,637,2125,2576,0,1328,0
23/05/2024,5172,778,3214,3601,0,841,0
23/05/2024,6905,546,2819,2368,0,1291,0
23/05/2024,6188,694,3160,1674,0,1851,0
23/05/2024,5422,579,2545,2048,0,949,0
23/05/2024,5591,483,1320,4068,0,2700,0
23/05/2024,5529,607,2527,1888,0,1620,0
23/05/2024,8593,826,2479,1251,0,3179,0
23/05/2024,6940,436,1949,3554,0,2395,0
23/05/2024,10848,488,3587,979,0,1569,0
23/05/2024,4970,387,3449,1272,0,1528,0
24/05/2024,10235,834,2362,1607,0,1801,0
24/05/2024,5768,448,2603,2872,0,1089,0
24/05/2024,6095,426,3113,1337,0,1477,0
24/05/2024,7455,466,1434,4417,0,1175,0
24/05/2024,9902,813,1796,2585,0,1156,0
24/05/2024,11191,624,2162,1549,0,1779,0
24/05/2024,7882,653,994,1497,0,1732,0
24/05/2024,5827,678,3149,4328,0,1509,0
24/05/2024,5552,637,2381,1983,0,2484,0
24/05/2024,9124,483,1541,2468,0,1962,0
24/05/2024,8189,531,3927,3393,0,1970,0
24/05/2024,10598,639,1319,3130,0,1777,0
24/05/2024,8680,348,1791,2420,0,3206,0
25/05/2024,6067,385,4353,1615,0,2071,0
25/05/2024,9785,296,2347,2864,0,2058,0
25/05/2024,4069,321,2875,3865,0,1831,0
25/05/2024,8688,620,1181,1372,0,2361,0
25/05/2024,8242,521,2060,2596,0,1350,0
25/05/2024,9435,519,4296,1438,0,1856,0
25/05/2024,8270,448,3010,3897,0,1529,0
25/05/2024,7470,380,1982,4213,0,1345,0
25/05/2024,6727,483,1357,2031,0,2339,0
25/05/2024,6635,408,1102,994,0,2901,0
25/05/2024,10576,485,4330,3823,0,2354,0
25/05/2024,10716,411,1127,2553,0,2589,0
25/05/2024,10329,375,3241,1514,0,2943,0
26/05/2024,4326,550,2860,1079,0,2436,0
26/05/2024,6717,500,3823,1739,0,3224,0
26/05/2024,6273,495,1264,3621,0,2452,0
26/05/2024,7349,483,2730,3210,0,1547,0
26/05/2024,11717,551,2909,2472,0,2227,0
26/05/2024,4650,499,2885,2424,0,1912,0
26/05/2024,7263,562,2872,3321,0,1821,0
26/05/2024,6261,612,3089,1722,0,1414,0
26/05/2024,11012,630,1080,4367,0,2620,0
26/05/2024,4274,629,1698,1363,0,2265,0
26/05/2024,9381,634,3105,3928,0,2226,0
26/05/2024,5386,287,2444,2505,0,2167,0
26/05/2024,7450,509,2510,3489,0,2098,0
27/05/2024,6080,546,2324,3376,0,1383,0
27/05/2024,4540,693,1502,1362,0,2335,0
27/05/2024,9421,674,2746,3511,0,1805,0
27/05/2024,8383,681,2579,2348,0,2455,0
27/05/2024,8507,495,2222,4065,0,1795,0
27/05/2024,9202,422,1851,3735,0,2040,0
27/05/2024,9194,687,2109,2297,0,2682,0
27/05/2024,6633,692,2605,3029,0,1968,0
27/05/2024,5300,478,1221,3501,0,2462,0
27/05/2024,6725,604,3106,1385,0,2746,0
27/05/2024,9075,823,4170,3325,0,1659,0
27/05/2024,6644,441,3454,2447,0,2832,0
27/05/2024,6837,523,2190,1192,0,1553,0
28/05/2024,7088,458,3969,1245,0,2316,0
28/05/2024,9971,544,3441,2793,0,2078,0
28/05/2024,5572,545,1021,3946,0,1692,0
28/05/2024,7296,493,2942,3161,0,2354,0
28/05/2024,10434,620,2204,2355,0,1204,0
28/05/2024,4946,703,3426,3603,0,1600,0
28/05/2024,10147,360,3127,2113,0,1912,0
28/05/2024,7491,336,2365,2114,0,2746,0
28/05/2024,5713,492,2237,3816,0,1581,0
28/05/2024,11672,565,3340,862,0,2131,0
28/05/2024,9041,435,2569,4597,0,2201,0
28/05/2024,10190,592,3661,3544,0,1243,0
28/05/2024,5023,460,905,1616,0,1931,0
29/05/2024,6265,770,3049,2529,0,1281,0
29/05/2024,5065,441,1960,3474,0,2488,0
29/05/2024,6614,726,3190,3553,0,1231,0
29/05/2024,5979,584,2190,1462,0,2569,0
29/05/2024,7351,533,3512,2424,0,2686,0
29/05/2024,9270,606,1630,3760,0,2348,0
29/05/2024,9997,792,1004,1199,0,3209,0
29/05/2024,7280,486,2555,1874,0,2592,0
29/05/2024,5798,281,1122,3125,0,1153,0
29/05/2024,9034,388,1362,1621,0,2968,0
29/05/2024,5167,493,2474,2978,0,1473,0
29/05/2024,4787,494,3677,2469,0,1302,0
29/05/2024,6797,635,2447,2697,0,2057,0
30/05/2024,5930,294,3503,2755,0,1863,0
30/05/2024,8995,554,2075,3176,0,2939,0
30/05/2024,6531,482,3545,2197,0,1297,0
30/05/2024,6320,441,1910,3705,0,2346,0
30/05/2024,7470,376,4700,3303,0,1281,0
30/05/2024,7638,316,2730,1292,0,1239,0
30/05/2024,7193,447,1642,4031,0,941,0
30/05/2024,10710,527,2110,2169,0,2506,0
30/05/2024,8578,330,2207,3224,0,918,0
30/05/2024,6758,624,1062,2416,0,1752,0
30/05/2024,4808,291,1375,3325,0,2445,0
30/05/2024,8814,284,3022,1105,0,3411,0
30/05/2024,6467,532,2211,1467,0,2361,0
30/05/2024,9478,656,2907,1725,0,1442,0
31/05/2024,7423,382,2460,1272,0,2458,0
31/05/2024,7107,549,1800,2061,0,2394,0
31/05/2024,5103,482,4560,3336,0,1689,0
31/05/2024,6169,516,1782,2881,0,2765,0
31/05/2024,8432,415,2550,2800,0,1259,0
31/05/2024,5473,527,1563,4269,0,1894,0
31/05/2024,6118,403,1486,3284,0,2771,0
31/05/2024,5312,452,1966,2780,0,2200,0
31/05/2024,8509,590,1129,4381,0,2582,0
31/05/2024,6890,430,1144,3339,0,1179,0
31/05/2024,5161,361,2191,3478,0,2525,0
31/05/2024,8759,292,1261,2419,0,2594,0
31/05/2024,7825,656,2388,1822,0,3005,0
01/06/2024,9822,571,4317,1101,0,3623,0
01/06/2024,8847,488,4651,2057,0,1747,0
01/06/2024,5057,387,3220,3661,0,3056,0
01/06/2024,4553,380,2823,2777,0,1925,0
01/06/2024,9809,651,1679,4183,0,1504,0
01/06/2024,7324,436,2926,1196,0,3074,0
01/06/2024,5420,693,1280,940,0,958,0
01/06/2024,5616,710,3439,1653,0,2585,0
01/06/2024,7232,488,1555,2037,0,2195,0
01/06/2024,7550,265,2120,4314,0,1267,0
01/06/2024,4312,400,2568,2863,0,2239,0
01/06/2024,9581,648,1205,2244,0,2410,0
01/06/2024,9689,723,1193,1744,0,2357,0
02/06/2024,5214,391,3639,3125,0,1902,0
02/06/2024,5257,505,2057,4435,0,1569,0
02/06/2024,7435,346,4027,3601,0,1737,0
02/06/2024,9071,495,1725,2029,0,1778,0
02/06/2024,8752,616,1740,1885,0,1442,0
02/06/2024,6575,672,3430,1019,0,1068,0
02/06/2024,8009,397,2278,1727,0,2164,0
02/06/2024,6934,640,2209,2899,0,2624,0
02/06/2024,8960,384,1047,2076,0,1384,0
02/06/2024,7611,512,2576,2701,0,1247,0
02/06/2024,9298,753,1570,3611,0,1872,0
02/06/2024,10003,575,2908,3186,0,2248,0
02/06/2024,5068,441,3626,2788,0,990,0
03/06/2024,6521,382,3238,1232,0,2025,0
03/06/2024,8552,546,2999,3347,0,3450,0
03/06/2024,6393,510,3311,2629,0,1322,0
03/06/2024,9822,371,3577,2042,0,1775,0
03/06/2024,9304,272,2196,3353,0,2007,0
03/06/2024,6656,656,2013,1784,0,1494,0
03/06/2024,5010,588,3274,2268,0,1965,0
03/06/2024,8185,301,1915,2008,0,1763,0
03/06/2024,9690,803,2241,2429,0,2935,0
03/06/2024,6718,530,2291,2853,0,1758,0
03/06/2024,5909,391,3017,2123,0,2577,0
03/06/2024,6805,767,2506,2170,0,1403,0
03/06/2024,6087,330,1524,3964,0,955,0
03/06/2024,9898,507,2648,2771,0,2720,0
04/06/2024,7093,647,2812,3581,0,2784,0
04/06/2024,7606,645,1105,1347,0,2510,0
04/06/2024,6459,554,3897,2816,0,2267,0
04/06/2024,7833,377,2271,3329,0,1778,0
04/06/2024,7575,659,3943,2298,0,2436,0
04/06/2024,7558,518,1071,2451,0,1608,0
04/06/2024,5104,730,3345,2067,0,2522,0
04/06/2024,8100,321,2710,2665,0,3237,0
04/06/2024,8877,620,1319,2540,0,2957,0
04/06/2024,4770,343,3560,1642,0,2507,0
04/06/2024,6010,431,1774,4082,0,2233,0
04/06/2024,9693,530,1237,3155,0,2860,0
04/06/2024,10529,423,1239,4004,0,1463,0
04/06/2024,5510,353,1315,3860,0,2586,0
05/06/2024,11113,516,2062,2323,0,1698,0
05/06/2024,9018,263,2537,2256,0,1845,0
05/06/2024,7614,636,1774,4066,0,1351,0
05/06/2024,7275,358,3528,4123,0,2200,0
05/06/2024,8218,576,3322,2199,0,1694,0
05/06/2024,6387,409,1545,4809,0,1330,0
05/06/2024,7014,675,2647,2398,0,3077,0
05/06/2024,9242,481,2473,3194,0,1634,0
05/06/2024,6790,682,1513,1835,0,1373,0
05/06/2024,8668,636,3481,2664,0,1936,0
05/06/2024,5797,862,2670,2470,0,1440,0
05/06/2024,6177,803,2010,1139,0,3104,0
05/06/2024,5085,693,1273,2883,0,1502,0
06/06/2024,8511,519,2244,4206,0,2903,0
06/06/2024,7340,332,3365,1286,0,1490,0
06/06/2024,7201,493,3233,2355,0,1045,0
06/06/2024,8500,448,2014,1445,0,1310,0
06/06/2024,6774,377,1778,871,0,2705,0
06/06/2024,6336,455,4003,3390,0,1215,0
06/06/2024,5937,686,2375,2497,0,3154,0
06/06/2024,10476,542,4435,3322,0,1906,0
06/06/2024,6268,340,2276,3603,0,1335,0
06/06/2024,7737,658,1321,1877,0,2134,0
06/06/2024,6030,457,2459,4166,0,1166,0
06/06/2024,7778,698,1877,2406,0,1304,0
06/06/2024,6587,673,2601,1289,0,2567,0
06/06/2024,7764,445,1132,2429,0,2703,0
07/06/2024,8015,528,1488,2357,0,1761,0
07/06/2024,8742,480,1246,1900,0,3140,0
07/06/2024,4555,569,2878,2277,0,883,0
07/06/2024,7131,405,3064,1967,0,1900,0
07/06/2024,7402,484,3942,1374,0,2328,0
07/06/2024,6107,554,3247,3647,0,1163,0
07/06/2024,5972,629,3875,2891,0,2744,0
07/06/2024,6300,499,2990,2703,0,1355,0
07/06/2024,9208,618,1044,3747,0,2582,0
07/06/2024,7392,317,2071,3116,0,2410,0
07/06/2024,5166,376,3292,2099,0,2174,0
07/06/2024,8257,534,2722,1835,0,2057,0
07/06/2024,6278,256,848,1581,0,1872,0
08/06/2024,4571,550,3245,2478,0,2475,0
08/06/2024,5503,413,3402,2915,0,1928,0
08/06/2024,9832,605,4341,2041,0,2209,0
08/06/2024,7628,631,1183,2251,0,1046,0
08/06/2024,8831,660,1601,2553,0,1418,0
08/06/2024,5600,386,3334,3413,0,2751,0
08/06/2024,5891,531,3231,3687,0,3151,0
08/06/2024,9819,546,1968,2771,0,2097,0
08/06/2024,6372,385,3596,2637,0,1559,0
08/06/2024,11175,708,1672,3008,0,2896,0
08/06/2024,6403,528,3705,2653,0,1274,0
08/06/2024,5428,625,2974,1483,0,3469,0
08/06/2024,7170,474,3450,3553,0,1540,0
09/06/2024,7801,514,3044,3728,0,1305,0
09/06/2024,6202,451,3613,1491,0,1675,0
09/06/2024,8240,442,2241,1719,0,3156,0
09/06/2024,7508,329,4167,1736,0,2509,0
09/06/2024,5838,491,3866,2716,0,1831,0
09/06/2024,5254,294,3053,2849,0,2296,0
09/06/2024,6480,381,1988,2477,0,2375,0
09/06/2024,6757,628,1880,1430,0,1443,0
09/06/2024,7757,509,1053,3589,0,1782,0
09/06/2024,8207,421,3683,1386,0,1243,0
09/06/2024,3888,589,3244,972,0,2705,0
09/06/2024,9332,266,1962,3216,0,3021,0
09/06/2024,7608,472,1534,3334,0,1475,0
10/06/2024,6795,732,2128,2312,0,1096,0
10/06/2024,9230,588,3382,3899,0,1885,0
10/06/2024,5523,408,2913,4476,0,1261,0
10/06/2024,9031,556,1207,3853,0,2395,0
10/06/2024,9210,498,1842,1296,0,2238,0
10/06/2024,4647,391,3629,3734,0,2043,0
10/06/2024,7175,696,1196,2273,0,3168,0
10/06/2024,6905,629,2842,2023,0,2796,0
10/06/2024,10901,416,1254,3338,0,1108,0
10/06/2024,5052,375,2683,1113,0,1488,0
10/06/2024,10051,427,2871,1273,0,1854,0
10/06/2024,5878,751,3910,2167,0,2289,0
10/06/2024,9785,673,2472,3679,0,3200,0
10/06/2024,6957,396,3488,3639,0,1481,0
11/06/2024,7029,557,3110,1352,0,1529,0
11/06/2024,8759,760,1812,1447,0,2454,0
11/06/2024,10362,610,2575,2405,0,1364,0
11/06/2024,6280,416,4006,1485,0,1438,0
11/06/2024,5469,287,3508,2545,0,1250,0
11/06/2024,9394,572,3921,2687,0,2329,0
11/06/2024,8771,510,3135,3659,0,1042,0
11/06/2024,7616,575,1855,2150,0,1438,0
11/06/2024,7766,368,3018,1635,0,2260,0
11/06/2024,5928,392,1294,3089,0,1618,0
11/06/2024,5817,361,2839,4244,0,3024,0
11/06/2024,4492,434,2606,4659,0,1333,0
11/06/2024,7206,306,2469,935,0,2821,0
11/06/2024,7006,628,894,798,0,2966,0
12/06/2024,8737,485,1518,3946,0,3014,0
12/06/2024,6223,276,2768,1681,0,1485,0
12/06/2024,10284,710,2735,2930,0,1682,0
12/06/2024,6955,253,1849,1584,0,1866,0
12/06/2024,4431,768,3774,1733,0,1558,0
12/06/2024,6196,429,3505,1665,0,1545,0
12/06/2024,10370,445,3018,1277,0,2644,0
12/06/2024,7522,499,2135,2135,0,1715,0
12/06/2024,9669,697,2830,1905,0,1242,0
12/06/2024,6545,613,2187,3124,0,1551,0
12/06/2024,8220,426,2480,2834,0,1181,0
12/06/2024,6747,449,2579,1741,0,1587,0
12/06/2024,8695,343,3649,1252,0,1300,0
12/06/2024,7768,414,1715,1717,0,1679,0
13/06/2024,9523,671,4008,4364,0,1231,0
13/06/2024,5224,442,1547,4029,0,1112,0
13/06/2024,10180,507,3729,1256,0,1088,0
13/06/2024,9774,510,2192,1303,0,1629,0
13/06/2024,7729,618,1109,2017,0,1776,0
13/06/2024,6704,597,1376,1216,0,1842,0
13/06/2024,7778,417,3043,2370,0,1305,0
13/06/2024,10122,364,2818,3648,0,1248,0
13/06/2024,8091,606,1187,2905,0,1387,0
13/06/2024,6235,454,3130,2407,0,3083,0
13/06/2024,6140,808,2554,845,0,2689,0
13/06/2024,7059,404,2921,4627,0,2068,0
13/06/2024,9225,340,2948,4709,0,2012,0
13/06/2024,8859,744,1371,1991,0,2946,0
14/06/2024,5831,736,2769,1245,0,1707,0
14/06/2024,6016,714,2968,1674,0,3342,0
14/06/2024,6492,616,1262,3532,0,1208,0
14/06/2024,6352,829,1759,3457,0,2972,0
14/06/2024,7504,703,896,1349,0,1430,0
14/06/2024,5132,699,4234,2884,0,1439,0
14/06/2024,10250,480,1055,4198,0,1426,0
14/06/2024,5910,571,4075,3622,0,2301,0
14/06/2024,6478,585,3011,2024,0,2386,0
14/06/2024,6851,285,1344,2303,0,2719,0
14/06/2024,8063,355,4494,2539,0,2098,0
14/06/2024,7677,530,2899,3059,0,1910,0
14/06/2024,6362,277,4541,2401,0,2336,0
14/06/2024,7179,336,2793,1249,0,1874,0
15/06/2024,6313,427,1619,1584,0,1825,0
15/06/2024,6236,552,2581,1819,0,1165,0
15/06/2024,8501,437,1565,1632,0,3318,0
15/06/2024,8290,689,1359,4488,0,1772,0
15/06/2024,5204,721,2197,1891,0,1554,0
15/06/2024,6097,461,1294,2775,0,1454,0
15/06/2024,8709,582,1968,2882,0,1733,0
15/06/2024,8900,541,4263,1483,0,3308,0
15/06/2024,5939,656,1782,2150,0,1050,0
15/06/2024,8612,372,1391,1522,0,1923,0
15/06/2024,9650,409,3694,1124,0,2231,0
15/06/2024,5166,304,1485,1683,0,2094,0
15/06/2024,7455,501,2339,2378,0,1864,0
15/06/2024,7573,521,2551,2372,0,1232,0
16/06/2024,7300,647,994,2353,0,1964,0
16/06/2024,11349,796,1776,1366,0,2740,0
16/06/2024,6213,464,3007,2745,0,2364,0
16/06/2024,8209,780,2420,1965,0,1754,0
16/06/2024,8204,426,2907,2354,0,1220,0
16/06/2024,5601,512,2223,2170,0,1801,0
16/06/2024,4555,634,2588,2105,0,2103,0
16/06/2024,5908,501,1928,4391,0,2420,0
16/06/2024,4693,491,2107,1589,0,2596,0
16/06/2024,4683,301,1961,1056,0,1977,0
16/06/2024,6353,417,1939,1407,0,3167,0
16/06/2024,7460,577,1306,2235,0,3663,0
16/06/2024,4654,526,3001,3312,0,2671,0
16/06/2024,5280,474,3882,2436,0,3160,0
17/06/2024,6804,435,4675,1192,0,2098,0
17/06/2024,5166,499,2969,3698,0,1560,0
17/06/2024,8615,413,1351,881,0,1484,0
17/06/2024,8907,385,2647,1598,0,1903,0
17/06/2024,8989,344,2217,1375,0,1175,0
17/06/2024,6214,567,2721,2901,0,3243,0
17/06/2024,8759,552,2239,2233,0,1736,0
17/06/2024,5939,471,2260,1603,0,2945,0
17/06/2024,5740,292,1672,2426,0,1709,0
17/06/2024,8534,548,1237,1097,0,1237,0
17/06/2024,4992,686,1927,3305,0,2904,0
17/06/2024,11400,546,1064,2998,0,1286,0
17/06/2024,4986,489,3738,3380,0,2231,0
17/06/2024,9551,829,2827,1381,0,1492,0
18/06/2024,7219,505,2801,4823,0,2520,0
18/06/2024,7323,287,3412,2213,0,2030,0
18/06/2024,7755,529,1840,3673,0,2028,0
18/06/2024,7992,523,1537,2911,0,962,0
18/06/2024,7961,405,1090,2236,0,2354,0
18/06/2024,7247,391,2195,3693,0,2795,0
18/06/2024,7005,566,3151,3449,0,1594,0
18/06/2024,6526,334,3993,2109,0,1218,0
18/06/2024,10899,379,3118,3143,0,2434,0
18/06/2024,7637,397,837,1544,0,1081,0
18/06/2024,7342,593,4137,2750,0,3117,0
18/06/2024,7693,571,1706,2289,0,3400,0
18/06/2024,10629,619,2178,2479,0,2642,0
19/06/2024,7050,677,1682,3375,0,1932,0
19/06/2024,9802,486,1638,1483,0,3266,0
19/06/2024,5284,374,2067,4914,0,2882,0
19/06/2024,6493,498,2459,4125,0,1804,0
19/06/2024,7009,344,1244,2060,0,2274,0
19/06/2024,10398,674,2023,1965,0,1346,0
19/06/2024,5541,597,3958,1229,0,1834,0
19/06/2024,7264,676,1576,3346,0,1350,0
19/06/2024,5263,496,2661,2222,0,2306,0
19/06/2024,6263,556,2805,1100,0,1294,0
19/06/2024,6561,493,1695,1647,0,1804,0
19/06/2024,5254,296,2888,2107,0,2775,0
19/06/2024,7876,449,2809,2177,0,862,0
19/06/2024,8417,319,2984,3097,0,2916,0
20/06/2024,3861,625,3050,3678,0,1844,0
20/06/2024,5557,396,1025,1634,0,2072,0
20/06/2024,10879,589,980,1152,0,1340,0
20/06/2024,5823,385,1655,3396,0,940,0
20/06/2024,8630,579,3680,1495,0,2092,0
20/06/2024,7007,567,2530,1355,0,1967,0
20/06/2024,11576,344,2224,3239,0,2102,0
20/06/2024,7017,631,1586,3438,0,2367,0
20/06/2024,7125,616,1613,1502,0,1354,0
20/06/2024,6744,522,3856,3016,0,1718,0
20/06/2024,5048,516,1860,2364,0,1778,0
20/06/2024,7524,781,1081,4059,0,1199,0
20/06/2024,5646,457,3893,2175,0,1131,0
20/06/2024,11763,364,1765,3909,0,1931,0
21/06/2024,10887,544,2980,3605,0,1214,0
21/06/2024,5673,626,2521,3863,0,947,0
21/06/2024,6875,625,1556,2898,0,2432,0
21/06/2024,9454,406,2418,1343,0,2271,0
21/06/2024,6186,305,1582,2480,0,1605,0
21/06/2024,5475,442,2367,4385,0,2283,0
21/06/2024,6766,551,3451,1241,0,1533,0
21/06/2024,7978,720,2425,2512,0,3169,0
21/06/2024,7552,510,1487,1838,0,3076,0
21/06/2024,5071,462,2720,1707,0,2151,0
21/06/2024,8818,396,3799,3280,0,1121,0
21/06/2024,11917,712,3015,3000,0,1038,0
21/06/2024,8925,519,1670,2250,0,2529,0
22/06/2024,6843,449,3491,2006,0,1477,0
22/06/2024,9620,493,3705,3360,0,1442,0
22/06/2024,5723,544,1065,3863,0,1356,0
22/06/2024,6261,572,2594,2709,0,2111,0
22/06/2024,6876,527,2826,3292,0,2073,0
22/06/2024,8681,593,2060,3921,0,3385,0
22/06/2024,6142,726,3846,2522,0,2056,0
22/06/2024,7347,489,1750,3634,0,2020,0
22/06/2024,11327,485,1196,1273,0,1998,0
22/06/2024,9636,367,2377,2688,0,1862,0
22/06/2024,10503,340,3175,986,0,1588,0
22/06/2024,6549,628,1452,3418,0,1214,0
22/06/2024,7409,465,2640,2845,0,2375,0
23/06/2024,9599,425,1721,2903,0,1387,0
23/06/2024,9539,723,1266,2146,0,2165,0
23/06/2024,8681,326,1643,1774,0,2656,0
23/06/2024,6042,527,1662,1173,0,2679,0
23/06/2024,6723,654,2276,2813,0,2437,0
23/06/2024,10608,485,3255,3299,0,1929,0
23/06/2024,5282,541,1344,862,0,1342,0
23/06/2024,6229,523,3847,4235,0,1343,0
23/06/2024,4308,596,3727,2601,0,3620,0
23/06/2024,7337,700,3457,2479,0,2267,0
23/06/2024,5622,430,2880,2673,0,1152,0
23/06/2024,8901,553,2154,1637,0,1614,0
23/06/2024,10038,577,3191,1811,0,2098,0
24/06/2024,5258,395,3317,1691,0,1908,0
24/06/2024,6524,610,4238,1378,0,2579,0
24/06/2024,7119,337,2927,3679,0,1504,0
24/06/2024,7794,436,2728,3029,0,1486,0
24/06/2024,8360,633,1831,2767,0,1170,0
24/06/2024,7888,372,2491,1875,0,1223,0
24/06/2024,6062,592,3358,1770,0,2901,0
24/06/2024,8171,494,3779,3968,0,2165,0
24/06/2024,6484,392,3782,3908,0,2441,0
24/06/2024,5685,631,1575,2667,0,991,0
24/06/2024,7313,747,2509,1430,0,2484,0
25/06/2024,5438,295,1686,2729,0,1703,0
25/06/2024,9116,462,1576,2915,0,1184,0
25/06/2024,9378,540,3694,4648,0,2210,0
25/06/2024,10737,558,2885,3220,0,1552,0
25/06/2024,7747,445,3939,3431,0,2050,0
25/06/2024,6807,414,1172,4187,0,1981,0
25/06/2024,7816,311,1944,2356,0,1288,0
25/06/2024,6833,599,2657,3915,0,2429,0
25/06/2024,8518,502,4902,2458,0,1033,0
25/06/2024,7673,425,2790,2250,0,1485,0
25/06/2024,8078,613,3719,1095,0,2853,0
25/06/2024,6873,307,2349,1509,0,3077,0
26/06/2024,4428,447,4186,4054,0,2541,0
26/06/2024,8010,629,2218,1479,0,2910,0
26/06/2024,4096,564,2729,3191,0,2054,0
26/06/2024,10582,550,3797,1690,0,2484,0
26/06/2024,9017,736,3775,1790,0,2557,0
26/06/2024,8331,388,1088,3056,0,1988,0
26/06/2024,6821,729,4506,2859,0,2026,0
26/06/2024,7293,373,3363,2005,0,1157,0
26/06/2024,8015,252,1395,1153,0,2213,0
26/06/2024,8548,421,2731,1168,0,1210,0
26/06/2024,5990,697,2228,1159,0,1099,0
26/06/2024,5958,277,2248,1811,0,2921,0
27/06/2024,9288,656,3942,1456,0,1895,0
27/06/2024,6925,353,2763,3297,0,2518,0
27/06/2024,7156,323,2508,1759,0,3247,0
27/06/2024,6160,392,1354,4852,0,1078,0
27/06/2024,6017,654,3653,1569,0,1674,0
27/06/2024,7120,405,1775,958,0,1381,0
27/06/2024,5168,495,3648,3294,0,2189,0
27/06/2024,7592,489,1907,1726,0,2795,0
27/06/2024,8998,423,3321,2609,0,2170,0
27/06/2024,7052,296,1177,1589,0,2443,0
27/06/2024,9117,449,3584,2121,0,2832,0
27/06/2024,10973,371,1031,3280,0,1078,0
27/06/2024,9125,265,2707,2492,0,2106,0
28/06/2024,4835,319,3435,2188,0,2684,0
28/06/2024,9459,291,3120,1560,0,1617,0
28/06/2024,5154,430,2892,2019,0,1595,0
28/06/2024,7312,433,2929,1553,0,2017,0
28/06/2024,8477,442,1812,4725,0,2636,0
28/06/2024,10338,345,3391,3392,0,952,0
28/06/2024,7505,272,3860,1343,0,2624,0
28/06/2024,5270,457,1458,4773,0,2602,0
28/06/2024,5606,519,935,3297,0,1938,0
28/06/2024,5425,361,1030,2529,0,3128,0
28/06/2024,7549,746,4138,3238,0,2364,0
28/06/2024,5722,268,2474,2910,0,2061,0
28/06/2024,10886,341,1697,1543,0,2728,0
29/06/2024,8737,676,2316,958,0,1756,0
29/06/2024,6556,410,1628,966,0,1096,0
29/06/2024,5604,381,1581,3000,0,2263,0
29/06/2024,7177,596,945,1946,0,1886,0
29/06/2024,7876,565,1157,2969,0,974,0
29/06/2024,4298,499,4081,2180,0,2381,0
29/06/2024,6006,427,2081,2346,0,1872,0
29/06/2024,4503,241,1319,2324,0,1937,0
29/06/2024,8052,438,2945,1596,0,2083,0
29/06/2024,7446,478,854,980,0,3412,0
29/06/2024,6716,437,3319,1033,0,1651,0
29/06/2024,5645,462,3045,3579,0,1027,0
29/06/2024,7276,417,3131,2575,0,1621,0
30/06/2024,6525,724,2690,2976,0,1487,0
30/06/2024,7172,399,3090,2641,0,1592,0
30/06/2024,5625,485,2669,3732,0,1003,0
30/06/2024,10297,742,2150,3421,0,1965,0
30/06/2024,5942,353,2667,1280,0,928,0
30/06/2024,6710,371,2553,3070,0,1555,0
30/06/2024,6881,751,1799,3466,0,1696,0
30/06/2024,10050,510,2023,3978,0,1637,0
30/06/2024,5635,359,1451,1114,0,941,0
30/06/2024,10418,440,4078,2734,0,2697,0
30/06/2024,7319,310,2666,916,0,1508,0
30/06/2024,6763,616,2658,3936,0,3338,0
30/06/2024,9384,634,2534,1808,0,2554,0
01/07/2024,6787,656,2488,1804,0,2044,0
01/07/2024,9842,311,3240,1383,0,2109,0
01/07/2024,5109,346,1737,1109,0,2938,0
01/07/2024,9573,257,2764,2888,0,1656,0
01/07/2024,8445,306,2032,1841,0,1333,0
01/07/2024,5725,423,1489,1518,0,2122,0
01/07/2024,7216,417,1900,1920,0,1127,0
01/07/2024,9311,391,2196,2393,0,971,0
01/07/2024,5758,474,2900,2443,0,2297,0
01/07/2024,6210,699,2199,1178,0,1893,0
01/07/2024,9949,369,2335,1768,0,2013,0
01/07/2024,7371,454,3794,2920,0,2078,0
01/07/2024,6320,485,2686,2634,0,2815,0
02/07/2024,8155,536,2309,2782,0,1918,0
02/07/2024,5741,530,1828,2501,0,1138,0
02/07/2024,8893,541,4027,1471,0,987,0
02/07/2024,5700,423,2623,1570,0,2584,0
02/07/2024,7374,660,1561,1583,0,2538,0
02/07/2024,9395,534,3461,4674,0,1136,0
02/07/2024,5784,426,3043,1021,0,2788,0
02/07/2024,6576,670,1084,2525,0,1932,0
02/07/2024,4884,364,1717,2994,0,1258,0
02/07/2024,6715,747,2351,2000,0,2566,0
02/07/2024,9176,686,1367,3023,0,1358,0
02/07/2024,9232,442,2124,3160,0,2510,0
02/07/2024,4764,428,1404,2573,0,1739,0
03/07/2024,11692,488,1290,2563,0,1785,0
03/07/2024,6874,363,2477,2380,0,1856,0
03/07/2024,8543,575,2680,3883,0,1490,0
03/07/2024,5213,413,1137,1640,0,873,0
03/07/2024,6350,299,3463,2057,0,2115,0
03/07/2024,6720,615,1338,1594,0,1833,0
03/07/2024,6207,652,4724,1450,0,1510,0
03/07/2024,8786,361,2094,1692,0,3028,0
03/07/2024,8838,470,2383,3576,0,2659,0
03/07/2024,9565,611,2075,2789,0,1685,0
03/07/2024,6597,732,3047,2515,0,1525,0
03/07/2024,7012,436,2645,2472,0,1480,0
03/07/2024,7013,632,1528,3460,0,2883,0
04/07/2024,9408,634,1124,1899,0,2673,0
04/07/2024,7395,416,1491,3568,0,2638,0
04/07/2024,6229,368,2022,4327,0,2982,0
04/07/2024,8655,539,1437,2351,0,1691,0
04/07/2024,11214,666,1742,4300,0,951,0
04/07/2024,9595,653,3788,2773,0,1339,0
04/07/2024,10716,757,2725,3212,0,1834,0
04/07/2024,6161,560,1778,2825,0,1359,0
04/07/2024,5600,481,1125,1431,0,2009,0
04/07/2024,10736,386,2333,1475,0,1782,0
04/07/2024,9225,433,1046,1382,0,1641,0
04/07/2024,7047,362,2699,3131,0,1263,0
04/07/2024,7470,550,2517,3974,0,2454,0
05/07/2024,6732,450,2267,2110,0,1514,0
05/07/2024,8780,387,3097,1462,0,2070,0
05/07/2024,8350,723,2246,1240,0,2524,0
05/07/2024,9330,357,3138,3422,0,2113,0
05/07/2024,8968,480,1461,3198,0,1837,0
05/07/2024,8297,602,1497,4467,0,2486,0
05/07/2024,7413,440,1432,1500,0,1257,0
05/07/2024,5398,470,1481,2932,0,1702,0
05/07/2024,6544,583,1002,2298,0,3287,0
05/07/2024,9294,617,1200,3479,0,2576,0
05/07/2024,9804,595,2669,3625,0,1945,0
05/07/2024,9868,289,2847,1054,0,1198,0
05/07/2024,6345,394,2554,3160,0,2130,0
06/07/2024,6747,675,1490,1398,0,1216,0
06/07/2024,7989,764,2005,3085,0,1239,0
06/07/2024,4729,575,4886,2982,0,2567,0
06/07/2024,9734,502,1716,3013,0,2149,0
06/07/2024,7165,421,2791,1391,0,3076,0
06/07/2024,9228,487,1944,2210,0,1486,0
06/07/2024,8293,745,3169,999,0,1150,0
06/07/2024,5541,316,2202,1632,0,2106,0
06/07/2024,7995,443,2571,1206,0,1200,0
06/07/2024,7036,734,1205,3070,0,1655,0
06/07/2024,9104,544,1463,1090,0,1593,0
06/07/2024,5037,479,2550,3353,0,1108,0
06/07/2024,11582,282,2448,2486,0,1967,0
07/07/2024,9072,607,3208,1298,0,1482,0
07/07/2024,7601,519,2867,2207,0,1011,0
07/07/2024,5321,461,4554,2851,0,1825,0
07/07/2024,10800,572,1670,3350,0,2556,0
07/07/2024,4967,539,2889,1899,0,1503,0
07/07/2024,7595,431,2584,1437,0,1720,0
07/07/2024,9189,480,3524,4346,0,2018,0
07/07/2024,8555,466,4134,1154,0,1956,0
07/07/2024,6521,261,3910,1195,0,1631,0
07/07/2024,4789,848,4189,1742,0,1155,0
07/07/2024,8417,365,2957,2242,0,1209,0
07/07/2024,6379,584,1486,3451,0,2870,0
07/07/2024,6609,370,1333,811,0,1968,0
08/07/2024,10886,503,3752,3722,0,2709,0
08/07/2024,7594,597,3158,3452,0,2996,0
08/07/2024,9914,419,1585,2352,0,1107,0
08/07/2024,5434,458,3038,2184,0,1759,0
08/07/2024,6125,359,2764,1909,0,2027,0
08/07/2024,5594,607,1561,1582,0,892,0
08/07/2024,8714,620,1307,2946,0,1998,0
08/07/2024,5931,364,1956,2540,0,2140,0
08/07/2024,7917,344,3824,4088,0,2587,0
08/07/2024,5785,479,1570,2410,0,1896,0
08/07/2024,5317,776,2128,2881,0,3591,0
08/07/2024,6086,404,2990,2165,0,2976,0
08/07/2024,6602,730,1403,2625,0,2159,0
09/07/2024,6026,516,2999,2071,0,1883,0
09/07/2024,6832,561,3828,1701,0,1531,0
09/07/2024,6790,586,4195,3604,0,831,0
09/07/2024,6714,303,3297,1990,0,1389,0
09/07/2024,8968,584,4181,1963,0,2259,0
09/07/2024,10907,592,2275,2622,0,1614,0
09/07/2024,8109,515,2107,1987,0,2089,0
09/07/2024,5751,366,1288,2734,0,1766,0
09/07/2024,6485,673,3678,3332,0,1069,0
09/07/2024,7941,328,3184,3200,0,2562,0
09/07/2024,4765,658,4662,1813,0,3307,0
09/07/2024,7690,506,4342,3258,0,1982,0
09/07/2024,6609,375,2832,2962,0,1360,0
10/07/2024,4637,780,1581,1773,0,2488,0
10/07/2024,6437,513,3072,1595,0,1465,0
10/07/2024,6159,701,2660,2404,0,1761,0
10/07/2024,9622,337,1981,2904,0,1476,0
10/07/2024,8924,616,2242,4067,0,2743,0
10/07/2024,10436,410,2212,3404,0,1569,0
10/07/2024,9841,248,3255,3357,0,1476,0
10/07/2024,7634,356,3118,2198,0,1995,0
10/07/2024,11821,451,3750,1233,0,1802,0
10/07/2024,5950,423,2564,1919,0,2230,0
10/07/2024,7406,479,3723,4313,0,2491,0
10/07/2024,8278,803,3683,3005,0,1208,0
10/07/2024,6357,614,2007,1880,0,1973,0
10/07/2024,6495,551,1773,2298,0,981,0
11/07/2024,8970,517,1834,3666,0,2148,0
11/07/2024,10115,389,2420,3431,0,1971,0
11/07/2024,9019,336,3809,2994,0,943,0
11/07/2024,7817,640,3524,2639,0,1697,0
11/07/2024,5516,640,1830,2282,0,1042,0
11/07/2024,5917,448,1910,1391,0,2854,0
11/07/2024,4748,633,3074,3191,0,1964,0
11/07/2024,5273,456,1332,2768,0,2469,0
11/07/2024,10819,402,1310,2872,0,3446,0
11/07/2024,6122,267,1400,2710,0,3552,0
11/07/2024,6520,457,1358,4013,0,2532,0
11/07/2024,5956,339,1531,3094,0,2792,0
11/07/2024,7937,328,4150,1196,0,2615,0
11/07/2024,8871,657,1385,1125,0,952,0
12/07/2024,3997,302,3507,1546,0,1461,0
12/07/2024,8535,396,1846,2554,0,1976,0
12/07/2024,6628,590,2239,3187,0,1226,0
12/07/2024,4663,565,2601,1998,0,1882,0
12/07/2024,7391,272,2583,1865,0,1709,0
12/07/2024,9833,331,3837,2071,0,1370,0
12/07/2024,6149,573,2736,973,0,1449,0
12/07/2024,6953,520,2039,4405,0,2150,0
12/07/2024,11045,398,2319,1909,0,1273,0
12/07/2024,6222,436,1084,2939,0,1211,0
12/07/2024,4447,804,1815,3539,0,1488,0
12/07/2024,8076,617,2309,993,0,2008,0
12/07/2024,9555,498,2831,1853,0,1090,0
12/07/2024,6444,364,2001,1112,0,1906,0
13/07/2024,6637,399,3937,3052,0,1137,0
13/07/2024,8950,356,2954,1266,0,1182,0
13/07/2024,11623,598,3612,909,0,2477,0
13/07/2024,8526,536,3387,1434,0,2652,0
13/07/2024,9156,665,3846,1072,0,1610,0
13/07/2024,9284,280,2131,1244,0,3389,0
13/07/2024,10785,464,3271,2565,0,3007,0
13/07/2024,8978,815,1778,1760,0,1975,0
13/07/2024,9540,789,3142,3328,0,1893,0
13/07/2024,6986,478,4402,1502,0,1324,0
13/07/2024,4893,383,3651,3256,0,1382,0
13/07/2024,9316,292,1478,3361,0,1645,0
13/07/2024,5214,352,4286,2875,0,1393,0
13/07/2024,8244,300,1865,3698,0,896,0
14/07/2024,7247,483,1943,1175,0,1153,0
14/07/2024,7503,432,4346,2864,0,2967,0
14/07/2024,6499,476,1249,1630,0,1220,0
14/07/2024,6763,587,1908,3210,0,2144,0
14/07/2024,7593,432,3737,1775,0,1455,0
14/07/2024,6121,388,2027,2848,0,2208,0
14/07/2024,6246,429,1494,2041,0,879,0
14/07/2024,8944,332,3553,2011,0,2772,0
14/07/2024,7047,305,2356,2820,0,1427,0
14/07/2024,5228,404,2726,2992,0,1348,0
14/07/2024,9563,426,2929,2239,0,2667,0
14/07/2024,8501,513,2674,3691,0,2696,0
14/07/2024,6810,453,3097,2873,0,1852,0
14/07/2024,7301,268,1826,2227,0,1927,0
15/07/2024,4699,622,1385,1246,0,2340,0
15/07/2024,4906,317,3389,1667,0,2313,0
15/07/2024,5945,587,3445,1029,0,3525,0
15/07/2024,7645,434,2884,1842,0,1095,0
15/07/2024,10791,522,1639,1212,0,3583,0
15/07/2024,4700,653,2177,3931,0,863,0
15/07/2024,8319,484,2338,3830,0,1478,0
15/07/2024,9592,259,1077,1925,0,2083,0
15/07/2024,8274,425,2031,2031,0,1914,0
15/07/2024,7189,450,1092,3006,0,1872,0
15/07/2024,7218,434,4069,1653,0,2523,0
15/07/2024,5810,379,2425,2637,0,1276,0
15/07/2024,8064,354,1755,3111,0,3120,0
15/07/2024,9162,314,3052,1138,0,1532,0
15/07/2024,7303,596,3327,1755,0,2142,0
16/07/2024,10311,271,2245,2832,0,2350,0
16/07/2024,8529,726,1826,2708,0,2945,0
16/07/2024,6368,694,1334,1172,0,1353,0
16/07/2024,8906,631,4060,2388,0,1909,0
16/07/2024,11209,369,3370,2005,0,2784,0
16/07/2024,6680,597,3284,2968,0,1475,0
16/07/2024,7664,639,1667,1500,0,2104,0
16/07/2024,6660,471,3283,3264,0,1646,0
16/07/2024,8715,464,1220,1022,0,1606,0
16/07/2024,7125,692,3360,4735,0,2149,0
16/07/2024,4862,732,1918,2986,0,2654,0
16/07/2024,7495,494,1172,2627,0,2890,0
16/07/2024,7226,457,2252,2754,0,1511,0
16/07/2024,9195,343,3584,2119,0,1472,0
16/07/2024,6816,764,1198,971,0,2296,0
17/07/2024,8689,504,2630,3205,0,2574,0
17/07/2024,9161,732,3586,1847,0,2102,0
17/07/2024,8052,359,3781,3101,0,1519,0
17/07/2024,4711,480,4398,3423,0,2021,0
17/07/2024,7849,335,1384,1682,0,1345,0
17/07/2024,7617,503,3211,1546,0,1677,0
17/07/2024,5307,653,3281,3404,0,2780,0
17/07/2024,10237,355,3504,1279,0,2579,0
17/07/2024,11494,473,3939,2819,0,1968,0
17/07/2024,6797,497,2900,2713,0,1856,0
17/07/2024,6006,453,2324,3001,0,1027,0
17/07/2024,6529,613,2583,3136,0,1155,0
17/07/2024,5200,319,2986,3644,0,1761,0
17/07/2024,11496,302,3987,2077,0,1007,0
17/07/2024,10648,431,2053,1786,0,1467,0
18/07/2024,7050,518,2960,1311,0,1243,0
18/07/2024,7717,529,2102,1152,0,2430,0
18/07/2024,4128,650,1306,2261,0,1469,0
18/07/2024,7787,681,1357,3078,0,1483,0
18/07/2024,5161,486,1529,1173,0,1397,0
18/07/2024,5263,407,2223,3365,0,1157,0
18/07/2024,8752,519,3545,4252,0,2578,0
18/07/2024,10207,308,4117,1629,0,1035,0
18/07/2024,7826,559,2078,1563,0,1282,0
18/07/2024,4736,467,2806,1840,0,1118,0
18/07/2024,6630,525,1798,1647,0,2409,0
18/07/2024,7829,477,1352,1775,0,1292,0
18/07/2024,6308,322,1297,2956,0,1912,0
18/07/2024,6123,555,3828,1543,0,3324,0
18/07/2024,7831,730,2784,2548,0,1615,0
19/07/2024,7956,653,2182,1091,0,2472,0
19/07/2024,6383,398,1256,2045,0,2373,0
19/07/2024,11329,503,1490,2164,0,1258,0
19/07/2024,6850,528,4548,1844,0,2432,0
19/07/2024,8656,452,1911,1248,0,1587,0
19/07/2024,7545,313,2292,2598,0,3002,0
19/07/2024,5614,820,1013,2883,0,2013,0
19/07/2024,5997,753,1430,2389,0,2377,0
19/07/2024,8261,492,3334,2907,0,2511,0
19/07/2024,6015,513,1910,2666,0,2797,0
19/07/2024,7098,778,2643,2800,0,2587,0
19/07/2024,11478,459,2034,3422,0,2639,0
19/07/2024,6344,751,1709,2282,0,1826,0
19/07/2024,9448,433,1795,3445,0,2631,0
19/07/2024,7035,822,2041,1372,0,2136,0
20/07/2024,5049,792,4262,2884,0,1191,0
20/07/2024,5572,300,1172,2845,0,3300,0
20/07/2024,7604,728,1127,2399,0,1650,0
20/07/2024,5160,302,3183,899,0,2231,0
20/07/2024,11690,340,3352,1123,0,1791,0
20/07/2024,10881,582,2929,2837,0,2906,0
20/07/2024,5953,651,2406,3803,0,1664,0
20/07/2024,5418,342,2226,1172,0,1498,0
20/07/2024,9714,282,3917,2003,0,1668,0
20/07/2024,5246,619,1014,1910,0,2509,0
20/07/2024,10030,701,2598,1476,0,2440,0
20/07/2024,11692,439,2710,3473,0,2321,0
20/07/2024,10208,356,2508,2801,0,1013,0
20/07/2024,7376,279,2626,1294,0,2377,0
20/07/2024,5696,349,2833,2629,0,1938,0
21/07/2024,5801,531,1794,1594,0,1346,0
21/07/2024,10678,486,1090,3443,0,1875,0
21/07/2024,6233,331,2967,2596,0,3001,0
21/07/2024,6038,669,3149,1777,0,1392,0
21/07/2024,8449,352,3674,2460,0,1774,0
21/07/2024,9797,236,2937,2836,0,1986,0
21/07/2024,7351,482,1633,1424,0,1535,0
21/07/2024,7531,710,2184,4107,0,3524,0
21/07/2024,10646,474,2863,3506,0,2506,0
21/07/2024,8785,296,1246,1476,0,2848,0
21/07/2024,7252,532,4818,1028,0,1969,0
21/07/2024,8627,330,2884,2125,0,2387,0
21/07/2024,7815,360,1331,1604,0,3217,0
21/07/2024,5808,770,1878,1662,0,2216,0
22/07/2024,11064,369,2582,3321,0,1642,0
22/07/2024,5887,550,2759,1786,0,2975,0
22/07/2024,8170,328,2261,2818,0,2978,0
22/07/2024,5271,701,2690,2134,0,2376,0
22/07/2024,7779,411,1168,3061,0,1575,0
22/07/2024,4650,604,2087,1418,0,1527,0
22/07/2024,8642,452,1055,3823,0,2895,0
22/07/2024,4051,671,2791,1897,0,1668,0
22/07/2024,6059,553,3282,1650,0,1833,0
22/07/2024,10602,381,1711,4231,0,2642,0
22/07/2024,6476,676,1095,2235,0,2816,0
22/07/2024,6810,670,2506,1464,0,2439,0
22/07/2024,7184,614,1728,4645,0,1529,0
22/07/2024,6916,620,3397,3415,0,2127,0
22/07/2024,4565,769,2628,1887,0,1723,0
23/07/2024,5881,833,1892,1279,0,1852,0
23/07/2024,6741,310,2504,2007,0,2520,0
23/07/2024,8267,489,1132,1385,0,1642,0
23/07/2024,11586,452,2818,3464,0,2642,0
23/07/2024,6369,527,2001,1791,0,1052,0
23/07/2024,5651,360,2416,2150,0,1202,0
23/07/2024,7301,559,1519,3127,0,2532,0
23/07/2024,7382,634,2799,4009,0,2355,0
23/07/2024,5238,462,2640,2957,0,1537,0
23/07/2024,5289,702,2862,3896,0,893,0
23/07/2024,6536,511,3901,1601,0,2982,0
23/07/2024,6376,568,2477,1574,0,2216,0
23/07/2024,6653,456,2231,2104,0,2174,0
23/07/2024,4553,331,1534,2406,0,3619,0
23/07/2024,7998,364,3312,2375,0,2504,0
24/07/2024,7965,610,4044,3035,0,2498,0
24/07/2024,6974,384,2048,2354,0,2690,0
24/07/2024,6792,572,3730,1456,0,2439,0
24/07/2024,6291,679,1798,1873,0,1001,0
24/07/2024,8850,269,1066,3133,0,2497,0
24/07/2024,9078,618,2694,3172,0,2590,0
24/07/2024,5896,418,1366,3276,0,1184,0
24/07/2024,7679,352,4178,2687,0,1595,0
24/07/2024,9378,516,1342,4243,0,1631,0
24/07/2024,8221,659,2091,1608,0,1971,0
24/07/2024,9078,462,4351,1611,0,1534,0
24/07/2024,6868,400,1977,2552,0,1394,0
24/07/2024,6630,607,2269,2848,0,2728,0
24/07/2024,7986,491,2735,1409,0,2493,0
24/07/2024,10277,323,945,1892,0,2913,0
25/07/2024,7531,395,1666,1950,0,2100,0
25/07/2024,5763,428,2129,1877,0,2080,0
25/07/2024,8728,354,2216,2342,0,3073,0
25/07/2024,8949,617,2576,1240,0,2073,0
25/07/2024,8551,517,1109,3300,0,1983,0
25/07/2024,5504,478,3104,984,0,2576,0
25/07/2024,5954,514,3248,2339,0,1281,0
25/07/2024,6032,725,1696,2859,0,2146,0
25/07/2024,9780,562,2924,2248,0,1606,0
25/07/2024,8473,470,3448,3396,0,2314,0
25/07/2024,9208,707,2825,3459,0,1425,0
25/07/2024,9191,379,2045,1782,0,2366,0
25/07/2024,7416,499,930,1888,0,2530,0
25/07/2024,8632,305,2483,2015,0,1570,0
25/07/2024,7500,835,1950,1297,0,2835,0
26/07/2024,7279,626,1597,2918,0,3179,0
26/07/2024,7897,801,3454,1368,0,2313,0
26/07/2024,9990,355,3253,1643,0,3218,0
26/07/2024,5309,539,2160,3254,0,2052,0
26/07/2024,7037,833,1560,4215,0,1074,0
26/07/2024,4860,546,1366,3771,0,1903,0
26/07/2024,7273,576,1365,3900,0,1428,0
26/07/2024,9671,353,4023,4652,0,1078,0
26/07/2024,6153,809,1484,2125,0,2595,0
26/07/2024,6776,304,2732,2754,0,2287,0
26/07/2024,6450,450,2268,3799,0,3010,0
26/07/2024,5273,666,1586,2926,0,2384,0
26/07/2024,7356,289,915,4688,0,2037,0
26/07/2024,7732,261,1795,3705,0,1988,0
27/07/2024,9213,686,1699,4020,0,2335,0
27/07/2024,5518,635,1868,4660,0,2197,0
27/07/2024,9635,399,2539,3971,0,2238,0
27/07/2024,6221,447,991,2094,0,1769,0
27/07/2024,4615,365,3648,2215,0,1544,0
27/07/2024,9987,591,2991,1947,0,2105,0
27/07/2024,5636,517,3994,1481,0,2732,0
27/07/2024,7848,675,2104,3024,0,2945,0
27/07/2024,6404,635,954,3980,0,3253,0
27/07/2024,5589,482,3178,1991,0,1053,0
27/07/2024,4684,426,948,3612,0,2105,0
27/07/2024,8592,477,2942,1350,0,923,0
27/07/2024,10349,587,1946,3255,0,2254,0
27/07/2024,10932,605,2989,1757,0,2712,0
28/07/2024,5558,566,873,2420,0,2523,0
28/07/2024,4368,575,1488,3637,0,1025,0
28/07/2024,10617,413,2287,2490,0,2076,0
28/07/2024,6435,530,4528,3442,0,1910,0
28/07/2024,6526,688,3633,2180,0,1465,0
28/07/2024,8070,573,1660,3942,0,1996,0
28/07/2024,7709,274,4054,1213,0,2461,0
28/07/2024,6233,293,4084,2326,0,1648,0
28/07/2024,9175,298,3920,1375,0,1454,0
28/07/2024,8212,416,2388,4745,0,2580,0
28/07/2024,8358,397,1509,3084,0,3312,0
28/07/2024,6917,485,2351,2491,0,1707,0
28/07/2024,8593,571,2840,3071,0,2069,0
29/07/2024,8717,610,1552,1438,0,2065,0
29/07/2024,8573,498,1705,1961,0,1723,0
29/07/2024,8021,441,1573,1589,0,2529,0
29/07/2024,8463,517,3014,1703,0,1124,0
29/07/2024,7598,413,4016,3414,0,1206,0
29/07/2024,7934,376,2240,2151,0,1250,0
29/07/2024,9518,606,2920,3905,0,3153,0
29/07/2024,7886,498,2578,1556,0,1795,0
29/07/2024,6804,411,1137,1854,0,1442,0
29/07/2024,10650,396,2609,3084,0,1505,0
29/07/2024,6440,849,2351,2741,0,791,0
29/07/2024,9147,616,2602,1246,0,1959,0
29/07/2024,9602,668,2193,2639,0,2090,0
29/07/2024,10816,351,3130,2856,0,1345,0
29/07/2024,6801,429,2874,1715,0,2637,0
30/07/2024,5902,425,1202,942,0,1750,0
30/07/2024,6595,685,1917,1262,0,2904,0
30/07/2024,6478,335,1640,3285,0,2342,0
30/07/2024,6473,781,2733,2613,0,2858,0
30/07/2024,6680,571,2532,2550,0,1459,0
30/07/2024,6779,746,2496,2785,0,3198,0
30/07/2024,4854,629,3923,1264,0,2464,0
30/07/2024,10946,469,1347,2839,0,1421,0
30/07/2024,9196,411,1780,4486,0,2472,0
30/07/2024,9278,544,3464,1277,0,1401,0
30/07/2024,5447,251,3244,1522,0,2343,0
30/07/2024,8888,592,2994,2441,0,989,0
30/07/2024,5808,509,2506,1714,0,2896,0
30/07/2024,11236,714,1322,3062,0,2167,0
30/07/2024,7210,278,4059,2398,0,1300,0
31/07/2024,9085,428,1048,2322,0,3132,0
31/07/2024,7879,569,1397,2978,0,1941,0
31/07/2024,5120,422,1290,2119,0,1299,0
31/07/2024,9765,483,3166,1245,0,3084,0
31/07/2024,9161,660,2978,1386,0,1864,0
31/07/2024,8344,522,2102,930,0,1897,0
31/07/2024,6174,565,1635,3992,0,1138,0
31/07/2024,10020,703,1723,1357,0,1185,0
31/07/2024,9321,702,3142,937,0,2082,0
31/07/2024,10479,804,1080,2843,0,1195,0
31/07/2024,5580,482,2595,2190,0,2131,0
31/07/2024,6062,381,3105,1317,0,2866,0
31/07/2024,9231,425,2387,1596,0,2221,0
31/07/2024,9335,366,3802,1436,0,1621,0
01/08/2024,7624,430,2931,1488,0,2455,0
01/08/2024,6378,351,2639,1860,0,2828,0
01/08/2024,6597,486,1214,1746,0,1062,0
01/08/2024,7503,497,3177,1466,0,1733,0
01/08/2024,4983,582,1728,1336,0,3109,0
01/08/2024,9975,599,3124,2728,0,2312,0
01/08/2024,7204,388,3407,2107,0,2928,0
01/08/2024,7963,373,1859,1484,0,1845,0
01/08/2024,7407,605,1139,3372,0,1785,0
01/08/2024,6393,712,2226,3995,0,1722,0
01/08/2024,6700,301,1504,1633,0,1301,0
01/08/2024,6449,709,4417,1239,0,3347,0
01/08/2024,6102,736,1360,3004,0,2535,0
01/08/2024,9109,358,4278,2034,0,1550,0
01/08/2024,7603,811,1610,3355,0,2016,0
02/08/2024,6808,392,4061,2713,0,2221,0
02/08/2024,8532,379,1326,2065,0,1915,0
02/08/2024,8442,471,2159,4142,0,2137,0
02/08/2024,10686,412,1215,3259,0,1846,0
02/08/2024,8911,649,1033,3028,0,1639,0
02/08/2024,7700,426,3293,3292,0,2332,0
02/08/2024,6746,405,3777,2282,0,2031,0
02/08/2024,8030,335,4441,2523,0,1603,0
02/08/2024,8791,256,2280,1463,0,1287,0
02/08/2024,10360,667,3282,1204,0,2459,0
02/08/2024,11285,696,3421,3778,0,2476,0
02/08/2024,5860,747,2596,2029,0,1584,0
02/08/2024,7021,435,2208,1935,0,1426,0
02/08/2024,6433,675,2877,3188,0,1966,0
02/08/2024,7869,655,1441,3430,0,2596,0
03/08/2024,10355,327,2864,2380,0,1995,0
03/08/2024,6437,750,941,3167,0,2721,0
03/08/2024,7047,676,4126,1059,0,2522,0
03/08/2024,5957,405,3048,3488,0,1628,0
03/08/2024,8745,549,2660,2958,0,1154,0
03/08/2024,7667,722,2927,3322,0,2459,0
03/08/2024,8761,387,2666,3392,0,2330,0
03/08/2024,8061,474,1122,3121,0,1861,0
03/08/2024,10712,456,3597,1271,0,3159,0
03/08/2024,7079,669,2635,3648,0,2524,0
03/08/2024,6074,471,1566,1077,0,1375,0
03/08/2024,8535,380,1932,3190,0,2849,0
03/08/2024,7471,826,2583,2069,0,1035,0
03/08/2024,7671,353,2815,3386,0,2728,0
04/08/2024,8781,614,1279,2227,0,2314,0
04/08/2024,5941,359,2396,3256,0,2361,0
04/08/2024,9014,729,1845,1283,0,1808,0
04/08/2024,10395,461,1031,1985,0,2135,0
04/08/2024,8434,583,2623,2402,0,2219,0
04/08/2024,7318,475,3867,1324,0,2501,0
04/08/2024,6826,461,4025,1152,0,1497,0
04/08/2024,11777,507,2746,2388,0,2455,0
04/08/2024,9869,377,919,4174,0,944,0
04/08/2024,5348,611,2785,2176,0,2664,0
04/08/2024,9154,644,3208,3628,0,2575,0
04/08/2024,4768,514,1907,1306,0,1214,0
04/08/2024,4745,563,1600,1467,0,2123,0
05/08/2024,8149,415,1470,2886,0,1214,0
05/08/2024,5058,472,2239,3665,0,1993,0
05/08/2024,10606,426,2211,1890,0,1546,0
05/08/2024,8498,599,869,2797,0,2562,0
05/08/2024,5390,541,3721,2017,0,2994,0
05/08/2024,9790,686,1274,1999,0,1749,0
05/08/2024,10198,530,2494,4119,0,1850,0
05/08/2024,6218,596,3786,3832,0,3283,0
05/08/2024,10690,626,3768,1492,0,1324,0
05/08/2024,5597,317,2273,2111,0,1234,0
05/08/2024,5643,406,2976,2957,0,2131,0
05/08/2024,5575,490,2070,1041,0,1748,0
05/08/2024,6387,367,1772,4151,0,1492,0
05/08/2024,8527,368,1403,3002,0,2075,0
06/08/2024,7335,413,1853,2247,0,1942,0
06/08/2024,6314,672,1921,3905,0,1042,0
06/08/2024,4316,536,1669,1455,0,1285,0
06/08/2024,4525,558,3862,2887,0,1288,0
06/08/2024,7338,447,3944,3049,0,960,0
06/08/2024,8637,597,1033,1400,0,2870,0
06/08/2024,9359,397,1684,1153,0,2086,0
06/08/2024,6519,769,1444,1630,0,954,0
06/08/2024,6894,436,3347,2903,0,1053,0
06/08/2024,5833,559,1912,1672,0,1529,0
06/08/2024,5925,354,3495,1180,0,1902,0
06/08/2024,6373,431,4600,1057,0,2288,0
06/08/2024,10179,519,2518,3262,0,2071,0
06/08/2024,7572,361,3126,2476,0,1961,0
07/08/2024,6904,750,2311,2337,0,2376,0
07/08/2024,5611,475,2235,1178,0,2780,0
07/08/2024,8326,545,3622,2002,0,2768,0
07/08/2024,7400,367,2074,3568,0,1786,0
07/08/2024,7772,485,2998,3808,0,2047,0
07/08/2024,8736,366,1434,2548,0,2242,0
07/08/2024,8255,567,2419,4066,0,1440,0
07/08/2024,6724,433,1584,1404,0,1655,0
07/08/2024,10476,594,932,3426,0,2674,0
07/08/2024,6196,413,2895,2444,0,2339,0
07/08/2024,4877,615,1848,3978,0,1577,0
07/08/2024,8008,580,2146,3057,0,1849,0
07/08/2024,6755,477,2001,4015,0,1949,0
07/08/2024,8047,510,3347,2401,0,2758,0
08/08/2024,8585,602,1752,2978,0,1488,0
08/08/2024,7984,314,1153,1298,0,1788,0
08/08/2024,6741,361,3480,3264,0,2286,0
08/08/2024,8717,340,2506,3543,0,2213,0
08/08/2024,5208,446,1867,2919,0,2188,0
08/08/2024,6275,427,1290,3807,0,2125,0
08/08/2024,7591,809,1649,2437,0,1342,0
08/08/2024,11624,693,1252,3724,0,1038,0
08/08/2024,9898,744,4212,1603,0,2099,0
08/08/2024,12227,435,2604,4578,0,3033,0
08/08/2024,4973,535,1780,3941,0,2014,0
08/08/2024,6057,586,3657,4027,0,959,0
08/08/2024,10826,410,4391,1412,0,1280,0
08/08/2024,9413,500,3701,2174,0,1621,0
09/08/2024,6881,480,1625,3438,0,1459,0
09/08/2024,5524,346,3338,2605,0,2591,0
09/08/2024,8719,487,1848,1945,0,1460,0
09/08/2024,8589,715,3598,2966,0,1401,0
09/08/2024,7284,580,1094,3104,0,1668,0
09/08/2024,10091,464,2369,2014,0,1402,0
09/08/2024,8038,657,1882,2360,0,3070,0
09/08/2024,6494,573,3850,2626,0,1133,0
09/08/2024,8634,405,1604,2012,0,1554,0
09/08/2024,8823,580,1870,3784,0,2510,0
09/08/2024,11080,538,1990,1342,0,2773,0
09/08/2024,4269,464,1184,1772,0,1073,0
09/08/2024,6892,516,4131,1394,0,2676,0
09/08/2024,7463,443,3142,3329,0,2695,0
10/08/2024,7166,659,2822,1585,0,2896,0
10/08/2024,9258,454,959,2511,0,1742,0
10/08/2024,8276,400,1491,3222,0,1149,0
10/08/2024,5354,388,1114,1935,0,1716,0
10/08/2024,7410,541,2881,1463,0,2382,0
10/08/2024,10639,316,3494,4757,0,2658,0
10/08/2024,6542,758,3040,3666,0,1747,0
10/08/2024,4365,698,4530,1717,0,2191,0
10/08/2024,7605,723,2703,2330,0,2889,0
10/08/2024,6954,576,2580,2369,0,2994,0
10/08/2024,6609,408,4221,3350,0,1938,0
10/08/2024,6985,595,2733,3182,0,1719,0
10/08/2024,11410,504,4552,978,0,1442,0
10/08/2024,7586,490,1604,3808,0,2435,0
11/08/2024,6522,441,3132,1028,0,1329,0
11/08/2024,6315,455,3083,2484,0,2475,0
11/08/2024,9987,504,1661,2527,0,3294,0
11/08/2024,6469,399,3545,2807,0,2000,0
11/08/2024,4996,705,1240,4222,0,1269,0
11/08/2024,6750,400,3014,1554,0,3065,0
11/08/2024,7773,622,2570,4246,0,2903,0
11/08/2024,7960,353,3002,1517,0,1013,0
11/08/2024,7870,249,1492,2483,0,1481,0
11/08/2024,5649,767,3295,2865,0,2707,0
11/08/2024,8548,380,1721,2032,0,984,0
11/08/2024,8511,765,1994,1031,0,1308,0
11/08/2024,9525,562,1192,3495,0,2179,0
12/08/2024,6190,379,3412,2607,0,2158,0
12/08/2024,7646,343,2818,1748,0,1162,0
12/08/2024,9987,639,3488,1506,0,2287,0
12/08/2024,6920,500,3377,3305,0,2321,0
12/08/2024,6912,437,3052,3513,0,1522,0
12/08/2024,8092,390,2407,2789,0,2205,0
12/08/2024,10075,297,3165,2548,0,1510,0
12/08/2024,8228,423,3512,1372,0,1875,0
12/08/2024,8042,646,1470,3496,0,2474,0
12/08/2024,7203,774,907,2793,0,2267,0
12/08/2024,5562,505,2889,2551,0,3113,0
12/08/2024,8525,514,1196,2402,0,2181,0
12/08/2024,7132,596,3776,2395,0,1154,0
12/08/2024,10955,789,2797,4442,0,1556,0
12/08/2024,6365,533,4328,1897,0,1918,0
13/08/2024,7557,664,1865,1407,0,1127,0
13/08/2024,6872,411,1985,1411,0,1338,0
13/08/2024,5711,393,2817,2360,0,2661,0
13/08/2024,9192,587,2435,1857,0,1712,0
13/08/2024,9334,338,3950,3319,0,1391,0
13/08/2024,4952,387,2397,2859,0,1828,0
13/08/2024,9664,394,2173,3236,0,1859,0
13/08/2024,8502,577,1815,4122,0,1212,0
13/08/2024,8214,600,2053,3010,0,2725,0
13/08/2024,7449,388,1890,1890,0,2681,0
13/08/2024,8479,364,3830,1939,0,1618,0
13/08/2024,11626,670,3817,1604,0,1989,0
13/08/2024,8006,472,2865,3848,0,2234,0
13/08/2024,10099,424,1436,3025,0,2035,0
13/08/2024,9854,482,2105,2786,0,2275,0
14/08/2024,7903,428,3046,3988,0,2822,0
14/08/2024,5715,389,3615,1315,0,2696,0
14/08/2024,5827,581,1196,1414,0,1637,0
14/08/2024,6643,674,2186,2729,0,2230,0
14/08/2024,10054,375,3125,2358,0,2450,0
14/08/2024,4919,717,1434,3119,0,1379,0
14/08/2024,7726,476,2875,1486,0,1405,0
14/08/2024,6244,548,2087,1938,0,1724,0
14/08/2024,5814,553,4636,1951,0,1808,0
14/08/2024,6770,755,2514,826,0,2202,0
14/08/2024,7493,327,1583,1240,0,1516,0
14/08/2024,6445,312,3304,1710,0,1681,0
14/08/2024,7702,808,2341,4736,0,2193,0
14/08/2024,8846,430,2905,1549,0,2018,0
14/08/2024,8843,528,1017,2733,0,2007,0
15/08/2024,10996,395,2602,3391,0,2695,0
15/08/2024,9456,586,1917,3580,0,1663,0
15/08/2024,10052,502,2163,2347,0,1114,0
15/08/2024,8856,405,1727,2292,0,3042,0
15/08/2024,9469,619,1263,2620,0,1268,0
15/08/2024,7582,493,2910,1661,0,1708,0
15/08/2024,6955,601,3359,1619,0,2921,0
15/08/2024,6769,484,1622,4518,0,1250,0
15/08/2024,5126,329,3413,1134,0,2445,0
15/08/2024,8144,587,1359,2346,0,2889,0
15/08/2024,7778,294,3277,2442,0,2018,0
15/08/2024,9293,260,3250,2495,0,1627,0
15/08/2024,7360,558,3263,2970,0,1671,0
15/08/2024,10435,586,2914,3795,0,2357,0
15/08/2024,7351,465,4254,2753,0,2731,0
16/08/2024,6518,405,2732,1911,0,1376,0
16/08/2024,9618,486,3036,2390,0,1223,0
16/08/2024,4777,322,2979,2226,0,2302,0
16/08/2024,11460,455,2608,2088,0,1694,0
16/08/2024,7036,592,2045,2646,0,1296,0
16/08/2024,7301,580,2871,3314,0,1965,0
16/08/2024,4150,435,3580,3815,0,2259,0
16/08/2024,8347,684,3697,1713,0,2774,0
16/08/2024,4360,388,1150,2065,0,2137,0
16/08/2024,4987,420,1313,2731,0,2462,0
16/08/2024,7742,346,2618,1929,0,2467,0
16/08/2024,9017,464,2526,3970,0,1094,0
16/08/2024,10596,535,2845,3228,0,2228,0
16/08/2024,4643,809,4033,1368,0,2846,0
17/08/2024,8178,337,1542,2593,0,2456,0
17/08/2024,6244,400,3409,2962,0,2045,0
17/08/2024,9359,448,2843,1311,0,2377,0
17/08/2024,8815,710,2505,2726,0,2481,0
17/08/2024,7583,659,1471,2966,0,1782,0
17/08/2024,5550,579,2821,2049,0,2245,0
17/08/2024,7336,442,3766,1759,0,2432,0
17/08/2024,9863,507,2383,1769,0,1916,0
17/08/2024,7406,421,3191,1779,0,2700,0
17/08/2024,6457,512,2762,1289,0,2146,0
17/08/2024,8820,368,3589,1917,0,1639,0
17/08/2024,8866,500,4027,3405,0,1008,0
17/08/2024,5745,489,1549,2016,0,1112,0
17/08/2024,4494,406,1650,3401,0,1159,0
18/08/2024,8957,638,1429,2838,0,852,0
18/08/2024,9117,782,1991,2595,0,1991,0
18/08/2024,6359,616,2334,1992,0,1432,0
18/08/2024,5213,261,3141,4078,0,1950,0
18/08/2024,7839,372,3382,1089,0,965,0
18/08/2024,4415,463,3620,1131,0,1322,0
18/08/2024,10707,600,3235,1725,0,884,0
18/08/2024,6491,443,3910,1796,0,1953,0
18/08/2024,8699,347,3712,2295,0,1189,0
18/08/2024,12261,521,1504,2032,0,3392,0
18/08/2024,9590,497,1308,1030,0,1997,0
18/08/2024,4512,540,4309,2919,0,2540,0
18/08/2024,5447,335,852,2543,0,2367,0
19/08/2024,4822,482,1116,794,0,1875,0
19/08/2024,5717,574,2129,3989,0,3433,0
19/08/2024,9080,478,1480,2536,0,1728,0
19/08/2024,5134,527,1389,4085,0,2992,0
19/08/2024,6822,525,3383,2008,0,1947,0
19/08/2024,7548,409,3869,2105,0,2817,0
19/08/2024,9600,480,3005,3215,0,2027,0
19/08/2024,7895,407,2999,4029,0,1222,0
19/08/2024,5139,437,1504,1240,0,1582,0
19/08/2024,6703,606,3354,3752,0,2176,0
19/08/2024,8360,265,1348,4460,0,2001,0
19/08/2024,4924,393,1080,1971,0,2292,0
19/08/2024,7884,415,3610,3034,0,1569,0
19/08/2024,8567,688,2060,4242,0,1412,0
20/08/2024,6343,614,4581,1228,0,1501,0
20/08/2024,8558,531,1881,1956,0,3105,0
20/08/2024,9271,616,3002,1873,0,1137,0
20/08/2024,9549,642,3200,1433,0,1417,0
20/08/2024,6004,373,3691,2784,0,2135,0
20/08/2024,6397,574,3979,2990,0,2163,0
20/08/2024,7770,626,2056,1555,0,1804,0
20/08/2024,9497,542,3892,2870,0,2440,0
20/08/2024,8831,495,2756,1229,0,2684,0
20/08/2024,7122,686,2567,1283,0,2159,0
20/08/2024,9153,760,3087,2727,0,2122,0
20/08/2024,5586,514,2955,3316,0,2889,0
20/08/2024,7460,612,3989,2672,0,2626,0
20/08/2024,5576,629,1993,1944,0,2035,0
20/08/2024,7498,533,3804,1246,0,1066,0
21/08/2024,6364,635,1591,2908,0,1528,0
21/08/2024,7834,359,3014,3098,0,3520,0
21/08/2024,4930,534,904,1852,0,1919,0
21/08/2024,6358,401,4497,1699,0,3090,0
21/08/2024,8795,336,2994,3942,0,2024,0
21/08/2024,5928,637,3090,2867,0,1587,0
21/08/2024,8823,709,1025,2848,0,2110,0
21/08/2024,6099,714,3621,1063,0,1696,0
21/08/2024,4931,420,2620,3205,0,1683,0
21/08/2024,7267,528,2906,1449,0,1144,0
21/08/2024,6985,469,1855,2514,0,2189,0
21/08/2024,4902,389,1115,3418,0,2339,0
21/08/2024,8070,690,4286,3015,0,1520,0
21/08/2024,5196,522,2184,1110,0,2301,0
21/08/2024,7185,338,901,3724,0,1267,0
22/08/2024,8758,447,3345,2812,0,1372,0
22/08/2024,9512,297,2000,3287,0,1237,0
22/08/2024,5510,600,1245,2031,0,1832,0
22/08/2024,6890,380,1504,3174,0,1639,0
22/08/2024,8034,387,2679,3919,0,1501,0
22/08/2024,9577,430,1389,3348,0,993,0
22/08/2024,7137,337,2754,2963,0,1701,0
22/08/2024,8075,382,3662,3699,0,2509,0
22/08/2024,9800,473,4328,2909,0,1749,0
22/08/2024,5542,363,1425,2771,0,1565,0
22/08/2024,6593,507,3381,3813,0,1293,0
22/08/2024,5848,582,2847,2606,0,2918,0
22/08/2024,7413,448,1709,1556,0,3326,0
22/08/2024,12326,302,2153,840,0,1520,0
22/08/2024,8193,477,4383,2138,0,1089,0
23/08/2024,8581,673,3715,2620,0,1442,0
23/08/2024,6818,355,3598,975,0,1457,0
23/08/2024,6894,502,3763,3568,0,1886,0
23/08/2024,6300,458,1021,1409,0,2411,0
23/08/2024,5856,396,2366,2906,0,979,0
23/08/2024,5596,504,3136,2537,0,3087,0
23/08/2024,5588,781,2610,2563,0,1267,0
23/08/2024,8909,771,3470,2837,0,3026,0
23/08/2024,7595,637,3002,3990,0,1482,0
23/08/2024,8076,649,855,3540,0,2402,0
23/08/2024,8777,550,1486,1341,0,2596,0
23/08/2024,6461,358,2718,1517,0,1794,0
23/08/2024,9249,529,2182,2747,0,1188,0
23/08/2024,5534,546,1283,1365,0,2903,0
23/08/2024,6818,630,4393,1900,0,1660,0
24/08/2024,5009,267,2373,1516,0,2836,0
24/08/2024,7887,683,2213,1830,0,2973,0
24/08/2024,9369,567,2677,3483,0,1136,0
24/08/2024,5671,691,1864,3880,0,1416,0
24/08/2024,7121,462,3812,2597,0,1432,0
24/08/2024,7374,523,2885,2408,0,1716,0
24/08/2024,8245,451,1300,1570,0,1984,0
24/08/2024,9072,549,4535,1723,0,1416,0
24/08/2024,7235,251,3956,4058,0,1944,0
24/08/2024,6479,362,1492,2838,0,1457,0
24/08/2024,7836,340,1835,4316,0,902,0
24/08/2024,7670,344,4519,1714,0,1858,0
24/08/2024,4843,362,1235,4128,0,3088,0
24/08/2024,5751,555,3124,2407,0,2813,0
24/08/2024,6342,379,2387,1519,0,1964,0
25/08/2024,7578,357,2907,1709,0,1098,0
25/08/2024,8057,546,2059,3323,0,2098,0
25/08/2024,5990,491,3171,2040,0,1504,0
25/08/2024,4990,332,1106,1638,0,2706,0
25/08/2024,9812,350,1549,3748,0,3106,0
25/08/2024,8149,685,3797,1113,0,2031,0
25/08/2024,6390,342,3972,3648,0,1239,0
25/08/2024,7421,508,1803,2517,0,3152,0
25/08/2024,11560,591,1321,1441,0,1626,0
25/08/2024,7605,432,4008,1986,0,1290,0
25/08/2024,6153,626,1891,1511,0,1395,0
25/08/2024,7832,672,2128,1616,0,2371,0
25/08/2024,8108,465,2032,1580,0,2231,0
25/08/2024,8303,713,4609,1080,0,1791,0
26/08/2024,7379,704,1151,2492,0,1632,0
26/08/2024,6921,492,2469,2159,0,1500,0
26/08/2024,5137,635,4127,3417,0,1436,0
26/08/2024,8818,375,2420,3716,0,1390,0
26/08/2024,7146,782,2791,3109,0,2007,0
26/08/2024,6077,565,2813,2260,0,1138,0
26/08/2024,5690,399,3609,4195,0,2063,0
26/08/2024,10733,569,2793,2761,0,1372,0
26/08/2024,10527,496,2800,1169,0,1198,0
26/08/2024,7825,550,1006,3067,0,3004,0
26/08/2024,10117,415,3090,1058,0,1012,0
26/08/2024,8355,614,1696,2883,0,2062,0
26/08/2024,6391,307,1666,3970,0,1264,0
26/08/2024,7951,657,3689,883,0,1698,0
26/08/2024,10872,504,3212,1858,0,2443,0
27/08/2024,7352,455,2161,1480,0,3081,0
27/08/2024,8048,389,1314,3249,0,2245,0
27/08/2024,6260,566,3739,3336,0,2305,0
27/08/2024,8571,825,2885,2276,0,3272,0
27/08/2024,6789,515,1717,2491,0,2173,0
27/08/2024,5451,440,3645,4233,0,1346,0
27/08/2024,7016,522,2401,1712,0,1534,0
27/08/2024,9013,451,2248,1202,0,1299,0
27/08/2024,9807,411,1285,1276,0,956,0
27/08/2024,8900,399,3777,1827,0,1619,0
27/08/2024,7670,434,2928,2813,0,892,0
27/08/2024,4974,339,2006,2473,0,1170,0
27/08/2024,5079,482,1759,3138,0,2671,0
27/08/2024,11911,524,3553,3379,0,2494,0
27/08/2024,4312,706,3529,1935,0,1539,0
28/08/2024,9239,600,1200,4822,0,1677,0
28/08/2024,8673,338,2448,3871,0,1202,0
28/08/2024,7097,711,1640,1671,0,1993,0
28/08/2024,6722,343,1643,2057,0,2540,0
28/08/2024,7017,316,1903,3031,0,1457,0
28/08/2024,8879,458,2005,1724,0,2556,0
28/08/2024,4412,510,1616,3187,0,2962,0
28/08/2024,4957,450,2193,1887,0,2277,0
28/08/2024,7552,428,2666,2089,0,1028,0
28/08/2024,7591,535,2163,2131,0,1765,0
28/08/2024,10366,383,2824,1029,0,2499,0
28/08/2024,8561,375,3087,2599,0,942,0
28/08/2024,8318,608,1034,1317,0,2009,0
28/08/2024,5620,435,2521,1335,0,2679,0
29/08/2024,8577,433,2759,3090,0,3317,0
29/08/2024,7740,612,1100,1542,0,2340,0
29/08/2024,5342,608,2848,2894,0,2605,0
29/08/2024,7037,591,3185,1964,0,3359,0
29/08/2024,4838,369,1187,3899,0,2567,0
29/08/2024,7105,416,4603,2529,0,2378,0
29/08/2024,5156,468,2746,1245,0,1123,0
29/08/2024,7926,663,2707,1331,0,1889,0
29/08/2024,10597,503,3005,3918,0,2900,0
29/08/2024,9132,381,3021,1117,0,1304,0
29/08/2024,11734,333,2210,3051,0,2395,0
29/08/2024,6304,457,2887,3212,0,2432,0
29/08/2024,9671,631,3085,2187,0,1548,0
29/08/2024,5012,549,1421,2662,0,2098,0
30/08/2024,6141,586,2603,3159,0,2350,0
30/08/2024,8831,324,2559,2591,0,2420,0
30/08/2024,10053,748,1607,2341,0,1576,0
30/08/2024,10360,535,2296,1916,0,2480,0
30/08/2024,5221,366,4193,2238,0,2270,0
30/08/2024,11070,413,1269,2477,0,1624,0
30/08/2024,10250,663,3229,1432,0,1420,0
30/08/2024,8300,407,1903,1220,0,2410,0
30/08/2024,8493,729,3440,2231,0,1722,0
30/08/2024,9089,459,3092,2719,0,2353,0
30/08/2024,9602,627,3207,2454,0,1526,0
30/08/2024,12106,362,1931,3084,0,828,0
30/08/2024,6155,447,2249,2230,0,3398,0
30/08/2024,10431,523,3539,2775,0,2102,0
31/08/2024,9427,390,1573,2583,0,2519,0
31/08/2024,6929,590,1751,3938,0,1481,0
31/08/2024,10925,327,1215,1111,0,1066,0
31/08/2024,6564,260,4365,2682,0,2832,0
31/08/2024,8469,240,1572,2428,0,2078,0
31/08/2024,6928,519,2377,4204,0,1473,0
31/08/2024,8644,493,1886,4154,0,940,0
31/08/2024,6334,510,1219,2371,0,1163,0
31/08/2024,9301,698,3336,3273,0,1550,0
31/08/2024,5943,365,2985,1241,0,3447,0
31/08/2024,5069,619,2698,1663,0,892,0
31/08/2024,6160,392,3026,1655,0,1632,0
31/08/2024,8821,562,2465,2477,0,2013,0
31/08/2024,6302,731,2147,2046,0,1836,0
01/09/2024,10196,318,4076,3768,0,1716,0
01/09/2024,9153,491,829,928,0,2065,0
01/09/2024,10095,624,2479,2201,0,1650,0
01/09/2024,4418,399,1282,1443,0,1960,0
01/09/2024,7589,463,2472,2819,0,3126,0
01/09/2024,5402,724,2304,3693,0,3319,0
01/09/2024,8550,474,1459,3335,0,2067,0
01/09/2024,9465,418,2641,3872,0,2108,0
01/09/2024,7503,384,3205,4493,0,1960,0
01/09/2024,7885,499,1415,1409,0,1765,0
01/09/2024,6164,401,1840,3065,0,2098,0
01/09/2024,10290,455,1637,2634,0,2088,0
01/09/2024,8849,256,2994,3837,0,1786,0
02/09/2024,5091,378,1754,2537,0,1216,0
02/09/2024,8154,491,1004,2091,0,1883,0
02/09/2024,7604,495,1048,3318,0,2997,0
02/09/2024,6102,602,4466,2330,0,917,0
02/09/2024,6468,506,2757,972,0,2034,0
02/09/2024,7627,386,2525,1145,0,2122,0
02/09/2024,11155,243,1253,2826,0,1641,0
02/09/2024,6450,521,4384,1346,0,3455,0
02/09/2024,9343,312,2142,1676,0,1795,0
02/09/2024,4755,365,3451,1836,0,2488,0
02/09/2024,9052,269,1385,3484,0,1701,0
02/09/2024,5962,360,1355,4035,0,2117,0
02/09/2024,6764,523,3473,3023,0,3509,0
02/09/2024,9417,393,3629,1026,0,1391,0
03/09/2024,7465,316,3454,2016,0,1495,0
03/09/2024,9265,591,3989,1198,0,1986,0
03/09/2024,5875,510,2533,2848,0,2037,0
03/09/2024,7755,402,2088,3012,0,1799,0
03/09/2024,7178,337,2706,1281,0,1308,0
03/09/2024,5796,533,3257,1336,0,3229,0
03/09/2024,4416,575,3014,3124,0,1537,0
03/09/2024,7191,288,2674,1837,0,2472,0
03/09/2024,7200,699,1321,1850,0,2332,0
03/09/2024,6825,443,2867,2528,0,3546,0
03/09/2024,8039,688,1440,2529,0,829,0
03/09/2024,8545,512,2665,2854,0,2333,0
03/09/2024,10448,557,3355,3753,0,1157,0
03/09/2024,5414,536,2161,3370,0,1571,0
04/09/2024,10683,436,1843,1525,0,1473,0
04/09/2024,4302,342,1726,2226,0,1900,0
04/09/2024,9867,449,1543,3670,0,2397,0
04/09/2024,5654,777,1204,3642,0,1256,0
04/09/2024,5464,524,1745,2885,0,1125,0
04/09/2024,6266,463,1985,2123,0,2452,0
04/09/2024,6572,664,2326,3386,0,1700,0
04/09/2024,6729,449,1755,3780,0,1511,0
04/09/2024,5132,406,2414,2183,0,2459,0
04/09/2024,5026,605,2385,3215,0,1812,0
04/09/2024,6966,260,1821,2891,0,1242,0
04/09/2024,10652,783,1894,2604,0,1431,0
04/09/2024,8111,635,2395,2258,0,2307,0
04/09/2024,10044,466,2869,4028,0,2138,0
04/09/2024,8230,422,3891,3835,0,1961,0
05/09/2024,5937,542,1752,1858,0,2666,0
05/09/2024,5889,254,1935,2749,0,1179,0
05/09/2024,7514,337,2500,3417,0,1626,0
05/09/2024,6749,312,1083,3716,0,2072,0
05/09/2024,4052,674,4006,967,0,2481,0
05/09/2024,8449,498,2988,1361,0,1440,0
05/09/2024,8839,520,2128,1618,0,3302,0
05/09/2024,8907,645,3109,3395,0,2782,0
05/09/2024,7241,359,3118,2692,0,2065,0
05/09/2024,9723,248,2843,2718,0,2330,0
05/09/2024,6344,474,1338,2804,0,1367,0
05/09/2024,10130,659,1718,810,0,2759,0
05/09/2024,7264,705,1036,3289,0,1733,0
05/09/2024,10085,570,2116,1740,0,2389,0
05/09/2024,8601,605,2274,3168,0,2782,0
06/09/2024,7275,321,3491,3098,0,2020,0
06/09/2024,8142,543,1960,4337,0,1298,0
06/09/2024,8536,328,2701,2555,0,1912,0
06/09/2024,8921,297,4152,1980,0,2307,0
06/09/2024,8906,542,1911,2785,0,3274,0
06/09/2024,5506,593,2891,1487,0,1345,0
06/09/2024,6043,583,1098,3160,0,1877,0
06/09/2024,7555,249,4369,981,0,1771,0
06/09/2024,7595,420,1709,1599,0,2213,0
06/09/2024,8113,546,3965,3240,0,797,0
06/09/2024,7474,449,2208,994,0,2438,0
06/09/2024,7293,734,4055,2446,0,1464,0
06/09/2024,5582,481,4355,1312,0,2214,0
06/09/2024,9752,578,1558,2593,0,1751,0
06/09/2024,9910,699,3271,4302,0,1324,0
07/09/2024,4486,444,4179,1461,0,2126,0
07/09/2024,6218,583,2262,2863,0,2119,0
07/09/2024,7549,420,4068,2508,0,2836,0
07/09/2024,8439,462,1759,2005,0,2573,0
07/09/2024,6067,471,3309,2631,0,1762,0
07/09/2024,7718,369,1796,2714,0,3381,0
07/09/2024,6262,635,3149,2351,0,2031,0
07/09/2024,6674,458,1249,3926,0,1274,0
07/09/2024,7239,449,2755,1832,0,1122,0
07/09/2024,9149,744,2831,3510,0,1288,0
07/09/2024,4797,479,2074,2825,0,1216,0
07/09/2024,7518,747,2059,2122,0,1216,0
07/09/2024,5727,731,1593,3055,0,1778,0
07/09/2024,10153,511,2181,1971,0,1442,0
07/09/2024,5101,312,2885,3550,0,1557,0
08/09/2024,4946,565,2410,3992,0,1767,0
08/09/2024,10434,487,2050,1897,0,3073,0
08/09/2024,11650,723,2105,1133,0,954,0
08/09/2024,7906,565,2153,3284,0,1377,0
08/09/2024,6911,434,1814,2524,0,1297,0
08/09/2024,8490,818,2117,3020,0,1729,0
08/09/2024,5837,311,2437,3405,0,965,0
08/09/2024,5955,388,4430,2448,0,1525,0
08/09/2024,6717,468,2515,1401,0,2091,0
08/09/2024,5233,527,2872,4578,0,2689,0
08/09/2024,9251,572,2036,1012,0,821,0
08/09/2024,10958,796,4370,1031,0,986,0
08/09/2024,7903,274,2377,2010,0,2572,0
09/09/2024,9180,633,2604,2561,0,1664,0
09/09/2024,9351,628,2239,2014,0,1179,0
09/09/2024,8230,474,2991,2594,0,3320,0
09/09/2024,5353,615,2318,1035,0,2613,0
09/09/2024,8435,723,3602,3020,0,2408,0
09/09/2024,6002,489,4684,3608,0,2444,0
09/09/2024,5289,624,4351,3770,0,2760,0
09/09/2024,10630,457,2077,2657,0,2281,0
09/09/2024,7649,313,1781,2927,0,2108,0
09/09/2024,5212,640,2119,1250,0,2206,0
09/09/2024,7546,713,2337,2495,0,1433,0
09/09/2024,10557,494,3487,1659,0,1751,0
09/09/2024,6673,285,2177,950,0,1227,0
09/09/2024,10488,554,1732,2948,0,1219,0
09/09/2024,5893,824,1160,3004,0,2401,0
10/09/2024,10051,504,999,3752,0,2025,0
10/09/2024,7631,588,3774,2945,0,1171,0
10/09/2024,8174,489,870,2576,0,882,0
10/09/2024,7797,611,3794,2169,0,2417,0
10/09/2024,6534,337,3110,1640,0,2065,0
10/09/2024,6089,487,3994,1870,0,2098,0
10/09/2024,6558,233,1312,1462,0,1509,0
10/09/2024,6883,587,2950,1611,0,1122,0
10/09/2024,6495,500,3495,1735,0,1461,0
10/09/2024,5926,627,4083,2582,0,2471,0
10/09/2024,6477,472,1592,3714,0,3297,0
10/09/2024,11348,449,3062,2601,0,1821,0
10/09/2024,5816,497,3062,3285,0,1014,0
10/09/2024,5547,552,1196,1984,0,2437,0
10/09/2024,8611,311,3661,1540,0,3134,0
11/09/2024,7719,569,2432,1664,0,2411,0
11/09/2024,10048,591,1199,1670,0,1015,0
11/09/2024,6452,333,2856,4143,0,2492,0
11/09/2024,3857,610,2646,2226,0,3207,0
11/09/2024,10829,776,1621,1177,0,2520,0
11/09/2024,6837,481,1772,2604,0,2778,0
11/09/2024,6952,353,2787,2561,0,2227,0
11/09/2024,7119,449,4067,2166,0,1281,0
11/09/2024,11053,510,2280,2361,0,1272,0
11/09/2024,9901,365,4344,1509,0,2238,0
11/09/2024,4852,490,1781,1732,0,1261,0
11/09/2024,5883,672,2061,1862,0,2694,0
11/09/2024,7445,478,1512,1199,0,2328,0
11/09/2024,7705,281,2291,3554,0,2228,0
11/09/2024,6004,662,1528,3021,0,2204,0
12/09/2024,9273,274,1946,4417,0,2415,0
12/09/2024,7777,705,2306,3040,0,3236,0
12/09/2024,6515,463,1610,3331,0,3005,0
12/09/2024,6575,395,2334,2536,0,1391,0
12/09/2024,6016,393,2741,1332,0,2846,0
12/09/2024,9000,698,1747,3568,0,3042,0
12/09/2024,9902,323,1989,1547,0,2012,0
12/09/2024,4279,617,1434,2922,0,1048,0
12/09/2024,5006,717,2425,2424,0,1918,0
12/09/2024,8089,326,1662,1452,0,2088,0
12/09/2024,9843,448,3543,1559,0,2416,0
12/09/2024,5302,541,1902,1227,0,3219,0
12/09/2024,5576,436,2619,2817,0,2477,0
12/09/2024,6764,248,1661,3402,0,2737,0
12/09/2024,7156,787,3854,3594,0,2083,0
13/09/2024,9496,652,2282,2807,0,3544,0
13/09/2024,5846,432,3435,2332,0,1911,0
13/09/2024,8539,589,1951,3661,0,1453,0
13/09/2024,6926,459,3439,1683,0,2137,0
13/09/2024,4909,644,2996,2433,0,850,0
13/09/2024,6505,662,1195,1749,0,3306,0
13/09/2024,7218,461,2278,3208,0,2682,0
13/09/2024,7577,550,1211,2640,0,1527,0
13/09/2024,9254,411,3150,1929,0,1105,0
13/09/2024,10970,276,1536,4330,0,2552,0
13/09/2024,5502,363,1364,3235,0,1557,0
13/09/2024,6905,633,1398,3641,0,2112,0
13/09/2024,12077,290,2159,3028,0,2052,0
13/09/2024,7072,411,2579,2453,0,1468,0
13/09/2024,5557,351,4587,2666,0,820,0
14/09/2024,4713,656,1782,3413,0,1336,0
14/09/2024,6934,368,2261,1252,0,1395,0
14/09/2024,7233,417,2180,3550,0,2428,0
14/09/2024,8680,570,2506,1593,0,956,0
14/09/2024,7609,361,4641,3188,0,2164,0
14/09/2024,4222,755,1851,1780,0,958,0
14/09/2024,5229,653,3335,1753,0,2218,0
14/09/2024,9207,573,1174,1573,0,2169,0
14/09/2024,10382,501,1832,1116,0,1263,0
14/09/2024,6973,441,4480,3898,0,2151,0
14/09/2024,7611,287,4102,3598,0,2204,0
14/09/2024,10278,520,3032,4174,0,2051,0
14/09/2024,9432,479,2676,3127,0,1888,0
14/09/2024,8545,370,1659,1804,0,2007,0
15/09/2024,7507,509,1344,2647,0,2316,0
15/09/2024,4238,573,766,2649,0,1461,0
15/09/2024,7495,611,3600,3334,0,1728,0
15/09/2024,7525,361,1541,2790,0,1886,0
15/09/2024,5698,355,1646,1349,0,1791,0
15/09/2024,7230,513,1371,3631,0,2584,0
15/09/2024,8172,518,2030,1322,0,2558,0
15/09/2024,6209,368,3284,1691,0,1473,0
15/09/2024,8170,448,1557,3544,0,2222,0
15/09/2024,7127,713,1182,3956,0,1321,0
15/09/2024,6711,506,2986,2852,0,1075,0
15/09/2024,6841,493,1884,3569,0,1679,0
15/09/2024,9720,522,3322,4225,0,1482,0
16/09/2024,9521,414,1100,1666,0,1886,0
16/09/2024,4968,515,1579,1332,0,3475,0
16/09/2024,8072,498,3221,916,0,2788,0
16/09/2024,6456,578,3522,3439,0,1755,0
16/09/2024,4289,338,2396,2690,0,1619,0
16/09/2024,9338,469,1065,2815,0,1478,0
16/09/2024,6769,281,3221,2810,0,815,0
16/09/2024,4682,770,1282,2313,0,1906,0
16/09/2024,4391,342,1782,1840,0,1479,0
16/09/2024,7924,418,1463,2189,0,3681,0
16/09/2024,4392,490,1413,2581,0,2389,0
16/09/2024,8180,507,1642,2139,0,1578,0
16/09/2024,8369,318,2545,3975,0,1100,0
17/09/2024,7702,663,4504,2320,0,865,0
17/09/2024,9155,322,3655,2069,0,2467,0
17/09/2024,7637,629,1749,2867,0,1227,0
17/09/2024,6288,627,4424,2476,0,2849,0
17/09/2024,8606,407,2433,1849,0,2310,0
17/09/2024,8375,673,3737,3287,0,2351,0
17/09/2024,4625,413,3868,3537,0,1105,0
17/09/2024,6331,402,2628,1973,0,1032,0
17/09/2024,9188,500,1605,2900,0,1736,0
17/09/2024,4907,261,2057,1205,0,1065,0
17/09/2024,10535,417,1609,2210,0,3319,0
17/09/2024,8572,383,3450,2993,0,2185,0
17/09/2024,6705,632,3539,1950,0,1521,0
17/09/2024,6512,573,2605,993,0,2109,0
17/09/2024,5210,645,2476,3977,0,1233,0
18/09/2024,11336,535,2361,3158,0,1888,0
18/09/2024,8818,345,2042,3776,0,2250,0
18/09/2024,5117,508,3259,2849,0,1968,0
18/09/2024,10854,590,4279,2750,0,2566,0
18/09/2024,8801,429,897,2231,0,2007,0
18/09/2024,7401,412,2102,3919,0,3695,0
18/09/2024,11385,416,3847,1337,0,2368,0
18/09/2024,5061,434,3668,4053,0,2183,0
18/09/2024,5307,542,3352,1116,0,2158,0
18/09/2024,6918,496,3601,1640,0,1643,0
18/09/2024,7574,719,1731,1883,0,1988,0
18/09/2024,7926,413,1081,2958,0,2002,0
18/09/2024,6742,256,3669,3600,0,1710,0
18/09/2024,7761,557,3441,2176,0,2146,0
18/09/2024,6456,760,2122,2817,0,1434,0
19/09/2024,7282,561,1280,1728,0,1268,0
19/09/2024,10197,333,2556,3691,0,1800,0
19/09/2024,5097,502,2934,1801,0,3125,0
19/09/2024,5630,673,1478,1268,0,2474,0
19/09/2024,6239,519,2625,1861,0,1861,0
19/09/2024,7651,322,2010,1045,0,2345,0
19/09/2024,9257,402,1933,3881,0,2009,0
19/09/2024,5901,536,2000,2869,0,1619,0
19/09/2024,7619,427,4006,3777,0,2702,0
19/09/2024,7272,395,1283,1248,0,2391,0
19/09/2024,5546,497,2196,2867,0,1199,0
19/09/2024,6841,411,2166,1552,0,1764,0
19/09/2024,5736,568,2777,3129,0,2250,0
19/09/2024,4456,467,2174,796,0,1944,0
19/09/2024,7718,646,3627,3166,0,1525,0
20/09/2024,6448,648,1632,1228,0,2408,0
20/09/2024,4589,774,1678,3536,0,2315,0
20/09/2024,6676,754,4709,3091,0,2315,0
20/09/2024,5409,859,1267,3826,0,974,0
20/09/2024,6271,533,3698,1681,0,1265,0
20/09/2024,10870,416,3099,2443,0,956,0
20/09/2024,8121,516,2427,2567,0,1821,0
20/09/2024,4996,340,2636,3397,0,2202,0
20/09/2024,8475,378,3438,2709,0,2025,0
20/09/2024,5392,487,1038,1699,0,1571,0
20/09/2024,10785,783,3004,2807,0,2219,0
20/09/2024,4428,580,2913,3274,0,1806,0
20/09/2024,7074,675,1107,2852,0,886,0
20/09/2024,7327,701,912,2189,0,2229,0
21/09/2024,5763,340,2310,2434,0,2240,0
21/09/2024,7867,450,2507,2805,0,2731,0
21/09/2024,5922,473,1427,2257,0,1757,0
21/09/2024,12231,545,3712,1841,0,2413,0
21/09/2024,8745,805,3694,2363,0,3228,0
21/09/2024,8429,661,2990,1347,0,1378,0
21/09/2024,7864,431,2544,1332,0,1245,0
21/09/2024,9800,358,1292,3768,0,1342,0
21/09/2024,9923,431,3287,2724,0,2149,0
21/09/2024,6455,606,3010,1502,0,1307,0
21/09/2024,6405,423,2034,1641,0,2393,0
21/09/2024,9877,450,1359,2927,0,2295,0
21/09/2024,9997,617,2826,3764,0,2832,0
21/09/2024,5625,514,1706,1231,0,1616,0
21/09/2024,4493,569,1853,1165,0,2525,0
22/09/2024,8227,523,2672,2995,0,2755,0
22/09/2024,9857,389,1111,2569,0,1484,0
22/09/2024,5851,399,2553,1140,0,2463,0
22/09/2024,6642,354,3003,1148,0,1573,0
22/09/2024,6708,285,3589,2398,0,1277,0
22/09/2024,9722,477,1950,2045,0,1781,0
22/09/2024,8997,472,2756,3339,0,1175,0
22/09/2024,6421,483,2036,3099,0,1270,0
22/09/2024,11076,440,2821,1116,0,2823,0
22/09/2024,10920,358,2117,3967,0,1024,0
22/09/2024,4964,326,2972,2877,0,2237,0
22/09/2024,7504,313,2784,1850,0,1163,0
22/09/2024,7035,478,1087,4010,0,974,0
23/09/2024,8183,482,3203,2769,0,2208,0
23/09/2024,5991,411,1251,1595,0,2569,0
23/09/2024,9125,454,2852,2420,0,1112,0
23/09/2024,6899,481,2955,892,0,1057,0
23/09/2024,8949,368,3148,4034,0,1449,0
23/09/2024,9808,559,2845,1573,0,2976,0
23/09/2024,8307,807,1678,3712,0,1717,0
23/09/2024,6493,653,1767,3224,0,2014,0
23/09/2024,7818,675,3151,3814,0,949,0
23/09/2024,6682,536,2469,1004,0,1308,0
23/09/2024,8892,467,1458,1953,0,1597,0
23/09/2024,6647,616,1283,2096,0,2888,0
23/09/2024,9074,514,3206,2327,0,3375,0
23/09/2024,10235,429,3009,3674,0,2059,0
23/09/2024,5314,284,2910,3677,0,1060,0
24/09/2024,9963,509,3689,1375,0,2982,0
24/09/2024,9665,331,978,1680,0,983,0
24/09/2024,9980,493,3146,1754,0,1414,0
24/09/2024,4224,346,2541,1940,0,2199,0
24/09/2024,10070,696,4467,1003,0,2679,0
24/09/2024,5626,460,2077,1231,0,1390,0
24/09/2024,6841,683,2979,4479,0,1047,0
24/09/2024,7923,546,4530,4138,0,2463,0
24/09/2024,4777,572,4514,2945,0,2490,0
24/09/2024,5665,519,4624,3005,0,1654,0
24/09/2024,7426,400,3210,3978,0,2080,0
24/09/2024,8543,699,1430,2498,0,1535,0
24/09/2024,7027,501,2170,4074,0,1897,0
24/09/2024,7536,666,3520,3060,0,1419,0
24/09/2024,7913,574,2520,2041,0,1777,0
25/09/2024,8003,588,1787,1800,0,1263,0
25/09/2024,5370,391,3525,3170,0,2209,0
25/09/2024,8630,419,1843,1251,0,2565,0
25/09/2024,7868,521,4006,1577,0,3595,0
25/09/2024,4937,289,1509,2532,0,1416,0
25/09/2024,6143,497,3327,3071,0,1981,0
25/09/2024,8469,432,2052,3976,0,1855,0
25/09/2024,6255,306,2470,2391,0,1500,0
25/09/2024,4548,608,2358,3593,0,2390,0
25/09/2024,6186,450,1559,4259,0,1051,0
25/09/2024,5896,610,980,3696,0,2353,0
25/09/2024,11305,438,3430,2475,0,2670,0
25/09/2024,8407,517,2333,949,0,2927,0
25/09/2024,8768,439,1045,2396,0,2417,0
25/09/2024,4467,701,1359,1032,0,1464,0
26/09/2024,8927,556,1021,4565,0,3071,0
26/09/2024,8830,449,1756,1208,0,2173,0
26/09/2024,9137,527,1805,3445,0,2161,0
26/09/2024,8373,481,1940,1445,0,2868,0
26/09/2024,6868,537,2925,1766,0,3109,0
26/09/2024,6491,578,4433,4111,0,2424,0
26/09/2024,4624,544,1236,1532,0,1596,0
26/09/2024,6305,471,2512,2540,0,1436,0
26/09/2024,6875,453,1954,3928,0,2539,0
26/09/2024,9270,640,4128,3851,0,1726,0
26/09/2024,6673,670,3177,3186,0,2068,0
26/09/2024,7290,521,1827,4604,0,2282,0
26/09/2024,7829,406,2455,965,0,1231,0
26/09/2024,10590,304,2849,3618,0,2328,0
26/09/2024,5828,395,3284,2872,0,1020,0
27/09/2024,7137,720,2865,2340,0,1576,0
27/09/2024,7048,340,1761,2939,0,1756,0
27/09/2024,11051,405,4533,2691,0,3471,0
27/09/2024,8711,527,2872,2992,0,1140,0
27/09/2024,8190,460,3182,1045,0,3009,0
27/09/2024,6095,562,3424,1863,0,908,0
27/09/2024,8987,425,3159,3694,0,2547,0
27/09/2024,8800,697,2588,1209,0,2497,0
27/09/2024,5998,332,1660,921,0,1031,0
27/09/2024,8390,408,2151,2070,0,3551,0
27/09/2024,6909,480,2698,3875,0,1032,0
27/09/2024,6324,722,1441,1025,0,2570,0
27/09/2024,6532,426,2432,1616,0,1639,0
27/09/2024,6028,380,2141,1584,0,908,0
27/09/2024,6169,370,2954,1777,0,2846,0
28/09/2024,7958,494,1053,2460,0,1654,0
28/09/2024,4007,539,3421,1108,0,1241,0
28/09/2024,8703,427,2626,3746,0,1552,0
28/09/2024,6517,364,3118,3136,0,1793,0
28/09/2024,8765,505,3433,4460,0,3148,0
28/09/2024,8297,389,2667,2592,0,1947,0
28/09/2024,11981,433,1771,2909,0,2801,0
28/09/2024,6144,347,2508,2835,0,2094,0
28/09/2024,9931,418,2901,1835,0,1508,0
28/09/2024,7967,759,2806,2142,0,2765,0
28/09/2024,5710,620,2929,1392,0,1659,0
28/09/2024,7686,281,1412,2620,0,1294,0
28/09/2024,5783,693,1411,3380,0,2084,0
28/09/2024,7177,347,2277,3825,0,2307,0
28/09/2024,8296,655,2687,2379,0,2466,0
29/09/2024,11495,434,1368,2653,0,2036,0
29/09/2024,6805,607,2798,3898,0,1071,0
29/09/2024,6537,739,1367,3031,0,1301,0
29/09/2024,6282,392,1774,3609,0,1520,0
29/09/2024,4887,296,3162,2733,0,2170,0
29/09/2024,7571,287,1123,2671,0,1219,0
29/09/2024,4505,329,3423,1520,0,2757,0
29/09/2024,8312,502,2421,2420,0,1255,0
29/09/2024,7672,343,2084,4316,0,3189,0
29/09/2024,5832,308,3908,3795,0,1796,0
29/09/2024,9332,834,2541,3227,0,2809,0
29/09/2024,5585,535,2901,1706,0,2225,0
29/09/2024,5556,665,1288,1508,0,1283,0
30/09/2024,10408,740,2456,4829,0,1283,0
30/09/2024,6113,293,2710,4508,0,1423,0
30/09/2024,5892,427,3052,2994,0,1821,0
30/09/2024,8990,595,1398,2328,0,1647,0
30/09/2024,5843,622,1742,1259,0,1794,0
30/09/2024,8601,293,2315,2865,0,2272,0
30/09/2024,7606,460,2833,3004,0,1400,0
30/09/2024,4915,621,3256,3520,0,1854,0
30/09/2024,7426,262,3341,4135,0,946,0
30/09/2024,9950,283,3300,3159,0,1064,0
30/09/2024,7398,524,3237,2050,0,2171,0
30/09/2024,6318,739,1601,957,0,2177,0
30/09/2024,6589,534,1188,2194,0,1022,0
30/09/2024,7563,511,2446,2042,0,1462,0
30/09/2024,8410,377,2052,3811,0,1960,0
01/10/2024,7391,396,2841,2322,0,2260,0
01/10/2024,5368,639,1948,2172,0,951,0
01/10/2024,10540,363,3783,3551,0,2983,0
01/10/2024,5885,390,1621,3773,0,1172,0
01/10/2024,9635,611,2647,4582,0,2395,0
01/10/2024,8991,525,3851,3843,0,1150,0
01/10/2024,9775,612,950,2687,0,1581,0
01/10/2024,7323,584,3682,956,0,1294,0
01/10/2024,7418,753,1688,2871,0,1802,0
01/10/2024,6847,427,3897,1789,0,2058,0
01/10/2024,8567,527,4852,2659,0,2379,0
01/10/2024,8298,358,1150,2881,0,2462,0
01/10/2024,6480,618,3308,2117,0,1597,0
01/10/2024,10628,319,3513,3906,0,2815,0
02/10/2024,7832,734,3994,1220,0,2363,0
02/10/2024,4481,596,3228,1602,0,2100,0
02/10/2024,7741,596,3733,3876,0,2759,0
02/10/2024,8902,606,2378,3922,0,1825,0
02/10/2024,6980,369,2696,2810,0,1005,0
02/10/2024,10960,425,2254,3140,0,1140,0
02/10/2024,6918,592,3606,2159,0,1741,0
02/10/2024,11154,416,2562,2635,0,3130,0
02/10/2024,7319,494,2044,3601,0,2303,0
02/10/2024,8643,586,2580,1256,0,2668,0
02/10/2024,7257,663,2369,2223,0,1254,0
02/10/2024,5027,476,3123,1329,0,1731,0
02/10/2024,6110,434,1171,1769,0,1302,0
02/10/2024,5811,621,2593,1277,0,2817,0
02/10/2024,10406,641,1692,959,0,2182,0
03/10/2024,6665,408,2307,4514,0,2898,0
03/10/2024,6035,574,2359,3151,0,3053,0
03/10/2024,6896,278,2966,4509,0,1733,0
03/10/2024,5744,624,2267,2247,0,2637,0
03/10/2024,7931,694,2546,1781,0,2666,0
03/10/2024,8827,837,3417,1267,0,1513,0
03/10/2024,7939,434,1326,1321,0,1818,0
03/10/2024,6916,282,2101,1409,0,1650,0
03/10/2024,6941,685,3253,4423,0,2820,0
03/10/2024,8152,606,1669,3187,0,3216,0
03/10/2024,4775,346,2310,2337,0,2938,0
03/10/2024,9311,480,3005,2053,0,2398,0
03/10/2024,11894,497,2396,3007,0,1649,0
03/10/2024,5979,621,2582,2226,0,1302,0
03/10/2024,10864,655,3594,2844,0,1253,0
04/10/2024,8469,458,3249,2219,0,1023,0
04/10/2024,5872,297,1841,3120,0,2434,0
04/10/2024,6858,283,3795,2760,0,1915,0
04/10/2024,8038,776,3789,1986,0,1924,0
04/10/2024,7733,499,2217,4538,0,3292,0
04/10/2024,3921,307,1621,2876,0,2810,0
04/10/2024,9205,712,3446,2963,0,2084,0
04/10/2024,5923,558,3358,1770,0,2243,0
04/10/2024,7451,640,1678,1936,0,1438,0
04/10/2024,6376,607,1172,1680,0,2654,0
04/10/2024,6550,627,997,2039,0,1066,0
04/10/2024,9675,781,3923,2457,0,2359,0
04/10/2024,8223,705,1982,1679,0,3495,0
04/10/2024,6768,533,2729,3291,0,3614,0
05/10/2024,8843,521,1080,3826,0,2213,0
05/10/2024,9706,473,3344,2961,0,2132,0
05/10/2024,7551,288,2562,2739,0,1061,0
05/10/2024,8058,477,1181,3148,0,1717,0
05/10/2024,9532,529,3945,3857,0,3382,0
05/10/2024,6110,617,1125,912,0,3546,0
05/10/2024,4952,493,3109,952,0,1424,0
05/10/2024,6595,680,1453,1416,0,3175,0
05/10/2024,4681,387,3189,2180,0,992,0
05/10/2024,8276,351,1735,3762,0,1479,0
05/10/2024,7590,764,1916,1423,0,1624,0
05/10/2024,6638,823,3818,2574,0,1158,0
05/10/2024,7795,340,1089,1403,0,2524,0
05/10/2024,10134,588,4892,2299,0,2557,0
05/10/2024,7287,651,1762,968,0,1975,0
06/10/2024,10110,473,2754,2341,0,1840,0
06/10/2024,10463,292,3300,1760,0,2140,0
06/10/2024,7956,275,2664,2997,0,1818,0
06/10/2024,8858,311,3305,1476,0,2160,0
06/10/2024,6609,468,3817,2461,0,1879,0
06/10/2024,6384,541,3796,3457,0,3044,0
06/10/2024,6481,790,3284,1390,0,1600,0
06/10/2024,7618,374,1586,2970,0,2032,0
06/10/2024,10996,577,3400,1732,0,1395,0
06/10/2024,7594,508,4008,2144,0,1783,0
06/10/2024,4794,549,2055,4598,0,1376,0
06/10/2024,5856,485,2900,3063,0,1625,0
06/10/2024,9070,497,2616,907,0,1689,0
06/10/2024,6124,472,3731,1708,0,1634,0
07/10/2024,8167,623,1897,1773,0,1512,0
07/10/2024,9253,466,2439,4754,0,3414,0
07/10/2024,7282,256,1533,1539,0,2626,0
07/10/2024,6267,833,1262,3284,0,2060,0
07/10/2024,5582,507,2893,3160,0,1728,0
07/10/2024,6953,556,1534,2272,0,1445,0
07/10/2024,6884,689,2277,2359,0,1784,0
07/10/2024,9301,356,3137,1176,0,1307,0
07/10/2024,6219,562,1522,1236,0,1788,0
07/10/2024,7481,583,3167,2456,0,1297,0
07/10/2024,7620,737,2256,2088,0,1085,0
07/10/2024,4209,390,2616,2987,0,1317,0
07/10/2024,7906,403,3360,1721,0,2039,0
07/10/2024,8347,506,3082,4310,0,2609,0
07/10/2024,8312,748,3956,2413,0,3175,0
08/10/2024,7033,312,938,2715,0,1965,0
08/10/2024,11106,694,1409,1797,0,1376,0
08/10/2024,6578,581,1024,3923,0,2501,0
08/10/2024,4155,345,4462,1604,0,981,0
08/10/2024,6840,577,3235,1427,0,1148,0
08/10/2024,5955,778,2643,1446,0,2500,0
08/10/2024,7025,541,3355,1806,0,2389,0
08/10/2024,6836,533,1914,2196,0,1684,0
08/10/2024,5145,469,2167,2499,0,1794,0
08/10/2024,10382,501,2754,4050,0,1135,0
08/10/2024,4747,313,2663,1191,0,1339,0
08/10/2024,8668,654,2007,1388,0,2601,0
08/10/2024,5641,444,3499,2723,0,1378,0
08/10/2024,5237,283,3521,2887,0,2512,0
08/10/2024,5676,589,3036,2400,0,1783,0
09/10/2024,6378,731,1060,1618,0,2494,0
09/10/2024,4104,422,2949,2316,0,1174,0
09/10/2024,9351,275,2224,1578,0,1490,0
09/10/2024,6646,362,1161,1939,0,1823,0
09/10/2024,7163,630,875,3766,0,3306,0
09/10/2024,6233,403,2952,1423,0,2476,0
09/10/2024,10634,543,2543,4027,0,2123,0
09/10/2024,9993,499,1113,3273,0,1197,0
09/10/2024,11006,507,2094,1083,0,2681,0
09/10/2024,11057,583,1251,2376,0,2005,0
09/10/2024,12148,501,3071,3384,0,1448,0
09/10/2024,7277,661,1465,2527,0,1429,0
09/10/2024,9458,460,3237,3721,0,2125,0
09/10/2024,7232,248,2657,3404,0,1862,0
09/10/2024,6563,369,3436,3257,0,1695,0
10/10/2024,9093,348,4030,1706,0,3019,0
10/10/2024,9639,388,2032,1205,0,2184,0
10/10/2024,6744,628,3365,2694,0,2097,0
10/10/2024,7873,454,3991,4722,0,2721,0
10/10/2024,8971,519,2511,2138,0,1185,0
10/10/2024,5497,513,3623,889,0,2019,0
10/10/2024,7529,402,1361,1329,0,2152,0
10/10/2024,9691,608,926,1343,0,1491,0
10/10/2024,7941,500,3673,4611,0,2621,0
10/10/2024,10500,436,2248,1991,0,1578,0
10/10/2024,8517,306,3894,3010,0,2084,0
10/10/2024,8954,369,2620,2959,0,2114,0
10/10/2024,8569,621,3458,4571,0,1943,0
10/10/2024,7446,602,890,3061,0,2883,0
10/10/2024,5800,390,4404,1898,0,1828,0
11/10/2024,7926,306,1869,1084,0,1377,0
11/10/2024,8741,523,3794,2445,0,1593,0
11/10/2024,5355,396,930,2642,0,1615,0
11/10/2024,4145,318,2222,3823,0,1070,0
11/10/2024,7836,521,2724,3151,0,2710,0
11/10/2024,9319,419,2345,3981,0,1793,0
11/10/2024,5842,374,2087,3077,0,2325,0
11/10/2024,9944,496,2821,1022,0,3215,0
11/10/2024,5893,644,3638,2715,0,1571,0
11/10/2024,8922,478,3067,2411,0,876,0
11/10/2024,10173,516,3640,2983,0,2309,0
11/10/2024,7607,483,4277,3538,0,1911,0
11/10/2024,7323,368,1354,3398,0,1120,0
11/10/2024,4867,436,3172,3107,0,1717,0
11/10/2024,7274,428,2722,3881,0,1944,0
12/10/2024,9374,403,2290,2562,0,1902,0
12/10/2024,6374,654,1233,4108,0,1173,0
12/10/2024,7945,515,2691,1773,0,2632,0
12/10/2024,7643,341,1991,1571,0,2174,0
12/10/2024,5614,526,2117,2858,0,2649,0
12/10/2024,7678,694,2069,2600,0,869,0
12/10/2024,11156,304,1878,2394,0,876,0
12/10/2024,6950,480,2199,2408,0,1714,0
12/10/2024,9256,394,2439,4317,0,2860,0
12/10/2024,6575,487,2105,1654,0,1018,0
12/10/2024,11428,523,2267,3613,0,3368,0
12/10/2024,9165,631,3932,2182,0,2310,0
12/10/2024,5777,467,2862,1753,0,2324,0
12/10/2024,6849,640,1283,3148,0,1214,0
13/10/2024,8359,517,2878,2435,0,2500,0
13/10/2024,11199,375,3089,1271,0,2059,0
13/10/2024,7698,548,2781,2209,0,2480,0
13/10/2024,6496,574,2117,3017,0,1664,0
13/10/2024,6608,543,3795,3341,0,3537,0
13/10/2024,8165,463,3507,2260,0,3100,0
13/10/2024,8309,375,1401,2516,0,2207,0
13/10/2024,5140,660,3363,1588,0,3336,0
13/10/2024,7878,659,3239,2458,0,2328,0
13/10/2024,6318,391,895,4634,0,2325,0
13/10/2024,9453,338,3303,3885,0,1015,0
13/10/2024,5070,483,2532,2364,0,1838,0
13/10/2024,5524,415,2175,1752,0,2737,0
13/10/2024,4313,532,1204,3002,0,2199,0
14/10/2024,6701,394,1511,1674,0,1116,0
14/10/2024,5474,335,3311,3955,0,2030,0
14/10/2024,5712,747,3721,3350,0,1315,0
14/10/2024,7995,383,1119,1672,0,2679,0
14/10/2024,6556,724,1552,3070,0,3077,0
14/10/2024,9647,313,1632,1885,0,1771,0
14/10/2024,8468,386,2687,1342,0,2333,0
14/10/2024,10168,289,3429,1583,0,1488,0
14/10/2024,5044,486,3020,3491,0,2316,0
14/10/2024,8153,531,2047,1042,0,1257,0
14/10/2024,6574,602,2346,1394,0,1536,0
14/10/2024,8169,434,4422,1375,0,1208,0
14/10/2024,7263,507,3174,1979,0,1356,0
14/10/2024,7481,401,2313,2751,0,1378,0
14/10/2024,5638,570,3885,2880,0,1918,0
15/10/2024,8097,368,4416,2270,0,2321,0
15/10/2024,7936,408,2159,2953,0,2092,0
15/10/2024,7757,345,2283,921,0,1770,0
15/10/2024,8074,447,936,4073,0,3231,0
15/10/2024,10627,285,3329,886,0,2538,0
15/10/2024,6709,372,2922,3743,0,1110,0
15/10/2024,5363,338,3014,1342,0,2921,0
15/10/2024,8624,378,4603,1728,0,1990,0
15/10/2024,9094,601,2805,3401,0,2463,0
15/10/2024,9887,748,913,2451,0,2981,0
15/10/2024,6064,432,2450,1740,0,1278,0
15/10/2024,7337,488,3049,915,0,2378,0
15/10/2024,5529,446,3280,2027,0,1279,0
15/10/2024,4924,509,4117,2786,0,2017,0
15/10/2024,8746,348,2016,2332,0,1276,0
16/10/2024,7521,339,3960,1285,0,3079,0
16/10/2024,8554,500,3186,3722,0,2476,0
16/10/2024,10343,592,1369,3403,0,1806,0
16/10/2024,4520,513,2479,2897,0,1854,0
16/10/2024,6067,656,1429,1292,0,828,0
16/10/2024,11000,483,2417,1604,0,1854,0
16/10/2024,4736,681,2412,2883,0,2147,0
16/10/2024,7067,410,4389,2552,0,1250,0
16/10/2024,8212,484,3384,3706,0,2422,0
16/10/2024,9900,519,4156,1517,0,1637,0
16/10/2024,4306,372,2475,2303,0,2282,0
16/10/2024,8962,638,1612,2135,0,1144,0
16/10/2024,6763,345,2157,1857,0,1857,0
16/10/2024,6435,559,1287,2436,0,1278,0
16/10/2024,6603,722,3591,3223,0,898,0
17/10/2024,6271,368,3288,1877,0,3203,0
17/10/2024,7731,298,1548,3253,0,1221,0
17/10/2024,10191,610,2504,4430,0,1698,0
17/10/2024,9246,459,1485,1065,0,1716,0
17/10/2024,8676,401,3280,1148,0,3062,0
17/10/2024,5903,401,1686,1818,0,1759,0
17/10/2024,9850,438,2227,1507,0,1721,0
17/10/2024,6571,297,2259,2728,0,1465,0
17/10/2024,6708,442,2559,3910,0,1042,0
17/10/2024,7515,354,3656,2287,0,2145,0
17/10/2024,5603,431,3474,2901,0,961,0
17/10/2024,7994,421,3660,1490,0,2512,0
17/10/2024,5055,291,2970,1163,0,902,0
17/10/2024,5922,712,4028,2582,0,2073,0
17/10/2024,4189,294,2812,3440,0,1869,0
18/10/2024,4840,579,2195,1522,0,1708,0
18/10/2024,8159,538,2600,1913,0,1381,0
18/10/2024,7621,790,3391,914,0,2800,0
18/10/2024,5192,785,1530,2241,0,2180,0
18/10/2024,6425,399,2044,1069,0,2120,0
18/10/2024,5667,423,1915,2733,0,1625,0
18/10/2024,6382,367,2967,1566,0,1001,0
18/10/2024,3970,475,2474,2287,0,3134,0
18/10/2024,8645,843,1288,2823,0,2452,0
18/10/2024,7761,329,1050,1916,0,1519,0
18/10/2024,7891,477,3092,1602,0,1802,0
18/10/2024,7547,365,1234,1970,0,1937,0
18/10/2024,7281,782,3656,1711,0,2105,0
18/10/2024,7812,591,1250,1561,0,1575,0
19/10/2024,11061,712,2842,3194,0,1321,0
19/10/2024,6085,667,2264,1774,0,2503,0
19/10/2024,4802,399,1976,2064,0,1875,0
19/10/2024,5323,332,2163,3214,0,3329,0
19/10/2024,6331,657,2426,2202,0,2435,0
19/10/2024,9354,322,4292,4142,0,1909,0
19/10/2024,6987,723,1479,1651,0,3230,0
19/10/2024,5827,345,3021,1204,0,1325,0
19/10/2024,9005,621,1865,1369,0,3016,0
19/10/2024,6106,418,2108,4206,0,1024,0
19/10/2024,6561,560,4129,1616,0,912,0
19/10/2024,10458,250,1799,3210,0,1151,0
19/10/2024,4248,509,2938,2333,0,1469,0
19/10/2024,5093,433,4101,3085,0,2511,0
19/10/2024,9529,301,1933,2318,0,3205,0
20/10/2024,6173,655,2852,2831,0,1844,0
20/10/2024,6326,488,2144,4043,0,2808,0
20/10/2024,6241,469,2110,2516,0,3317,0
20/10/2024,6783,389,2183,2238,0,1622,0
20/10/2024,8754,368,2853,1637,0,966,0
20/10/2024,4655,613,2392,2771,0,1338,0
20/10/2024,10702,510,1593,4408,0,1765,0
20/10/2024,6368,417,1656,3277,0,2016,0
20/10/2024,5576,546,2718,1889,0,3048,0
20/10/2024,5762,684,1649,4382,0,2696,0
20/10/2024,6768,333,2055,3733,0,2921,0
20/10/2024,6603,732,3060,1960,0,2624,0
20/10/2024,9993,605,3384,3443,0,1865,0
20/10/2024,6352,759,2539,2097,0,2089,0
21/10/2024,8353,627,1722,1646,0,2424,0
21/10/2024,7936,336,1517,2731,0,3653,0
21/10/2024,5162,629,3401,3668,0,1217,0
21/10/2024,10693,412,4334,2785,0,1742,0
21/10/2024,7505,669,2985,4082,0,1822,0
21/10/2024,5117,678,3363,1284,0,1457,0
21/10/2024,5075,527,3077,1449,0,1536,0
21/10/2024,10360,754,4882,1121,0,1518,0
21/10/2024,8697,575,2068,2893,0,1338,0
21/10/2024,7600,450,2430,1103,0,1710,0
21/10/2024,6690,606,4147,2733,0,1227,0
21/10/2024,4329,371,1948,2300,0,2117,0
21/10/2024,9150,704,2693,3625,0,2410,0
21/10/2024,9506,592,1555,3799,0,1525,0
21/10/2024,6047,653,2325,1599,0,1580,0
22/10/2024,7616,360,2095,3801,0,2510,0
22/10/2024,7702,422,2507,2869,0,1206,0
22/10/2024,6693,612,3425,1608,0,2105,0
22/10/2024,6852,527,4108,2352,0,2795,0
22/10/2024,6515,332,3199,2906,0,1012,0
22/10/2024,8731,531,2783,1301,0,3392,0
22/10/2024,8896,385,1717,3344,0,2255,0
22/10/2024,6721,387,852,4288,0,2082,0
22/10/2024,8326,693,3267,991,0,1876,0
22/10/2024,7877,477,2970,3681,0,2051,0
22/10/2024,5577,584,3317,2290,0,1660,0
22/10/2024,4289,627,1322,3256,0,2767,0
22/10/2024,8788,344,3359,4098,0,2811,0
22/10/2024,6331,451,3126,1404,0,1756,0
22/10/2024,4081,363,3431,2899,0,1247,0
23/10/2024,8813,469,3216,1415,0,2975,0
23/10/2024,5610,437,1990,2458,0,1624,0
23/10/2024,4905,806,2389,2015,0,1705,0
23/10/2024,7147,690,3541,1850,0,1932,0
23/10/2024,5851,335,2017,1996,0,2281,0
23/10/2024,10482,588,1028,2837,0,3210,0
23/10/2024,7752,543,1593,2148,0,1460,0
23/10/2024,4544,702,3506,2651,0,2704,0
23/10/2024,5368,294,3641,4632,0,1558,0
23/10/2024,9562,475,2437,1380,0,944,0
23/10/2024,7892,516,2339,3120,0,1586,0
23/10/2024,5673,429,4437,2489,0,1441,0
23/10/2024,6834,543,1596,1658,0,3295,0
23/10/2024,10762,383,1542,989,0,2893,0
23/10/2024,6356,803,2075,2626,0,1961,0
24/10/2024,7832,506,1489,1969,0,2133,0
24/10/2024,6224,255,2051,1986,0,1623,0
24/10/2024,4927,452,2544,2598,0,3087,0
24/10/2024,11659,644,2664,2749,0,1470,0
24/10/2024,10194,471,2114,1030,0,822,0
24/10/2024,7887,398,1742,1758,0,2694,0
24/10/2024,7861,330,1252,3211,0,1605,0
24/10/2024,6793,684,2058,3335,0,2319,0
24/10/2024,6269,373,2651,3159,0,2542,0
24/10/2024,9761,368,2896,987,0,1857,0
24/10/2024,9920,480,4263,1360,0,2902,0
24/10/2024,7675,596,3346,2790,0,2664,0
24/10/2024,9643,461,3514,2882,0,2493,0
24/10/2024,8469,666,3966,1198,0,2096,0
24/10/2024,8273,627,3695,3416,0,1731,0
25/10/2024,5981,747,3600,2310,0,2635,0
25/10/2024,10366,376,2991,3264,0,1439,0
25/10/2024,7181,376,2611,1208,0,2326,0
25/10/2024,8434,850,1676,2763,0,2848,0
25/10/2024,9538,376,2604,2009,0,2083,0
25/10/2024,6685,379,1422,1617,0,1179,0
25/10/2024,9686,520,1078,1723,0,1118,0
25/10/2024,6117,706,2164,1421,0,1690,0
25/10/2024,9931,429,3209,1769,0,1647,0
25/10/2024,7990,614,1573,3449,0,1786,0
25/10/2024,9687,685,1670,2166,0,2328,0
25/10/2024,6882,816,2297,1665,0,1665,0
25/10/2024,5839,318,2951,3605,0,2322,0
25/10/2024,3967,318,2417,2521,0,2203,0
26/10/2024,7154,532,2458,2817,0,2832,0
26/10/2024,8908,518,1945,2092,0,2122,0
26/10/2024,7967,478,1572,3533,0,2014,0
26/10/2024,7150,350,1207,3085,0,1423,0
26/10/2024,7630,584,2669,4108,0,1483,0
26/10/2024,7132,583,2531,3090,0,2068,0
26/10/2024,6604,636,2758,1531,0,2343,0
26/10/2024,4990,382,1152,2570,0,2628,0
26/10/2024,9673,475,1922,1057,0,2430,0
26/10/2024,9729,330,2082,1897,0,2024,0
26/10/2024,7228,363,4314,1448,0,2081,0
26/10/2024,7682,331,1360,1741,0,3082,0
26/10/2024,10075,443,2872,2809,0,3050,0
26/10/2024,6626,412,2998,4210,0,1259,0
27/10/2024,11140,437,1389,2210,0,2951,0
27/10/2024,9516,804,2340,3558,0,2771,0
27/10/2024,9007,483,2591,2316,0,2101,0
27/10/2024,10200,527,3347,2362,0,1508,0
27/10/2024,6652,536,3949,2197,0,2432,0
27/10/2024,6731,646,2798,2823,0,3120,0
27/10/2024,7744,788,4335,4471,0,1077,0
27/10/2024,8199,632,3729,1573,0,1332,0
27/10/2024,8789,370,3525,1453,0,1164,0
27/10/2024,6724,538,1587,3209,0,1075,0
27/10/2024,6309,450,1944,3213,0,3257,0
27/10/2024,9571,711,3030,3016,0,2168,0
27/10/2024,6376,479,1137,1687,0,3627,0
27/10/2024,11043,509,2431,3007,0,3009,0
28/10/2024,8641,547,1674,2828,0,3475,0
28/10/2024,7860,575,3200,1690,0,2573,0
28/10/2024,11006,430,3173,1922,0,2492,0
28/10/2024,4452,395,2982,1205,0,1398,0
28/10/2024,9201,468,1820,3220,0,1174,0
28/10/2024,7666,315,3341,2787,0,1663,0
28/10/2024,5402,439,2631,4098,0,1605,0
28/10/2024,6066,564,2797,2210,0,1061,0
28/10/2024,8038,562,1636,3403,0,3176,0
28/10/2024,10613,314,3463,1095,0,1177,0
28/10/2024,7054,498,2509,4705,0,2821,0
28/10/2024,7229,788,4341,3688,0,1713,0
28/10/2024,6319,539,1055,2711,0,2461,0
28/10/2024,10971,529,4665,1843,0,2242,0
28/10/2024,9067,444,1444,4595,0,2698,0
29/10/2024,4745,506,2767,4392,0,3072,0
29/10/2024,6016,835,1152,2549,0,2347,0
29/10/2024,7525,484,1244,3453,0,2900,0
29/10/2024,7936,705,2759,981,0,1006,0
29/10/2024,6794,432,2335,1329,0,1432,0
29/10/2024,8106,647,4227,3062,0,1504,0
29/10/2024,5445,606,1364,3519,0,982,0
29/10/2024,7366,597,2678,1323,0,3353,0
29/10/2024,11349,406,2595,1893,0,1369,0
29/10/2024,8317,776,2041,2466,0,2115,0
29/10/2024,6221,338,812,2603,0,1219,0
29/10/2024,8256,545,3331,1371,0,1589,0
29/10/2024,6830,294,1645,1228,0,1358,0
29/10/2024,11599,645,1589,1890,0,1062,0
29/10/2024,6144,414,3563,4021,0,2514,0
30/10/2024,10086,396,1443,1936,0,3164,0
30/10/2024,10063,414,1875,895,0,1123,0
30/10/2024,7696,379,3877,2510,0,922,0
30/10/2024,9609,528,3203,4179,0,2121,0
30/10/2024,6128,377,2716,3416,0,3223,0
30/10/2024,5150,418,2996,1466,0,2458,0
30/10/2024,5929,437,1288,2948,0,2412,0
30/10/2024,8117,391,2389,2686,0,1364,0
30/10/2024,5270,467,1449,2349,0,1748,0
30/10/2024,8194,711,1168,3046,0,1409,0
30/10/2024,6137,712,1123,2033,0,2398,0
30/10/2024,10457,460,3253,3277,0,2396,0
30/10/2024,6285,835,962,912,0,2677,0
30/10/2024,4080,346,1395,3298,0,1265,0
31/10/2024,9656,427,1028,2001,0,860,0
31/10/2024,8922,410,3204,2496,0,2251,0
31/10/2024,5972,411,1536,996,0,2830,0
31/10/2024,7656,475,2876,1530,0,1918,0
31/10/2024,7184,526,3068,2386,0,2718,0
31/10/2024,4890,356,1456,2331,0,2832,0
31/10/2024,8900,608,2150,3233,0,1459,0
31/10/2024,8164,369,4171,1503,0,1561,0
31/10/2024,6683,537,1371,3238,0,2426,0
31/10/2024,6793,274,1555,3239,0,1337,0
31/10/2024,5406,437,1006,1405,0,1035,0
31/10/2024,5674,359,4178,3791,0,1487,0
31/10/2024,6481,733,3324,1602,0,2593,0
31/10/2024,8531,416,2892,1545,0,1673,0
31/10/2024,5698,698,4243,3517,0,1026,0
01/11/2024,8093,573,4461,2767,0,1256,0
01/11/2024,7148,353,3358,1170,0,3115,0
01/11/2024,5946,808,2188,3304,0,2102,0
01/11/2024,7583,535,1334,4675,0,2653,0
01/11/2024,10066,487,4087,2147,0,1823,0
01/11/2024,7049,302,2776,3180,0,2537,0
01/11/2024,6241,290,1068,2093,0,2609,0
01/11/2024,4351,535,3290,2909,0,3617,0
01/11/2024,5019,306,1470,2567,0,2094,0
01/11/2024,7846,358,2821,4064,0,2312,0
01/11/2024,5656,689,2457,2505,0,3141,0
01/11/2024,6470,242,3161,1634,0,2776,0
01/11/2024,7798,843,1187,2654,0,1740,0
01/11/2024,10035,865,2031,3356,0,2227,0
02/11/2024,6090,480,4097,2058,0,1875,0
02/11/2024,6150,580,1437,1909,0,1579,0
02/11/2024,5313,430,4466,2413,0,2383,0
02/11/2024,8336,315,2532,2105,0,1872,0
02/11/2024,6108,522,2303,2818,0,2298,0
02/11/2024,4273,437,2916,1894,0,1212,0
02/11/2024,5337,375,3611,2885,0,1009,0
02/11/2024,8628,723,2695,1068,0,1313,0
02/11/2024,6922,347,3055,1854,0,1942,0
02/11/2024,10139,360,1780,2905,0,3273,0
02/11/2024,8908,723,3228,4415,0,1910,0
02/11/2024,7567,501,2713,1163,0,1402,0
02/11/2024,8202,571,2480,3614,0,1916,0
02/11/2024,6068,257,2559,1728,0,1057,0
03/11/2024,10056,301,2560,1105,0,1399,0
03/11/2024,5296,420,1485,1292,0,1432,0
03/11/2024,10132,524,3043,2258,0,1538,0
03/11/2024,6876,489,2970,2615,0,1219,0
03/11/2024,9314,325,1006,3771,0,1115,0
03/11/2024,11023,561,2837,2583,0,1665,0
03/11/2024,11131,467,1920,1072,0,1217,0
03/11/2024,6792,395,2112,2378,0,1503,0
03/11/2024,6631,389,2792,1299,0,1113,0
03/11/2024,9348,309,880,1569,0,2295,0
03/11/2024,6991,397,2735,3347,0,2204,0
03/11/2024,4559,394,1418,2272,0,1817,0
03/11/2024,10576,314,1187,3779,0,2387,0
03/11/2024,8586,601,1185,3107,0,1119,0
04/11/2024,9025,317,2649,1529,0,2509,0
04/11/2024,7015,709,2579,1840,0,1754,0
04/11/2024,8697,730,3992,2880,0,1786,0
04/11/2024,9008,518,1404,2862,0,1773,0
04/11/2024,8088,470,4582,1134,0,1345,0
04/11/2024,9294,408,4106,3022,0,1707,0
04/11/2024,10408,551,3015,1157,0,2141,0
04/11/2024,4211,494,2074,1728,0,2223,0
04/11/2024,5607,532,3473,3739,0,1649,0
04/11/2024,8012,427,3424,1068,0,1567,0
04/11/2024,7295,430,2414,3248,0,854,0
04/11/2024,7325,594,2443,4255,0,1763,0
04/11/2024,7553,447,1590,2430,0,2900,0
04/11/2024,4856,544,2706,3086,0,2198,0
04/11/2024,9231,592,1697,1998,0,1704,0
05/11/2024,8931,284,3930,1543,0,2353,0
05/11/2024,6799,350,4140,1505,0,2078,0
05/11/2024,6960,386,1132,3051,0,1138,0
05/11/2024,6294,519,3819,1449,0,2475,0
05/11/2024,5517,330,1408,2559,0,1926,0
05/11/2024,10056,369,2163,1181,0,2505,0
05/11/2024,9343,514,1939,2574,0,1872,0
05/11/2024,10671,471,3532,3933,0,2267,0
05/11/2024,6374,344,4796,2557,0,1162,0
05/11/2024,10259,698,2995,1237,0,883,0
05/11/2024,5691,579,2834,2449,0,3044,0
05/11/2024,8153,369,2363,1308,0,2585,0
05/11/2024,5987,709,2108,4142,0,2427,0
05/11/2024,7436,511,2406,2420,0,2390,0
06/11/2024,6388,353,2197,1436,0,3190,0
06/11/2024,5540,335,3037,3245,0,1785,0
06/11/2024,4824,355,2620,1906,0,1516,0
06/11/2024,9567,451,1246,1316,0,2681,0
06/11/2024,11932,447,2744,3614,0,1939,0
06/11/2024,6899,245,2139,4050,0,1566,0
06/11/2024,10049,333,3487,1603,0,2172,0
06/11/2024,5899,520,2106,2284,0,1568,0
06/11/2024,6580,572,2848,1915,0,2686,0
06/11/2024,6104,525,2927,1370,0,2849,0
06/11/2024,8533,678,4140,1785,0,1332,0
06/11/2024,4621,492,2038,3710,0,2304,0
06/11/2024,6260,422,3683,2601,0,2354,0
06/11/2024,5293,371,2095,2532,0,1278,0
07/11/2024,8023,454,2386,1801,0,1677,0
07/11/2024,9119,311,3004,3041,0,944,0
07/11/2024,7858,327,3122,3001,0,2183,0
07/11/2024,4824,561,2022,3143,0,2068,0
07/11/2024,8554,462,1997,2830,0,1444,0
07/11/2024,5476,393,2214,2958,0,1213,0
07/11/2024,9999,564,1684,1157,0,1393,0
07/11/2024,10441,572,3887,2118,0,2109,0
07/11/2024,9816,317,3444,2174,0,1425,0
07/11/2024,8184,430,3872,1526,0,912,0
07/11/2024,6141,420,3157,1007,0,2818,0
07/11/2024,8878,308,1445,3997,0,1847,0
07/11/2024,7137,714,3015,1858,0,1247,0
07/11/2024,7601,532,1811,1954,0,1175,0
07/11/2024,5358,379,3558,2886,0,3246,0
07/11/2024,8976,629,2753,3062,0,1567,0
08/11/2024,4578,392,1723,3871,0,2542,0
08/11/2024,9560,479,1139,1197,0,1306,0
08/11/2024,10321,493,3183,1156,0,2355,0
08/11/2024,9724,567,1934,4072,0,2565,0
08/11/2024,5937,545,1573,2380,0,2392,0
08/11/2024,8152,400,1547,2418,0,1490,0
08/11/2024,10488,744,1872,3844,0,1938,0
08/11/2024,5102,539,2542,2964,0,2973,0
08/11/2024,9443,348,1548,4222,0,1124,0
08/11/2024,6012,285,2222,2081,0,1743,0
08/11/2024,7632,274,2308,3594,0,1852,0
08/11/2024,9578,530,1736,4442,0,1231,0
08/11/2024,9079,502,1765,2124,0,1219,0
08/11/2024,5215,317,3023,3713,0,2121,0
09/11/2024,5779,244,1829,2941,0,2970,0
09/11/2024,7630,457,1035,1463,0,1671,0
09/11/2024,9952,718,2103,1145,0,2506,0
09/11/2024,7921,433,3315,2067,0,2495,0
09/11/2024,9925,515,2617,2609,0,3405,0
09/11/2024,7473,427,816,4594,0,1471,0
09/11/2024,9988,388,1407,3017,0,2360,0
09/11/2024,5437,485,3869,1170,0,2701,0
09/11/2024,5627,274,3539,3592,0,3185,0
09/11/2024,6361,377,2954,1060,0,1938,0
09/11/2024,8121,541,2511,2103,0,3331,0
09/11/2024,4815,509,2453,2635,0,1064,0
09/11/2024,8238,385,946,3433,0,1465,0
09/11/2024,10182,577,1146,2452,0,3521,0
10/11/2024,7314,598,3253,4087,0,2155,0
10/11/2024,5228,408,3971,2657,0,3314,0
10/11/2024,5053,481,2573,1985,0,2471,0
10/11/2024,5696,518,1299,1991,0,1888,0
10/11/2024,6501,416,922,2050,0,3140,0
10/11/2024,7405,721,775,2314,0,2259,0
10/11/2024,10349,392,4653,4299,0,1157,0
10/11/2024,8077,571,3007,4225,0,1402,0
10/11/2024,4298,369,2757,1172,0,1656,0
10/11/2024,6803,678,2192,2120,0,978,0
10/11/2024,8790,586,3900,3623,0,1541,0
10/11/2024,10419,519,2008,3882,0,1992,0
10/11/2024,4578,441,2188,4394,0,1219,0
11/11/2024,5629,760,4072,1893,0,2224,0
11/11/2024,7539,485,2336,4202,0,1984,0
11/11/2024,5501,401,1659,1416,0,2059,0
11/11/2024,6991,649,1874,955,0,942,0
11/11/2024,9560,404,2824,3164,0,2320,0
11/11/2024,11565,336,1906,3464,0,1269,0
11/11/2024,5956,244,1437,1463,0,2423,0
11/11/2024,6396,577,1552,1899,0,1932,0
11/11/2024,8576,284,3562,1055,0,2971,0
11/11/2024,5763,476,1179,3695,0,2798,0
11/11/2024,6082,684,1836,2824,0,1272,0
11/11/2024,9012,478,862,3102,0,1444,0
11/11/2024,7965,382,2241,3488,0,2311,0
11/11/2024,6929,654,4577,3079,0,2089,0
11/11/2024,9045,546,1996,3393,0,1455,0
12/11/2024,7007,463,2238,3825,0,2130,0
12/11/2024,11060,406,4459,1315,0,1662,0
12/11/2024,4244,655,3203,1587,0,1408,0
12/11/2024,9448,503,2421,1620,0,2285,0
12/11/2024,8009,403,2544,950,0,2041,0
12/11/2024,11709,505,2575,2506,0,1317,0
12/11/2024,5671,541,1174,4004,0,1644,0
12/11/2024,6031,549,3321,2982,0,2874,0
12/11/2024,7645,539,1993,2894,0,3236,0
12/11/2024,6491,689,1473,2105,0,2444,0
12/11/2024,9800,672,2806,2593,0,1915,0
12/11/2024,9631,383,3742,3012,0,3287,0
12/11/2024,10038,720,3551,3017,0,1281,0
12/11/2024,8822,374,993,1983,0,1197,0
12/11/2024,6745,279,3442,2350,0,2053,0
13/11/2024,8833,705,1722,3575,0,2105,0
13/11/2024,6386,473,1395,3093,0,2942,0
13/11/2024,8192,488,2180,3789,0,1879,0
13/11/2024,8552,350,2465,2277,0,2824,0
13/11/2024,7532,250,1475,2017,0,2000,0
13/11/2024,10398,585,3592,2058,0,3311,0
13/11/2024,5768,434,3009,2317,0,893,0
13/11/2024,6996,464,3637,3287,0,1690,0
13/11/2024,12134,341,2365,2617,0,1261,0
13/11/2024,8993,325,1815,2269,0,2715,0
13/11/2024,9824,242,2982,3332,0,2189,0
13/11/2024,7444,272,2745,2686,0,1439,0
13/11/2024,6738,596,4200,3308,0,1142,0
13/11/2024,10233,379,2665,3406,0,1250,0
14/11/2024,6433,276,1725,4126,0,1400,0
14/11/2024,6996,653,2564,1377,0,3650,0
14/11/2024,7979,541,2230,1104,0,1492,0
14/11/2024,9700,659,965,2044,0,1511,0
14/11/2024,7666,568,2005,1528,0,1314,0
14/11/2024,7911,676,2683,4065,0,1383,0
14/11/2024,7484,370,2371,2997,0,2199,0
14/11/2024,10051,723,2417,1422,0,2832,0
14/11/2024,9509,590,4698,1933,0,1173,0
14/11/2024,7960,423,1981,4176,0,3124,0
14/11/2024,6867,358,1284,1960,0,1492,0
14/11/2024,7940,272,1460,1428,0,2143,0
14/11/2024,6653,609,1885,3835,0,1947,0
14/11/2024,8596,422,1457,3873,0,1537,0
14/11/2024,6950,587,1654,1584,0,1245,0
15/11/2024,10893,447,1299,1495,0,1814,0
15/11/2024,7884,563,1903,4035,0,1843,0
15/11/2024,4665,551,2836,3843,0,2648,0
15/11/2024,8044,398,3414,4389,0,2349,0
15/11/2024,6329,336,1777,2526,0,2673,0
15/11/2024,8370,335,2753,1156,0,2401,0
15/11/2024,9521,627,3995,4508,0,2199,0
15/11/2024,8345,395,905,4313,0,2362,0
15/11/2024,9641,791,1356,1163,0,2776,0
15/11/2024,6806,257,2833,3349,0,1943,0
15/11/2024,11593,453,2791,3165,0,1177,0
15/11/2024,8389,518,1999,3413,0,1854,0
15/11/2024,8777,366,2874,1973,0,1949,0
15/11/2024,9223,533,1077,2722,0,865,0
16/11/2024,9336,417,1252,2968,0,1394,0
16/11/2024,4270,632,2968,2815,0,1559,0
16/11/2024,7778,394,1952,3508,0,1626,0
16/11/2024,6049,523,1131,1966,0,2767,0
16/11/2024,10725,475,2736,2142,0,1249,0
16/11/2024,12173,437,4433,4199,0,1363,0
16/11/2024,7880,283,1149,1602,0,1392,0
16/11/2024,8746,451,2056,1584,0,1042,0
16/11/2024,12074,303,3023,4118,0,2702,0
16/11/2024,6168,329,2591,4364,0,2957,0
16/11/2024,10935,726,3780,1313,0,2216,0
16/11/2024,4461,470,3031,1265,0,956,0
16/11/2024,8940,425,1964,2982,0,2132,0
16/11/2024,9476,589,1560,3114,0,2634,0
17/11/2024,6520,693,2201,3579,0,2067,0
17/11/2024,6771,571,3059,2589,0,2236,0
17/11/2024,11303,603,2372,3790,0,3171,0
17/11/2024,5524,325,1536,1700,0,1815,0
17/11/2024,7728,667,2738,4534,0,2824,0
17/11/2024,8628,494,1043,3265,0,3011,0
17/11/2024,7896,592,2063,3743,0,2177,0
17/11/2024,6769,498,3637,3371,0,2038,0
17/11/2024,6394,308,1157,3485,0,2359,0
17/11/2024,9114,636,3139,2714,0,915,0
17/11/2024,6637,614,1969,1913,0,1481,0
17/11/2024,9465,472,2283,2238,0,2576,0
17/11/2024,7998,340,1592,2894,0,1854,0
18/11/2024,9706,341,1424,1900,0,2506,0
18/11/2024,6512,680,1948,2133,0,2511,0
18/11/2024,10647,528,1532,2694,0,3063,0
18/11/2024,7901,255,1410,1773,0,2254,0
18/11/2024,9606,357,2919,2358,0,2692,0
18/11/2024,9352,252,2902,2057,0,1710,0
18/11/2024,8379,431,3972,1641,0,2198,0
18/11/2024,5504,340,1769,1542,0,1480,0
18/11/2024,5513,508,3957,1382,0,1463,0
18/11/2024,7714,306,1154,1324,0,2632,0
18/11/2024,4856,532,3993,2964,0,839,0
18/11/2024,11200,578,2678,2713,0,1499,0
18/11/2024,6076,474,1872,2064,0,1154,0
18/11/2024,7410,419,4197,2074,0,1400,0
19/11/2024,4688,398,1400,2424,0,1432,0
19/11/2024,6062,538,1127,2837,0,2217,0
19/11/2024,8802,618,1713,1816,0,2455,0
19/11/2024,9134,627,1314,2055,0,1789,0
19/11/2024,9931,411,3447,1271,0,2918,0
19/11/2024,6520,506,3065,3977,0,3479,0
19/11/2024,8297,426,1701,2134,0,2955,0
19/11/2024,8569,528,4571,3590,0,1256,0
19/11/2024,8036,716,1635,4107,0,2840,0
19/11/2024,6509,583,3433,2189,0,1253,0
19/11/2024,6408,516,3552,3194,0,2587,0
19/11/2024,8143,538,1211,1382,0,2304,0
19/11/2024,6278,619,1630,4511,0,2189,0
19/11/2024,7550,615,1374,1924,0,2055,0
19/11/2024,8511,321,2379,2084,0,2214,0
20/11/2024,8342,758,2644,4332,0,2009,0
20/11/2024,6336,323,3198,1146,0,3319,0
20/11/2024,11276,293,2253,1718,0,2412,0
20/11/2024,7148,394,3908,2640,0,1206,0
20/11/2024,9375,525,2577,1784,0,2724,0
20/11/2024,6351,678,3591,1317,0,999,0
20/11/2024,7185,354,3509,1713,0,1991,0
20/11/2024,5933,414,1013,2620,0,3003,0
20/11/2024,5347,676,2101,1079,0,2816,0
20/11/2024,5266,616,1617,3315,0,2128,0
20/11/2024,9981,474,4451,4468,0,1515,0
20/11/2024,7904,320,1236,3438,0,1473,0
20/11/2024,11730,432,2918,2778,0,1848,0
20/11/2024,10474,595,2600,1318,0,1588,0
20/11/2024,11114,733,990,1838,0,1647,0
21/11/2024,5956,706,1165,3093,0,2261,0
21/11/2024,6926,398,4087,2643,0,1897,0
21/11/2024,5598,501,2117,2044,0,2594,0
21/11/2024,7321,678,1533,1726,0,3295,0
21/11/2024,8357,407,3204,3050,0,972,0
21/11/2024,9103,339,4020,3162,0,1452,0
21/11/2024,8757,508,2814,1723,0,1397,0
21/11/2024,8797,470,3390,3531,0,2828,0
21/11/2024,6145,540,2386,1392,0,799,0
21/11/2024,11152,258,1932,3144,0,1793,0
21/11/2024,6393,318,2128,3204,0,1555,0
21/11/2024,9278,426,2957,2775,0,3304,0
21/11/2024,4679,346,3553,1863,0,2426,0
21/11/2024,7920,442,1729,2604,0,1591,0
21/11/2024,8250,571,1600,2552,0,1781,0
22/11/2024,7393,298,2974,2600,0,845,0
22/11/2024,7382,622,1232,4306,0,2199,0
22/11/2024,8286,487,1575,1740,0,3045,0
22/11/2024,5861,357,1503,2688,0,1091,0
22/11/2024,6032,313,3110,3329,0,1043,0
22/11/2024,6703,612,1584,2218,0,2590,0
22/11/2024,5701,766,3449,2695,0,2207,0
22/11/2024,8528,396,3235,2267,0,2723,0
22/11/2024,8736,650,1213,2343,0,1867,0
22/11/2024,9154,311,2413,4036,0,1397,0
22/11/2024,8236,523,2139,3537,0,2233,0
22/11/2024,4172,488,2415,1983,0,3330,0
22/11/2024,8297,386,2483,1981,0,3601,0
22/11/2024,8550,600,1424,3379,0,1826,0
22/11/2024,6853,512,1429,2867,0,1981,0
23/11/2024,7706,472,2437,3429,0,2385,0
23/11/2024,6386,418,4427,3694,0,2359,0
23/11/2024,7851,579,1735,1955,0,2741,0
23/11/2024,8245,486,2326,3054,0,2757,0
23/11/2024,5624,388,1294,1850,0,2267,0
23/11/2024,9182,459,2805,3717,0,1697,0
23/11/2024,5451,398,1844,2007,0,2294,0
23/11/2024,6261,750,1326,3188,0,1407,0
23/11/2024,10865,310,2706,1664,0,2160,0
23/11/2024,10146,641,3362,3263,0,2860,0
23/11/2024,7295,482,2528,2460,0,1684,0
23/11/2024,6936,648,1458,2784,0,1467,0
23/11/2024,7540,422,3806,1838,0,1823,0
23/11/2024,9099,551,3840,1247,0,1228,0
24/11/2024,10629,755,1253,1160,0,1754,0
24/11/2024,6612,741,1860,2253,0,2521,0
24/11/2024,6989,468,1297,1190,0,2797,0
24/11/2024,4924,696,1430,2338,0,2354,0
24/11/2024,7472,490,1233,4264,0,1000,0
24/11/2024,6167,469,1967,3253,0,2293,0
24/11/2024,6109,357,2230,1511,0,1391,0
24/11/2024,8256,468,2239,2316,0,1844,0
24/11/2024,7183,391,2569,4851,0,2103,0
24/11/2024,6141,283,2779,2313,0,1961,0
24/11/2024,7720,632,2115,2119,0,1165,0
24/11/2024,7454,310,951,1414,0,2771,0
24/11/2024,7211,603,1054,1418,0,2675,0
25/11/2024,8166,535,3402,2646,0,1308,0
25/11/2024,11179,586,3718,1524,0,1415,0
25/11/2024,7624,351,2606,3565,0,1363,0
25/11/2024,6950,598,2434,2917,0,2677,0
25/11/2024,6821,326,3369,1852,0,1993,0
25/11/2024,10239,499,2729,1417,0,2177,0
25/11/2024,9901,466,2885,4092,0,2190,0
25/11/2024,7985,762,4227,2572,0,3135,0
25/11/2024,6447,559,1305,1929,0,2002,0
25/11/2024,5310,446,2798,2589,0,2260,0
25/11/2024,6720,290,1524,1479,0,3366,0
25/11/2024,5583,307,1981,4248,0,2890,0
25/11/2024,7468,512,3417,1445,0,1577,0
25/11/2024,6588,404,2036,3314,0,1241,0
25/11/2024,8112,540,1959,1604,0,1212,0
26/11/2024,10623,404,2832,2049,0,1524,0
26/11/2024,7830,478,2509,1920,0,1107,0
26/11/2024,7129,794,3955,2127,0,2761,0
26/11/2024,8566,678,2035,3120,0,2713,0
26/11/2024,8678,393,1244,1814,0,851,0
26/11/2024,12183,627,3786,2873,0,780,0
26/11/2024,7856,541,3227,1478,0,2418,0
26/11/2024,5982,499,1903,2200,0,1314,0
26/11/2024,5340,323,2575,1954,0,1794,0
26/11/2024,5451,485,3747,1741,0,3081,0
26/11/2024,8751,505,1529,3698,0,2336,0
26/11/2024,4564,679,3136,1723,0,3240,0
26/11/2024,5197,406,4782,2972,0,1960,0
26/11/2024,6978,407,1123,1197,0,1775,0
26/11/2024,9499,530,1674,3808,0,1718,0
27/11/2024,5957,400,1071,2395,0,2933,0
27/11/2024,8204,367,3092,2732,0,2740,0
27/11/2024,7246,550,3143,2220,0,2504,0
27/11/2024,8467,245,3122,2344,0,2113,0
27/11/2024,6912,406,1667,3328,0,1092,0
27/11/2024,7093,605,1630,3512,0,1694,0
27/11/2024,10631,554,1743,2284,0,1306,0
27/11/2024,6927,391,2103,2928,0,1237,0
27/11/2024,10256,547,1183,1927,0,2634,0
27/11/2024,8273,421,4020,2386,0,1381,0
27/11/2024,6493,466,2938,2342,0,2892,0
27/11/2024,4545,385,1902,3182,0,2123,0
27/11/2024,8179,303,1050,3216,0,2760,0
27/11/2024,7161,573,1557,2971,0,3138,0
28/11/2024,12008,527,2132,3591,0,1254,0
28/11/2024,5119,545,3850,2547,0,2316,0
28/11/2024,8784,408,3994,4179,0,1600,0
28/11/2024,9091,420,1895,1934,0,1182,0
28/11/2024,5732,351,3546,1416,0,2500,0
28/11/2024,7272,783,3473,3955,0,2007,0
28/11/2024,6638,357,3371,1541,0,1805,0
28/11/2024,9313,587,3571,1289,0,2358,0
28/11/2024,5338,386,2400,1939,0,910,0
28/11/2024,9905,548,3561,2696,0,3097,0
28/11/2024,8510,572,2450,2639,0,2275,0
28/11/2024,9952,466,1828,2792,0,989,0
28/11/2024,10639,713,1973,2325,0,1258,0
28/11/2024,12132,585,1656,1894,0,1549,0
29/11/2024,8781,640,3455,1283,0,1585,0
29/11/2024,9789,602,2526,3637,0,2480,0
29/11/2024,5656,496,3836,2876,0,1512,0
29/11/2024,6047,576,1884,2323,0,2595,0
29/11/2024,9242,660,3817,2002,0,3097,0
29/11/2024,6288,393,3335,3174,0,2784,0
29/11/2024,10711,320,4727,1481,0,1236,0
29/11/2024,6221,809,2540,3066,0,3176,0
29/11/2024,7025,761,1560,1587,0,2643,0
29/11/2024,7480,347,997,2064,0,2022,0
29/11/2024,6276,421,4482,2136,0,1376,0
29/11/2024,6693,553,4073,3833,0,1341,0
29/11/2024,7772,474,3510,2878,0,1365,0
29/11/2024,6502,332,3324,2443,0,1914,0
30/11/2024,5326,661,3654,1600,0,2014,0
30/11/2024,9177,527,3257,2858,0,1975,0
30/11/2024,6404,547,2944,2664,0,1631,0
30/11/2024,4466,764,1971,2941,0,2130,0
30/11/2024,6839,481,879,4476,0,2132,0
30/11/2024,4976,425,3357,3872,0,2179,0
30/11/2024,9342,402,4025,2134,0,1164,0
30/11/2024,7114,704,2369,1463,0,2967,0
30/11/2024,5576,621,2938,907,0,2065,0
30/11/2024,7947,399,1294,1383,0,1443,0
30/11/2024,7023,410,3085,4184,0,1676,0
30/11/2024,10607,613,2331,1788,0,2988,0
30/11/2024,10579,238,2131,4421,0,1308,0
30/11/2024,4140,467,3950,3290,0,2440,0
01/12/2024,6299,325,2889,1349,0,1948,0
01/12/2024,5429,551,4072,4703,0,2083,0
01/12/2024,6475,460,2583,956,0,3151,0
01/12/2024,5040,351,2883,1776,0,2735,0
01/12/2024,4909,399,2927,1614,0,1745,0
01/12/2024,10540,495,1221,3421,0,1247,0
01/12/2024,9029,439,1189,3017,0,3466,0
01/12/2024,7817,654,4089,3165,0,2777,0
01/12/2024,6516,438,3585,1650,0,3023,0
01/12/2024,6357,491,2606,1036,0,2778,0
01/12/2024,10052,686,4060,4591,0,1356,0
01/12/2024,10583,500,4538,1566,0,2613,0
01/12/2024,7599,511,1490,3668,0,2830,0
02/12/2024,8270,460,4324,4234,0,1880,0
02/12/2024,9681,398,2836,2593,0,2044,0
02/12/2024,8398,361,4314,4439,0,1303,0
02/12/2024,9700,478,3726,1429,0,2872,0
02/12/2024,8095,765,3284,1682,0,1872,0
02/12/2024,10442,483,1246,2238,0,2211,0
02/12/2024,10547,494,3041,1400,0,1557,0
02/12/2024,7298,555,3278,2648,0,2150,0
02/12/2024,5837,539,4019,1277,0,1407,0
02/12/2024,8817,504,1354,970,0,1565,0
02/12/2024,7329,644,2729,1982,0,2640,0
02/12/2024,6402,379,1795,2825,0,3086,0
02/12/2024,11614,333,3498,3686,0,1528,0
02/12/2024,6972,547,2886,2157,0,1176,0
03/12/2024,5590,494,3653,1190,0,1808,0
03/12/2024,7891,544,3017,2430,0,1303,0
03/12/2024,7970,538,1762,2109,0,2012,0
03/12/2024,8448,282,2901,1760,0,1068,0
03/12/2024,9760,285,2588,1358,0,2169,0
03/12/2024,6451,453,1722,2053,0,2324,0
03/12/2024,5488,475,3927,2711,0,842,0
03/12/2024,6422,347,2266,2779,0,2304,0
03/12/2024,11722,543,2112,1296,0,1223,0
03/12/2024,8230,521,1544,1262,0,1305,0
03/12/2024,9468,329,1776,2743,0,1261,0
03/12/2024,9537,606,1095,2291,0,2407,0
03/12/2024,6469,557,3076,1392,0,2931,0
03/12/2024,6861,574,1186,2078,0,3341,0
03/12/2024,7353,349,1409,1263,0,1254,0
04/12/2024,10045,405,2609,3998,0,1171,0
04/12/2024,6582,696,2979,2631,0,2105,0
04/12/2024,5326,648,2491,1481,0,2296,0
04/12/2024,10824,717,1552,1776,0,1952,0
04/12/2024,4427,671,2526,1880,0,2231,0
04/12/2024,7370,419,2548,3438,0,2198,0
04/12/2024,6044,553,2682,1731,0,1467,0
04/12/2024,9689,469,1823,1796,0,2041,0
04/12/2024,9693,389,2566,3509,0,1247,0
04/12/2024,4028,300,2570,1491,0,1871,0
04/12/2024,6280,531,1584,4192,0,2324,0
04/12/2024,7651,415,1199,2395,0,2521,0
04/12/2024,9096,560,2341,1575,0,1754,0
04/12/2024,5022,624,1140,1240,0,1488,0
04/12/2024,6118,329,4796,3417,0,1797,0
05/12/2024,5848,387,1758,1550,0,2374,0
05/12/2024,9307,495,4075,1161,0,1956,0
05/12/2024,7293,518,2893,3110,0,1420,0
05/12/2024,11011,513,1892,1715,0,3492,0
05/12/2024,5793,414,1381,1239,0,2935,0
05/12/2024,5660,487,1377,4171,0,2088,0
05/12/2024,8652,681,1914,2846,0,1835,0
05/12/2024,4620,380,3049,2731,0,2401,0
05/12/2024,5849,588,2973,2126,0,2102,0
05/12/2024,6843,320,3160,2990,0,3283,0
05/12/2024,9260,360,1303,2955,0,2693,0
05/12/2024,7399,689,3193,4030,0,1069,0
05/12/2024,5694,738,1415,2450,0,1290,0
05/12/2024,7686,476,1092,2642,0,1233,0
05/12/2024,8701,549,1549,3579,0,2350,0
06/12/2024,9734,295,2954,1319,0,1511,0
06/12/2024,11797,476,2462,1893,0,2621,0
06/12/2024,5212,343,3170,1206,0,2941,0
06/12/2024,6502,642,3914,1645,0,2022,0
06/12/2024,8859,268,3036,4262,0,1497,0
06/12/2024,7515,623,2347,2878,0,3552,0
06/12/2024,9852,681,1339,1882,0,2917,0
06/12/2024,5441,557,1321,1222,0,1807,0
06/12/2024,9894,427,2922,3695,0,1438,0
06/12/2024,5202,269,3484,3732,0,1588,0
06/12/2024,10435,367,1311,2902,0,2372,0
06/12/2024,9566,670,1416,3023,0,2972,0
06/12/2024,6694,761,2980,2608,0,2605,0
06/12/2024,10595,354,2705,2775,0,2685,0
07/12/2024,6031,329,1083,2751,0,2587,0
07/12/2024,9154,648,2709,2741,0,2872,0
07/12/2024,5911,588,1643,3916,0,1450,0
07/12/2024,7066,780,4519,2992,0,1711,0
07/12/2024,5042,636,1577,2599,0,1258,0
07/12/2024,5953,342,2704,1082,0,3114,0
07/12/2024,9511,436,2657,2550,0,3617,0
07/12/2024,8203,656,2079,2604,0,786,0
07/12/2024,7089,404,1168,3447,0,2266,0
07/12/2024,6395,815,2422,2483,0,1216,0
07/12/2024,7634,489,2333,1176,0,1702,0
07/12/2024,6633,390,3816,4366,0,2672,0
07/12/2024,9196,479,2740,1468,0,1427,0
07/12/2024,10096,372,3053,1567,0,1893,0
08/12/2024,9362,400,2012,1876,0,2409,0
08/12/2024,7299,839,2669,1799,0,3318,0
08/12/2024,5302,451,2065,2599,0,3219,0
08/12/2024,7291,555,2307,3443,0,1769,0
08/12/2024,9406,684,2967,2162,0,1589,0
08/12/2024,6262,562,3049,3197,0,1961,0
08/12/2024,5842,581,3480,2072,0,1368,0
08/12/2024,8738,498,2878,1621,0,1780,0
08/12/2024,6986,275,1979,2525,0,1650,0
08/12/2024,6784,556,3168,1207,0,2034,0
08/12/2024,5112,588,4663,2515,0,2506,0
08/12/2024,5942,464,1228,2129,0,2115,0
08/12/2024,5857,406,2098,1491,0,2647,0
09/12/2024,6275,555,1395,2060,0,2457,0
09/12/2024,6045,813,2190,2475,0,1730,0
09/12/2024,10012,655,1666,1195,0,1722,0
09/12/2024,8523,828,2643,1844,0,2800,0
09/12/2024,8188,518,1179,3282,0,1533,0
09/12/2024,4164,477,3587,4148,0,2630,0
09/12/2024,6333,567,2099,3833,0,1370,0
09/12/2024,6941,656,1728,1603,0,2253,0
09/12/2024,6890,806,1867,2910,0,2967,0
09/12/2024,10324,536,3813,2437,0,2039,0
09/12/2024,5908,724,1573,3370,0,1456,0
09/12/2024,7001,433,2438,1892,0,1253,0
09/12/2024,7483,737,1083,963,0,1972,0
09/12/2024,5149,597,1196,1245,0,1970,0
10/12/2024,10912,547,1023,2610,0,1156,0
10/12/2024,9623,632,3211,1700,0,2545,0
10/12/2024,11023,535,1100,2914,0,1635,0
10/12/2024,10855,576,2780,2668,0,1694,0
10/12/2024,6864,550,3240,2596,0,2400,0
10/12/2024,6840,491,2513,1645,0,1592,0
10/12/2024,8993,517,1516,3790,0,2030,0
10/12/2024,5792,566,1046,2444,0,2067,0
10/12/2024,6148,450,1970,1098,0,2989,0
10/12/2024,5653,546,3334,3898,0,1427,0
10/12/2024,4204,348,4074,2907,0,1697,0
10/12/2024,5303,450,3916,3375,0,1716,0
10/12/2024,7253,764,2803,2328,0,3029,0
10/12/2024,7843,503,1699,1618,0,2271,0
10/12/2024,8492,603,1251,2480,0,1235,0
11/12/2024,6114,396,1907,1385,0,1167,0
11/12/2024,4610,339,3008,1379,0,1089,0
11/12/2024,7165,381,4886,2894,0,2090,0
11/12/2024,5344,709,4300,2010,0,1836,0
11/12/2024,10914,334,2682,3910,0,2501,0
11/12/2024,7753,390,3083,1067,0,2021,0
11/12/2024,6393,387,3674,2817,0,1274,0
11/12/2024,5926,590,2192,3996,0,2214,0
11/12/2024,10096,367,1348,1276,0,2593,0
11/12/2024,5660,440,2318,1535,0,2602,0
11/12/2024,7438,650,984,3600,0,2745,0
11/12/2024,9045,819,1573,3433,0,1701,0
11/12/2024,5237,566,2287,2684,0,2325,0
11/12/2024,6278,803,2145,1464,0,2435,0
12/12/2024,8528,664,1905,1226,0,1318,0
12/12/2024,5043,338,1721,1982,0,2982,0
12/12/2024,8479,505,3185,2603,0,2787,0
12/12/2024,10282,417,2714,2382,0,3196,0
12/12/2024,6073,354,1782,2870,0,2077,0
12/12/2024,10841,756,3841,4462,0,3153,0
12/12/2024,4649,563,2834,3438,0,2896,0
12/12/2024,9510,755,3783,3136,0,1883,0
12/12/2024,7998,340,2472,2764,0,2411,0
12/12/2024,6765,606,1682,2145,0,2491,0
12/12/2024,8907,436,3256,1200,0,1254,0
12/12/2024,5127,700,3399,1275,0,3191,0
12/12/2024,5182,365,4256,1565,0,2083,0
12/12/2024,7562,512,1776,3238,0,1620,0
12/12/2024,9023,808,1488,2569,0,3123,0
13/12/2024,9443,617,3291,1810,0,2365,0
13/12/2024,6172,462,3421,2318,0,2626,0
13/12/2024,4913,697,3395,1915,0,2225,0
13/12/2024,5121,530,1843,3116,0,1999,0
13/12/2024,8432,476,1346,2656,0,1661,0
13/12/2024,8050,335,2430,2491,0,2479,0
13/12/2024,5080,683,2876,1015,0,2117,0
13/12/2024,8614,657,2653,3277,0,1268,0
13/12/2024,9542,568,3050,2712,0,1016,0
13/12/2024,5480,467,1587,4193,0,1544,0
13/12/2024,4695,441,4019,1616,0,889,0
13/12/2024,7427,390,1898,1777,0,1651,0
13/12/2024,8971,385,3129,1598,0,1611,0
13/12/2024,7205,378,2354,793,0,2482,0
14/12/2024,9224,354,2637,1366,0,2802,0
14/12/2024,8270,700,2440,1477,0,2474,0
14/12/2024,7662,436,1888,1888,0,2443,0
14/12/2024,4982,425,1258,2036,0,2433,0
14/12/2024,6833,548,2895,3289,0,1631,0
14/12/2024,6696,413,4465,3081,0,1230,0
14/12/2024,8745,830,1472,3182,0,1333,0
14/12/2024,5443,432,2303,1437,0,2904,0
14/12/2024,7393,312,1049,1822,0,1558,0
14/12/2024,7214,564,2454,2479,0,2359,0
14/12/2024,6737,638,1466,1648,0,1529,0
14/12/2024,6366,475,2323,4537,0,3030,0
14/12/2024,6804,463,1866,1952,0,1409,0
14/12/2024,10080,392,3402,2678,0,3093,0
15/12/2024,7383,313,1378,2255,0,1342,0
15/12/2024,6536,237,1829,4970,0,1863,0
15/12/2024,5960,400,2736,2715,0,1389,0
15/12/2024,8163,596,3080,2851,0,2741,0
15/12/2024,6814,273,4264,3064,0,1909,0
15/12/2024,6009,438,1293,3913,0,2256,0
15/12/2024,5145,318,3061,3510,0,1410,0
15/12/2024,9254,638,1571,2669,0,1713,0
15/12/2024,6621,463,3709,2064,0,1012,0
15/12/2024,5586,449,1975,3736,0,2271,0
15/12/2024,7300,351,1247,4378,0,1330,0
15/12/2024,11132,494,3278,1754,0,1322,0
15/12/2024,10133,306,2719,2854,0,1845,0
16/12/2024,6256,574,1701,3784,0,1545,0
16/12/2024,6532,607,1664,3229,0,2476,0
16/12/2024,6742,524,2013,4110,0,2054,0
16/12/2024,6015,509,3468,2716,0,2005,0
16/12/2024,7579,603,1549,2645,0,876,0
16/12/2024,6093,287,2654,3202,0,1669,0
16/12/2024,7212,557,2285,3681,0,3351,0
16/12/2024,6747,303,2222,1727,0,2560,0
16/12/2024,9948,496,2216,1194,0,1776,0
16/12/2024,5685,493,3815,3387,0,921,0
16/12/2024,5409,598,3685,3291,0,1845,0
16/12/2024,9286,561,3175,1271,0,1180,0
16/12/2024,6920,382,3204,2468,0,1563,0
16/12/2024,9603,724,4541,3010,0,2080,0
16/12/2024,4812,597,2388,1324,0,2271,0
17/12/2024,6711,443,2020,3200,0,2312,0
17/12/2024,7561,550,3698,1623,0,2968,0
17/12/2024,7340,396,2527,2995,0,2394,0
17/12/2024,4929,395,1951,3592,0,2333,0
17/12/2024,11718,376,2304,1713,0,2462,0
17/12/2024,7865,317,2708,1855,0,1176,0
17/12/2024,6651,647,2865,3566,0,2952,0
17/12/2024,6118,413,3212,1181,0,1714,0
17/12/2024,8052,641,2924,926,0,2875,0
17/12/2024,5808,356,934,2515,0,2538,0
17/12/2024,7873,390,1820,2886,0,2262,0
17/12/2024,7545,298,2884,3341,0,3626,0
17/12/2024,5561,293,1796,1550,0,1784,0
17/12/2024,7472,847,2818,1982,0,949,0
17/12/2024,8888,489,1782,2047,0,1270,0
18/12/2024,9363,751,1491,2994,0,2862,0
18/12/2024,5520,568,2703,1630,0,2064,0
18/12/2024,4464,518,2845,1977,0,1631,0
18/12/2024,6289,517,3224,3756,0,2675,0
18/12/2024,6891,466,3440,2072,0,1643,0
18/12/2024,11191,536,1516,2034,0,2530,0
18/12/2024,5998,373,1655,2562,0,2364,0
18/12/2024,10455,370,1286,2958,0,1291,0
18/12/2024,6740,624,1021,2401,0,2320,0
18/12/2024,6581,715,1911,3063,0,2065,0
18/12/2024,7272,537,1033,2531,0,2377,0
18/12/2024,7375,604,3304,1205,0,1530,0
18/12/2024,9402,310,1591,2344,0,3248,0
18/12/2024,5139,493,2468,2796,0,905,0
19/12/2024,10610,524,2539,1398,0,2436,0
19/12/2024,6713,498,2158,3243,0,902,0
19/12/2024,5852,528,3349,1539,0,1490,0
19/12/2024,6166,386,3109,1542,0,1782,0
19/12/2024,6146,347,2255,2962,0,1206,0
19/12/2024,7330,388,1112,2741,0,2212,0
19/12/2024,6734,418,3109,2932,0,1112,0
19/12/2024,8973,292,1134,3651,0,2275,0
19/12/2024,10110,571,2767,2297,0,1980,0
19/12/2024,6047,595,3863,2419,0,1723,0
19/12/2024,6440,570,1717,2180,0,1026,0
19/12/2024,7426,458,2817,2223,0,1770,0
19/12/2024,6277,679,1769,2338,0,1640,0
19/12/2024,7384,800,4097,1054,0,2936,0
19/12/2024,7801,762,2456,1554,0,3246,0
20/12/2024,7536,417,3346,2753,0,1848,0
20/12/2024,8825,696,1175,3024,0,1157,0
20/12/2024,6433,311,2669,3213,0,1171,0
20/12/2024,10928,674,2018,2669,0,1889,0
20/12/2024,6393,493,3567,2806,0,2524,0
20/12/2024,7583,574,1696,2862,0,1198,0
20/12/2024,8526,719,2242,2602,0,1864,0
20/12/2024,5027,408,1467,2634,0,3174,0
20/12/2024,7920,350,1296,2965,0,3363,0
20/12/2024,8249,458,2611,3797,0,1634,0
20/12/2024,7987,732,1617,2269,0,1977,0
20/12/2024,7461,371,3522,2633,0,3618,0
20/12/2024,7406,455,1994,1242,0,2343,0
20/12/2024,7153,594,2210,3880,0,1762,0
21/12/2024,5541,371,1701,2672,0,3254,0
21/12/2024,7747,620,3918,2849,0,3627,0
21/12/2024,8129,630,3498,2813,0,1795,0
21/12/2024,9426,362,1391,1691,0,3572,0
21/12/2024,6221,394,2014,2633,0,2499,0
21/12/2024,9130,536,2278,3227,0,1729,0
21/12/2024,6517,286,1626,1811,0,3380,0
21/12/2024,6711,506,3178,2507,0,2255,0
21/12/2024,7934,230,1501,2324,0,2398,0
21/12/2024,10473,465,1246,2061,0,2731,0
21/12/2024,6979,544,3423,1267,0,1897,0
21/12/2024,8576,465,2454,1281,0,2230,0
21/12/2024,4735,382,970,3978,0,1096,0
21/12/2024,9306,379,1774,1635,0,2686,0
22/12/2024,9623,381,3276,1463,0,1471,0
22/12/2024,6077,566,2985,2682,0,3337,0
22/12/2024,10864,609,3701,1755,0,2377,0
22/12/2024,9519,491,4178,1790,0,856,0
22/12/2024,6223,470,3104,2863,0,1374,0
22/12/2024,6590,357,2337,3320,0,2103,0
22/12/2024,7905,598,2368,4045,0,818,0
22/12/2024,11684,705,3285,1320,0,2221,0
22/12/2024,8539,511,2627,3807,0,1345,0
22/12/2024,10664,670,3157,4209,0,2508,0
22/12/2024,7274,385,3132,1038,0,2633,0
22/12/2024,7088,333,1768,3039,0,873,0
22/12/2024,6927,421,4034,3524,0,3325,0
23/12/2024,9346,300,4068,3623,0,1894,0
23/12/2024,7783,531,2556,2063,0,2010,0
23/12/2024,10808,288,3773,1841,0,1987,0
23/12/2024,7741,566,4357,1030,0,2580,0
23/12/2024,7077,240,3974,3105,0,1304,0
23/12/2024,9567,325,2869,830,0,1505,0
23/12/2024,8466,303,1830,922,0,2565,0
23/12/2024,8077,383,2422,1619,0,2579,0
23/12/2024,8741,630,2949,4218,0,1573,0
23/12/2024,9830,431,1847,4176,0,3422,0
23/12/2024,7918,318,976,1603,0,2257,0
23/12/2024,6946,600,4186,3351,0,1650,0
23/12/2024,4812,560,4145,1728,0,2040,0
23/12/2024,8644,295,3030,2780,0,1555,0
24/12/2024,7598,474,4557,3680,0,2833,0
24/12/2024,8173,403,1459,3583,0,1440,0
24/12/2024,6646,480,3533,2797,0,1278,0
24/12/2024,9827,317,1886,2939,0,1542,0
24/12/2024,12014,372,2750,2167,0,2761,0
24/12/2024,6001,578,3164,3081,0,1744,0
24/12/2024,8133,746,3267,1769,0,1545,0
24/12/2024,4734,369,1514,3576,0,2076,0
24/12/2024,5680,417,2982,3100,0,2930,0
24/12/2024,8930,423,2375,1412,0,2235,0
24/12/2024,4989,579,1262,3267,0,2205,0
24/12/2024,5698,648,2490,3567,0,1933,0
24/12/2024,8009,236,2266,3063,0,1689,0
25/12/2024,6655,566,2156,3488,0,2133,0
25/12/2024,6411,619,1975,2100,0,1220,0
25/12/2024,10030,450,2623,1146,0,2690,0
25/12/2024,6157,413,2838,3824,0,1666,0
25/12/2024,4526,495,2831,2316,0,2468,0
25/12/2024,9121,724,1546,3332,0,2376,0
25/12/2024,5923,504,4320,2280,0,3109,0
25/12/2024,11609,297,1403,1523,0,2693,0
25/12/2024,5284,392,4169,1529,0,1818,0
25/12/2024,6283,345,1597,3391,0,1366,0
25/12/2024,9696,655,2848,3579,0,1745,0
25/12/2024,5539,381,3204,2614,0,2108,0
25/12/2024,6663,521,3863,1308,0,2469,0
26/12/2024,9759,404,1351,1629,0,1414,0
26/12/2024,8475,646,1609,2586,0,2502,0
26/12/2024,6221,664,2178,4474,0,1386,0
26/12/2024,4842,407,2441,3432,0,2005,0
26/12/2024,6606,376,873,3482,0,2429,0
26/12/2024,11117,731,1909,4349,0,2282,0
26/12/2024,7312,446,1272,958,0,2582,0
26/12/2024,8390,253,1486,1085,0,3027,0
26/12/2024,6472,561,1337,1157,0,2755,0
26/12/2024,8082,471,3485,3391,0,2514,0
26/12/2024,7086,296,2968,2237,0,1457,0
26/12/2024,8961,512,4748,2156,0,1418,0
26/12/2024,6909,338,2686,3930,0,2976,0
27/12/2024,8955,595,4538,2863,0,1951,0
27/12/2024,10073,362,1572,3120,0,1583,0
27/12/2024,8388,454,1454,2710,0,1653,0
27/12/2024,6525,735,1854,4334,0,1497,0
27/12/2024,6660,476,4299,3023,0,1085,0
27/12/2024,6357,321,3880,2679,0,1246,0
27/12/2024,9817,402,2418,3178,0,2003,0
27/12/2024,10254,606,2708,4197,0,1477,0
27/12/2024,6122,498,2135,4037,0,993,0
27/12/2024,6442,686,2625,3202,0,1772,0
27/12/2024,6736,641,3853,3148,0,2228,0
27/12/2024,6704,623,1207,2321,0,1276,0
27/12/2024,7581,447,1291,1468,0,2536,0
28/12/2024,4926,434,3407,1352,0,2318,0
28/12/2024,7223,744,3733,2558,0,1368,0
28/12/2024,6667,763,1136,1327,0,1586,0
28/12/2024,6454,338,1125,2381,0,1197,0
28/12/2024,7324,727,1598,3118,0,2144,0
28/12/2024,9278,644,1033,2486,0,3458,0
28/12/2024,8496,468,3867,3137,0,2046,0
28/12/2024,8245,337,1856,1919,0,2124,0
28/12/2024,6849,573,2192,2817,0,1415,0
28/12/2024,7214,740,2693,4316,0,1609,0
28/12/2024,7221,386,1700,2162,0,1313,0
28/12/2024,4684,707,1793,3891,0,2226,0
28/12/2024,6199,319,1454,3985,0,2644,0
29/12/2024,6695,519,4378,1159,0,1427,0
29/12/2024,11256,389,3112,1950,0,2707,0
29/12/2024,6949,373,1867,2876,0,952,0
29/12/2024,8270,605,3151,860,0,2418,0
29/12/2024,4083,495,3227,1233,0,2306,0
29/12/2024,7911,519,1608,1426,0,2322,0
29/12/2024,7078,462,2106,2052,0,1612,0
29/12/2024,6784,313,2196,1659,0,1405,0
29/12/2024,6580,543,2454,1792,0,1187,0
29/12/2024,9455,528,1595,2317,0,2678,0
29/12/2024,5281,508,2179,4012,0,834,0
29/12/2024,8459,426,1812,4036,0,1662,0
29/12/2024,8957,345,1073,2313,0,1419,0
30/12/2024,9341,311,3979,1199,0,2014,0
30/12/2024,9879,542,1523,2556,0,1728,0
30/12/2024,5586,522,2997,1155,0,1221,0
30/12/2024,6291,455,3436,1961,0,1233,0
30/12/2024,9839,528,3391,3420,0,3083,0
30/12/2024,7116,335,2307,3178,0,2212,0
30/12/2024,8392,452,1341,4123,0,2386,0
30/12/2024,9494,420,3230,1308,0,1650,0
30/12/2024,10172,542,2137,1640,0,1171,0
30/12/2024,8479,578,3512,2291,0,2306,0
30/12/2024,10084,451,3691,4219,0,3275,0
30/12/2024,7345,373,3617,1879,0,2384,0
30/12/2024,11529,615,2665,2946,0,1338,0
31/12/2024,7440,454,3231,1679,0,2139,0
31/12/2024,7559,373,2195,1336,0,2386,0
31/12/2024,8597,624,1650,1651,0,1892,0
31/12/2024,5568,682,3732,3529,0,2775,0
31/12/2024,7093,479,1862,3020,0,2114,0
31/12/2024,6075,438,4505,3227,0,1003,0
31/12/2024,6991,455,1660,2344,0,2264,0
31/12/2024,10858,433,1644,2645,0,1872,0
31/12/2024,8183,555,1717,1253,0,3085,0
31/12/2024,4611,396,2282,1611,0,1464,0
31/12/2024,10674,746,3492,2841,0,2723,0
31/12/2024,6125,400,1595,1874,0,2317,0
31/12/2024,6995,455,3605,3543,0,1891,0
01/01/2025,4691,309,3117,2863,0,2385,0
01/01/2025,6662,377,3731,3049,0,2289,0
01/01/2025,5746,715,3586,1933,0,1971,0
01/01/2025,10694,715,1694,2831,0,2476,0
01/01/2025,9974,621,2355,1022,0,1909,0
01/01/2025,6227,417,4390,3770,0,1131,0
01/01/2025,7377,367,3891,1253,0,2257,0
01/01/2025,5443,620,2649,1976,0,1210,0
01/01/2025,8434,471,1776,1483,0,1226,0
01/01/2025,4619,516,1553,2433,0,2520,0
01/01/2025,9131,331,2931,4082,0,1098,0
01/01/2025,11379,494,1629,3655,0,1764,0
01/01/2025,8552,368,4399,1144,0,1078,0
02/01/2025,9095,333,1816,3304,0,1656,0
02/01/2025,10720,363,4085,1332,0,3711,0
02/01/2025,6903,492,4035,2038,0,1804,0
02/01/2025,5363,323,3445,4124,0,2105,0
02/01/2025,7398,502,2039,1889,0,2449,0
02/01/2025,6847,791,2540,2408,0,1184,0
02/01/2025,6071,522,2662,2337,0,2079,0
02/01/2025,5664,780,1880,2481,0,2778,0
02/01/2025,7506,505,2851,3848,0,2440,0
02/01/2025,5390,676,2767,2470,0,3072,0
02/01/2025,6465,301,1832,1146,0,2372,0
02/01/2025,9213,671,1601,3834,0,2962,0
02/01/2025,8135,468,2308,1202,0,1432,0
02/01/2025,10471,400,3338,2633,0,1961,0
03/01/2025,8727,319,2361,2773,0,2001,0
03/01/2025,10968,291,4138,2687,0,3568,0
03/01/2025,9604,535,2379,1069,0,3114,0
03/01/2025,10313,682,1718,1956,0,1169,0
03/01/2025,6711,467,3303,1200,0,2782,0
03/01/2025,6976,703,2921,3467,0,1754,0
03/01/2025,9746,769,2402,1121,0,1487,0
03/01/2025,8015,417,1926,3436,0,1269,0
03/01/2025,10716,354,3548,1035,0,2172,0
03/01/2025,9140,759,2369,4163,0,1385,0
03/01/2025,5039,316,1776,2924,0,2359,0
03/01/2025,5688,593,1569,1506,0,1127,0
03/01/2025,5172,518,3105,3233,0,3157,0
03/01/2025,5324,753,3748,3671,0,2861,0
04/01/2025,6096,679,2380,1654,0,2929,0
04/01/2025,6473,457,972,1899,0,1606,0
04/01/2025,7312,414,3434,2391,0,3535,0
04/01/2025,7618,343,1688,4733,0,1923,0
04/01/2025,6560,633,2189,3916,0,1645,0
04/01/2025,7245,448,1800,2608,0,2823,0
04/01/2025,8844,408,842,2593,0,2143,0
04/01/2025,7744,615,1900,1363,0,2110,0
04/01/2025,6607,290,4277,1987,0,1397,0
04/01/2025,10183,445,3054,2298,0,2480,0
04/01/2025,8653,719,3458,1511,0,2217,0
04/01/2025,4457,550,1367,2095,0,1301,0
04/01/2025,5994,309,3869,1377,0,3211,0
04/01/2025,10091,556,2013,2720,0,1495,0
05/01/2025,8463,733,3291,3597,0,1677,0
05/01/2025,6650,661,3998,2331,0,1038,0
05/01/2025,5583,488,4134,4045,0,2450,0
05/01/2025,6392,282,2024,1518,0,1679,0
05/01/2025,9272,368,1867,1223,0,1048,0
05/01/2025,6673,444,1707,1195,0,1536,0
05/01/2025,9740,504,3276,1131,0,1219,0
05/01/2025,5908,364,2596,1447,0,1437,0
05/01/2025,4915,379,1501,1049,0,2244,0
05/01/2025,10800,500,3847,3273,0,1813,0
05/01/2025,6896,246,3438,1082,0,2703,0
05/01/2025,9499,561,2727,2517,0,1504,0
05/01/2025,7906,261,3632,1569,0,1732,0
06/01/2025,9553,519,2267,1937,0,1706,0
06/01/2025,8096,508,4575,2633,0,1490,0
06/01/2025,6154,577,2733,2483,0,1469,0
06/01/2025,8890,449,3077,3265,0,2734,0
06/01/2025,7573,530,2582,2499,0,1994,0
06/01/2025,5249,799,2316,2600,0,1726,0
06/01/2025,4742,502,3839,2925,0,3644,0
06/01/2025,7312,557,1640,3375,0,1377,0
06/01/2025,7777,297,1497,2518,0,2564,0
06/01/2025,9151,546,3139,3431,0,2159,0
06/01/2025,7650,519,2607,2979,0,2741,0
06/01/2025,5627,349,2211,2750,0,1571,0
06/01/2025,5849,571,3103,4548,0,2080,0
06/01/2025,4797,416,1741,3924,0,2051,0
07/01/2025,8607,328,3748,2280,0,1952,0
07/01/2025,11402,581,1704,2322,0,1032,0
07/01/2025,10159,339,2257,1372,0,2277,0
07/01/2025,6548,580,2533,3383,0,1885,0
07/01/2025,7866,563,1728,3198,0,1014,0
07/01/2025,9980,392,1317,3359,0,2889,0
07/01/2025,6996,622,3414,3405,0,3310,0
07/01/2025,11301,610,2754,3985,0,2387,0
07/01/2025,8040,535,3827,2830,0,3350,0
07/01/2025,5784,271,4010,4309,0,2318,0
07/01/2025,9123,407,3444,3335,0,2271,0
07/01/2025,10254,674,1899,3221,0,1970,0
07/01/2025,5779,419,3161,1878,0,1598,0
07/01/2025,9282,376,1172,4002,0,2709,0
08/01/2025,9604,548,1767,1317,0,1818,0
08/01/2025,9827,432,1748,1934,0,851,0
08/01/2025,8240,441,2851,3674,0,2813,0
08/01/2025,4683,274,1158,2398,0,907,0
08/01/2025,8049,695,855,1687,0,2695,0
08/01/2025,6015,247,2876,3012,0,1454,0
08/01/2025,8153,337,2329,3656,0,1188,0
08/01/2025,5440,710,1368,3227,0,1374,0
08/01/2025,5467,454,944,3678,0,3060,0
08/01/2025,7679,504,1785,2077,0,1604,0
08/01/2025,6518,673,3082,3574,0,1830,0
08/01/2025,5556,311,1761,1076,0,2664,0
08/01/2025,5736,651,2175,1448,0,2248,0
09/01/2025,6401,248,3610,1829,0,2674,0
09/01/2025,7756,381,2748,3065,0,1638,0
09/01/2025,4927,379,1353,3793,0,1598,0
09/01/2025,7676,370,958,2922,0,2139,0
09/01/2025,6140,401,3594,4414,0,1903,0
09/01/2025,5227,495,1152,3075,0,2067,0
09/01/2025,11612,678,1858,3980,0,1755,0
09/01/2025,7790,511,2469,1689,0,2614,0
09/01/2025,8700,428,1910,1950,0,1960,0
09/01/2025,9641,462,2387,1963,0,2814,0
09/01/2025,5064,364,1587,1997,0,2568,0
09/01/2025,6373,644,2004,2046,0,1205,0
09/01/2025,4867,569,2605,3429,0,1950,0
10/01/2025,5734,585,2632,3184,0,1843,0
10/01/2025,6776,415,2754,1501,0,1580,0
10/01/2025,4903,542,2900,1085,0,1575,0
10/01/2025,5498,401,2764,2899,0,2451,0
10/01/2025,9632,322,4445,1293,0,1273,0
10/01/2025,6898,534,2187,1217,0,2156,0
10/01/2025,10546,654,1551,2243,0,1237,0
10/01/2025,5341,407,1484,2868,0,1293,0
10/01/2025,6658,648,1868,2681,0,1216,0
10/01/2025,10134,558,3044,1857,0,1192,0
10/01/2025,9316,289,1291,1113,0,1150,0
10/01/2025,6193,448,2755,1642,0,2424,0
10/01/2025,10084,495,1563,3016,0,2028,0
11/01/2025,6035,576,1875,3650,0,1620,0
11/01/2025,5348,553,2390,3597,0,2236,0
11/01/2025,7503,484,2867,4137,0,1295,0
11/01/2025,5531,818,2101,2211,0,1524,0
11/01/2025,8769,540,3277,1687,0,2526,0
11/01/2025,8461,334,2502,2998,0,2207,0
11/01/2025,5384,482,2550,984,0,1626,0
11/01/2025,7160,316,3313,3033,0,1155,0
11/01/2025,6376,563,1947,1200,0,2684,0
11/01/2025,5980,507,4117,1449,0,1633,0
11/01/2025,4908,821,2588,1526,0,1197,0
11/01/2025,9255,675,3003,2468,0,2493,0
11/01/2025,7344,452,1778,1873,0,1534,0
12/01/2025,7621,622,2917,3005,0,2989,0
12/01/2025,6943,250,3593,1740,0,2891,0
12/01/2025,5317,580,1771,4072,0,2580,0
12/01/2025,4951,293,2385,4594,0,1080,0
12/01/2025,6811,636,3257,1517,0,2080,0
12/01/2025,4640,582,1244,2000,0,1006,0
12/01/2025,6519,646,2064,1511,0,1990,0
12/01/2025,6148,769,1681,1987,0,1500,0
12/01/2025,5632,350,1963,2991,0,951,0
12/01/2025,8014,556,3310,2620,0,1097,0
12/01/2025,8127,360,3672,3745,0,1610,0
12/01/2025,8346,269,2152,2714,0,2254,0
12/01/2025,5476,292,3482,4132,0,1444,0
13/01/2025,6978,522,3672,4752,0,1599,0
13/01/2025,4914,517,2222,1594,0,1937,0
13/01/2025,5393,764,3614,1225,0,1735,0
13/01/2025,9392,542,3198,2467,0,2501,0
13/01/2025,6638,482,3244,2822,0,844,0
13/01/2025,7545,464,3907,2990,0,1934,0
13/01/2025,8607,272,2159,3054,0,1859,0
13/01/2025,5937,624,2598,3274,0,2158,0
13/01/2025,4825,519,3622,3827,0,3000,0
13/01/2025,6979,430,2406,1515,0,3226,0
13/01/2025,5988,756,2087,2073,0,1576,0
13/01/2025,11421,531,1422,3769,0,2232,0
13/01/2025,4870,407,4062,1601,0,1702,0
13/01/2025,4986,347,1838,2012,0,1834,0
14/01/2025,5461,279,2358,1367,0,1197,0
14/01/2025,6988,330,1213,1520,0,1598,0
14/01/2025,5827,432,2491,2680,0,2180,0
14/01/2025,5116,559,1938,1860,0,2310,0
14/01/2025,9873,707,2433,2292,0,3618,0
14/01/2025,5223,568,1379,1304,0,1655,0
14/01/2025,8795,318,806,2326,0,1204,0
14/01/2025,5307,397,3011,1309,0,1895,0
14/01/2025,11846,660,2251,2577,0,1833,0
14/01/2025,7848,710,2493,2213,0,2694,0
14/01/2025,11259,775,2643,1577,0,3002,0
14/01/2025,7684,602,2127,1915,0,2264,0
14/01/2025,7961,547,2490,2879,0,992,0
15/01/2025,5642,557,3485,1627,0,3354,0
15/01/2025,7748,697,3142,1496,0,1166,0
15/01/2025,6595,340,2264,2754,0,2082,0
15/01/2025,8709,443,856,3640,0,2042,0
15/01/2025,6567,335,1087,3249,0,2896,0
15/01/2025,7765,408,3376,2505,0,1664,0
15/01/2025,8487,618,4044,1822,0,3188,0
15/01/2025,6585,417,4119,3758,0,1218,0
15/01/2025,7461,545,3794,1730,0,1437,0
15/01/2025,5369,470,2001,1939,0,2243,0
15/01/2025,6649,331,2501,2711,0,2514,0
15/01/2025,10394,463,3021,1858,0,1721,0
15/01/2025,9929,552,2777,3960,0,3291,0
16/01/2025,9277,596,3450,1533,0,1807,0
16/01/2025,8441,317,1603,2260,0,2169,0
16/01/2025,9963,402,1268,1415,0,3593,0
16/01/2025,8680,376,2540,1319,0,2436,0
16/01/2025,9450,573,1550,4400,0,2929,0
16/01/2025,8517,398,1235,1960,0,1072,0
16/01/2025,5813,601,2791,2831,0,2309,0
16/01/2025,6317,355,2797,2283,0,2000,0
16/01/2025,11605,755,2887,3229,0,1937,0
16/01/2025,4984,328,1332,2533,0,2866,0
16/01/2025,8080,346,1234,2360,0,922,0
16/01/2025,7900,526,4154,2845,0,1604,0
16/01/2025,7660,474,4434,2520,0,1440,0
17/01/2025,5790,649,2397,3366,0,2049,0
17/01/2025,5102,475,2733,3055,0,2079,0
17/01/2025,8098,771,1262,3486,0,2596,0
17/01/2025,9564,486,1767,3283,0,1933,0
17/01/2025,10453,356,2703,4858,0,1864,0
17/01/2025,7700,584,2718,2183,0,1815,0
17/01/2025,6945,533,2151,1568,0,2675,0
17/01/2025,10377,644,1411,1937,0,2616,0
17/01/2025,8661,470,3743,3127,0,2734,0
17/01/2025,9309,431,1954,2411,0,2749,0
17/01/2025,6855,524,1017,1424,0,1641,0
17/01/2025,8115,667,2304,3233,0,1962,0
17/01/2025,6920,445,1096,941,0,2904,0
18/01/2025,5079,588,1194,1666,0,1790,0
18/01/2025,7666,551,2416,4695,0,1626,0
18/01/2025,7282,566,1439,2874,0,1431,0
18/01/2025,9953,610,3928,2882,0,2977,0
18/01/2025,7551,620,3305,3585,0,2259,0
18/01/2025,6330,325,2989,3663,0,2214,0
18/01/2025,8468,507,3403,1353,0,1141,0
18/01/2025,5971,291,2064,2678,0,2675,0
18/01/2025,5150,530,1287,2485,0,1202,0
18/01/2025,6262,732,1435,917,0,2152,0
18/01/2025,12255,393,2111,3276,0,1940,0
18/01/2025,8339,412,3741,1301,0,1052,0
18/01/2025,9842,311,1120,1966,0,2164,0
19/01/2025,7952,458,2121,3579,0,2323,0
19/01/2025,6254,476,1447,2644,0,2745,0
19/01/2025,7609,262,4139,2041,0,3599,0
19/01/2025,10238,507,1524,2153,0,1347,0
19/01/2025,4541,396,3134,3488,0,2133,0
19/01/2025,11315,549,2660,2964,0,2700,0
19/01/2025,9618,471,1818,3749,0,1731,0
19/01/2025,9995,578,3268,4251,0,3099,0
19/01/2025,9380,709,2349,2843,0,1859,0
19/01/2025,9966,638,2421,1901,0,1644,0
19/01/2025,4722,417,3499,1999,0,2295,0
19/01/2025,7651,463,3552,2718,0,2037,0
19/01/2025,8999,389,1252,2089,0,2287,0
20/01/2025,5890,586,2482,1067,0,1479,0
20/01/2025,4876,506,1961,2714,0,1653,0
20/01/2025,7010,486,2547,3265,0,2860,0
20/01/2025,5566,290,4046,3504,0,2708,0
20/01/2025,7196,617,3145,1660,0,899,0
20/01/2025,10489,463,2075,2183,0,801,0
20/01/2025,8405,696,2009,2353,0,3199,0
20/01/2025,10095,424,3947,1115,0,3300,0
20/01/2025,6129,557,3339,2064,0,1585,0
20/01/2025,6940,603,2323,2465,0,3168,0
20/01/2025,6876,419,3000,3760,0,1849,0
20/01/2025,10998,430,4370,3096,0,2128,0
20/01/2025,9902,454,2096,2856,0,2790,0
21/01/2025,8848,328,3628,1683,0,2047,0
21/01/2025,9884,830,1469,1226,0,2404,0
21/01/2025,7864,381,2867,2884,0,1297,0
21/01/2025,7740,505,1490,2991,0,2184,0
21/01/2025,4043,639,1974,1939,0,2429,0
21/01/2025,9030,402,1982,2173,0,2419,0
21/01/2025,7007,659,2198,4790,0,1531,0
21/01/2025,8910,716,1792,2285,0,2989,0
21/01/2025,5592,483,3330,1754,0,1675,0
21/01/2025,6420,521,1434,2051,0,2047,0
21/01/2025,7017,550,2270,2454,0,1838,0
21/01/2025,6554,687,2335,1564,0,1139,0
21/01/2025,10301,541,3070,2342,0,2835,0
22/01/2025,9628,374,2648,3650,0,1244,0
22/01/2025,7296,803,2919,3952,0,1293,0
22/01/2025,9575,663,4479,2327,0,2875,0
22/01/2025,8124,850,4163,946,0,2854,0
22/01/2025,10087,698,1374,1849,0,1727,0
22/01/2025,6922,504,1648,1402,0,2656,0
22/01/2025,5004,645,3368,2641,0,2301,0
22/01/2025,6115,479,2848,2500,0,1783,0
22/01/2025,6348,577,4498,1557,0,3433,0
22/01/2025,8498,738,4213,2975,0,2731,0
22/01/2025,8949,536,2845,3507,0,1195,0
22/01/2025,8305,749,1612,1699,0,1844,0
22/01/2025,7741,423,1931,2108,0,1680,0
23/01/2025,6272,500,1187,3517,0,3112,0
23/01/2025,8320,666,2722,1988,0,1334,0
23/01/2025,5099,487,4146,3989,0,1336,0
23/01/2025,8677,589,1346,2153,0,2741,0
23/01/2025,9890,512,2550,1322,0,3040,0
23/01/2025,10708,230,3242,2837,0,2755,0
23/01/2025,5327,495,2219,2743,0,2649,0
23/01/2025,6113,558,3475,2983,0,2076,0
23/01/2025,4897,484,2975,3035,0,1972,0
23/01/2025,6521,682,2926,2152,0,3131,0
23/01/2025,5257,513,1889,1307,0,1318,0
23/01/2025,4190,765,2113,3337,0,1900,0
23/01/2025,4377,507,2178,3797,0,1387,0
24/01/2025,6336,383,3306,2117,0,2827,0
24/01/2025,9335,313,2709,1988,0,1092,0
24/01/2025,9706,691,1179,3039,0,1283,0
24/01/2025,6798,378,3402,2556,0,2442,0
24/01/2025,5914,742,2021,2882,0,2832,0
24/01/2025,5950,327,2751,2892,0,2592,0
24/01/2025,10017,655,4352,3060,0,2195,0
24/01/2025,7932,586,3911,3680,0,1511,0
24/01/2025,7458,393,2486,3560,0,1935,0
24/01/2025,8335,545,1583,1296,0,2782,0
24/01/2025,7519,623,1407,2511,0,2282,0
24/01/2025,11083,441,1079,2043,0,2318,0
24/01/2025,5713,574,3555,1040,0,2139,0
25/01/2025,8107,671,2850,1353,0,2457,0
25/01/2025,5431,346,3759,1583,0,2806,0
25/01/2025,10416,773,2475,2383,0,2065,0
25/01/2025,8068,572,2161,1708,0,1466,0
25/01/2025,8562,274,3472,2548,0,2091,0
25/01/2025,8335,421,1680,3014,0,2228,0
25/01/2025,6333,459,3523,3246,0,2083,0
25/01/2025,12046,516,1018,3400,0,1147,0
25/01/2025,6596,483,1201,1361,0,1127,0
25/01/2025,7609,685,1763,2637,0,1479,0
25/01/2025,6111,565,3124,3567,0,2091,0
25/01/2025,7324,282,1331,4253,0,2324,0
25/01/2025,6786,435,3274,1139,0,1569,0
26/01/2025,6730,423,885,1508,0,2140,0
26/01/2025,7512,510,2036,4299,0,2608,0
26/01/2025,5384,328,2050,2386,0,2685,0
26/01/2025,7668,556,3486,4656,0,1868,0
26/01/2025,6638,323,1772,2963,0,1470,0
26/01/2025,6703,603,1759,2583,0,2751,0
26/01/2025,8863,349,875,1687,0,2445,0
26/01/2025,12215,422,1937,1169,0,1652,0
26/01/2025,7747,571,2520,1431,0,1133,0
26/01/2025,10425,666,3246,2491,0,1867,0
26/01/2025,10231,390,1892,2046,0,1107,0
26/01/2025,5764,361,3208,2209,0,2284,0
26/01/2025,8196,256,1350,1252,0,1735,0
27/01/2025,6047,538,1395,1756,0,2382,0
27/01/2025,6077,293,1458,3453,0,943,0
27/01/2025,5284,657,1429,2842,0,1091,0
27/01/2025,5633,479,3569,1991,0,2432,0
27/01/2025,7047,386,1218,2533,0,2785,0
27/01/2025,5780,565,2642,3094,0,1887,0
27/01/2025,7387,444,2450,1542,0,2772,0
27/01/2025,11295,536,3142,2582,0,1004,0
27/01/2025,8750,659,1876,2657,0,2566,0
27/01/2025,7345,480,889,3113,0,2247,0
27/01/2025,5584,588,2770,1507,0,2661,0
27/01/2025,4722,501,1723,1753,0,2098,0
27/01/2025,8634,558,1458,4113,0,1574,0
28/01/2025,5311,668,4479,2018,0,2004,0
28/01/2025,9926,330,2054,1180,0,2116,0
28/01/2025,6514,395,2936,2221,0,1023,0
28/01/2025,6338,615,1142,3357,0,1783,0
28/01/2025,8288,503,2439,2158,0,1577,0
28/01/2025,6100,532,2297,2179,0,1953,0
28/01/2025,7756,321,3901,3505,0,2623,0
28/01/2025,9881,517,1944,4566,0,2235,0
28/01/2025,6643,442,1156,1055,0,3296,0
28/01/2025,9904,290,1126,1562,0,2622,0
28/01/2025,7263,324,4081,1473,0,2143,0
28/01/2025,9597,756,4598,1787,0,2741,0
28/01/2025,8833,455,1143,3542,0,2064,0
29/01/2025,8910,520,3399,1949,0,1821,0
29/01/2025,7377,521,3456,1258,0,2461,0
29/01/2025,8623,642,2403,2753,0,1303,0
29/01/2025,10192,501,3938,2465,0,2909,0
29/01/2025,4823,303,2812,1106,0,3413,0
29/01/2025,9691,432,2132,3156,0,2395,0
29/01/2025,7081,389,1861,1971,0,2213,0
29/01/2025,6181,840,3973,3065,0,1122,0
29/01/2025,8583,331,2201,4246,0,1153,0
29/01/2025,5060,339,1604,2004,0,3254,0
29/01/2025,6747,519,1509,4682,0,2082,0
29/01/2025,6520,294,1494,1327,0,1619,0
29/01/2025,7250,396,2260,2707,0,3026,0
30/01/2025,4448,661,3072,2870,0,2318,0
30/01/2025,4086,383,1001,1588,0,2138,0
30/01/2025,4077,448,1115,2357,0,2458,0
30/01/2025,7422,503,1332,3209,0,3187,0
30/01/2025,8428,798,3048,2333,0,1924,0
30/01/2025,8151,318,1468,3852,0,2702,0
30/01/2025,9835,702,2463,1653,0,3372,0
30/01/2025,6623,424,1724,1592,0,2762,0
30/01/2025,4716,423,3165,1956,0,1090,0
30/01/2025,6886,501,1565,4499,0,1645,0
30/01/2025,6373,513,4111,3214,0,1176,0
30/01/2025,7059,657,2595,911,0,2349,0
30/01/2025,5206,467,2411,1748,0,2202,0
31/01/2025,10574,618,2340,1959,0,3010,0
31/01/2025,8475,510,3528,3922,0,2160,0
31/01/2025,5830,478,4029,2446,0,1889,0
31/01/2025,6416,522,1483,3333,0,2037,0
31/01/2025,6386,459,3349,1328,0,2173,0
31/01/2025,6667,280,2905,3464,0,2467,0
31/01/2025,9200,466,2963,1109,0,2110,0
31/01/2025,7748,375,1283,1330,0,2755,0
31/01/2025,4459,428,2803,2905,0,1996,0
31/01/2025,9088,590,3928,2454,0,1627,0
31/01/2025,6728,367,1675,4082,0,2361,0
31/01/2025,6767,577,2103,1301,0,1946,0
31/01/2025,4527,498,1603,1228,0,1401,0
01/02/2025,4725,341,1639,2367,0,1358,0
01/02/2025,6460,484,2491,3982,0,1001,0
01/02/2025,11902,381,1852,1204,0,1601,0
01/02/2025,4436,380,1947,1264,0,1232,0
01/02/2025,8942,837,2284,3731,0,2054,0
01/02/2025,4706,578,2105,3323,0,2374,0
01/02/2025,6076,594,1151,1507,0,857,0
01/02/2025,8427,510,4866,1071,0,1480,0
01/02/2025,5391,626,4349,1836,0,2435,0
01/02/2025,8681,495,1461,3073,0,1497,0
01/02/2025,7531,582,3147,1881,0,1547,0
01/02/2025,7630,426,1046,3541,0,2598,0
01/02/2025,9540,365,3370,2479,0,1179,0
02/02/2025,7138,528,3002,1673,0,1892,0
02/02/2025,6488,254,4189,2653,0,1773,0
02/02/2025,6795,466,3878,910,0,1239,0
02/02/2025,7702,643,1818,1965,0,1951,0
02/02/2025,5142,492,1239,1096,0,3302,0
02/02/2025,7852,536,2187,4082,0,2299,0
02/02/2025,5308,400,4199,3009,0,1861,0
02/02/2025,9079,642,4348,3913,0,1890,0
02/02/2025,10626,844,2879,2084,0,2454,0
02/02/2025,11047,509,3875,2330,0,3427,0
02/02/2025,8558,619,2679,2221,0,1950,0
02/02/2025,7206,600,4266,1566,0,1374,0
02/02/2025,7129,465,3290,4002,0,1931,0
03/02/2025,6983,710,2460,1624,0,1182,0
03/02/2025,5003,588,2306,2688,0,2157,0
03/02/2025,8113,578,2243,2156,0,1499,0
03/02/2025,9876,529,2440,3181,0,2175,0
03/02/2025,9110,300,2953,4159,0,2213,0
03/02/2025,7861,784,2959,1659,0,1891,0
03/02/2025,10671,587,3875,1636,0,2511,0
03/02/2025,6939,415,2613,2352,0,2233,0
03/02/2025,10554,398,2954,2376,0,2235,0
03/02/2025,6493,344,3134,1515,0,2685,0
03/02/2025,5465,492,1247,1680,0,1546,0
03/02/2025,5305,602,1072,2749,0,1836,0
03/02/2025,6532,405,1601,1926,0,1935,0
04/02/2025,9236,297,3207,3455,0,2204,0
04/02/2025,7120,693,1423,892,0,2817,0
04/02/2025,5074,805,1092,2372,0,1106,0
04/02/2025,6402,453,2947,3142,0,2235,0
04/02/2025,7321,399,1491,2190,0,1550,0
04/02/2025,6042,326,4431,2313,0,1616,0
04/02/2025,9725,407,2051,4211,0,2943,0
04/02/2025,10810,547,1318,1272,0,1547,0
04/02/2025,5429,380,3115,1842,0,2162,0
04/02/2025,5146,536,2581,3312,0,1778,0
04/02/2025,4910,566,1690,3639,0,2801,0
04/02/2025,7519,545,2893,3441,0,1042,0
04/02/2025,6615,452,4818,1497,0,2404,0
05/02/2025,6622,798,1719,1592,0,2180,0
05/02/2025,6659,303,3498,1478,0,2598,0
05/02/2025,7789,347,1494,3415,0,2004,0
05/02/2025,9878,444,2665,1253,0,1641,0
05/02/2025,7580,384,2869,2577,0,1557,0
05/02/2025,8126,300,4261,1961,0,1382,0
05/02/2025,9925,596,1450,1343,0,2261,0
05/02/2025,5251,636,2674,1977,0,1811,0
05/02/2025,5277,423,1490,2857,0,1750,0
05/02/2025,6903,344,4182,1533,0,2663,0
05/02/2025,6179,684,1419,1577,0,2511,0
05/02/2025,6731,559,1930,1479,0,1334,0
05/02/2025,4194,446,3078,1753,0,2302,0
06/02/2025,8985,480,1317,1341,0,1420,0
06/02/2025,7534,715,3065,2812,0,1427,0
06/02/2025,7452,646,2711,1808,0,1653,0
06/02/2025,6281,746,1708,1711,0,1353,0
06/02/2025,8686,584,4243,1910,0,1314,0
06/02/2025,7545,356,2145,2715,0,1572,0
06/02/2025,5213,486,1538,2303,0,1665,0
06/02/2025,10771,464,2822,2144,0,2572,0
06/02/2025,9910,443,3645,1258,0,2198,0
06/02/2025,6157,614,1709,3214,0,1382,0
06/02/2025,7098,846,2795,1393,0,950,0
06/02/2025,5274,428,3334,3122,0,1753,0
06/02/2025,4225,604,2273,1148,0,1966,0
07/02/2025,5808,594,3204,1322,0,1954,0
07/02/2025,10876,295,3535,2743,0,1321,0
07/02/2025,7850,302,2718,3051,0,2471,0
07/02/2025,6692,436,1220,3188,0,1577,0
07/02/2025,10001,483,1382,1395,0,1850,0
07/02/2025,5273,547,1272,2532,0,1629,0
07/02/2025,10226,268,1095,3093,0,3450,0
07/02/2025,6197,344,1254,3510,0,2698,0
07/02/2025,8636,513,3584,2018,0,1057,0
07/02/2025,10400,434,3969,1023,0,3435,0
07/02/2025,5033,533,2102,2079,0,2249,0
07/02/2025,6726,619,1505,1099,0,2716,0
07/02/2025,7528,731,1263,1613,0,2293,0
08/02/2025,5160,278,1555,2770,0,1438,0
08/02/2025,7707,438,2823,1998,0,1454,0
08/02/2025,8550,551,913,1803,0,2078,0
08/02/2025,5113,807,1650,3729,0,2070,0
08/02/2025,9023,536,1591,3106,0,2295,0
08/02/2025,11807,441,1263,2721,0,973,0
08/02/2025,5119,430,2951,3738,0,2575,0
08/02/2025,8810,517,4027,4509,0,1409,0
08/02/2025,5321,406,1743,1285,0,2052,0
08/02/2025,8819,583,1431,4620,0,3032,0
08/02/2025,11958,425,2668,1507,0,1979,0
08/02/2025,7788,490,3894,3179,0,1422,0
08/02/2025,6103,441,2851,2250,0,1332,0
09/02/2025,9401,407,4215,1509,0,3430,0
09/02/2025,5897,404,2064,2766,0,1690,0
09/02/2025,6595,636,3889,824,0,2209,0
09/02/2025,6949,530,2362,2505,0,1331,0
09/02/2025,6311,718,2455,3197,0,2235,0
09/02/2025,8391,464,3731,2755,0,936,0
09/02/2025,5691,558,1699,3098,0,1528,0
09/02/2025,7405,326,1254,1995,0,3116,0
09/02/2025,6621,657,3087,932,0,1811,0
09/02/2025,6985,546,2910,1794,0,2705,0
09/02/2025,8033,494,2755,2846,0,3369,0
09/02/2025,5951,357,3407,2564,0,2146,0
09/02/2025,5218,655,3499,1454,0,2041,0
10/02/2025,10133,558,2223,2162,0,3406,0
10/02/2025,4767,598,1866,2866,0,2197,0
10/02/2025,4207,357,2586,3014,0,2560,0
10/02/2025,9934,692,2003,1494,0,1108,0
10/02/2025,4766,420,3014,3042,0,2456,0
10/02/2025,5800,562,3653,1713,0,2601,0
10/02/2025,10074,668,3351,1625,0,1772,0
10/02/2025,11050,615,2466,3544,0,2068,0
10/02/2025,8351,378,3281,2497,0,1784,0
10/02/2025,10482,461,1337,3404,0,2193,0
10/02/2025,10607,403,3066,3626,0,3043,0
10/02/2025,10569,426,1156,1203,0,928,0
10/02/2025,4660,342,1504,1308,0,2367,0
11/02/2025,5575,330,3423,1839,0,1902,0
11/02/2025,5865,502,1495,2179,0,1660,0
11/02/2025,5098,594,2829,4204,0,1845,0
11/02/2025,8878,467,1368,2435,0,2704,0
11/02/2025,6833,751,1304,3200,0,1731,0
11/02/2025,5329,782,4394,2109,0,1591,0
11/02/2025,3925,313,1319,3157,0,2058,0
11/02/2025,9542,550,2992,2331,0,2584,0
11/02/2025,6892,518,1722,2735,0,2952,0
11/02/2025,9814,482,3718,2816,0,2400,0
11/02/2025,7423,526,2552,3505,0,2199,0
11/02/2025,10208,324,2442,2295,0,2232,0
11/02/2025,8263,398,3734,1189,0,2566,0
12/02/2025,7355,448,1607,4591,0,1310,0
12/02/2025,6803,322,2388,3042,0,2140,0
12/02/2025,9751,562,1008,3517,0,3128,0
12/02/2025,6549,502,1646,3408,0,1555,0
12/02/2025,12469,663,1921,2652,0,1163,0
12/02/2025,8387,397,1453,2770,0,1165,0
12/02/2025,6464,444,1951,3223,0,1396,0
12/02/2025,8031,481,2600,2753,0,1829,0
12/02/2025,10081,491,2011,1393,0,3050,0
12/02/2025,9076,614,2685,1928,0,2757,0
12/02/2025,5989,512,4096,1991,0,3002,0
12/02/2025,5553,576,2583,4593,0,1800,0
12/02/2025,4189,296,2649,3894,0,2359,0
13/02/2025,6862,535,3181,1182,0,1752,0
13/02/2025,7971,451,3112,1867,0,3340,0
13/02/2025,6732,480,3301,2921,0,3185,0
13/02/2025,5622,445,2021,3183,0,2487,0
13/02/2025,6388,486,1909,1917,0,2704,0
13/02/2025,8894,573,2552,3418,0,2615,0
13/02/2025,6294,388,3070,1473,0,1478,0
13/02/2025,5782,691,2010,2120,0,2780,0
13/02/2025,6833,307,3719,3192,0,2126,0
13/02/2025,7360,694,1904,3445,0,2071,0
13/02/2025,10733,558,1636,2832,0,1463,0
13/02/2025,6116,703,2879,3590,0,3058,0
13/02/2025,7403,536,3286,2433,0,1990,0
14/02/2025,6400,529,1047,1967,0,1602,0
14/02/2025,8735,801,1989,1743,0,3439,0
14/02/2025,7273,400,2244,1811,0,3527,0
14/02/2025,7524,338,1560,1979,0,2424,0
14/02/2025,9955,486,2942,2751,0,2271,0
14/02/2025,6602,574,3257,4028,0,1476,0
14/02/2025,3865,445,1836,1724,0,2858,0
14/02/2025,6588,470,1374,1292,0,2004,0
14/02/2025,7874,641,1068,1389,0,1621,0
14/02/2025,6018,544,1574,2653,0,2913,0
14/02/2025,6138,356,2867,4097,0,2685,0
14/02/2025,4492,474,1978,1853,0,2227,0
14/02/2025,7710,524,2358,4792,0,3634,0
15/02/2025,8142,418,3676,1081,0,1756,0
15/02/2025,5845,416,3536,2989,0,2498,0
15/02/2025,7763,440,1786,3544,0,3262,0
15/02/2025,5733,427,3693,4043,0,1084,0
15/02/2025,7805,684,2015,1455,0,2381,0
15/02/2025,6545,769,1665,1399,0,3092,0
15/02/2025,4999,798,937,999,0,1596,0
15/02/2025,5932,235,2668,1803,0,1112,0
15/02/2025,8798,363,2169,1664,0,2419,0
15/02/2025,9346,405,2186,1985,0,2135,0
15/02/2025,10296,380,3151,1429,0,2247,0
15/02/2025,11257,379,3504,3256,0,1556,0
15/02/2025,8157,360,846,3561,0,1246,0
16/02/2025,7605,810,3663,3281,0,2465,0
16/02/2025,5530,449,1379,2484,0,2676,0
16/02/2025,6683,401,2521,3169,0,2338,0
16/02/2025,4618,528,1333,3357,0,1184,0
16/02/2025,11667,360,4052,1886,0,1719,0
16/02/2025,7073,547,3451,3466,0,1938,0
16/02/2025,7406,503,1530,853,0,3182,0
16/02/2025,6842,299,2087,1830,0,2389,0
16/02/2025,7008,564,2599,2688,0,2575,0
16/02/2025,4729,543,1596,3636,0,2096,0
16/02/2025,8884,758,2743,4089,0,1372,0
16/02/2025,6897,694,1641,1141,0,1549,0
16/02/2025,9864,743,3931,4858,0,1498,0
17/02/2025,5401,340,3491,3428,0,1247,0
17/02/2025,5238,679,2834,2732,0,2429,0
17/02/2025,8736,277,3107,3863,0,1200,0
17/02/2025,7216,550,984,2469,0,1462,0
17/02/2025,6471,511,1830,2407,0,1033,0
17/02/2025,6962,691,3766,3572,0,2310,0
17/02/2025,5748,614,2983,2133,0,2345,0
17/02/2025,6133,653,2038,2515,0,1867,0
17/02/2025,8518,575,1356,1730,0,2310,0
17/02/2025,6278,468,1190,1202,0,899,0
17/02/2025,10366,441,2409,1242,0,1527,0
17/02/2025,4597,428,1158,3058,0,1828,0
17/02/2025,9791,701,3968,4287,0,1547,0
18/02/2025,7157,331,4202,3508,0,2139,0
18/02/2025,7299,659,3269,3306,0,1454,0
18/02/2025,7656,513,2693,1686,0,2514,0
18/02/2025,5609,677,3985,1418,0,1232,0
18/02/2025,6625,768,1307,4256,0,2232,0
18/02/2025,8150,543,2628,2234,0,2631,0
18/02/2025,5825,592,1079,2316,0,2417,0
18/02/2025,6663,494,1209,3044,0,1530,0
18/02/2025,8975,458,824,1936,0,3050,0
18/02/2025,7017,328,1472,2068,0,2528,0
18/02/2025,6692,602,4193,1838,0,2301,0
18/02/2025,5620,480,2021,4618,0,2024,0
18/02/2025,8999,462,1927,1705,0,1090,0
19/02/2025,6412,396,1103,3112,0,1844,0
19/02/2025,6956,636,2742,2906,0,1933,0
19/02/2025,7075,343,2163,2711,0,2925,0
19/02/2025,6653,361,2695,3350,0,2981,0
19/02/2025,6454,505,1919,2201,0,2340,0
19/02/2025,9518,348,2053,2977,0,2928,0
19/02/2025,11310,465,1790,3049,0,2210,0
19/02/2025,7828,545,3041,3644,0,1048,0
19/02/2025,8919,668,892,2936,0,1694,0
19/02/2025,8350,594,1968,2330,0,1448,0
19/02/2025,7296,317,3065,3393,0,1146,0
19/02/2025,5969,384,4561,3297,0,904,0
19/02/2025,8297,596,1764,2782,0,1929,0
20/02/2025,10335,425,1050,3984,0,2217,0
20/02/2025,5276,821,3889,1598,0,1889,0
20/02/2025,4325,408,1682,2422,0,2167,0
20/02/2025,7500,571,2090,3795,0,2439,0
20/02/2025,6141,367,2781,3278,0,1579,0
20/02/2025,10495,647,2631,1122,0,1247,0
20/02/2025,8583,410,1573,2438,0,1091,0
20/02/2025,8434,462,1678,1118,0,1290,0
20/02/2025,9779,449,3362,3223,0,1783,0
20/02/2025,6771,749,1219,2042,0,1797,0
20/02/2025,8904,403,1915,1957,0,1107,0
20/02/2025,7640,376,1864,1818,0,2347,0
20/02/2025,6263,651,3655,1353,0,2300,0
21/02/2025,5862,707,1110,2285,0,3365,0
21/02/2025,4416,619,3695,1453,0,1925,0
21/02/2025,4701,362,1403,2113,0,2198,0
21/02/2025,6459,556,1278,3037,0,1471,0
21/02/2025,9939,585,3777,1176,0,1698,0
21/02/2025,8540,463,2170,3207,0,2207,0
21/02/2025,8788,486,4553,3655,0,2210,0
21/02/2025,6253,543,3022,2358,0,2279,0
21/02/2025,6582,399,1669,2019,0,1678,0
21/02/2025,10896,761,3705,1816,0,974,0
21/02/2025,9047,448,2524,2561,0,1211,0
21/02/2025,11435,406,3500,2480,0,1869,0
21/02/2025,6333,344,4385,3246,0,1199,0
22/02/2025,10893,605,2833,1343,0,2400,0
22/02/2025,8669,427,2128,2446,0,2052,0
22/02/2025,6545,544,961,2451,0,3340,0
22/02/2025,4794,608,2289,2756,0,1582,0
22/02/2025,9467,413,3012,3948,0,1860,0
22/02/2025,11838,524,1554,2124,0,1581,0
22/02/2025,11725,408,2730,2935,0,1677,0
22/02/2025,7071,325,2217,1632,0,2508,0
22/02/2025,5967,546,953,2920,0,2489,0
22/02/2025,8979,320,2414,2160,0,2581,0
22/02/2025,6087,369,1133,2098,0,2276,0
22/02/2025,7803,520,1364,2879,0,1530,0
22/02/2025,4771,299,1644,1842,0,1947,0
23/02/2025,6133,580,3524,1127,0,2125,0
23/02/2025,10017,276,2200,3202,0,2882,0
23/02/2025,5781,513,2259,1477,0,1946,0
23/02/2025,7523,719,2944,2291,0,3289,0
23/02/2025,11549,720,1769,911,0,2016,0
23/02/2025,4909,399,3156,3660,0,1792,0
23/02/2025,9396,418,4131,1807,0,1989,0
23/02/2025,7588,418,3250,2743,0,2004,0
23/02/2025,7839,373,2594,2179,0,1394,0
23/02/2025,4261,630,2053,2493,0,1406,0
23/02/2025,4694,566,3025,3109,0,3194,0
23/02/2025,7237,543,1412,3323,0,2821,0
23/02/2025,6247,270,2416,2804,0,2479,0
24/02/2025,10901,403,3539,1239,0,3216,0
24/02/2025,10789,367,2076,1853,0,1563,0
24/02/2025,10106,611,1964,1944,0,1749,0
24/02/2025,5547,246,2309,1663,0,1677,0
24/02/2025,4452,476,2634,1933,0,2173,0
24/02/2025,8421,451,4011,2253,0,3113,0
24/02/2025,4579,599,2067,2131,0,1125,0
24/02/2025,4984,661,1837,2224,0,1082,0
24/02/2025,9201,326,3307,2632,0,1063,0
24/02/2025,6223,359,1453,2427,0,2098,0
24/02/2025,7295,692,1905,1820,0,1892,0
24/02/2025,6410,705,3100,3290,0,2593,0
24/02/2025,6321,492,1732,2161,0,2056,0
24/02/2025,4867,358,1812,1746,0,858,0
25/02/2025,6583,336,2865,2168,0,1131,0
25/02/2025,8263,607,1027,2608,0,2742,0
25/02/2025,6908,498,1647,3442,0,2420,0
25/02/2025,8144,423,1860,2985,0,1575,0
25/02/2025,6621,582,2952,1459,0,1855,0
25/02/2025,5838,384,2355,1252,0,1141,0
25/02/2025,8953,705,1160,4000,0,1981,0
25/02/2025,8515,348,3072,2095,0,1250,0
25/02/2025,4401,527,2893,4619,0,2473,0
25/02/2025,11520,575,2280,3204,0,1767,0
25/02/2025,5837,765,1519,1815,0,1665,0
25/02/2025,5502,389,2252,2560,0,1458,0
25/02/2025,6796,708,2080,2934,0,1867,0
25/02/2025,10234,414,1325,3580,0,969,0
26/02/2025,6651,291,3319,3391,0,3404,0
26/02/2025,4476,682,2986,1367,0,1360,0
26/02/2025,7946,470,1455,1617,0,1205,0
26/02/2025,7238,463,3627,4593,0,1320,0
26/02/2025,6071,453,2873,2822,0,2509,0
26/02/2025,10078,489,2196,3802,0,1632,0
26/02/2025,8721,454,1477,4425,0,3361,0
26/02/2025,6522,361,2882,1645,0,1959,0
26/02/2025,10824,512,3572,2868,0,1522,0
26/02/2025,7819,482,2316,1727,0,1108,0
26/02/2025,9327,723,2524,3315,0,1954,0
26/02/2025,10065,501,2892,1148,0,1782,0
26/02/2025,6205,571,1016,2535,0,2915,0
26/02/2025,8340,524,2674,2480,0,1069,0
27/02/2025,7732,649,2581,3047,0,1764,0
27/02/2025,9528,438,3095,3210,0,2322,0
27/02/2025,9207,405,948,2524,0,1219,0
27/02/2025,7832,598,3717,2180,0,925,0
27/02/2025,8229,597,2131,1892,0,1896,0
27/02/2025,7910,401,4022,2349,0,2719,0
27/02/2025,9333,690,2280,1663,0,1912,0
27/02/2025,11102,426,2907,1509,0,2116,0
27/02/2025,9040,460,2210,1817,0,1807,0
27/02/2025,6906,405,795,2029,0,2969,0
27/02/2025,6944,476,2271,1309,0,832,0
27/02/2025,8355,416,2277,2320,0,2816,0
27/02/2025,10258,571,2385,1430,0,2499,0
27/02/2025,6336,637,2965,2147,0,3312,0
28/02/2025,4980,459,2115,2046,0,2319,0
28/02/2025,5413,511,2222,3558,0,1263,0
28/02/2025,9031,683,1531,2952,0,1853,0
28/02/2025,9004,503,2254,2651,0,1469,0
28/02/2025,8565,623,1135,1509,0,2920,0
28/02/2025,4914,749,1862,1804,0,1501,0
28/02/2025,6490,327,2590,1906,0,2253,0
28/02/2025,8726,468,2485,3130,0,1602,0
28/02/2025,5526,389,3045,3686,0,2209,0
28/02/2025,6093,522,4246,996,0,2397,0
28/02/2025,9423,547,1883,1841,0,2498,0
28/02/2025,7196,373,1974,2188,0,2816,0
28/02/2025,11062,598,1417,1264,0,2391,0
28/02/2025,4546,580,3255,2684,0,1387,0
01/03/2025,7437,776,1169,1499,0,2594,0
01/03/2025,5498,621,1061,2176,0,1808,0
01/03/2025,4044,544,2669,3706,0,2539,0
01/03/2025,8652,378,3545,1233,0,2485,0
01/03/2025,6749,518,1199,3230,0,2187,0
01/03/2025,8900,571,1241,4815,0,873,0
01/03/2025,7629,459,2269,2062,0,1242,0
01/03/2025,10872,587,3534,2575,0,924,0
01/03/2025,8645,667,3564,3006,0,1678,0
01/03/2025,7835,632,2877,3443,0,2220,0
01/03/2025,7083,368,3000,3912,0,2066,0
01/03/2025,7796,782,2837,2323,0,2557,0
01/03/2025,9296,646,930,2956,0,2794,0
01/03/2025,8180,801,1368,2696,0,1251,0
02/03/2025,7153,295,2812,1317,0,1209,0
02/03/2025,8598,488,2392,2867,0,3380,0
02/03/2025,5514,840,3329,1714,0,2298,0
02/03/2025,7508,387,1355,2441,0,2003,0
02/03/2025,7478,645,2380,1570,0,2448,0
02/03/2025,8264,391,3520,1249,0,2336,0
02/03/2025,5899,695,4154,2995,0,1709,0
02/03/2025,6930,329,2865,1586,0,1118,0
02/03/2025,9325,563,3363,1345,0,1169,0
02/03/2025,7403,494,4730,1105,0,2333,0
02/03/2025,7306,637,1321,3186,0,1509,0
02/03/2025,9649,653,3086,1066,0,3496,0
02/03/2025,8468,585,3689,2210,0,2833,0
02/03/2025,5863,563,1819,4584,0,1890,0
03/03/2025,9253,381,1059,1541,0,2209,0
03/03/2025,5499,556,3337,2496,0,1862,0
03/03/2025,7311,721,1349,1555,0,1125,0
03/03/2025,8856,365,3469,3526,0,1098,0
03/03/2025,8197,240,1295,1208,0,1103,0
03/03/2025,4533,501,1997,1694,0,2349,0
03/03/2025,7349,292,2224,1238,0,2402,0
03/03/2025,5606,430,3120,1092,0,1133,0
03/03/2025,9749,557,3265,2447,0,1771,0
03/03/2025,7783,400,1916,1267,0,2681,0
03/03/2025,6711,679,2708,3720,0,1647,0
03/03/2025,10287,392,2153,2320,0,1539,0
03/03/2025,8234,619,3370,1660,0,2828,0
03/03/2025,8835,301,2594,4310,0,1760,0
04/03/2025,6845,599,2525,2338,0,1748,0
04/03/2025,6221,386,3380,2219,0,1297,0
04/03/2025,6865,311,1847,3262,0,3211,0
04/03/2025,6659,267,1918,2470,0,1822,0
04/03/2025,4402,743,1753,2489,0,2144,0
04/03/2025,7198,384,1096,2480,0,1434,0
04/03/2025,5655,341,3076,1564,0,2071,0
04/03/2025,6635,440,2616,2643,0,2890,0
04/03/2025,5089,830,1644,2953,0,3356,0
04/03/2025,8690,703,3400,1022,0,2585,0
04/03/2025,7944,600,3578,2871,0,3408,0
04/03/2025,6122,616,1562,1694,0,1638,0
04/03/2025,7982,557,3918,1552,0,1970,0
04/03/2025,8308,410,3037,1780,0,2819,0
05/03/2025,5043,644,2718,3137,0,1675,0
05/03/2025,8265,579,991,1663,0,2502,0
05/03/2025,7226,622,2469,3236,0,1896,0
05/03/2025,9247,559,1765,2594,0,3095,0
05/03/2025,6293,319,2266,2431,0,1912,0
05/03/2025,8893,409,2205,1089,0,1043,0
05/03/2025,5152,460,2443,1389,0,1416,0
05/03/2025,7162,673,2821,2120,0,1708,0
05/03/2025,6043,720,4462,906,0,1199,0
05/03/2025,4865,278,1290,2612,0,3306,0
05/03/2025,4048,354,1147,2094,0,1070,0
05/03/2025,5026,587,1252,845,0,2564,0
05/03/2025,6138,544,2083,2349,0,2527,0
05/03/2025,7890,715,3761,1393,0,1430,0
06/03/2025,4444,646,1917,4485,0,940,0
06/03/2025,5583,397,2806,2668,0,2880,0
06/03/2025,5602,538,1257,3365,0,1306,0
06/03/2025,5792,672,3095,1417,0,2773,0
06/03/2025,5446,748,2068,2718,0,1819,0
06/03/2025,5325,791,2023,3167,0,2220,0
06/03/2025,7984,741,3187,2656,0,2665,0
06/03/2025,6250,426,3455,2743,0,1448,0
06/03/2025,9808,431,1237,4463,0,2513,0
06/03/2025,6838,807,2276,3558,0,3287,0
06/03/2025,8656,385,1490,2539,0,2056,0
06/03/2025,5770,618,1427,1187,0,2948,0
06/03/2025,10324,748,2291,3344,0,1339,0
06/03/2025,5147,605,3638,1656,0,2428,0
07/03/2025,7160,344,3526,4495,0,1795,0
07/03/2025,8917,507,2663,2199,0,1198,0
07/03/2025,5083,506,3965,1295,0,3193,0
07/03/2025,6215,472,1910,3935,0,2104,0
07/03/2025,7787,473,863,1670,0,1833,0
07/03/2025,8070,448,2203,3162,0,2576,0
07/03/2025,6174,677,3528,2649,0,2757,0
07/03/2025,11673,517,1708,1910,0,1602,0
07/03/2025,5781,537,1536,2081,0,873,0
07/03/2025,6376,676,1082,1900,0,2183,0
07/03/2025,5292,334,3404,1714,0,1772,0
07/03/2025,9792,458,2406,1537,0,1961,0
07/03/2025,7055,460,2162,3138,0,2241,0
07/03/2025,11332,772,4134,2345,0,824,0
08/03/2025,11813,614,2937,3760,0,2100,0
08/03/2025,9214,456,2023,3127,0,1611,0
08/03/2025,8019,272,4245,2219,0,1285,0
08/03/2025,6751,642,1959,1216,0,2231,0
08/03/2025,8139,816,992,4044,0,2676,0
08/03/2025,11042,439,1484,1963,0,1660,0
08/03/2025,7091,414,2613,1782,0,1178,0
08/03/2025,7366,317,4744,3224,0,3093,0
08/03/2025,9139,734,2262,4248,0,1294,0
08/03/2025,9041,521,4484,1072,0,1208,0
08/03/2025,9464,415,2110,2285,0,1049,0
08/03/2025,5599,442,3655,4298,0,2509,0
08/03/2025,11390,595,2978,815,0,1409,0
08/03/2025,7696,418,3405,2646,0,1106,0
09/03/2025,5790,545,1768,1576,0,2562,0
09/03/2025,10114,731,4264,1640,0,2008,0
09/03/2025,7933,547,1451,2138,0,2740,0
09/03/2025,7292,454,4782,4329,0,1659,0
09/03/2025,9108,517,4277,3988,0,1620,0
09/03/2025,5921,543,2675,1323,0,1818,0
09/03/2025,7130,345,3033,3903,0,3308,0
09/03/2025,6366,278,2848,4476,0,2996,0
09/03/2025,7648,509,2816,1843,0,2975,0
09/03/2025,11109,441,1347,2464,0,2717,0
09/03/2025,5858,645,2991,4048,0,3166,0
09/03/2025,8928,595,2866,1870,0,2274,0
09/03/2025,7911,479,4308,2834,0,2317,0
09/03/2025,5061,419,822,3138,0,2064,0
10/03/2025,5084,756,1064,3988,0,1065,0
10/03/2025,5610,636,1180,3129,0,2638,0
10/03/2025,8782,449,1830,3509,0,1012,0
10/03/2025,8566,318,1703,4180,0,1746,0
10/03/2025,7692,670,3138,1973,0,1872,0
10/03/2025,9431,795,1578,1205,0,1571,0
10/03/2025,5197,460,1179,2985,0,1383,0
10/03/2025,9227,542,4225,4182,0,1929,0
10/03/2025,7047,437,4395,4184,0,1639,0
10/03/2025,5610,497,1127,1359,0,837,0
10/03/2025,9286,717,1685,4465,0,1371,0
10/03/2025,6280,263,3378,1525,0,1549,0
10/03/2025,8290,535,2075,3770,0,1248,0
10/03/2025,5396,756,3594,1799,0,974,0
11/03/2025,6353,672,2733,3690,0,2611,0
11/03/2025,5819,598,3467,1229,0,2595,0
11/03/2025,4874,371,3200,1312,0,2228,0
11/03/2025,5461,422,1813,1735,0,2540,0
11/03/2025,7964,356,2579,2743,0,2846,0
11/03/2025,9923,391,2808,1874,0,3206,0
11/03/2025,6397,705,2303,3872,0,2778,0
11/03/2025,10984,447,1368,1154,0,2684,0
11/03/2025,5760,549,3516,2918,0,1721,0
11/03/2025,7667,566,2671,1146,0,2004,0
11/03/2025,6091,453,1952,2255,0,2644,0
11/03/2025,6890,604,3273,3453,0,1616,0
11/03/2025,7727,240,3190,2511,0,1109,0
11/03/2025,7016,515,2468,2311,0,2715,0
12/03/2025,7227,335,1845,4458,0,1556,0
12/03/2025,5381,301,3809,1433,0,2208,0
12/03/2025,9676,535,4114,1251,0,3181,0
12/03/2025,11327,369,2794,1789,0,2520,0
12/03/2025,7623,386,2198,3028,0,1359,0
12/03/2025,8281,546,2314,4067,0,2561,0
12/03/2025,8259,453,1725,1175,0,2611,0
12/03/2025,8151,566,2865,2462,0,1543,0
12/03/2025,6142,518,3476,3007,0,3283,0
12/03/2025,9843,315,2870,1892,0,1087,0
12/03/2025,7012,585,2904,3458,0,1706,0
12/03/2025,6684,621,3155,2046,0,2094,0
12/03/2025,8920,363,3697,2146,0,2208,0
12/03/2025,10588,580,2687,3263,0,2586,0
13/03/2025,7337,362,3966,2121,0,1036,0
13/03/2025,9609,693,1105,2729,0,1364,0
13/03/2025,10576,344,1147,1422,0,2250,0
13/03/2025,7425,594,2994,4867,0,2180,0
13/03/2025,10890,510,3192,3273,0,2155,0
13/03/2025,6800,618,1541,1497,0,882,0
13/03/2025,8365,324,1328,1811,0,2316,0
13/03/2025,6520,432,1851,3943,0,1858,0
13/03/2025,7905,511,2751,3731,0,1850,0
13/03/2025,6599,462,2001,2817,0,1698,0
13/03/2025,10328,756,1523,1818,0,2125,0
13/03/2025,5956,671,3112,2767,0,1960,0
13/03/2025,6349,333,3385,2103,0,2170,0
13/03/2025,8428,392,2485,2204,0,2347,0
14/03/2025,6784,495,1769,3392,0,1622,0
14/03/2025,5255,591,2984,3572,0,1844,0
14/03/2025,7786,461,2608,3273,0,2070,0
14/03/2025,6407,465,2062,3936,0,3253,0
14/03/2025,10480,429,1488,1033,0,1242,0
14/03/2025,8025,440,3371,3848,0,1987,0
14/03/2025,6471,601,2651,1923,0,2669,0
14/03/2025,10527,632,3777,1884,0,2613,0
14/03/2025,8611,521,3222,2397,0,3303,0
14/03/2025,6550,659,2325,1964,0,2316,0
14/03/2025,5640,417,1452,4402,0,2594,0
14/03/2025,9931,664,3800,3016,0,3222,0
14/03/2025,4408,260,2355,3236,0,2725,0
14/03/2025,6072,493,3919,3019,0,2043,0
15/03/2025,11811,385,2207,1579,0,2157,0
15/03/2025,7740,480,1522,2818,0,1268,0
15/03/2025,5467,327,2375,2037,0,2294,0
15/03/2025,7973,796,2469,1849,0,2358,0
15/03/2025,8099,539,1632,2848,0,2340,0
15/03/2025,8872,311,3008,3214,0,1785,0
15/03/2025,8595,295,3594,3459,0,1903,0
15/03/2025,8242,600,3931,1727,0,1551,0
15/03/2025,9884,433,1724,1568,0,3587,0
15/03/2025,9830,562,3086,1800,0,1566,0
15/03/2025,11456,719,1560,3517,0,2317,0
15/03/2025,7457,395,2471,1442,0,1973,0
15/03/2025,11098,499,2509,2871,0,904,0
15/03/2025,7629,572,2148,2314,0,2511,0
16/03/2025,4543,459,2174,1998,0,2474,0
16/03/2025,5689,260,977,2244,0,1704,0
16/03/2025,6798,662,2332,1176,0,1339,0
16/03/2025,8845,555,2862,2201,0,2463,0
16/03/2025,5686,347,1298,2159,0,837,0
16/03/2025,11497,430,3484,1442,0,2499,0
16/03/2025,8415,406,2973,1457,0,3052,0
16/03/2025,6377,766,2710,3671,0,2028,0
16/03/2025,6837,453,3199,1640,0,1925,0
16/03/2025,8805,464,2708,3382,0,1137,0
16/03/2025,9323,798,1929,3101,0,1818,0
16/03/2025,9147,662,1422,2132,0,1475,0
16/03/2025,5156,367,2240,2191,0,2827,0
17/03/2025,7416,541,2852,3325,0,2161,0
17/03/2025,10145,675,1933,2936,0,1678,0
17/03/2025,7405,292,893,3057,0,2016,0
17/03/2025,5122,604,2307,2827,0,1112,0
17/03/2025,8239,303,2058,1247,0,2171,0
17/03/2025,11306,481,2957,1574,0,1162,0
17/03/2025,5851,525,2241,3655,0,2226,0
17/03/2025,5446,452,3496,1513,0,1239,0
17/03/2025,7620,701,1362,3105,0,2304,0
17/03/2025,9606,542,2399,3543,0,2943,0
17/03/2025,5264,467,1390,3751,0,1254,0
17/03/2025,11370,322,2209,1405,0,1680,0
17/03/2025,10354,269,3325,770,0,3045,0
18/03/2025,8388,438,2296,1497,0,2197,0
18/03/2025,8657,274,3281,1286,0,1473,0
18/03/2025,11716,308,3483,2219,0,2256,0
18/03/2025,7748,655,4363,1357,0,1266,0
18/03/2025,6675,475,4549,1222,0,2564,0
18/03/2025,7530,529,4271,2186,0,1160,0
18/03/2025,11158,478,2192,2405,0,928,0
18/03/2025,9206,388,1401,3048,0,1573,0
18/03/2025,8676,550,826,2010,0,3253,0
18/03/2025,5908,528,2896,2479,0,2941,0
18/03/2025,9903,382,2443,2790,0,2956,0
18/03/2025,8946,400,2007,2054,0,3029,0
18/03/2025,4870,633,3548,1297,0,1051,0
18/03/2025,11327,374,1771,1097,0,1235,0
19/03/2025,7941,790,3479,1915,0,1229,0
19/03/2025,10842,459,2859,3666,0,1867,0
19/03/2025,4358,697,2804,1749,0,864,0
19/03/2025,5782,470,2147,1363,0,1582,0
19/03/2025,8014,448,2711,2618,0,1711,0
19/03/2025,8662,604,1206,3694,0,1980,0
19/03/2025,7676,439,3976,2999,0,2638,0
19/03/2025,5024,478,3817,3559,0,2106,0
19/03/2025,7529,598,3569,2361,0,3062,0
19/03/2025,7703,382,1587,3206,0,1779,0
19/03/2025,8430,428,1056,3465,0,2390,0
19/03/2025,6976,547,3064,2311,0,1260,0
19/03/2025,4908,659,2142,3185,0,1193,0
19/03/2025,11878,373,1657,1623,0,2497,0
20/03/2025,8510,476,2467,1868,0,1147,0
20/03/2025,6278,563,1740,1173,0,1510,0
20/03/2025,6830,530,1357,2012,0,2130,0
20/03/2025,4542,406,1234,2905,0,1630,0
20/03/2025,7081,269,1849,3017,0,1717,0
20/03/2025,10988,274,2658,2724,0,1386,0
20/03/2025,8201,279,1084,2155,0,2603,0
20/03/2025,7043,279,2615,2073,0,2540,0
20/03/2025,9154,682,2964,1133,0,1473,0
20/03/2025,6313,304,3408,2057,0,1423,0
20/03/2025,6937,305,1377,2344,0,3071,0
20/03/2025,6703,504,4177,1986,0,3071,0
20/03/2025,7837,714,1529,2158,0,2324,0
20/03/2025,7508,772,1198,4294,0,2657,0
21/03/2025,9913,514,2237,2561,0,1492,0
21/03/2025,4151,450,2671,4574,0,2758,0
21/03/2025,6909,701,2577,1787,0,1875,0
21/03/2025,11464,506,3434,1266,0,1939,0
21/03/2025,9949,720,2530,3431,0,1563,0
21/03/2025,4135,432,954,1725,0,1514,0
21/03/2025,8290,696,1034,2880,0,1027,0
21/03/2025,6439,395,1183,2519,0,1315,0
21/03/2025,7363,553,1910,870,0,1268,0
21/03/2025,9492,692,2189,3684,0,1920,0
21/03/2025,8959,491,3525,3327,0,2153,0
21/03/2025,8102,297,2628,1804,0,1918,0
21/03/2025,5905,681,1168,1752,0,1583,0
22/03/2025,10398,274,3920,2663,0,2550,0
22/03/2025,6209,549,1330,1837,0,2350,0
22/03/2025,7120,377,1685,3924,0,1948,0
22/03/2025,10605,389,4191,2454,0,1373,0
22/03/2025,10029,529,3757,3161,0,2104,0
22/03/2025,7646,404,1081,2722,0,2002,0
22/03/2025,5307,625,1749,3127,0,1919,0
22/03/2025,7359,442,1741,3251,0,1214,0
22/03/2025,6278,581,3306,2499,0,2484,0
22/03/2025,4867,760,2787,1444,0,2404,0
22/03/2025,9701,763,1212,2763,0,1606,0
22/03/2025,9189,658,2142,4082,0,2352,0
22/03/2025,7553,483,2903,1582,0,1005,0
23/03/2025,5292,389,2328,1571,0,1197,0
23/03/2025,6251,321,4159,4061,0,2814,0
23/03/2025,6952,383,3366,1980,0,2288,0
23/03/2025,8319,470,3542,2707,0,2197,0
23/03/2025,7721,325,4293,3807,0,1799,0
23/03/2025,6625,781,3039,4211,0,2902,0
23/03/2025,6343,440,3109,1395,0,2326,0
23/03/2025,6909,500,3836,4425,0,1688,0
23/03/2025,7221,366,3256,997,0,1335,0
23/03/2025,8385,357,1966,3006,0,1956,0
23/03/2025,6445,454,2855,1104,0,1500,0
23/03/2025,8482,519,2188,1153,0,1629,0
23/03/2025,9074,473,1576,1110,0,2664,0
24/03/2025,7039,466,873,1328,0,981,0
24/03/2025,6789,339,3788,4487,0,2097,0
24/03/2025,7489,723,4547,1591,0,1962,0
24/03/2025,6338,575,2365,2002,0,2663,0
24/03/2025,7446,607,2868,1450,0,870,0
24/03/2025,6170,363,2150,2162,0,1467,0
24/03/2025,7131,783,2938,2515,0,3327,0
24/03/2025,5348,333,1766,1915,0,2922,0
24/03/2025,8367,446,1082,1322,0,3155,0
24/03/2025,9893,329,4008,2193,0,1692,0
24/03/2025,9948,612,3005,3162,0,1617,0
24/03/2025,8019,384,3259,2989,0,1907,0
24/03/2025,8886,520,3037,2558,0,881,0
25/03/2025,6890,441,1217,3038,0,1600,0
25/03/2025,7836,327,1587,1537,0,1807,0
25/03/2025,6841,334,1562,2018,0,2017,0
25/03/2025,9328,314,4468,1403,0,1908,0
25/03/2025,7757,566,3933,2045,0,2309,0
25/03/2025,8625,346,2698,1388,0,2325,0
25/03/2025,7558,455,3377,1625,0,1252,0
25/03/2025,5795,255,4541,3314,0,2536,0
25/03/2025,8031,700,3252,4541,0,1309,0
25/03/2025,8185,442,2560,1486,0,1487,0
25/03/2025,6842,460,4188,1345,0,1975,0
25/03/2025,7781,721,2501,1149,0,1645,0
25/03/2025,4483,570,3653,4338,0,2810,0
26/03/2025,6293,400,1483,3700,0,3421,0
26/03/2025,6288,343,2085,2660,0,1170,0
26/03/2025,10394,555,1975,1248,0,2406,0
26/03/2025,8916,380,3494,3939,0,2454,0
26/03/2025,7468,431,2142,1108,0,1690,0
26/03/2025,6512,300,3116,3520,0,2609,0
26/03/2025,7282,409,2647,2182,0,2495,0
26/03/2025,10538,666,1938,4446,0,1345,0
26/03/2025,6030,402,2607,2762,0,3142,0
26/03/2025,6260,356,2018,1605,0,2381,0
26/03/2025,7704,419,2410,1794,0,1392,0
26/03/2025,4006,435,3025,1217,0,2955,0
26/03/2025,6791,385,4008,2855,0,1556,0
27/03/2025,8533,276,1703,1052,0,1981,0
27/03/2025,6153,420,2158,1312,0,2453,0
27/03/2025,10016,331,1580,1840,0,1506,0
27/03/2025,8161,473,3475,4107,0,1765,0
27/03/2025,10538,449,1299,1305,0,1543,0
27/03/2025,7014,497,2257,1553,0,2190,0
27/03/2025,7265,558,1601,2185,0,1878,0
27/03/2025,8439,378,2289,1411,0,1199,0
27/03/2025,11365,359,4303,1614,0,1483,0
27/03/2025,7242,375,1242,2602,0,2488,0
27/03/2025,8191,360,1274,2900,0,2987,0
27/03/2025,9463,686,1651,2929,0,1293,0
27/03/2025,8268,647,1716,2537,0,2881,0
27/03/2025,10502,596,1318,3627,0,1167,0
28/03/2025,5788,548,2181,1943,0,1828,0
28/03/2025,5397,372,4024,2498,0,1339,0
28/03/2025,7245,537,2075,1530,0,1452,0
28/03/2025,6952,537,1684,1814,0,2942,0
28/03/2025,5923,473,3041,1343,0,2189,0
28/03/2025,5642,782,2534,3181,0,3088,0
28/03/2025,6343,515,2573,1761,0,1745,0
28/03/2025,4681,749,1155,1913,0,2983,0
28/03/2025,5302,510,2021,2087,0,2866,0
28/03/2025,11697,422,3594,2049,0,2366,0
28/03/2025,4199,493,3735,3203,0,987,0
28/03/2025,5807,374,1706,1146,0,2256,0
28/03/2025,7985,502,1202,4331,0,2092,0
28/03/2025,9227,729,1492,1227,0,1679,0
29/03/2025,5182,500,1222,3582,0,2395,0
29/03/2025,5129,420,1898,2473,0,2266,0
29/03/2025,7431,610,1726,1938,0,2764,0
29/03/2025,5913,392,944,2238,0,1104,0
29/03/2025,6120,754,1104,3053,0,1380,0
29/03/2025,5943,386,2020,2199,0,981,0
29/03/2025,9622,327,1561,2170,0,2193,0
29/03/2025,8183,502,1475,2711,0,1476,0
29/03/2025,6304,568,1109,4233,0,1411,0
29/03/2025,4813,581,3793,1275,0,1063,0
29/03/2025,6126,819,4170,1280,0,1859,0
29/03/2025,11575,411,4267,1095,0,2826,0
29/03/2025,6270,689,1100,2805,0,1312,0
30/03/2025,5956,529,2406,3150,0,2149,0
30/03/2025,9355,472,1024,2268,0,3523,0
30/03/2025,11634,509,2195,3504,0,1506,0
30/03/2025,7413,563,1929,1875,0,1121,0
30/03/2025,4860,523,1264,1290,0,992,0
30/03/2025,6744,660,2439,1805,0,2905,0
30/03/2025,6269,377,1747,3402,0,1390,0
30/03/2025,6591,508,1240,1372,0,3235,0
30/03/2025,7639,737,2119,3257,0,2010,0
30/03/2025,7405,720,4620,3038,0,3034,0
30/03/2025,5597,424,4450,1848,0,2267,0
30/03/2025,9720,458,3957,3884,0,1870,0
30/03/2025,8761,475,3039,3322,0,2131,0
31/03/2025,7811,470,1404,3622,0,2764,0
31/03/2025,7084,383,1376,2678,0,2256,0
31/03/2025,6628,271,1685,1480,0,2871,0
31/03/2025,6193,681,3894,1959,0,1780,0
31/03/2025,4574,553,2788,1981,0,2266,0
31/03/2025,5746,615,1960,3962,0,1836,0
31/03/2025,9183,382,1545,2729,0,2121,0
31/03/2025,5110,252,3826,2984,0,1083,0
31/03/2025,5287,755,1533,1474,0,2174,0
31/03/2025,5205,752,3475,2022,0,1190,0
31/03/2025,8616,503,3674,1691,0,1243,0
31/03/2025,9777,351,1633,1481,0,1859,0
31/03/2025,8100,598,3465,2087,0,1029,0
01/04/2025,8287,579,3288,3515,0,2932,0
01/04/2025,6870,399,2198,3719,0,3376,0
01/04/2025,8094,355,1228,3369,0,2272,0
01/04/2025,6218,289,3219,4063,0,2377,0
01/04/2025,8893,359,4094,1636,0,1779,0
01/04/2025,8651,693,2145,1359,0,1282,0
01/04/2025,6513,628,3181,948,0,3352,0
01/04/2025,6486,713,1556,3225,0,2453,0
01/04/2025,8592,623,1129,1812,0,1079,0
01/04/2025,7801,532,2146,2204,0,1384,0
01/04/2025,7632,480,2461,1400,0,1273,0
01/04/2025,8554,406,2329,3365,0,1742,0
01/04/2025,7828,610,1557,2850,0,2281,0
02/04/2025,8144,565,2451,2150,0,1457,0
02/04/2025,8041,521,3224,2684,0,2387,0
02/04/2025,10945,583,974,2798,0,3251,0
02/04/2025,9737,455,2798,2161,0,3094,0
02/04/2025,5818,312,2572,1459,0,2069,0
02/04/2025,10338,447,4797,1476,0,2450,0
02/04/2025,10473,347,4011,2913,0,2739,0
02/04/2025,10951,402,2515,2053,0,2512,0
02/04/2025,6380,457,2417,3166,0,3392,0
02/04/2025,7538,284,3703,3415,0,835,0
02/04/2025,10270,580,2191,2052,0,842,0
02/04/2025,7202,711,4201,2521,0,1315,0
02/04/2025,4392,506,3669,2201,0,2424,0
03/04/2025,9160,679,2900,1199,0,2227,0
03/04/2025,7941,840,2121,1933,0,2878,0
03/04/2025,4820,264,2793,3031,0,984,0
03/04/2025,6483,307,4076,2717,0,2613,0
03/04/2025,5502,485,2017,2854,0,2991,0
03/04/2025,6215,508,2553,3797,0,1824,0
03/04/2025,5567,559,2324,1583,0,1111,0
03/04/2025,5749,502,1529,957,0,952,0
03/04/2025,11212,598,1747,4278,0,1801,0
03/04/2025,5626,577,3338,1284,0,2664,0
03/04/2025,6503,749,3269,1057,0,2231,0
03/04/2025,10953,778,3449,4321,0,1106,0
03/04/2025,7716,800,2215,2692,0,1664,0
04/04/2025,7096,432,3643,1745,0,2886,0
04/04/2025,11530,531,1721,2978,0,1383,0
04/04/2025,6132,678,4060,1528,0,1661,0
04/04/2025,9176,574,1414,1807,0,1168,0
04/04/2025,8386,705,2688,1842,0,848,0
04/04/2025,5721,576,1629,4086,0,3034,0
04/04/2025,9425,452,3399,4070,0,1976,0
04/04/2025,6257,409,2125,1263,0,2065,0
04/04/2025,6609,546,1015,3320,0,1100,0
04/04/2025,7939,283,2156,867,0,1703,0
04/04/2025,7346,623,3406,3466,0,2150,0
04/04/2025,6694,484,3526,2599,0,1697,0
04/04/2025,4651,609,1226,3049,0,2377,0
05/04/2025,6137,742,2792,2069,0,1060,0
05/04/2025,6735,669,1702,2285,0,3449,0
05/04/2025,5624,385,2607,1328,0,1816,0
05/04/2025,5999,383,2407,3880,0,1045,0
05/04/2025,6457,492,911,3457,0,867,0
05/04/2025,9479,612,2058,2068,0,1293,0
05/04/2025,6082,682,4440,2629,0,2729,0
05/04/2025,7377,464,967,1045,0,2264,0
05/04/2025,6256,357,1242,2852,0,1677,0
05/04/2025,5247,765,1612,3008,0,1542,0
05/04/2025,9205,426,3487,1336,0,1223,0
05/04/2025,6579,273,1514,3505,0,3290,0
05/04/2025,5106,613,2021,1604,0,1097,0
06/04/2025,8781,556,3595,3217,0,1621,0
06/04/2025,10490,409,2986,1287,0,1346,0
06/04/2025,7253,440,3103,3410,0,1152,0
06/04/2025,9540,403,1109,2049,0,2280,0
06/04/2025,9151,705,2755,2409,0,2890,0
06/04/2025,6233,625,2573,3864,0,1113,0
06/04/2025,7688,478,2398,2555,0,2974,0
06/04/2025,9533,399,1647,1831,0,1630,0
06/04/2025,4558,366,2128,1648,0,2888,0
06/04/2025,6493,607,1503,2074,0,2190,0
06/04/2025,8572,701,1718,1673,0,1693,0
06/04/2025,7947,316,853,3058,0,3106,0
06/04/2025,11819,615,2187,1908,0,1305,0
07/04/2025,8203,312,3289,2043,0,2348,0
07/04/2025,7962,485,2779,1502,0,2232,0
07/04/2025,9093,415,3896,2457,0,1866,0
07/04/2025,5214,427,2135,2770,0,2822,0
07/04/2025,6088,530,4043,3270,0,1168,0
07/04/2025,8252,440,1433,3776,0,2918,0
07/04/2025,5151,295,1864,2880,0,1227,0
07/04/2025,9848,521,1384,3307,0,1553,0
07/04/2025,4160,353,4066,3157,0,1564,0
07/04/2025,6030,471,3793,3165,0,1431,0
07/04/2025,6660,389,2241,4050,0,1702,0
07/04/2025,5776,646,1102,3019,0,2935,0
07/04/2025,7370,352,3719,1205,0,2287,0
08/04/2025,10873,358,1760,2496,0,2729,0
08/04/2025,10805,785,3208,3833,0,1762,0
08/04/2025,8266,384,1569,3386,0,1199,0
08/04/2025,10642,556,998,1748,0,2395,0
08/04/2025,6436,620,1958,3165,0,1086,0
08/04/2025,8124,653,3554,3165,0,1143,0
08/04/2025,6890,483,1497,3506,0,2735,0
08/04/2025,5375,387,1694,1619,0,2832,0
08/04/2025,6899,461,2691,3049,0,2264,0
08/04/2025,7695,791,3953,1396,0,2112,0
08/04/2025,9039,531,2438,3771,0,1702,0
08/04/2025,7104,408,1515,2861,0,1526,0
08/04/2025,7413,345,3680,2752,0,1787,0
09/04/2025,11831,410,1766,4563,0,1743,0
09/04/2025,5524,807,4414,2900,0,1778,0
09/04/2025,7708,473,3249,4291,0,1382,0
09/04/2025,4922,442,2547,1234,0,1512,0
09/04/2025,5244,424,1500,3333,0,1141,0
09/04/2025,8573,479,936,3870,0,2785,0
09/04/2025,5018,605,2569,1343,0,1554,0
09/04/2025,8638,434,3807,1416,0,1814,0
09/04/2025,6698,383,2544,2616,0,1150,0
09/04/2025,7084,362,2941,3836,0,2514,0
09/04/2025,5760,442,2411,2628,0,1805,0
09/04/2025,8126,516,2942,2130,0,1371,0
09/04/2025,7322,481,1921,4061,0,1274,0
10/04/2025,7245,513,1740,2690,0,3017,0
10/04/2025,6712,390,1909,2015,0,2927,0
10/04/2025,10853,333,3435,3499,0,2267,0
10/04/2025,8566,283,3266,1927,0,2497,0
10/04/2025,7428,474,3031,1805,0,1869,0
10/04/2025,8813,284,2230,2540,0,1337,0
10/04/2025,7928,490,4262,2926,0,1575,0
10/04/2025,8731,529,4193,1163,0,2467,0
10/04/2025,7566,549,1316,2134,0,2021,0
10/04/2025,7619,591,1298,1396,0,3538,0
10/04/2025,8271,514,1186,2229,0,2842,0
10/04/2025,9038,545,2916,3358,0,3111,0
10/04/2025,7017,386,1256,2265,0,1390,0
11/04/2025,10070,732,3064,2356,0,2780,0
11/04/2025,4412,300,1509,2532,0,2614,0
11/04/2025,5507,337,2266,2309,0,3363,0
11/04/2025,7832,565,3606,4313,0,1683,0
11/04/2025,5147,638,2311,2019,0,2485,0
11/04/2025,6918,476,1472,1028,0,1616,0
11/04/2025,5655,357,1834,2784,0,2412,0
11/04/2025,7564,497,2009,1187,0,1623,0
11/04/2025,5295,301,3994,3298,0,1935,0
11/04/2025,5855,646,3807,1562,0,3332,0
11/04/2025,7113,527,2138,1089,0,992,0
11/04/2025,8555,669,1489,4158,0,1387,0
11/04/2025,6321,297,4415,3124,0,1393,0
12/04/2025,7350,496,2193,1503,0,2488,0
12/04/2025,4940,486,1355,3686,0,2607,0
12/04/2025,4730,362,3312,2076,0,1825,0
12/04/2025,5972,497,2420,1739,0,2729,0
12/04/2025,10290,239,2029,1530,0,2460,0
12/04/2025,4346,547,2942,1977,0,1292,0
12/04/2025,7105,455,1834,3371,0,3293,0
12/04/2025,4709,594,1686,2554,0,2556,0
12/04/2025,6351,461,1780,2414,0,1676,0
12/04/2025,10332,523,1433,2900,0,1022,0
12/04/2025,6187,537,1360,2267,0,2370,0
12/04/2025,7433,351,828,3010,0,2704,0
12/04/2025,6149,717,3176,1481,0,1759,0
13/04/2025,8961,374,4177,1927,0,3257,0
13/04/2025,8696,475,4388,1248,0,2638,0
13/04/2025,9827,736,1558,2423,0,2608,0
13/04/2025,9481,628,2463,1508,0,2071,0
13/04/2025,5686,641,3156,2182,0,2148,0
13/04/2025,6329,594,2585,1336,0,3282,0
13/04/2025,6984,426,1847,2310,0,2148,0
13/04/2025,7104,574,1687,1356,0,2191,0
13/04/2025,9624,321,2318,4312,0,2640,0
13/04/2025,5811,751,2611,2105,0,3171,0
13/04/2025,11562,618,2313,843,0,2113,0
13/04/2025,4294,598,1399,3497,0,1604,0
13/04/2025,6372,506,1119,2199,0,1933,0
14/04/2025,4780,708,1857,2427,0,1859,0
14/04/2025,5746,450,2494,1371,0,1781,0
14/04/2025,7431,293,1106,1781,0,1970,0
14/04/2025,6880,422,3751,2105,0,3279,0
14/04/2025,5505,386,2933,2638,0,1279,0
14/04/2025,8452,329,1227,2457,0,2768,0
14/04/2025,9520,749,1010,3093,0,2035,0
14/04/2025,8011,563,2739,2751,0,1045,0
14/04/2025,7687,651,2611,3025,0,3546,0
14/04/2025,5564,489,4092,2732,0,2147,0
14/04/2025,7278,635,1420,1961,0,1139,0
14/04/2025,8971,433,3883,1800,0,1102,0
14/04/2025,6607,386,1602,1806,0,2767,0
15/04/2025,7062,354,1070,2830,0,2640,0
15/04/2025,10974,456,936,1633,0,1928,0
15/04/2025,6298,695,1521,2790,0,3631,0
15/04/2025,12397,370,1809,1288,0,1464,0
15/04/2025,10863,453,3630,2242,0,1176,0
15/04/2025,5971,385,2389,3396,0,2075,0
15/04/2025,6524,542,1715,3085,0,2108,0
15/04/2025,9479,539,1307,1867,0,1516,0
15/04/2025,10768,637,3539,1110,0,1465,0
15/04/2025,9647,423,1933,3027,0,1216,0
15/04/2025,8350,477,4351,1855,0,779,0
15/04/2025,4977,542,2559,3590,0,2001,0
15/04/2025,7870,534,1381,3605,0,3198,0
16/04/2025,8435,445,2834,958,0,2312,0
16/04/2025,8722,603,1652,1871,0,2000,0
16/04/2025,9757,797,3273,1931,0,3075,0
16/04/2025,10423,398,2058,3617,0,1683,0
16/04/2025,5676,388,2473,2268,0,1494,0
16/04/2025,5327,387,3079,3646,0,1889,0
16/04/2025,10256,796,4001,2038,0,2677,0
16/04/2025,7914,582,2428,1887,0,2130,0
16/04/2025,7710,530,4411,1260,0,2029,0
16/04/2025,7126,676,1345,3201,0,2538,0
16/04/2025,6761,769,1511,3175,0,1832,0
16/04/2025,6413,583,3415,3211,0,2234,0
16/04/2025,10380,404,1326,3124,0,2154,0
17/04/2025,6649,416,3753,2753,0,2219,0
17/04/2025,7200,523,2155,1658,0,2423,0
17/04/2025,7931,426,3622,972,0,2922,0
17/04/2025,9081,455,2505,2941,0,2275,0
17/04/2025,8333,383,2121,2295,0,2216,0
17/04/2025,8192,489,1855,1072,0,3465,0
17/04/2025,11254,415,3549,2159,0,1216,0
17/04/2025,4871,435,3003,2785,0,1244,0
17/04/2025,7602,439,1284,1058,0,2321,0
17/04/2025,6111,734,2729,2601,0,2946,0
17/04/2025,9434,603,1647,4272,0,3062,0
17/04/2025,4945,735,2687,3452,0,2504,0
17/04/2025,11661,234,1204,1437,0,1600,0
18/04/2025,7692,568,3689,2233,0,1502,0
18/04/2025,11590,549,3423,1919,0,1951,0
18/04/2025,6769,666,4816,2860,0,2680,0
18/04/2025,7780,350,1458,1714,0,2332,0
18/04/2025,9051,606,938,2381,0,1167,0
18/04/2025,6908,711,1860,3116,0,2654,0
18/04/2025,6884,436,4547,1504,0,1181,0
18/04/2025,6252,491,1722,1379,0,1567,0
18/04/2025,4236,296,1171,1486,0,2940,0
18/04/2025,6191,312,1353,3319,0,2344,0
18/04/2025,5364,614,1396,1787,0,1541,0
18/04/2025,9493,713,1297,1667,0,1469,0
18/04/2025,8329,607,2555,3685,0,3394,0
19/04/2025,7162,577,2300,828,0,2962,0
19/04/2025,11601,515,4434,3596,0,2709,0
19/04/2025,9635,363,3716,1744,0,2027,0
19/04/2025,8065,393,1275,1006,0,3351,0
19/04/2025,6846,727,2002,1259,0,1782,0
19/04/2025,8056,775,2011,1155,0,2535,0
19/04/2025,7450,500,1942,2347,0,1506,0
19/04/2025,5064,430,2353,2858,0,1062,0
19/04/2025,10494,421,3035,2217,0,1743,0
19/04/2025,9239,351,4313,1501,0,2012,0
19/04/2025,6088,438,2169,3070,0,2702,0
19/04/2025,5612,428,3209,4009,0,1600,0
19/04/2025,9003,736,1765,1029,0,3027,0
20/04/2025,6586,464,3279,3262,0,1358,0
20/04/2025,6544,554,1303,1131,0,1847,0
20/04/2025,9473,702,3667,2029,0,1274,0
20/04/2025,8289,406,3082,1290,0,2603,0
20/04/2025,6702,452,2284,2454,0,1703,0
20/04/2025,7150,409,2687,2909,0,2045,0
20/04/2025,7265,451,1864,3467,0,1233,0
20/04/2025,6560,368,3170,1984,0,2109,0
20/04/2025,7614,459,1347,3098,0,1587,0
20/04/2025,8518,553,1465,2166,0,1963,0
20/04/2025,6163,499,4924,2174,0,840,0
20/04/2025,9426,442,1938,3941,0,1629,0
20/04/2025,8939,312,1174,2858,0,1061,0
21/04/2025,6436,423,3715,2792,0,2451,0
21/04/2025,4790,372,1442,2380,0,1727,0
21/04/2025,4144,543,1982,2843,0,2263,0
21/04/2025,4499,262,1377,3700,0,1755,0
21/04/2025,10166,310,1774,1551,0,1490,0
21/04/2025,6951,536,4024,2408,0,1353,0
21/04/2025,7380,712,2679,2146,0,3488,0
21/04/2025,8318,628,2614,3275,0,1687,0
21/04/2025,4767,349,1801,4256,0,1782,0
21/04/2025,5274,552,2831,4009,0,1361,0
21/04/2025,6404,656,1311,4618,0,2810,0
21/04/2025,7410,320,4030,1175,0,1990,0
21/04/2025,7776,283,1631,1908,0,2737,0
22/04/2025,6137,700,2915,2842,0,1980,0
22/04/2025,4927,727,3196,1421,0,2699,0
22/04/2025,7237,511,2567,2240,0,1162,0
22/04/2025,5903,522,2154,1030,0,2571,0
22/04/2025,7071,493,1937,2918,0,1235,0
22/04/2025,9698,673,3998,2800,0,1154,0
22/04/2025,6877,663,1244,2501,0,1427,0
22/04/2025,7618,408,3031,2821,0,794,0
22/04/2025,8249,627,2976,2948,0,1866,0
22/04/2025,5481,530,1432,3153,0,2324,0
22/04/2025,9302,599,2602,2706,0,2750,0
22/04/2025,6384,278,1467,1879,0,1839,0
22/04/2025,8590,556,3084,3543,0,2442,0
23/04/2025,10401,305,2224,3259,0,2041,0
23/04/2025,10361,685,1507,3052,0,2937,0
23/04/2025,7489,435,3597,3678,0,2157,0
23/04/2025,5227,405,1925,3671,0,2878,0
23/04/2025,7144,448,2671,4030,0,2123,0
23/04/2025,9668,571,1595,3349,0,2727,0
23/04/2025,5455,392,2293,1760,0,2485,0
23/04/2025,6945,429,1647,2623,0,3045,0
23/04/2025,7133,492,2550,2420,0,1926,0
23/04/2025,7076,452,4183,2522,0,1983,0
23/04/2025,6038,658,4533,1161,0,2154,0
23/04/2025,7712,271,1322,1241,0,2753,0
23/04/2025,10433,348,2442,3365,0,2927,0
24/04/2025,5385,465,1824,1782,0,1125,0
24/04/2025,8420,605,1993,2432,0,1330,0
24/04/2025,8860,796,2695,3265,0,2056,0
24/04/2025,9622,651,4027,1173,0,1181,0
24/04/2025,5431,284,1155,1368,0,2008,0
24/04/2025,5388,533,2236,3873,0,1330,0
24/04/2025,6691,473,1615,2442,0,2267,0
24/04/2025,4682,440,3041,1411,0,2534,0
24/04/2025,9028,446,1859,3244,0,1760,0
24/04/2025,8342,332,2149,3862,0,3339,0
24/04/2025,6269,607,1709,2540,0,1739,0
24/04/2025,8264,307,2639,3198,0,2428,0
24/04/2025,6218,287,2273,3304,0,1617,0
25/04/2025,8767,504,2553,2036,0,1202,0
25/04/2025,5573,610,1349,3537,0,1969,0
25/04/2025,7011,546,3029,2997,0,3609,0
25/04/2025,9110,386,1711,3032,0,1975,0
25/04/2025,9215,566,3796,3232,0,2443,0
25/04/2025,5968,300,1938,2871,0,2545,0
25/04/2025,10587,358,1512,1304,0,2476,0
25/04/2025,7804,295,2889,1011,0,929,0
25/04/2025,8665,810,1077,2515,0,2898,0
25/04/2025,9194,450,1384,3154,0,1248,0
25/04/2025,8987,640,2897,3634,0,2197,0
25/04/2025,8131,545,1842,2744,0,3243,0
25/04/2025,11401,421,2882,2768,0,1168,0
26/04/2025,10866,685,1394,1182,0,1298,0
26/04/2025,8360,476,1437,2935,0,1336,0
26/04/2025,5983,358,1286,1820,0,1445,0
26/04/2025,7849,423,1020,4574,0,1914,0
26/04/2025,5332,328,2010,1508,0,2258,0
26/04/2025,7735,458,1431,4038,0,1410,0
26/04/2025,6495,346,1697,3126,0,920,0
26/04/2025,4115,557,1887,3870,0,3055,0
26/04/2025,8133,409,3480,1602,0,1452,0
26/04/2025,4592,562,3151,3167,0,2458,0
26/04/2025,8500,333,3295,1727,0,995,0
26/04/2025,10355,427,1403,2588,0,1391,0
26/04/2025,6843,335,1678,3880,0,2109,0
27/04/2025,6540,267,2357,2220,0,1912,0
27/04/2025,6172,345,2973,2246,0,1100,0
27/04/2025,5172,662,3375,2404,0,2570,0
27/04/2025,6770,744,3456,4121,0,2569,0
27/04/2025,8458,451,3681,1300,0,1799,0
27/04/2025,6448,376,2508,4298,0,3200,0
27/04/2025,7388,514,3048,1945,0,2263,0
27/04/2025,6647,422,1630,2509,0,1170,0
27/04/2025,8856,472,3392,3320,0,2831,0
27/04/2025,5634,478,3261,4454,0,1253,0
27/04/2025,6275,475,4423,2177,0,1259,0
27/04/2025,5404,655,2979,1027,0,2674,0
27/04/2025,6495,525,3788,2352,0,3303,0
28/04/2025,8870,277,2281,2865,0,1226,0
28/04/2025,5789,420,1270,3487,0,1764,0
28/04/2025,7830,387,2578,2277,0,2612,0
28/04/2025,8334,661,3244,1090,0,2701,0
28/04/2025,7138,584,3037,2964,0,3551,0
28/04/2025,5514,514,2594,1493,0,2642,0
28/04/2025,6383,379,2915,1774,0,2487,0
28/04/2025,11467,314,3209,2920,0,1804,0
28/04/2025,10282,549,2572,2745,0,1906,0
28/04/2025,7600,397,2310,3263,0,1823,0
28/04/2025,6306,340,1693,887,0,1684,0
28/04/2025,8918,551,931,2097,0,1279,0
28/04/2025,8803,531,1464,3539,0,1463,0
29/04/2025,7671,518,3308,3719,0,1623,0
29/04/2025,8907,291,2014,2865,0,2236,0
29/04/2025,4202,516,3445,2448,0,1592,0
29/04/2025,6833,439,1536,2936,0,1705,0
29/04/2025,8089,504,1195,2652,0,2972,0
29/04/2025,6049,550,3202,3608,0,2572,0
29/04/2025,8755,302,2809,3359,0,2602,0
29/04/2025,5758,532,3165,3058,0,1368,0
29/04/2025,8727,485,2837,1433,0,1527,0
29/04/2025,10275,569,4147,3193,0,2720,0
29/04/2025,9256,360,2560,2795,0,2081,0
29/04/2025,6296,484,2612,2901,0,2323,0
29/04/2025,8970,366,1612,2099,0,2736,0
30/04/2025,4709,635,2374,1837,0,2677,0
30/04/2025,11503,417,2430,907,0,1196,0
30/04/2025,5771,333,1399,2513,0,1206,0
30/04/2025,7720,433,3242,4677,0,892,0
30/04/2025,6526,432,3824,1169,0,2822,0
30/04/2025,7253,525,4084,2361,0,2727,0
30/04/2025,8002,459,3124,2535,0,932,0
30/04/2025,6085,641,4557,1076,0,1952,0
30/04/2025,8197,652,1208,3223,0,1784,0
30/04/2025,4716,284,2243,3416,0,1556,0
30/04/2025,4791,442,1882,2068,0,1396,0
30/04/2025,10348,332,2056,2964,0,3215,0
30/04/2025,4354,373,2206,2024,0,3041,0
01/05/2025,5543,426,2874,3757,0,1440,0
01/05/2025,5246,441,2137,1059,0,1086,0
01/05/2025,9468,492,3235,3256,0,1979,0
01/05/2025,5442,293,2956,3094,0,2959,0
01/05/2025,5657,434,1897,1389,0,2440,0
01/05/2025,6565,678,1977,3802,0,2469,0
01/05/2025,10804,468,1969,2466,0,3174,0
01/05/2025,9817,527,2069,2613,0,2330,0
01/05/2025,5726,684,4477,1136,0,1538,0
01/05/2025,9153,376,1499,1838,0,1735,0
01/05/2025,8762,776,1354,2813,0,2629,0
01/05/2025,5181,516,3648,2277,0,1564,0
01/05/2025,5998,693,1851,3916,0,2037,0
02/05/2025,11196,528,3866,1779,0,1831,0
02/05/2025,7840,463,3172,3669,0,1596,0
02/05/2025,6352,288,2795,2537,0,1426,0
02/05/2025,9050,617,2479,1705,0,1513,0
02/05/2025,9858,271,3889,3743,0,1360,0
02/05/2025,8023,417,4200,2945,0,2438,0
02/05/2025,10152,545,2163,1831,0,1775,0
02/05/2025,8017,705,2657,1567,0,1587,0
02/05/2025,5678,511,1563,1763,0,1402,0
02/05/2025,11375,413,1857,3004,0,1843,0
02/05/2025,10189,724,2840,2142,0,928,0
02/05/2025,8308,416,1450,2448,0,2514,0
02/05/2025,6411,578,1583,1719,0,1537,0
03/05/2025,9934,476,2632,2027,0,2268,0
03/05/2025,8817,750,2817,1864,0,2045,0
03/05/2025,5908,490,3006,2719,0,1753,0
03/05/2025,6566,358,2004,2509,0,1707,0
03/05/2025,6576,364,1035,2307,0,1627,0
03/05/2025,5036,557,3377,1446,0,1859,0
03/05/2025,7226,519,3602,1412,0,2601,0
03/05/2025,10144,398,2408,2731,0,2302,0
03/05/2025,9227,705,2240,2093,0,2713,0
03/05/2025,6518,313,3136,2013,0,1681,0
03/05/2025,7063,422,4025,1161,0,2954,0
03/05/2025,4382,397,2606,2559,0,2896,0
03/05/2025,7463,590,4188,3741,0,1644,0
04/05/2025,4689,487,1479,1078,0,2321,0
04/05/2025,7447,640,1752,1893,0,1211,0
04/05/2025,9083,437,1806,1180,0,2691,0
04/05/2025,5953,381,3105,2507,0,2094,0
04/05/2025,10322,622,2906,3524,0,1547,0
04/05/2025,8164,579,1164,2143,0,1250,0
04/05/2025,6565,376,999,2733,0,2669,0
04/05/2025,9290,400,2975,3106,0,3099,0
04/05/2025,6556,341,1335,2461,0,3118,0
04/05/2025,10553,435,2929,3843,0,2569,0
04/05/2025,6049,360,3298,1833,0,2000,0
04/05/2025,8486,555,1495,2640,0,1152,0
04/05/2025,4919,566,2189,3684,0,2440,0
05/05/2025,9502,594,3959,4627,0,2548,0
05/05/2025,10671,432,1838,807,0,2221,0
05/05/2025,7328,356,1825,2155,0,1245,0
05/05/2025,9811,334,1560,2196,0,2097,0
05/05/2025,5661,487,2314,2731,0,2857,0
05/05/2025,10494,670,2267,1324,0,874,0
05/05/2025,10139,468,3078,1332,0,3123,0
05/05/2025,10912,688,3276,1981,0,1179,0
05/05/2025,8252,487,3360,4346,0,2417,0
05/05/2025,9031,494,790,1410,0,1816,0
05/05/2025,8570,674,1992,2224,0,2102,0
05/05/2025,6153,457,3476,2639,0,1579,0
05/05/2025,8489,246,2084,2021,0,1446,0
06/05/2025,5585,552,927,2811,0,1641,0
06/05/2025,10856,302,1336,3688,0,2264,0
06/05/2025,6219,558,1473,1627,0,3165,0
06/05/2025,9983,442,3426,1209,0,1504,0
06/05/2025,5482,311,1539,2426,0,3459,0
06/05/2025,8614,632,2064,3452,0,3305,0
06/05/2025,9040,487,972,1886,0,1597,0
06/05/2025,10938,387,1245,1762,0,1439,0
06/05/2025,5950,395,2432,1867,0,1531,0
06/05/2025,6361,729,3477,2961,0,904,0
06/05/2025,6777,735,2196,2548,0,1352,0
06/05/2025,6722,395,1049,4612,0,1804,0
06/05/2025,8299,537,1491,1819,0,1803,0
07/05/2025,4476,521,1757,2374,0,1314,0
07/05/2025,11521,541,3377,4158,0,1310,0
07/05/2025,7829,584,2561,1433,0,2958,0
07/05/2025,6450,427,1492,3005,0,1624,0
07/05/2025,8064,530,3140,4032,0,1049,0
07/05/2025,7371,334,3234,1783,0,1688,0
07/05/2025,6389,522,1077,1473,0,1185,0
07/05/2025,9957,481,3037,2933,0,2914,0
07/05/2025,10025,513,2806,2571,0,1740,0
07/05/2025,5638,829,3273,3219,0,2207,0
07/05/2025,9674,413,2900,3205,0,1489,0
07/05/2025,8646,643,2935,1419,0,2451,0
07/05/2025,8521,672,1631,3166,0,1390,0
08/05/2025,8212,789,4548,2065,0,3314,0
08/05/2025,6925,652,3883,2203,0,3475,0
08/05/2025,4644,534,1754,3163,0,2832,0
08/05/2025,7832,400,1219,2865,0,1107,0
08/05/2025,3907,414,2256,1328,0,3046,0
08/05/2025,5215,548,997,2819,0,1819,0
08/05/2025,7744,397,1066,2097,0,2182,0
08/05/2025,9833,250,1388,3041,0,1490,0
08/05/2025,8468,362,4005,1387,0,2889,0
08/05/2025,6525,571,3746,1751,0,1183,0
08/05/2025,6039,533,3877,1746,0,1278,0
08/05/2025,6270,362,3521,2962,0,2502,0
08/05/2025,7360,320,2930,3489,0,1880,0
09/05/2025,9218,506,2772,1406,0,1208,0
09/05/2025,6446,345,1328,2935,0,997,0
09/05/2025,6209,541,1040,1697,0,2949,0
09/05/2025,5491,468,2715,2615,0,1612,0
09/05/2025,9337,266,2744,3907,0,2083,0
09/05/2025,5048,234,2819,2086,0,858,0
09/05/2025,5361,399,1553,3692,0,1365,0
09/05/2025,5159,696,4301,3913,0,894,0
09/05/2025,6380,512,1281,1251,0,3202,0
09/05/2025,7148,467,2570,1551,0,1612,0
09/05/2025,6030,634,1489,1104,0,2274,0
09/05/2025,6777,229,1921,1412,0,1966,0
09/05/2025,6444,384,2188,3525,0,2785,0
10/05/2025,8181,622,1764,2824,0,3055,0
10/05/2025,9703,330,2954,3377,0,3306,0
10/05/2025,8426,327,2222,1486,0,2351,0
10/05/2025,6875,243,3893,3037,0,1498,0
10/05/2025,6837,560,4059,3243,0,1348,0
10/05/2025,5456,481,2094,3409,0,992,0
10/05/2025,5912,367,1268,2562,0,2694,0
10/05/2025,8996,430,3008,1429,0,1252,0
10/05/2025,5909,465,1713,4080,0,3172,0
10/05/2025,7461,376,1250,3938,0,963,0
10/05/2025,9754,643,1770,1228,0,2546,0
10/05/2025,7099,402,2917,2374,0,2906,0
10/05/2025,9326,571,2300,4183,0,2276,0
11/05/2025,5825,351,3241,2353,0,1719,0
11/05/2025,8155,677,2703,1334,0,3594,0
11/05/2025,7248,582,3619,3122,0,1374,0
11/05/2025,9724,575,3704,2709,0,1220,0
11/05/2025,6463,246,1479,4547,0,1384,0
11/05/2025,6382,335,4299,3376,0,3054,0
11/05/2025,8606,434,1238,3707,0,2578,0
11/05/2025,6587,503,1838,984,0,3574,0
11/05/2025,7760,300,3481,2967,0,2546,0
11/05/2025,5346,482,1693,2762,0,1405,0
11/05/2025,6287,324,1153,2878,0,1200,0
11/05/2025,5170,724,3172,3178,0,1170,0
11/05/2025,7466,378,3634,3631,0,1814,0
12/05/2025,5717,423,2733,1835,0,1741,0
12/05/2025,12307,421,1492,3800,0,2163,0
12/05/2025,8986,720,1390,3774,0,2264,0
12/05/2025,10416,624,3963,1201,0,1198,0
12/05/2025,6312,568,2132,1881,0,3108,0
12/05/2025,8451,480,1872,4476,0,1389,0
12/05/2025,8251,344,1094,1689,0,985,0
12/05/2025,10222,545,1935,2682,0,1110,0
12/05/2025,7298,424,1660,4085,0,1473,0
12/05/2025,9225,423,2854,4493,0,1336,0
12/05/2025,5970,478,1983,1807,0,2588,0
12/05/2025,9622,401,2835,3365,0,1383,0
12/05/2025,7074,378,3814,2754,0,991,0
13/05/2025,7777,401,2718,1754,0,1984,0
13/05/2025,7593,595,1646,2630,0,2318,0
13/05/2025,8032,426,1134,2246,0,2964,0
13/05/2025,5942,619,1904,1094,0,1371,0
13/05/2025,7096,427,2414,2050,0,2315,0
13/05/2025,5599,797,1384,3306,0,1198,0
13/05/2025,9467,309,1748,4585,0,1214,0
13/05/2025,7496,558,3082,2176,0,2112,0
13/05/2025,8396,448,3111,2992,0,1519,0
13/05/2025,7221,616,2702,3908,0,1084,0
13/05/2025,5851,502,4529,2472,0,1299,0
13/05/2025,8302,620,1403,1847,0,1904,0
13/05/2025,7438,483,809,3903,0,3299,0
14/05/2025,8231,448,1528,2219,0,1301,0
14/05/2025,7971,611,1659,1290,0,1749,0
14/05/2025,6393,340,2688,2635,0,1972,0
14/05/2025,7764,542,2078,3095,0,2064,0
14/05/2025,7557,515,2077,3129,0,1472,0
14/05/2025,4160,523,3279,1491,0,2725,0
14/05/2025,7752,591,1378,2364,0,2589,0
14/05/2025,6993,405,4341,4355,0,2091,0
14/05/2025,4075,488,976,2811,0,1751,0
14/05/2025,7125,431,1646,2714,0,1765,0
14/05/2025,10011,507,2163,2110,0,2069,0
14/05/2025,6730,530,2183,1407,0,2717,0
14/05/2025,9637,676,2310,2852,0,1155,0
15/05/2025,11549,613,2329,3855,0,1778,0
15/05/2025,10137,328,1482,2892,0,1437,0
15/05/2025,4960,320,2437,1715,0,1812,0
15/05/2025,10975,364,1784,3183,0,2634,0
15/05/2025,8088,726,3694,2250,0,1850,0
15/05/2025,4670,432,2618,1442,0,2083,0
15/05/2025,7461,245,1983,1355,0,1546,0
15/05/2025,7735,565,1258,1337,0,2089,0
15/05/2025,9124,383,2077,2330,0,1806,0
15/05/2025,6746,349,1178,1410,0,1263,0
15/05/2025,8586,658,1348,1938,0,1266,0
15/05/2025,7587,350,3126,2765,0,1326,0
15/05/2025,4403,494,3996,2419,0,1407,0
16/05/2025,6258,390,2774,2131,0,3038,0
16/05/2025,10828,837,1682,1102,0,2294,0
16/05/2025,4339,707,3039,2778,0,1116,0
16/05/2025,8999,464,1076,4905,0,3081,0
16/05/2025,6106,494,2095,871,0,2095,0
16/05/2025,6307,548,3660,4480,0,977,0
16/05/2025,6875,409,3057,2936,0,2159,0
16/05/2025,7539,302,2511,1203,0,2820,0
16/05/2025,6894,525,1203,2373,0,1757,0
16/05/2025,5389,440,2246,2853,0,2200,0
16/05/2025,8542,372,3451,1069,0,2714,0
16/05/2025,6173,268,2008,4329,0,3271,0
16/05/2025,4747,352,3376,3700,0,1871,0
17/05/2025,7217,339,1897,2650,0,2260,0
17/05/2025,7713,401,2092,3859,0,1819,0
17/05/2025,7267,643,2520,1122,0,2730,0
17/05/2025,5269,357,1865,1505,0,2395,0
17/05/2025,11815,635,2757,2368,0,2193,0
17/05/2025,7238,390,4163,2859,0,3284,0
17/05/2025,5802,341,2709,4090,0,1639,0
17/05/2025,4734,498,1383,2121,0,1980,0
17/05/2025,4562,538,3819,1480,0,2653,0
17/05/2025,7683,447,2095,1760,0,1909,0
17/05/2025,6439,581,1797,3254,0,1363,0
17/05/2025,6049,396,1397,2889,0,2342,0
17/05/2025,6972,540,2536,2308,0,1569,0
18/05/2025,9874,683,985,1066,0,1276,0
18/05/2025,8449,316,2093,1158,0,3288,0
18/05/2025,6418,367,2502,2342,0,2129,0
18/05/2025,9798,659,3097,2360,0,1831,0
18/05/2025,7662,427,3033,3639,0,1340,0
18/05/2025,8833,801,1425,1806,0,2698,0
18/05/2025,10718,480,1251,3394,0,2168,0
18/05/2025,6338,425,3237,2843,0,3368,0
18/05/2025,6723,630,2372,2257,0,1130,0
18/05/2025,6691,304,3899,2105,0,2648,0
18/05/2025,5998,560,3497,2432,0,2176,0
18/05/2025,6346,449,2386,1379,0,1810,0
18/05/2025,5182,432,2727,2565,0,2032,0
19/05/2025,5124,383,1285,1350,0,2627,0
19/05/2025,7403,549,2481,3851,0,2009,0
19/05/2025,9719,316,2337,2104,0,2710,0
19/05/2025,5357,512,1426,2754,0,2653,0
19/05/2025,11241,373,2902,4037,0,1915,0
19/05/2025,10365,602,3688,2383,0,1242,0
19/05/2025,7553,380,1904,2872,0,1538,0
19/05/2025,4769,614,1630,1726,0,1503,0
19/05/2025,11000,317,1295,2197,0,3263,0
19/05/2025,4457,513,1639,3249,0,1415,0
19/05/2025,5912,327,3681,3465,0,2130,0
19/05/2025,5313,784,833,1503,0,1968,0
19/05/2025,7381,335,3556,1767,0,1702,0
19/05/2025,8749,692,1720,2807,0,2083,0
20/05/2025,4886,391,1814,2587,0,2304,0
20/05/2025,8020,656,2312,3383,0,1574,0
20/05/2025,6285,382,3678,2525,0,1369,0
20/05/2025,7014,599,2557,1907,0,1233,0
20/05/2025,8171,626,3969,3609,0,2774,0
20/05/2025,7916,548,3262,1103,0,1438,0
20/05/2025,9077,394,1500,1371,0,1941,0
20/05/2025,10564,610,1358,1782,0,1348,0
20/05/2025,5789,525,2969,3288,0,2373,0
20/05/2025,7523,306,2170,1204,0,2017,0
20/05/2025,7585,414,1561,1334,0,2325,0
20/05/2025,7801,670,2368,2167,0,3036,0
20/05/2025,11961,639,1947,2497,0,2789,0
20/05/2025,7406,638,3293,1936,0,1835,0
21/05/2025,4193,512,1244,3995,0,2680,0
21/05/2025,3946,513,4118,2359,0,1546,0
21/05/2025,6230,676,2978,4506,0,1637,0
21/05/2025,6324,732,1917,4748,0,1708,0
21/05/2025,5905,574,3341,2512,0,3001,0
21/05/2025,6780,493,3076,2618,0,982,0
21/05/2025,8941,396,2821,1846,0,1529,0
21/05/2025,7995,306,2970,3550,0,1703,0
21/05/2025,7524,718,1737,2721,0,2438,0
21/05/2025,7602,466,2141,2912,0,1491,0
21/05/2025,8165,500,1495,1802,0,1741,0
21/05/2025,7020,680,3527,1181,0,3245,0
21/05/2025,4284,444,1591,1156,0,1244,0
21/05/2025,7303,321,3362,1195,0,946,0
22/05/2025,8647,348,2745,3558,0,3305,0
22/05/2025,10104,452,2029,968,0,1080,0
22/05/2025,4831,303,2637,1536,0,1501,0
22/05/2025,8542,341,2823,2098,0,1947,0
22/05/2025,7146,451,1260,1811,0,1498,0
22/05/2025,5725,617,2322,1606,0,3085,0
22/05/2025,6802,561,3561,3962,0,1544,0
22/05/2025,8118,319,3099,2864,0,2235,0
22/05/2025,5764,514,2237,1515,0,867,0
22/05/2025,5429,570,2458,2027,0,1079,0
22/05/2025,7588,309,1476,2770,0,2158,0
22/05/2025,6694,643,2261,2546,0,1719,0
22/05/2025,5952,463,3333,3196,0,3422,0
22/05/2025,7074,624,3108,1347,0,1850,0
23/05/2025,8741,302,1736,2316,0,1833,0
23/05/2025,10931,506,2056,2163,0,1270,0
23/05/2025,8566,722,3827,1499,0,1673,0
23/05/2025,5329,588,2496,3762,0,1324,0
23/05/2025,5862,330,3405,3997,0,2906,0
23/05/2025,5702,601,3117,2164,0,2306,0
23/05/2025,9244,235,1886,1963,0,1868,0
23/05/2025,6454,468,1474,3684,0,1842,0
23/05/2025,7572,481,2989,1471,0,1559,0
23/05/2025,7098,338,1247,3882,0,2679,0
23/05/2025,8822,501,3835,1684,0,1633,0
23/05/2025,7720,536,1375,2081,0,1735,0
23/05/2025,7538,369,1638,3365,0,1710,0
23/05/2025,6660,501,1233,3947,0,1134,0
24/05/2025,10841,602,3620,2969,0,1957,0
24/05/2025,8796,488,3289,2641,0,818,0
24/05/2025,6455,396,2851,1614,0,921,0
24/05/2025,6795,506,2762,2562,0,1178,0
24/05/2025,7876,381,1774,1730,0,1525,0
24/05/2025,11023,440,3780,897,0,1514,0
24/05/2025,6959,397,1295,1402,0,1036,0
24/05/2025,6790,493,2190,3462,0,3277,0
24/05/2025,7507,360,2604,4445,0,1360,0
24/05/2025,9352,307,1043,1978,0,2333,0
24/05/2025,8888,431,1720,1278,0,918,0
24/05/2025,8394,479,2967,1401,0,2196,0
24/05/2025,9043,574,1044,3306,0,3071,0
24/05/2025,7261,703,2476,4689,0,3007,0
25/05/2025,10808,480,2095,1702,0,2656,0
25/05/2025,10512,653,1565,4013,0,2007,0
25/05/2025,9624,366,1887,3163,0,828,0
25/05/2025,11120,469,2231,1587,0,2402,0
25/05/2025,7784,623,3115,1214,0,2327,0
25/05/2025,7923,363,2834,4872,0,1391,0
25/05/2025,10359,640,2325,1197,0,1057,0
25/05/2025,8432,546,4779,3456,0,1017,0
25/05/2025,5590,586,1994,2232,0,2138,0
25/05/2025,10996,611,1825,3079,0,2036,0
25/05/2025,7284,815,1558,1398,0,2615,0
25/05/2025,5840,443,1287,1523,0,2119,0
25/05/2025,7902,567,1433,2264,0,3573,0
26/05/2025,8819,768,2405,4281,0,2815,0
26/05/2025,4882,444,1814,2845,0,2493,0
26/05/2025,5712,302,1392,2883,0,1225,0
26/05/2025,10316,467,2141,2206,0,2133,0
26/05/2025,6513,387,2470,1088,0,1491,0
26/05/2025,7012,536,1184,1412,0,3171,0
26/05/2025,5814,322,1766,1231,0,1652,0
26/05/2025,7560,634,1936,2208,0,2581,0
26/05/2025,6976,606,2111,2943,0,3024,0
26/05/2025,4574,496,1833,1159,0,1260,0
26/05/2025,5520,566,1401,3039,0,2155,0
26/05/2025,10726,590,3543,3253,0,2500,0
26/05/2025,8708,548,2831,887,0,2099,0
26/05/2025,7139,266,2050,2280,0,2742,0
27/05/2025,8751,417,2795,1257,0,2686,0
27/05/2025,6897,479,1523,1563,0,801,0
27/05/2025,11655,775,3118,2855,0,1570,0
27/05/2025,8531,388,1354,3866,0,1282,0
27/05/2025,6881,651,1272,3802,0,1628,0
27/05/2025,5764,392,1461,2030,0,1977,0
27/05/2025,4463,629,3930,3085,0,2135,0
27/05/2025,9739,436,1432,3292,0,2685,0
27/05/2025,6965,838,3775,4049,0,2043,0
27/05/2025,4492,656,1358,4034,0,2134,0
27/05/2025,6208,620,3165,3653,0,1624,0
27/05/2025,4826,420,2419,998,0,2946,0
27/05/2025,7952,756,4888,2854,0,2427,0
27/05/2025,6555,328,2188,3313,0,1800,0
28/05/2025,6135,330,1475,1490,0,1652,0
28/05/2025,5741,426,2773,2924,0,2682,0
28/05/2025,10214,790,2109,2396,0,1252,0
28/05/2025,5835,434,2709,3151,0,1940,0
28/05/2025,6739,411,2598,1318,0,1301,0
28/05/2025,8850,733,1705,2522,0,2195,0
28/05/2025,7252,747,3058,1801,0,2761,0
28/05/2025,5275,466,3675,3958,0,1583,0
28/05/2025,6878,419,1899,4321,0,1846,0
28/05/2025,4442,443,1183,3639,0,1882,0
28/05/2025,7726,657,2727,1915,0,1391,0
28/05/2025,7079,540,3189,1919,0,2148,0
28/05/2025,7032,411,1893,3173,0,1575,0
28/05/2025,6174,758,2080,4104,0,1451,0
29/05/2025,5610,434,2188,2221,0,3000,0
29/05/2025,5999,653,4178,4847,0,1910,0
29/05/2025,6087,319,1669,2378,0,1897,0
29/05/2025,8101,288,1466,2650,0,1207,0
29/05/2025,7603,482,3405,1968,0,1136,0
29/05/2025,7111,359,3489,3874,0,1077,0
29/05/2025,6139,653,2846,3659,0,3526,0
29/05/2025,4432,281,2799,2274,0,1869,0
29/05/2025,5353,498,4026,1960,0,2859,0
29/05/2025,8222,633,4112,3799,0,3169,0
29/05/2025,10672,436,4459,3365,0,2808,0
29/05/2025,9383,620,1753,2696,0,2223,0
29/05/2025,9095,711,1280,3294,0,1179,0
29/05/2025,5119,812,2846,2354,0,1965,0
30/05/2025,7259,464,3726,1306,0,1377,0
30/05/2025,7902,372,1862,1664,0,2874,0
30/05/2025,7391,449,4003,3149,0,1678,0
30/05/2025,6577,291,2878,2793,0,1088,0
30/05/2025,5275,364,2640,2266,0,1857,0
30/05/2025,8443,627,1913,2952,0,2433,0
30/05/2025,7714,560,3579,2996,0,1770,0
30/05/2025,6451,577,4024,2597,0,1790,0
30/05/2025,6017,630,3834,2654,0,2205,0
30/05/2025,10445,417,2551,3521,0,2646,0
30/05/2025,7887,440,3274,2669,0,1283,0
30/05/2025,6212,276,1749,3254,0,1995,0
30/05/2025,6823,388,1024,2226,0,1113,0
30/05/2025,9377,267,4296,2155,0,2673,0
31/05/2025,8378,437,1535,1358,0,1619,0
31/05/2025,5035,458,1962,2411,0,3070,0
31/05/2025,6309,613,4161,1833,0,3296,0
31/05/2025,9640,314,2257,3062,0,1865,0
31/05/2025,10957,550,1761,3131,0,3452,0
31/05/2025,7075,330,3224,3683,0,2093,0
31/05/2025,8004,555,2944,2396,0,924,0
31/05/2025,6219,433,2524,1309,0,1284,0
31/05/2025,6378,687,2128,2564,0,2595,0
31/05/2025,12061,443,1920,3710,0,1939,0
31/05/2025,10774,409,2129,1677,0,1716,0
31/05/2025,7554,435,3415,3038,0,2540,0
31/05/2025,7741,542,2304,1273,0,1740,0
31/05/2025,10444,381,1007,1617,0,1054,0
01/06/2025,6053,414,2531,3375,0,1567,0
01/06/2025,7382,341,1699,3467,0,1870,0
01/06/2025,6933,473,3253,1782,0,3485,0
01/06/2025,5992,477,3225,1373,0,3025,0
01/06/2025,4656,617,3435,1935,0,2033,0
01/06/2025,8742,509,1485,1124,0,2107,0
01/06/2025,7580,277,3172,4306,0,1850,0
01/06/2025,4681,518,1370,3770,0,2098,0
01/06/2025,6287,284,2286,3101,0,2126,0
01/06/2025,8674,508,2503,2245,0,2505,0
01/06/2025,9889,515,2475,1964,0,1997,0
01/06/2025,9653,706,1431,1233,0,2015,0
01/06/2025,9902,503,891,1732,0,3021,0
02/06/2025,12286,690,2030,1450,0,830,0
02/06/2025,8711,436,2948,4473,0,1748,0
02/06/2025,8648,397,4193,1693,0,1513,0
02/06/2025,11575,748,4021,1601,0,2577,0
02/06/2025,8362,455,1050,1411,0,1191,0
02/06/2025,7384,440,3023,3302,0,2414,0
02/06/2025,8165,425,2944,1218,0,1854,0
02/06/2025,10594,566,3172,2828,0,945,0
02/06/2025,7490,587,1849,1103,0,3172,0
02/06/2025,8951,411,2687,3484,0,3116,0
02/06/2025,8751,522,4156,3888,0,1918,0
02/06/2025,7582,611,3435,2147,0,2500,0
02/06/2025,6499,563,3777,3191,0,2467,0
02/06/2025,9637,344,3645,1358,0,1263,0
03/06/2025,8042,386,3263,3482,0,1700,0
03/06/2025,6783,558,3563,2124,0,2641,0
03/06/2025,6000,384,3164,1583,0,1746,0
03/06/2025,7570,262,3340,1700,0,2848,0
03/06/2025,8810,491,2245,1104,0,2559,0
03/06/2025,6204,647,1839,911,0,1412,0
03/06/2025,6873,294,3208,1608,0,2112,0
03/06/2025,9435,669,3885,3830,0,1155,0
03/06/2025,6738,275,1814,2481,0,3220,0
03/06/2025,6496,245,1493,3667,0,1184,0
03/06/2025,5311,710,1284,1087,0,1506,0
03/06/2025,8240,339,977,2355,0,1207,0
03/06/2025,7376,791,2981,970,0,1870,0
03/06/2025,5370,459,4418,1884,0,2126,0
04/06/2025,8085,424,1044,2268,0,2433,0
04/06/2025,7272,798,4194,2063,0,2335,0
04/06/2025,9399,724,1658,2667,0,1385,0
04/06/2025,7048,707,2343,3084,0,2204,0
04/06/2025,4723,502,1637,3708,0,1878,0
04/06/2025,11047,621,3178,1787,0,1512,0
04/06/2025,7811,628,2636,2585,0,2078,0
04/06/2025,9079,435,1332,2684,0,2871,0
04/06/2025,4804,423,2542,2004,0,1290,0
04/06/2025,6460,639,2210,1026,0,2603,0
04/06/2025,9484,272,3851,2256,0,1594,0
04/06/2025,8612,559,2944,2807,0,876,0
04/06/2025,8022,407,1420,1709,0,1956,0
04/06/2025,8384,365,1498,2821,0,1681,0
05/06/2025,7848,524,1514,1144,0,2547,0
05/06/2025,6551,808,2813,2891,0,2021,0
05/06/2025,6293,503,4157,1037,0,1675,0
05/06/2025,7968,331,3760,3817,0,1992,0
05/06/2025,4183,316,1338,2522,0,2068,0
05/06/2025,6596,564,1307,1855,0,1726,0
05/06/2025,7769,324,3938,4246,0,2096,0
05/06/2025,8453,676,1970,4397,0,2771,0
05/06/2025,4494,268,1805,2508,0,2914,0
05/06/2025,7894,842,3174,1516,0,2529,0
05/06/2025,5602,287,1293,2998,0,1353,0
05/06/2025,12091,649,2372,976,0,1869,0
05/06/2025,6815,327,2053,1692,0,953,0
05/06/2025,6246,481,1674,1373,0,1623,0
06/06/2025,4668,684,1204,2257,0,2247,0
06/06/2025,7282,518,3008,3829,0,1409,0
06/06/2025,7478,615,2734,2997,0,2821,0
06/06/2025,5943,267,1268,1430,0,1812,0
06/06/2025,9864,290,4552,929,0,3134,0
06/06/2025,5131,555,2731,3122,0,2027,0
06/06/2025,8443,666,2072,1577,0,2186,0
06/06/2025,5672,736,1189,3199,0,2918,0
06/06/2025,11103,280,2927,3981,0,2178,0
06/06/2025,6442,375,2770,2342,0,2121,0
06/06/2025,11366,517,4736,1408,0,1214,0
06/06/2025,9539,588,1650,3354,0,3071,0
06/06/2025,7167,433,2102,2860,0,797,0
06/06/2025,7653,404,2823,2155,0,1755,0
07/06/2025,8723,337,1220,2151,0,2374,0
07/06/2025,6110,479,1901,2404,0,1605,0
07/06/2025,7718,456,1854,3553,0,1665,0
07/06/2025,7316,520,2729,3383,0,1220,0
07/06/2025,5639,794,3605,1541,0,1496,0
07/06/2025,10105,369,2534,1973,0,2726,0
07/06/2025,5610,533,2145,2650,0,1934,0
07/06/2025,5089,522,3181,2189,0,1576,0
07/06/2025,6415,442,2278,1440,0,2153,0
07/06/2025,8610,437,3273,1367,0,1380,0
07/06/2025,10124,606,2853,1182,0,1444,0
07/06/2025,9442,324,1941,3090,0,3263,0
07/06/2025,9202,780,2803,2112,0,2414,0
07/06/2025,5521,652,4110,1570,0,1886,0
08/06/2025,10809,786,1714,2780,0,2783,0
08/06/2025,8709,598,1674,1532,0,2089,0
08/06/2025,8210,577,1935,4669,0,1643,0
08/06/2025,7664,603,3814,2075,0,1240,0
08/06/2025,4205,315,2672,4623,0,2060,0
08/06/2025,6983,512,2509,3018,0,1305,0
08/06/2025,5743,722,2649,2889,0,2793,0
08/06/2025,7682,685,2128,3052,0,927,0
08/06/2025,5565,485,2980,2679,0,1312,0
08/06/2025,9766,539,1081,1159,0,1205,0
08/06/2025,10983,581,1219,3195,0,939,0
08/06/2025,8269,330,1927,1977,0,963,0
08/06/2025,7681,595,3841,3930,0,2279,0
09/06/2025,6624,371,2260,1501,0,1920,0
09/06/2025,6783,481,2148,1543,0,1876,0
09/06/2025,7043,734,2165,3261,0,2839,0
09/06/2025,6973,540,938,1533,0,1603,0
09/06/2025,6658,602,1530,3114,0,3407,0
09/06/2025,6181,505,1345,2674,0,1946,0
09/06/2025,7656,618,2237,3514,0,1170,0
09/06/2025,7481,292,3872,2886,0,1928,0
09/06/2025,7958,566,2585,3999,0,2502,0
09/06/2025,8123,257,3526,2159,0,1236,0
09/06/2025,5477,521,3068,2917,0,2789,0
09/06/2025,7703,629,3468,2780,0,2883,0
09/06/2025,6782,508,3024,3367,0,3316,0
09/06/2025,5674,479,3719,2312,0,2018,0
10/06/2025,7537,522,1708,1995,0,2478,0
10/06/2025,7366,447,2540,2797,0,1348,0
10/06/2025,7456,663,3204,4345,0,1526,0
10/06/2025,6480,340,3394,3134,0,1986,0
10/06/2025,3939,364,4218,4548,0,2584,0
10/06/2025,10000,366,2867,1376,0,1585,0
10/06/2025,6746,497,4520,2783,0,2779,0
10/06/2025,7442,321,2260,2615,0,1756,0
10/06/2025,8296,315,3342,2737,0,2966,0
10/06/2025,7536,314,3974,2967,0,2813,0
10/06/2025,4965,286,3966,2907,0,1108,0
10/06/2025,5940,291,3081,1994,0,2904,0
10/06/2025,5716,568,2122,1250,0,2499,0
10/06/2025,9694,599,4021,2204,0,1688,0
11/06/2025,8367,397,3616,3023,0,2571,0
11/06/2025,6344,725,3050,1880,0,2138,0
11/06/2025,7990,454,2486,1226,0,2015,0
11/06/2025,8960,357,962,1613,0,2871,0
11/06/2025,4313,464,2538,2006,0,2571,0
11/06/2025,6842,366,2362,3356,0,2753,0
11/06/2025,6514,418,2863,1307,0,2147,0
11/06/2025,10726,404,2111,2342,0,1727,0
11/06/2025,5973,325,3009,4222,0,2660,0
11/06/2025,7622,268,1826,1818,0,929,0
11/06/2025,8477,502,2807,1818,0,2891,0
11/06/2025,6092,689,2402,1286,0,1847,0
11/06/2025,7465,521,2321,2040,0,3042,0
11/06/2025,8725,507,2262,4352,0,2045,0
12/06/2025,11326,334,3210,1967,0,3030,0
12/06/2025,4484,368,2193,3301,0,1496,0
12/06/2025,8666,332,2370,3290,0,1922,0
12/06/2025,6699,752,4609,2925,0,1235,0
12/06/2025,9403,491,2065,3218,0,1466,0
12/06/2025,5991,361,3114,2300,0,2345,0
12/06/2025,4844,309,2130,3478,0,2159,0
12/06/2025,5850,503,2664,1692,0,3012,0
12/06/2025,6894,795,2329,2876,0,1553,0
12/06/2025,5204,468,2451,2618,0,2369,0
12/06/2025,9314,547,3260,1743,0,2031,0
12/06/2025,6761,560,2265,3108,0,2429,0
12/06/2025,5327,331,2271,3161,0,2116,0
12/06/2025,5760,610,2394,1779,0,1189,0
13/06/2025,5902,597,1141,1613,0,2885,0
13/06/2025,5383,691,1606,1790,0,1526,0
13/06/2025,6074,747,4026,2345,0,1251,0
13/06/2025,7718,395,3201,2583,0,798,0
13/06/2025,5978,403,1557,3831,0,1230,0
13/06/2025,7431,425,2515,2922,0,1685,0
13/06/2025,9634,299,3562,3421,0,2668,0
13/06/2025,7583,360,1908,3701,0,2092,0
13/06/2025,4924,562,2066,4324,0,1970,0
13/06/2025,10482,305,1623,1603,0,1530,0
13/06/2025,4095,564,1576,2585,0,1820,0
13/06/2025,9068,637,3085,1337,0,1546,0
13/06/2025,6253,756,4249,1543,0,2706,0
13/06/2025,9896,581,1821,4393,0,1275,0
14/06/2025,11876,529,2108,2899,0,1628,0
14/06/2025,9451,360,2477,2925,0,3139,0
14/06/2025,5502,397,2597,2734,0,2191,0
14/06/2025,7561,546,2094,2262,0,768,0
14/06/2025,7820,357,1949,2381,0,1771,0
14/06/2025,7584,507,2566,3821,0,2190,0
14/06/2025,10190,641,2570,4484,0,3219,0
14/06/2025,7428,347,2725,1562,0,2649,0
14/06/2025,7267,350,3988,3146,0,2475,0
14/06/2025,9257,756,3799,1615,0,2233,0
14/06/2025,6088,597,1014,2790,0,1421,0
14/06/2025,8539,299,2342,3776,0,2630,0
14/06/2025,8306,641,1438,3427,0,2404,0
14/06/2025,7372,552,1791,3311,0,2360,0
15/06/2025,6509,320,3083,4210,0,1958,0
15/06/2025,7910,566,3510,1825,0,1476,0
15/06/2025,5741,463,1425,2213,0,2587,0
15/06/2025,7742,250,2499,1665,0,2695,0
15/06/2025,8392,272,2335,1243,0,1857,0
15/06/2025,5503,275,2350,2805,0,1952,0
15/06/2025,6710,580,1649,2987,0,2509,0
15/06/2025,7034,457,1780,3326,0,2034,0
15/06/2025,9211,480,2809,3475,0,2926,0
15/06/2025,5659,635,2572,4576,0,1002,0
15/06/2025,7494,525,2365,2176,0,2193,0
15/06/2025,6933,355,2200,3567,0,2537,0
15/06/2025,11070,479,1461,980,0,2470,0
16/06/2025,6805,601,2631,1835,0,2070,0
16/06/2025,9862,332,1105,1611,0,1849,0
16/06/2025,4429,475,1969,2257,0,3672,0
16/06/2025,5786,274,2568,1372,0,2193,0
16/06/2025,6681,619,1385,3085,0,2429,0
16/06/2025,4800,314,962,1127,0,3562,0
16/06/2025,6129,715,3550,3670,0,2503,0
16/06/2025,5901,453,2250,4626,0,1337,0
16/06/2025,6088,429,3831,2310,0,1985,0
16/06/2025,8254,629,2266,1580,0,2347,0
16/06/2025,8666,384,1908,3483,0,1850,0
16/06/2025,4440,504,2782,4493,0,2721,0
16/06/2025,8030,431,4310,1677,0,1245,0
16/06/2025,7256,296,2549,4031,0,859,0
17/06/2025,6140,451,3181,2590,0,1724,0
17/06/2025,8275,382,2943,3918,0,1633,0
17/06/2025,6222,789,3691,1261,0,2387,0
17/06/2025,5909,493,2287,3167,0,1219,0
17/06/2025,5871,546,2970,2513,0,3006,0
17/06/2025,10366,471,2296,2977,0,2463,0
17/06/2025,10934,426,2768,4001,0,2806,0
17/06/2025,9226,517,2099,2706,0,2001,0
17/06/2025,9408,529,1911,1954,0,2901,0
17/06/2025,5894,505,3376,1243,0,1933,0
17/06/2025,9590,495,2206,3000,0,1752,0
17/06/2025,9823,526,2586,1998,0,2343,0
17/06/2025,6932,720,3835,3792,0,2139,0
17/06/2025,10374,683,3165,821,0,2513,0
18/06/2025,7709,736,3130,3683,0,3263,0
18/06/2025,5703,522,1221,1640,0,2567,0
18/06/2025,9372,350,3308,1955,0,2554,0
18/06/2025,9157,485,1434,2674,0,1476,0
18/06/2025,7966,497,4425,1215,0,3118,0
18/06/2025,5251,290,2331,3645,0,2228,0
18/06/2025,7288,662,2958,2187,0,2371,0
18/06/2025,6019,634,2821,2270,0,3306,0
18/06/2025,4641,552,2648,2376,0,1257,0
18/06/2025,7716,511,2831,3372,0,1038,0
18/06/2025,9543,435,2582,2307,0,2790,0
18/06/2025,8308,274,2517,2425,0,1405,0
18/06/2025,10037,751,2308,2119,0,2230,0
18/06/2025,6939,686,3187,2606,0,1476,0
19/06/2025,6528,445,2602,1260,0,1188,0
19/06/2025,6022,543,4263,2215,0,1901,0
19/06/2025,7130,273,2644,3108,0,2541,0
19/06/2025,10291,516,1876,1473,0,2576,0
19/06/2025,9435,398,3039,2495,0,1043,0
19/06/2025,4719,410,3059,4317,0,2350,0
19/06/2025,6197,590,2061,2010,0,1928,0
19/06/2025,10985,435,3007,1403,0,1130,0
19/06/2025,6859,494,3962,962,0,2964,0
19/06/2025,6599,571,1681,2563,0,1703,0
19/06/2025,7431,651,1339,3883,0,1957,0
19/06/2025,4211,475,1150,4125,0,2039,0
19/06/2025,7515,338,2838,1687,0,2972,0
19/06/2025,9758,411,4372,1714,0,2204,0
20/06/2025,7420,300,2297,1835,0,2858,0
20/06/2025,8154,299,1877,4260,0,2840,0
20/06/2025,7565,666,3981,1822,0,3152,0
20/06/2025,6961,532,2865,2043,0,2399,0
20/06/2025,6510,581,2685,2646,0,2964,0
20/06/2025,10628,395,1751,2105,0,1466,0
20/06/2025,7320,542,2364,1901,0,2292,0
20/06/2025,6987,430,1604,3230,0,1400,0
20/06/2025,7555,633,3017,1226,0,1913,0
20/06/2025,5485,399,1961,2058,0,1829,0
20/06/2025,8851,569,2153,1817,0,1154,0
20/06/2025,9957,432,3521,2617,0,2447,0
20/06/2025,10086,808,1311,2361,0,2061,0
20/06/2025,4905,733,1508,4360,0,1485,0
21/06/2025,7952,553,2039,1131,0,1655,0
21/06/2025,7369,539,2500,1315,0,2113,0
21/06/2025,9183,344,1561,1797,0,1450,0
21/06/2025,6085,375,2500,864,0,2547,0
21/06/2025,9745,432,2861,2669,0,2382,0
21/06/2025,7854,474,1121,3074,0,2878,0
21/06/2025,10638,370,2949,2940,0,1487,0
21/06/2025,8150,428,2905,2431,0,900,0
21/06/2025,6983,757,2053,2308,0,2617,0
21/06/2025,8539,232,2350,3351,0,2061,0
21/06/2025,9918,240,2950,1487,0,1909,0
21/06/2025,9190,302,1505,1833,0,1874,0
21/06/2025,9367,727,1898,2754,0,2297,0
21/06/2025,4341,452,2610,3270,0,2639,0
22/06/2025,4193,507,1213,1077,0,2331,0
22/06/2025,10896,753,2011,2237,0,1851,0
22/06/2025,9725,691,3212,3340,0,2533,0
22/06/2025,8174,524,3505,2417,0,2713,0
22/06/2025,5487,551,1633,1325,0,1411,0
22/06/2025,7046,872,2360,3327,0,2074,0
22/06/2025,9037,394,1491,2363,0,3524,0
22/06/2025,8433,643,1161,1210,0,989,0
22/06/2025,6407,556,2218,3850,0,1789,0
22/06/2025,7839,578,2020,4289,0,2929,0
22/06/2025,9288,416,1596,4098,0,1555,0
22/06/2025,4801,498,2355,3616,0,1711,0
22/06/2025,8867,610,811,4165,0,1243,0
23/06/2025,6497,584,1803,4175,0,3644,0
23/06/2025,4581,481,1710,1559,0,1749,0
23/06/2025,6734,589,2936,2430,0,1960,0
23/06/2025,4652,378,3571,2532,0,2650,0
23/06/2025,4548,607,3633,3949,0,2283,0
23/06/2025,10476,789,2502,3728,0,1789,0
23/06/2025,7647,506,2995,2396,0,1981,0
23/06/2025,9424,510,3004,2428,0,1758,0
23/06/2025,4224,253,1800,1817,0,2523,0
23/06/2025,9279,414,1932,1855,0,1369,0
23/06/2025,7000,633,2307,3448,0,1170,0
23/06/2025,6144,553,1399,2920,0,1782,0
23/06/2025,11291,514,1513,2607,0,874,0
23/06/2025,7064,366,3099,1180,0,2505,0
24/06/2025,8267,708,1438,2048,0,2420,0
24/06/2025,9443,306,4281,2860,0,2306,0
24/06/2025,5665,761,1512,2375,0,2949,0
24/06/2025,5211,413,4053,1673,0,894,0
24/06/2025,4646,725,2845,1403,0,2709,0
24/06/2025,5038,717,4001,1078,0,1315,0
24/06/2025,5103,543,4335,832,0,1989,0
24/06/2025,9034,575,2225,2817,0,1057,0
24/06/2025,5553,550,2152,1794,0,3094,0
24/06/2025,11376,332,1645,3179,0,1897,0
24/06/2025,9490,440,2368,1750,0,2099,0
24/06/2025,4504,581,3727,3014,0,2844,0
24/06/2025,8384,371,1649,2247,0,1721,0
24/06/2025,4764,286,1812,1927,0,1197,0
25/06/2025,9959,656,3842,2279,0,3308,0
25/06/2025,9888,407,1126,4570,0,2981,0
25/06/2025,6961,699,2162,3010,0,2362,0
25/06/2025,11245,674,2329,2591,0,2308,0
25/06/2025,6568,369,1457,3218,0,1857,0
25/06/2025,6970,601,3413,2576,0,2577,0
25/06/2025,7264,605,3042,2840,0,2707,0
25/06/2025,10462,415,4549,1650,0,1084,0
25/06/2025,5250,588,3177,2471,0,1661,0
25/06/2025,7724,471,4301,3746,0,2324,0
25/06/2025,5916,498,1852,1578,0,1142,0
25/06/2025,9427,316,2408,2511,0,2123,0
25/06/2025,7347,539,2265,1521,0,1784,0
25/06/2025,12001,394,3056,2894,0,1157,0
26/06/2025,9033,744,2785,4606,0,2026,0
26/06/2025,6366,467,2530,2578,0,2823,0
26/06/2025,8092,439,1667,4777,0,1205,0
26/06/2025,4621,363,1882,942,0,1182,0
26/06/2025,7265,337,3354,1864,0,1475,0
26/06/2025,6264,575,2488,2116,0,2210,0
26/06/2025,8676,286,2730,1798,0,3400,0
26/06/2025,9173,688,2795,3063,0,1214,0
26/06/2025,10523,417,2574,2842,0,1923,0
26/06/2025,5271,565,895,1653,0,1116,0
26/06/2025,4924,515,1417,3049,0,2732,0
26/06/2025,7061,749,3694,2909,0,1625,0
26/06/2025,6079,421,3850,3018,0,1255,0
26/06/2025,10291,340,2663,1737,0,1407,0
27/06/2025,7958,531,2017,1566,0,969,0
27/06/2025,7650,566,2367,3220,0,2514,0
27/06/2025,8617,571,3025,2224,0,1959,0
27/06/2025,7050,519,1807,4292,0,1875,0
27/06/2025,5356,515,1290,3348,0,1770,0
27/06/2025,7264,458,2547,1666,0,2329,0
27/06/2025,4136,414,1340,3042,0,2690,0
27/06/2025,10653,539,2858,2059,0,1535,0
27/06/2025,11573,434,2845,1116,0,1938,0
27/06/2025,9907,532,1295,2208,0,2471,0
27/06/2025,6043,771,3072,905,0,2813,0
27/06/2025,6714,289,2608,1699,0,2349,0
27/06/2025,7396,687,2300,2894,0,2319,0
27/06/2025,4521,465,3870,2931,0,2081,0
28/06/2025,11501,548,3721,4625,0,2278,0
28/06/2025,9032,681,2570,2076,0,2234,0
28/06/2025,8103,460,1003,3235,0,2903,0
28/06/2025,11032,563,1385,941,0,3035,0
28/06/2025,9279,730,1190,2269,0,1931,0
28/06/2025,7513,439,3436,1187,0,2295,0
28/06/2025,8645,448,3303,1694,0,1410,0
28/06/2025,5117,832,4326,2349,0,1915,0
28/06/2025,7213,319,2057,2399,0,2217,0
28/06/2025,5932,332,1416,2474,0,1923,0
28/06/2025,6964,548,2608,2925,0,1033,0
28/06/2025,7492,604,2010,3374,0,2234,0
28/06/2025,9681,457,1724,1470,0,1803,0
28/06/2025,7498,619,3256,1545,0,2461,0
29/06/2025,6266,443,2754,1839,0,2598,0
29/06/2025,8676,616,3018,3790,0,1816,0
29/06/2025,6163,365,2654,3218,0,1300,0
29/06/2025,6687,420,2666,2520,0,2262,0
29/06/2025,9792,663,3495,1588,0,2685,0
29/06/2025,11539,347,1312,3917,0,1056,0
29/06/2025,7778,362,1844,4871,0,1889,0
29/06/2025,9389,543,1311,1096,0,2505,0
29/06/2025,8649,415,1527,2048,0,1913,0
29/06/2025,6126,399,1238,1284,0,1220,0
29/06/2025,9063,534,4147,3048,0,964,0
29/06/2025,6413,506,3995,1539,0,1418,0
29/06/2025,4879,303,1709,2329,0,2920,0
30/06/2025,10715,704,1267,1550,0,1976,0
30/06/2025,8097,400,1533,2218,0,3064,0
30/06/2025,8832,638,2441,2345,0,2530,0
30/06/2025,7362,540,3745,1047,0,1770,0
30/06/2025,8514,386,3257,2486,0,2387,0
30/06/2025,9687,530,1989,1976,0,2272,0
30/06/2025,9075,521,3571,961,0,3285,0
30/06/2025,9057,358,4429,3557,0,2270,0
30/06/2025,7712,279,1492,2905,0,1539,0
30/06/2025,10793,581,2828,3643,0,1098,0
30/06/2025,4824,686,3397,3176,0,1671,0
30/06/2025,5976,387,1748,1248,0,1937,0
30/06/2025,7917,487,2986,2840,0,2711,0
30/06/2025,8193,481,2743,3477,0,2004,0
01/07/2025,9405,419,2032,3430,0,1201,0
01/07/2025,7507,474,2652,2699,0,2759,0
01/07/2025,7032,337,1356,1573,0,2795,0
01/07/2025,11624,449,1716,1106,0,2246,0
01/07/2025,6721,341,1620,2135,0,2691,0
01/07/2025,7257,336,2761,3275,0,1550,0
01/07/2025,5170,476,2473,2678,0,1997,0
01/07/2025,7071,723,2103,2659,0,2689,0
01/07/2025,7718,286,1142,3175,0,2674,0
01/07/2025,10334,612,2275,2722,0,2588,0
01/07/2025,5109,718,1820,1164,0,2981,0
01/07/2025,5082,650,2389,1428,0,2559,0
01/07/2025,7396,690,1920,4138,0,830,0
01/07/2025,5182,530,1104,940,0,2387,0
02/07/2025,8504,615,4288,3728,0,3248,0
02/07/2025,8695,461,1454,2411,0,1490,0
02/07/2025,7361,692,1296,3700,0,1517,0
02/07/2025,6829,690,2178,2853,0,1588,0
02/07/2025,6328,520,2593,2884,0,1239,0
02/07/2025,8179,370,1663,2339,0,2402,0
02/07/2025,7157,618,1857,2178,0,1491,0
02/07/2025,7905,587,1913,1977,0,1458,0
02/07/2025,6757,582,2358,3162,0,1336,0
02/07/2025,7352,586,1096,3193,0,2616,0
02/07/2025,7363,392,2698,1904,0,1365,0
02/07/2025,8206,311,2324,2109,0,2577,0
02/07/2025,8155,399,4215,1693,0,1120,0
02/07/2025,7164,589,2786,4478,0,1381,0
03/07/2025,11347,578,3021,4183,0,1057,0
03/07/2025,10936,345,2828,3957,0,1597,0
03/07/2025,6015,549,1160,3933,0,3398,0
03/07/2025,6765,507,1756,1663,0,2400,0
03/07/2025,8309,467,4077,2709,0,2351,0
03/07/2025,8332,420,4378,2442,0,2627,0
03/07/2025,7015,395,2502,2021,0,3265,0
03/07/2025,6618,590,2194,3232,0,1807,0
03/07/2025,7974,691,3057,2291,0,2457,0
03/07/2025,9732,515,4598,2808,0,2790,0
03/07/2025,7140,587,3649,2341,0,1410,0
03/07/2025,6674,675,3569,3316,0,2663,0
03/07/2025,7203,361,2850,1517,0,1337,0
03/07/2025,7014,347,2758,2679,0,1700,0
03/07/2025,5162,314,909,3019,0,1995,0
04/07/2025,9906,374,1324,3989,0,2353,0
04/07/2025,5709,476,1674,3058,0,2061,0
04/07/2025,8961,523,2186,3447,0,2927,0
04/07/2025,4362,309,2212,1415,0,1382,0
04/07/2025,7159,681,2703,1253,0,1144,0
04/07/2025,7467,703,1145,3746,0,2134,0
04/07/2025,7552,600,1336,2658,0,1836,0
04/07/2025,6696,577,2044,1885,0,1473,0
04/07/2025,5638,269,3144,2902,0,1266,0
04/07/2025,8801,651,1335,2780,0,1517,0
04/07/2025,10512,577,3542,3769,0,1174,0
04/07/2025,8848,525,2500,3716,0,2850,0
04/07/2025,7191,535,2863,1963,0,1820,0
04/07/2025,7728,382,1927,2498,0,1582,0
05/07/2025,8433,445,1868,2019,0,1535,0
05/07/2025,6240,588,2924,3269,0,3134,0
05/07/2025,9937,578,1312,2055,0,1864,0
05/07/2025,6190,559,2924,2700,0,2297,0
05/07/2025,8255,728,2544,3941,0,2815,0
05/07/2025,8024,572,1401,2546,0,837,0
05/07/2025,6130,311,1355,1178,0,1701,0
05/07/2025,7372,579,3394,2586,0,2130,0
05/07/2025,8816,567,3175,2413,0,1768,0
05/07/2025,10814,795,1509,1759,0,1268,0
05/07/2025,8989,443,1531,1370,0,2181,0
05/07/2025,4007,542,3382,4226,0,1785,0
05/07/2025,12079,307,1354,980,0,1090,0
05/07/2025,10614,627,2894,1815,0,1435,0
06/07/2025,8290,650,3064,3793,0,1279,0
06/07/2025,5562,461,1405,1860,0,1159,0
06/07/2025,6122,318,1253,1534,0,1979,0
06/07/2025,8027,570,3977,2313,0,1457,0
06/07/2025,6225,544,2841,1900,0,1959,0
06/07/2025,7762,539,3282,1150,0,1291,0
06/07/2025,5032,502,4071,1799,0,2136,0
06/07/2025,5755,600,1816,4054,0,1734,0
06/07/2025,5102,529,3511,2090,0,2230,0
06/07/2025,7698,547,1569,3435,0,1304,0
06/07/2025,6610,377,3356,2962,0,1325,0
06/07/2025,5814,600,2573,3481,0,1472,0
06/07/2025,6571,585,2725,4102,0,2877,0
07/07/2025,5420,341,1559,1882,0,2428,0
07/07/2025,7302,482,2271,1146,0,2546,0
07/07/2025,6902,613,3039,1015,0,1689,0
07/07/2025,10203,617,2182,2698,0,1040,0
07/07/2025,7555,638,1421,3308,0,2246,0
07/07/2025,8660,309,4533,3168,0,3328,0
07/07/2025,7090,529,2330,1724,0,1130,0
07/07/2025,10068,672,1896,3606,0,1724,0
07/07/2025,4320,440,3334,1689,0,2196,0
07/07/2025,10634,608,2438,3388,0,2208,0
07/07/2025,5269,407,1034,2764,0,1904,0
07/07/2025,4175,349,1398,1740,0,1581,0
07/07/2025,7333,383,2672,1139,0,1462,0
07/07/2025,5765,527,2270,4210,0,2068,0
08/07/2025,6401,687,2614,2897,0,2326,0
08/07/2025,7686,446,2908,2221,0,2479,0
08/07/2025,11176,341,2116,1409,0,1539,0
08/07/2025,4703,529,3677,2066,0,940,0
08/07/2025,7482,461,3905,4177,0,1179,0
08/07/2025,6463,562,847,995,0,1820,0
08/07/2025,7411,415,1194,1235,0,1245,0
08/07/2025,9962,310,1374,3244,0,3561,0
08/07/2025,8827,745,1513,1994,0,2509,0
08/07/2025,8619,602,1124,2793,0,2392,0
08/07/2025,9717,308,2387,978,0,1127,0
08/07/2025,4926,634,2867,2569,0,1011,0
08/07/2025,8430,547,1126,2499,0,1023,0
08/07/2025,9232,364,1953,1736,0,2089,0
09/07/2025,6823,628,2138,2692,0,1218,0
09/07/2025,11447,404,2060,4165,0,2149,0
09/07/2025,8644,378,2699,3922,0,2650,0
09/07/2025,8734,569,3363,1869,0,1020,0
09/07/2025,8766,339,1848,2157,0,2513,0
09/07/2025,6209,391,1039,1484,0,1716,0
09/07/2025,8732,330,877,1907,0,2584,0
09/07/2025,10492,267,2306,3984,0,2683,0
09/07/2025,7151,738,1248,1726,0,2046,0
09/07/2025,9590,313,4521,1554,0,2079,0
09/07/2025,6203,388,892,1537,0,1657,0
09/07/2025,7329,688,1968,3292,0,2797,0
09/07/2025,8415,266,2587,972,0,1482,0
09/07/2025,6245,402,3786,1381,0,1952,0
10/07/2025,10411,615,1816,3233,0,830,0
10/07/2025,6828,437,2027,2435,0,2756,0
10/07/2025,6076,581,2187,2627,0,1879,0
10/07/2025,5626,540,2444,1181,0,1940,0
10/07/2025,7334,350,3790,1305,0,1049,0
10/07/2025,5116,621,2350,1463,0,2567,0
10/07/2025,9967,585,1371,1264,0,1747,0
10/07/2025,7486,624,2688,2168,0,1893,0
10/07/2025,9203,773,3316,3444,0,2404,0
10/07/2025,10400,555,2254,1069,0,1100,0
10/07/2025,8617,386,3503,1343,0,1093,0
10/07/2025,11563,520,1147,2467,0,3132,0
10/07/2025,6685,306,3353,3058,0,2390,0
10/07/2025,6040,319,3367,3865,0,1521,0
11/07/2025,6417,577,3730,1409,0,1060,0
11/07/2025,6428,333,4114,3382,0,2234,0
11/07/2025,5758,334,2580,1596,0,1806,0
11/07/2025,8770,525,1615,2890,0,1213,0
11/07/2025,5101,822,3473,2049,0,1463,0
11/07/2025,5693,716,4439,1099,0,1571,0
11/07/2025,9508,551,2602,979,0,970,0
11/07/2025,5280,668,1707,1058,0,2080,0
11/07/2025,7659,380,2830,3513,0,2449,0
11/07/2025,5731,422,3669,3424,0,2517,0
11/07/2025,6854,552,1727,1561,0,2539,0
11/07/2025,6843,373,2936,1727,0,2655,0
11/07/2025,8766,394,1410,2492,0,2552,0
11/07/2025,9426,274,3178,2576,0,1879,0
12/07/2025,10534,393,1358,2495,0,1190,0
12/07/2025,10051,379,1561,1428,0,3065,0
12/07/2025,4712,740,1470,3265,0,2319,0
12/07/2025,5635,463,1812,2134,0,1946,0
12/07/2025,5478,681,3165,3834,0,1878,0
12/07/2025,7558,619,1537,3079,0,1893,0
12/07/2025,6985,645,1453,3480,0,1242,0
12/07/2025,7533,443,1829,1949,0,2104,0
12/07/2025,10857,643,1058,4060,0,2482,0
12/07/2025,5660,312,2627,3647,0,2769,0
12/07/2025,11664,740,2758,2372,0,2145,0
12/07/2025,10387,376,2833,3472,0,2228,0
12/07/2025,7630,451,4857,1773,0,1558,0
12/07/2025,11051,485,2736,3318,0,2085,0
13/07/2025,6704,588,2347,1302,0,1836,0
13/07/2025,6258,594,1241,2262,0,1767,0
13/07/2025,6545,392,4531,2024,0,943,0
13/07/2025,4034,310,3622,3151,0,2535,0
13/07/2025,5270,509,3170,2787,0,3292,0
13/07/2025,7611,603,2718,3591,0,2956,0
13/07/2025,10724,584,2908,3136,0,1468,0
13/07/2025,5533,330,1751,4245,0,1650,0
13/07/2025,10477,471,2180,3198,0,3700,0
13/07/2025,10127,583,1382,880,0,1911,0
13/07/2025,9063,424,3908,3584,0,905,0
13/07/2025,5012,418,3915,3893,0,2686,0
13/07/2025,7295,387,1928,1200,0,3587,0
14/07/2025,8903,761,2964,4496,0,2377,0
14/07/2025,5777,446,3265,1243,0,2279,0
14/07/2025,8425,645,4188,1721,0,1547,0
14/07/2025,9871,282,3529,3380,0,1117,0
14/07/2025,6217,413,2300,2927,0,1259,0
14/07/2025,8172,437,2253,2322,0,2697,0
14/07/2025,9373,493,1752,2087,0,1623,0
14/07/2025,9599,541,1559,1720,0,2690,0
14/07/2025,8320,529,2487,1995,0,2494,0
14/07/2025,8170,595,2357,3847,0,928,0
14/07/2025,9247,457,2710,1591,0,2788,0
14/07/2025,4315,380,1575,2819,0,2162,0
14/07/2025,9585,425,3527,3083,0,3270,0
14/07/2025,8591,480,2777,2220,0,2182,0
15/07/2025,7627,288,4862,2258,0,2724,0
15/07/2025,5743,477,1310,2346,0,3277,0
15/07/2025,5819,462,2516,3122,0,2155,0
15/07/2025,4232,482,2783,1834,0,2792,0
15/07/2025,10142,492,2601,3814,0,2840,0
15/07/2025,9032,524,3650,2430,0,1673,0
15/07/2025,7013,416,1362,3087,0,1214,0
15/07/2025,7702,613,2821,1378,0,1820,0
15/07/2025,8941,504,2585,1125,0,2249,0
15/07/2025,6832,247,2053,1949,0,2101,0
15/07/2025,7579,392,1111,2724,0,1937,0
15/07/2025,10352,438,1689,1869,0,1131,0
15/07/2025,6612,735,2931,3583,0,1937,0
15/07/2025,5222,838,2401,2346,0,3508,0
16/07/2025,6294,383,2920,1425,0,2011,0
16/07/2025,8168,538,3058,4449,0,1134,0
16/07/2025,9511,381,1084,4527,0,2066,0
16/07/2025,4854,624,1949,2821,0,1138,0
16/07/2025,9782,640,1160,1416,0,1162,0
16/07/2025,11008,540,2475,4428,0,3339,0
16/07/2025,4878,565,3648,2258,0,929,0
16/07/2025,8375,550,1762,2154,0,2308,0
16/07/2025,5345,627,1358,2507,0,2325,0
16/07/2025,10577,373,4451,2658,0,2086,0
16/07/2025,5649,320,953,792,0,1354,0
16/07/2025,9320,571,2764,1351,0,1491,0
16/07/2025,8086,364,1699,2911,0,2794,0
16/07/2025,7077,606,1699,1401,0,2006,0
17/07/2025,7067,376,2441,1838,0,2818,0
17/07/2025,5851,591,2711,2394,0,1525,0
17/07/2025,8108,364,2390,2289,0,1280,0
17/07/2025,6276,327,2633,1408,0,3714,0
17/07/2025,6192,391,1701,1178,0,1578,0
17/07/2025,10597,385,1604,1766,0,1801,0
17/07/2025,9965,599,2966,2233,0,1606,0
17/07/2025,10631,434,3387,3522,0,1862,0
17/07/2025,11765,337,3138,2800,0,2789,0
17/07/2025,3943,326,4042,4619,0,1226,0
17/07/2025,6941,449,2592,1579,0,2559,0
17/07/2025,6933,417,2284,2048,0,1416,0
17/07/2025,10402,715,2915,3012,0,1078,0
17/07/2025,11031,574,1841,3289,0,2533,0
18/07/2025,10282,305,3898,3693,0,1384,0
18/07/2025,9010,581,1897,2548,0,1412,0
18/07/2025,6791,434,2806,1604,0,2229,0
18/07/2025,7396,400,3395,2726,0,1315,0
18/07/2025,6727,490,3084,1051,0,1637,0
18/07/2025,8373,789,2788,4508,0,1507,0
18/07/2025,9100,558,1207,2050,0,2601,0
18/07/2025,10746,502,3115,1972,0,1789,0
18/07/2025,7150,561,2142,919,0,2709,0
18/07/2025,5367,586,2042,1088,0,1166,0
18/07/2025,11477,496,2601,2559,0,2584,0
18/07/2025,4264,425,3994,3151,0,3102,0
18/07/2025,5838,533,3242,1209,0,1132,0
18/07/2025,8952,394,1086,4573,0,1816,0
18/07/2025,5421,426,1422,2128,0,2174,0
19/07/2025,6076,514,1593,3407,0,2090,0
19/07/2025,6010,500,3007,2496,0,1192,0
19/07/2025,5245,477,2654,3682,0,1258,0
19/07/2025,6042,340,3462,2537,0,2806,0
19/07/2025,5764,556,2341,1362,0,1343,0
19/07/2025,6191,249,1719,1426,0,3713,0
19/07/2025,8216,547,2412,1975,0,2567,0
19/07/2025,8212,290,1483,1548,0,1498,0
19/07/2025,6761,418,1288,2895,0,2811,0
19/07/2025,7527,570,1239,3302,0,1919,0
19/07/2025,7486,702,1364,1022,0,1187,0
19/07/2025,7542,273,4874,3146,0,991,0
19/07/2025,8380,741,3306,1927,0,2351,0
19/07/2025,6400,453,1764,1486,0,1675,0
20/07/2025,7885,461,1055,2299,0,2240,0
20/07/2025,7666,713,1993,1579,0,2000,0
20/07/2025,6170,429,1386,2512,0,2539,0
20/07/2025,6420,478,3459,1243,0,3218,0
20/07/2025,5913,496,2545,1800,0,1101,0
20/07/2025,7659,319,2861,3428,0,1289,0
20/07/2025,9230,423,4399,2309,0,1887,0
20/07/2025,4465,331,1127,1870,0,1142,0
20/07/2025,9215,360,1474,2256,0,2260,0
20/07/2025,6917,531,1457,3427,0,2440,0
20/07/2025,5629,498,4609,2189,0,1224,0
20/07/2025,5149,391,2713,3684,0,2509,0
20/07/2025,7823,423,2365,2337,0,1729,0
21/07/2025,11455,727,2068,1668,0,1927,0
21/07/2025,9807,345,2849,1792,0,1517,0
21/07/2025,6745,594,2640,1702,0,2084,0
21/07/2025,10990,733,3545,2649,0,3102,0
21/07/2025,6640,250,1831,2455,0,1225,0
21/07/2025,6589,288,1910,4118,0,2005,0
21/07/2025,4396,532,1554,2082,0,2586,0
21/07/2025,7879,392,4479,2516,0,1346,0
21/07/2025,7792,584,2084,3360,0,980,0
21/07/2025,11326,508,2292,1438,0,2040,0
21/07/2025,7423,466,1573,2901,0,2170,0
21/07/2025,11179,428,3150,1256,0,2071,0
21/07/2025,4930,684,1226,2950,0,897,0
21/07/2025,5634,505,1282,3574,0,3438,0
22/07/2025,7296,717,1192,3213,0,1506,0
22/07/2025,7794,571,2657,1333,0,2114,0
22/07/2025,6538,441,1273,1872,0,2549,0
22/07/2025,4533,683,1399,3327,0,1466,0
22/07/2025,4872,276,2873,1789,0,2144,0
22/07/2025,7977,598,2393,2563,0,1985,0
22/07/2025,9176,794,1342,3286,0,2773,0
22/07/2025,10276,478,3587,2161,0,3277,0
22/07/2025,7720,644,2421,4905,0,2147,0
22/07/2025,5252,533,1854,1668,0,2141,0
22/07/2025,8539,420,3109,2253,0,1757,0
22/07/2025,10695,519,2583,1866,0,2606,0
22/07/2025,9624,463,3533,2065,0,1812,0
22/07/2025,9321,299,2625,3519,0,1489,0
23/07/2025,7977,626,2721,1890,0,2607,0
23/07/2025,9612,497,2541,3079,0,1556,0
23/07/2025,8084,412,3401,4368,0,1919,0
23/07/2025,7919,405,1931,3646,0,2402,0
23/07/2025,5222,562,2572,4003,0,2268,0
23/07/2025,5613,697,2458,3715,0,2171,0
23/07/2025,6936,327,2024,1656,0,1877,0
23/07/2025,10000,709,3585,4185,0,2875,0
23/07/2025,6680,495,4011,1138,0,1538,0
23/07/2025,6375,645,3483,3075,0,1209,0
23/07/2025,7471,511,2495,3510,0,1857,0
23/07/2025,6165,419,1450,2855,0,793,0
23/07/2025,8085,520,2101,2526,0,1376,0
23/07/2025,8815,613,2187,1685,0,2492,0
24/07/2025,4024,593,4403,4584,0,2753,0
24/07/2025,7504,538,1709,3181,0,1554,0
24/07/2025,4379,255,3374,2627,0,2287,0
24/07/2025,8225,564,2891,2392,0,1856,0
24/07/2025,7209,463,3785,2739,0,891,0
24/07/2025,6124,472,1260,2113,0,2012,0
24/07/2025,5126,436,2274,2169,0,2449,0
24/07/2025,6125,459,1518,2515,0,2318,0
24/07/2025,6119,417,1889,3086,0,1847,0
24/07/2025,8984,367,2986,2155,0,2864,0
24/07/2025,8956,681,1521,1299,0,3721,0
24/07/2025,8488,547,4244,4420,0,1883,0
24/07/2025,8238,481,4005,3723,0,1089,0
24/07/2025,4769,410,1762,2855,0,1101,0
25/07/2025,5676,546,847,3488,0,2608,0
25/07/2025,7951,348,1641,2413,0,2832,0
25/07/2025,7193,770,1107,2319,0,2259,0
25/07/2025,10192,447,1826,3231,0,1261,0
25/07/2025,10579,298,3252,2791,0,2289,0
25/07/2025,8274,532,3217,3074,0,1223,0
25/07/2025,5754,560,4032,3298,0,1890,0
25/07/2025,6573,506,2602,3356,0,2165,0
25/07/2025,9714,721,2701,2037,0,3416,0
25/07/2025,5840,427,2736,4111,0,2594,0
25/07/2025,4549,439,3290,2938,0,1449,0
25/07/2025,7755,597,1054,3901,0,2673,0
25/07/2025,5863,437,3057,2654,0,1363,0
25/07/2025,7736,535,3387,1909,0,2167,0
26/07/2025,5854,586,3930,3727,0,2068,0
26/07/2025,11726,421,3450,1250,0,1984,0
26/07/2025,6644,637,4366,2125,0,2582,0
26/07/2025,10672,406,2276,1796,0,1794,0
26/07/2025,5304,654,1288,2239,0,1881,0
26/07/2025,9907,595,4301,2060,0,1427,0
26/07/2025,5156,476,1842,2639,0,1322,0
26/07/2025,6672,607,2966,3827,0,2747,0
26/07/2025,5536,503,1788,1045,0,2340,0
26/07/2025,8916,434,4385,2444,0,1568,0
26/07/2025,11090,401,2430,2177,0,1592,0
26/07/2025,5074,661,2742,3051,0,2338,0
26/07/2025,6189,253,1210,2951,0,1376,0
26/07/2025,7467,406,2362,2228,0,1512,0
27/07/2025,10547,330,4558,1614,0,1900,0
27/07/2025,8195,515,3379,1840,0,1341,0
27/07/2025,4461,259,3626,4424,0,1125,0
27/07/2025,9521,406,1738,3852,0,1350,0
27/07/2025,9585,737,1812,4323,0,3060,0
27/07/2025,7414,282,3911,2816,0,1741,0
27/07/2025,5282,392,2833,2149,0,1102,0
27/07/2025,10782,409,1590,1250,0,2473,0
27/07/2025,8449,465,1245,2936,0,2904,0
27/07/2025,4384,585,3917,1986,0,1308,0
27/07/2025,9089,698,3360,4116,0,1068,0
27/07/2025,4106,476,3181,3685,0,1917,0
27/07/2025,8500,363,2596,2723,0,2824,0
28/07/2025,6393,526,1770,3139,0,904,0
28/07/2025,5995,561,4285,1268,0,1609,0
28/07/2025,4231,287,2562,3268,0,1205,0
28/07/2025,7081,372,3606,1557,0,1025,0
28/07/2025,6158,508,1220,1630,0,1924,0
28/07/2025,6843,400,1038,1768,0,2889,0
28/07/2025,6850,502,2150,3049,0,1967,0
28/07/2025,9599,343,1799,1185,0,2568,0
28/07/2025,5300,663,1144,2746,0,2100,0
28/07/2025,9101,498,3346,1815,0,2232,0
28/07/2025,12049,452,3080,2795,0,2384,0
28/07/2025,12294,651,1858,3029,0,1924,0
28/07/2025,10283,427,2514,1451,0,1922,0
28/07/2025,8635,442,3915,2919,0,1138,0
29/07/2025,10445,264,1863,1181,0,1801,0
29/07/2025,10600,425,1597,1556,0,1933,0
29/07/2025,6738,389,2568,2668,0,2156,0
29/07/2025,4656,553,1558,1422,0,1782,0
29/07/2025,7215,577,2543,3480,0,1276,0
29/07/2025,9980,231,1308,2966,0,865,0
29/07/2025,7614,621,1986,2339,0,1778,0
29/07/2025,7212,531,1190,3264,0,1857,0
29/07/2025,7298,410,2688,1506,0,2665,0
29/07/2025,8095,421,4312,1028,0,1885,0
29/07/2025,5781,390,2742,2788,0,2015,0
29/07/2025,5209,540,2247,2421,0,1621,0
29/07/2025,7119,323,2596,2101,0,908,0
29/07/2025,6132,494,918,2376,0,1585,0
30/07/2025,7359,429,988,3789,0,2077,0
30/07/2025,5739,607,853,1109,0,1646,0
30/07/2025,8415,461,2555,3038,0,950,0
30/07/2025,6600,435,1830,3800,0,1410,0
30/07/2025,5711,444,3950,4175,0,1833,0
30/07/2025,6242,769,2067,3374,0,2528,0
30/07/2025,9213,543,1475,1717,0,1973,0
30/07/2025,10073,540,2681,2977,0,1683,0
30/07/2025,9973,361,4733,3564,0,2232,0
30/07/2025,6726,808,2227,1774,0,2970,0
30/07/2025,6152,424,3425,2883,0,1633,0
30/07/2025,6509,427,2326,995,0,2932,0
30/07/2025,7026,256,2378,2066,0,1334,0
30/07/2025,5286,530,1258,1743,0,1890,0
30/07/2025,5668,632,1622,1607,0,1654,0
31/07/2025,9834,382,2487,1637,0,2894,0
31/07/2025,8903,319,1139,2673,0,2430,0
31/07/2025,7714,440,4451,1861,0,2628,0
31/07/2025,6825,496,2236,1220,0,2869,0
31/07/2025,8872,333,1421,2411,0,1339,0
31/07/2025,9527,608,2488,1570,0,1590,0
31/07/2025,4696,505,3103,2380,0,2396,0
31/07/2025,12177,496,3010,3037,0,2712,0
31/07/2025,6364,587,1454,1091,0,2362,0
31/07/2025,10311,324,2951,3389,0,2943,0
31/07/2025,7511,321,1378,1560,0,1707,0
31/07/2025,5337,400,1692,3530,0,1519,0
31/07/2025,6524,399,3658,2901,0,2593,0
31/07/2025,5761,355,2050,1895,0,1957,0
31/07/2025,6988,567,1048,3035,0,1307,0
01/08/2025,6215,725,2208,2000,0,2263,0
01/08/2025,9776,403,3146,4579,0,1614,0
01/08/2025,7993,655,1800,3757,0,2081,0
01/08/2025,9422,667,3169,975,0,3119,0
01/08/2025,5310,466,3640,3387,0,1558,0
01/08/2025,8450,792,2245,1816,0,1979,0
01/08/2025,5499,359,3392,2322,0,2682,0
01/08/2025,10077,341,1228,1876,0,1178,0
01/08/2025,7062,469,3342,1410,0,1006,0
01/08/2025,8831,653,2829,1978,0,2109,0
01/08/2025,7378,478,3237,1400,0,2865,0
01/08/2025,5474,361,1761,1301,0,1793,0
01/08/2025,10005,370,2610,2106,0,3022,0
01/08/2025,6708,441,2531,3710,0,3085,0
01/08/2025,8034,408,1845,1607,0,2066,0
02/08/2025,3925,298,1404,2776,0,1559,0
02/08/2025,10446,469,3349,1711,0,2714,0
02/08/2025,4404,370,3143,2692,0,1368,0
02/08/2025,9511,508,2081,2356,0,1689,0
02/08/2025,8822,726,2468,2044,0,1650,0
02/08/2025,8955,510,1432,2558,0,2661,0
02/08/2025,5854,372,3218,1137,0,2758,0
02/08/2025,11365,520,3061,3235,0,1631,0
02/08/2025,5832,453,1524,2160,0,2061,0
02/08/2025,8796,457,2540,3739,0,1755,0
02/08/2025,9544,703,1261,3081,0,1234,0
02/08/2025,10496,624,2605,2975,0,1931,0
02/08/2025,6990,760,3441,3231,0,1403,0
02/08/2025,5041,568,1617,4106,0,3000,0
02/08/2025,5190,515,2996,1886,0,3383,0
03/08/2025,7694,574,2554,2483,0,2956,0
03/08/2025,6979,395,2453,1483,0,1429,0
03/08/2025,5537,455,2974,1534,0,2705,0
03/08/2025,10677,784,3475,2163,0,1183,0
03/08/2025,5404,469,3231,4110,0,1749,0
03/08/2025,6222,365,2759,1055,0,2040,0
03/08/2025,5521,572,3079,3431,0,2122,0
03/08/2025,7547,589,1634,2312,0,2692,0
03/08/2025,4845,541,2077,2671,0,3426,0
03/08/2025,7821,535,1656,1546,0,1269,0
03/08/2025,6473,341,4153,2142,0,3314,0
03/08/2025,8884,491,2762,1804,0,2626,0
03/08/2025,10556,756,2208,1092,0,3119,0
04/08/2025,7518,439,976,1207,0,2869,0
04/08/2025,7436,345,3390,2614,0,2148,0
04/08/2025,7362,506,2503,2496,0,1977,0
04/08/2025,7528,720,2256,1070,0,2182,0
04/08/2025,10023,811,2637,1632,0,2119,0
04/08/2025,8941,455,2807,2834,0,1895,0
04/08/2025,5222,679,1275,2062,0,1958,0
04/08/2025,5663,423,900,3067,0,1967,0
04/08/2025,8366,315,3851,3559,0,1888,0
04/08/2025,6038,570,2592,1350,0,1897,0
04/08/2025,7477,668,2362,2425,0,1366,0
04/08/2025,5805,630,1700,3154,0,1746,0
04/08/2025,7028,429,3347,2070,0,2391,0
04/08/2025,10004,518,3680,2856,0,2748,0
04/08/2025,11694,404,3583,1255,0,2394,0
05/08/2025,6530,329,2771,3170,0,2469,0
05/08/2025,9501,410,3114,4502,0,1754,0
05/08/2025,6818,789,1785,3508,0,2420,0
05/08/2025,7005,706,2243,2025,0,1274,0
05/08/2025,7047,505,3059,3341,0,3313,0
05/08/2025,6706,671,3672,1364,0,886,0
05/08/2025,8386,431,1160,3077,0,2513,0
05/08/2025,7393,351,1687,2143,0,2105,0
05/08/2025,5878,401,1795,2215,0,1418,0
05/08/2025,7201,696,2904,1347,0,1384,0
05/08/2025,8348,364,1878,2602,0,2649,0
05/08/2025,5170,509,2638,2116,0,1022,0
05/08/2025,6079,542,4482,3688,0,2675,0
05/08/2025,8708,572,3041,1916,0,1352,0
05/08/2025,7088,451,2021,1833,0,2531,0
06/08/2025,7061,464,2776,1771,0,1523,0
06/08/2025,11311,311,1631,3838,0,2372,0
06/08/2025,11940,488,1779,3248,0,1481,0
06/08/2025,6239,547,1375,1987,0,2846,0
06/08/2025,6379,466,1990,1252,0,1308,0
06/08/2025,9773,515,3750,2483,0,2176,0
06/08/2025,6329,397,2508,3145,0,1281,0
06/08/2025,11666,405,2502,3068,0,2045,0
06/08/2025,5921,267,2053,1689,0,1726,0
06/08/2025,7389,542,1582,1390,0,2716,0
06/08/2025,5155,314,2165,2293,0,2460,0
06/08/2025,10374,573,2001,966,0,1283,0
06/08/2025,11306,534,4230,1962,0,3425,0
06/08/2025,11553,484,933,1914,0,2601,0
06/08/2025,6120,640,3762,3147,0,3039,0
07/08/2025,8497,761,2670,2675,0,3016,0
07/08/2025,4799,479,2769,4710,0,2684,0
07/08/2025,7273,535,4167,1254,0,2586,0
07/08/2025,10321,304,1475,1031,0,2003,0
07/08/2025,5123,531,1351,911,0,2104,0
07/08/2025,7382,330,4675,3742,0,1823,0
07/08/2025,6630,339,2100,2811,0,1841,0
07/08/2025,9089,438,3580,2462,0,1807,0
07/08/2025,6605,547,3170,760,0,2688,0
07/08/2025,10986,632,4038,3204,0,803,0
07/08/2025,9857,532,2797,3154,0,1321,0
07/08/2025,8829,321,3435,1596,0,2237,0
07/08/2025,7878,325,1867,1192,0,2138,0
07/08/2025,4399,568,937,1207,0,2812,0
07/08/2025,7454,300,4381,1185,0,2039,0
08/08/2025,9567,334,1884,2791,0,1799,0
08/08/2025,7283,516,1647,1269,0,1354,0
08/08/2025,7032,551,2179,1776,0,1682,0
08/08/2025,5846,564,3638,2292,0,932,0
08/08/2025,5552,507,2468,1183,0,1399,0
08/08/2025,11002,414,3702,2443,0,1890,0
08/08/2025,6202,758,2430,1814,0,2762,0
08/08/2025,6525,441,3866,2716,0,1323,0
08/08/2025,8905,725,1055,1638,0,2161,0
08/08/2025,10526,400,1563,1734,0,2420,0
08/08/2025,6781,443,2776,2872,0,1533,0
08/08/2025,4507,654,2394,3637,0,2879,0
08/08/2025,7873,491,1317,2391,0,2550,0
08/08/2025,10124,486,4335,3181,0,2623,0
08/08/2025,8473,726,2582,3426,0,2629,0
09/08/2025,8125,542,2547,2859,0,3195,0
09/08/2025,6779,502,1580,1817,0,1345,0
09/08/2025,7189,313,3764,2035,0,2359,0
09/08/2025,8650,305,2367,1936,0,2032,0
09/08/2025,6046,349,1148,4083,0,1705,0
09/08/2025,9213,369,4149,2451,0,2261,0
09/08/2025,8334,296,1211,3528,0,3293,0
09/08/2025,7567,381,2742,1848,0,2347,0
09/08/2025,6182,511,4097,3461,0,1449,0
09/08/2025,5089,665,3730,2430,0,1726,0
09/08/2025,6685,243,1236,2329,0,1241,0
09/08/2025,7736,673,2976,1346,0,1254,0
09/08/2025,9914,681,1279,2411,0,2750,0
09/08/2025,5876,368,2163,3900,0,2448,0
09/08/2025,4248,421,2313,1138,0,2847,0
10/08/2025,7175,540,3096,3890,0,2108,0
10/08/2025,8895,329,4163,1951,0,2710,0
10/08/2025,10122,771,3102,2817,0,2007,0
10/08/2025,5704,680,3465,2260,0,968,0
10/08/2025,11584,295,4033,3888,0,1779,0
10/08/2025,7222,666,1310,2575,0,2926,0
10/08/2025,8835,628,3837,1419,0,1927,0
10/08/2025,6228,381,3051,2363,0,3165,0
10/08/2025,9856,607,2947,2951,0,1942,0
10/08/2025,8886,375,1837,1568,0,2366,0
10/08/2025,8731,433,1748,4303,0,1311,0
10/08/2025,7681,469,3513,3996,0,3409,0
10/08/2025,6970,584,2447,2153,0,2706,0
10/08/2025,10552,503,2845,2976,0,1060,0
11/08/2025,10031,571,3210,4339,0,2581,0
11/08/2025,7196,504,2478,2645,0,2574,0
11/08/2025,8033,539,1469,1789,0,1136,0
11/08/2025,4522,531,2365,879,0,1549,0
11/08/2025,8132,620,3240,1670,0,2312,0
11/08/2025,10652,757,3361,1728,0,1343,0
11/08/2025,7879,469,2614,1703,0,1294,0
11/08/2025,8237,800,834,1864,0,2607,0
11/08/2025,5084,721,2915,1675,0,1967,0
11/08/2025,5790,270,2502,4130,0,1808,0
11/08/2025,4307,344,2705,2890,0,2952,0
11/08/2025,9640,471,1894,1724,0,2555,0
11/08/2025,7336,526,3037,2537,0,1446,0
11/08/2025,6400,634,1198,2479,0,2516,0
11/08/2025,6134,785,2607,3381,0,1445,0
12/08/2025,6939,282,939,3746,0,894,0
12/08/2025,8077,776,1092,2443,0,1177,0
12/08/2025,6666,760,2105,3582,0,976,0
12/08/2025,9929,294,3737,1456,0,2757,0
12/08/2025,5911,695,4060,2222,0,2343,0
12/08/2025,7928,406,2013,3054,0,1091,0
12/08/2025,10214,511,3445,900,0,1304,0
12/08/2025,5290,624,1295,2040,0,2216,0
12/08/2025,9075,455,2675,1483,0,1443,0
12/08/2025,9810,618,1374,1210,0,2287,0
12/08/2025,10002,435,3319,1750,0,2111,0
12/08/2025,6477,417,2800,1474,0,1209,0
12/08/2025,10189,375,3096,3390,0,1181,0
12/08/2025,5230,407,2155,2359,0,3492,0
12/08/2025,11441,272,902,933,0,1540,0
13/08/2025,10929,641,1311,2942,0,2536,0
13/08/2025,7825,823,1112,3620,0,1753,0
13/08/2025,5696,330,1517,1468,0,3145,0
13/08/2025,7164,508,1101,3088,0,1255,0
13/08/2025,5899,643,3869,2907,0,1363,0
13/08/2025,5035,377,3352,2025,0,1304,0
13/08/2025,5673,267,2263,1249,0,1497,0
13/08/2025,7051,327,3454,2103,0,1621,0
13/08/2025,5522,749,2661,2318,0,3129,0
13/08/2025,5277,609,3599,2027,0,1429,0
13/08/2025,9268,469,1861,1487,0,3462,0
13/08/2025,5355,260,3830,2042,0,1350,0
13/08/2025,10383,827,3484,1738,0,2321,0
13/08/2025,10668,551,3055,1610,0,2701,0
13/08/2025,10565,455,2006,2190,0,1428,0
14/08/2025,9846,464,2557,2707,0,1905,0
14/08/2025,7828,409,2516,2801,0,2677,0
14/08/2025,6579,442,2805,2348,0,2042,0
14/08/2025,6389,434,3036,3616,0,2603,0
14/08/2025,10630,462,3615,2262,0,2510,0
14/08/2025,8862,324,1892,4552,0,951,0
14/08/2025,8794,305,2014,1666,0,2266,0
14/08/2025,10684,406,2968,2886,0,1566,0
14/08/2025,11422,412,1295,1591,0,1523,0
14/08/2025,11201,580,1476,2358,0,2972,0
14/08/2025,7906,332,2239,1262,0,1953,0
14/08/2025,8271,297,3995,2260,0,1515,0
14/08/2025,9173,409,3386,4008,0,2334,0
14/08/2025,7683,442,876,1007,0,2789,0
14/08/2025,9557,657,3709,1683,0,2214,0
15/08/2025,6536,406,4585,1161,0,1935,0
15/08/2025,6750,714,2537,4582,0,2753,0
15/08/2025,11092,432,4787,4322,0,2882,0
15/08/2025,6293,321,3142,1406,0,1971,0
15/08/2025,10241,680,1750,1736,0,2661,0
15/08/2025,7200,310,2682,1681,0,1134,0
15/08/2025,11259,703,2525,3890,0,3407,0
15/08/2025,5376,343,2716,1867,0,2597,0
15/08/2025,5692,267,1201,1710,0,2226,0
15/08/2025,9809,580,3256,3643,0,1914,0
15/08/2025,7004,283,1173,1468,0,1573,0
15/08/2025,9643,461,2175,2401,0,2579,0
15/08/2025,4915,294,1898,1142,0,1020,0
15/08/2025,4642,468,1762,3606,0,2494,0
15/08/2025,6534,296,2902,3607,0,1546,0
16/08/2025,6787,281,2216,4175,0,1444,0
16/08/2025,6666,271,1671,2912,0,1470,0
16/08/2025,8451,692,2557,1108,0,1675,0
16/08/2025,5903,243,2957,1958,0,1439,0
16/08/2025,7686,547,4002,2885,0,1711,0
16/08/2025,4030,771,4504,2517,0,2442,0
16/08/2025,3910,303,3026,902,0,1476,0
16/08/2025,9031,413,1296,1856,0,1873,0
16/08/2025,8620,456,1834,2063,0,1726,0
16/08/2025,6137,356,3535,3638,0,1969,0
16/08/2025,8073,514,2545,3263,0,2790,0
16/08/2025,8223,347,2037,1237,0,2310,0
16/08/2025,6999,465,3999,1469,0,2165,0
16/08/2025,7487,328,2916,1156,0,2233,0
16/08/2025,10561,750,3052,3816,0,1359,0
17/08/2025,9558,578,1485,2635,0,1644,0
17/08/2025,7307,799,3541,1576,0,2720,0
17/08/2025,7425,480,2404,1648,0,2485,0
17/08/2025,6759,440,805,1482,0,1355,0
17/08/2025,5533,618,1496,2974,0,1920,0
17/08/2025,8810,362,3065,1666,0,3239,0
17/08/2025,4799,513,2343,3309,0,2446,0
17/08/2025,8064,589,999,2747,0,1164,0
17/08/2025,6247,748,4334,2187,0,1508,0
17/08/2025,7043,757,867,1257,0,2271,0
17/08/2025,7333,663,2352,2280,0,1502,0
17/08/2025,8963,460,2935,4023,0,2028,0
17/08/2025,5778,495,3245,1916,0,2626,0
18/08/2025,7412,441,2809,2904,0,2977,0
18/08/2025,8043,322,4191,923,0,1152,0
18/08/2025,11667,576,1746,2588,0,1690,0
18/08/2025,8043,430,2776,1418,0,1461,0
18/08/2025,8214,816,2112,1231,0,2039,0
18/08/2025,7198,364,2192,2992,0,1718,0
18/08/2025,8753,591,2572,2551,0,2653,0
18/08/2025,6624,678,918,3624,0,2077,0
18/08/2025,5932,341,4240,3233,0,1986,0
18/08/2025,11880,423,3132,2525,0,1291,0
18/08/2025,8333,750,1269,3311,0,2838,0
18/08/2025,7063,387,3452,4078,0,1422,0
18/08/2025,6202,447,2016,1284,0,2236,0
18/08/2025,5635,400,3395,1173,0,964,0
18/08/2025,7528,508,1792,3972,0,2463,0
19/08/2025,6943,509,3990,2800,0,1931,0
19/08/2025,8371,714,3235,1942,0,2451,0
19/08/2025,7175,466,3858,1288,0,2235,0
19/08/2025,7183,599,3727,1551,0,2162,0
19/08/2025,6687,442,1613,3183,0,2680,0
19/08/2025,5906,571,2741,4208,0,1037,0
19/08/2025,5621,378,2204,3826,0,1604,0
19/08/2025,7103,504,1327,1741,0,2688,0
19/08/2025,11131,537,2120,3365,0,1738,0
19/08/2025,7718,355,2406,3576,0,1329,0
19/08/2025,8087,389,1941,4248,0,1155,0
19/08/2025,7816,324,2672,3234,0,2119,0
19/08/2025,9181,693,2545,1629,0,1322,0
19/08/2025,8455,387,1643,2400,0,2048,0
19/08/2025,6924,639,2530,3222,0,2152,0
20/08/2025,6082,622,1359,3572,0,2184,0
20/08/2025,6234,432,1406,3133,0,2435,0
20/08/2025,6102,467,3978,3081,0,1153,0
20/08/2025,6353,488,1796,2031,0,2902,0
20/08/2025,5143,474,3240,2114,0,2544,0
20/08/2025,10878,494,2948,1824,0,3310,0
20/08/2025,11754,791,2103,1919,0,1671,0
20/08/2025,10183,676,2315,3214,0,3095,0
20/08/2025,7397,389,1124,3268,0,1893,0
20/08/2025,5698,397,1116,1395,0,1408,0
20/08/2025,5519,531,4337,1530,0,1782,0
20/08/2025,10280,627,3381,1985,0,1809,0
20/08/2025,9505,259,1723,2542,0,2473,0
20/08/2025,6334,736,1418,1247,0,1403,0
20/08/2025,6226,645,1620,1335,0,1660,0
21/08/2025,7520,374,2241,1072,0,959,0
21/08/2025,7617,428,1886,1576,0,1253,0
21/08/2025,6222,391,2851,3983,0,1154,0
21/08/2025,6178,411,1784,1102,0,1466,0
21/08/2025,6737,453,2547,1714,0,2998,0
21/08/2025,9776,460,3001,2943,0,2196,0
21/08/2025,8513,572,1741,2938,0,1147,0
21/08/2025,6663,598,1235,3301,0,907,0
21/08/2025,5749,290,2171,1904,0,2035,0
21/08/2025,5781,620,2041,4608,0,2420,0
21/08/2025,8066,532,2600,2659,0,1765,0
21/08/2025,4632,471,3305,3986,0,2135,0
21/08/2025,5391,501,3173,2587,0,2045,0
21/08/2025,5715,613,3077,3634,0,1116,0
21/08/2025,9126,402,3315,1840,0,2141,0
22/08/2025,8891,299,1162,2178,0,2065,0
22/08/2025,8672,384,3298,3264,0,1953,0
22/08/2025,10387,342,4234,1382,0,1307,0
22/08/2025,8551,487,2121,1573,0,1849,0
22/08/2025,5092,471,3615,2198,0,1256,0
22/08/2025,5959,436,1592,1408,0,1559,0
22/08/2025,6896,543,3814,3687,0,2425,0
22/08/2025,7395,520,2416,1234,0,2531,0
22/08/2025,9419,520,3149,1585,0,2454,0
22/08/2025,7208,359,2491,1957,0,3012,0
22/08/2025,11349,571,4478,3208,0,2108,0
22/08/2025,3847,319,2776,1177,0,1856,0
22/08/2025,10797,484,1855,2075,0,1963,0
22/08/2025,9684,369,3533,3380,0,2867,0
22/08/2025,8472,640,2880,1333,0,2211,0
23/08/2025,6780,715,1783,2845,0,3010,0
23/08/2025,8018,595,957,1294,0,2410,0
23/08/2025,11845,406,1074,3287,0,2075,0
23/08/2025,10670,441,1003,4442,0,2137,0
23/08/2025,5459,318,2677,3712,0,2105,0
23/08/2025,10284,529,3941,2165,0,2514,0
23/08/2025,9194,639,2625,4230,0,2472,0
23/08/2025,6378,531,1813,1807,0,3090,0
23/08/2025,5921,335,1829,1627,0,2525,0
23/08/2025,8023,380,2280,1351,0,3442,0
23/08/2025,6387,429,1633,1196,0,1944,0
23/08/2025,9161,370,3330,1301,0,2559,0
23/08/2025,4799,627,3446,3707,0,3416,0
23/08/2025,6312,712,2954,1088,0,1283,0
23/08/2025,4332,693,2073,3487,0,2201,0
24/08/2025,7561,471,2126,2471,0,1503,0
24/08/2025,8709,535,1210,2780,0,1865,0
24/08/2025,7155,571,2075,3317,0,1332,0
24/08/2025,5987,256,2966,1541,0,2853,0
24/08/2025,9754,615,2069,1173,0,1566,0
24/08/2025,8709,541,1144,1491,0,1554,0
24/08/2025,6607,377,1325,2390,0,2713,0
24/08/2025,5284,495,2065,1308,0,1486,0
24/08/2025,9051,462,4470,1773,0,3104,0
24/08/2025,6829,376,2897,965,0,2006,0
24/08/2025,12072,584,1994,1535,0,2362,0
24/08/2025,6572,563,1183,4527,0,2030,0
24/08/2025,7291,563,3220,2028,0,2018,0
25/08/2025,9345,581,2678,2918,0,1663,0
25/08/2025,7276,414,2977,1384,0,1528,0
25/08/2025,5912,579,3637,1792,0,2423,0
25/08/2025,7498,260,4080,1443,0,1874,0
25/08/2025,7149,566,1993,1782,0,1310,0
25/08/2025,9757,453,1446,2063,0,1229,0
25/08/2025,4036,389,1719,2039,0,1791,0
25/08/2025,6519,803,1264,2409,0,1360,0
25/08/2025,6168,585,2998,1725,0,2172,0
25/08/2025,10873,616,2777,1106,0,1773,0
25/08/2025,4474,441,2122,2048,0,2280,0
25/08/2025,9031,327,1301,1960,0,2618,0
25/08/2025,8482,429,2760,3241,0,2006,0
25/08/2025,5621,498,2365,3779,0,1086,0
25/08/2025,7467,247,3265,1873,0,2821,0
26/08/2025,7712,477,1578,2411,0,2984,0
26/08/2025,8333,360,1334,3733,0,1037,0
26/08/2025,6213,677,2060,1312,0,2234,0
26/08/2025,7400,371,1496,3671,0,1331,0
26/08/2025,5885,570,2602,1921,0,1449,0
26/08/2025,9273,738,2733,1253,0,2608,0
26/08/2025,4849,535,3552,1782,0,1737,0
26/08/2025,7804,489,1145,937,0,1835,0
26/08/2025,8800,238,2618,2387,0,3597,0
26/08/2025,3974,295,2814,3124,0,1853,0
26/08/2025,6371,622,2113,1674,0,1886,0
26/08/2025,5428,441,3228,1922,0,1041,0
26/08/2025,7866,321,3114,1881,0,1937,0
26/08/2025,6474,662,2845,1433,0,2739,0
26/08/2025,6691,663,2580,2403,0,2402,0
27/08/2025,8213,430,3058,1221,0,1946,0
27/08/2025,9575,525,1313,2673,0,1330,0
27/08/2025,8832,698,3052,1489,0,2123,0
27/08/2025,6951,585,2445,3981,0,2723,0
27/08/2025,5289,565,2344,2569,0,1480,0
27/08/2025,6675,505,1526,4010,0,1829,0
27/08/2025,8215,269,2151,2741,0,1679,0
27/08/2025,11072,281,3259,2808,0,3220,0
27/08/2025,9404,449,1707,3424,0,1979,0
27/08/2025,8553,441,1486,3673,0,2369,0
27/08/2025,8027,738,3039,1346,0,1838,0
27/08/2025,6691,413,1852,3127,0,2413,0
27/08/2025,6125,532,2543,2028,0,1809,0
27/08/2025,7856,399,1957,3099,0,2392,0
27/08/2025,6805,492,2303,1791,0,1424,0
28/08/2025,9758,466,1138,1160,0,2305,0
28/08/2025,9051,501,3092,3569,0,1215,0
28/08/2025,7805,372,3251,2338,0,1972,0
28/08/2025,9143,326,1015,912,0,2249,0
28/08/2025,8622,579,2260,2675,0,3194,0
28/08/2025,6422,365,3068,1701,0,1730,0
28/08/2025,6100,248,1516,2008,0,2368,0
28/08/2025,6505,427,2143,2154,0,2772,0
28/08/2025,6362,524,1658,1760,0,3517,0
28/08/2025,7733,317,3219,1021,0,1280,0
28/08/2025,6598,379,1599,4312,0,1017,0
28/08/2025,11589,376,1281,4156,0,2068,0
28/08/2025,9047,476,2059,2991,0,2669,0
28/08/2025,8718,798,2770,2395,0,2456,0
28/08/2025,8762,447,2322,4039,0,1895,0
29/08/2025,7160,351,3395,1310,0,866,0
29/08/2025,4621,541,3724,1940,0,993,0
29/08/2025,7636,620,2371,1459,0,1605,0
29/08/2025,9824,435,2319,1490,0,1972,0
29/08/2025,8670,435,1452,1190,0,2448,0
29/08/2025,8998,288,3316,1586,0,2088,0
29/08/2025,5903,485,2083,2417,0,2084,0
29/08/2025,4078,694,3663,4131,0,1260,0
29/08/2025,11307,598,2667,1332,0,1651,0
29/08/2025,5684,304,2894,2773,0,2060,0
29/08/2025,8556,842,2478,4019,0,2016,0
29/08/2025,5292,552,1832,4417,0,824,0
29/08/2025,9059,525,3465,2931,0,2356,0
29/08/2025,6452,607,2512,3737,0,1066,0
29/08/2025,9788,660,2753,3024,0,3214,0
30/08/2025,9976,560,1868,1935,0,1927,0
30/08/2025,10772,361,1668,4793,0,1315,0
30/08/2025,8798,439,1728,1248,0,2466,0
30/08/2025,8410,787,2394,2846,0,1820,0
30/08/2025,5705,482,2899,2902,0,1501,0
30/08/2025,7041,506,1637,1343,0,1726,0
30/08/2025,6226,590,1808,3796,0,2514,0
30/08/2025,8533,570,1068,3867,0,1556,0
30/08/2025,8690,569,1446,2101,0,2842,0
30/08/2025,9853,487,1503,2428,0,1853,0
30/08/2025,9928,389,1031,1862,0,2136,0
30/08/2025,12446,446,1319,3430,0,1595,0
30/08/2025,5818,792,4977,3926,0,1618,0
30/08/2025,6673,585,2752,3430,0,2282,0
30/08/2025,9014,481,2482,1526,0,1249,0
31/08/2025,7454,382,1448,2477,0,2153,0
31/08/2025,8100,321,1707,4687,0,1097,0
31/08/2025,7574,275,1402,3523,0,2459,0
31/08/2025,6173,783,1759,2289,0,2138,0
31/08/2025,7219,747,2577,2153,0,1537,0
31/08/2025,5200,285,2711,1236,0,1396,0
31/08/2025,6253,657,1516,2666,0,2083,0
31/08/2025,11235,400,4440,1127,0,2114,0
31/08/2025,7151,466,1765,3551,0,2776,0
31/08/2025,7886,501,2315,3577,0,2466,0
31/08/2025,7645,567,2189,3168,0,2020,0
31/08/2025,9079,323,2219,1229,0,1148,0
31/08/2025,5726,793,1039,2703,0,1225,0
31/08/2025,8523,463,4448,2284,0,2538,0
01/09/2025,6851,709,1083,1405,0,1550,0
01/09/2025,5751,621,3775,1146,0,1683,0
01/09/2025,7477,286,1989,4724,0,1823,0
01/09/2025,5754,691,1905,1034,0,2626,0
01/09/2025,7241,575,3137,2995,0,3079,0
01/09/2025,4892,350,1749,2324,0,2272,0
01/09/2025,9097,395,2542,1216,0,1829,0
01/09/2025,5372,420,1448,1629,0,1841,0
01/09/2025,8191,536,2206,2862,0,1658,0
01/09/2025,7248,501,4465,3420,0,2824,0
01/09/2025,4779,398,1413,1570,0,1149,0
01/09/2025,8180,497,1041,3087,0,1142,0
01/09/2025,5835,438,2084,3269,0,2763,0
01/09/2025,10230,538,2921,2480,0,3243,0
01/09/2025,10630,521,2371,1512,0,1235,0
02/09/2025,7107,438,4135,3431,0,1564,0
02/09/2025,8876,526,2224,4343,0,2793,0
02/09/2025,11100,320,1526,2102,0,1558,0
02/09/2025,6384,350,1728,3915,0,2592,0
02/09/2025,7349,546,2837,2003,0,1871,0
02/09/2025,5861,589,4435,2177,0,2437,0
02/09/2025,7669,410,2104,2456,0,2304,0
02/09/2025,6992,415,3404,1239,0,1101,0
02/09/2025,4637,487,1624,3112,0,1611,0
02/09/2025,7403,560,4582,1370,0,1586,0
02/09/2025,8938,677,2925,1105,0,2367,0
02/09/2025,6049,382,1836,3784,0,2201,0
02/09/2025,8255,664,4120,2384,0,2387,0
02/09/2025,7992,573,2005,2018,0,2297,0
02/09/2025,7272,587,1160,3734,0,1398,0
03/09/2025,9243,715,3175,3044,0,3407,0
03/09/2025,5510,545,3696,2436,0,1457,0
03/09/2025,9107,319,2085,1838,0,1793,0
03/09/2025,6925,719,4350,1499,0,1007,0
03/09/2025,10461,624,1125,2532,0,2277,0
03/09/2025,9158,309,1849,3223,0,1444,0
03/09/2025,4488,376,3936,1832,0,1054,0
03/09/2025,6720,418,3337,3270,0,2010,0
03/09/2025,4945,712,1766,2585,0,1875,0
03/09/2025,5582,421,1958,2081,0,1783,0
03/09/2025,5657,619,2063,3160,0,1164,0
03/09/2025,7193,422,1969,3290,0,2572,0
03/09/2025,9759,684,3235,2752,0,2104,0
03/09/2025,8324,449,1934,1846,0,3115,0
03/09/2025,10723,603,2762,1334,0,1290,0
04/09/2025,10894,397,1536,2747,0,2762,0
04/09/2025,5839,389,4693,1678,0,1780,0
04/09/2025,10717,420,2825,3764,0,1264,0
04/09/2025,8972,787,3424,1498,0,2780,0
04/09/2025,6792,417,1497,2236,0,1494,0
04/09/2025,5068,399,2858,3967,0,918,0
04/09/2025,7713,547,1425,2602,0,2470,0
04/09/2025,7666,778,3411,3267,0,2683,0
04/09/2025,5621,762,1375,3063,0,985,0
04/09/2025,8671,594,2804,1335,0,3528,0
04/09/2025,7477,665,2802,1548,0,2955,0
04/09/2025,6444,661,3165,4306,0,2360,0
04/09/2025,4792,499,1516,3663,0,2491,0
04/09/2025,5366,295,2815,2225,0,2970,0
04/09/2025,7301,617,1398,2587,0,2207,0
05/09/2025,5865,713,1184,4318,0,1185,0
05/09/2025,6089,556,1848,2562,0,1944,0
05/09/2025,4458,277,2556,1367,0,2089,0
05/09/2025,6224,524,1794,1035,0,1412,0
05/09/2025,4775,455,4799,2078,0,2797,0
05/09/2025,6424,488,1380,1309,0,1394,0
05/09/2025,8223,785,2890,2383,0,1744,0
05/09/2025,5822,576,2016,4722,0,2679,0
05/09/2025,6767,606,3434,2584,0,840,0
05/09/2025,7729,491,3474,2611,0,985,0
05/09/2025,5335,631,1072,1163,0,924,0
05/09/2025,6735,418,3594,1433,0,1837,0
05/09/2025,9206,596,2121,1040,0,1313,0
05/09/2025,7730,346,1424,2657,0,2898,0
05/09/2025,11185,272,2769,3362,0,2382,0
06/09/2025,8171,510,3627,892,0,1624,0
06/09/2025,7657,791,1287,1973,0,1789,0
06/09/2025,5113,659,1056,3853,0,1223,0
06/09/2025,8581,389,1484,2552,0,1843,0
06/09/2025,6054,400,2749,1847,0,1382,0
06/09/2025,12062,710,1285,1016,0,1242,0
06/09/2025,5194,520,1556,1298,0,1431,0
06/09/2025,10965,786,3209,1834,0,1426,0
06/09/2025,7502,632,1173,1573,0,1298,0
06/09/2025,6502,476,1935,2793,0,1136,0
06/09/2025,6212,332,2016,3607,0,999,0
06/09/2025,5376,461,2591,3840,0,1826,0
06/09/2025,5166,475,979,2605,0,2745,0
06/09/2025,6280,272,2238,1165,0,1725,0
06/09/2025,5548,507,4807,3316,0,1075,0
07/09/2025,7005,481,1664,2495,0,969,0
07/09/2025,4443,273,3033,3050,0,2334,0
07/09/2025,7217,475,3417,2152,0,1948,0
07/09/2025,6314,763,2020,4020,0,3264,0
07/09/2025,9766,537,3463,4959,0,2989,0
07/09/2025,4242,550,2963,2214,0,1164,0
07/09/2025,5549,510,2878,2896,0,1093,0
07/09/2025,6268,488,1725,3133,0,1819,0
07/09/2025,5962,499,1067,1817,0,2180,0
07/09/2025,7328,713,2982,3009,0,3103,0
07/09/2025,7302,356,3278,950,0,1751,0
07/09/2025,8166,665,3850,3799,0,1244,0
07/09/2025,10106,414,2128,2499,0,1734,0
08/09/2025,7377,510,1123,4212,0,970,0
08/09/2025,4724,441,3007,2885,0,1638,0
08/09/2025,8248,284,1471,1420,0,3149,0
08/09/2025,8860,507,2352,3690,0,1292,0
08/09/2025,6075,392,3243,4084,0,2714,0
08/09/2025,7846,419,3225,3007,0,1417,0
08/09/2025,6760,779,2902,3479,0,1183,0
08/09/2025,6474,411,1650,1173,0,2132,0
08/09/2025,9171,431,3919,1815,0,2798,0
08/09/2025,7118,611,1760,2236,0,1710,0
08/09/2025,7719,745,1704,3075,0,1104,0
08/09/2025,7043,456,3256,3154,0,1211,0
08/09/2025,7846,412,3780,3601,0,2372,0
08/09/2025,3831,505,1073,2720,0,963,0
09/09/2025,9283,718,3612,2332,0,2564,0
09/09/2025,4431,550,2184,2426,0,1547,0
09/09/2025,7325,231,2495,2178,0,922,0
09/09/2025,11828,372,1352,4428,0,1630,0
09/09/2025,9700,561,1247,2399,0,2387,0
09/09/2025,5606,742,2078,3924,0,3091,0
09/09/2025,10140,731,1756,3451,0,1851,0
09/09/2025,8069,313,2317,3114,0,2633,0
09/09/2025,8195,438,2364,3202,0,2504,0
09/09/2025,9541,364,2195,858,0,1686,0
09/09/2025,7725,613,1384,1496,0,2251,0
09/09/2025,4461,240,2181,3466,0,2547,0
09/09/2025,4871,462,1193,3353,0,2445,0
09/09/2025,5309,686,3461,3544,0,1949,0
10/09/2025,7760,289,3253,1396,0,2173,0
10/09/2025,11000,338,1951,2030,0,1404,0
10/09/2025,7063,444,1367,921,0,2084,0
10/09/2025,6636,412,2783,1196,0,1144,0
10/09/2025,11882,622,3017,1149,0,2942,0
10/09/2025,10410,432,2464,4336,0,1940,0
10/09/2025,6922,325,3355,2311,0,2856,0
10/09/2025,11473,498,2275,1077,0,3064,0
10/09/2025,6771,610,1996,1336,0,3212,0
10/09/2025,6276,487,1690,2572,0,1128,0
10/09/2025,11084,505,1348,1799,0,2497,0
10/09/2025,6422,350,3237,3301,0,1375,0
10/09/2025,8205,331,3203,4259,0,1688,0
10/09/2025,7333,434,1654,1664,0,1323,0
11/09/2025,12190,441,2144,4533,0,2677,0
11/09/2025,5756,342,3167,1260,0,3013,0
11/09/2025,3885,362,4184,4012,0,2762,0
11/09/2025,5498,660,2633,1407,0,2361,0
11/09/2025,9219,382,2288,4948,0,1612,0
11/09/2025,7441,621,2328,3776,0,3270,0
11/09/2025,9513,697,1812,2927,0,2660,0
11/09/2025,8288,652,2437,1607,0,1867,0
11/09/2025,10651,481,3899,2293,0,2675,0
11/09/2025,7307,556,4694,1887,0,1257,0
11/09/2025,6881,422,1071,3372,0,1344,0
11/09/2025,11251,356,3980,3863,0,1709,0
11/09/2025,7196,576,2390,1492,0,2924,0
11/09/2025,8674,641,1362,1888,0,1406,0
11/09/2025,8691,505,2857,1557,0,968,0
12/09/2025,5713,377,1262,3123,0,1091,0
12/09/2025,5492,672,1775,2952,0,2756,0
12/09/2025,6677,703,2913,3146,0,1344,0
12/09/2025,8383,543,1501,4130,0,2565,0
12/09/2025,8099,580,4187,2520,0,1528,0
12/09/2025,8777,716,3792,2038,0,2443,0
12/09/2025,6723,391,1577,1468,0,2562,0
12/09/2025,5683,482,2907,2565,0,2343,0
12/09/2025,11737,431,2137,2091,0,3463,0
12/09/2025,8207,460,2470,4418,0,1462,0
12/09/2025,6182,832,1611,2427,0,1237,0
12/09/2025,7961,481,3628,3067,0,2748,0
12/09/2025,9168,596,1816,1493,0,1817,0
12/09/2025,7837,486,943,2661,0,2930,0
12/09/2025,4640,754,1633,1117,0,2226,0
13/09/2025,11168,608,2972,2492,0,1190,0
13/09/2025,9109,403,2271,4412,0,771,0
13/09/2025,5277,409,1237,2023,0,1901,0
13/09/2025,5219,359,1941,1944,0,1860,0
13/09/2025,8724,291,3138,1343,0,2441,0
13/09/2025,8294,418,1530,1030,0,1353,0
13/09/2025,4614,537,2938,3782,0,1728,0
13/09/2025,6081,367,1737,2720,0,2289,0
13/09/2025,8612,618,2909,1982,0,1618,0
13/09/2025,5645,501,1602,4161,0,1866,0
13/09/2025,10219,506,2281,2283,0,2429,0
13/09/2025,5424,452,4438,2852,0,2416,0
13/09/2025,8838,423,1947,2292,0,1904,0
13/09/2025,4819,362,1490,4523,0,1279,0
13/09/2025,8393,510,3095,1252,0,1927,0
14/09/2025,6978,797,3745,3086,0,1788,0
14/09/2025,6919,348,2320,3161,0,2513,0
14/09/2025,7238,392,3645,1818,0,2705,0
14/09/2025,5917,494,2328,3205,0,2815,0
14/09/2025,8193,369,1136,2529,0,2575,0
14/09/2025,7186,387,3131,1237,0,1998,0
14/09/2025,8886,591,1265,3716,0,1779,0
14/09/2025,5841,550,1354,1577,0,1913,0
14/09/2025,7522,568,2871,3656,0,1618,0
14/09/2025,7032,799,1995,2641,0,1567,0
14/09/2025,9999,733,3448,3587,0,1645,0
14/09/2025,6512,311,4522,1627,0,1409,0
14/09/2025,7212,622,2234,2478,0,2852,0
15/09/2025,10307,530,2536,2542,0,2898,0
15/09/2025,8264,348,1748,3497,0,3014,0
15/09/2025,8175,442,1248,2115,0,2156,0
15/09/2025,8730,433,3767,1580,0,1358,0
15/09/2025,9418,357,2304,957,0,2447,0
15/09/2025,9469,359,3313,3481,0,1774,0
15/09/2025,5052,336,1289,3437,0,1990,0
15/09/2025,5995,498,1180,1891,0,1724,0
15/09/2025,7761,313,4518,1646,0,2074,0
15/09/2025,5526,322,2941,2609,0,2061,0
15/09/2025,8502,638,3266,4312,0,1224,0
15/09/2025,8988,318,2339,2814,0,3091,0
15/09/2025,4900,343,4112,3857,0,2470,0
15/09/2025,10901,271,3515,1919,0,2321,0
15/09/2025,7010,499,1473,2251,0,2757,0
16/09/2025,7433,414,1349,3679,0,1603,0
16/09/2025,6037,388,2310,1016,0,1668,0
16/09/2025,6307,464,1648,1433,0,1233,0
16/09/2025,12307,373,4302,2562,0,1552,0
16/09/2025,10503,486,2843,1876,0,1588,0
16/09/2025,7318,696,1274,2932,0,1584,0
16/09/2025,11108,477,2196,1475,0,2639,0
16/09/2025,10954,748,3107,3113,0,1651,0
16/09/2025,8222,489,4548,2768,0,3507,0
16/09/2025,9548,434,1663,2684,0,1839,0
16/09/2025,6561,591,1341,1394,0,1112,0
16/09/2025,8153,503,1322,1832,0,1782,0
16/09/2025,8290,650,1283,1654,0,1070,0
16/09/2025,8993,543,2573,1686,0,1662,0
16/09/2025,5075,414,1384,1139,0,1411,0
17/09/2025,6740,485,2060,1151,0,2922,0
17/09/2025,7177,590,2520,2852,0,2340,0
17/09/2025,7476,365,3401,2384,0,965,0
17/09/2025,8332,809,1471,1172,0,2009,0
17/09/2025,5826,814,3762,2238,0,1262,0
17/09/2025,8287,566,1690,952,0,3462,0
17/09/2025,8170,354,1169,1985,0,2064,0
17/09/2025,10524,355,3464,3418,0,1310,0
17/09/2025,5916,447,3668,2934,0,2993,0
17/09/2025,7939,294,1178,3828,0,2545,0
17/09/2025,5113,515,2342,2254,0,836,0
17/09/2025,8401,443,1867,2857,0,3138,0
17/09/2025,5351,276,4741,2718,0,3504,0
17/09/2025,8333,693,2688,1181,0,1577,0
17/09/2025,8131,848,1734,3563,0,3192,0
18/09/2025,7059,345,3074,1422,0,1281,0
18/09/2025,8640,465,3638,1609,0,1616,0
18/09/2025,5977,776,3449,1351,0,1406,0
18/09/2025,7801,812,3452,1580,0,2266,0
18/09/2025,5571,469,3054,3315,0,2009,0
18/09/2025,7544,427,2838,858,0,2163,0
18/09/2025,9066,449,2171,1395,0,2215,0
18/09/2025,6306,555,3099,3266,0,1569,0
18/09/2025,9161,645,3225,1394,0,2467,0
18/09/2025,6906,368,2221,2025,0,2082,0
18/09/2025,8690,423,3560,2222,0,1256,0
18/09/2025,8629,461,2660,2088,0,2046,0
18/09/2025,9440,507,3033,1837,0,1315,0
18/09/2025,5491,416,4709,3559,0,2275,0
18/09/2025,6120,476,1809,2203,0,2329,0
19/09/2025,5238,720,2674,1787,0,3618,0
19/09/2025,11082,540,2611,1171,0,2233,0
19/09/2025,8331,485,2682,2429,0,1240,0
19/09/2025,10048,512,1734,2461,0,2942,0
19/09/2025,7866,474,4704,1263,0,2089,0
19/09/2025,4939,436,2590,1171,0,1212,0
19/09/2025,10958,356,2999,1167,0,1344,0
19/09/2025,5627,522,3075,2344,0,1746,0
19/09/2025,10791,296,3055,3858,0,2346,0
19/09/2025,7644,601,1700,1093,0,2666,0
19/09/2025,9872,764,1783,2450,0,1751,0
19/09/2025,5778,656,3147,3740,0,2784,0
19/09/2025,8908,455,2567,2856,0,1206,0
19/09/2025,7561,694,1891,3545,0,1363,0
19/09/2025,10662,461,1998,1247,0,2525,0
20/09/2025,7749,462,2945,3306,0,2472,0
20/09/2025,6366,350,4003,1220,0,3216,0
20/09/2025,6697,403,3536,1706,0,2723,0
20/09/2025,6972,645,1601,2469,0,835,0
20/09/2025,9966,501,4594,2283,0,822,0
20/09/2025,7664,721,1195,2218,0,1103,0
20/09/2025,6976,735,3703,2860,0,1347,0
20/09/2025,7410,569,3823,1748,0,2872,0
20/09/2025,7250,531,1264,2555,0,1298,0
20/09/2025,8879,553,2375,2078,0,3596,0
20/09/2025,10737,352,1748,2449,0,2016,0
20/09/2025,7638,313,3843,2375,0,2136,0
20/09/2025,6802,272,4372,1528,0,2987,0
20/09/2025,8997,458,3513,1349,0,1818,0
20/09/2025,8256,422,2660,1349,0,2253,0
21/09/2025,8430,759,1863,3962,0,1791,0
21/09/2025,6824,827,2822,2313,0,2466,0
21/09/2025,9365,644,1332,2939,0,948,0
21/09/2025,7623,508,3069,3853,0,1512,0
21/09/2025,12238,367,3807,3158,0,1935,0
21/09/2025,8820,533,1915,3240,0,3243,0
21/09/2025,8925,587,2106,2614,0,1935,0
21/09/2025,7050,447,2394,2763,0,1052,0
21/09/2025,8702,731,1394,1543,0,2190,0
21/09/2025,8938,351,899,1895,0,1658,0
21/09/2025,7510,352,2719,3234,0,1591,0
21/09/2025,8791,360,4333,2980,0,1540,0
21/09/2025,7628,616,3100,1276,0,1974,0
21/09/2025,9311,625,3206,2973,0,2374,0
22/09/2025,6601,781,4171,1298,0,1306,0
22/09/2025,7073,583,2053,1847,0,1953,0
22/09/2025,7799,488,2582,3672,0,1311,0
22/09/2025,8183,572,3616,1358,0,2562,0
22/09/2025,8617,400,2730,3030,0,1972,0
22/09/2025,5802,839,2255,1019,0,2438,0
22/09/2025,11525,412,1446,1336,0,2289,0
22/09/2025,8136,296,1387,3799,0,2085,0
22/09/2025,9239,546,2129,1984,0,1795,0
22/09/2025,7986,638,3243,2781,0,3034,0
22/09/2025,6802,730,2641,1231,0,2184,0
22/09/2025,8038,314,2705,3961,0,2555,0
22/09/2025,6626,605,3277,2204,0,1525,0
22/09/2025,5472,561,4212,3844,0,1657,0
22/09/2025,6711,358,4024,1683,0,2449,0
23/09/2025,6430,569,3430,2311,0,1301,0
23/09/2025,6193,354,2681,2859,0,2132,0
23/09/2025,7484,409,2688,1726,0,1848,0
23/09/2025,6420,474,1463,3038,0,2459,0
23/09/2025,8468,362,1009,4213,0,2628,0
23/09/2025,6916,395,2351,3012,0,1254,0
23/09/2025,6420,460,2361,2613,0,2096,0
23/09/2025,8154,361,2912,3586,0,1397,0
23/09/2025,11432,749,2466,2468,0,3666,0
23/09/2025,6631,519,2418,3782,0,2014,0
23/09/2025,6150,373,2456,971,0,1258,0
23/09/2025,10419,639,1480,2799,0,3668,0
23/09/2025,7728,327,2844,3994,0,2237,0
23/09/2025,8555,462,3652,4428,0,1138,0
23/09/2025,6658,341,3463,1942,0,2455,0
24/09/2025,6622,601,3447,3682,0,3462,0
24/09/2025,8359,415,1285,1921,0,1930,0
24/09/2025,4175,373,3534,3813,0,1611,0
24/09/2025,8119,553,4071,2836,0,1592,0
24/09/2025,7605,290,2690,2557,0,1972,0
24/09/2025,11215,323,2117,3026,0,2008,0
24/09/2025,7624,331,3991,3019,0,1178,0
24/09/2025,7298,467,4107,2963,0,3369,0
24/09/2025,6689,763,2603,2053,0,1856,0
24/09/2025,4051,293,1565,4122,0,2229,0
24/09/2025,10422,412,4182,1906,0,3031,0
24/09/2025,7888,730,2499,3338,0,3205,0
24/09/2025,7507,349,2666,1373,0,2653,0
24/09/2025,8379,512,1244,1284,0,2362,0
24/09/2025,8386,688,3896,2989,0,1712,0
25/09/2025,6264,399,1825,1155,0,2381,0
25/09/2025,5351,619,1690,4055,0,2740,0
25/09/2025,10256,541,1894,2481,0,2628,0
25/09/2025,10591,493,3076,3824,0,1182,0
25/09/2025,9789,457,1950,928,0,3555,0
25/09/2025,10218,469,871,2180,0,1026,0
25/09/2025,7302,552,2548,2270,0,2194,0
25/09/2025,7318,485,2866,1137,0,2651,0
25/09/2025,7180,403,3256,1890,0,2174,0
25/09/2025,5846,379,1999,3298,0,1633,0
25/09/2025,6000,493,3586,1314,0,1533,0
25/09/2025,9232,563,3684,3487,0,1663,0
25/09/2025,6211,493,2342,1342,0,3202,0
25/09/2025,8001,423,1723,1776,0,2239,0
25/09/2025,8121,572,1374,3113,0,2801,0
26/09/2025,7032,570,4194,2825,0,2052,0
26/09/2025,5308,628,4057,2833,0,3400,0
26/09/2025,8311,556,3464,2852,0,1935,0
26/09/2025,7794,362,1982,2278,0,2170,0
26/09/2025,7276,418,3475,1666,0,2744,0
26/09/2025,7708,557,2553,1429,0,2593,0
26/09/2025,5000,693,2250,3593,0,1574,0
26/09/2025,6045,682,2934,1403,0,1708,0
26/09/2025,8725,571,2655,2667,0,2180,0
26/09/2025,5464,442,1434,2432,0,2316,0
26/09/2025,10852,367,2019,2338,0,2762,0
26/09/2025,8151,353,3242,3057,0,2780,0
26/09/2025,7184,567,1692,2607,0,1967,0
26/09/2025,5096,421,2720,4533,0,2265,0
26/09/2025,5785,474,3547,2762,0,2355,0
27/09/2025,5181,357,1133,2121,0,1314,0
27/09/2025,4546,737,1628,1668,0,2795,0
27/09/2025,7335,522,1433,4580,0,2441,0
27/09/2025,7821,566,1918,3295,0,2042,0
27/09/2025,4864,618,2423,3049,0,1059,0
27/09/2025,6076,646,3037,1406,0,1129,0
27/09/2025,6873,473,3450,2135,0,1379,0
27/09/2025,5129,538,3881,2199,0,1952,0
27/09/2025,7567,421,1025,3255,0,1701,0
27/09/2025,11085,428,2605,1431,0,2272,0
27/09/2025,8966,504,3031,1957,0,2305,0
27/09/2025,5721,751,1661,2131,0,3075,0
27/09/2025,6484,464,3337,1787,0,3239,0
27/09/2025,4560,575,4610,1616,0,1690,0
27/09/2025,5399,264,2578,1628,0,2140,0
28/09/2025,9097,673,2299,2704,0,1326,0
28/09/2025,8783,317,3649,2330,0,820,0
28/09/2025,4464,532,2422,3432,0,962,0
28/09/2025,7191,539,3041,1580,0,2266,0
28/09/2025,8968,573,1213,3269,0,2159,0
28/09/2025,4105,384,2471,1122,0,2754,0
28/09/2025,5187,396,1102,1774,0,1067,0
28/09/2025,4421,523,1579,3656,0,2526,0
28/09/2025,6120,440,3137,1938,0,1093,0
28/09/2025,10023,534,1631,3190,0,1197,0
28/09/2025,9401,372,2848,2520,0,2602,0
28/09/2025,9265,460,1721,3484,0,2599,0
28/09/2025,5777,439,3045,3363,0,3053,0
29/09/2025,7484,244,2571,4513,0,3210,0
29/09/2025,8570,558,2083,1907,0,2112,0
29/09/2025,8029,568,1795,1897,0,1713,0
29/09/2025,5166,692,1788,3472,0,1212,0
29/09/2025,6225,553,2883,1766,0,2490,0
29/09/2025,6263,406,1117,3257,0,2067,0
29/09/2025,10518,511,3469,4101,0,1290,0
29/09/2025,10725,285,3378,3607,0,2422,0
29/09/2025,8500,299,3037,1258,0,3381,0
29/09/2025,6155,410,2820,3987,0,2309,0
29/09/2025,6838,558,3035,1854,0,885,0
29/09/2025,6710,587,2009,3626,0,1067,0
29/09/2025,6256,395,1771,2649,0,1957,0
29/09/2025,7446,309,1437,4241,0,1554,0
29/09/2025,6068,657,1991,2770,0,2279,0
30/09/2025,6139,559,3312,3123,0,1288,0
30/09/2025,7663,269,1568,1600,0,1676,0
30/09/2025,7907,399,3091,2716,0,1742,0
30/09/2025,8443,393,4668,1408,0,2372,0
30/09/2025,6497,385,1313,3242,0,2575,0
30/09/2025,8406,382,2798,1500,0,2829,0
30/09/2025,9696,427,3435,1682,0,1471,0
30/09/2025,8383,383,2466,2101,0,2337,0
30/09/2025,7319,684,2230,1254,0,1457,0
30/09/2025,9698,409,4272,3199,0,1540,0
30/09/2025,4570,445,1460,2783,0,2223,0
30/09/2025,7376,505,1700,2195,0,2364,0
30/09/2025,6989,501,1668,876,0,1635,0
30/09/2025,9777,603,2164,1856,0,1229,0
30/09/2025,8515,503,1195,1434,0,2980,0
01/10/2025,6588,300,3509,3261,0,2949,0
01/10/2025,5349,527,1047,1234,0,2136,0
01/10/2025,6186,507,1787,1159,0,2186,0
01/10/2025,7913,333,1788,2132,0,1532,0
01/10/2025,10494,277,3251,2280,0,2110,0
01/10/2025,6551,456,3803,1531,0,1894,0
01/10/2025,7100,519,3314,3873,0,2221,0
01/10/2025,8827,375,2478,2833,0,1779,0
01/10/2025,5626,634,4014,1441,0,1680,0
01/10/2025,7821,386,2120,2853,0,1393,0
01/10/2025,5954,625,2963,1733,0,2580,0
01/10/2025,10870,566,2498,2783,0,1201,0
01/10/2025,5213,437,3720,3180,0,2285,0
01/10/2025,7562,684,2456,1905,0,1518,0
01/10/2025,9227,759,3649,2487,0,1581,0
02/10/2025,9624,481,2827,923,0,1771,0
02/10/2025,6274,331,1603,4117,0,1735,0
02/10/2025,7932,556,2394,2031,0,2299,0
02/10/2025,9265,554,2463,1093,0,942,0
02/10/2025,7803,753,2813,1392,0,1176,0
02/10/2025,7056,598,2067,3178,0,2060,0
02/10/2025,6797,543,1456,1631,0,2597,0
02/10/2025,7221,504,2291,3044,0,1898,0
02/10/2025,8680,396,1824,1150,0,2613,0
02/10/2025,7308,706,1974,3887,0,3006,0
02/10/2025,6908,418,4319,2218,0,1660,0
02/10/2025,6955,292,2760,1860,0,1935,0
02/10/2025,8972,379,1892,1434,0,1133,0
02/10/2025,8605,277,1753,3316,0,2950,0
02/10/2025,10509,334,1772,2244,0,1368,0
03/10/2025,6221,404,3974,4174,0,2374,0
03/10/2025,10090,406,2046,3780,0,1382,0
03/10/2025,6674,517,2323,3460,0,2426,0
03/10/2025,7925,378,1430,1796,0,2513,0
03/10/2025,6640,409,3582,3012,0,1370,0
03/10/2025,6329,362,1984,2087,0,1664,0
03/10/2025,3996,294,3828,3403,0,989,0
03/10/2025,5002,445,1387,1025,0,2299,0
03/10/2025,6501,435,1101,2831,0,2801,0
03/10/2025,6004,393,1627,3087,0,2245,0
03/10/2025,7785,373,3268,2353,0,3451,0
03/10/2025,6771,555,3214,1399,0,2489,0
03/10/2025,7631,588,1831,2614,0,2215,0
03/10/2025,8443,348,2753,2965,0,1106,0
03/10/2025,8006,573,2159,1985,0,1505,0
04/10/2025,5754,490,3045,1416,0,1545,0
04/10/2025,8183,362,1547,1928,0,1247,0
04/10/2025,6524,409,1130,1279,0,1501,0
04/10/2025,7925,343,2769,1493,0,2715,0
04/10/2025,10121,376,1132,2463,0,3317,0
04/10/2025,9185,570,2275,3052,0,2491,0
04/10/2025,5757,473,2084,1084,0,1729,0
04/10/2025,5667,639,1103,2230,0,1956,0
04/10/2025,10513,551,2142,1778,0,2367,0
04/10/2025,9349,367,2226,1912,0,1647,0
04/10/2025,8576,590,1248,1196,0,3502,0
04/10/2025,5025,357,2675,1027,0,3015,0
04/10/2025,6195,631,2730,3357,0,1639,0
04/10/2025,9291,420,2391,3212,0,1053,0
04/10/2025,5809,493,1865,2076,0,1253,0
05/10/2025,7436,377,2559,1889,0,2147,0
05/10/2025,8300,361,2876,2832,0,2492,0
05/10/2025,6589,629,1168,1033,0,2737,0
05/10/2025,7877,279,3783,1597,0,1772,0
05/10/2025,5739,629,3481,2124,0,2105,0
05/10/2025,7391,411,2101,2631,0,2853,0
05/10/2025,5994,446,2368,2270,0,2416,0
05/10/2025,6599,432,3270,2222,0,2654,0
05/10/2025,5454,813,2895,4035,0,2344,0
05/10/2025,9504,357,1685,1202,0,2379,0
05/10/2025,9559,389,3077,3384,0,1899,0
05/10/2025,7531,498,1549,2405,0,1130,0
05/10/2025,6142,559,2833,1561,0,1521,0
06/10/2025,6045,785,2291,3509,0,1324,0
06/10/2025,4345,507,3781,3346,0,2205,0
06/10/2025,7315,311,2720,1467,0,3222,0
06/10/2025,9327,378,2015,2722,0,2137,0
06/10/2025,4345,364,4200,2975,0,1278,0
06/10/2025,9585,512,1664,2346,0,1376,0
06/10/2025,5248,564,2473,4393,0,1903,0
06/10/2025,9695,460,1917,2038,0,1251,0
06/10/2025,7902,679,4701,2902,0,2018,0
06/10/2025,5786,650,2549,2699,0,3189,0
06/10/2025,9937,476,3909,1601,0,2208,0
06/10/2025,10471,601,1866,3818,0,2499,0
06/10/2025,10883,239,2564,2020,0,1161,0
06/10/2025,6527,287,2293,1631,0,2425,0
06/10/2025,7706,419,1133,1280,0,1571,0
07/10/2025,7919,809,4558,2728,0,1332,0
07/10/2025,7604,476,2658,1045,0,2376,0
07/10/2025,5617,446,1576,2767,0,1446,0
07/10/2025,7649,387,3909,1208,0,1438,0
07/10/2025,7116,477,4397,1157,0,1475,0
07/10/2025,6748,282,2088,2842,0,1156,0
07/10/2025,5074,412,3564,2631,0,2561,0
07/10/2025,7035,519,2074,2060,0,3399,0
07/10/2025,7415,283,2017,2770,0,1973,0
07/10/2025,7288,460,4231,1352,0,2338,0
07/10/2025,8783,459,2138,1370,0,2313,0
07/10/2025,4814,237,2030,1722,0,1796,0
07/10/2025,6287,369,3096,3726,0,2537,0
07/10/2025,7007,334,1398,1955,0,2055,0
07/10/2025,5101,455,1113,2661,0,1387,0
08/10/2025,9603,480,4425,1020,0,1666,0
08/10/2025,6082,586,4014,2566,0,1765,0
08/10/2025,7098,584,1863,2712,0,1193,0
08/10/2025,9765,558,3833,2123,0,2791,0
08/10/2025,9874,360,3078,3062,0,1062,0
08/10/2025,7396,618,1520,2174,0,1798,0
08/10/2025,6466,663,3084,1699,0,1041,0
08/10/2025,9879,358,1090,873,0,2342,0
08/10/2025,10505,385,4421,2235,0,3235,0
08/10/2025,7602,685,1649,3501,0,927,0
08/10/2025,9065,294,2240,1788,0,1428,0
08/10/2025,5918,349,4263,1539,0,1519,0
08/10/2025,6088,598,2224,3886,0,1274,0
08/10/2025,6064,473,3412,2067,0,2023,0
08/10/2025,6416,318,2491,2180,0,2016,0
09/10/2025,7157,361,1234,2829,0,3035,0
09/10/2025,5612,340,1171,1829,0,1325,0
09/10/2025,6813,799,1936,3877,0,1879,0
09/10/2025,10186,568,2948,2342,0,3029,0
09/10/2025,5233,430,1820,3064,0,2275,0
09/10/2025,4551,387,2550,2614,0,1909,0
09/10/2025,6606,337,3792,3640,0,2904,0
09/10/2025,6802,310,3465,2711,0,2234,0
09/10/2025,6229,638,3443,2297,0,1357,0
09/10/2025,6812,483,2952,4136,0,1420,0
09/10/2025,3913,386,2099,3965,0,2699,0
09/10/2025,5167,357,4333,2821,0,1337,0
09/10/2025,5461,630,2908,3549,0,2738,0
09/10/2025,10504,400,2532,1777,0,2216,0
09/10/2025,4887,544,1465,3901,0,2882,0
10/10/2025,7001,408,4403,3125,0,1000,0
10/10/2025,5778,511,4179,4185,0,2813,0
10/10/2025,5799,497,1249,2041,0,1476,0
10/10/2025,8509,467,1281,3534,0,1419,0
10/10/2025,6105,378,3550,2531,0,2678,0
10/10/2025,7871,639,1107,1119,0,1127,0
10/10/2025,5594,520,2035,2486,0,1947,0
10/10/2025,7277,629,3130,3442,0,1128,0
10/10/2025,9022,277,1313,2227,0,2158,0
10/10/2025,9589,705,2416,3070,0,1407,0
10/10/2025,7782,710,3885,1768,0,2497,0
10/10/2025,8443,467,1849,4151,0,1966,0
10/10/2025,10727,533,2813,2264,0,1675,0
10/10/2025,7785,509,3906,2741,0,2675,0
10/10/2025,8002,648,1185,1600,0,1905,0
11/10/2025,8166,627,2191,1114,0,1927,0
11/10/2025,6183,663,1844,3428,0,1155,0
11/10/2025,5943,505,2273,2075,0,1247,0
11/10/2025,5556,508,3807,2867,0,3095,0
11/10/2025,8326,472,1931,1034,0,2996,0
11/10/2025,9312,378,4072,1713,0,1295,0
11/10/2025,8036,436,3266,3519,0,2934,0
11/10/2025,6320,302,2263,1277,0,3571,0
11/10/2025,6833,340,1360,1168,0,1902,0
11/10/2025,9935,563,3528,1820,0,1853,0
11/10/2025,7629,459,2334,4027,0,2988,0
11/10/2025,6896,749,1512,2609,0,2239,0
11/10/2025,8849,701,2500,936,0,1682,0
11/10/2025,6219,319,2236,2830,0,1702,0
11/10/2025,7878,678,2388,4448,0,2267,0
12/10/2025,4738,547,2435,2089,0,1787,0
12/10/2025,7262,741,1623,1763,0,1011,0
12/10/2025,6006,249,3941,1485,0,2586,0
12/10/2025,11223,395,1821,2529,0,1090,0
12/10/2025,6728,505,3653,2485,0,1815,0
12/10/2025,6363,575,2842,3076,0,1892,0
12/10/2025,6444,464,3111,1844,0,1562,0
12/10/2025,4503,389,2331,1749,0,1127,0
12/10/2025,9839,410,4237,3292,0,1869,0
12/10/2025,6283,447,1127,2816,0,1468,0
12/10/2025,7911,367,1032,2014,0,1377,0
12/10/2025,7328,652,2096,2205,0,2988,0
12/10/2025,8387,590,2210,3072,0,2495,0
13/10/2025,8081,504,3460,2901,0,2375,0
13/10/2025,6484,449,4020,3032,0,1824,0
13/10/2025,9185,517,2665,3528,0,1186,0
13/10/2025,9276,465,2946,2300,0,1950,0
13/10/2025,6554,558,3286,2075,0,1781,0
13/10/2025,10393,396,4218,3699,0,2263,0
13/10/2025,7485,511,1595,2636,0,1534,0
13/10/2025,6392,633,1766,3693,0,1764,0
13/10/2025,8798,447,1937,2402,0,1565,0
13/10/2025,6796,392,1303,3229,0,1481,0
13/10/2025,8693,409,1606,1742,0,1574,0
13/10/2025,7009,577,2827,1327,0,2129,0
13/10/2025,6782,687,2981,1570,0,3215,0
13/10/2025,10622,522,3203,1165,0,2835,0
13/10/2025,5741,341,2298,2869,0,1088,0
14/10/2025,8244,299,2911,2700,0,3075,0
14/10/2025,7311,536,2515,1441,0,1517,0
14/10/2025,6702,529,2795,1729,0,2253,0
14/10/2025,8397,529,2949,2263,0,1462,0
14/10/2025,6455,336,2102,3264,0,2891,0
14/10/2025,11701,288,3007,1181,0,2046,0
14/10/2025,5647,711,2828,3128,0,1390,0
14/10/2025,6680,308,1044,3376,0,2235,0
14/10/2025,4401,425,2976,1471,0,1538,0
14/10/2025,5422,536,1093,3045,0,3283,0
14/10/2025,11148,479,2901,3148,0,1134,0
14/10/2025,7752,344,2884,1905,0,953,0
14/10/2025,6187,275,2571,2655,0,2610,0
14/10/2025,7898,228,2377,2856,0,1514,0
14/10/2025,10144,363,2827,1741,0,2165,0
15/10/2025,7696,471,4241,2508,0,1274,0
15/10/2025,7655,354,1100,1317,0,2818,0
15/10/2025,7323,419,1236,3139,0,3297,0
15/10/2025,7960,525,1407,3645,0,1742,0
15/10/2025,8484,500,1973,1666,0,2475,0
15/10/2025,5372,607,2905,2428,0,890,0
15/10/2025,6449,579,2009,1429,0,2340,0
15/10/2025,7530,448,1597,2399,0,2100,0
15/10/2025,8577,541,2955,2678,0,2882,0
15/10/2025,5575,328,3144,4121,0,3352,0
15/10/2025,5410,487,2922,1435,0,2216,0
15/10/2025,4263,741,2687,3192,0,2336,0
15/10/2025,9491,592,1548,1018,0,2622,0
15/10/2025,9094,455,1633,1815,0,1030,0
15/10/2025,6745,311,1960,2275,0,2366,0
16/10/2025,4767,549,4660,2403,0,1349,0
16/10/2025,5622,447,1284,1447,0,2058,0
16/10/2025,9067,348,1887,3860,0,2120,0
16/10/2025,8115,564,2497,1413,0,3165,0
16/10/2025,9538,400,2107,1919,0,1713,0
16/10/2025,9363,481,4577,2513,0,2013,0
16/10/2025,5766,632,1784,1937,0,1484,0
16/10/2025,8693,618,3127,3117,0,1505,0
16/10/2025,10321,560,3486,3135,0,1183,0
16/10/2025,9174,301,1883,3288,0,1093,0
16/10/2025,7102,497,1326,2697,0,1329,0
16/10/2025,4853,497,3663,1070,0,2941,0
16/10/2025,9806,491,2039,4124,0,986,0
16/10/2025,11240,384,2258,1318,0,2540,0
16/10/2025,9070,446,988,1608,0,1022,0
17/10/2025,9266,361,892,2830,0,3272,0
17/10/2025,8408,364,2555,4100,0,2162,0
17/10/2025,7135,613,3613,1626,0,1820,0
17/10/2025,7095,727,2308,1468,0,1536,0
17/10/2025,7446,332,2077,3894,0,2237,0
17/10/2025,5442,759,3237,2507,0,2864,0
17/10/2025,7516,435,4213,3871,0,1203,0
17/10/2025,8352,524,2153,1762,0,1866,0
17/10/2025,6741,458,2206,1822,0,2667,0
17/10/2025,7900,653,1222,2569,0,2531,0
17/10/2025,8563,582,2452,2488,0,1379,0
17/10/2025,8630,633,1346,4510,0,1135,0
17/10/2025,4713,369,849,2410,0,1765,0
17/10/2025,6641,434,3680,2373,0,3579,0
17/10/2025,9024,695,4318,1411,0,1575,0
18/10/2025,6855,528,2089,4003,0,2036,0
18/10/2025,9471,417,4295,1267,0,3434,0
18/10/2025,4536,517,1756,3392,0,1443,0
18/10/2025,5429,497,2833,2029,0,2898,0
18/10/2025,5479,456,1571,1259,0,2846,0
18/10/2025,7615,492,2303,3553,0,2875,0
18/10/2025,5491,301,2212,3507,0,1725,0
18/10/2025,7811,570,1142,1186,0,3256,0
18/10/2025,5602,350,4316,1244,0,1812,0
18/10/2025,8868,447,2907,3913,0,2092,0
18/10/2025,10227,416,3336,3157,0,3316,0
18/10/2025,5649,612,3241,2732,0,1873,0
18/10/2025,7603,341,3925,932,0,1242,0
18/10/2025,6051,360,1376,3920,0,1847,0
18/10/2025,4739,605,2779,3398,0,2133,0
19/10/2025,6739,435,2493,2809,0,1638,0
19/10/2025,9367,573,1816,2894,0,3437,0
19/10/2025,8410,652,2660,2436,0,2715,0
19/10/2025,6785,540,1156,4103,0,1583,0
19/10/2025,5134,410,3123,3900,0,922,0
19/10/2025,4985,656,1457,2838,0,3232,0
19/10/2025,10529,774,961,3291,0,1621,0
19/10/2025,7542,562,1721,1535,0,2599,0
19/10/2025,5992,652,2895,3313,0,981,0
19/10/2025,7363,372,2206,1072,0,1140,0
19/10/2025,6989,469,3299,1047,0,1675,0
19/10/2025,7546,352,3001,2950,0,1234,0
19/10/2025,11202,314,3306,1876,0,1751,0
20/10/2025,6400,495,2477,2839,0,1949,0
20/10/2025,5700,445,3421,1417,0,1201,0
20/10/2025,6801,769,1245,3476,0,1518,0
20/10/2025,5989,428,4379,1657,0,2272,0
20/10/2025,11786,796,1749,1363,0,1286,0
20/10/2025,9515,476,2130,1768,0,1982,0
20/10/2025,10536,279,943,2016,0,1712,0
20/10/2025,5873,540,1956,1465,0,2024,0
20/10/2025,6925,562,4521,1522,0,2070,0
20/10/2025,6448,393,3552,2425,0,2595,0
20/10/2025,8745,272,1459,1897,0,1693,0
20/10/2025,9091,578,2428,2440,0,1572,0
20/10/2025,7938,460,1734,4369,0,1855,0
20/10/2025,9253,414,1710,1722,0,3125,0
20/10/2025,9105,419,3223,1577,0,1049,0
21/10/2025,7456,321,2317,1866,0,1906,0
21/10/2025,7931,722,2683,1551,0,2477,0
21/10/2025,7811,747,2716,1122,0,1376,0
21/10/2025,4349,553,993,4057,0,1420,0
21/10/2025,5172,470,3207,3817,0,1461,0
21/10/2025,8041,540,2692,3380,0,2055,0
21/10/2025,9725,390,2874,2972,0,2567,0
21/10/2025,6381,311,1924,1783,0,1802,0
21/10/2025,4158,553,2940,1873,0,2885,0
21/10/2025,5608,526,2693,1870,0,2736,0
21/10/2025,11804,322,3791,2524,0,3455,0
21/10/2025,6186,586,3842,1725,0,2280,0
21/10/2025,6019,612,1499,1440,0,1209,0
21/10/2025,7201,545,1772,3242,0,2209,0
21/10/2025,4669,386,3342,1777,0,3052,0
22/10/2025,5765,495,2636,1914,0,1237,0
22/10/2025,6829,467,2142,1365,0,986,0
22/10/2025,4009,325,4625,2664,0,2296,0
22/10/2025,6768,531,3581,1306,0,2728,0
22/10/2025,6250,651,1715,3311,0,1077,0
22/10/2025,8727,572,957,4404,0,1574,0
22/10/2025,7190,360,1680,2672,0,2393,0
22/10/2025,9753,380,1615,3852,0,2225,0
22/10/2025,5551,631,1735,2594,0,2830,0
22/10/2025,9480,524,4217,2988,0,1261,0
22/10/2025,7388,446,3647,2493,0,2417,0
22/10/2025,4274,531,1369,3664,0,2428,0
22/10/2025,10586,434,1185,1166,0,2376,0
22/10/2025,6141,436,2803,1658,0,1711,0
22/10/2025,10533,404,2818,3814,0,3343,0
23/10/2025,7720,358,3284,3702,0,1665,0
23/10/2025,7168,511,4092,1451,0,1906,0
23/10/2025,6443,446,3321,1383,0,994,0
23/10/2025,5973,716,1766,2402,0,2688,0
23/10/2025,11169,495,3007,2728,0,2543,0
23/10/2025,9754,384,2682,3015,0,2270,0
23/10/2025,7287,385,1347,1641,0,2598,0
23/10/2025,10672,462,2569,1303,0,2716,0
23/10/2025,7510,482,3379,2599,0,2297,0
23/10/2025,5948,335,1217,1979,0,2491,0
23/10/2025,7177,337,1893,3728,0,1019,0
23/10/2025,6797,428,3148,1151,0,2874,0
23/10/2025,8576,414,3735,1775,0,3361,0
23/10/2025,8946,541,1012,2704,0,2324,0
23/10/2025,5052,632,1303,3800,0,2738,0
24/10/2025,9054,348,1874,2009,0,1165,0
24/10/2025,5496,436,1815,2241,0,2903,0
24/10/2025,5059,350,3100,2316,0,1947,0
24/10/2025,7734,383,2991,1353,0,3026,0
24/10/2025,8236,513,4486,1875,0,1368,0
24/10/2025,11552,299,3947,3485,0,2025,0
24/10/2025,8721,529,1075,2666,0,2197,0
24/10/2025,6276,692,2353,2303,0,2358,0
24/10/2025,7974,634,3862,3964,0,1445,0
24/10/2025,5793,335,2890,1491,0,2879,0
24/10/2025,6821,508,4317,2525,0,2482,0
24/10/2025,7895,613,1535,3894,0,1358,0
24/10/2025,4145,450,3777,1083,0,1586,0
24/10/2025,6914,784,2283,1151,0,2322,0
24/10/2025,11809,742,1204,1691,0,1098,0
25/10/2025,6854,279,2108,1674,0,1524,0
25/10/2025,6883,620,3218,2780,0,2680,0
25/10/2025,7807,490,3812,3340,0,2974,0
25/10/2025,6505,543,3135,3462,0,1294,0
25/10/2025,7618,590,4197,1802,0,1449,0
25/10/2025,7663,512,1328,3091,0,2596,0
25/10/2025,7330,429,1438,4237,0,1397,0
25/10/2025,5550,291,2680,4167,0,2025,0
25/10/2025,6098,469,2245,2597,0,2671,0
25/10/2025,9339,287,899,1398,0,3240,0
25/10/2025,10260,626,1769,4060,0,1593,0
25/10/2025,10212,404,1054,3381,0,1159,0
25/10/2025,11465,595,2356,3240,0,2393,0
25/10/2025,5258,552,3431,888,0,2215,0
25/10/2025,6106,381,1871,2139,0,1333,0
26/10/2025,6617,421,3458,1034,0,2740,0
26/10/2025,4658,628,2697,2003,0,1019,0
26/10/2025,7676,261,2171,2536,0,2300,0
26/10/2025,5509,485,3428,1727,0,1935,0
26/10/2025,7173,269,2110,2509,0,1417,0
26/10/2025,7037,531,1883,2684,0,1641,0
26/10/2025,9290,378,3423,2770,0,3107,0
26/10/2025,8303,358,2614,2793,0,2355,0
26/10/2025,4822,600,4412,2645,0,1094,0
26/10/2025,5509,691,1884,1212,0,1902,0
26/10/2025,6664,369,2053,3239,0,1111,0
26/10/2025,7979,579,2366,982,0,1368,0
26/10/2025,9434,416,1457,3169,0,1658,0
26/10/2025,9183,474,4143,1076,0,1816,0
26/10/2025,11415,308,3881,4653,0,1398,0
27/10/2025,10758,727,3264,3362,0,1987,0
27/10/2025,10457,402,3049,964,0,3134,0
27/10/2025,7477,540,1003,3234,0,2983,0
27/10/2025,9017,657,2599,2799,0,2389,0
27/10/2025,4963,411,3337,1556,0,2252,0
27/10/2025,10518,385,1677,859,0,2963,0
27/10/2025,4949,381,2435,1777,0,1064,0
27/10/2025,7615,773,2329,1999,0,1296,0
27/10/2025,6995,623,2133,1550,0,2231,0
27/10/2025,6955,444,2862,1150,0,2231,0
27/10/2025,7726,293,3113,1040,0,1812,0
27/10/2025,9729,547,3350,4024,0,2260,0
27/10/2025,6658,237,1397,2886,0,1176,0
27/10/2025,7990,719,3551,1968,0,1664,0
27/10/2025,6685,428,2191,2017,0,3055,0
28/10/2025,6988,363,1241,3372,0,2547,0
28/10/2025,8420,639,3311,1480,0,845,0
28/10/2025,8078,639,1268,3215,0,1647,0
28/10/2025,7702,329,1465,1753,0,1470,0
28/10/2025,7293,491,938,2910,0,1974,0
28/10/2025,7834,351,2650,2057,0,1506,0
28/10/2025,8443,464,1795,1736,0,1221,0
28/10/2025,6198,393,906,2301,0,2281,0
28/10/2025,8862,527,2420,2963,0,2330,0
28/10/2025,6683,437,4105,1719,0,1764,0
28/10/2025,6257,326,2644,3193,0,1697,0
28/10/2025,5334,568,915,2758,0,3284,0
28/10/2025,9411,501,2781,1755,0,1253,0
28/10/2025,6278,248,1220,2153,0,799,0
28/10/2025,11306,487,3490,2762,0,2144,0
29/10/2025,8450,340,1750,1133,0,1791,0
29/10/2025,7288,478,1817,3917,0,1170,0
29/10/2025,6585,306,1392,2417,0,1528,0
29/10/2025,8235,606,3013,1429,0,1130,0
29/10/2025,7147,558,3865,4686,0,1565,0
29/10/2025,7922,474,1644,2863,0,2189,0
29/10/2025,8219,626,2991,2822,0,1113,0
29/10/2025,7469,652,1469,1592,0,1522,0
29/10/2025,8758,518,1637,2357,0,1753,0
29/10/2025,7237,454,2998,1802,0,1782,0
29/10/2025,10296,421,1932,3319,0,1373,0
29/10/2025,8206,276,1712,3167,0,1734,0
29/10/2025,6714,349,3944,4122,0,3170,0
29/10/2025,6938,501,2068,2506,0,2277,0
29/10/2025,8311,763,864,2828,0,2305,0
30/10/2025,5902,360,3794,1780,0,2678,0
30/10/2025,5555,535,2783,2234,0,2093,0
30/10/2025,9012,603,2569,1234,0,1298,0
30/10/2025,10872,503,3626,3758,0,1008,0
30/10/2025,6614,513,3737,3203,0,2034,0
30/10/2025,8449,274,3220,2910,0,1186,0
30/10/2025,7894,507,1540,1616,0,3029,0
30/10/2025,5065,308,1122,2617,0,2556,0
30/10/2025,5634,643,2725,1208,0,1781,0
30/10/2025,8851,622,3924,1469,0,3333,0
30/10/2025,5883,354,1199,2576,0,3244,0
30/10/2025,9250,409,2764,1495,0,1461,0
30/10/2025,7545,511,1851,3388,0,1438,0
30/10/2025,7854,519,1834,1060,0,2276,0
30/10/2025,10450,349,1937,4436,0,1604,0
31/10/2025,9868,696,1730,3256,0,2168,0
31/10/2025,5593,860,1779,2831,0,1141,0
31/10/2025,6480,702,4568,2846,0,2079,0
31/10/2025,7971,761,3090,3676,0,2070,0
31/10/2025,10863,489,1506,1629,0,1170,0
31/10/2025,5371,469,4036,4632,0,1673,0
31/10/2025,5232,424,1250,2276,0,2243,0
31/10/2025,6438,640,3292,1292,0,2569,0
31/10/2025,5133,396,2918,2047,0,3061,0
31/10/2025,9328,404,1720,1887,0,2581,0
31/10/2025,5782,441,2240,1290,0,2345,0
31/10/2025,5328,768,2222,2280,0,1143,0
31/10/2025,8918,422,2388,3221,0,3515,0
31/10/2025,6309,419,1188,3189,0,1717,0
31/10/2025,4468,400,2120,1909,0,1984,0
01/11/2025,9010,628,2610,2732,0,1232,0
01/11/2025,11060,402,4606,902,0,2413,0
01/11/2025,5878,420,3751,4303,0,1333,0
01/11/2025,11477,505,3552,1184,0,1235,0
01/11/2025,10799,249,2029,1508,0,1551,0
01/11/2025,6911,664,951,2292,0,3254,0
01/11/2025,6042,598,1266,1528,0,2075,0
01/11/2025,6461,679,2927,2262,0,1620,0
01/11/2025,8229,381,3112,2700,0,2157,0
01/11/2025,8068,545,3300,2942,0,2423,0
01/11/2025,8685,656,4062,2279,0,2642,0
01/11/2025,10566,360,3383,1452,0,2130,0
01/11/2025,6984,611,2674,1807,0,2661,0
01/11/2025,10687,466,1447,2295,0,2617,0
01/11/2025,4845,373,1220,2181,0,1701,0
02/11/2025,10593,630,1467,1523,0,1856,0
02/11/2025,7117,650,1048,1703,0,2058,0
02/11/2025,5063,573,2504,1868,0,3063,0
02/11/2025,7844,241,1425,3777,0,3378,0
02/11/2025,11439,365,1856,2150,0,1156,0
02/11/2025,7498,728,2750,1547,0,1291,0
02/11/2025,8507,422,1591,1703,0,1302,0
02/11/2025,10443,405,4041,937,0,824,0
02/11/2025,5714,275,2083,3048,0,2339,0
02/11/2025,8905,371,3952,2478,0,2966,0
02/11/2025,9742,377,2976,2560,0,1332,0
02/11/2025,10480,334,2452,3488,0,2234,0
02/11/2025,8675,576,2688,3075,0,1358,0
02/11/2025,9081,777,3274,4652,0,1276,0
02/11/2025,12107,544,3705,3337,0,2264,0
03/11/2025,9451,488,3342,3944,0,2384,0
03/11/2025,6467,352,971,2860,0,2341,0
03/11/2025,6659,553,2684,2299,0,3095,0
03/11/2025,6604,630,2353,4619,0,2622,0
03/11/2025,6220,444,1738,993,0,1146,0
03/11/2025,5275,480,2466,2048,0,1952,0
03/11/2025,4508,734,3470,1891,0,1507,0
03/11/2025,5527,276,2512,2302,0,2867,0
03/11/2025,10005,270,1545,1101,0,1767,0
03/11/2025,6586,360,3698,3643,0,1605,0
03/11/2025,6348,510,3596,4544,0,850,0
03/11/2025,5723,462,2054,2519,0,2245,0
03/11/2025,10029,522,2821,1728,0,1643,0
03/11/2025,9693,443,2654,2191,0,1331,0
03/11/2025,7187,760,3922,3201,0,2994,0
04/11/2025,9619,705,4547,2158,0,1989,0
04/11/2025,7972,395,2751,2905,0,3020,0
04/11/2025,6610,458,3564,3604,0,2104,0
04/11/2025,11649,334,3729,2915,0,1507,0
04/11/2025,8194,431,2929,1819,0,2277,0
04/11/2025,10368,386,2525,1043,0,1480,0
04/11/2025,7103,370,1749,3284,0,3191,0
04/11/2025,7353,688,1817,1301,0,2942,0
04/11/2025,8500,546,3380,1047,0,1649,0
04/11/2025,10144,570,4073,3217,0,2264,0
04/11/2025,6646,311,2124,1828,0,1687,0
04/11/2025,11141,644,4196,2899,0,2736,0
04/11/2025,9249,701,2217,1721,0,2708,0
04/11/2025,5869,729,1345,3367,0,2402,0
04/11/2025,7974,353,3699,4083,0,1047,0
05/11/2025,9470,319,1293,3026,0,1423,0
05/11/2025,5725,449,2448,971,0,2464,0
05/11/2025,7545,374,3973,1870,0,2390,0
05/11/2025,6818,460,1712,4103,0,1758,0
05/11/2025,8289,475,1852,2657,0,1248,0
05/11/2025,8081,493,4149,3737,0,2079,0
05/11/2025,6077,776,2929,1995,0,939,0
05/11/2025,5838,443,1992,2326,0,1117,0
05/11/2025,8766,708,1699,3042,0,1691,0
05/11/2025,9203,330,2510,2986,0,1453,0
05/11/2025,7301,567,3725,2585,0,1303,0
05/11/2025,6819,363,2510,2109,0,1336,0
05/11/2025,8558,543,1883,2207,0,2550,0
05/11/2025,5529,433,2985,4501,0,929,0
05/11/2025,8263,451,2655,2682,0,1733,0
06/11/2025,5709,514,2348,2347,0,2324,0
06/11/2025,5606,343,2276,2585,0,1919,0
06/11/2025,8011,422,1767,3067,0,1858,0
06/11/2025,5450,576,3612,1538,0,2491,0
06/11/2025,6393,578,1654,2053,0,1582,0
06/11/2025,6575,506,1102,2156,0,3536,0
06/11/2025,5239,509,2135,3839,0,2326,0
06/11/2025,6551,526,2705,4111,0,1641,0
06/11/2025,8851,529,3102,2114,0,1616,0
06/11/2025,4940,317,3542,4115,0,2962,0
06/11/2025,7928,392,4685,1274,0,1870,0
06/11/2025,5467,667,1444,2600,0,2647,0
06/11/2025,5752,404,2937,2860,0,2383,0
06/11/2025,11683,609,4217,1313,0,1209,0
06/11/2025,8988,702,3630,2353,0,2234,0
07/11/2025,7932,443,3044,1459,0,1950,0
07/11/2025,7260,519,4636,2707,0,1511,0
07/11/2025,7409,690,2621,2807,0,1554,0
07/11/2025,5519,282,1984,1161,0,1742,0
07/11/2025,9616,315,3113,1808,0,3266,0
07/11/2025,5077,806,1583,1178,0,1290,0
07/11/2025,8651,455,1784,1703,0,1634,0
07/11/2025,12032,599,2578,4783,0,1590,0
07/11/2025,4736,449,3525,1625,0,2059,0
07/11/2025,5172,767,1516,2621,0,1523,0
07/11/2025,8454,445,2376,3133,0,2337,0
07/11/2025,11408,460,1306,2403,0,2540,0
07/11/2025,9408,602,2512,3974,0,2234,0
07/11/2025,9920,675,2462,1491,0,2231,0
07/11/2025,8714,465,3409,1266,0,2447,0
08/11/2025,4343,689,2225,4188,0,1620,0
08/11/2025,8852,278,2031,3752,0,1500,0
08/11/2025,6196,505,1666,2160,0,2150,0
08/11/2025,8785,299,2566,3058,0,3498,0
08/11/2025,9206,549,2270,3767,0,2082,0
08/11/2025,5970,501,3581,1528,0,1166,0
08/11/2025,10459,484,2082,2822,0,1898,0
08/11/2025,9931,467,1680,1890,0,1996,0
08/11/2025,4889,540,1589,3786,0,1272,0
08/11/2025,6588,371,1577,2179,0,2392,0
08/11/2025,8625,270,2742,2449,0,1128,0
08/11/2025,12085,364,3018,2967,0,2186,0
08/11/2025,5945,374,3100,3992,0,2389,0
08/11/2025,8710,291,3734,1499,0,1155,0
08/11/2025,8110,543,2196,4194,0,2425,0
09/11/2025,5917,540,1337,1294,0,2337,0
09/11/2025,4899,373,2025,2307,0,1704,0
09/11/2025,4605,344,3356,1212,0,2212,0
09/11/2025,7545,561,1448,1124,0,2221,0
09/11/2025,7395,411,975,2663,0,1607,0
09/11/2025,7144,703,2733,2443,0,2958,0
09/11/2025,10093,284,3109,1061,0,997,0
09/11/2025,10767,419,1603,1026,0,2931,0
09/11/2025,7516,402,2110,3324,0,1950,0
09/11/2025,8009,516,2900,1219,0,3109,0
09/11/2025,5671,307,2187,2224,0,2056,0
09/11/2025,8348,485,2179,3641,0,1806,0
09/11/2025,11669,595,1427,3051,0,2798,0
09/11/2025,7913,485,3402,2224,0,1761,0
10/11/2025,4918,363,4486,1916,0,2083,0
10/11/2025,9241,619,2107,1518,0,1115,0
10/11/2025,8893,531,1093,2942,0,2116,0
10/11/2025,10128,499,1834,2079,0,1641,0
10/11/2025,5358,464,1607,3307,0,1694,0
10/11/2025,5582,456,3927,2276,0,1325,0
10/11/2025,5936,355,3727,3768,0,1713,0
10/11/2025,8456,487,1101,3053,0,1151,0
10/11/2025,6363,432,1316,2441,0,1561,0
10/11/2025,6887,562,4234,1547,0,941,0
10/11/2025,5916,531,3849,1613,0,1702,0
10/11/2025,10739,558,1400,3388,0,3093,0
10/11/2025,8088,412,3505,1989,0,1576,0
10/11/2025,8530,605,2265,3162,0,2443,0
10/11/2025,5101,606,1943,3534,0,951,0
11/11/2025,8236,605,2617,2747,0,2349,0
11/11/2025,6144,764,1832,2698,0,2155,0
11/11/2025,9544,369,1528,2929,0,3225,0
11/11/2025,6877,435,2036,2557,0,1802,0
11/11/2025,10992,321,3014,3664,0,2269,0
11/11/2025,10528,521,2445,1635,0,1607,0
11/11/2025,7516,499,2344,2886,0,2211,0
11/11/2025,9054,289,2553,2740,0,2244,0
11/11/2025,5501,437,4064,2580,0,2217,0
11/11/2025,4892,520,4198,1103,0,2348,0
11/11/2025,7494,252,1879,1442,0,1163,0
11/11/2025,7097,472,1091,3778,0,808,0
11/11/2025,4755,645,1981,2738,0,1911,0
11/11/2025,6528,413,1252,2299,0,2283,0
11/11/2025,12215,514,3661,1457,0,2301,0
12/11/2025,7059,622,2292,2792,0,2250,0
12/11/2025,9073,575,1482,1045,0,2299,0
12/11/2025,6307,671,2329,3503,0,1506,0
12/11/2025,6956,335,1987,1747,0,1837,0
12/11/2025,6622,612,2339,958,0,1946,0
12/11/2025,6691,640,3706,2915,0,2170,0
12/11/2025,7628,551,2402,1317,0,2491,0
12/11/2025,9370,356,2404,3056,0,2847,0
12/11/2025,6357,435,1745,1786,0,3578,0
12/11/2025,5326,509,1770,1711,0,2210,0
12/11/2025,6669,526,1373,1645,0,1507,0
12/11/2025,10518,508,1408,891,0,2956,0
12/11/2025,9657,568,1370,3844,0,1709,0
12/11/2025,7311,699,2139,2547,0,1678,0
12/11/2025,9755,386,2549,1817,0,2186,0
13/11/2025,8553,287,1684,2902,0,1028,0
13/11/2025,10191,727,1469,3255,0,1660,0
13/11/2025,6283,351,2910,4092,0,2467,0
13/11/2025,6557,852,4499,2408,0,1777,0
13/11/2025,4868,515,1892,2931,0,1437,0
13/11/2025,7037,563,2969,2146,0,1925,0
13/11/2025,6176,470,1000,1829,0,1990,0
13/11/2025,9770,472,1829,3949,0,2908,0
13/11/2025,6285,370,902,3197,0,1670,0
13/11/2025,4987,240,3353,2090,0,2114,0
13/11/2025,6796,611,2843,4839,0,2168,0
13/11/2025,5928,504,3755,4490,0,2664,0
13/11/2025,5693,312,2255,1400,0,1512,0
13/11/2025,5569,424,1567,2465,0,958,0
13/11/2025,11101,432,1837,2896,0,2867,0
14/11/2025,9621,759,1819,3481,0,3475,0
14/11/2025,5709,430,2539,2349,0,1732,0
14/11/2025,9902,410,1677,2653,0,2471,0
14/11/2025,10969,434,1224,3464,0,2659,0
14/11/2025,8722,320,1439,1813,0,2145,0
14/11/2025,8041,533,1578,2879,0,3622,0
14/11/2025,6293,427,2116,1399,0,2380,0
14/11/2025,6599,447,4422,4158,0,2240,0
14/11/2025,9782,302,1297,2705,0,1620,0
14/11/2025,6908,667,3209,1531,0,3093,0
14/11/2025,5453,689,3357,2484,0,2642,0
14/11/2025,9822,640,2490,1957,0,1357,0
14/11/2025,7397,486,2442,840,0,3232,0
14/11/2025,7668,675,3288,1888,0,3044,0
14/11/2025,4803,594,3506,2883,0,1765,0
15/11/2025,6927,656,3386,2907,0,786,0
15/11/2025,8532,361,1473,1028,0,2258,0
15/11/2025,7504,301,2317,3449,0,2662,0
15/11/2025,11891,514,3550,3592,0,1527,0
15/11/2025,6091,713,2739,3647,0,1250,0
15/11/2025,6735,314,2980,1799,0,1251,0
15/11/2025,5964,681,943,2207,0,1589,0
15/11/2025,6775,384,4260,1086,0,2798,0
15/11/2025,7675,488,1841,2651,0,2752,0
15/11/2025,10667,481,3228,2667,0,1355,0
15/11/2025,10701,331,2984,1451,0,988,0
15/11/2025,8071,448,2366,2623,0,2817,0
15/11/2025,10490,519,2058,2227,0,1509,0
15/11/2025,9534,391,1257,2021,0,1251,0
15/11/2025,7371,428,1855,4500,0,906,0
16/11/2025,5750,549,3324,3716,0,3014,0
16/11/2025,8183,514,2149,1877,0,2412,0
16/11/2025,4320,311,2695,2505,0,1774,0
16/11/2025,4957,536,1412,2677,0,1259,0
16/11/2025,4069,342,2425,3807,0,2247,0
16/11/2025,10012,533,2095,1843,0,2064,0
16/11/2025,6166,263,1538,2800,0,2729,0
16/11/2025,10306,366,1669,2961,0,3027,0
16/11/2025,10749,595,3712,1979,0,1477,0
16/11/2025,4435,404,3582,1964,0,2485,0
16/11/2025,8758,493,3628,1132,0,3280,0
16/11/2025,5255,446,4257,2904,0,2733,0
16/11/2025,4028,527,1942,1589,0,1113,0
16/11/2025,7892,419,1552,1460,0,2566,0
17/11/2025,6101,512,3422,976,0,1934,0
17/11/2025,6562,388,2790,1894,0,1557,0
17/11/2025,7737,528,2006,1288,0,936,0
17/11/2025,5321,506,4617,3754,0,1487,0
17/11/2025,8157,656,2479,2950,0,2797,0
17/11/2025,5339,389,1670,3145,0,1224,0
17/11/2025,6767,686,2382,3842,0,1703,0
17/11/2025,6762,724,2928,1186,0,3282,0
17/11/2025,4432,239,4431,3666,0,1998,0
17/11/2025,5643,254,1511,1635,0,1913,0
17/11/2025,8073,721,1495,1435,0,2672,0
17/11/2025,8723,427,1185,895,0,1016,0
17/11/2025,7170,752,1843,3173,0,2397,0
17/11/2025,7640,498,1725,2361,0,2526,0
17/11/2025,8065,512,3213,3376,0,1063,0
18/11/2025,4931,427,2511,2481,0,1718,0
18/11/2025,5780,297,1402,3473,0,897,0
18/11/2025,9271,506,2205,3365,0,1374,0
18/11/2025,9062,840,2843,1440,0,1556,0
18/11/2025,7187,414,932,1984,0,3055,0
18/11/2025,8544,563,4399,2809,0,2082,0
18/11/2025,6114,361,3061,2460,0,1616,0
18/11/2025,9495,558,2901,3901,0,2055,0
18/11/2025,6924,564,1036,2555,0,2072,0
18/11/2025,9226,365,4465,2582,0,2055,0
18/11/2025,5572,278,2547,2228,0,1438,0
18/11/2025,11017,642,3755,2194,0,2465,0
18/11/2025,8469,393,2208,2058,0,2275,0
18/11/2025,7120,696,3208,2587,0,2673,0
18/11/2025,10259,312,1475,2409,0,2438,0
19/11/2025,6383,289,3136,4804,0,1427,0
19/11/2025,8061,616,3896,3995,0,1510,0
19/11/2025,5469,668,2092,2124,0,1117,0
19/11/2025,6373,628,2197,2970,0,2914,0
19/11/2025,6791,314,2454,2079,0,2488,0
19/11/2025,8250,570,2508,2424,0,3457,0
19/11/2025,7939,278,1278,2773,0,2198,0
19/11/2025,10309,521,2619,3456,0,1225,0
19/11/2025,4762,366,1262,3451,0,2095,0
19/11/2025,9869,490,2483,1932,0,2703,0
19/11/2025,4584,736,2834,1913,0,1155,0
19/11/2025,8491,325,3680,2218,0,2430,0
19/11/2025,6168,744,2812,2960,0,2050,0
19/11/2025,7881,497,2682,2634,0,3240,0
19/11/2025,6277,512,2587,2501,0,2437,0
20/11/2025,7517,717,3019,4442,0,1751,0
20/11/2025,4604,315,3111,3805,0,2792,0
20/11/2025,9992,313,4162,2169,0,1330,0
20/11/2025,5347,637,3259,1056,0,2757,0
20/11/2025,7144,683,1705,2435,0,1627,0
20/11/2025,9815,704,2930,2585,0,1093,0
20/11/2025,7083,356,4727,2993,0,904,0
20/11/2025,5488,482,1414,3395,0,2572,0
20/11/2025,6900,715,3724,1013,0,2557,0
20/11/2025,4898,388,2829,901,0,1925,0
20/11/2025,8454,336,4192,3312,0,2724,0
20/11/2025,6994,577,4351,2312,0,1683,0
20/11/2025,9525,626,2015,2806,0,2318,0
20/11/2025,7198,690,4492,1464,0,1308,0
20/11/2025,6546,521,2830,977,0,2465,0
21/11/2025,9134,448,2795,3025,0,1368,0
21/11/2025,4968,458,1572,2037,0,2346,0
21/11/2025,9245,431,1963,2289,0,3083,0
21/11/2025,8680,264,986,2078,0,1427,0
21/11/2025,7800,673,2124,3178,0,1866,0
21/11/2025,7613,362,1642,1789,0,2148,0
21/11/2025,11449,450,1977,1551,0,2523,0
21/11/2025,10048,279,2358,3352,0,2152,0
21/11/2025,6912,225,3657,2338,0,1716,0
21/11/2025,8872,605,4340,1632,0,2002,0
21/11/2025,10721,642,2320,1014,0,1175,0
21/11/2025,9685,457,1521,3375,0,1962,0
21/11/2025,6947,517,3343,1315,0,1087,0
21/11/2025,6760,374,1432,2430,0,1815,0
21/11/2025,9194,613,4124,1797,0,3130,0
22/11/2025,4199,611,1181,2559,0,2001,0
22/11/2025,6397,626,1983,3470,0,1462,0
22/11/2025,5890,616,4565,1803,0,1456,0
22/11/2025,5927,334,4230,3607,0,1593,0
22/11/2025,9463,436,1779,933,0,2318,0
22/11/2025,5186,439,3458,3113,0,2087,0
22/11/2025,10817,691,2042,2160,0,1321,0
22/11/2025,8084,522,2750,1820,0,1490,0
22/11/2025,8585,657,2384,1273,0,1760,0
22/11/2025,9515,534,3036,2570,0,1705,0
22/11/2025,7637,320,1618,1590,0,2743,0
22/11/2025,7905,426,1099,3286,0,1645,0
22/11/2025,9105,745,1649,2668,0,2031,0
22/11/2025,8561,374,1452,2142,0,2638,0
22/11/2025,4714,289,2673,2741,0,2675,0
23/11/2025,4974,517,3698,2592,0,3472,0
23/11/2025,7334,304,3323,2315,0,2517,0
23/11/2025,9247,524,2238,2761,0,1329,0
23/11/2025,6829,618,1679,3125,0,2055,0
23/11/2025,6217,389,1822,2703,0,2086,0
23/11/2025,5081,636,1996,1956,0,1802,0
23/11/2025,6657,659,3040,2315,0,1638,0
23/11/2025,9112,518,1505,2802,0,2226,0
23/11/2025,6455,414,1557,1465,0,1671,0
23/11/2025,9062,377,1919,1520,0,2383,0
23/11/2025,10298,367,2182,3636,0,3182,0
23/11/2025,8727,549,3488,1290,0,2887,0
23/11/2025,5072,515,3760,2850,0,2025,0
23/11/2025,7065,542,2083,3430,0,2665,0
24/11/2025,4873,306,2543,3687,0,1201,0
24/11/2025,8640,492,2594,2172,0,2530,0
24/11/2025,9871,442,1314,1241,0,1596,0
24/11/2025,7708,328,3546,3693,0,1078,0
24/11/2025,8553,528,2458,1810,0,2349,0
24/11/2025,8932,626,3664,4429,0,1648,0
24/11/2025,4361,520,2522,3546,0,3498,0
24/11/2025,9168,340,2525,4232,0,1150,0
24/11/2025,7569,392,2577,1963,0,2148,0
24/11/2025,8583,573,2977,2486,0,1246,0
24/11/2025,6083,386,1874,2147,0,1728,0
24/11/2025,7822,507,1667,1572,0,2529,0
24/11/2025,8379,495,2268,2316,0,3435,0
24/11/2025,8656,391,2789,3728,0,1849,0
24/11/2025,10936,434,1011,3698,0,3047,0
25/11/2025,5627,404,2550,1568,0,1798,0
25/11/2025,7571,595,3392,3282,0,3282,0
25/11/2025,9716,760,955,2416,0,1216,0
25/11/2025,10665,555,1637,4273,0,3178,0
25/11/2025,6360,282,990,1889,0,2510,0
25/11/2025,7805,434,1361,2742,0,2833,0
25/11/2025,6479,279,1336,1638,0,1891,0
25/11/2025,7301,453,2494,2147,0,1709,0
25/11/2025,8021,554,2876,1122,0,1243,0
25/11/2025,7037,490,1152,1184,0,2607,0
25/11/2025,6917,480,2987,2507,0,3065,0
25/11/2025,7027,494,3479,2208,0,1366,0
25/11/2025,6836,449,2558,3597,0,3577,0
25/11/2025,9975,384,4162,1447,0,1817,0
25/11/2025,8036,568,3048,2616,0,3298,0
25/11/2025,6950,491,3362,3645,0,1922,0
26/11/2025,9120,517,1231,1418,0,3175,0
26/11/2025,7503,690,784,2027,0,1213,0
26/11/2025,8520,531,2819,2236,0,1963,0
26/11/2025,6851,455,3491,2141,0,2520,0
26/11/2025,8163,722,2288,2939,0,1666,0
26/11/2025,9665,776,3107,3308,0,2684,0
26/11/2025,6312,500,1024,2694,0,1479,0
26/11/2025,7206,645,3377,2544,0,2012,0
26/11/2025,10199,505,1583,3728,0,1623,0
26/11/2025,10734,347,1356,1668,0,1627,0
26/11/2025,11043,546,3480,2996,0,2481,0
26/11/2025,4567,413,1818,2586,0,1990,0
26/11/2025,7122,462,2492,1869,0,1657,0
26/11/2025,7443,760,1564,1724,0,2459,0
26/11/2025,5087,558,3402,2788,0,1551,0
27/11/2025,7882,296,2176,3285,0,1234,0
27/11/2025,10014,342,1763,2821,0,2573,0
27/11/2025,6096,547,1631,2252,0,2769,0
27/11/2025,7147,478,982,1812,0,973,0
27/11/2025,9482,342,1454,2494,0,3042,0
27/11/2025,11355,482,2161,2158,0,1276,0
27/11/2025,7240,717,3568,3024,0,2598,0
27/11/2025,5048,490,3958,3496,0,2331,0
27/11/2025,8700,709,1308,2387,0,1192,0
27/11/2025,5746,748,1248,2013,0,1569,0
27/11/2025,9232,270,1248,3517,0,2668,0
27/11/2025,9829,285,2369,3280,0,2854,0
27/11/2025,7837,448,1961,1138,0,2752,0
27/11/2025,6387,717,3118,2290,0,2482,0
27/11/2025,8205,773,2760,1682,0,2764,0
28/11/2025,6206,649,4162,2108,0,3022,0
28/11/2025,5464,616,1177,2479,0,1027,0
28/11/2025,11670,565,3166,1071,0,1051,0
28/11/2025,9667,328,1883,2343,0,1754,0
28/11/2025,6452,621,3924,2498,0,1992,0
28/11/2025,6247,319,2422,1129,0,1508,0
28/11/2025,5778,632,3884,3175,0,3143,0
28/11/2025,4551,519,3560,2130,0,1258,0
28/11/2025,7306,424,3214,3968,0,2096,0
28/11/2025,6658,397,2957,4517,0,1319,0
28/11/2025,5375,257,2530,2665,0,1075,0
28/11/2025,5109,648,3394,2542,0,3213,0
28/11/2025,9440,402,4611,1987,0,2277,0
28/11/2025,7468,375,2659,1683,0,1699,0
29/11/2025,5193,541,1847,3569,0,1816,0
29/11/2025,9274,405,4102,2802,0,1159,0
29/11/2025,7180,561,1346,1294,0,2092,0
29/11/2025,4872,605,1715,3639,0,1560,0
29/11/2025,4892,586,2287,2527,0,1527,0
29/11/2025,9010,328,1426,1053,0,1554,0
29/11/2025,11805,284,2417,2086,0,1888,0
29/11/2025,4907,629,1652,2547,0,1126,0
29/11/2025,5503,576,2698,3359,0,2101,0
29/11/2025,7123,527,2992,2350,0,2086,0
29/11/2025,8801,418,1953,2884,0,909,0
29/11/2025,9531,505,3595,4199,0,1869,0
29/11/2025,6270,671,3277,3846,0,1916,0
29/11/2025,7025,750,1656,3630,0,1480,0
30/11/2025,9601,723,3301,1519,0,2430,0
30/11/2025,7021,580,2594,4110,0,1395,0
30/11/2025,9336,375,2136,2706,0,1252,0
30/11/2025,4957,362,2700,4320,0,1619,0
30/11/2025,5546,660,2955,2374,0,1456,0
30/11/2025,6969,763,4171,3495,0,3355,0
30/11/2025,7480,568,1270,2899,0,2753,0
30/11/2025,8235,329,3175,3516,0,2969,0
30/11/2025,6921,462,2640,2035,0,1066,0
30/11/2025,10640,445,3127,2853,0,2347,0
30/11/2025,6624,411,1830,4863,0,3087,0
30/11/2025,8617,579,1222,2921,0,1361,0
30/11/2025,5568,645,1140,2159,0,2065,0
30/11/2025,6969,472,3049,3864,0,2109,0
01/12/2025,7213,413,1904,3860,0,1657,0
01/12/2025,6665,511,2170,4583,0,1535,0
01/12/2025,8869,611,2628,2576,0,2101,0
01/12/2025,5809,388,2278,3014,0,1347,0
01/12/2025,6454,526,3775,1824,0,1716,0
01/12/2025,6929,475,4070,2340,0,1736,0
01/12/2025,5520,660,1330,2616,0,2795,0
01/12/2025,10255,725,1258,1583,0,1571,0
01/12/2025,9466,465,2528,1333,0,1589,0
01/12/2025,5775,452,3865,2761,0,2396,0
01/12/2025,6605,399,2635,2300,0,2574,0
01/12/2025,6888,299,3107,3435,0,1413,0
01/12/2025,10922,522,2387,3777,0,1944,0
01/12/2025,7891,470,1349,2120,0,1549,0
01/12/2025,10344,592,4751,1218,0,1113,0
02/12/2025,5318,439,4196,1290,0,1411,0
02/12/2025,10027,533,3321,2063,0,1669,0
02/12/2025,3961,333,3724,2386,0,1950,0
02/12/2025,8060,379,2149,3765,0,2782,0
02/12/2025,8973,388,1557,4495,0,2867,0
02/12/2025,5806,651,1960,4805,0,2807,0
02/12/2025,7827,477,4427,2037,0,1608,0
02/12/2025,7519,567,2458,3004,0,1297,0
02/12/2025,5530,440,2386,2740,0,1490,0
02/12/2025,7273,426,2942,2197,0,2231,0
02/12/2025,6204,572,2988,3082,0,934,0
02/12/2025,7375,679,2149,3693,0,763,0
02/12/2025,8167,463,1691,2151,0,3277,0
02/12/2025,5334,459,4065,2522,0,1218,0
02/12/2025,4880,369,1688,1494,0,2149,0
03/12/2025,11565,616,2593,1827,0,2189,0
03/12/2025,4870,407,1222,2162,0,1004,0
03/12/2025,9010,328,1149,1571,0,1002,0
03/12/2025,6140,579,2736,2435,0,1508,0
03/12/2025,5192,582,3345,4200,0,3043,0
03/12/2025,5287,300,975,3264,0,2587,0
03/12/2025,7491,555,2696,2949,0,2890,0
03/12/2025,10771,505,940,3985,0,2064,0
03/12/2025,8843,413,3758,1790,0,2448,0
03/12/2025,7779,389,3188,2169,0,1498,0
03/12/2025,10210,302,3096,3207,0,3044,0
03/12/2025,7424,700,1701,3559,0,1992,0
03/12/2025,9266,626,2919,1085,0,1265,0
03/12/2025,10214,773,2230,1801,0,2909,0
03/12/2025,5231,364,2703,1576,0,2625,0
04/12/2025,7196,704,1413,4513,0,1913,0
04/12/2025,7656,344,1583,2848,0,2804,0
04/12/2025,8305,631,1427,1011,0,2507,0
04/12/2025,10032,402,1107,2575,0,2205,0
04/12/2025,4745,391,4687,1566,0,1810,0
04/12/2025,10148,552,3085,2622,0,3130,0
04/12/2025,10115,516,2157,1798,0,2088,0
04/12/2025,6849,415,1897,3401,0,1158,0
04/12/2025,6155,474,938,1414,0,1476,0
04/12/2025,10365,262,2543,2904,0,1742,0
04/12/2025,4769,399,2258,1816,0,1560,0
04/12/2025,8038,684,3689,2906,0,2471,0
04/12/2025,8856,271,3894,4007,0,1855,0
04/12/2025,4847,270,2156,1659,0,2222,0
04/12/2025,11000,333,2165,2452,0,2038,0
05/12/2025,9004,463,2958,3557,0,2107,0
05/12/2025,8972,458,1587,2557,0,1163,0
05/12/2025,6188,645,2136,1976,0,2998,0
05/12/2025,8169,718,2722,2386,0,2328,0
05/12/2025,4336,773,2648,3561,0,1766,0
05/12/2025,8487,485,4153,1755,0,2333,0
05/12/2025,9238,458,1720,3454,0,1181,0
05/12/2025,9816,654,1232,4206,0,2671,0
05/12/2025,7527,532,3821,2558,0,1800,0
05/12/2025,5042,513,2319,3669,0,3398,0
05/12/2025,6347,340,2047,3020,0,2494,0
05/12/2025,5999,615,2321,2256,0,1094,0
05/12/2025,10225,603,1317,2788,0,1889,0
05/12/2025,5461,544,1510,4314,0,2937,0
05/12/2025,6971,415,2103,2912,0,3101,0
06/12/2025,5276,785,2607,1275,0,1446,0
06/12/2025,10508,467,3167,3256,0,2596,0
06/12/2025,6057,678,1853,1744,0,2658,0
06/12/2025,6364,724,3733,884,0,2883,0
06/12/2025,7298,514,2277,3310,0,1024,0
06/12/2025,6265,354,2586,1733,0,2214,0
06/12/2025,6253,693,2455,2039,0,2922,0
06/12/2025,8352,574,4137,3343,0,1344,0
06/12/2025,8422,627,2973,1872,0,2026,0
06/12/2025,7303,706,1081,1510,0,2310,0
06/12/2025,8645,471,3175,1068,0,1808,0
06/12/2025,7990,454,3598,2746,0,825,0
06/12/2025,4298,428,2369,2015,0,1982,0
06/12/2025,7146,353,1169,1998,0,2381,0
06/12/2025,7454,484,1988,1409,0,3127,0
07/12/2025,5555,510,1553,855,0,2084,0
07/12/2025,5471,616,1152,3142,0,2394,0
07/12/2025,6338,360,2301,2967,0,1847,0
07/12/2025,5247,610,2416,1068,0,1759,0
07/12/2025,7506,463,2057,3768,0,1395,0
07/12/2025,9988,403,2990,4347,0,2103,0
07/12/2025,4190,435,2669,1610,0,2773,0
07/12/2025,7344,267,4579,2033,0,2207,0
07/12/2025,6735,376,3419,2967,0,1325,0
07/12/2025,8703,497,2563,3714,0,1501,0
07/12/2025,9198,490,3077,2915,0,2352,0
07/12/2025,6608,526,2499,3416,0,2090,0
07/12/2025,10125,470,1016,1086,0,1452,0
07/12/2025,4487,438,2068,1099,0,1095,0
07/12/2025,7437,589,1993,2266,0,3023,0
08/12/2025,10005,564,3291,1457,0,2621,0
08/12/2025,6299,473,1671,2275,0,1076,0
08/12/2025,11726,739,2920,3170,0,1853,0
08/12/2025,7606,422,2452,3316,0,1479,0
08/12/2025,9826,349,2773,3745,0,3407,0
08/12/2025,5679,456,3307,3684,0,1277,0
08/12/2025,5378,540,1263,1358,0,1694,0
08/12/2025,6200,483,3667,2784,0,2365,0
08/12/2025,8121,417,1648,940,0,2641,0
08/12/2025,6337,520,4091,3383,0,2073,0
08/12/2025,8509,511,1994,1196,0,2089,0
08/12/2025,6192,514,3912,1098,0,1820,0
08/12/2025,10513,454,2027,2115,0,1993,0
08/12/2025,5079,558,2326,3165,0,2848,0
08/12/2025,5966,298,1425,1713,0,1173,0
09/12/2025,6254,477,1403,3925,0,2154,0
09/12/2025,9714,490,1715,1754,0,1726,0
09/12/2025,4767,300,1079,3297,0,2545,0
09/12/2025,4779,513,2982,2249,0,1620,0
09/12/2025,9553,444,1004,1114,0,1206,0
09/12/2025,4890,350,899,1701,0,1226,0
09/12/2025,9248,554,2514,4307,0,2981,0
09/12/2025,7114,450,1650,2075,0,2588,0
09/12/2025,6442,644,2099,1216,0,1279,0
09/12/2025,8369,603,1469,3554,0,1898,0
09/12/2025,7587,382,1567,1858,0,2198,0
09/12/2025,6550,390,1807,1742,0,2541,0
09/12/2025,10224,793,2400,1296,0,1562,0
09/12/2025,6635,350,2997,2058,0,2629,0
09/12/2025,8440,475,4620,3929,0,1343,0
10/12/2025,5021,516,3530,4597,0,1260,0
10/12/2025,6998,368,1995,1871,0,2248,0
10/12/2025,10279,518,2144,2957,0,3012,0
10/12/2025,9993,360,3196,1618,0,2809,0
10/12/2025,4844,387,1185,2380,0,848,0
10/12/2025,6137,766,1843,2273,0,2296,0
10/12/2025,9210,569,3156,3606,0,3640,0
10/12/2025,11014,502,2164,4323,0,2771,0
10/12/2025,11262,472,2985,2627,0,2377,0
10/12/2025,6286,534,2462,1918,0,1269,0
10/12/2025,6451,317,3792,4165,0,1285,0
10/12/2025,8136,434,2652,2983,0,2728,0
10/12/2025,9058,537,1233,4631,0,2512,0
10/12/2025,4590,545,2329,3063,0,1045,0
10/12/2025,7000,744,1347,3767,0,2520,0
11/12/2025,6735,516,3098,3754,0,3056,0
11/12/2025,5149,734,2805,4072,0,2441,0
11/12/2025,4677,311,2124,1256,0,1077,0
11/12/2025,6451,804,2735,878,0,1953,0
11/12/2025,9808,679,1609,2284,0,957,0
11/12/2025,11213,570,3450,3011,0,2356,0
11/12/2025,8161,689,2513,1894,0,2064,0
11/12/2025,6066,565,3024,3692,0,1410,0
11/12/2025,7379,377,4295,2710,0,1907,0
11/12/2025,9971,491,2387,3310,0,2578,0
11/12/2025,9169,573,1200,1931,0,1574,0
11/12/2025,4846,782,1357,1151,0,2628,0
11/12/2025,8068,623,3082,3111,0,1206,0
11/12/2025,7370,607,1076,3450,0,2385,0
11/12/2025,6862,514,2866,3568,0,2348,0
12/12/2025,7995,561,2927,1486,0,886,0
12/12/2025,8562,448,2918,3041,0,1645,0
12/12/2025,5324,376,3208,2674,0,2830,0
12/12/2025,12324,531,1490,2481,0,2938,0
12/12/2025,6420,352,1775,1737,0,1443,0
12/12/2025,8768,400,2639,4253,0,2547,0
12/12/2025,4075,379,1505,1634,0,2880,0
12/12/2025,4731,512,1715,2851,0,1420,0
12/12/2025,6115,423,4079,1596,0,3208,0
12/12/2025,6957,496,2291,3615,0,1051,0
12/12/2025,9985,560,2879,2146,0,2410,0
12/12/2025,7978,563,1954,3122,0,2071,0
12/12/2025,6044,302,2838,4414,0,2147,0
12/12/2025,10407,774,1266,1774,0,1325,0
12/12/2025,7807,535,3669,3661,0,2558,0
13/12/2025,4349,324,2775,4483,0,1737,0
13/12/2025,7335,529,1676,2637,0,2040,0
13/12/2025,7934,398,2744,2876,0,1696,0
13/12/2025,10356,497,3274,2445,0,2453,0
13/12/2025,4895,742,3285,2403,0,1274,0
13/12/2025,5648,821,908,3149,0,3263,0
13/12/2025,4120,702,2211,2393,0,1988,0
13/12/2025,8055,388,2479,2441,0,2549,0
13/12/2025,4719,611,1505,1569,0,1866,0
13/12/2025,4756,666,2517,1561,0,2512,0
13/12/2025,9766,292,2482,2245,0,925,0
13/12/2025,6135,268,3683,2728,0,2551,0
13/12/2025,6184,346,2885,2727,0,2179,0
13/12/2025,5458,346,2339,1543,0,2707,0
13/12/2025,7756,434,2447,1192,0,2221,0
14/12/2025,9910,699,1813,1092,0,1477,0
14/12/2025,9024,351,4028,1353,0,1878,0
14/12/2025,7371,425,3401,2449,0,2731,0
14/12/2025,10046,375,2976,1563,0,1687,0
14/12/2025,9794,570,3105,1987,0,2071,0
14/12/2025,5943,441,4603,2853,0,934,0
14/12/2025,6409,338,4579,2387,0,1310,0
14/12/2025,6639,520,1812,2144,0,3115,0
14/12/2025,8063,620,3658,1290,0,2378,0
14/12/2025,7615,683,1531,3525,0,3029,0
14/12/2025,7295,435,2305,3567,0,1288,0
14/12/2025,5926,315,3150,2340,0,1214,0
14/12/2025,6654,592,3322,2690,0,2770,0
14/12/2025,8214,398,4137,3097,0,3482,0
15/12/2025,6188,580,2015,2825,0,803,0
15/12/2025,7886,399,3742,4038,0,1667,0
15/12/2025,5427,338,4794,3124,0,2916,0
15/12/2025,6676,571,1367,2433,0,1204,0
15/12/2025,10313,407,3194,3059,0,1523,0
15/12/2025,6066,700,2453,2583,0,1808,0
15/12/2025,9674,801,835,2137,0,1683,0
15/12/2025,5187,476,2556,1624,0,1391,0
15/12/2025,5904,299,4022,2548,0,1168,0
15/12/2025,8759,552,1190,2268,0,2042,0
15/12/2025,8462,430,3345,1985,0,1140,0
15/12/2025,4402,444,4283,2677,0,3290,0
15/12/2025,9249,354,1835,4160,0,1136,0
15/12/2025,11944,296,2833,3653,0,2372,0
15/12/2025,4532,401,3610,4345,0,1959,0
16/12/2025,6577,392,1910,2094,0,2329,0
16/12/2025,11493,606,1684,2662,0,810,0
16/12/2025,8966,250,1008,2341,0,1620,0
16/12/2025,7622,611,2352,2257,0,2697,0
16/12/2025,10328,478,1915,2922,0,3208,0
16/12/2025,8729,451,1170,1696,0,3326,0
16/12/2025,7325,621,1605,2781,0,2432,0
16/12/2025,9693,363,4527,1129,0,1911,0
16/12/2025,8269,796,2643,2924,0,2047,0
16/12/2025,9733,473,2302,2074,0,787,0
16/12/2025,5229,503,1243,2829,0,1692,0
16/12/2025,7047,678,2883,3329,0,1532,0
16/12/2025,10612,668,1608,1353,0,1517,0
16/12/2025,5770,384,1200,2815,0,2350,0
16/12/2025,6445,417,1721,2523,0,2484,0
17/12/2025,9614,620,2969,2324,0,1071,0
17/12/2025,9206,415,3587,2636,0,3175,0
17/12/2025,8523,585,2610,1288,0,962,0
17/12/2025,6709,362,1400,3421,0,2284,0
17/12/2025,4664,802,2040,2683,0,2038,0
17/12/2025,5379,594,1685,2340,0,2099,0
17/12/2025,7678,508,1169,3357,0,3138,0
17/12/2025,5753,586,1448,2686,0,2555,0
17/12/2025,7092,340,2605,2414,0,2353,0
17/12/2025,7757,676,3970,3825,0,1185,0
17/12/2025,7330,562,3785,1722,0,3072,0
17/12/2025,5102,705,3174,1415,0,2865,0
17/12/2025,10583,359,1835,2484,0,2703,0
17/12/2025,10356,476,4286,2723,0,2220,0
17/12/2025,8477,460,2093,4507,0,2620,0
18/12/2025,4918,377,4165,2480,0,873,0
18/12/2025,6819,637,2177,4283,0,2848,0
18/12/2025,9995,777,2535,2528,0,2197,0
18/12/2025,10167,515,1428,1182,0,1255,0
18/12/2025,7015,520,4339,928,0,2536,0
18/12/2025,7973,474,2606,3713,0,2102,0
18/12/2025,6023,734,2229,2478,0,1976,0
18/12/2025,9167,600,3295,1972,0,3103,0
18/12/2025,5606,298,2974,1488,0,1910,0
18/12/2025,8183,601,3914,3684,0,2477,0
18/12/2025,6533,423,2544,3789,0,1916,0
18/12/2025,5596,658,820,1256,0,2648,0
18/12/2025,6912,601,3012,3949,0,2385,0
18/12/2025,6380,309,1668,3021,0,2040,0
18/12/2025,7110,801,1689,3039,0,1887,0
19/12/2025,7284,686,3737,2950,0,1772,0
19/12/2025,7625,361,3290,2449,0,2827,0
19/12/2025,8368,435,1081,3047,0,2854,0
19/12/2025,12203,397,2507,2575,0,2345,0
19/12/2025,6932,575,846,1335,0,2613,0
19/12/2025,8230,688,1425,2785,0,925,0
19/12/2025,10282,379,3092,3706,0,1009,0
19/12/2025,8954,601,3840,1236,0,2106,0
19/12/2025,5374,509,1980,2116,0,1880,0
19/12/2025,6289,483,2512,1606,0,2188,0
19/12/2025,6402,565,2164,3605,0,1802,0
19/12/2025,4929,330,2991,1165,0,1871,0
19/12/2025,9076,356,1814,4082,0,2994,0
19/12/2025,6379,585,1657,3344,0,2413,0
19/12/2025,8634,734,2717,4587,0,2388,0
20/12/2025,8306,475,3230,927,0,2328,0
20/12/2025,5483,257,2089,2742,0,1930,0
20/12/2025,10181,532,2087,1869,0,1308,0
20/12/2025,8884,681,1893,1357,0,2942,0
20/12/2025,7323,412,3441,3562,0,2745,0
20/12/2025,7305,297,2996,2361,0,3007,0
20/12/2025,10681,422,1690,4059,0,2114,0
20/12/2025,11367,511,1579,2126,0,2426,0
20/12/2025,6014,335,1475,2988,0,2093,0
20/12/2025,9340,653,1179,2199,0,2017,0
20/12/2025,4961,619,967,3326,0,2309,0
20/12/2025,6248,554,1212,2082,0,2132,0
20/12/2025,7990,625,2627,1261,0,3505,0
20/12/2025,9804,541,1129,3565,0,2068,0
20/12/2025,8328,334,2303,3826,0,3331,0
21/12/2025,5197,287,3005,3463,0,2153,0
21/12/2025,7419,408,1730,2158,0,1105,0
21/12/2025,11895,521,1430,2695,0,3677,0
21/12/2025,5303,362,963,1294,0,1051,0
21/12/2025,7432,659,4165,1889,0,1967,0
21/12/2025,8841,848,2626,1692,0,1383,0
21/12/2025,5999,380,3143,1798,0,1859,0
21/12/2025,5559,391,3247,1412,0,1188,0
21/12/2025,10848,435,1370,1403,0,1397,0
21/12/2025,7157,482,3005,1648,0,3336,0
21/12/2025,8394,501,3024,3431,0,1878,0
21/12/2025,5567,552,3281,2997,0,2125,0
21/12/2025,5896,345,1907,1706,0,2331,0
21/12/2025,6116,542,1357,4337,0,1290,0
21/12/2025,5577,565,2451,2100,0,1370,0
22/12/2025,5562,796,1754,2679,0,1173,0
22/12/2025,7932,461,2757,1489,0,1913,0
22/12/2025,7986,332,2443,2476,0,3190,0
22/12/2025,7639,429,1464,1661,0,1942,0
22/12/2025,6531,338,2024,3423,0,1934,0
22/12/2025,10284,705,2435,1308,0,1870,0
22/12/2025,4625,620,3119,1203,0,1758,0
22/12/2025,5973,537,3061,2984,0,1578,0
22/12/2025,8934,460,2421,2919,0,2444,0
22/12/2025,5235,737,2595,1632,0,2886,0
22/12/2025,7223,687,1904,1759,0,1675,0
22/12/2025,8575,492,2108,3574,0,1669,0
22/12/2025,8647,490,1765,2150,0,1382,0
22/12/2025,7451,265,2773,4254,0,999,0
22/12/2025,7967,586,2158,1525,0,1788,0
23/12/2025,7422,402,3725,1198,0,1441,0
23/12/2025,6734,411,2084,2970,0,1153,0
23/12/2025,7197,789,2036,2289,0,2814,0
23/12/2025,8653,477,1567,3126,0,1291,0
23/12/2025,5490,301,2887,2829,0,1595,0
23/12/2025,7952,280,3926,1654,0,2899,0
23/12/2025,7417,421,1182,2144,0,2590,0
23/12/2025,7708,555,2115,3518,0,2676,0
23/12/2025,11589,316,2942,2209,0,2143,0
23/12/2025,8183,410,3174,2305,0,3121,0
23/12/2025,10112,315,4219,2162,0,2649,0
23/12/2025,5796,330,1733,3860,0,2389,0
23/12/2025,8191,632,3683,3468,0,2041,0
23/12/2025,6643,418,991,1918,0,1593,0
23/12/2025,6640,575,1607,2302,0,3280,0
24/12/2025,7562,796,2655,929,0,1393,0
24/12/2025,7653,321,3052,1756,0,1623,0
24/12/2025,6607,421,2921,2867,0,2618,0
24/12/2025,8196,743,1718,2414,0,2155,0
24/12/2025,8320,284,3226,1346,0,1388,0
24/12/2025,7000,634,857,2284,0,1820,0
24/12/2025,7753,684,3857,1934,0,2265,0
24/12/2025,8052,464,1992,3373,0,1817,0
24/12/2025,7602,563,2000,3743,0,3023,0
24/12/2025,8807,693,1293,1462,0,2479,0
24/12/2025,4310,438,2416,2132,0,1954,0
24/12/2025,4421,469,2364,2758,0,1638,0
24/12/2025,8186,533,1494,2449,0,1783,0
24/12/2025,7912,482,1582,2305,0,1489,0
24/12/2025,8813,632,1691,1976,0,2828,0
25/12/2025,7315,364,1711,1466,0,2191,0
25/12/2025,5968,338,1543,2704,0,1356,0
25/12/2025,10860,617,1206,3744,0,1795,0
25/12/2025,9515,433,2576,3946,0,2550,0
25/12/2025,6397,311,1524,1754,0,1967,0
25/12/2025,6762,271,1995,3441,0,1956,0
25/12/2025,7429,447,1403,1587,0,2883,0
25/12/2025,6116,609,1750,1880,0,2574,0
25/12/2025,4704,359,900,973,0,2387,0
25/12/2025,6823,398,2221,1141,0,2686,0
25/12/2025,9537,684,4111,2243,0,1977,0
25/12/2025,5514,327,3937,1437,0,1282,0
25/12/2025,5513,727,1480,2401,0,2757,0
25/12/2025,7683,323,2565,1245,0,2202,0
25/12/2025,7457,381,2931,1565,0,1039,0
26/12/2025,9213,546,3658,3182,0,1392,0
26/12/2025,10015,314,1800,1660,0,1531,0
26/12/2025,7979,674,1471,3289,0,1619,0
26/12/2025,7075,427,3917,2044,0,2853,0
26/12/2025,5977,424,3104,2554,0,2758,0
26/12/2025,6381,646,2520,2415,0,1542,0
26/12/2025,7424,647,3263,4050,0,1841,0
26/12/2025,10344,619,2909,2544,0,2417,0
26/12/2025,8798,311,1190,2869,0,2210,0
26/12/2025,10890,423,1596,2036,0,1024,0
26/12/2025,8134,483,3123,2548,0,2638,0
26/12/2025,5794,749,1099,2396,0,2689,0
26/12/2025,5313,380,3040,2608,0,1195,0
26/12/2025,5028,594,4020,2185,0,2560,0
26/12/2025,4952,317,3595,4592,0,1931,0
27/12/2025,5800,381,1451,2175,0,2712,0
27/12/2025,7005,250,2563,3107,0,1557,0
27/12/2025,8087,848,4618,2229,0,2839,0
27/12/2025,6387,314,898,2741,0,1367,0
27/12/2025,6737,475,3774,3985,0,2243,0
27/12/2025,6873,318,1669,3591,0,1958,0
27/12/2025,5748,389,4081,1402,0,1463,0
27/12/2025,9999,586,2439,3309,0,3543,0
27/12/2025,6512,767,1189,1551,0,1604,0
27/12/2025,10858,335,2403,1630,0,2725,0
27/12/2025,6549,430,1227,3766,0,1498,0
27/12/2025,7870,651,3051,3456,0,2838,0
27/12/2025,5924,352,2905,4012,0,1626,0
27/12/2025,3963,615,1732,3042,0,2588,0
27/12/2025,7612,449,2250,1641,0,2503,0
28/12/2025,7513,489,2226,2502,0,2075,0
28/12/2025,5345,419,2611,3316,0,1244,0
28/12/2025,5923,372,2169,1214,0,932,0
28/12/2025,10622,383,2662,3063,0,2244,0
28/12/2025,5406,336,2168,4374,0,1345,0
28/12/2025,4879,522,2502,2514,0,1336,0
28/12/2025,8144,385,3498,1831,0,2334,0
28/12/2025,7764,575,3259,2245,0,2471,0
28/12/2025,10696,543,4252,3288,0,3293,0
28/12/2025,8186,627,1596,1379,0,2192,0
28/12/2025,7255,378,3440,3962,0,1930,0
28/12/2025,4223,617,3666,2195,0,1228,0
28/12/2025,10698,338,1724,2472,0,2218,0
28/12/2025,6790,440,1176,2983,0,2233,0
28/12/2025,7739,522,1402,2786,0,1321,0
29/12/2025,6162,399,2414,2630,0,2374,0
29/12/2025,10019,519,3747,1010,0,2864,0
29/12/2025,9174,366,1228,3648,0,1010,0
29/12/2025,7767,412,1530,1669,0,2472,0
29/12/2025,8992,585,3125,3071,0,3037,0
29/12/2025,10419,522,4622,1760,0,2013,0
29/12/2025,7740,628,3946,1749,0,2495,0
29/12/2025,9315,560,2465,1877,0,2382,0
29/12/2025,10245,584,3496,2516,0,1891,0
29/12/2025,9617,539,2835,1938,0,1283,0
29/12/2025,10211,624,1823,1118,0,2875,0
29/12/2025,7937,339,1365,2741,0,2365,0
29/12/2025,5676,415,1657,2712,0,1097,0
29/12/2025,4419,668,3033,1483,0,906,0
29/12/2025,4865,579,2866,3166,0,1433,0
30/12/2025,8797,561,1797,2267,0,1567,0
30/12/2025,7662,310,2945,964,0,2542,0
30/12/2025,8809,455,3339,1302,0,2625,0
30/12/2025,6170,313,2176,3075,0,2541,0
30/12/2025,7660,465,3277,2406,0,1416,0
30/12/2025,5179,544,3591,2750,0,2384,0
30/12/2025,8191,295,1865,3559,0,973,0
30/12/2025,7212,634,1526,1367,0,1920,0
30/12/2025,8709,861,2793,985,0,1274,0
30/12/2025,8914,422,1402,2923,0,3290,0
30/12/2025,7024,424,2426,2920,0,1435,0
30/12/2025,7561,704,1771,2658,0,1329,0
30/12/2025,8747,475,1318,3131,0,2266,0
30/12/2025,8423,556,2700,3911,0,3257,0
30/12/2025,8729,614,2201,1484,0,1119,0
31/12/2025,9001,382,1370,2990,0,1467,0
31/12/2025,5420,335,1196,1337,0,1401,0
31/12/2025,6277,621,886,2378,0,3217,0
31/12/2025,5838,448,3309,3130,0,2424,0
31/12/2025,6408,433,4011,1313,0,1378,0
31/12/2025,10318,542,1242,1326,0,2067,0
31/12/2025,10493,704,1097,2518,0,1698,0
31/12/2025,7050,505,2770,2761,0,1913,0
31/12/2025,9149,488,3236,988,0,3051,0
31/12/2025,7578,573,1729,2675,0,2742,0
31/12/2025,9219,780,3420,1887,0,2174,0
31/12/2025,6188,501,1226,1110,0,1140,0
31/12/2025,7513,513,1807,1412,0,2754,0
31/12/2025,5597,502,1739,3171,0,1574,0
31/12/2025,4431,329,3382,1139,0,2092,0
01/01/2026,10995,365,1705,1863,0,2045,0
01/01/2026,7152,446,3516,2214,0,2587,0
01/01/2026,6385,673,1372,874,0,2141,0
01/01/2026,8115,343,2374,863,0,1905,0
01/01/2026,8126,776,3493,2564,0,1644,0
01/01/2026,7726,557,2859,2133,0,2941,0
01/01/2026,6203,337,1366,2710,0,1533,0
01/01/2026,5448,537,2423,2439,0,1510,0
01/01/2026,5497,259,2583,3499,0,2139,0
01/01/2026,7240,297,3439,1923,0,1567,0
01/01/2026,6528,516,1341,4212,0,2307,0
01/01/2026,6659,517,2572,1877,0,1809,0
01/01/2026,9160,369,2439,2620,0,2085,0
01/01/2026,7416,425,3898,2292,0,1533,0
01/01/2026,5987,750,1395,3164,0,1053,0
02/01/2026,7805,656,3948,1557,0,2194,0
02/01/2026,6839,407,1440,2062,0,2059,0
02/01/2026,5315,460,2731,2914,0,1120,0
02/01/2026,6683,348,4271,2885,0,1365,0
02/01/2026,6991,346,2779,1642,0,3227,0
02/01/2026,4878,465,2488,1517,0,1644,0
02/01/2026,5867,494,2354,2109,0,2061,0
02/01/2026,4746,382,4183,3469,0,2507,0
02/01/2026,8418,474,3057,2544,0,1699,0
02/01/2026,6400,686,3154,3851,0,2146,0
02/01/2026,4526,512,2542,2761,0,3297,0
02/01/2026,5622,488,2610,3168,0,2504,0
02/01/2026,9939,647,2825,2857,0,1958,0
02/01/2026,7175,645,2456,867,0,1891,0
02/01/2026,5880,531,3201,3018,0,1036,0
03/01/2026,8078,506,3905,3450,0,1954,0
03/01/2026,6402,610,4167,1750,0,1516,0
03/01/2026,7784,415,4032,1654,0,2581,0
03/01/2026,9269,406,2421,2627,0,2204,0
03/01/2026,9071,246,4176,3192,0,2551,0
03/01/2026,5484,667,2951,2349,0,1520,0
03/01/2026,7982,620,4439,1772,0,3329,0
03/01/2026,6095,709,1262,1843,0,2832,0
03/01/2026,8856,615,1855,3922,0,2594,0
03/01/2026,7830,642,1565,4151,0,2849,0
03/01/2026,7888,643,4467,1160,0,2425,0
03/01/2026,10419,543,1948,3470,0,1962,0
03/01/2026,10222,372,3795,2207,0,1728,0
03/01/2026,5250,321,2903,2744,0,1422,0
03/01/2026,6731,590,3089,2437,0,2327,0
04/01/2026,6778,537,3429,1486,0,2081,0
04/01/2026,7647,356,3020,2142,0,1506,0
04/01/2026,11169,411,2065,1997,0,2976,0
04/01/2026,9133,460,1660,2967,0,2335,0
04/01/2026,6514,487,3098,4840,0,3048,0
04/01/2026,8297,401,1296,3292,0,2709,0
04/01/2026,8685,629,3358,2234,0,2121,0
04/01/2026,5775,412,1866,2151,0,1864,0
04/01/2026,8293,466,3074,1019,0,1782,0
04/01/2026,4746,719,2176,3652,0,3227,0
04/01/2026,7647,461,2660,1712,0,1988,0
04/01/2026,9101,449,2450,1532,0,2586,0
04/01/2026,8350,673,3845,1562,0,1292,0
04/01/2026,12118,481,2039,2986,0,2003,0
04/01/2026,4745,543,2075,1992,0,1804,0
05/01/2026,6581,466,3523,4201,0,2642,0
05/01/2026,7580,574,2048,2079,0,2520,0
05/01/2026,6714,652,1297,2625,0,3624,0
05/01/2026,6852,440,2005,3823,0,2141,0
05/01/2026,4697,537,1059,1946,0,2462,0
05/01/2026,5251,598,1252,3404,0,1135,0
05/01/2026,4483,377,1870,1886,0,1865,0
05/01/2026,6239,472,1178,2136,0,909,0
05/01/2026,6218,558,1855,1238,0,1755,0
05/01/2026,4699,458,3724,2287,0,2086,0
05/01/2026,8405,808,1617,1500,0,2577,0
05/01/2026,8103,403,2978,1341,0,2400,0
05/01/2026,9779,436,1669,2938,0,2146,0
05/01/2026,6958,596,1713,3831,0,2121,0
05/01/2026,8324,503,2418,3169,0,1941,0
06/01/2026,10258,551,1593,1889,0,1655,0
06/01/2026,8701,449,1871,1692,0,1233,0
06/01/2026,11821,505,3443,2137,0,1365,0
06/01/2026,4802,473,4011,1514,0,2249,0
06/01/2026,4544,380,1621,2135,0,2278,0
06/01/2026,8390,576,1877,1789,0,1990,0
06/01/2026,7744,551,1605,1014,0,2365,0
06/01/2026,6466,558,2178,1943,0,1735,0
06/01/2026,6016,595,4045,1262,0,2413,0
06/01/2026,7980,357,1867,1659,0,1295,0
06/01/2026,6230,651,2804,2163,0,1637,0
06/01/2026,6430,479,2989,2957,0,1022,0
06/01/2026,5142,692,2696,2345,0,1350,0
06/01/2026,5275,561,1789,3583,0,2061,0
06/01/2026,9156,396,1640,4397,0,1749,0
07/01/2026,12015,382,4421,3356,0,1439,0
07/01/2026,8678,499,1848,4182,0,1929,0
07/01/2026,10313,273,3629,2075,0,1723,0
07/01/2026,9351,318,2446,4808,0,931,0
07/01/2026,8573,657,3692,1390,0,1901,0
07/01/2026,7122,468,2517,1554,0,1441,0
07/01/2026,8114,399,1566,1257,0,2282,0
07/01/2026,8660,408,2373,1699,0,1396,0
07/01/2026,6223,608,1481,1341,0,3061,0
07/01/2026,7763,336,4641,2568,0,1686,0
07/01/2026,5207,601,1446,2122,0,884,0
07/01/2026,4628,384,3014,3185,0,3157,0
07/01/2026,6264,475,3353,2846,0,1139,0
07/01/2026,7532,524,3683,3152,0,2672,0
07/01/2026,10720,615,3781,2835,0,2186,0
08/01/2026,5839,327,1639,3129,0,1493,0
08/01/2026,6833,345,3966,3220,0,2675,0
08/01/2026,4297,381,2729,2431,0,2857,0
08/01/2026,4583,358,2238,2097,0,2144,0
08/01/2026,7426,467,2550,949,0,3052,0
08/01/2026,8933,483,2453,3443,0,2833,0
08/01/2026,5770,600,1396,1454,0,1276,0
08/01/2026,9963,593,866,3194,0,2945,0
08/01/2026,8253,520,2463,2239,0,2531,0
08/01/2026,5850,492,2763,2665,0,2557,0
08/01/2026,4681,588,1805,1607,0,823,0
08/01/2026,6604,367,3558,3365,0,2734,0
08/01/2026,8214,639,3011,3092,0,1311,0
08/01/2026,5791,601,826,2946,0,3570,0
08/01/2026,5863,669,2663,2975,0,2074,0
09/01/2026,5531,557,2520,3376,0,2022,0
09/01/2026,11725,620,1664,1390,0,3003,0
09/01/2026,6584,562,2729,844,0,1802,0
09/01/2026,3957,461,3641,3178,0,2228,0
09/01/2026,11267,375,3332,1119,0,2319,0
09/01/2026,9404,575,2260,1081,0,1334,0
09/01/2026,4943,461,2069,777,0,2717,0
09/01/2026,6033,551,1376,4273,0,1164,0
09/01/2026,7201,451,3986,2879,0,1501,0
09/01/2026,5016,736,1548,2469,0,3067,0
09/01/2026,8624,271,3342,2168,0,1731,0
09/01/2026,10584,513,1814,3558,0,1624,0
09/01/2026,8906,822,1124,3181,0,2232,0
09/01/2026,9132,332,3657,2211,0,3288,0
09/01/2026,7127,541,4335,1050,0,2237,0
10/01/2026,7130,782,3113,3271,0,2857,0
10/01/2026,7088,630,915,2923,0,1380,0
10/01/2026,7612,581,1595,2895,0,2274,0
10/01/2026,4274,338,2240,2798,0,1442,0
10/01/2026,4767,471,3679,2544,0,3343,0
10/01/2026,11018,483,3582,3831,0,1191,0
10/01/2026,6253,285,1924,4037,0,1988,0
10/01/2026,7169,556,2303,2548,0,1177,0
10/01/2026,7687,400,1056,2275,0,1669,0
10/01/2026,7836,545,2303,2795,0,1192,0
10/01/2026,5533,270,2361,3838,0,2368,0
10/01/2026,8802,407,2980,855,0,1899,0
10/01/2026,9770,438,2027,1519,0,2061,0
10/01/2026,9275,466,2404,1848,0,1446,0
10/01/2026,6443,545,2695,1540,0,1460,0
11/01/2026,9819,554,2296,3703,0,1320,0
11/01/2026,7015,578,2767,2866,0,3005,0
11/01/2026,6390,379,2018,1918,0,3322,0
11/01/2026,8145,488,1912,3065,0,1945,0
11/01/2026,7259,720,2518,2763,0,1306,0
11/01/2026,7948,616,2093,3835,0,1833,0
11/01/2026,7002,515,888,3115,0,2337,0
11/01/2026,8655,459,3823,1451,0,2109,0
11/01/2026,5768,417,4247,2981,0,1372,0
11/01/2026,5073,375,2534,1804,0,3337,0
11/01/2026,5838,551,3025,1762,0,2507,0
11/01/2026,9142,788,3223,2183,0,2097,0
11/01/2026,9182,578,1145,4217,0,3107,0
11/01/2026,8979,665,2511,3120,0,2575,0
11/01/2026,9388,300,2225,4117,0,883,0
12/01/2026,8885,351,1588,1120,0,1837,0
12/01/2026,7425,475,1379,924,0,2162,0
12/01/2026,4480,385,2380,1188,0,1525,0
12/01/2026,10504,510,2273,1310,0,1419,0
12/01/2026,7225,417,2873,1656,0,1117,0
12/01/2026,10923,347,1175,3006,0,2322,0
12/01/2026,5085,569,2370,3776,0,1213,0
12/01/2026,7094,271,3210,2519,0,1565,0
12/01/2026,8506,282,3601,2050,0,2093,0
12/01/2026,7817,452,3982,1557,0,1171,0
12/01/2026,5843,330,3434,1453,0,3350,0
12/01/2026,9491,568,2275,1955,0,1947,0
12/01/2026,7234,437,3960,3346,0,2610,0
12/01/2026,6209,629,2139,2291,0,2414,0
12/01/2026,9165,475,1765,2439,0,2728,0
13/01/2026,7118,380,1508,2378,0,885,0
13/01/2026,7127,581,2906,1106,0,1064,0
13/01/2026,8281,376,2390,1374,0,2344,0
13/01/2026,6169,613,2697,2100,0,2192,0
13/01/2026,5315,474,2397,4302,0,1815,0
13/01/2026,7107,715,1954,2841,0,3238,0
13/01/2026,7980,537,2217,2162,0,2310,0
13/01/2026,10697,478,3543,3612,0,1991,0
13/01/2026,6380,584,1246,3418,0,2303,0
13/01/2026,6148,627,1795,1874,0,2902,0
13/01/2026,4379,344,1465,1755,0,1339,0
13/01/2026,4773,309,2310,2264,0,844,0
13/01/2026,5937,498,1666,1607,0,1291,0
13/01/2026,4787,677,2610,3813,0,2066,0
13/01/2026,11382,764,3260,950,0,1921,0
14/01/2026,8663,453,1875,2228,0,1827,0
14/01/2026,8363,414,2251,4029,0,2383,0
14/01/2026,6143,440,1147,3574,0,2216,0
14/01/2026,4168,284,1744,1968,0,1741,0
14/01/2026,5054,583,3842,1608,0,895,0
14/01/2026,4322,248,3600,3250,0,2395,0
14/01/2026,9090,433,1256,2601,0,1389,0
14/01/2026,3869,467,1105,3286,0,1703,0
14/01/2026,5463,490,1125,2968,0,3104,0
14/01/2026,10805,546,2252,1749,0,1775,0
14/01/2026,8618,313,3683,2606,0,1869,0
14/01/2026,4237,277,2507,2909,0,1726,0
14/01/2026,7493,556,2392,3568,0,1899,0
14/01/2026,6807,516,1795,2181,0,1343,0
14/01/2026,6763,590,1010,3830,0,1743,0
15/01/2026,8687,474,1167,4439,0,2601,0
15/01/2026,8444,604,2189,1444,0,1271,0
15/01/2026,10278,393,2100,3244,0,2258,0
15/01/2026,7550,347,3597,3027,0,1542,0
15/01/2026,8173,494,2845,1488,0,1944,0
15/01/2026,8865,517,2204,2514,0,2931,0
15/01/2026,6793,525,2765,2260,0,1593,0
15/01/2026,7240,679,3955,2032,0,2826,0
15/01/2026,6061,694,3134,2785,0,1190,0
15/01/2026,7454,367,855,1578,0,1802,0
15/01/2026,7521,633,2745,3093,0,2051,0
15/01/2026,6618,623,3828,1977,0,2648,0
15/01/2026,4349,515,2371,2824,0,2678,0
15/01/2026,4777,663,3385,2830,0,2470,0
15/01/2026,5345,673,1640,1391,0,2559,0
16/01/2026,5131,564,2986,1818,0,2499,0
16/01/2026,8185,499,2641,3220,0,954,0
16/01/2026,7657,668,1161,3242,0,1801,0
16/01/2026,7664,454,3262,1855,0,1907,0
16/01/2026,6960,705,2366,3819,0,2411,0
16/01/2026,9117,291,1045,3722,0,1539,0
16/01/2026,6625,732,2725,3508,0,1498,0
16/01/2026,4329,595,2196,3647,0,1086,0
16/01/2026,8175,257,1732,2206,0,1476,0
16/01/2026,11743,456,840,1932,0,2009,0
16/01/2026,10325,603,888,1331,0,2067,0
16/01/2026,11382,504,2668,3954,0,2421,0
16/01/2026,8393,696,2988,2374,0,791,0
16/01/2026,9340,497,3327,1969,0,2341,0
16/01/2026,6187,695,3096,3731,0,2177,0
17/01/2026,7646,683,3600,2567,0,1126,0
17/01/2026,6539,428,2993,3545,0,1347,0
17/01/2026,8297,625,1203,2212,0,2689,0
17/01/2026,5255,535,2989,3856,0,2474,0
17/01/2026,4952,346,2976,1472,0,1746,0
17/01/2026,6368,415,3698,2637,0,2765,0
17/01/2026,10369,459,3031,3314,0,1869,0
17/01/2026,8764,524,2422,3431,0,3137,0
17/01/2026,6535,298,4294,2669,0,1069,0
17/01/2026,6238,618,1829,4146,0,1934,0
17/01/2026,8133,570,3162,2283,0,1918,0
17/01/2026,8717,402,3893,2512,0,2955,0
17/01/2026,8272,573,2828,2941,0,3429,0
17/01/2026,8400,460,4082,1255,0,1145,0
17/01/2026,11661,508,3778,2555,0,1291,0
18/01/2026,10475,545,2473,3719,0,2042,0
18/01/2026,5346,585,3563,3421,0,1104,0
18/01/2026,4639,526,1745,2321,0,2114,0
18/01/2026,5931,355,4468,2225,0,2604,0
18/01/2026,9353,476,2166,2715,0,944,0
18/01/2026,6427,381,3128,2115,0,1767,0
18/01/2026,10480,574,3567,1115,0,946,0
18/01/2026,11623,431,3712,3557,0,2453,0
18/01/2026,5758,442,1770,2623,0,2199,0
18/01/2026,10033,402,3106,1416,0,1373,0
18/01/2026,5296,444,1686,2528,0,2992,0
18/01/2026,5793,366,1204,3357,0,1795,0
18/01/2026,8647,498,2022,1332,0,2409,0
18/01/2026,7310,321,3490,2607,0,3312,0
18/01/2026,7160,518,4110,3804,0,3316,0
19/01/2026,9913,567,3817,1519,0,2293,0
19/01/2026,9234,685,2220,1932,0,2714,0
19/01/2026,7946,643,1897,2708,0,1708,0
19/01/2026,7699,459,3937,1464,0,2010,0
19/01/2026,11503,641,4274,1360,0,1401,0
19/01/2026,9113,632,2214,2465,0,1451,0
19/01/2026,11074,710,3219,2878,0,2494,0
19/01/2026,8843,458,1741,3121,0,1340,0
19/01/2026,8731,667,2365,3191,0,1810,0
19/01/2026,8155,433,1302,3783,0,1422,0
19/01/2026,8506,328,3754,3749,0,2606,0
19/01/2026,7167,306,3292,3349,0,2454,0
19/01/2026,8710,510,4121,4205,0,2758,0
19/01/2026,5295,461,4464,2657,0,2356,0
19/01/2026,6012,428,1204,1287,0,2617,0
20/01/2026,5772,333,2752,2434,0,1802,0
20/01/2026,5535,237,2796,3687,0,1031,0
20/01/2026,5712,652,4020,4585,0,2260,0
20/01/2026,4389,302,4639,1456,0,2336,0
20/01/2026,6814,648,2383,1378,0,1340,0
20/01/2026,9087,604,2957,1888,0,1206,0
20/01/2026,5335,237,2989,1182,0,958,0
20/01/2026,6873,273,1757,1611,0,2284,0
20/01/2026,7319,638,2994,2446,0,1727,0
20/01/2026,7020,794,2218,1699,0,1227,0
20/01/2026,7715,489,3957,3003,0,2796,0
20/01/2026,8037,698,1636,2929,0,2517,0
20/01/2026,6915,435,4102,2714,0,1065,0
20/01/2026,4677,370,3349,1965,0,3370,0
20/01/2026,9195,473,2245,1846,0,3015,0
21/01/2026,11073,432,3274,2503,0,1825,0
21/01/2026,12146,308,3347,1333,0,3160,0
21/01/2026,5995,461,2285,2285,0,1601,0
21/01/2026,5577,367,2361,3647,0,2567,0
21/01/2026,5481,587,1348,1478,0,1201,0
21/01/2026,6325,627,4656,3594,0,1854,0
21/01/2026,6119,603,3435,1759,0,1160,0
21/01/2026,9497,351,1903,1642,0,2872,0
21/01/2026,5282,470,2404,2117,0,1737,0
21/01/2026,7539,713,3249,1923,0,2051,0
21/01/2026,10094,479,4142,1227,0,941,0
21/01/2026,11976,531,2098,3071,0,1077,0
21/01/2026,10117,433,2520,2167,0,1132,0
21/01/2026,5574,836,3630,2568,0,2503,0
21/01/2026,8008,672,3206,2660,0,2995,0
22/01/2026,6467,579,1706,2926,0,1623,0
22/01/2026,8032,665,2542,2439,0,2669,0
22/01/2026,5842,299,1793,1307,0,1241,0
22/01/2026,9994,358,1639,1060,0,1223,0
22/01/2026,5451,355,3458,1738,0,2185,0
22/01/2026,7986,509,3384,1750,0,1769,0
22/01/2026,9996,584,3853,1395,0,1253,0
22/01/2026,7276,412,3499,1495,0,2759,0
22/01/2026,6108,670,1019,2695,0,2371,0
22/01/2026,5260,619,2851,1639,0,2948,0
22/01/2026,6659,503,1268,1055,0,1429,0
22/01/2026,8252,379,3043,3137,0,1853,0
22/01/2026,8795,571,3480,1931,0,1655,0
22/01/2026,7207,747,3288,3150,0,1539,0
22/01/2026,4761,627,2715,1406,0,2154,0
23/01/2026,4245,514,3050,1296,0,1225,0
23/01/2026,3947,715,2975,2299,0,2752,0
23/01/2026,11268,584,2782,981,0,1470,0
23/01/2026,6319,688,3932,1297,0,2240,0
23/01/2026,5747,600,4055,3841,0,1106,0
23/01/2026,4878,577,1948,1198,0,1759,0
23/01/2026,9412,356,2193,2329,0,1502,0
23/01/2026,9355,553,1890,1301,0,1093,0
23/01/2026,11109,549,1595,2451,0,2132,0
23/01/2026,5378,564,2338,3033,0,894,0
23/01/2026,10882,296,3776,3509,0,2441,0
23/01/2026,8392,603,2934,3205,0,1283,0
23/01/2026,8302,422,2496,1215,0,1241,0
23/01/2026,8969,529,2384,1667,0,2171,0
23/01/2026,6071,270,4541,1190,0,2304,0
24/01/2026,8360,617,2783,3567,0,2270,0
24/01/2026,6448,584,2888,2597,0,2228,0
24/01/2026,4444,408,2149,2595,0,1469,0
24/01/2026,7992,299,2646,1855,0,1460,0
24/01/2026,7634,365,2628,2987,0,1812,0
24/01/2026,5468,314,3655,2864,0,2454,0
24/01/2026,5486,466,2927,2137,0,1487,0
24/01/2026,6200,318,1260,3057,0,2957,0
24/01/2026,8126,470,1848,4483,0,1704,0
24/01/2026,9114,356,4343,1749,0,1301,0
24/01/2026,8231,501,3885,1137,0,2109,0
24/01/2026,4689,390,829,2632,0,1521,0
24/01/2026,7078,327,2571,3104,0,2034,0
24/01/2026,6107,536,2739,1981,0,1687,0
24/01/2026,5388,482,2596,987,0,3393,0
25/01/2026,10574,392,4298,2283,0,1170,0
25/01/2026,6861,509,4428,3685,0,2109,0
25/01/2026,5624,662,3423,4608,0,2003,0
25/01/2026,5365,459,2663,1235,0,1576,0
25/01/2026,7924,365,2526,2045,0,1931,0
25/01/2026,6862,664,1209,2948,0,1069,0
25/01/2026,7155,539,3350,3352,0,2448,0
25/01/2026,7265,606,1823,1405,0,2226,0
25/01/2026,7233,642,2023,1566,0,2329,0
25/01/2026,7022,289,2020,1036,0,2071,0
25/01/2026,9906,680,2143,1896,0,1356,0
25/01/2026,6729,343,3238,2199,0,2838,0
25/01/2026,7828,560,2081,2697,0,966,0
25/01/2026,8776,396,1280,2821,0,893,0
26/01/2026,7421,514,2598,2392,0,2655,0
26/01/2026,8714,409,3030,1365,0,1976,0
26/01/2026,10682,552,3027,1236,0,2750,0
26/01/2026,9738,715,3493,2508,0,1446,0
26/01/2026,10883,483,2492,2325,0,2357,0
26/01/2026,7973,556,2807,1612,0,1141,0
26/01/2026,7508,399,2174,1699,0,1365,0
26/01/2026,5662,565,3586,3216,0,1850,0
26/01/2026,11649,809,4399,2474,0,1961,0
26/01/2026,4734,366,925,2222,0,1004,0
26/01/2026,7308,392,3716,2272,0,1135,0
26/01/2026,6498,574,1647,2706,0,1627,0
26/01/2026,9411,470,2111,3155,0,978,0
26/01/2026,9455,431,3005,2212,0,2564,0
26/01/2026,6412,607,3579,4044,0,2168,0
27/01/2026,9923,415,2903,1098,0,1601,0
27/01/2026,8000,371,3091,3086,0,2622,0
27/01/2026,6200,464,1681,2233,0,3095,0
27/01/2026,6877,378,3496,1971,0,2286,0
27/01/2026,5006,684,1598,4027,0,1565,0
27/01/2026,5573,511,1246,3556,0,1714,0
27/01/2026,8480,318,1432,2016,0,1641,0
27/01/2026,7604,644,830,1923,0,1193,0
27/01/2026,6084,360,1721,1741,0,3307,0
27/01/2026,6097,578,3485,3161,0,2115,0
27/01/2026,5289,650,2290,2635,0,1176,0
27/01/2026,5606,674,1294,3417,0,1914,0
27/01/2026,9781,563,2406,3167,0,1131,0
27/01/2026,8179,563,2456,1025,0,1546,0
27/01/2026,6425,551,2851,1879,0,1727,0
28/01/2026,6096,733,1940,2828,0,1447,0
28/01/2026,10117,719,3720,1259,0,1389,0
28/01/2026,7995,534,1118,1966,0,805,0
28/01/2026,8759,336,1976,2188,0,2795,0
28/01/2026,4900,620,1272,3210,0,1074,0
28/01/2026,10275,405,1180,4255,0,3280,0
28/01/2026,7556,239,3087,2958,0,2876,0
28/01/2026,10043,377,4477,2738,0,1134,0
28/01/2026,7992,474,3232,2705,0,1835,0
28/01/2026,7191,535,1948,1475,0,2673,0
28/01/2026,6287,543,3619,3365,0,3202,0
28/01/2026,11355,316,1921,2078,0,1814,0
28/01/2026,9335,693,2876,2412,0,3200,0
28/01/2026,5840,487,1967,4174,0,1099,0
28/01/2026,6444,576,1831,3439,0,2660,0
29/01/2026,11760,519,2619,3182,0,2407,0
29/01/2026,6805,696,2873,2687,0,1108,0
29/01/2026,4333,276,2451,1237,0,3013,0
29/01/2026,6595,566,4132,4024,0,2518,0
29/01/2026,9283,597,3388,1338,0,2277,0
29/01/2026,6985,588,1471,1595,0,1281,0
29/01/2026,8904,475,4063,2216,0,1513,0
29/01/2026,7038,317,1422,2034,0,1529,0
29/01/2026,5999,705,3848,2822,0,2640,0
29/01/2026,7016,765,1618,1502,0,2346,0
29/01/2026,6399,686,3229,2951,0,2242,0
29/01/2026,5504,515,2959,2136,0,2098,0
29/01/2026,9158,617,4083,2235,0,1731,0
29/01/2026,10582,578,3419,2595,0,1147,0
29/01/2026,4173,446,2354,4165,0,1592,0
30/01/2026,8267,535,1779,3823,0,1387,0
30/01/2026,7685,314,2573,4064,0,2332,0
30/01/2026,8322,753,2040,1246,0,2932,0
30/01/2026,6223,463,1159,3722,0,2199,0
30/01/2026,8592,506,3310,3975,0,1016,0
30/01/2026,6518,499,2095,4455,0,1352,0
30/01/2026,7566,379,1234,2861,0,1146,0
30/01/2026,6052,560,1175,1266,0,3698,0
30/01/2026,12208,778,1655,3379,0,1739,0
30/01/2026,7948,618,1402,2189,0,2739,0
30/01/2026,7269,507,1079,1738,0,1129,0
30/01/2026,5321,536,3375,3903,0,3444,0
30/01/2026,4743,331,1809,1298,0,1797,0
30/01/2026,5096,636,1486,2193,0,1106,0
30/01/2026,6403,549,4285,3556,0,2110,0
31/01/2026,6806,410,1254,2377,0,1759,0
31/01/2026,7963,616,2246,1207,0,2528,0
31/01/2026,9865,431,3576,1949,0,1863,0
31/01/2026,4820,379,1755,4542,0,2294,0
31/01/2026,6854,323,3717,1932,0,1464,0
31/01/2026,7099,612,3086,3413,0,2487,0
31/01/2026,6157,429,3848,1548,0,1129,0
31/01/2026,6389,461,1390,1486,0,1857,0
31/01/2026,9812,335,2503,1267,0,2890,0
31/01/2026,7608,313,4436,3671,0,1175,0
31/01/2026,5875,669,947,4354,0,2496,0
31/01/2026,6950,522,893,2798,0,2260,0
31/01/2026,6269,580,3753,3224,0,1243,0
31/01/2026,6963,571,2958,1512,0,1243,0
31/01/2026,10492,437,2913,2505,0,2117,0
01/02/2026,8743,485,1585,4635,0,3080,0
01/02/2026,5246,623,3090,3943,0,1905,0
01/02/2026,7943,492,2725,1141,0,1911,0
01/02/2026,6340,461,940,880,0,3293,0
01/02/2026,5305,622,1621,1192,0,2119,0
01/02/2026,5188,288,1941,4155,0,2797,0
01/02/2026,6905,728,4074,2816,0,2285,0
01/02/2026,4799,355,3318,2140,0,1154,0
01/02/2026,6267,720,2163,1683,0,3399,0
01/02/2026,8246,365,3304,2990,0,1372,0
01/02/2026,10712,447,4087,3449,0,2276,0
01/02/2026,4331,513,2804,2852,0,2567,0
01/02/2026,4653,508,3731,3567,0,2614,0
01/02/2026,7300,526,2005,1448,0,3421,0
01/02/2026,10525,344,3960,4128,0,1353,0
02/02/2026,10962,385,1918,2007,0,2281,0
02/02/2026,6955,426,3744,1453,0,2104,0
02/02/2026,8853,381,1439,1506,0,1429,0
02/02/2026,6875,377,2433,1383,0,2406,0
02/02/2026,7862,731,2850,2327,0,2168,0
02/02/2026,5420,332,1766,1618,0,1255,0
02/02/2026,5654,372,3656,4747,0,2413,0
02/02/2026,3987,373,2247,3684,0,1534,0
02/02/2026,7572,687,3256,2248,0,1778,0
02/02/2026,5013,462,3292,1415,0,2568,0
02/02/2026,7658,494,2174,2026,0,2305,0
02/02/2026,8976,799,2650,3353,0,1568,0
02/02/2026,10778,589,3258,2417,0,2217,0
02/02/2026,7851,606,4128,1923,0,1252,0
03/02/2026,11431,565,3336,1611,0,3456,0
03/02/2026,4905,357,1540,2248,0,1731,0
03/02/2026,4957,632,4032,4300,0,2971,0
03/02/2026,7603,373,2261,3582,0,2299,0
03/02/2026,4594,474,1059,2233,0,1552,0
03/02/2026,8950,374,3046,2604,0,2791,0
03/02/2026,8132,602,832,3745,0,1616,0
03/02/2026,7381,309,2784,3897,0,2191,0
03/02/2026,7538,512,1229,2108,0,1035,0
03/02/2026,4678,496,2799,2880,0,1938,0
03/02/2026,7951,320,2929,1838,0,1111,0
03/02/2026,6895,299,3626,2234,0,2239,0
03/02/2026,8209,384,2477,836,0,2652,0
03/02/2026,6832,575,1507,2560,0,1417,0
04/02/2026,5907,412,1773,1754,0,3270,0
04/02/2026,11018,693,2398,3038,0,1876,0
04/02/2026,5620,591,2699,3156,0,2512,0
04/02/2026,9580,313,3289,3206,0,2323,0
04/02/2026,5105,392,2993,2156,0,2042,0
04/02/2026,7458,637,2809,2770,0,1066,0
04/02/2026,6638,620,2409,1973,0,1897,0
04/02/2026,6691,534,2149,1830,0,1271,0
04/02/2026,10058,392,4171,1077,0,1261,0
04/02/2026,8069,530,3962,1173,0,2720,0
04/02/2026,6550,474,2932,2930,0,2053,0
04/02/2026,10536,607,1749,3172,0,1677,0
04/02/2026,6861,594,1784,3233,0,2957,0
04/02/2026,8455,392,1734,2137,0,2051,0
05/02/2026,5266,484,1592,3305,0,1392,0
05/02/2026,10681,276,2837,1725,0,1917,0
05/02/2026,5339,325,2056,2626,0,916,0
05/02/2026,12163,406,2308,1362,0,2852,0
05/02/2026,5675,553,1980,3045,0,2389,0
05/02/2026,7222,408,2082,2822,0,1485,0
05/02/2026,6609,524,2802,1639,0,1301,0
05/02/2026,6859,308,2913,1931,0,1918,0
05/02/2026,7730,690,4011,3280,0,3273,0
05/02/2026,11625,284,2183,1050,0,1404,0
05/02/2026,5931,717,3742,2181,0,1424,0
05/02/2026,6069,567,2839,3489,0,1967,0
05/02/2026,6223,370,1985,948,0,2079,0
05/02/2026,9210,572,3317,1359,0,1756,0
06/02/2026,8144,541,1794,1701,0,2061,0
06/02/2026,9078,360,3780,2129,0,2821,0
06/02/2026,9042,437,3475,3395,0,1067,0
06/02/2026,10751,487,4229,2727,0,2497,0
06/02/2026,8261,534,2275,3417,0,1294,0
06/02/2026,7236,468,2296,3641,0,1184,0
06/02/2026,6549,481,2147,1815,0,1270,0
06/02/2026,7828,324,3678,3199,0,1180,0
06/02/2026,5307,713,1426,2159,0,1757,0
06/02/2026,5267,654,2155,2199,0,1636,0
06/02/2026,8794,655,1057,1319,0,1843,0
06/02/2026,4074,461,2393,853,0,1646,0
06/02/2026,11370,838,3527,2704,0,2239,0
06/02/2026,6292,375,4388,2966,0,2957,0
07/02/2026,7753,605,1520,1912,0,1413,0
07/02/2026,10035,306,4069,3926,0,2054,0
07/02/2026,7500,798,2857,2432,0,1745,0
07/02/2026,8110,504,3769,2246,0,2457,0
07/02/2026,5256,709,1161,4193,0,2875,0
07/02/2026,7972,521,2429,4073,0,2651,0
07/02/2026,7615,425,3056,2038,0,2794,0
07/02/2026,9233,605,2211,2117,0,1676,0
07/02/2026,8818,373,3130,3641,0,1948,0
07/02/2026,8648,367,2896,2598,0,2023,0
07/02/2026,10322,518,2516,1302,0,2638,0
07/02/2026,5332,476,4041,1519,0,3352,0
07/02/2026,11161,386,2689,2632,0,2634,0
07/02/2026,9625,627,3289,3450,0,2896,0
08/02/2026,10175,439,2422,3795,0,1874,0
08/02/2026,5298,642,1966,1765,0,2848,0
08/02/2026,11798,590,1229,1319,0,1958,0
08/02/2026,6568,367,1770,3442,0,1986,0
08/02/2026,5807,421,3668,1127,0,1892,0
08/02/2026,8579,399,1953,4226,0,1471,0
08/02/2026,9705,535,1287,2506,0,1170,0
08/02/2026,8913,572,1773,3822,0,1284,0
08/02/2026,6528,295,863,3198,0,1352,0
08/02/2026,9676,605,1448,1659,0,1416,0
08/02/2026,4162,650,1007,4092,0,1188,0
08/02/2026,5186,581,2074,2963,0,2538,0
08/02/2026,5458,421,2244,2224,0,2420,0
09/02/2026,11914,256,1803,1841,0,3004,0
09/02/2026,8601,318,2923,1046,0,2028,0
09/02/2026,4396,426,1582,2663,0,970,0
09/02/2026,5915,332,1283,1870,0,2576,0
09/02/2026,7907,406,2229,2054,0,2877,0
09/02/2026,5017,511,1799,1242,0,1063,0
09/02/2026,6441,467,3717,3327,0,3019,0
09/02/2026,9164,288,4301,1023,0,2396,0
09/02/2026,6280,370,1781,1588,0,2553,0
09/02/2026,10228,638,2862,1278,0,1056,0
09/02/2026,6418,241,2222,2366,0,2696,0
09/02/2026,6234,581,3402,1242,0,961,0
09/02/2026,9482,289,4812,1552,0,2328,0
09/02/2026,10294,443,2238,4210,0,2104,0
09/02/2026,5155,372,4086,1600,0,1630,0
10/02/2026,7095,546,1637,4189,0,1895,0
10/02/2026,5955,755,1534,2631,0,1547,0
10/02/2026,6844,411,1295,3170,0,1010,0
10/02/2026,6587,655,2230,2541,0,1924,0
10/02/2026,7236,557,3798,2389,0,2512,0
10/02/2026,6176,495,3932,2865,0,2556,0
10/02/2026,8032,733,3390,1266,0,1787,0
10/02/2026,6741,427,4023,3695,0,1772,0
10/02/2026,9696,340,2087,2527,0,2412,0
10/02/2026,11849,273,4642,3042,0,1221,0
10/02/2026,6385,575,3210,3153,0,2949,0
10/02/2026,8776,285,2963,2571,0,1043,0
10/02/2026,7470,526,1022,3284,0,1078,0
10/02/2026,7765,811,3773,1505,0,993,0
10/02/2026,5644,740,2785,3937,0,1269,0
11/02/2026,6914,655,2700,1976,0,1566,0
11/02/2026,10350,526,1571,3461,0,3185,0
11/02/2026,10025,411,3598,2439,0,1236,0
11/02/2026,7690,330,2231,3463,0,1225,0
11/02/2026,4958,548,1767,2497,0,3366,0
11/02/2026,8674,495,2135,2609,0,2915,0
11/02/2026,8482,352,2280,1945,0,2526,0
11/02/2026,8743,318,1946,3140,0,1406,0
11/02/2026,10357,262,2342,1894,0,2550,0
11/02/2026,5227,345,3454,1351,0,1642,0
11/02/2026,6578,470,2293,2487,0,3070,0
11/02/2026,3972,552,3854,3573,0,1623,0
11/02/2026,6173,574,2645,3846,0,3720,0
11/02/2026,4324,489,3694,1617,0,1707,0
11/02/2026,5131,559,4684,3107,0,2895,0
12/02/2026,6430,267,3277,1293,0,2024,0
12/02/2026,7745,501,2158,1645,0,2022,0
12/02/2026,8639,396,2745,3654,0,2015,0
12/02/2026,6343,515,3293,3379,0,1855,0
12/02/2026,7708,577,3161,3889,0,2800,0
12/02/2026,5308,543,1108,1893,0,1360,0
12/02/2026,6902,326,1469,4089,0,2427,0
12/02/2026,4881,577,3201,2000,0,1805,0
12/02/2026,8507,499,3002,1793,0,2782,0
12/02/2026,7355,699,1242,3016,0,1127,0
12/02/2026,6783,628,2556,2903,0,1964,0
12/02/2026,5008,717,2684,1190,0,1377,0
12/02/2026,4853,451,4164,1210,0,1649,0
12/02/2026,5058,425,2085,2186,0,1689,0
12/02/2026,10566,293,1516,1886,0,2512,0
13/02/2026,7847,437,2468,3033,0,2985,0
13/02/2026,9270,561,1361,3386,0,2366,0
13/02/2026,8371,448,1677,3501,0,1715,0
13/02/2026,5627,398,1257,2680,0,2232,0
13/02/2026,9764,553,2174,1825,0,1815,0
13/02/2026,7263,620,2476,3684,0,1173,0
13/02/2026,8718,357,3099,2567,0,2680,0
13/02/2026,7592,619,2176,1666,0,1211,0
13/02/2026,7756,584,2987,3194,0,1737,0
13/02/2026,7271,409,2573,2281,0,2940,0
13/02/2026,5937,643,2112,996,0,994,0
13/02/2026,10614,396,1141,1925,0,1278,0
13/02/2026,8652,273,2825,2095,0,1273,0
13/02/2026,9125,414,2389,1836,0,2404,0
13/02/2026,5433,626,1715,2112,0,2814,0
14/02/2026,6196,756,4172,3961,0,2743,0
14/02/2026,6720,319,3143,1375,0,1160,0
14/02/2026,10469,558,3173,2765,0,2482,0
14/02/2026,8943,434,3161,2453,0,1470,0
14/02/2026,8077,361,2218,4266,0,2284,0
14/02/2026,5776,780,2242,2283,0,3266,0
14/02/2026,5974,362,3621,4495,0,1843,0
14/02/2026,6852,329,1281,1180,0,1696,0
14/02/2026,8785,624,2500,1844,0,1761,0
14/02/2026,5499,482,3146,1794,0,2729,0
14/02/2026,8130,392,3880,2402,0,1571,0
14/02/2026,5530,577,1190,2817,0,3209,0
14/02/2026,5523,453,3610,1234,0,1591,0
14/02/2026,9508,458,1302,1440,0,2144,0
14/02/2026,5337,396,1794,2713,0,2106,0
15/02/2026,6555,438,4388,2187,0,2362,0
15/02/2026,6067,488,1999,1993,0,1022,0
15/02/2026,6997,352,2621,1976,0,1199,0
15/02/2026,9618,388,1134,2506,0,1742,0
15/02/2026,10337,427,2773,1624,0,1838,0
15/02/2026,6332,490,4731,3842,0,1369,0
15/02/2026,10566,547,1737,1403,0,2000,0
15/02/2026,4889,406,2949,2519,0,1263,0
15/02/2026,7467,395,2351,2576,0,1438,0
15/02/2026,6063,639,1495,2630,0,2049,0
15/02/2026,6992,468,1516,3133,0,1681,0
15/02/2026,5864,472,3129,3209,0,1895,0
15/02/2026,6158,510,3898,2906,0,2767,0
15/02/2026,4021,598,2550,2463,0,1030,0
15/02/2026,7709,475,3717,2504,0,1709,0
