Fecha,Efectivo,Overpay,Monto Pasajes,Monto Tarjeta Gral,Monto Tarjeta Per,Monto Tarjeta Bpd,Recargas,Recargas Error,Monto Total Efectivo,Monto Total Tarjetas,Ingreso_Total
2021-01-02,185965.5,7384.5,178581.0,129105.0,19646.0,0.0,299526.6,2318.0,491850.1,148751.0,636561.1
2021-01-04,302747.3,11648.3,291099.0,239219.5,37648.5,0.0,593271.25,5263.5,907732.05,276868.0,1178150.05
2021-01-05,273635.5,10523.5,263112.0,242596.75,35544.25,0.0,469742.35,3725.0,752662.85,278141.0,1025243.85
2021-01-06,280907.8,10860.8,270047.0,241675.25,35387.5,0.0,423202.7,3089.5,712240.0,277062.75,984262.75
2021-01-07,273954.2,10671.2,263283.0,240202.75,34190.5,0.0,420795.95,3160.0,702000.15,274393.25,972303.3999999999
2021-01-08,290559.8,11240.8,279319.0,249099.5,34803.25,0.0,467510.1,4026.0,767317.9,283902.75,1045998.65
2021-01-09,242748.2,9599.2,233149.0,181288.5,23821.25,0.0,388182.85,4177.0,639480.05,205109.75,840217.8
2021-01-11,302396.1,11544.1,290852.0,252016.0,36651.0,0.0,582039.85,3962.4,893758.35,288667.0,1177065.3499999999
2021-01-12,294276.1,11423.1,282853.0,248933.25,36632.0,0.0,436788.2,3092.5,739091.8,285565.25,1019722.05
2021-01-13,276389.1,10655.1,265734.0,245888.5,33178.75,0.0,414927.7,3553.2,698980.0,279067.25,973937.25
2021-01-14,267946.3,10420.3,257526.0,238165.0,32138.5,0.0,424015.85,3195.5,699017.65,270303.5,965461.15
2021-01-15,301179.1,11666.6,289512.5,254258.0,36261.5,0.0,519574.4,3707.9,829291.4,290519.5,1114980.9
2021-01-16,242514.8,9717.3,232797.5,187596.5,23146.75,0.0,444685.05,3855.5,695585.35,210743.25,901798.6
2021-01-18,280453.0,10938.0,269515.0,234255.75,31706.25,0.0,574181.35,4244.0,864810.35,265962.0,1124840.35
2021-01-19,262994.7,10323.2,252671.5,234483.75,31350.0,0.0,430994.95,3461.5,702631.15,265833.75,963284.8999999999
2021-01-20,246171.2,9725.7,236445.5,232783.25,30058.0,0.0,392317.35,3809.0,646807.5499999999,262841.25,905138.8
2021-01-21,246701.6,9809.6,236892.0,230873.75,29326.5,0.0,395464.85,2800.0,648969.95,260200.25,905166.7
2021-01-22,260338.2,10374.2,249964.0,233234.5,29934.5,0.0,433061.2,3263.5,700512.9,263169.0,959831.9
2021-01-23,236171.8,9682.3,226489.5,186836.5,22234.75,0.0,394058.8,3241.4,637402.0,209071.25,842543.25
2021-01-25,224805.7,8994.2,215811.5,233923.25,31388.0,0.0,551309.9,4160.5,784806.1,265311.25,1045587.3500000001
2021-01-26,243981.1,9701.6,234279.5,234859.0,30680.25,0.0,418940.9,2938.5,669670.5,265539.25,931399.75
2021-01-27,236658.1,9484.6,227173.5,231044.75,29934.5,0.0,391095.85,2534.5,633779.45,260979.25,891267.7
2021-01-28,236772.1,9361.1,227411.0,234303.25,30628.0,0.0,397547.55,3063.0,640932.65,264931.25,902313.8999999999
2021-01-29,268005.5,10698.0,257307.5,243922.0,33102.75,0.0,482212.8,4058.0,758356.3,277024.75,1031301.05
2021-01-30,236706.8,9580.8,227126.0,193553.0,24833.0,0.0,455662.8,4636.5,702312.1,218386.0,915392.1
2021-02-01,168186.6,6952.6,161234.0,125134.0,18795.75,0.0,299328.2,2266.5,472601.3,143929.75,613711.05
2021-02-02,291403.2,11561.7,279841.5,245204.5,36641.5,166.25,565663.0,3862.5,866355.7,282012.25,1142940.95
2021-02-03,274695.5,10928.0,263767.5,242929.25,34456.5,783.75,440712.45,3291.5,722661.45,278169.5,996868.95
2021-02-04,252738.7,10023.2,242715.5,243071.75,33862.75,1111.5,414265.85,3816.5,674551.05,278046.0,948867.0499999999
2021-02-05,277832.3,10977.3,266855.0,253089.5,33463.75,1463.0,457977.6,4111.5,743751.4,288016.25,1027937.65
2021-02-06,255504.3,10261.8,245242.5,198284.0,24272.5,1182.75,415472.7,3282.0,677679.0,223739.25,897998.25
2021-02-08,283901.9,11204.4,272697.5,241105.25,32922.25,2061.5,556667.65,4337.0,848926.55,276089.0,1120995.55
2021-02-09,268705.4,10390.9,258314.5,245446.75,32380.75,2603.0,435047.65,4108.5,711921.55,280430.5,988292.05
2021-02-10,267081.8,10505.8,256576.0,246487.0,31929.5,2973.5,406579.9,2661.0,680582.7,281390.0,957712.7000000001
2021-02-11,261553.4,10230.9,251322.5,240601.75,30642.25,2992.5,398831.6,3094.5,667479.5,274236.5,937716.0
2021-02-12,276179.7,10825.7,265354.0,250225.25,32860.5,3624.25,469644.85,4052.7,753678.25,286710.0,1036587.2499999999
2021-02-13,266193.5,10710.0,255483.5,207883.75,25469.5,2935.5,443988.65,3750.0,717217.15,236288.75,950220.9
2021-02-15,287933.1,11445.1,276488.0,254880.25,33991.0,4716.75,666515.85,4851.0,963989.95,293588.0,1252887.95
2021-02-16,277128.5,11138.0,265990.5,242449.5,32281.0,4431.75,483480.4,4199.5,769518.4,279162.25,1043970.65
2021-02-17,271660.7,10828.7,260832.0,258837.0,33345.0,4987.5,463370.2,3751.0,743506.9,297169.5,1035951.3999999999
2021-02-18,288249.5,11381.5,276868.0,260205.0,34000.5,5296.25,443090.5,2950.0,738130.0,299501.75,1033791.75
2021-02-19,298582.6,11882.1,286700.5,266869.25,33938.75,5434.0,490371.95,2497.0,796401.55,306242.0,1097693.55
2021-02-20,278073.2,11151.7,266921.5,217426.5,25184.5,4156.25,441656.9,2769.0,727260.1,246767.25,969266.35
2021-02-22,294180.6,11726.6,282454.0,261349.75,32979.25,6274.75,596087.1,2761.5,898009.2,300603.75,1193632.95
2021-02-23,280300.8,11127.8,269173.0,265301.75,33216.75,6593.0,459857.65,2380.0,747258.45,305111.5,1047649.9500000001
2021-02-24,288386.3,11470.8,276915.5,267045.0,32756.0,6602.5,427287.9,3162.0,722946.2,306403.5,1025239.7000000001
2021-02-25,294915.5,11673.0,283242.5,265705.5,34565.75,6958.75,445605.55,2793.0,747724.05,307230.0,1050544.05
2021-02-26,307224.5,12164.0,295060.5,274360.0,35268.75,7733.0,542823.9,3555.0,857783.4,317361.75,1170965.15
2021-02-27,300483.4,11920.9,288562.5,230603.0,27008.5,6046.75,523361.95,3453.0,832248.35,263658.25,1090956.6
2021-02-28,189170.5,7739.5,181431.0,127195.5,15570.5,4232.25,296002.3,3002.5,492065.3,146998.25,635173.55
2021-03-01,311446.1,12376.6,299069.5,271899.5,35235.5,9063.0,675225.2,3388.5,995719.8,316198.0,1306257.7999999998
2021-03-02,300309.0,11993.5,288315.5,275922.75,34409.0,8649.75,499572.7,2803.5,806975.2,318981.5,1121666.7
2021-03-03,291740.5,11490.5,280250.0,272493.25,32751.25,9428.75,445560.0,2609.5,743755.0,314673.25,1054583.25
2021-03-04,287329.8,11383.3,275946.5,271495.75,32542.25,9623.5,447829.95,3065.0,741674.75,313661.5,1051886.25
2021-03-05,300851.5,12080.0,288771.5,277989.0,33435.25,10583.0,500413.9,2745.0,807681.4,322007.25,1126017.65
2021-03-06,290664.7,11649.7,279015.0,229586.5,24704.75,7804.25,469706.95,3360.0,767371.65,262095.5,1025827.1499999999
2021-03-08,300299.8,11993.8,288306.0,266047.5,31483.0,10426.25,619074.5,3997.5,927291.8,307956.75,1231328.55
2021-03-09,267115.2,10662.7,256452.5,269372.5,31383.25,10635.25,466956.1,2863.9,740228.2,311391.0,1048326.2
2021-03-10,284703.6,11388.6,273315.0,270479.25,30846.5,11115.0,437400.3,2270.5,726134.4,312440.75,1036815.1499999999
2021-03-11,282160.3,11153.8,271006.5,268840.5,30960.5,11566.25,427422.6,2834.5,713517.4,311367.25,1023784.65
2021-03-12,301721.0,11971.0,289750.0,276739.75,32551.75,12905.75,531211.45,2513.5,836785.95,322197.25,1157643.2
2021-03-13,283615.2,11535.2,272080.0,229885.75,24310.5,9295.75,492795.5,3805.0,781335.7,263492.0,1043707.7
2021-03-14,188537.7,7838.2,180699.5,126350.0,14506.5,6374.5,263696.4,2126.5,454790.6,147231.0,601591.6000000001
2021-03-15,195334.7,8032.7,187302.0,147910.25,17413.5,7733.0,343666.8,1639.0,541140.5,173056.75,713697.25
2021-03-16,304623.3,11985.3,292638.0,278530.5,33953.0,13475.75,641669.15,2930.0,949842.45,325959.25,1275181.7000000002
2021-03-17,308599.5,12285.0,296314.5,277913.0,32171.75,13266.75,474088.1,3804.5,786842.1,323351.5,1109843.6
2021-03-18,303869.4,12076.9,291792.5,282971.75,31364.25,13751.25,457426.1,2717.0,764452.5,328087.25,1092099.75
2021-03-19,324921.5,12989.0,311932.5,286021.25,33026.75,15323.5,502531.95,3727.5,831440.95,334371.5,1165552.45
2021-03-20,305735.3,12232.8,293502.5,233738.0,26239.0,12977.0,474770.1,4001.9,784647.3,272954.0,1057461.2999999998
2021-03-21,203996.9,8448.9,195548.0,133209.0,17223.5,8968.0,286132.4,1533.0,491722.3,159400.5,651062.8
2021-03-22,308247.3,12284.3,295963.0,272065.75,31806.0,16126.25,621018.5,3627.0,932992.8,319998.0,1252890.8
2021-03-23,293628.2,11620.7,282007.5,272498.0,29887.0,15138.25,472387.8,3171.0,769187.0,317523.25,1086710.25
2021-03-24,297954.8,11900.3,286054.5,279575.5,29953.5,16216.5,445389.23,2903.0,746247.03,325745.5,1071992.53
2021-03-25,301260.7,11909.7,289351.0,273509.75,30623.25,16107.25,447712.55,2452.5,751425.75,320240.25,1071666.0
2021-03-26,328157.1,13089.6,315067.5,286406.0,32922.25,19171.0,513111.6,2086.5,843355.2,338499.25,1181854.45
2021-03-27,294142.9,11973.9,282169.0,235424.25,24035.0,14687.0,462450.4,2923.5,759516.8,274146.25,1033663.05
2021-03-28,204178.2,8411.7,195766.5,133608.0,15494.5,10051.0,269134.8,2357.0,475670.0,159153.5,634823.5
2021-03-29,308666.0,12418.0,296248.0,258860.75,27987.0,17361.25,565389.6,2923.5,876979.1,304209.0,1181188.1
2021-03-30,296695.0,11885.0,284810.0,262694.0,28585.5,17332.75,462311.6,1599.0,760605.6,308612.25,1069217.85
2021-03-31,305666.9,12192.9,293474.0,269120.75,29103.25,17722.25,499168.35,1719.5,806554.75,315946.25,1122501.0
2021-04-01,229903.5,9484.5,220419.0,191605.5,18420.5,11780.0,380311.5,1470.0,611685.0,221806.0,833491.0
2021-04-03,240708.6,9735.1,230973.5,167489.75,16758.0,10744.5,318228.5,1411.5,560348.6,194992.25,755340.85
2021-04-05,304039.3,12085.3,291954.0,265848.0,27816.0,17356.5,623479.8,1660.5,929179.6,311020.5,1240200.1
2021-04-06,295181.5,11673.0,283508.5,270327.25,27645.0,17009.75,487517.8,1698.5,784397.8,314982.0,1099379.8
2021-04-07,282635.9,11391.9,271244.0,270778.5,26457.5,16767.5,449567.1,1832.5,734035.5,314003.5,1048039.0
2021-04-08,284027.8,11472.8,272555.0,266589.0,25474.25,16059.75,436730.95,1738.5,722497.25,308123.0,1030620.25
2021-04-09,298438.3,12041.8,286396.5,269638.5,25773.5,17138.0,483374.6,1991.5,783804.4,312550.0,1096354.4
2021-04-10,309970.2,12658.2,297312.0,234517.0,21631.5,14273.75,460443.4,1854.5,772268.1,270422.25,1042690.35
2021-04-11,183267.6,7593.6,175674.0,128150.25,13319.0,8920.5,269722.5,1323.5,454313.6,150389.75,604703.35
2021-04-12,303514.4,12272.9,291241.5,263482.5,27578.5,16520.5,610315.5,2410.0,916239.9,307581.5,1223821.4
2021-04-13,294309.4,11969.4,282340.0,276041.5,27345.75,16857.75,473965.7,2633.0,770908.1,320245.0,1091153.1
2021-04-14,301888.9,12167.4,289721.5,277257.5,27597.5,16986.0,466712.3,1474.5,770075.7,321841.0,1091916.7
2021-04-15,304515.4,12285.9,292229.5,280221.5,28129.5,17537.0,526086.05,2382.0,832983.45,325888.0,1158871.4500000002
2021-04-16,313898.2,12719.7,301178.5,288876.0,28234.0,18311.25,577800.4,1876.0,893574.6,335421.25,1228995.85
2021-04-17,307883.7,12566.7,295317.0,241148.0,21484.25,14644.25,500155.7,1894.5,809933.9,277276.5,1087210.4
2021-04-18,197051.5,8182.0,188869.5,131997.75,13133.75,9224.5,285804.7,940.5,483796.7,154356.0,638152.7
2021-04-19,313518.0,12729.0,300789.0,277352.5,27977.5,18534.5,642967.0,2170.7,958655.7,323864.5,1282520.2
2021-04-20,297992.0,12032.5,285959.5,285194.75,27326.75,18653.25,496220.2,1962.5,796174.7,331174.75,1127349.45
2021-04-21,291144.4,11682.9,279461.5,280862.75,26785.25,18349.25,449927.8,1516.0,742588.2,325997.25,1068585.45
2021-04-22,296323.8,11941.3,284382.5,278378.5,27279.25,17955.0,455699.05,2016.0,754038.85,323612.75,1077651.6
2021-04-23,317391.9,12840.9,304551.0,284496.5,27497.75,19503.5,503945.45,1634.0,822971.35,331497.75,1154469.1
2021-04-24,317520.3,13064.3,304456.0,244064.5,21180.25,15437.5,478482.3,2699.0,798701.6,280682.25,1079383.85
2021-04-25,182777.4,7777.9,174999.5,128079.0,12259.75,9091.5,277269.2,1546.0,461592.6,149430.25,611022.8500000001
2021-04-26,308379.1,12444.6,295934.5,271096.75,26794.75,18069.0,599543.6,2345.5,910268.2,315960.5,1226228.7
2021-04-27,280508.4,11449.4,269059.0,280862.75,27402.75,19123.5,490576.7,1932.0,773017.1,327389.0,1100406.1
2021-04-28,296454.0,11957.5,284496.5,282772.25,26894.5,18767.25,454199.8,2401.5,753055.3,328434.0,1081489.3
2021-04-29,309474.2,12409.2,297065.0,282107.25,27740.0,19589.0,471564.4,1680.0,782718.6,329436.25,1112154.85
2021-04-30,350313.0,14098.5,336214.5,300157.25,29364.5,21603.0,604889.3,2451.5,957653.8,351124.75,1308778.55
2021-05-01,274914.9,11280.4,263634.5,192394.0,18468.0,13580.25,424366.8,1853.0,701134.7,224442.25,925576.95
2021-05-02,206724.2,8535.2,198189.0,137621.75,13466.25,10564.0,303944.4,1619.2,512287.8,161652.0,673939.8
2021-05-03,333948.2,13418.2,320530.0,280896.0,28747.0,20216.0,720415.1,2497.5,1056860.8,329859.0,1386719.7999999998
2021-05-04,332070.6,13355.1,318715.5,287033.0,30694.5,22443.75,532368.8,2225.5,866664.9,340171.25,1206836.15
2021-05-05,314308.1,12740.1,301568.0,274801.75,28200.75,21132.75,461530.69999999995,1955.0,777793.8,324135.25,1101929.0499999998
2021-05-06,317817.7,12943.7,304874.0,287731.25,30295.5,22386.75,478312.5,2409.5,798539.7,340413.5,1138953.2
2021-05-07,350099.4,14302.9,335796.5,300252.25,29459.5,23032.75,525609.15,1703.5,877412.05,352744.5,1230156.55
2021-05-08,323019.2,13186.2,309833.0,251745.25,22320.25,17142.75,489487.75,2167.0,814673.95,291208.25,1105882.2
2021-05-09,200346.8,8399.3,191947.5,135398.75,13015.0,9338.5,280334.2,1495.5,482176.5,157752.25,639928.75
2021-05-10,294196.0,12112.5,282083.5,259454.5,23398.5,17062.0,564038.3,1581.5,859815.8,299915.0,1159730.8
2021-05-11,307024.1,12429.1,294595.0,282544.25,27502.5,19722.0,520381.3,1772.5,829177.9,329768.75,1158946.65
2021-05-12,318260.8,12930.8,305330.0,291156.0,27825.5,19631.75,482061.1,2044.5,802366.4,338613.25,1140979.65
2021-05-13,325000.8,13144.3,311856.5,286216.0,28880.0,20710.0,469975.75,1987.0,796963.55,335806.0,1132769.55
2021-05-14,353215.9,14179.9,339036.0,302404.0,30328.75,22372.5,587066.8,2772.5,943055.2,355105.25,1298160.4500000002
2021-05-15,270178.0,11075.0,259103.0,216680.75,18525.0,13860.5,486695.0,1781.5,758654.5,249066.25,1007720.75
2021-05-16,209783.7,8744.7,201039.0,141426.5,14207.25,10825.25,320904.2,1224.0,531911.9,166459.0,698370.9
2021-05-17,334017.1,13449.1,320568.0,292167.75,29255.25,19199.5,713619.28,2332.5,1049968.88,340622.5,1390591.38
2021-05-18,325734.8,13213.3,312521.5,298618.25,28837.25,20306.25,526454.6,1770.0,853959.4,347761.75,1201721.15
2021-05-19,311964.6,12629.1,299335.5,295236.25,28025.0,19228.0,483341.55,1934.5,797240.65,342489.25,1139729.9
2021-05-20,313922.4,12639.4,301283.0,290752.25,28006.0,19194.75,467957.2,2573.7,784453.3,337953.0,1122406.3
2021-05-21,329420.6,13431.6,315989.0,294918.0,28979.75,19959.5,537976.4,2352.5,869749.5,343857.25,1213606.75
2021-05-22,321237.3,13180.8,308056.5,259046.0,23051.75,16292.5,499375.08,2033.2,822645.58,298390.25,1121035.83
2021-05-23,208567.4,8772.9,199794.5,141469.25,13651.5,9457.25,294492.3,1494.5,504554.2,164578.0,669132.2
2021-05-24,322348.6,13228.1,309120.5,285508.25,29098.5,18805.25,653654.3,1832.5,977835.4,333412.0,1311247.4
2021-05-25,319361.1,13109.6,306251.5,294015.5,29635.25,18962.0,514012.4,1850.0,835223.5,342612.75,1177836.25
2021-05-26,308225.1,12556.6,295668.5,293402.75,28908.5,18577.25,475040.9,1652.0,784918.0,340888.5,1125806.5
2021-05-27,310519.1,12570.6,297948.5,287004.5,28295.75,18330.25,468168.2,2311.0,780998.3,333630.5,1114628.8
2021-05-28,339215.1,13792.6,325422.5,299653.75,29782.5,19342.0,565968.25,1883.0,907066.35,348778.25,1255844.6
2021-05-29,321141.5,13256.0,307885.5,248990.25,21370.25,14706.0,528658.7,1742.0,851542.2,285066.5,1136608.7
2021-05-30,215180.2,9039.7,206140.5,142020.25,14193.0,9580.75,305416.8,1408.0,522005.0,165794.0,687799.0
2021-05-31,329689.0,13472.0,316217.0,294224.5,29445.25,18159.25,717668.85,2323.0,1049680.85,341829.0,1391509.85
2021-06-01,337152.8,13763.3,323389.5,298798.75,32043.5,20187.5,581324.2,2296.5,920773.5,351029.75,1271803.25
2021-06-02,313884.6,12554.1,301330.5,295796.75,31017.5,19427.5,496053.3,2634.0,812571.9,346241.75,1158813.65
2021-06-03,317573.3,12993.8,304579.5,295530.75,30466.5,18824.25,481134.9,2309.5,801017.7,344821.5,1145839.2000000002
2021-06-04,334535.2,13625.2,320910.0,301378.0,31093.5,18477.5,534267.5,2279.0,871081.7,350949.0,1222030.7
2021-06-05,308710.8,12595.8,296115.0,247950.0,23156.25,14402.0,508211.15,2219.5,819141.45,285508.25,1104649.7000000002
2021-06-06,193193.6,8105.1,185088.5,135365.5,13865.25,8659.25,288718.5,1138.0,483050.1,157890.0,640940.1
2021-06-07,328209.5,13427.0,314782.5,288538.75,29720.75,18026.25,676544.8,2368.0,1007122.3,336285.75,1343408.05
2021-06-08,321607.8,13038.3,308569.5,296457.0,31183.75,19465.5,529174.95,2050.0,852832.75,347106.25,1199939.0
2021-06-09,322835.7,12926.7,309909.0,301463.5,31839.25,19147.25,480378.4,1741.7,804955.8,352450.0,1157405.8
2021-06-10,305085.3,12456.8,292628.5,293915.75,31711.0,18791.0,468854.8,1825.0,775765.1,344417.75,1120182.85
2021-06-11,325650.4,13318.9,312331.5,298817.75,32694.25,19071.25,541850.5,2976.0,870476.9,350583.25,1221060.15
2021-06-12,302718.2,12493.2,290225.0,245532.25,22861.75,13851.0,484075.1,1409.5,788202.8,282245.0,1070447.7999999998
2021-06-14,323479.9,13219.4,310260.5,293702.0,31867.75,18073.75,685622.9,2476.5,1011579.3,343643.5,1355222.8
2021-06-15,325643.6,13321.6,312322.0,306056.75,33896.0,19503.5,618180.8,2078.0,945902.4,359456.25,1305358.65
2021-06-16,327360.3,13489.8,313870.5,306626.75,33763.0,18719.75,573533.8,2523.5,903417.6,359109.5,1262527.1
2021-06-17,326285.5,13203.5,313082.0,308127.75,33539.75,19199.5,511509.2,2416.0,840210.7,360867.0,1201077.7
2021-06-18,343756.7,14059.2,329697.5,313856.25,34618.0,19878.75,572198.9,2740.0,918695.6,368353.0,1287048.6
2021-06-19,319904.0,13177.5,306726.5,245005.0,22291.75,13361.75,456852.6,1961.2,778717.8,280658.5,1059376.3
2021-06-20,200429.7,8368.2,192061.5,140167.75,14387.75,8393.25,308525.6,1367.0,510322.3,162948.75,673271.05
2021-06-21,325510.0,13330.5,312179.5,293284.0,33558.75,18292.25,698450.35,2978.5,1026938.85,345135.0,1372073.85
2021-06-22,297166.5,12109.5,285057.0,295896.5,31654.0,16990.75,524537.55,2313.5,824017.55,344541.25,1168558.8
2021-06-23,284610.6,11761.1,272849.5,282553.75,30699.25,16287.75,442982.4,2055.0,729648.0,329540.75,1059188.75
2021-06-24,292889.8,12041.3,280848.5,280853.25,32547.0,17665.25,462656.15,2462.2,758008.15,331065.5,1089073.6500000001
2021-06-25,306847.2,12318.7,294528.5,283427.75,32623.0,18244.75,531854.5,2823.0,841524.7,334295.5,1175820.2
2021-06-26,284278.2,11837.2,272441.0,237599.75,24400.75,13233.5,488775.35,2113.0,775166.55,275234.0,1050400.5499999998
2021-06-27,177281.6,7535.6,169746.0,130150.0,14421.0,7695.0,278874.3,1599.5,457755.4,152266.0,610021.3999999999
2021-06-28,314089.1,12739.6,301349.5,289550.5,32718.0,16501.5,660437.3,2345.5,976871.9,338770.0,1315641.9
2021-06-29,310553.9,12652.9,297901.0,299839.0,34090.75,17551.25,547045.0,2386.0,859984.9,351481.0,1211465.9
2021-06-30,314662.6,12819.1,301843.5,302613.0,34955.25,17579.75,569705.85,2256.0,886624.45,355148.0,1241772.45
2021-07-01,289240.8,12002.3,277238.5,282705.75,34247.5,16881.5,523774.55,2313.5,815328.85,333834.75,1149163.6
2021-07-02,313663.6,12969.6,300694.0,299197.75,35758.0,18620.0,575425.9,2579.5,891669.0,353575.75,1245244.75
2021-07-03,296357.2,12326.2,284031.0,242397.25,25569.25,13342.75,519458.9,2559.0,818375.1,281309.25,1099684.35
2021-07-04,200943.5,8435.5,192508.0,143103.25,16530.0,8673.5,309676.6,1142.0,511762.1,168306.75,680068.85
2021-07-05,332585.0,13613.0,318972.0,297093.5,36256.75,17898.0,686959.9,3188.5,1022733.4,351248.25,1373981.65
2021-07-06,306711.8,12268.8,294443.0,303833.75,36807.75,18050.0,549118.1,2388.0,858217.9,358691.5,1216909.4
2021-07-07,322527.2,13121.7,309405.5,303126.0,36209.25,17907.5,497911.3,2010.4,822448.9,357242.75,1179691.65
2021-07-08,306634.0,12514.0,294120.0,287935.5,35116.75,17138.0,468702.1,1786.5,777122.6,340190.25,1117312.85
2021-07-09,296267.0,12103.0,284164.0,296471.25,35154.75,17342.25,515555.65,2231.0,814053.65,348968.25,1163021.9
2021-07-10,295198.8,12222.3,282976.5,245038.25,25483.75,12430.75,500747.5,1781.5,797727.8,282952.75,1080680.55
2021-07-11,191489.7,8054.2,183435.5,136277.5,16007.5,8155.75,296704.9,1413.5,489608.1,160440.75,650048.8500000001
2021-07-12,321963.6,13175.6,308788.0,289436.5,35216.5,16135.75,658484.6,2539.5,982987.7,340788.75,1323776.45
2021-07-13,318151.4,12944.9,305206.5,294538.0,36019.25,16610.75,506810.3,1984.5,826946.2,347168.0,1174114.2
2021-07-14,320921.5,13093.0,307828.5,303971.5,36513.25,16278.25,539252.7,2105.5,862279.7,356763.0,1219042.7
2021-07-15,327968.5,13366.5,314602.0,303107.0,36366.0,16800.75,572157.9,2464.5,902590.9,356273.75,1258864.65
2021-07-16,321786.2,13416.2,308370.0,284710.25,33131.25,15204.75,553191.0,2884.5,877861.7,333046.25,1210907.95
2021-07-17,310965.3,12864.8,298100.5,245100.0,26628.5,11813.25,544933.5,2128.5,858027.3,283541.75,1141569.05
2021-07-18,200092.0,8201.5,191890.5,147093.25,16392.25,7975.25,336499.6,1329.0,537920.6,171460.75,709381.35
2021-07-19,336122.0,13768.0,322354.0,292153.5,35074.0,16283.0,687002.6,1951.0,1025075.6,343510.5,1368586.1
2021-07-20,330939.5,13563.5,317376.0,306707.5,36969.25,17418.25,570776.65,1718.0,903434.15,361095.0,1264529.15
2021-07-21,317752.0,13058.5,304693.5,293977.5,33497.0,14848.5,487026.1,1863.0,806641.1,342323.0,1148964.1
2021-07-22,301801.6,12564.6,289237.0,288738.25,33957.75,15109.75,468915.2,1694.0,772410.8,337805.75,1110216.55
2021-07-23,321723.2,13419.7,308303.5,292932.5,34542.0,15494.5,524101.6,2197.0,848021.8,342969.0,1190990.7999999998
2021-07-24,300012.4,12713.4,287299.0,243375.75,25892.25,11309.75,496211.35,2109.0,798332.75,280577.75,1078910.5
2021-07-25,189834.7,8052.2,181782.5,132263.75,15736.75,6721.25,285050.3,1159.0,476044.0,154721.75,630765.75
2021-07-26,318504.4,13212.4,305292.0,284121.25,33801.0,14734.5,676208.1,2537.0,997249.5,332656.75,1329906.25
2021-07-27,294345.6,12186.1,282159.5,285427.5,33074.25,15219.0,509638.3,2254.0,806237.9,333720.75,1139958.65
2021-07-28,298341.1,12381.6,285959.5,286966.5,32984.0,14492.25,476098.2,1660.5,776099.7999999999,334442.75,1110542.55
2021-07-29,296683.9,12234.9,284449.0,286225.5,33820.0,15067.0,471146.9,2246.0,770076.8,335112.5,1105189.3
2021-07-30,317733.2,13134.7,304598.5,295250.5,35240.25,15936.25,610113.35,2016.5,929863.05,346427.0,1276290.0499999998
2021-07-31,306838.1,12946.1,293892.0,252970.75,30143.5,7381.5,587268.9,3043.0,897150.0,290495.75,1187645.75
2021-08-01,195881.2,8265.7,187615.5,138424.5,20577.0,2265.75,334264.8,1751.2,531897.2,161267.25,693164.45
2021-08-02,321142.5,13086.0,308056.5,290267.75,42360.5,5647.75,713687.38,2538.5,1037368.38,338276.0,1375644.38
2021-08-03,316733.4,13008.9,303724.5,285114.0,41367.75,6118.0,533868.4,2430.5,853032.3,332599.75,1185632.05
2021-08-04,309920.3,12636.8,297283.5,288044.75,39396.5,6474.25,498911.7,1815.5,810647.5,333915.5,1144563.0
2021-08-05,308605.1,12708.6,295896.5,284933.5,39377.5,6745.0,500741.0,2035.5,811381.6,331056.0,1142437.6
2021-08-06,318465.2,13135.2,305330.0,296300.25,40284.75,7875.5,554176.98,2135.0,874777.1799999999,344460.5,1219237.68
2021-08-07,298285.2,12506.2,285779.0,235524.0,29179.25,5400.75,507032.15,1756.0,807073.35,270104.0,1077177.35
2021-08-08,192731.6,8184.6,184547.0,133432.25,18116.5,3415.25,295831.1,1346.0,489908.7,154964.0,644872.7
2021-08-09,338670.5,13884.5,324786.0,288700.25,38821.75,7695.0,666337.5,2401.0,1007409.0,335217.0,1342626.0
2021-08-10,324616.2,13234.7,311381.5,289750.0,39591.25,8730.5,527932.6,2216.0,854764.8,338071.75,1192836.5499999998
2021-08-11,318643.7,12933.7,305710.0,292315.0,39871.5,8293.5,498891.2,2234.5,819769.4,340480.0,1160249.4
2021-08-12,326614.2,13361.2,313253.0,295326.5,38945.25,8436.0,505044.8,1619.2,833278.2,342707.75,1175985.95
2021-08-13,331017.1,13422.6,317594.5,298860.5,38902.5,9319.5,585775.6,2250.0,919042.7,347082.5,1266125.2
2021-08-14,310787.6,12905.6,297882.0,248102.0,28671.0,6835.25,573504.2,2536.5,886828.3,283608.25,1170436.5499999998
2021-08-15,215575.6,9007.6,206568.0,150784.0,18197.25,4398.5,335388.2,1620.5,552584.3,173379.75,725964.05
2021-08-16,324384.6,13449.6,310935.0,288790.5,38289.75,8968.0,702900.9,2218.0,1029503.5,336048.25,1365551.75
2021-08-17,303199.8,12404.8,290795.0,289056.5,36546.5,9257.75,547573.3,2227.5,853000.6,334860.75,1187861.35
2021-08-18,317189.3,12951.8,304237.5,300542.0,38047.5,10597.25,510870.35,1843.5,829903.15,349186.75,1179089.9
2021-08-19,317766.2,13063.2,304703.0,294295.75,37254.25,10174.5,482469.4,2372.0,802607.6,341724.5,1144332.1
2021-08-20,343994.1,14163.6,329830.5,304874.0,38950.0,11314.5,544499.55,2192.5,890686.15,355138.5,1245824.65
2021-08-21,323080.5,13266.5,309814.0,252785.5,28509.5,8193.75,512393.5,2701.5,838175.5,289488.75,1127664.25
2021-08-22,188932.9,7919.9,181013.0,138491.0,16805.5,5158.5,298791.9,1694.2,489419.0,160455.0,649874.0
2021-08-23,330899.8,13618.8,317281.0,298680.0,37563.0,11457.0,711096.4,2207.5,1044203.7,347700.0,1391903.7000000002
2021-08-24,311535.7,12836.7,298699.0,297079.25,37335.0,11670.75,528158.0,2409.0,842102.7,346085.0,1188187.7
2021-08-25,325472.0,13302.0,312170.0,298385.5,38285.0,11742.0,501815.75,2527.5,829815.25,348412.5,1178227.75
2021-08-26,314978.9,12878.9,302100.0,299734.5,38299.25,11941.5,499080.35,1887.5,815946.75,349975.25,1165922.0
2021-08-27,337911.4,13894.9,324016.5,310198.75,38888.25,12402.25,574083.35,1518.5,913513.25,361489.25,1275002.5
2021-08-28,296301.5,12280.0,284021.5,246487.0,26638.0,8716.25,517683.3,2075.0,816059.8,281841.25,1097901.05
2021-08-29,199685.2,8374.2,191311.0,146418.75,17066.75,5966.0,331616.5,1393.0,532694.7,169451.5,702146.2
2021-08-30,324889.1,13317.6,311571.5,307624.25,39558.0,12359.5,734237.75,2394.5,1061521.35,359541.75,1421063.1
2021-08-31,314300.4,12874.9,301425.5,309890.0,38864.5,13252.5,619982.95,1850.0,936133.35,362007.0,1298140.35
2021-09-01,303269.2,12540.7,290728.5,312198.5,40641.0,15418.5,588065.0,2110.5,893444.7,368258.0,1261702.7
2021-09-02,312828.1,12998.6,299829.5,305068.75,38603.25,14715.5,540457.6,2134.0,855419.7,358387.5,1213807.2
2021-09-03,290015.6,12036.1,277979.5,293417.0,35796.0,14036.25,520922.0,2021.5,812959.1,343249.25,1156208.35
2021-09-04,317018.1,13027.6,303990.5,264366.0,29782.5,11457.0,555955.9,2358.5,875332.5,305605.5,1180938.0
2021-09-05,188487.2,7911.2,180576.0,138372.25,16278.25,6393.5,318441.8,870.0,507799.0,161044.0,668843.0
2021-09-06,317393.3,13184.3,304209.0,300304.5,35173.75,14753.5,654340.3,2395.0,974128.6,350231.75,1324360.35
2021-09-07,316729.4,13052.4,303677.0,307068.5,35933.75,15993.25,573148.6,2514.5,892392.5,358995.5,1251388.0
2021-09-08,325303.6,13295.1,312008.5,312915.75,36484.75,16368.5,540149.3,2159.0,867611.9,365769.0,1233380.9
2021-09-09,322345.8,13225.3,309120.5,314773.0,37206.75,16591.75,519181.7,2176.0,843703.5,368571.5,1212275.0
2021-09-10,354070.4,14540.4,339530.0,324543.75,38869.25,18857.5,594711.9,2399.5,951181.8,382270.5,1333452.3
2021-09-11,327258.0,13492.0,313766.0,272080.0,27721.0,13518.5,560928.4,2430.2,890616.6,313319.5,1203936.0999999999
2021-09-12,201241.2,8495.7,192745.5,148974.25,15618.0,8649.75,321800.6,1299.5,524341.3,173242.0,697583.3
2021-09-13,339362.0,13901.5,325460.5,315252.75,36603.5,17570.25,711217.4,2848.5,1053427.9,369426.5,1422854.4
2021-09-14,335711.3,13794.3,321917.0,318150.25,36142.75,17413.5,575785.5,2312.5,913809.3,371706.5,1285515.8
2021-09-15,342670.9,14037.4,328633.5,321693.75,36366.0,18301.75,564372.1,2420.0,909463.0,376361.5,1285824.5
2021-09-16,183612.8,7758.3,175854.5,154949.75,16031.25,8440.75,306802.4,1759.0,492174.2,179421.75,671595.95
2021-09-17,342830.9,14130.9,328700.0,316734.75,35406.5,18401.5,621585.83,2691.5,967108.23,370542.75,1337650.98
2021-09-18,320353.2,13332.2,307021.0,261549.25,26006.25,14169.25,528901.1,2403.0,851657.3,301724.75,1153382.0499999998
2021-09-19,191623.0,8111.5,183511.5,146148.0,15461.25,8725.75,329063.7,1836.0,522522.7,170335.0,692857.7
2021-09-20,342539.8,14124.8,328415.0,318074.25,35886.25,18838.5,717966.5,2466.0,1062972.3,372799.0,1435771.3
2021-09-21,335483.4,13689.9,321793.5,327156.25,36674.75,19384.75,576438.2,2755.0,914676.6,383215.75,1297892.35
2021-09-22,331794.2,13525.2,318269.0,326586.25,35819.75,19422.75,528813.85,1792.5,862400.55,381828.75,1244229.2999999998
2021-09-23,327447.6,13463.1,313984.5,319888.75,35496.75,19698.25,524341.2,2302.0,854090.8,375083.75,1229174.5499999998
2021-09-24,288689.0,11840.0,276849.0,268983.0,32428.25,18145.0,496267.4,2296.5,787252.9,319556.25,1106809.15
2021-09-25,320330.5,13281.0,307049.5,266674.5,25878.0,15295.0,532432.5,2169.0,854932.0,307847.5,1162779.5
2021-09-26,192577.4,8144.4,184433.0,144366.75,15019.5,9134.25,329880.7,1133.0,523591.1,168520.5,692111.6000000001
2021-09-27,320668.2,13219.7,307448.5,298651.5,32551.75,18102.25,689023.9,1860.2,1011552.3,349305.5,1360857.8
2021-09-28,331637.2,13672.2,317965.0,324163.75,34879.25,20206.5,573077.75,1927.0,906641.95,379249.5,1285891.45
2021-09-29,324924.1,13248.1,311676.0,323840.75,35463.5,20187.5,553087.5,2251.5,880263.1,379491.75,1259754.85
2021-09-30,323066.5,13300.0,309766.5,318691.75,34879.25,19712.5,589013.35,1883.0,913962.85,373283.5,1287246.35
2021-10-01,364981.1,14991.6,349989.5,330685.5,38014.25,23194.25,705713.9,2257.5,1072952.5,391894.0,1464846.5
2021-10-02,315865.4,13052.9,302812.5,272916.0,27103.5,16197.5,585028.5,2314.0,903207.9,316217.0,1219424.9
2021-10-03,217846.1,9121.6,208724.5,161424.0,17252.0,10184.0,369934.4,1468.0,589248.5,188860.0,778108.5
2021-10-04,363523.8,15139.8,348384.0,333967.75,39904.75,24989.75,793237.1,2209.5,1158970.4,398862.25,1557832.65
2021-10-05,341140.3,14178.8,326961.5,330348.25,39178.0,24894.75,588728.01,2109.5,931977.81,394421.0,1326398.81
2021-10-06,364736.9,15003.9,349733.0,341396.75,40560.25,25094.25,573504.5,2145.0,940386.4,407051.25,1347437.65
2021-10-07,346872.8,14296.8,332576.0,341097.5,40422.5,25374.5,581332.3,2613.0,930818.1,406894.5,1337712.6
2021-10-08,362866.4,14909.9,347956.5,351115.25,41054.25,25189.25,633362.8,2729.5,998958.7,417358.75,1416317.4500000002
2021-10-09,320472.5,13252.0,307220.5,291958.75,29996.25,16549.0,592783.75,2156.0,915412.25,338504.0,1253916.25
2021-10-10,200806.0,8431.0,192375.0,160882.5,17769.75,9585.5,350213.5,1432.5,552452.0,188237.75,740689.75
2021-10-11,361905.3,14965.3,346940.0,351191.25,44184.5,25393.5,793389.5,2329.0,1157623.8,420769.25,1578393.05
2021-10-12,297088.7,12145.7,284943.0,305752.75,33250.0,17584.5,538604.6,2101.7,837795.0,356587.25,1194382.2499999998
2021-10-13,362196.3,14714.8,347481.5,361095.0,45106.0,25056.25,605585.6,1838.0,969619.9,431257.25,1400877.15
2021-10-14,361968.5,14753.0,347215.5,362919.0,44379.25,25455.25,620060.64,3118.0,985147.14,432753.5,1417900.6400000001
2021-10-15,374053.8,15438.3,358615.5,371008.25,44616.75,25507.5,753832.0,2099.0,1129984.8,441132.5,1571117.3
2021-10-16,345989.3,14192.3,331797.0,301112.0,30979.5,16943.25,663109.1,2036.5,1011134.9,349034.75,1360169.65
2021-10-17,215816.1,9086.6,206729.5,178566.75,19413.25,10402.5,401807.6,1714.0,619337.7,208382.5,827720.2
2021-10-18,379121.6,15604.1,363517.5,366101.5,46312.5,25669.0,861866.3,2861.0,1243848.9,438083.0,1681931.9
2021-10-19,365013.8,15014.8,349999.0,361503.5,46896.75,26272.25,646100.8,3252.0,1014366.6,434672.5,1449039.1
2021-10-20,365204.5,14901.5,350303.0,374133.75,48065.25,26172.5,631310.2,2506.7,999021.4,448371.5,1447392.9
2021-10-21,358243.2,14656.7,343586.5,373948.5,48321.75,26077.5,621876.0,2118.5,982237.7,448347.75,1430585.45
2021-10-22,382754.4,15750.4,367004.0,378755.5,48013.0,26262.75,689880.55,2704.5,1075339.45,453031.25,1528370.7000000002
2021-10-23,339063.6,14125.6,324938.0,312507.25,32665.75,17142.75,633920.8,2468.5,975452.8999999999,362315.75,1337768.65
2021-10-24,212617.5,8880.5,203737.0,178633.25,19118.75,10108.0,387196.0,919.5,600733.0,207860.0,808593.0
2021-10-25,353073.2,14673.7,338399.5,355789.25,45704.5,24752.25,805722.2,2147.5,1160942.9,426246.0,1587188.9
2021-10-26,352558.1,14424.6,338133.5,369991.75,49214.75,26899.25,652621.8,2192.5,1007372.4,446105.75,1453478.15
2021-10-27,360135.5,14630.0,345505.5,378261.5,49191.0,26547.75,629145.3,2403.5,991684.2999999999,454000.25,1445684.55
2021-10-28,371008.7,15205.2,355803.5,373179.0,47789.75,24861.5,631412.9,3060.5,1005482.1,445830.25,1451312.35
2021-10-29,393806.9,16210.4,377596.5,379354.0,49955.75,26224.75,750476.96,2517.0,1146800.8599999999,455534.5,1602335.3599999999
2021-10-30,358997.1,14859.6,344137.5,314212.5,34366.25,17798.25,684826.3,3017.7,1046841.1,366377.0,1413218.0999999999
2021-10-31,216220.1,9110.6,207109.5,187031.25,20961.75,11390.5,406843.7,1522.0,624585.8,219383.5,843969.3
2021-11-01,370589.0,15270.0,355319.0,356715.5,47775.5,25441.0,866703.3,3631.0,1240923.3,429932.0,1670855.3
2021-11-02,299506.6,12426.1,287080.5,314545.0,34147.75,17603.5,596183.5,1582.0,897272.1,366296.25,1263568.35
2021-11-03,368952.1,15124.6,353827.5,380546.25,53874.5,26904.0,692238.6,2458.5,1063649.2,461324.75,1524973.95
2021-11-04,358384.8,14760.3,343624.5,380774.25,53380.5,26728.25,652688.45,2457.5,1013530.75,460883.0,1474413.75
2021-11-05,372365.1,15383.6,356981.5,381605.5,51784.5,25555.0,707902.4,2750.0,1083017.5,458945.0,1541962.5
2021-11-06,338191.8,14089.8,324102.0,307434.25,33976.75,17223.5,644964.7,1834.5,984991.0,358634.5,1343625.5
2021-11-07,209913.0,8931.0,200982.0,172306.25,19921.5,10388.25,384555.1,1452.5,595920.6,202616.0,798536.6
2021-11-08,368863.7,15302.2,353561.5,365208.5,51969.75,25664.25,854333.4,2936.0,1226133.1,442842.5,1668975.6
2021-11-09,364539.1,15091.1,349448.0,376185.75,53314.0,27018.0,668971.8,2018.5,1035529.4,456517.75,1492047.15
2021-11-10,359927.4,14934.9,344992.5,379216.25,54620.25,25806.75,638389.0,2110.0,1000426.4,459643.25,1460069.65
2021-11-11,364454.9,15101.9,349353.0,379800.5,54506.25,26723.5,641232.4,1772.5,1007459.8,461030.25,1468490.05
2021-11-12,373541.9,15439.4,358102.5,387329.25,51870.0,24229.75,744928.2,1952.5,1120422.6,463429.0,1583851.6
2021-11-13,381134.4,15821.4,365313.0,340674.75,36679.5,18140.25,721982.1,2567.5,1105684.0,395494.5,1501178.5
2021-11-14,238274.5,9999.0,228275.5,196616.75,21731.25,10986.75,400049.6,1573.0,639897.1,229334.75,869231.85
2021-11-15,261207.1,10891.6,250315.5,214804.5,25588.25,12777.5,482054.9,1417.7,744679.7,253170.25,997849.95
2021-11-17,370912.4,15365.4,355547.0,383819.0,56719.75,25412.5,685454.0,2228.5,1058594.9,465951.25,1524546.15
2021-11-18,358481.3,14904.3,343577.0,378879.0,53903.0,24339.0,637022.85,1865.7,997369.85,457121.0,1454490.8499999999
2021-11-19,378344.1,15681.6,362662.5,384237.0,53912.5,24529.0,686909.0,2382.5,1067635.6,462678.5,1530314.1
2021-11-20,322839.1,13547.6,309291.5,314122.25,35473.0,16064.5,639104.1,2199.7,964142.9,365659.75,1329802.65
2021-11-21,217330.0,9204.0,208126.0,180918.0,20885.75,10169.75,392892.4,1550.5,611772.9,211973.5,823746.4
2021-11-22,375314.9,15663.9,359651.0,368747.25,52796.25,23868.75,866896.3,2334.0,1244545.2,445412.25,1689957.4500000002
2021-11-23,357884.6,14849.1,343035.5,376784.25,56031.0,23764.25,675517.7,1960.7,1035363.0,456579.5,1491942.4999999998
2021-11-24,371885.1,15435.6,356449.5,385856.75,56073.75,23693.0,649924.8,1961.0,1023770.9,465623.5,1489394.4
2021-11-25,359678.2,14980.2,344698.0,374490.0,55712.75,23227.5,631384.6,2453.0,993515.8,453430.25,1446946.0499999998
2021-11-26,390275.6,16175.1,374100.5,383439.0,54031.25,23051.75,712142.25,1898.0,1104315.85,460522.0,1564837.85
2021-11-27,358361.7,14974.7,343387.0,325080.5,37520.25,15917.25,654623.4,2290.0,1015275.1,378518.0,1393793.1
2021-11-28,223442.4,9473.9,213968.5,186684.5,21793.0,9694.75,398558.3,1505.5,623506.2,218172.25,841678.45
2021-11-30,378913.6,15709.6,363204.0,387091.75,57570.0,23241.75,776573.3,2365.0,1157851.9,467903.5,1625755.4
2021-12-01,373663.4,15361.4,358302.0,396715.25,58415.5,23669.25,763671.2,2990.2,1140324.8,478800.0,1619124.8
2021-12-02,373536.3,15481.3,358055.0,389466.75,58439.25,23897.25,710849.5,1950.0,1086335.8,471803.25,1558139.05
2021-12-03,401276.3,16507.3,384769.0,395622.75,57983.25,22819.0,722043.5,2140.0,1125459.8,476425.0,1601884.8
2021-12-04,373484.9,15448.9,358036.0,334390.5,38988.0,15385.25,678162.2,3098.9,1054746.0,388763.75,1443509.75
2021-12-05,290757.7,12008.7,278749.0,226033.5,24780.75,10644.75,462824.7,2139.2,755721.6,261459.0,1017180.5999999999
2021-12-07,383109.3,15801.3,367308.0,391680.25,57289.75,21370.25,747771.9,2630.0,1133511.2,470340.25,1603851.4500000002
2021-12-08,388050.2,15897.2,372153.0,394031.5,56529.75,20819.25,689091.8,1795.5,1078937.5,471380.5,1550318.0
2021-12-09,371857.6,15389.1,356468.5,389295.75,55579.75,20363.25,661140.1,2175.0,1035172.7,465238.75,1500411.45
2021-12-10,408136.8,16793.8,391343.0,397218.75,54264.0,20904.75,740435.3,2277.5,1150849.6,472387.5,1623237.1
2021-12-11,389792.3,15976.8,373815.5,344004.5,39206.5,15166.75,676658.7,2681.5,1069132.5,398377.75,1467510.25
2021-12-12,321697.1,13289.1,308408.0,232811.75,24120.5,9865.75,435127.4,1820.0,758644.5,266798.0,1025442.5
2021-12-14,400962.6,16421.6,384541.0,396857.75,54772.25,19494.0,745863.8,2757.0,1149583.4,471124.0,1620707.4
2021-12-15,405234.6,16675.1,388559.5,405369.75,54786.5,19209.0,760649.35,2301.0,1168184.95,479365.25,1647550.2
2021-12-16,406922.9,16691.4,390231.5,396207.0,53418.5,19209.0,730095.6,2594.5,1139613.0,468834.5,1608447.5
2021-12-17,411196.0,17022.0,394174.0,397598.75,51851.0,17855.25,721403.8,2694.5,1135294.3,467305.0,1602599.3
2021-12-18,396587.8,16502.3,380085.5,354559.0,39192.25,14060.0,696281.1,2406.5,1095275.4,407811.25,1503086.65
2021-12-19,297432.7,12461.2,284971.5,228983.25,23640.75,9053.5,462724.0,1431.0,761587.7,261677.5,1023265.2
2021-12-20,421185.6,17350.1,403835.5,374195.5,45951.5,17499.0,817292.5,2032.5,1240510.6,437646.0,1678156.6
2021-12-21,432070.7,17861.2,414209.5,391495.0,46896.75,17750.75,689406.4,2272.0,1123749.1,456142.5,1579891.6
2021-12-22,414060.7,17008.2,397052.5,391162.5,45006.25,16834.0,645306.3,2471.0,1061838.0,453002.75,1514840.75
2021-12-23,414693.9,17185.4,397508.5,370918.0,42370.0,15955.25,614650.6,2531.0,1031875.5,429243.25,1461118.75
2021-12-24,328230.0,14103.0,314127.0,280805.75,30837.0,10454.75,489797.2,1900.5,819927.7,322097.5,1142025.2
2021-12-26,208379.3,8698.8,199680.5,163808.5,18957.25,6759.25,355450.0,924.0,564753.3,189525.0,754278.3
2021-12-27,315259.2,13235.2,302024.0,297036.5,35012.25,13257.25,705655.1,2486.0,1023400.3,345306.0,1368706.2999999998
2021-12-28,315365.6,13237.099999999999,302128.5,314407.25,37634.25,10815.75,572232.7,1766.0,889364.3,362857.25,1252221.5499999998
2021-12-29,322683.3,13496.3,309187.0,315704.0,44802.0,0.0,556857.1,1742.5,881282.9,360506.0,1241788.9
2021-12-30,323796.5,13412.5,310384.0,318050.5,44498.0,0.0,594455.5,1962.0,920214.0,362548.5,1282762.5
2021-12-31,273989.8,11723.3,262266.5,249745.5,34485.0,0.0,499779.3,1406.5,775175.6,284230.5,1059406.1
2022-01-02,197072.9,8383.9,188689.0,162640.0,24049.25,0.0,373992.4,1396.0,572461.3,186689.25,759150.55
2022-01-03,328552.9,13893.9,314659.0,324078.25,52677.5,0.0,856508.8,2056.5,1187118.2,376755.75,1563873.9500000002
2022-01-04,325720.3,13607.3,312113.0,344612.5,53190.5,0.0,675559.5,2067.5,1003347.3,397803.0,1401150.3
2022-01-05,321607.1,13370.1,308237.0,347814.0,53817.5,0.0,630309.3,2637.7,954554.1,401631.5,1356185.5999999999
2022-01-06,324026.8,13386.3,310640.5,349652.25,53423.25,0.0,614621.0,2580.0,941227.8,403075.5,1344303.3
2022-01-07,335476.8,14082.3,321394.5,347709.5,54739.0,0.0,660124.5,2088.5,999340.8,402448.5,1400138.3
2022-01-08,304781.8,12970.3,291811.5,289066.0,39515.25,0.0,622674.2,2124.5,935265.5,328581.25,1258161.75
2022-01-09,194019.0,8275.0,185744.0,167508.75,24866.25,0.0,372938.9,2276.5,573014.4,192375.0,761609.4
2022-01-10,322094.6,13468.1,308626.5,342669.75,54169.0,0.0,821679.0,1887.0,1152570.6,396838.75,1542499.35
2022-01-11,313874.9,13180.9,300694.0,346873.5,52995.75,0.0,656877.3,2040.0,977682.2,399869.25,1372661.4500000002
2022-01-12,296708.8,12411.8,284297.0,341924.0,51727.5,0.0,612041.7,2077.0,916361.5,393651.5,1304479.0
2022-01-13,292487.7,12332.7,280155.0,329436.25,49680.25,0.0,567797.8,1570.5,865536.0,379116.5,1240972.5
2022-01-14,307783.8,12865.8,294918.0,342479.75,51798.75,0.0,707509.9,1928.5,1023002.2,394278.5,1411500.7000000002
2022-01-15,296774.5,12401.5,284373.0,295174.5,39363.25,0.0,671227.2,3476.0,976202.7,334537.75,1306015.45
2022-01-16,194362.5,8324.0,186038.5,164411.75,23232.25,9.5,392037.4,1271.0,590570.9,187653.5,775324.4
2022-01-17,315563.8,13226.3,302337.5,337036.25,52739.25,0.0,875777.7,2469.5,1198927.0,389775.5,1583586.5
2022-01-18,296457.3,12464.3,283993.0,333165.0,51841.5,0.0,631256.5,1803.5,933882.3,385006.5,1314523.8
2022-01-19,285137.0,11983.5,273153.5,334167.25,50293.0,0.0,605851.2,1854.0,897371.2,384460.25,1277302.45
2022-01-20,281669.8,11888.8,269781.0,326462.75,50027.0,0.0,575029.6,1744.5,862823.9,376489.75,1234933.65
2022-01-21,299874.4,12651.4,287223.0,334081.75,51081.5,0.0,644437.8,2257.0,950349.2,385163.25,1331732.4500000002
2022-01-22,261721.5,11045.0,250676.5,275903.75,37762.5,0.0,585910.9,2290.5,854115.9,313666.25,1163589.15
2022-01-24,296379.4,12500.4,283879.0,322943.0,51300.0,0.0,782263.0,2700.0,1085443.4,374243.0,1455585.4
2022-01-25,298683.3,12609.8,286073.5,338347.25,52934.0,0.0,647337.4,2280.5,953213.2,391281.25,1339582.4500000002
2022-01-26,295698.7,12342.2,283356.5,341748.25,53660.75,0.0,601907.5,2159.5,902855.7,395409.0,1295174.7
2022-01-27,287291.2,12019.2,275272.0,342551.0,52449.5,0.0,609358.6,2235.0,902624.8,395000.5,1293885.2999999998
2022-01-28,320223.2,13468.2,306755.0,351614.0,54192.75,0.0,669104.7,1945.5,995863.4,405806.75,1397080.15
2022-01-29,295758.6,12354.6,283404.0,295017.75,41182.5,0.0,662226.7,2109.0,965674.3,336200.25,1296294.5499999998
2022-01-30,179864.8,7734.3,172130.5,163718.25,24400.75,0.0,385465.7,1393.5,571244.0,188119.0,754843.0
2022-01-31,312759.0,13091.0,299668.0,359332.75,56472.75,0.0,885209.3,2977.0,1207440.3,415805.5,1616750.8
2022-02-01,298325.6,12423.1,285902.5,378731.75,62035.0,0.0,789265.5,2795.5,1097761.6,440766.75,1531153.35
2022-02-02,307662.3,13029.3,294633.0,380218.5,58401.25,4.75,684854.1,1985.5,1001971.9,438624.5,1433126.4
2022-02-03,294350.7,12352.7,281998.0,386593.0,59023.5,318.25,678971.7,2602.5,982337.9,445934.75,1421859.65
2022-02-04,319215.0,13201.0,306014.0,394848.5,60192.0,764.75,700785.4,3026.0,1029386.4,455805.25,1478831.65
2022-02-05,283138.9,11999.4,271139.5,323337.25,41686.0,589.0,667855.5,2428.0,958611.4,365612.25,1319034.65
2022-02-06,197966.5,8441.5,189525.0,206268.75,26676.0,384.75,403107.8,2194.5,605828.8,233329.5,836598.3
2022-02-07,194797.7,8160.7,186637.0,210358.5,28775.5,498.75,461716.2,2017.0,661055.9,239632.75,898163.65
2022-02-08,367007.3,15231.8,351775.5,432041.0,81201.25,1581.75,950086.3,4504.0,1324028.1,514824.0,1836421.6
2022-02-09,356024.5,14889.0,341135.5,439413.0,79752.5,2137.5,749601.3,3552.5,1112668.3,521303.0,1630481.3
2022-02-10,349380.7,14543.7,334837.0,442624.0,81035.0,2745.5,720990.0,4000.0,1082100.7,526404.5,1600775.2
2022-02-11,364963.7,15335.2,349628.5,445269.75,77695.75,3610.0,773202.3,4015.5,1148964.0,526575.5,1668757.0
2022-02-12,303358.0,12895.5,290462.5,348835.25,46217.5,2702.75,697999.7,2577.0,1011386.7,397755.5,1401690.2
2022-02-13,194246.2,8321.7,185924.5,202302.5,25445.75,1928.5,433639.8,1605.7,634149.7,229676.75,859168.45
2022-02-14,373026.6,15617.6,357409.0,455610.5,84654.5,4560.0,990681.5,3459.0,1373937.1,544825.0,1911992.1
2022-02-15,358163.0,15061.0,343102.0,458579.25,85466.75,4821.25,909633.1,3522.5,1278628.6,548867.25,1820185.85
2022-02-16,336808.6,14084.1,322724.5,459078.0,83685.5,5206.0,854815.4,3322.0,1202966.0,547969.5,1742915.5
2022-02-17,345403.6,14566.1,330837.5,463647.5,82930.25,5799.75,787395.0,2813.0,1140972.6,552377.5,1687989.1
2022-02-18,348461.7,14783.7,333678.0,466231.5,82312.75,6208.25,814925.6,4150.0,1173747.3,554752.5,1722289.7999999998
2022-02-19,298006.5,12636.0,285370.5,354378.5,46806.5,4669.25,707921.6,3654.0,1016022.1,405854.25,1415436.35
2022-02-20,209688.1,8924.6,200763.5,220784.75,27778.0,3201.5,442990.1,2377.0,658985.2,251764.25,906819.45
2022-02-21,361116.8,15240.8,345876.0,461058.75,87290.75,6944.5,1029703.9,4054.5,1401555.2,555294.0,1950169.2000000002
2022-02-22,356944.3,14944.3,342000.0,480557.5,88696.75,7343.5,844747.0,3828.5,1213409.8,576597.75,1782117.55
2022-02-23,345106.0,14515.5,330590.5,475456.0,89328.5,7989.5,766775.6,3290.5,1121842.1,572774.0,1687946.1
2022-02-24,330370.5,13887.5,316483.0,467822.75,87960.5,7956.25,757908.4,3400.5,1097149.4,563739.5,1655418.9
2022-02-25,369888.9,15548.4,354340.5,471366.25,84369.5,9044.0,823669.0,3525.5,1203023.4,564779.75,1761863.15
2022-02-26,284743.3,12150.3,272593.0,363774.0,48041.5,7096.5,745698.4,2572.0,1038353.7,418912.0,1451925.7000000002
2022-02-27,186364.3,8049.3,178315.0,200222.0,25559.75,4911.5,437080.0,1485.0,629209.3,230693.25,855622.55
2022-02-28,363911.1,15289.6,348621.5,472952.75,89423.5,10492.75,1105240.8,5098.5,1480771.4,572869.0,2047119.4
2022-03-01,336424.7,14241.7,322183.0,483825.5,90900.75,12644.5,924616.0,2916.9,1270707.6,587370.75,1851328.3499999999
2022-03-02,364105.5,15474.5,348631.0,506758.5,90511.25,13570.75,828725.9,3172.5,1202801.9,610840.5,1806844.4
2022-03-03,340137.9,14477.9,325660.0,492565.5,88677.75,14487.5,789365.7,3882.5,1139166.1,595730.75,1729116.85
2022-03-04,387365.3,16181.3,371184.0,503690.0,85039.25,15827.0,833540.1,4164.5,1231869.9,604556.25,1829626.15
2022-03-05,335475.1,14118.6,321356.5,408096.25,49927.25,11556.75,747305.2,3994.0,1092184.3,469580.25,1556354.5499999998
2022-03-06,194864.5,8417.5,186447.0,201324.0,25464.75,6654.75,432834.2,1926.5,632860.2,233443.5,863068.7
2022-03-07,354117.1,14872.1,339245.0,459320.25,86625.75,19009.5,1036151.1,3215.9,1398264.1,564955.5,1958439.5999999999
2022-03-08,353810.6,15116.6,338694.0,473266.25,85438.25,21147.0,806145.5,3321.5,1169488.6,579851.5,1743129.1
2022-03-09,314724.7,13327.7,301397.0,428649.5,62149.0,17204.5,708937.4,2135.5,1030527.6,508003.0,1533800.6
2022-03-10,329597.7,14045.7,315552.0,471698.75,84773.25,23455.5,742767.2,2959.5,1081004.4,579927.5,1655251.9
2022-03-11,360324.4,15322.4,345002.0,468620.75,82426.75,24538.5,796408.5,2854.5,1164854.4,575586.0,1735173.4
2022-03-12,292530.3,12669.8,279860.5,357580.0,43871.0,14582.5,704504.1,2472.0,1004146.4,416033.5,1415539.9
2022-03-13,181923.2,7902.2,174021.0,198488.25,24462.5,8521.5,411118.6,2190.5,598372.3,231472.25,826704.55
2022-03-14,360068.8,15237.8,344831.0,464740.0,84478.75,26182.0,1059626.8,4000.0,1429315.6,575400.75,1999096.35
2022-03-15,349553.0,14668.5,334884.5,483388.5,86288.5,28234.0,920878.0,2876.2,1279577.2,597911.0,1871218.2
2022-03-16,323306.6,13559.1,309747.5,482182.0,84369.5,27421.75,817044.3,3372.5,1148933.4,593973.25,1737696.65
2022-03-17,341986.3,14606.8,327379.5,469756.0,82759.25,27426.5,740431.2,3108.0,1090585.5,579941.75,1665467.25
2022-03-18,359577.5,15373.5,344204.0,467651.75,78588.75,26761.5,780480.1,3840.0,1149777.6,573002.0,1716899.6
2022-03-19,290319.7,12558.7,277761.0,351158.0,41885.5,15599.0,669767.4,2258.0,967515.1,408642.5,1370987.6
2022-03-20,195341.0,8419.0,186922.0,215673.75,23811.75,9466.75,381997.7,2387.0,583890.7,248952.25,828677.95
2022-03-21,194001.0,8295.0,185706.0,218770.75,25574.0,9956.0,454600.1,1762.0,653589.1,254300.75,904663.85
2022-03-22,337440.3,14326.3,323114.0,456902.5,82588.25,28728.0,962866.0,3926.5,1310092.8,568218.75,1872451.55
2022-03-23,331684.2,14232.2,317452.0,460816.5,83937.25,29041.5,726195.0,3781.5,1065946.7,573795.25,1635455.95
2022-03-24,323768.0,13849.5,309918.5,462792.5,84474.0,28903.75,707836.2,2976.0,1038810.2,576170.25,1610750.45
2022-03-25,338731.3,14562.8,324168.5,443911.25,76517.75,26528.75,745986.1,2703.0,1091360.4,546957.75,1634378.15
2022-03-26,291531.4,12516.4,279015.0,353936.75,44046.75,16644.0,662044.1,2951.0,961027.0,414627.5,1371154.0
2022-03-27,168846.2,7213.2,161633.0,197514.5,23788.0,8863.5,422425.4,1649.0,596331.6,230166.0,823086.6000000001
2022-03-28,319613.2,13770.2,305843.0,452024.25,85338.5,29222.0,1021639.1,3623.2,1350965.5,566584.75,1911460.2499999998
2022-03-29,328810.0,14151.0,314659.0,465158.0,87224.25,30585.25,781401.6,2970.5,1118234.1,582967.5,1696149.6
2022-03-30,328196.0,13936.0,314260.0,468763.25,86763.5,29944.0,790539.6,2912.0,1127137.6,585470.75,1707118.35
2022-03-31,320989.9,13693.4,307296.5,458023.5,83334.0,29103.25,818765.6,3145.0,1148340.5,570460.75,1713361.25
2022-04-01,333061.1,14060.6,319000.5,470592.0,85500.0,30176.75,875738.6,3894.0,1218333.7,586268.75,1798962.45
2022-04-02,279605.9,12019.4,267586.5,361869.25,46279.25,17218.75,713878.0,3116.2,1001712.6,425367.25,1421967.3499999999
2022-04-03,173052.6,7553.1,165499.5,201286.0,24733.25,9585.5,418409.0,1745.0,595826.6,235604.75,828811.35
2022-04-04,335288.4,14302.4,320986.0,454337.5,87039.0,30100.75,1020679.8,3111.5,1363349.7,571477.25,1930556.9500000002
2022-04-05,322937.5,13760.0,309177.5,471508.75,88858.25,32086.25,801863.9,3093.5,1131034.9,592453.25,1720348.15
2022-04-06,315495.1,13423.6,302071.5,463657.0,87984.25,31326.25,734005.6,3381.2,1055521.9,582967.5,1635849.4
2022-04-07,325545.8,13964.8,311581.0,463999.0,85272.0,30110.25,716793.3,3509.0,1048018.1,579381.25,1625229.35
2022-04-08,321716.9,13660.4,308056.5,452656.0,78503.25,28257.75,751624.8,3110.2,1079981.9,559417.0,1635868.9000000001
2022-04-09,270426.7,11551.7,258875.0,347049.25,40417.75,16957.5,658871.9,1965.0,935854.1,404424.5,1335688.1
2022-04-10,166224.5,7223.0,159001.5,192607.75,23830.75,10065.25,373161.0,1309.5,544067.0,226503.75,767198.75
2022-04-11,277005.9,11832.4,265173.5,366719.0,42113.5,17888.5,747657.3,2744.0,1031727.2,426721.0,1454128.2000000002
2022-04-12,276763.9,11770.9,264993.0,372675.5,42659.75,18301.75,589971.1,2276.0,873696.0,433637.0,1302648.0
2022-04-13,279839.5,11778.0,268061.5,381197.0,41880.75,18316.0,641537.0,2474.0,928792.5,441393.75,1365244.25
2022-04-14,229697.6,9801.1,219896.5,295169.75,30694.5,12872.5,527337.1,2411.5,763777.2,338736.75,1098182.95
2022-04-15,161839.2,6960.7,154878.5,203665.75,20581.75,8179.5,370193.5,1295.5,537218.2,232427.0,765755.2
2022-04-16,204702.6,8784.1,195918.5,235999.0,24467.25,10773.0,419927.3,2245.0,630854.9,271239.25,898114.1499999999
2022-04-18,277403.6,11869.1,265534.5,369711.5,40645.75,18050.0,829736.7,2380.5,1113430.8,428407.25,1537928.0499999998
2022-04-19,259810.6,10948.6,248862.0,383785.75,41828.5,18420.5,636707.1,2095.0,903182.7,444034.75,1342647.45
2022-04-20,274315.0,11668.5,262646.5,386236.75,42412.75,17727.0,619632.3,2732.5,900449.8,446376.5,1343056.3
2022-04-21,268159.6,11412.6,256747.0,386925.5,41686.0,18463.25,629224.0,1807.0,902940.6,447074.75,1346265.35
2022-04-22,281548.7,12005.2,269543.5,390967.75,42631.25,18468.0,658117.6,2907.0,945800.3,452067.0,1394640.2999999998
2022-04-23,264949.5,11280.5,253669.0,340470.5,35259.25,14910.25,645976.3,2812.5,918498.3,390640.0,1304378.3
2022-04-24,172433.6,7456.6,164977.0,199713.75,23113.5,9519.0,417882.4,1455.0,594691.0,232346.25,824117.25
2022-04-25,327081.6,14123.1,312958.5,448295.5,81728.5,30452.25,1025044.8,4002.7,1361919.1,560476.25,1916605.3499999999
2022-04-26,323848.0,13853.5,309994.5,462184.5,83448.0,32266.75,765453.0,3063.0,1096685.0,577899.25,1670263.25
2022-04-27,306738.7,12998.7,293740.0,458327.5,83210.5,31421.25,711722.6,2299.0,1024139.8,572959.25,1593719.5499999998
2022-04-28,317204.1,13650.6,303553.5,457971.25,81780.75,31810.75,733803.5,3214.0,1058191.6,571562.75,1625784.35
2022-04-29,337141.6,14379.1,322762.5,465215.0,79538.75,31250.25,843930.0,3839.5,1188771.1,576004.0,1760915.1
2022-04-30,325608.4,13675.9,311932.5,409388.25,47709.0,20016.5,795831.4,3148.5,1130313.3,477113.75,1601702.05
2022-05-01,202546.8,8613.8,193933.0,233776.0,27450.25,11504.5,485382.8,2251.0,693600.6,272730.75,962911.35
2022-05-02,323374.2,13826.2,309548.0,447013.0,83899.25,33226.25,1069628.5,3270.5,1401693.2,564138.5,1960411.7
2022-05-03,321412.5,13631.5,307781.0,469993.5,86654.25,34447.0,828173.6,2490.5,1157313.6,591094.75,1743171.35
2022-05-04,305014.5,12994.0,292020.5,469328.5,86260.0,34527.75,734922.25,3074.0,1047326.75,590116.25,1633127.0
2022-05-05,310239.39999999997,13193.4,297046.0,431262.0,74755.5,30746.75,682380.4,2781.0,998970.8,536764.25,1532165.0499999998
2022-05-06,346684.4,14754.4,331930.0,470060.0,83172.5,32817.75,805470.1,3249.5,1160344.5,586050.25,1741454.25
2022-05-07,292322.4,12290.9,280031.5,356858.0,44768.75,19175.75,658300.6,3088.5,958451.5,420802.5,1374514.0
2022-05-08,187267.5,8145.0,179122.5,211679.0,23868.75,10991.5,431463.4,1831.5,623894.4,246539.25,867101.65
2022-05-09,341787.3,14578.8,327208.5,461472.0,85509.5,34033.75,987171.3,3168.0,1337906.6,581015.25,1913141.85
2022-05-10,274226.6,11760.6,262466.0,412741.75,63887.5,25773.5,679544.1,2589.5,960824.2,502402.75,1458762.95
2022-05-11,306889.6,13206.6,293683.0,449084.0,83723.5,34399.5,738734.9,2788.0,1052314.5,567207.0,1615619.5
2022-05-12,325851.8,13995.3,311856.5,450214.5,84326.75,34318.75,701981.5,2434.0,1033559.3,568860.0,1599127.3
2022-05-13,330886.3,14108.8,316777.5,457876.25,75168.75,31449.75,818089.0,2978.5,1157143.8,564494.75,1716448.55
2022-05-14,283991.1,12177.1,271814.0,352416.75,42773.75,18895.5,713214.9,2844.0,1004995.0,414086.0,1414136.0
2022-05-15,207718.6,9007.1,198711.5,224879.25,24899.5,11561.5,425019.5,2285.2,638523.3,261340.25,896363.5499999999
2022-05-16,288577.8,12327.3,276250.5,400434.5,52159.75,21607.75,922255.1,3048.5,1219901.4,474202.0,1688083.4
2022-05-17,317440.2,13620.7,303819.5,468468.75,87476.0,36451.5,862262.0,3786.5,1188128.7,592396.25,1775884.95
2022-05-18,332747.1,14250.1,318497.0,473385.0,87124.5,36413.5,751269.5,3775.2,1092871.8,596923.0,1684714.8
2022-05-19,308576.3,13268.8,295307.5,461510.0,84269.75,35093.0,706262.9,2994.5,1021863.7,580872.75,1598706.4500000002
2022-05-20,324041.2,13942.2,310099.0,452432.75,68761.0,29469.0,779216.6,2321.0,1110620.8,550662.75,1656241.5499999998
2022-05-21,333358.0,14072.5,319285.5,406961.0,44065.75,20790.75,710797.3,3001.5,1054886.8,471817.5,1518974.3
2022-05-22,178292.3,7805.3,170487.0,204577.75,24082.5,10887.0,415239.1,1580.5,599151.9,239547.25,834659.1499999999
2022-05-23,306672.5,13274.5,293398.0,443388.75,81818.75,33520.75,988353.1,3599.0,1303157.6,558728.25,1857352.85
2022-05-24,300559.6,12956.6,287603.0,450034.0,78864.25,33459.0,775850.0,3365.0,1083488.6,562357.25,1642131.85
2022-05-25,310988.6,13486.6,297502.0,455102.25,79405.75,32727.5,716629.7,2294.0,1034132.3,567235.5,1597147.7999999998
2022-05-26,298306.4,12945.4,285361.0,430511.5,59384.5,25768.75,654121.1,2993.5,959681.0,515664.75,1471085.75
2022-05-27,309284.1,13216.6,296067.5,423472.0,66547.5,29174.5,678623.8,2496.0,994493.9,519194.0,1509597.9
2022-05-28,277657.4,11904.4,265753.0,346170.5,38783.75,18710.25,645711.2,2265.5,930074.1,403664.5,1329298.6
2022-05-29,168868.2,7320.7,161547.5,188769.75,22581.5,11352.5,362655.3,1646.5,536551.0,222703.75,755873.75
2022-05-30,305444.9,13063.4,292381.5,423391.25,65041.75,27706.75,950032.9,2471.5,1262989.3,516139.75,1774089.05
2022-05-31,292196.1,12430.6,279765.5,429742.0,62291.5,27222.25,810221.4,2138.5,1109939.0,519255.75,1623811.75
2022-06-01,287551.8,12384.3,275167.5,433936.25,65265.0,27892.0,788575.6,2802.0,1083730.4,527093.25,1606022.65
2022-06-02,277777.6,11977.1,265800.5,425001.5,61702.5,26676.0,701484.9,2903.5,985936.0,513380.0,1495546.0
2022-06-03,270063.2,11644.2,258419.0,389865.75,55774.5,24643.0,662797.0,3328.0,939920.2,470283.25,1406471.45
2022-06-04,274773.5,11623.5,263150.0,354886.75,39529.5,18335.0,645125.4,2382.0,926411.9,412751.25,1335032.15
2022-06-05,176448.9,7728.9,168720.0,202739.5,23541.0,11452.25,420933.9,1579.5,601765.3,237732.75,836695.05
2022-06-06,272861.2,11753.7,261107.5,393965.0,53299.75,22652.75,830266.1,2742.7,1110480.0,469917.5,1575787.4999999998
2022-06-07,278542.9,11934.9,266608.0,417976.25,58676.75,25341.25,739822.4,2431.0,1024446.3,501994.25,1522790.55
2022-06-08,276337.4,11876.4,264461.0,410841.75,55750.75,23360.5,665732.7,2371.5,948641.6,489953.0,1434394.6
2022-06-09,271522.4,11659.4,259863.0,391951.0,52606.25,22543.5,574615.6,2593.5,852201.5,467100.75,1315832.25
2022-06-10,299664.7,12840.7,286824.0,417563.0,55237.75,23925.75,696558.5,3264.5,1003784.7,496726.5,1496214.2
2022-06-11,274413.9,11729.4,262684.5,345994.75,37168.75,16487.25,633215.4,2488.5,914757.8,399650.75,1309768.55
2022-06-12,172362.6,7547.1,164815.5,194322.5,22890.25,10958.25,393505.2,1825.0,570852.8,228171.0,795863.8
2022-06-13,273272.8,11718.8,261554.0,369977.5,51741.75,22277.5,784969.9,2483.0,1064835.7,443996.75,1504722.4500000002
2022-06-14,275887.8,11692.8,264195.0,402600.5,54924.25,23612.25,709065.0,2078.5,991021.3,481137.0,1468168.3
2022-06-15,281795.6,11976.6,269819.0,413435.25,55009.75,22367.75,734978.7,2135.0,1023129.3,490812.75,1509722.0499999998
2022-06-16,278812.0,11881.0,266931.0,415264.0,54121.5,22572.0,740530.2,2424.0,1026616.7,491957.5,1513723.7
2022-06-17,310675.4,13325.4,297350.0,434696.25,56558.25,23963.75,743361.7,3040.0,1060707.1,515218.25,1572295.35
2022-06-18,278492.7,11837.2,266655.5,354293.0,38660.25,17389.75,661692.2,3092.0,946706.9,410343.0,1353619.9
2022-06-19,167315.5,7364.0,159951.5,201675.5,21797.75,9770.75,390199.5,2093.0,561588.0,233244.0,792852.0
2022-06-20,285301.7,12300.2,273001.5,401617.25,53404.25,21864.25,872440.0,2867.0,1164778.7,476885.75,1637494.45
2022-06-21,282214.7,12006.2,270208.5,423296.25,56582.0,23460.25,741757.1,2862.5,1031671.3,503338.5,1530172.7999999998
2022-06-22,263549.9,11362.9,252187.0,415406.5,54767.5,21603.0,649147.2,1955.0,918612.1,491777.0,1406429.1
2022-06-23,267190.7,11555.2,255635.5,411221.75,55280.5,21389.25,642913.6,2319.5,916393.8,487891.5,1400315.2999999998
2022-06-24,287826.7,12326.7,275500.0,418251.75,54378.0,22496.0,705992.4,2444.0,999884.1,495125.75,1491388.85
2022-06-25,268139.2,11506.2,256633.0,342470.25,38622.25,16777.0,632013.5,2692.5,907270.2,397869.5,1300714.7
2022-06-26,171665.6,7496.1,164169.5,194655.0,24158.5,10621.0,378210.3,1345.5,554161.4,229434.5,780655.8999999999
2022-06-27,292521.7,12509.2,280012.5,406695.0,53888.75,22244.25,869602.0,3356.5,1170020.2,482828.0,1648308.2
2022-06-28,247666.8,10717.8,236949.0,394653.75,52596.75,21612.5,657570.1,2010.0,911726.9,468863.0,1376109.9
2022-06-29,266525.6,11441.1,255084.5,406975.25,54463.5,21379.75,667752.7,2313.0,940909.3,482818.5,1419409.7999999998
2022-06-30,271457.6,11661.1,259796.5,410723.0,55475.25,22173.0,712941.9,1627.5,990297.0,488371.25,1474398.25
2022-07-01,296755.2,12676.7,284078.5,426331.5,58871.5,24025.5,805362.3,2580.5,1109808.0,509228.5,1613926.5
2022-07-02,268864.6,11443.1,257421.5,348460.0,40242.0,17503.75,680703.4,3192.5,957540.5,406205.75,1358966.25
2022-07-04,253879.5,10907.5,242972.0,353067.5,49723.0,19479.75,782717.0,2369.5,1043706.0,422270.25,1461236.25
2022-07-05,281010.3,12036.8,268973.5,405963.5,55432.5,22434.25,708019.2,2684.5,995654.0,483830.25,1475544.25
2022-07-06,278464.6,11837.6,266627.0,415316.25,56007.25,22320.25,655783.1,2132.5,940670.2,493643.75,1430023.95
2022-07-07,273683.0,11815.5,261867.5,412024.5,55470.5,22092.25,663433.7,2608.5,943684.2,489587.25,1429312.45
2022-07-08,284351.9,12271.9,272080.0,414428.0,54886.25,22595.75,693032.1,2885.0,984529.0,491910.0,1472179.0
2022-07-09,286113.3,12351.8,273761.5,362467.75,40712.25,17636.75,646357.1,2781.0,939812.4,420816.75,1356068.15
2022-07-10,179283.5,7789.5,171494.0,203081.5,23754.75,10530.75,397370.3,1756.5,581540.3,237367.0,815777.3
2022-07-11,289526.3,12287.8,277238.5,402044.75,54610.75,21873.75,856224.1,2395.5,1152915.9,478529.25,1626675.15
2022-07-12,273161.3,11569.3,261592.0,395285.5,53679.75,21821.5,639115.0,2262.5,918128.8,470786.75,1385325.55
2022-07-13,280133.8,12024.8,268109.0,409920.25,53765.25,21726.5,636918.3,1822.5,923304.6,485412.0,1404286.6
2022-07-14,281801.7,12068.2,269733.5,407626.0,54591.75,21389.25,641610.7,2321.0,929963.4,483607.0,1409340.4
2022-07-15,287697.1,12396.6,275300.5,414285.5,54382.75,21517.5,770824.2,2575.5,1066086.8,490185.75,1551282.5499999998
2022-07-16,283553.3,12223.8,271329.5,361384.75,40351.25,16962.25,679293.5,3259.5,971206.3,418698.25,1384804.55
2022-07-17,161486.9,7083.4,154403.5,204554.0,22971.0,9960.75,421849.2,1976.0,588822.1,237485.75,822797.8500000001
2022-07-18,284142.0,12119.0,272023.0,400790.75,53057.5,20572.25,907124.5,2745.0,1199321.5,474420.5,1668432.0
2022-07-19,276297.1,11712.6,264584.5,414081.25,52739.25,21669.5,697886.9,2283.5,981007.5,488490.0,1464957.5
2022-07-20,281323.4,12102.9,269220.5,415425.5,49746.75,19342.0,639233.2,2086.7,927133.3,484514.25,1407157.55
2022-07-21,271242.6,11569.6,259673.0,410675.5,50369.0,20049.75,648132.0,2574.5,926334.1,481094.25,1403043.35
2022-07-22,286229.4,12277.9,273951.5,397480.0,48440.5,19726.75,665260.7,2613.0,958643.1,465647.25,1419750.35
2022-07-23,277453.5,11729.0,265724.5,353865.5,38171.0,15841.25,637330.1,2990.5,921954.1,407877.75,1325651.85
2022-07-24,172370.6,7498.1,164872.5,206425.5,23536.25,9989.25,402473.7,2046.5,580560.8,239951.0,816841.8
2022-07-25,280312.3,12003.8,268308.5,396107.25,47082.0,19536.75,877924.6,3384.2,1166551.1,462726.0,1624347.0999999999
2022-07-26,293654.0,12511.0,281143.0,417292.25,49214.75,19726.75,708381.1,2193.5,1009138.6,486233.75,1490462.35
2022-07-27,247058.6,10575.1,236483.5,355195.5,42564.75,17199.75,594562.4,2455.0,847886.0,414960.0,1259036.0
2022-07-28,276217.0,11689.5,264527.5,392036.5,47139.0,18933.5,631277.4,2396.5,913700.9,458109.0,1367999.9
2022-07-29,277489.3,11755.3,265734.0,398800.5,46949.0,18615.25,720980.1,2416.5,1004906.9,464364.75,1465250.65
2022-07-30,267881.1,11343.1,256538.0,355860.5,38522.5,15190.5,733038.3,3085.5,1010225.9,409573.5,1413578.4
2022-07-31,179511.2,7779.7,171731.5,215436.25,24714.25,10060.5,453060.5,1838.0,638222.2,250211.0,884620.7
2022-08-01,286269.4,12317.9,273951.5,410756.25,50616.0,20529.5,933686.8,2770.5,1228103.7,481901.75,1704628.4500000002
2022-08-02,280295.7,11977.7,268318.0,419786.0,50810.75,20420.25,719674.7,2678.0,1007788.4,491017.0,1493665.4
2022-08-03,252243.7,10915.2,241328.5,396544.25,44654.75,16439.75,610921.9,2387.5,870183.1,457638.75,1323191.85
2022-08-04,294544.5,12508.5,282036.0,423405.5,51513.75,19289.75,654199.6,3238.5,957452.6,494209.0,1446191.6
2022-08-05,306911.5,13057.5,293854.0,426806.5,51091.0,20306.25,717544.5,3003.4,1032409.4,498203.75,1525663.15
2022-08-06,278096.5,11792.5,266304.0,346598.0,37824.25,15257.0,645787.3,2632.0,931346.8,399679.25,1326195.05
2022-08-07,182907.6,7917.6,174990.0,205836.5,22899.75,9856.25,398674.8,2208.7,586983.1,238592.5,822383.5999999999
2022-08-08,296586.2,12365.2,284221.0,400653.0,50991.25,19356.25,817404.9,3708.5,1122444.1,471000.5,1588700.1
2022-08-09,290393.0,12375.5,278017.5,423728.5,53755.75,20016.5,735909.7,2852.0,1033879.7,497500.75,1526655.45
2022-08-10,288584.6,12182.1,276402.5,424564.5,53713.0,19579.5,687909.1,2160.7,983514.4,497857.0,1476511.4
2022-08-11,321759.0,13835.5,307923.5,464953.75,77904.75,27179.5,768663.0,2975.5,1099687.5,570038.0,1663435.5
2022-08-12,332673.1,14309.1,318364.0,471789.0,76389.5,26946.75,807659.6,3414.0,1150024.7,575125.25,1718871.95
2022-08-13,300145.9,12808.9,287337.0,388274.5,46877.75,17157.0,728121.7,2576.0,1037823.6,452309.25,1483152.85
2022-08-14,204840.9,8817.9,196023.0,265164.0,27782.75,11300.25,502372.7,2415.1,715478.7,304247.0,1013875.7000000001
2022-08-15,344513.6,14797.1,329716.5,472710.5,80773.75,28020.25,1001385.9,3253.5,1356353.0,581504.5,1930657.5
2022-08-16,340481.8,14498.8,325983.0,489620.5,82645.25,28984.5,874871.6,3213.7,1225767.1,601250.25,1819817.3499999999
2022-08-17,321303.6,13874.1,307429.5,489672.75,81624.0,26419.5,771654.7,2792.5,1101940.8,597716.25,1693467.0499999998
2022-08-18,331235.3,14030.3,317205.0,504098.5,81937.5,27303.0,805837.6,3004.0,1145566.9,613339.0,1753415.9
2022-08-19,360842.9,15280.4,345562.5,498151.5,79857.0,26828.0,831971.6,3585.2,1201359.7,604836.5,1801236.2
2022-08-20,307814.9,13039.4,294775.5,402163.5,47647.25,17142.75,729899.1,2808.0,1047032.0,466953.5,1507475.5
2022-08-21,187725.8,8099.8,179626.0,222884.25,25844.75,9200.75,442780.1,1751.0,637536.9,257929.75,890186.6499999999
2022-08-22,348504.2,14816.7,333687.5,477066.25,82897.0,26927.75,992747.8,3197.0,1351679.0,586891.0,1931340.0
2022-08-23,341028.1,14598.6,326429.5,504882.25,85010.75,27901.5,832655.4,3239.0,1182582.5,617794.5,1794717.0
2022-08-24,326210.6,13755.6,312455.0,492855.25,81353.25,25251.0,742881.2,3101.0,1077303.8,599459.5,1671652.2999999998
2022-08-25,329626.4,13988.9,315637.5,497415.25,82407.75,26519.25,741377.0,2963.5,1079416.9,606342.25,1680309.15
2022-08-26,347732.9,14890.9,332842.0,497277.5,79120.75,26234.25,811220.1,3181.0,1167534.0,602632.5,1764766.5
2022-08-27,299494.8,12613.8,286881.0,396107.25,47262.5,16843.5,744465.9,2825.5,1052986.2,460213.25,1506999.4500000002
2022-08-28,185843.3,8022.3,177821.0,226038.25,24923.25,9324.25,466361.6,2650.0,658804.9,260285.75,915140.6499999999
2022-08-29,329651.7,14232.7,315419.0,487245.5,83666.5,27089.25,1045550.8,3430.5,1385073.0,598001.25,1976634.25
2022-08-30,274644.5,11836.5,262808.0,441550.5,70941.25,23944.75,793051.4,2749.0,1075424.9,536436.5,1606881.4
2022-08-31,322746.1,13853.6,308892.5,502844.5,90843.75,20548.5,861555.4,3292.0,1193514.5,614236.75,1801830.25
2022-09-01,339606.7,14478.7,325128.0,501899.25,92658.25,23436.5,863280.8,3105.2,1211552.7,617994.0,1823986.7
2022-09-02,336719.4,14412.9,322306.5,517099.25,89604.0,24187.0,886996.0,4144.0,1234449.4,630890.25,1858749.65
2022-09-03,307464.5,13021.5,294443.0,414114.5,50972.25,15646.5,772675.2,2802.0,1090421.7,480733.25,1563674.95
2022-09-04,182903.6,7942.1,174961.5,221858.25,25597.75,8830.25,472238.1,1611.5,660913.2,256286.25,913039.45
2022-09-05,345594.7,14823.7,330771.0,504226.75,89893.75,26652.25,1105371.6,3560.5,1461819.8,620772.75,2075299.55
2022-09-06,333891.3,14368.3,319523.0,518681.0,91656.0,28219.75,873752.5,3302.0,1217035.8,638556.75,1849502.55
2022-09-07,324166.5,13934.5,310232.0,510221.25,89000.75,27326.75,767013.1,3424.0,1099563.6,626548.75,1721152.35
2022-09-08,324571.0,13949.5,310621.5,507836.75,88435.5,28675.75,779690.4,3226.0,1113098.4,624948.0,1732435.4
2022-09-09,337369.5,14265.0,323104.5,503566.5,82792.5,28006.0,815607.2,2984.5,1161621.2,614365.0,1770326.2
2022-09-10,275025.0,11609.0,263416.0,386840.0,47799.25,17622.5,726319.1,3746.0,1011030.1,452261.75,1457351.85
2022-09-11,191230.5,8298.5,182932.0,226546.5,25792.5,10179.25,463518.6,1810.0,661460.1,262518.25,919077.35
2022-09-12,324931.0,13825.0,311106.0,479745.25,81704.75,29155.5,1047256.0,3683.5,1382490.5,590605.5,1966476.0
2022-09-13,315665.2,13593.7,302071.5,511651.0,88625.5,33145.5,838616.2,3298.5,1163450.9,633422.0,1791001.9
2022-09-14,340287.7,14447.2,325840.5,516196.75,87214.75,32537.5,790806.9,2684.0,1138689.6,635949.0,1769727.6
2022-09-15,335833.6,14458.1,321375.5,503490.5,78954.5,31478.25,809385.3,2626.4,1152925.3,613923.25,1761768.5499999998
2022-09-16,177631.5,7705.0,169926.5,232170.5,23702.5,9975.0,449159.7,1277.5,632138.7,265848.0,893916.7
2022-09-17,252087.4,10806.4,241281.0,316331.0,36570.25,14682.25,596525.7,2285.0,855258.1,367583.5,1218481.6
2022-09-18,165150.5,7127.5,158023.0,197538.25,21736.0,9343.25,414017.7,1614.0,582882.2,228617.5,809399.7
2022-09-19,315419.0,13632.5,301786.5,461415.0,74508.5,29616.25,983126.0,2980.5,1305785.5,565539.75,1867065.25
2022-09-20,316857.3,13607.8,303249.5,507062.5,85533.25,33848.5,854873.7,3243.0,1180544.0,626444.25,1801418.25
2022-09-21,318837.4,13640.4,305197.0,507570.75,84393.25,33634.75,791553.2,2916.0,1118364.1,625598.75,1738905.35
2022-09-22,311307.0,13406.0,297901.0,482058.5,75121.25,31240.75,737366.8,1770.5,1054854.3,588420.5,1638864.8
2022-09-23,326157.9,13968.9,312189.0,500213.0,79871.25,31972.25,810436.1,2706.0,1143821.0,612056.5,1751356.5
2022-09-24,295446.1,12735.6,282710.5,391233.75,47452.5,20439.25,722981.9,3636.7,1027784.7,459125.5,1481190.2
2022-09-25,177815.1,7774.6,170040.5,217464.5,24505.25,10925.0,441357.0,2060.0,624802.1,252894.75,874126.85
2022-09-26,325559.1,14101.6,311457.5,472017.0,79876.0,33710.75,1015468.5,3876.0,1351815.6,585603.75,1930507.35
2022-09-27,328388.3,14137.8,314250.5,508359.25,85937.0,36617.75,837081.5,3248.5,1173918.3,630914.0,1799632.3
2022-09-28,319760.0,13774.5,305985.5,500374.5,84155.75,35701.0,758755.4,2899.5,1086414.9,620231.25,1701646.15
2022-09-29,316985.3,13612.3,303373.0,502664.0,84402.75,35335.25,795990.4,2777.5,1120763.2,622402.0,1738155.2000000002
2022-09-30,340618.3,14720.8,325897.5,507238.25,81548.0,34537.25,897054.3,2955.5,1246543.1,623323.5,1863951.6
2022-10-01,320066.2,13900.2,306166.0,418593.75,49575.75,22059.0,808074.8,3558.5,1137111.5,490228.5,1621928.0
2022-10-02,176481.4,7618.9,168862.5,215213.0,23949.5,11438.0,471832.4,1884.5,653808.3,250600.5,900798.8
2022-10-03,345036.1,14816.1,330220.0,493211.5,84611.75,36741.25,1122439.35,3587.5,1478135.45,614564.5,2085627.4500000002
2022-10-04,318751.0,13763.0,304988.0,515930.75,87613.75,37795.75,861131.5,2915.0,1189339.5,641340.25,1824137.75
2022-10-05,319471.8,13837.8,305634.0,501695.0,83780.5,35948.0,729658.0,2530.0,1056639.8,621423.5,1673083.3
2022-10-06,320214.9,13773.4,306441.5,499258.25,82683.25,36598.75,741849.5,2602.5,1068706.9,618540.25,1683207.15
2022-10-07,325140.8,14034.8,311106.0,505917.75,80127.75,34869.75,814589.1,3093.5,1147916.4,620915.25,1763738.65
2022-10-08,278765.9,11996.4,266769.5,392335.75,46474.0,20634.0,733540.4,3360.5,1020849.8,459443.75,1475110.55
2022-10-09,181424.0,7982.5,173441.5,221202.75,24229.75,10996.25,452933.1,1643.5,640020.6,256428.75,892429.35
2022-10-10,340442.7,14735.2,325707.5,495501.0,84208.0,37387.25,1082110.4,3343.0,1431936.1,617096.25,2042992.3499999999
2022-10-11,337969.8,14551.8,323418.0,519279.5,85870.5,38565.25,811079.6,2637.5,1157841.9,643715.25,1795402.15
2022-10-12,250448.7,10735.2,239713.5,378152.25,39097.25,16553.75,589707.5,1869.5,846075.7,433803.25,1275828.95
2022-10-13,330901.6,14276.1,316625.5,509162.0,84559.5,37401.5,806234.2,3223.5,1145239.3,631123.0,1771482.2999999998
2022-10-14,341350.9,14721.9,326629.0,507475.75,81301.0,36275.75,868234.35,2719.5,1217735.75,625052.5,1837357.25
2022-10-15,314499.0,13501.0,300998.0,410219.5,47338.5,21403.5,813413.65,2460.5,1134383.15,478961.5,1609334.65
2022-10-16,189786.6,8241.6,181545.0,234521.75,25160.75,11884.5,486532.9,1888.2,680483.7,271567.0,949774.7
2022-10-17,312592.4,13608.4,298984.0,465742.25,81153.75,35330.5,1041893.6,3037.0,1360143.0,582226.5,1939749.5
2022-10-18,324342.2,13948.7,310393.5,504768.25,88031.75,38190.0,831672.4,3079.0,1162093.6,630990.0,1790083.6
2022-10-19,326886.5,14203.5,312683.0,512221.0,86483.25,37263.75,799454.4,2966.5,1131567.4,635968.0,1765275.4
2022-10-20,321729.0,13948.0,307781.0,506991.25,86312.25,37164.0,785112.6,2833.9,1111275.5,630467.5,1740143.0
2022-10-21,338613.8,14673.3,323940.5,511356.5,82607.25,35083.5,828279.25,2562.0,1170585.05,629047.25,1798502.3
2022-10-22,294288.5,12727.5,281561.0,396482.5,44051.5,20249.25,719842.45,3105.5,1018386.45,460783.25,1478019.7
2022-10-23,191161.4,8267.4,182894.0,229068.75,25365.0,11528.25,453235.4,1541.5,647178.3,265962.0,911900.3
2022-10-24,339766.5,14695.5,325071.0,488623.0,86754.0,36370.75,1044803.0,3397.0,1389176.5,611747.75,1999714.25
2022-10-25,327192.6,14129.6,313063.0,510473.0,88326.25,36845.75,791301.7,2571.0,1121495.3,635645.0,1756710.2999999998
2022-10-26,326932.0,14135.0,312797.0,507423.5,89418.75,35786.5,777324.45,3437.0,1108283.45,632628.75,1740322.2
2022-10-27,330600.6,14298.1,316302.5,507452.0,85761.25,34660.75,753484.8,2656.0,1089521.4,627874.0,1714615.4
2022-10-28,356344.1,15427.1,340917.0,525853.5,82198.75,34385.25,876937.4,3778.5,1242081.0,642437.5,1879497.5
2022-10-29,310661.6,13539.6,297122.0,417610.5,47998.75,20724.25,784507.2,2650.0,1104590.8,486333.5,1584152.2999999998
2022-10-30,212441.6,9293.6,203148.0,260380.75,26951.5,12468.75,503132.8,2268.5,721003.9,299801.0,1017643.8999999999
2022-10-31,319152.9,14012.9,305140.0,477736.0,78992.5,32974.5,1009448.0,3504.0,1336515.9,589703.0,1921807.9
2022-11-01,324866.0,14149.5,310716.5,509485.0,87870.25,36893.25,899433.5,3150.0,1232319.5,634248.5,1861698.0
2022-11-02,260387.3,11192.8,249194.5,400757.5,44094.25,18349.25,665681.8,1993.0,931502.1,463201.0,1391263.1
2022-11-03,325730.7,14140.2,311590.5,502806.5,89342.75,35710.5,799221.5,1980.0,1130922.2,627859.75,1754791.95
2022-11-04,349407.2,15178.2,334229.0,510952.75,85823.0,33886.5,838984.5,3051.0,1193852.7,630662.25,1822104.95
2022-11-05,305671.8,13024.3,292647.5,387799.5,47376.5,19223.25,711036.1,2637.0,1021034.9,454399.25,1473744.15
2022-11-06,179854.3,7780.8,172073.5,228802.75,24904.25,11447.5,455879.2,1583.5,638547.0,265154.5,902471.5
2022-11-07,332022.6,14532.6,317490.0,497049.5,86953.5,34741.5,1073480.4,3219.0,1412882.0,618744.5,2027466.5
2022-11-08,318375.8,13862.8,304513.0,500806.75,86758.75,33953.0,812258.2,2969.5,1139133.5,621518.5,1755122.0
2022-11-09,307573.3,13329.8,294243.5,502284.0,85694.75,32623.0,777786.3,2383.5,1092673.1,620601.75,1708344.85
2022-11-10,320731.5,13872.0,306859.5,502265.0,87381.0,32038.75,760058.1,2677.0,1088376.6,621684.75,1705151.35
2022-11-11,314873.8,13590.8,301283.0,488162.25,72703.5,27483.5,801040.4,2959.5,1122343.7,588349.25,1707222.9500000002
2022-11-12,324386.1,13983.1,310403.0,429974.75,43904.25,17461.0,747386.9,3113.0,1081086.0,491340.0,1566226.0
2022-11-13,190596.8,8225.3,182371.5,234146.5,25194.0,10806.25,467035.8,1500.0,662422.6,270146.75,929279.35
2022-11-14,331643.2,14172.2,317471.0,486309.75,87609.0,31326.25,1054524.2,3335.0,1393672.4,605245.0,1994747.4
2022-11-15,328591.1,14283.6,314307.5,513147.25,91333.0,31796.5,923960.5,2940.0,1260541.6,636276.75,1891768.35
2022-11-16,317793.1,13897.6,303895.5,506948.5,90079.0,31046.0,838280.5,2636.5,1163280.1,628073.5,1786783.6
2022-11-17,320181.6,13825.6,306356.0,507547.0,88706.25,30100.75,783946.8,2972.2,1111860.6,626354.0,1733454.5999999999
2022-11-18,337345.6,14355.1,322990.5,509584.75,83984.75,28770.75,824917.8,3179.5,1170183.9,622340.25,1787783.15
2022-11-19,300270.2,12828.7,287441.5,394226.25,45704.5,16876.75,714177.5,3048.5,1021026.2,456807.5,1474303.7
2022-11-20,192580.2,8384.7,184195.5,238231.5,25602.5,9386.0,433565.2,2158.5,630333.9,273220.0,901523.9
2022-11-21,212862.6,9011.6,203851.0,254129.75,27645.0,10844.25,473798.3,1496.5,689027.4,292619.0,980776.3999999999
2022-11-22,334019.3,14543.8,319475.5,483740.0,87347.75,28196.0,968011.6,3094.0,1307974.9,599283.75,1904408.65
2022-11-23,292896.0,12323.0,280573.0,444343.5,68879.75,21707.5,710764.7,2406.5,1009847.2,534930.75,1540997.95
2022-11-24,326325.7,14279.2,312046.5,498887.75,89675.25,27801.75,760830.7,2786.5,1093672.9,616364.75,1706307.65
2022-11-25,365039.6,15876.6,349163.0,519004.0,85979.75,26880.25,803039.9,3057.0,1174596.5,631864.0,1803000.5
2022-11-26,320619.5,13845.5,306774.0,405094.25,47690.0,16207.0,703211.9,2567.2,1030844.6,468991.25,1495389.8499999999
2022-11-27,199967.6,8704.1,191263.5,241048.25,26875.5,9865.75,474543.5,1920.5,678921.6,277789.5,954221.1
2022-11-28,330884.6,14439.6,316445.0,487088.75,89670.5,27189.0,1020234.2,2677.0,1358935.8,603948.25,1957744.0499999998
2022-11-29,326530.8,14151.8,312379.0,499875.75,89447.25,27255.5,837662.8,2553.0,1170366.6,616578.5,1783325.1
2022-11-30,321535.5,14011.0,307524.5,500208.25,90159.75,25369.75,876455.4,2998.0,1203018.9,615737.75,1816726.65
2022-12-01,322625.2,13913.2,308712.0,502573.75,88240.75,26557.25,860870.0,2687.0,1187362.2,617371.75,1803553.95
2022-12-02,328652.5,14212.0,314440.5,499823.5,81619.25,24386.5,843892.1,3517.5,1177382.1,605829.25,1781891.35
2022-12-03,311351.1,13250.6,298100.5,414499.25,50103.0,15936.25,758859.1,2671.7,1075521.9,480538.5,1553420.4
2022-12-04,207745.5,9015.0,198730.5,262950.5,27934.75,9794.5,505469.7,2350.0,717285.2,300679.75,1016244.95
2022-12-05,340940.8,14596.8,326344.0,478771.5,80004.25,23959.0,986268.5,2934.5,1334173.8,582734.75,1912878.55
2022-12-06,319786.3,13981.3,305805.0,485326.5,77140.0,22733.5,804267.2,2665.5,1130529.0,585200.0,1711919.0
2022-12-07,315962.7,13606.2,302356.5,473356.5,72869.75,20676.75,741650.5,2248.0,1061921.2,566903.0,1626764.2
2022-12-08,318707.5,13767.0,304940.5,468920.0,68305.0,20662.5,722291.1,3416.5,1045955.1,557887.5,1602302.6
2022-12-09,342128.2,14777.2,327351.0,474539.25,65079.75,19517.75,791252.3,2246.5,1137817.0,559136.75,1694763.75
2022-12-10,329730.0,13788.5,315941.5,427129.5,46402.75,14867.5,767575.0,2887.5,1104782.5,488399.75,1588592.25
2022-12-11,223558.3,9513.8,214044.5,278060.25,29820.5,9785.0,518046.4,2253.0,745717.7,317665.75,1061523.4500000002
2022-12-12,365365.6,15357.1,350008.5,475427.5,60572.0,19137.75,897247.1,3650.0,1267862.7,555137.25,1821399.95
2022-12-13,329961.9,13991.9,315970.0,470706.0,62514.75,19760.0,798505.0,2921.0,1135127.9,552980.75,1684368.65
2022-12-14,329366.6,14099.6,315267.0,475066.5,62942.25,19498.75,766354.8,2589.0,1101090.4,557507.5,1655817.9
2022-12-15,341145.6,14659.1,326486.5,473983.5,61507.75,19009.5,784348.4,3635.5,1131119.5,554500.75,1683630.25
2022-12-16,351740.8,15051.3,336689.5,487174.25,60629.0,19275.5,823049.3,3059.5,1181109.6,567078.75,1744928.35
2022-12-17,350903.2,14973.7,335929.5,426759.0,45334.0,14297.5,747729.5,2819.0,1104022.2,486390.5,1587842.2
2022-12-18,265318.3,11069.8,254248.5,290633.5,29853.75,9614.0,543744.8,2200.0,812658.1,330101.25,1141364.35
2022-12-19,356570.9,14741.9,341829.0,455244.75,50606.5,17190.25,907388.7,2837.0,1267986.6,523041.5,1789838.1
2022-12-20,363721.0,15194.5,348526.5,462963.5,52302.25,17062.0,746855.1,4185.0,1118195.1,532327.75,1647088.85
2022-12-21,349521.5,14675.0,334846.5,461785.5,50126.75,16159.5,722201.5,3091.7,1076674.7,528071.75,1602886.45
2022-12-22,353513.3,14838.3,338675.0,450689.5,50402.25,16188.0,693380.1,3346.0,1051429.4,517279.75,1567519.15
2022-12-23,351553.7,14778.7,336775.0,432611.0,46830.25,15418.5,664562.0,2381.0,1019746.7,494859.75,1513356.45
2022-12-24,273128.5,11679.0,261449.5,297787.0,29412.0,8863.5,485870.8,1756.5,761405.8,336062.5,1096818.3
2022-12-26,253483.3,11109.8,242373.5,326139.75,38194.75,11955.75,676040.1,2063.0,932386.4,376290.25,1307876.65
2022-12-27,284517.7,12551.7,271966.0,372846.5,41534.0,12910.5,629500.0,2356.5,917294.2,427291.0,1343665.2
2022-12-28,256459.6,11198.1,245261.5,360534.5,39781.25,12682.5,581565.9,2117.0,843502.5,412998.25,1253140.75
2022-12-29,266583.4,11707.9,254875.5,356492.25,40940.25,12411.75,562182.3,1884.0,833139.7,409844.25,1240493.9500000002
2022-12-30,256481.5,11419.5,245062.0,355599.25,40550.75,11642.25,590693.7,1882.5,852097.7,407792.25,1256849.95
2022-12-31,211400.6,9430.6,201970.0,251987.5,32437.75,408.5,461933.8,1452.0,676816.4,284833.75,959620.1499999999
2023-01-02,263500.7,11627.2,251873.5,355442.5,56890.75,0.0,820363.8,1980.5,1088617.0,412333.25,1498178.25
2023-01-03,284785.7,12563.2,272222.5,399964.25,63236.75,0.0,749691.1,2139.5,1037886.3,463201.0,1499817.2999999998
2023-01-04,282272.5,12482.0,269790.5,413012.5,65797.0,0.0,701584.2,2224.0,986740.7,478809.5,1464890.2
2023-01-05,289754.0,12753.0,277001.0,424331.75,68409.5,0.0,698537.8,2521.5,991173.3,492741.25,1483554.55
2023-01-06,290718.1,12890.6,277827.5,432093.25,69131.5,0.0,714030.9,3237.0,1008406.0,501224.75,1509210.75
2023-01-07,259237.7,11306.7,247931.0,358620.25,47409.75,0.0,659013.2,3630.0,922080.9,406030.0,1327910.9
2023-01-09,299956.2,13170.2,286786.0,429457.0,73634.5,0.0,923801.4,2284.5,1227832.1,503091.5,1729133.6
2023-01-10,283424.8,12541.8,270883.0,444376.75,74503.75,0.0,762541.9,2149.0,1051475.7,518880.5,1566996.2000000002
2023-01-11,291631.6,13015.6,278616.0,455149.75,73230.75,313.5,740236.0,2283.0,1037090.6,528694.0,1562844.6
2023-01-12,306521.7,13465.7,293056.0,455411.0,74062.0,636.5,724332.8,2791.0,1035595.5,530109.5,1563755.0
2023-01-13,312192.5,13674.0,298518.5,460531.5,73373.25,1159.0,824203.3,2169.0,1139604.8,535063.75,1673628.55
2023-01-14,285903.3,12616.8,273286.5,385529.0,51304.75,1007.0,768492.51,2797.5,1057503.31,437840.75,1495034.06
2023-01-15,174642.5,7803.5,166839.0,227710.25,32034.0,655.5,479117.7,1832.5,655892.7,260399.75,915992.45
2023-01-16,361471.0,16013.0,345458.0,518206.0,111501.5,1885.75,1179627.4,4313.0,1550924.4,631593.25,2177004.65
2023-01-17,329633.7,14585.2,315048.5,529420.75,112209.25,2740.75,879524.35,3051.0,1217539.05,644370.75,1856579.7999999998
2023-01-18,342281.1,15186.6,327094.5,526832.0,110257.0,2949.75,798621.0,2982.2,1145884.3,640038.75,1783923.05
2023-01-19,320609.7,14263.2,306346.5,514847.75,109197.75,3966.25,785066.3,3370.5,1111016.5,628011.75,1737058.25
2023-01-20,346285.4,15286.4,330999.0,519056.25,104314.75,4674.0,815940.8,3523.5,1166719.7,628045.0,1793794.7000000002
2023-01-21,278998.2,12342.7,266655.5,387818.5,56653.25,3315.5,710431.0,3462.5,993401.7,447787.25,1440678.95
2023-01-22,177828.1,7901.6,169926.5,221867.75,30946.25,2009.25,441877.5,2561.5,622817.1,254823.25,877090.35
2023-01-23,333386.7,14880.2,318506.5,511275.75,107948.5,5348.5,1079839.7,3157.0,1416603.4,624572.75,2040956.15
2023-01-24,323357.5,14351.0,309006.5,515308.5,109468.5,6008.75,832066.5,2755.0,1162160.0,630785.75,1788964.75
2023-01-25,321246.0,14196.5,307049.5,520082.25,109440.0,6450.5,798022.2,3199.7,1127073.9,635972.75,1758440.65
2023-01-26,322035.2,14254.2,307781.0,524086.5,108243.0,6958.75,781074.9,3275.9,1108406.0,639288.25,1745674.25
2023-01-27,343019.6,15117.6,327902.0,517199.0,102286.5,7723.5,806878.9,3254.0,1154617.5,627209.0,1780361.5
2023-01-28,285417.0,12558.0,272859.0,378218.75,55774.5,5524.25,671582.7,3173.5,960903.2,439517.5,1399690.7
2023-01-29,172243.5,7713.0,164530.5,219901.25,30395.25,3695.5,439420.9,2038.0,614572.4,253992.0,867694.4
2023-01-30,350681.2,15597.2,335084.0,509014.75,107188.5,8711.5,1112552.2,3216.0,1469299.4,624914.75,2091364.15
2023-01-31,336748.1,14802.6,321945.5,527478.0,108556.5,9276.75,910177.2,2619.5,1254544.8,645311.25,1894856.0499999998
2023-02-01,343360.6,15287.6,328073.0,537006.5,110993.25,10184.0,868639.6,3170.5,1220220.7,658183.75,1873354.45
2023-02-02,325436.3,14510.8,310925.5,520500.25,108053.0,10060.5,825902.4,1919.0,1155617.7,638613.75,1791871.4500000002
2023-02-03,331750.6,14773.6,316977.0,522742.25,102015.75,10820.5,820736.3,4308.5,1158365.4,635578.5,1792373.9
2023-02-04,279412.2,12376.7,267035.5,384170.5,55047.75,7400.5,676285.9,2640.0,959280.1,446618.75,1404956.85
2023-02-06,195146.5,8452.5,186694.0,241243.0,32447.25,5567.0,473751.3,1332.0,670349.8,279257.25,949487.05
2023-02-07,337997.1,14949.6,323047.5,512952.5,109188.25,11461.75,1043012.9,3243.0,1386993.0,633602.5,2017855.5
2023-02-08,323958.3,14334.3,309624.0,519018.25,107891.5,11290.75,812568.3,2495.0,1142092.6,638200.5,1777222.1
2023-02-09,324046.8,14422.8,309624.0,523777.75,107392.75,11343.0,770753.1,2477.5,1099624.4,642513.5,1739790.9
2023-02-10,327692.1,14629.1,313063.0,518671.5,100619.25,12126.75,801708.9,2135.0,1132966.0,631417.5,1762953.5
2023-02-11,281339.0,12403.5,268935.5,384089.75,55081.0,8725.75,673049.1,2695.0,958583.1,447896.5,1404979.6
2023-02-13,348667.0,15530.5,333136.5,513061.75,106271.75,13224.0,1028907.8,3684.5,1382569.3,632557.5,2013816.8
2023-02-14,335975.7,15008.7,320967.0,531620.0,110299.75,14539.75,804292.4,3078.0,1144296.1,656459.5,1799805.6
2023-02-15,322802.3,14270.8,308531.5,518158.5,106290.75,13181.25,894955.3,2428.0,1222795.6,637630.5,1857816.1
2023-02-16,333112.1,14862.1,318250.0,521284.0,105768.25,14368.75,832877.2,3042.7,1172482.0,641421.0,1810452.9999999998
2023-02-17,341203.6,15135.1,326068.5,534864.25,102747.25,14596.75,863078.9,3704.0,1211016.5,652208.25,1860194.75
2023-02-18,313084.5,13758.5,299326.0,431167.0,57161.5,10915.5,732601.1,3430.5,1050136.1,499244.0,1548360.1
2023-02-19,200000.6,8851.1,191149.5,244715.25,30257.5,7543.0,454571.0,1558.5,656130.1,282515.75,938645.85
2023-02-20,330800.0,14697.0,316103.0,503310.0,101502.75,15347.25,1069757.2,3970.0,1404527.2,620160.0,2024687.2
2023-02-21,300398.0,13308.0,287090.0,493548.75,95812.25,16416.0,809820.8,2926.5,1114585.3,605777.0,1718922.3
2023-02-22,302907.0,13366.0,289541.0,485939.25,83087.0,16292.5,720596.6,2462.5,1030606.1,585318.75,1611284.85
2023-02-23,317012.8,13991.3,303021.5,516291.75,99360.5,19332.5,755125.5,2936.0,1078714.3,634984.75,1710059.05
2023-02-24,312574.5,13818.5,298756.0,490874.5,78375.0,18491.75,785718.0,3145.0,1104197.5,587741.25,1689178.75
2023-02-25,289825.5,12720.0,277105.5,388502.5,43030.25,12635.0,675873.5,2280.0,969859.0,444167.75,1412146.75
2023-02-26,180631.5,8045.0,172586.5,221763.25,27098.75,8535.75,431009.1,1578.0,613838.6,257397.75,870616.35
2023-02-27,330996.6,14646.6,316350.0,501433.75,95940.5,23441.25,1022774.0,3550.5,1359241.1,620815.5,1978136.6
2023-02-28,329664.6,14568.6,315096.0,512477.5,96472.5,25474.25,906148.2,3454.5,1244287.3,634424.25,1873691.5499999998
2023-03-01,329583.1,14639.1,314944.0,522751.75,96757.5,28390.75,884531.1,2811.0,1220555.2,647900.0,1864825.2
2023-03-02,315854.9,14030.4,301824.5,515987.75,92910.0,29511.75,787067.5,3165.0,1108169.4,638409.5,1744496.9
2023-03-03,384133.6,16844.6,367289.0,532422.75,89395.0,31217.0,835243.0,2377.0,1222803.6,653034.75,1874788.35
2023-03-04,311149.0,13827.5,297321.5,403075.5,49917.75,17988.25,712293.4,2934.0,1026886.4,470981.5,1497357.9
2023-03-05,224539.0,9639.5,214899.5,239661.25,27721.0,10369.25,467553.2,1961.2,694473.4,277751.5,971804.8999999999
2023-03-06,341897.0,15173.0,326724.0,506578.0,88882.0,34333.0,1047426.7,3469.0,1396792.7,629793.0,2022585.7
2023-03-07,328476.2,14463.2,314013.0,516006.75,91133.5,36684.25,815087.6,2530.5,1150064.3,643824.5,1789918.7999999998
2023-03-08,309562.6,13694.6,295868.0,495263.5,79956.75,33886.5,717854.7,2901.5,1032349.8,609106.75,1639425.5499999998
2023-03-09,283856.5,12603.0,271253.5,467647.0,66770.75,28984.5,694137.9,2771.5,982365.9,563402.25,1544168.15
2023-03-10,337324.6,14837.6,322487.0,507357.0,81001.75,37772.0,789716.8,2615.0,1131296.4,626130.75,1755787.15
2023-03-11,294206.7,13073.2,281133.5,403222.75,47789.75,22814.25,690445.0,2947.0,988188.7,473826.75,1461425.45
2023-03-12,184315.0,8242.0,176073.0,228104.5,26571.5,13162.25,424803.6,1650.2,611388.8,267838.25,878607.0499999999
2023-03-13,323934.0,14357.5,309576.5,495824.0,84911.0,41933.0,1014994.5,3204.0,1344882.5,622668.0,1964800.5
2023-03-14,316908.0,13905.5,303002.5,530746.0,88027.0,44322.25,853391.3,2692.0,1181586.3,663095.25,1836086.55
2023-03-15,314850.2,14042.2,300808.0,517479.25,86255.25,44916.0,818278.7,2622.0,1141480.9,648650.5,1784401.4
2023-03-16,312445.5,13965.0,298480.5,517978.0,83253.25,45467.0,820237.5,2931.0,1141864.0,646698.25,1782312.25
2023-03-17,336827.6,14882.1,321945.5,518006.5,76717.25,45253.25,809935.0,2702.5,1153091.1,639977.0,1789442.1
2023-03-18,278682.7,12435.7,266247.0,384631.25,42792.75,23583.75,660542.9,2703.0,945008.6,451007.75,1392936.35
2023-03-20,175910.5,7713.0,168197.5,237428.75,25213.0,14045.75,437792.9,1519.0,616832.4,276687.5,891909.9
2023-03-21,327877.0,14529.0,313348.0,501296.0,82664.25,49352.5,961917.1,3413.5,1295707.6,633312.75,1926520.35
2023-03-22,318326.0,14079.0,304247.0,516424.75,79771.5,50060.25,753154.7,2627.0,1076397.7,646256.5,1720364.2
2023-03-23,310339.3,13749.3,296590.0,505105.5,78023.5,50255.0,717377.4,3268.5,1033895.2,633384.0,1664369.2000000002
2023-03-24,317203.6,14020.6,303183.0,503542.75,73102.5,50017.5,773455.5,2819.0,1097888.1,626662.75,1720140.85
2023-03-25,289876.1,12675.6,277200.5,410770.5,43966.0,29549.75,680351.4,3367.5,978895.0,484286.25,1457881.25
2023-03-27,319612.7,14159.2,305453.5,488737.0,75900.25,53898.25,976115.4,3335.5,1301643.6,618535.5,1917599.1
2023-03-28,300175.0,13303.5,286871.5,498859.25,76788.5,54791.25,769638.9,1837.0,1074620.9,630439.0,1702089.9
2023-03-29,300796.5,13241.0,287555.5,494099.75,74898.0,54767.5,711098.4,2382.0,1019056.9,623765.25,1638042.15
2023-03-30,300432.5,13399.5,287033.0,496755.0,74432.5,56572.5,740412.8,2788.0,1047633.3,627760.0,1671393.3
2023-03-31,311146.5,13872.5,297274.0,464915.75,63697.5,49552.0,781652.8,2919.5,1099438.8,578165.25,1673884.05
2023-04-01,298567.9,13206.9,285361.0,396178.5,41344.0,30343.0,679393.3,2682.5,984053.7,467865.5,1448509.2000000002
2023-04-03,270125.0,11953.0,258172.0,400273.0,41633.75,30556.75,764124.85,2400.0,1038079.85,472463.5,1509113.35
2023-04-04,269078.8,11894.8,257184.0,408167.5,41258.5,30328.75,601821.6,2017.0,877749.4,479754.75,1352672.15
2023-04-05,270434.5,11920.5,258514.0,403227.5,38237.5,29397.75,600973.1,2061.0,879598.6,470862.75,1344331.35
2023-04-06,209652.1,9259.1,200393.0,299653.75,27626.0,20942.75,463994.9,1450.5,679167.5,348222.5,1023320.0
2023-04-08,195627.1,8629.1,186998.0,255369.5,22652.75,17936.0,396578.1,1935.0,596090.2,295958.25,890098.45
2023-04-10,249462.5,11031.5,238431.0,362938.0,36470.5,27958.5,770623.45,2472.5,1027278.45,427367.0,1449925.45
2023-04-11,266321.6,11712.1,254609.5,413117.0,39467.75,30998.5,649154.2,1664.0,922819.8,483583.25,1400723.0499999998
2023-04-12,270504.1,11971.1,258533.0,416750.75,39748.0,31478.25,583809.25,2275.5,859598.85,487977.0,1344565.85
2023-04-13,258683.1,11445.6,247237.5,410661.25,39406.0,31074.5,604725.85,2571.5,869610.45,481141.75,1347122.2
2023-04-14,273827.5,12150.0,261677.5,416646.25,40166.0,30884.5,712858.9,2104.5,991910.9,487696.75,1476487.65
2023-04-15,283528.6,12541.1,270987.5,377924.25,33064.75,26305.5,691543.25,2261.0,979852.85,437294.5,1414627.35
2023-04-16,174825.6,7796.6,167029.0,228793.25,21755.0,16344.75,459360.5,1987.5,638103.6,266893.0,903066.6
2023-04-17,323642.3,14436.3,309206.0,485625.75,69402.25,58743.25,1065533.55,2845.0,1395010.85,613771.25,2005792.1
2023-04-18,299124.7,13260.2,285864.5,507338.0,71449.5,59954.5,803252.4,2266.0,1110373.1,638742.0,1743385.1
2023-04-19,293429.6,13065.6,280364.0,497144.5,70385.5,58995.0,704591.9,2327.5,1006249.0,626525.0,1626874.0
2023-04-20,291100.6,12874.1,278226.5,492931.25,70884.25,58833.5,698750.0,2948.5,996679.1,622649.0,1615448.1
2023-04-21,301212.7,13410.2,287802.5,471679.75,66894.25,54473.0,715499.0,2309.5,1023081.2,593047.0,1612068.2
2023-04-22,271983.0,12072.5,259910.5,375026.75,41177.75,31492.5,659940.9,2036.0,937359.9,447697.0,1381656.9
2023-04-24,315470.5,14035.5,301435.0,475332.5,71012.5,57541.5,976268.8,2410.7,1300395.0,603886.5,1898036.5
2023-04-25,298810.6,13288.1,285522.5,492883.75,72019.5,58572.25,752913.8,3221.0,1061505.4,623475.5,1678420.9
2023-04-26,286840.7,12832.2,274008.5,489273.75,71777.25,58657.75,713466.5,2118.0,1008325.2,619708.75,1622133.95
2023-04-27,297992.0,13296.0,284696.0,488751.25,71364.0,59398.75,738484.4,2989.0,1044505.4,619514.0,1658979.4
2023-04-28,314500.2,13929.7,300570.5,494446.5,68708.75,55622.5,813221.0,2742.5,1133783.7,618777.75,1749241.45
2023-04-29,271120.2,11884.2,259236.0,375834.25,38969.0,30286.0,689348.9,2900.5,966319.6,445089.25,1408458.85
2023-04-30,187202.5,8374.5,178828.0,245304.25,23241.75,17746.0,425194.1,1512.5,615829.1,286292.0,900201.1
2023-05-01,176827.1,7955.1,168872.0,234901.75,23807.0,17252.0,462902.0,1266.5,643035.6,275960.75,916956.35
2023-05-02,324328.5,14429.0,309899.5,498883.0,76855.0,62253.5,1035407.4,3949.0,1368155.9,637991.5,2001676.4
2023-05-03,293852.0,13051.0,280801.0,502602.25,74413.5,59389.25,774208.1,1898.0,1075008.1,636405.0,1706363.1
2023-05-04,283228.1,12630.1,270598.0,493544.0,75363.5,59175.5,730053.0,2629.0,1020550.1,628083.0,1643993.1
2023-05-05,286085.6,12751.6,273334.0,453596.5,60068.5,48317.0,710721.4,2889.5,1003453.5,561982.0,1561678.5
2023-05-06,264354.5,11654.5,252700.0,374604.0,39524.75,29663.75,633541.7,2284.0,904461.2,443792.5,1343972.7
2023-05-08,312935.6,13904.1,299031.5,490755.75,75515.5,58534.25,1004843.8,3118.5,1325447.9,624805.5,1945703.4
2023-05-09,295437.1,13135.1,282302.0,492494.25,76095.0,58292.0,721476.1,3055.0,1025388.2,626881.25,1646849.45
2023-05-10,263269.1,11804.1,251465.0,412879.5,55385.0,41201.5,610271.45,2119.5,879380.05,509466.0,1385126.0499999998
2023-05-11,303212.7,13548.2,289664.5,492233.0,72903.0,54967.0,727508.1,2724.5,1037375.3,620103.0,1653548.2999999998
2023-05-12,318905.6,14307.1,304598.5,486514.0,71710.75,52193.0,761232.95,2985.5,1086084.05,610417.75,1693541.7999999998
2023-05-13,271099.9,12139.4,258960.5,370637.75,41068.5,29782.5,669438.8,1983.0,944631.7,441488.75,1384010.4500000002
2023-05-15,288994.1,12857.6,276136.5,424992.0,46141.5,32167.0,895761.9,3169.5,1190505.5,503300.5,1691226.0
2023-05-16,289583.2,12886.2,276697.0,489715.5,74541.75,53043.25,873806.5,2804.5,1170934.2,617300.5,1783494.7
2023-05-17,292966.1,13124.6,279841.5,486837.0,76655.5,53470.75,750391.9,2052.0,1051360.0,616963.25,1662373.25
2023-05-18,279789.2,12326.2,267463.0,474344.5,73273.5,51727.5,675409.4,2567.5,962986.1,599345.5,1557111.6
2023-05-19,303939.5,13610.0,290329.5,474520.25,63170.25,43757.0,754612.0,2818.0,1067999.5,581447.5,1642817.0
2023-05-20,291782.1,12871.6,278910.5,396069.25,38517.75,27991.75,641495.4,3210.0,941585.5,462578.75,1399066.25
2023-05-21,176506.5,7919.5,168587.0,232940.0,23227.5,16658.25,431971.7,2203.0,612713.2,272825.75,883506.95
2023-05-22,291540.7,13086.2,278454.5,464673.5,71767.75,47614.0,964196.5,2560.5,1263817.7,584055.25,1842352.95
2023-05-23,284301.2,12696.2,271605.0,490656.0,72428.0,47899.0,789833.6,2597.0,1083111.8,610983.0,1687714.7999999998
2023-05-24,282122.2,12588.2,269534.0,476629.25,68181.5,44868.5,711159.4,2065.0,999686.6,589679.25,1585025.85
2023-05-25,286694.5,12809.5,273885.0,471741.5,67226.75,42721.5,693372.7,2352.5,986301.7,581689.75,1564109.45
2023-05-26,307078.5,13756.5,293322.0,476486.75,63944.5,41234.75,752350.6,2585.0,1065144.1,581666.0,1643680.1
2023-05-27,272933.1,12234.1,260699.0,401546.0,39344.25,25768.75,700604.1,2463.0,980828.2,466659.0,1442659.2
2023-05-29,279734.5,12414.0,267320.5,443213.0,57617.5,35553.75,920248.1,2368.5,1205816.1,536384.25,1738735.35
2023-05-30,284958.9,12631.9,272327.0,455700.75,60073.25,36632.0,780471.0,2736.5,1071866.4,552406.0,1620572.4
2023-05-31,282889.0,12585.5,270303.5,464735.25,58881.0,36038.25,787622.3,2513.0,1078824.3,559654.5,1632678.8
2023-06-01,270111.7,12034.7,258077.0,466735.0,60890.25,37753.0,769301.4,2570.5,1047423.6,565378.25,1607361.85
2023-06-02,285601.5,12666.5,272935.0,463348.25,59598.25,35938.5,757239.9,2583.5,1049004.9,558885.0,1604309.9
2023-06-03,280979.5,12576.0,268403.5,418760.0,40964.0,25977.75,707437.1,1771.5,993418.1,485701.75,1475889.85
2023-06-04,173235.1,7754.6,165480.5,225368.5,23564.75,14710.75,427446.6,1358.5,603790.2,263644.0,865684.2
2023-06-05,281976.1,12470.6,269505.5,436468.0,52634.75,31240.75,898134.1,1800.0,1186650.2,520343.5,1702253.7
2023-06-06,269096.5,11998.0,257098.5,455330.25,58510.5,34181.0,741485.5,2047.5,1019399.5,548021.75,1560651.25
2023-06-07,269858.1,12009.1,257849.0,451197.75,56506.0,32532.75,676227.6,1835.0,953400.7,540236.5,1488157.2
2023-06-08,256889.7,11286.2,245603.5,447312.25,55366.0,31896.25,672035.4,1834.0,935459.1,534574.5,1465333.6
2023-06-09,279350.6,12438.6,266912.0,451140.75,54634.5,31041.25,720890.3,2202.0,1006662.9,536816.5,1539259.4
2023-06-10,258233.4,11480.4,246753.0,373891.5,39201.75,23450.75,656395.2,2387.5,920176.1,436544.0,1353560.1
2023-06-12,271183.2,12061.2,259122.0,429015.25,54758.0,30452.25,856916.5,2612.5,1135992.2,514225.5,1644937.7
2023-06-13,267183.7,11890.2,255293.5,440329.75,55798.25,31141.0,712255.1,1958.5,987907.3,527269.0,1508666.2999999998
2023-06-14,265267.0,11750.0,253517.0,440453.25,55332.75,30096.0,675185.3,2589.0,947981.8,525882.0,1468923.3
2023-06-15,265472.0,11841.0,253631.0,443450.5,56002.5,30941.5,716707.9,2357.0,990036.9,530394.5,1514931.4
2023-06-16,259194.1,11538.6,247655.5,423643.0,48378.75,28048.75,741752.6,2669.5,1007889.7,500070.5,1503686.7
2023-06-17,252259.8,11206.8,241053.0,354003.25,35957.5,21346.5,639954.4,1696.0,897090.2,411307.25,1305217.4500000002
2023-06-19,255884.6,11430.6,244454.0,401465.25,52468.5,27901.5,858492.9,2514.5,1120763.5,481835.25,1598727.25
2023-06-20,256598.6,11451.1,245147.5,445982.25,57114.0,29877.5,725244.7,1986.0,988959.3,532973.75,1516803.0499999998
2023-06-21,261259.7,11590.2,249669.5,438225.5,56857.5,29977.25,645878.9,1719.5,914118.1,525060.25,1433918.35
2023-06-22,255113.0,11343.0,243770.0,434672.5,55313.75,29150.75,648452.6,1979.5,909915.1,519137.0,1424682.1
2023-06-23,261374.5,11600.5,249774.0,442510.0,55000.25,30224.25,687476.8,2651.0,956112.3,527734.5,1479236.8
2023-06-24,247102.7,11075.2,236027.5,356801.0,37738.75,21161.25,630277.3,2844.0,883474.0,415701.0,1295925.0
2023-06-26,259740.5,11600.5,248140.0,422664.5,55902.75,28424.0,869030.0,1961.5,1133282.0,506991.25,1637723.25
2023-06-27,252184.2,11216.7,240967.5,431067.25,56026.25,28509.5,680048.8,2531.5,937894.5,515603.0,1450367.5
2023-06-28,257261.0,11429.5,245831.5,437769.5,56254.25,28908.5,630975.5,1827.5,894554.0,522932.25,1412996.25
2023-06-29,256261.0,11332.0,244929.0,425528.75,56672.25,28267.25,630367.5,2075.0,891813.5,510468.25,1399171.75
2023-06-30,281132.0,12462.5,268669.5,444994.25,56287.5,29169.75,760157.4,2202.5,1047111.9,530451.5,1573943.4
2023-07-01,260404.1,11551.6,248852.5,378926.5,39985.5,22876.0,686883.8,2491.5,953179.4,441788.0,1391567.4
2023-07-03,272538.5,12153.0,260385.5,422142.0,59075.75,30186.25,877355.6,2389.5,1155813.6,511404.0,1663687.6
2023-07-04,274316.6,12192.6,262124.0,439555.5,59251.5,29336.0,671324.7,2562.7,953124.0,528143.0,1476346.9999999998
2023-07-05,270636.5,12018.0,258618.5,442039.75,58776.5,28139.0,640194.9,1523.0,916664.4,528955.25,1441309.65
2023-07-06,265180.0,11824.5,253355.5,434777.0,57902.5,28167.5,649568.7,2679.5,920620.7,520847.0,1438275.2
2023-07-07,292371.5,12995.5,279376.0,442063.5,58311.0,29150.75,668564.2,2587.0,966072.7,529525.25,1493047.95
2023-07-08,265238.0,11825.5,253412.5,367887.5,41234.75,22125.5,632787.1,2420.5,903276.6,431247.75,1331693.35
2023-07-10,267945.7,11854.2,256091.5,421690.75,56368.25,27369.5,867379.4,2558.0,1140753.1,505428.5,1643311.6
2023-07-11,265385.4,11716.4,253669.0,430112.5,57745.75,28124.75,685529.9,2392.5,958427.8,515983.0,1469290.8
2023-07-12,269227.5,11939.0,257288.5,435104.75,57285.0,28357.5,624732.0,2169.5,899119.0,520747.25,1416876.25
2023-07-13,264538.4,11676.9,252861.5,429613.75,57560.5,28001.25,620184.6,2499.0,888903.0,515175.5,1402397.5
2023-07-14,274553.0,12077.5,262475.5,423581.25,56819.5,27260.25,693152.4,2092.0,972327.4,507661.0,1477458.4
2023-07-15,270333.0,11876.0,258457.0,382436.75,42384.25,21622.0,723913.3,2443.0,999624.3,446443.0,1443132.3
2023-07-16,183509.5,8206.0,175303.5,225724.75,25455.25,13005.5,415883.7,1537.0,602540.2,264185.5,865115.7
2023-07-17,280515.1,12368.1,268147.0,428402.5,56696.0,27003.75,887798.5,2193.0,1174116.6,512102.25,1682608.85
2023-07-18,271257.3,12040.3,259217.0,440871.25,57266.0,26927.75,713910.1,1829.2,991797.6,525065.0,1512061.5999999999
2023-07-19,271857.0,11918.0,259939.0,438638.75,54140.5,25996.75,615629.0,1939.0,892335.0,518776.0,1408201.0
2023-07-20,274750.6,12227.6,262523.0,428920.25,54297.25,25987.25,616160.5,2337.5,896208.6,509204.75,1402453.35
2023-07-21,276318.6,12256.6,264062.0,424882.75,52435.25,25901.75,659363.2,1955.5,940147.8,503219.75,1440857.0499999998
2023-07-22,249488.6,11029.1,238459.5,348645.25,38118.75,19627.0,596108.4,2061.5,849400.5,406391.0,1254049.5
2023-07-24,272170.1,12098.1,260072.0,409217.25,49832.25,23963.75,824207.0,2755.0,1103112.1,483013.25,1582145.35
2023-07-25,254430.8,11297.3,243133.5,399612.75,47267.25,23650.25,577634.9,2030.5,838066.2,470530.25,1304626.4500000002
2023-07-26,266528.5,11786.0,254742.5,407835.0,49585.25,24386.5,544667.2,2133.0,816768.7,481806.75,1295135.45
2023-07-27,263789.1,11611.6,252177.5,415781.75,50654.0,24505.25,622794.2,2594.0,892197.3,490941.0,1380118.2999999998
2023-07-28,261054.1,11555.6,249498.5,375349.75,46545.25,23564.75,553592.7,2185.0,819201.7999999999,445459.75,1262291.5499999998
2023-07-29,266979.5,11676.5,255303.0,355561.25,37496.5,19470.25,620451.5,2256.0,893357.0,412528.0,1302215.0
2023-07-31,274648.6,12144.6,262504.0,412670.5,51086.25,20220.75,865392.4,1768.5,1146079.5,483977.5,1625787.0
2023-08-01,284647.1,12472.1,272175.0,434055.0,55888.5,22933.0,712397.3,2218.0,1003452.4,512876.5,1512138.9
2023-08-02,279000.3,12268.8,266731.5,430668.25,54145.25,20634.0,634460.8,2174.0,919355.1,505447.5,1421082.6
2023-08-03,271354.8,11890.8,259464.0,433869.75,54501.5,21099.5,648232.9,2371.0,926218.7,509470.75,1431429.4500000002
2023-08-04,274109.5,12014.0,262095.5,399209.0,50440.25,20230.25,573052.1,2558.0,852275.6,469879.5,1319599.1
2023-08-05,275796.3,12095.3,263701.0,363854.75,40869.0,15447.0,609542.6,2811.0,891240.9,420170.75,1308320.65
2023-08-07,283884.0,12450.0,271434.0,432577.75,55570.25,20168.5,891273.4,2251.0,1181908.4,508316.5,1685724.9
2023-08-08,273514.0,12074.0,261440.0,439579.25,57593.75,21465.25,654495.6,2581.5,935131.1,518638.25,1449229.35
2023-08-09,273426.2,12033.7,261392.5,436520.25,56681.75,20724.25,630037.2,1578.0,910621.4,513926.25,1418967.65
2023-08-10,282274.6,12379.6,269895.0,451079.0,59142.25,20738.5,650375.6,2348.7,939705.9,530959.75,1465958.65
2023-08-11,306784.7,13510.2,293274.5,476771.75,62723.75,21831.0,708056.6,2456.2,1022008.5,561326.5,1578623.9999999998
2023-08-12,272887.5,11970.0,260917.5,380950.0,43343.75,16335.25,658095.1,2671.0,938343.6,440629.0,1374282.6
2023-08-13,179600.6,7983.1,171617.5,229971.25,27721.0,10231.5,418952.5,1329.5,603627.6,267923.75,867806.35
2023-08-14,325031.6,14400.6,310631.0,492166.5,93912.25,21759.75,954072.2,3807.5,1288711.3,607838.5,1890749.7999999998
2023-08-15,304365.0,13475.0,290890.0,495995.0,95736.25,21750.25,834163.5,2844.5,1148189.0,613481.5,1754854.5
2023-08-16,309705.6,13761.6,295944.0,515071.0,96254.0,21023.5,821486.6,2422.5,1138789.7,632348.5,1765963.2
2023-08-17,308907.6,13590.6,295317.0,513318.25,95513.0,21641.0,732778.2,2834.5,1048943.3,630472.25,1674992.5499999998
2023-08-18,326036.5,14408.0,311628.5,495325.25,87884.5,20942.75,641528.7,2695.0,973940.2,604152.5,1574412.7
2023-08-19,281775.2,12222.2,269553.0,379843.25,50464.0,15779.5,604034.4,2649.0,891098.6,446086.75,1334545.35
2023-08-21,332435.0,14707.5,317727.5,502825.5,95441.75,21907.0,965152.7,2718.0,1305945.7,620174.25,1920479.95
2023-08-22,320546.1,14009.6,306536.5,531168.75,98928.25,22676.5,843649.1,3532.0,1174538.2,652773.5,1820500.7
2023-08-23,315574.6,13835.6,301739.0,531686.5,97455.75,21484.25,738030.6,2921.0,1061111.2,650626.5,1707152.7
2023-08-24,310439.5,13707.0,296732.5,524029.5,96344.25,22515.0,699270.5,3107.5,1017747.5,642888.75,1655706.25
2023-08-25,317575.6,14022.1,303553.5,523568.75,91119.25,21930.75,791567.4,2761.0,1117264.0,636618.75,1748522.75
2023-08-26,293132.2,12749.2,280383.0,427091.5,52468.5,16829.25,716189.9,2895.5,1016507.6,496389.25,1508606.85
2023-08-27,185514.5,8168.5,177346.0,238421.5,28481.0,10834.75,433398.0,1709.0,623621.5,277737.25,898358.75
2023-08-28,306084.7,13579.7,292505.0,492855.25,96092.5,22282.25,988765.0,2570.0,1301579.7,611230.0,1908649.7
2023-08-29,295470.2,13139.7,282330.5,518519.5,97531.75,24614.5,798918.5,3065.5,1102164.2,640665.75,1738119.95
2023-08-30,248242.5,11122.5,237120.0,449525.75,81049.25,21641.0,623774.4,2391.5,878418.4,552216.0,1426624.4
2023-08-31,261660.1,11544.1,250116.0,425638.0,78512.75,24928.0,643919.7,1934.0,911473.8,529078.75,1436592.5499999998
2023-09-01,308281.5,13705.5,294576.0,509466.0,88554.25,31848.75,809621.9,2360.0,1125463.4,629869.0,1750132.4
2023-09-02,284615.5,12469.0,272146.5,389941.75,50359.5,20966.5,635977.1,2633.5,927496.1,461267.75,1384493.85
2023-09-03,177663.0,7850.5,169812.5,235999.0,27949.0,11846.5,436479.0,1854.0,618726.0,275794.5,891790.5
2023-09-04,330594.6,14634.1,315960.5,499833.0,90497.0,35335.25,980019.9,3908.0,1320482.5,625665.25,1940187.75
2023-09-05,318255.5,14246.0,304009.5,515360.75,90235.75,38375.25,772895.6,2408.5,1098805.6,643971.75,1737531.35
2023-09-06,307465.0,13725.0,293740.0,521792.25,89309.5,38888.25,719086.7,2627.5,1033769.2,649990.0,1679169.2
2023-09-07,294898.9,13176.4,281722.5,507148.0,86887.0,40303.75,661761.2,2485.0,962805.1,634338.75,1593483.85
2023-09-08,309311.5,13624.0,295687.5,508202.5,81491.0,40617.25,724067.3,3733.0,1040362.8,630310.75,1667422.55
2023-09-09,275258.0,12193.5,263064.5,397475.25,46792.25,24723.75,666998.1,2430.5,949056.6,468991.25,1413677.85
2023-09-10,196797.0,8573.5,188223.5,270227.5,29464.25,15665.5,464266.1,1787.0,666280.1,315357.25,978207.35
2023-09-11,325753.1,14457.1,311296.0,503509.5,84740.0,44103.75,969080.9,3088.5,1302672.5,632353.25,1930275.75
2023-09-12,315218.2,13897.2,301321.0,521915.75,88506.75,46925.25,767495.3,2448.0,1089761.5,657347.75,1742509.25
2023-09-13,286545.6,12746.1,273799.5,510463.5,83367.25,46117.75,667540.4,2578.9,960614.9,639948.5,1596613.4
2023-09-14,316914.7,14045.2,302869.5,525953.25,85381.25,49119.75,737341.7,2767.5,1060253.9,660454.25,1717478.15
2023-09-15,332157.2,14771.7,317385.5,503381.25,71402.0,42137.25,764425.5,2840.5,1103553.2,616920.5,1716343.7
2023-09-16,199315.6,8869.1,190446.5,260561.25,27227.0,15138.25,455875.9,2334.0,661075.5,302926.5,960452.0
2023-09-18,316872.1,14040.6,302831.5,492907.5,80631.25,49001.0,986638.3,3693.5,1311713.9,622539.75,1929743.65
2023-09-19,305043.8,13545.8,291498.0,508763.0,82065.75,52497.0,753851.9,2609.0,1065664.7,643325.75,1704830.4500000002
2023-09-20,308689.5,13676.5,295013.0,510316.25,82574.0,52121.75,675418.4,2722.5,991090.4,645012.0,1631842.4
2023-09-21,303467.1,13384.6,290082.5,506768.0,81491.0,54021.75,689014.3,2433.0,998589.4,642280.75,1637195.15
2023-09-22,320298.6,14170.6,306128.0,506753.75,77866.75,52202.5,730002.3,2897.5,1057688.4,636823.0,1690021.4
2023-09-23,277228.0,12130.5,265097.5,396748.5,45847.0,29868.0,646995.4,3263.0,930676.4,472463.5,1399949.9
2023-09-25,308988.3,13785.3,295203.0,492841.0,79201.5,54150.0,935755.7,3365.5,1253229.5,626192.5,1874302.0
2023-09-26,310715.5,13793.0,296922.5,517275.0,81514.75,57731.5,788636.0,3114.0,1107526.0,656521.25,1758986.75
2023-09-27,302432.7,13471.2,288961.5,517408.0,80811.75,57128.25,687821.1,2685.0,996348.8,655348.0,1648286.7999999998
2023-09-28,315111.0,13980.0,301131.0,525141.0,81481.5,58757.5,681278.8,2446.0,1002435.8,665380.0,1664215.8
2023-09-29,320954.7,14218.7,306736.0,496641.0,73753.25,53228.5,758649.9,2769.0,1086103.6,623622.75,1705996.35
2023-09-30,287649.3,12700.3,274949.0,400672.0,45571.5,30585.25,705446.5,3227.5,999783.3,476828.75,1473152.05
2023-10-01,181882.5,8213.0,173669.5,234659.5,26239.0,16572.75,454867.2,1731.7,641821.4,277471.25,915952.6499999999
2023-10-02,320820.5,14179.5,306641.0,503224.5,83091.75,60011.5,1020881.9,3227.0,1350859.4,646327.75,1991257.15
2023-10-03,309884.2,13769.2,296115.0,514586.5,82844.75,60738.25,772048.4,3151.0,1089179.6,658169.5,1743253.1
2023-10-04,291955.2,12911.7,279043.5,489905.5,78607.75,57997.5,626262.8,1911.5,924139.5,626510.75,1546640.25
2023-10-05,305363.8,13447.8,291916.0,498579.0,79154.0,61237.0,654932.6,2572.5,966518.9,638970.0,1601838.9
2023-10-06,323480.0,14426.0,309054.0,506283.5,76608.0,56553.5,733896.0,2965.5,1064651.5,639445.0,1699786.5
2023-10-07,277430.9,12285.9,265145.0,388279.25,44217.75,30552.0,651962.9,2450.5,937014.3,463049.0,1394893.3
2023-10-09,311698.4,13911.4,297787.0,497681.25,80821.25,61479.25,987949.7,2314.5,1306782.6,639981.75,1941944.35
2023-10-10,280305.5,12548.0,267757.5,489858.0,78911.75,59721.75,674982.7,2010.5,960999.7,628491.5,1585790.2
2023-10-11,305701.0,13585.5,292115.5,501343.5,81106.25,59522.25,672956.2,2586.5,986973.7,641972.0,1623215.7
2023-10-12,250271.2,11089.7,239181.5,393195.5,41529.25,25346.0,581216.3,1854.0,837601.5,460070.75,1293412.25
2023-10-13,317579.2,14206.2,303373.0,507404.5,76142.5,55366.0,788882.5,2955.5,1114657.2,638913.0,1748330.2
2023-10-14,278409.2,12295.2,266114.0,382180.25,43628.75,29564.0,650224.6,2137.0,935416.8,455373.0,1386143.7999999998
2023-10-15,177427.0,7909.0,169518.0,236740.0,25844.75,16715.25,439927.4,2705.5,623149.9,279300.0,899359.9
2023-10-16,314160.3,14064.8,300095.5,509812.75,82441.0,60914.0,1026461.4,3546.5,1350229.2,653167.75,1997335.9500000002
2023-10-17,305594.5,13688.0,291906.5,528318.75,85291.0,62985.0,810544.0,2762.0,1124571.5,676594.75,1795495.25
2023-10-18,311212.2,13767.2,297445.0,520115.5,82692.75,61260.75,730169.3,2061.5,1048454.0,664069.0,1707512.0
2023-10-19,297934.0,13380.5,284553.5,513109.25,80365.25,59251.5,692640.1,2598.5,997572.6,652726.0,1645898.6
2023-10-20,322779.2,14371.2,308408.0,526670.5,77600.75,56377.75,751026.2,3045.5,1081470.9,660649.0,1737499.9
2023-10-21,283870.0,12607.0,271263.0,404130.0,45419.5,30200.5,638948.3,2675.0,929993.3,479750.0,1405243.3
2023-10-22,174284.7,7740.2,166544.5,239504.5,26343.5,16677.25,406247.0,1993.0,585804.7,282525.25,865049.95
2023-10-23,324868.6,14228.1,310640.5,506668.25,78080.5,58263.5,982657.7,2726.0,1315533.3,643012.25,1953264.5499999998
2023-10-24,323491.6,14276.1,309215.5,525497.25,81590.75,59793.0,743406.1,2064.0,1073563.7,666881.0,1735842.7
2023-10-25,297126.1,13228.1,283898.0,517365.25,82407.75,59683.75,685059.8,2462.5,988188.4,659456.75,1644105.15
2023-10-26,298612.0,13260.5,285351.5,500968.25,80042.25,57460.75,672563.6,2687.5,977103.1,638471.25,1612334.35
2023-10-27,337492.3,14995.8,322496.5,520951.5,78275.25,54026.5,728116.5,2689.9,1073429.7,653253.25,1721551.95
2023-10-28,332595.2,14430.7,318164.5,456869.25,48625.75,31877.25,661186.5,3044.5,1002366.2,537372.25,1534198.45
2023-10-29,181870.6,8011.1,173859.5,251032.75,27692.5,17337.5,415689.9,2900.5,603126.0,296062.75,896523.75
2023-10-30,314474.2,14008.2,300466.0,494337.25,79918.75,56273.25,948635.8,3622.0,1272282.0,630529.25,1897261.25
2023-10-31,297154.1,13208.6,283945.5,483379.0,77548.5,52924.5,728366.8,2353.0,1032773.9,613852.0,1641725.9
2023-11-01,310982.5,13832.0,297150.5,522623.5,87870.25,59033.0,767091.6,2866.5,1085270.6,669526.75,1750467.35
2023-11-02,239848.6,10680.1,229168.5,408134.25,46236.5,25474.25,628738.3,1998.0,874869.9,479845.0,1350429.9
2023-11-03,306165.7,13622.7,292543.0,505290.75,78546.0,50587.5,802648.9,1874.5,1116020.1,634424.25,1745113.35
2023-11-04,276198.5,12241.0,263957.5,407379.0,48260.0,28533.25,693419.0,2945.5,977103.0,484172.25,1456735.25
2023-11-05,182231.5,8239.0,173992.5,257241.0,27868.25,16663.0,457065.9,2060.5,645647.9,301772.25,943130.15
2023-11-06,297691.0,13251.5,284439.5,505162.5,82251.0,52563.5,1007374.8,3075.0,1313340.8,639977.0,1948117.8
2023-11-07,299240.4,13375.9,285864.5,526276.25,87005.75,57033.25,807689.0,2689.0,1115018.4,670315.25,1779933.65
2023-11-08,296854.6,13289.1,283565.5,520410.0,86768.25,54748.5,745603.2,2167.5,1049277.8,661926.75,1706552.0499999998
2023-11-09,292890.0,13039.0,279851.0,520186.75,87419.0,53375.75,720514.4,2689.2,1020403.6,660981.5,1677075.0999999999
2023-11-10,294735.6,13117.6,281618.0,505818.0,73454.0,42104.0,756322.4,2681.0,1057629.0,621376.0,1675115.0
2023-11-11,280585.6,12505.1,268080.5,429865.5,46369.5,25859.0,701267.8,3546.0,991838.4,502094.0,1487493.4
2023-11-12,177792.2,7998.7,169793.5,241423.5,27626.0,15052.75,443052.2,1366.0,625580.4,284102.25,906312.65
2023-11-13,303675.5,13697.5,289978.0,504530.75,87780.0,53038.5,985450.4,2447.0,1297382.9,645349.25,1936922.15
2023-11-14,306178.1,13644.6,292533.5,533092.5,89542.25,54154.75,831140.4,2923.0,1144762.5,676789.5,1817031.0
2023-11-15,295069.0,13166.0,281903.0,529292.5,90976.75,52392.5,802538.5,2440.0,1105417.5,672661.75,1772709.25
2023-11-16,300536.7,13418.2,287118.5,521155.75,90079.0,51314.25,778803.4,2770.5,1087661.6,662549.0,1744659.6
2023-11-17,317220.3,14094.3,303126.0,528974.25,84364.75,46977.5,819311.4,2873.5,1145505.2,660316.5,1799721.7000000002
2023-11-18,290604.2,13004.7,277599.5,431119.5,49775.25,26429.0,716305.3,2034.0,1014274.5,507323.75,1516267.25
2023-11-19,179248.6,8068.1,171180.5,261283.25,28756.5,15494.5,446512.4,1683.0,632104.0,305534.25,932978.25
2023-11-20,185744.1,8160.6,177583.5,274231.75,30680.25,16981.25,468979.6,1846.5,659390.2,321893.25,978463.45
2023-11-21,309736.7,13754.7,295982.0,512781.5,90245.25,50525.75,988630.4,3975.5,1306922.6,653552.5,1955895.1
2023-11-22,289077.4,12940.9,276136.5,503248.25,88806.0,46573.75,729357.9,2186.0,1025077.3,638628.0,1659249.3
2023-11-23,284645.1,12755.1,271890.0,509337.75,88882.0,47020.25,723902.0,2508.5,1015695.6,645240.0,1656295.6
2023-11-24,315684.0,14135.0,301549.0,513209.0,84616.5,43790.25,772496.3,3047.5,1095797.8,641615.75,1732843.55
2023-11-25,275782.0,12176.0,263606.0,418589.0,50502.0,24842.5,694870.8,2145.0,976547.8,493933.5,1466731.3
2023-11-26,173955.0,7771.5,166183.5,241262.0,27507.25,14183.5,450417.7,1372.5,629265.2,282952.75,908697.95
2023-11-27,302678.7,13517.7,289161.0,494080.75,88473.5,43633.5,974896.8,3005.0,1285570.5,626187.75,1906768.25
2023-11-28,283135.8,12718.3,270417.5,504925.0,90715.5,44208.25,781330.6,2322.5,1070278.9,639848.75,1706637.65
2023-11-29,295445.0,13152.5,282292.5,511503.75,88535.25,42536.25,760936.7,2377.0,1062098.7,642575.25,1701333.95
2023-11-30,313235.3,13994.8,299240.5,533106.75,90653.75,42094.5,810259.8,2564.5,1128800.6,665855.0,1791914.6
2023-12-01,319500.5,14379.5,305121.0,527368.75,88521.0,41277.5,885506.6,2975.0,1212462.1,657167.25,1865149.35
2023-12-02,308510.5,13317.0,295193.5,435712.75,50958.0,23465.0,757097.5,2210.0,1074108.0,510135.75,1577953.75
2023-12-03,167823.1,7339.6,160483.5,240749.0,27018.0,12392.75,444512.4,1550.0,617015.5,280159.75,894045.25
2023-12-04,257442.8,11639.8,245803.0,429362.0,69060.25,28899.0,844853.5,2632.5,1109518.8,527321.25,1632250.05
2023-12-05,302216.8,13502.3,288714.5,495049.75,78256.25,34019.5,796500.8,1891.5,1105679.1,607325.5,1707934.6
2023-12-06,294703.1,13104.1,281599.0,497757.25,75705.5,32599.25,725286.4,2027.0,1026486.5,606062.0,1628078.5
2023-12-07,255755.0,11633.5,244121.5,445431.25,63274.75,24961.25,640644.9,2461.5,903252.4,533667.25,1432528.65
2023-12-08,310456.7,13714.7,296742.0,511698.5,73553.75,31416.5,782747.4,1915.5,1099409.6,616668.75,1711788.35
2023-12-09,310220.5,13754.0,296466.5,453691.5,49979.5,22652.75,740258.4,2768.0,1057106.9,526323.75,1579570.65
2023-12-10,224738.1,9753.1,214985.0,310597.75,33169.25,14886.5,544067.7,1988.0,773913.8,358653.5,1129447.2999999998
2023-12-11,300271.9,13314.9,286957.0,472435.0,64234.25,27516.75,906186.8,3026.0,1213704.7,564186.0,1773670.7000000002
2023-12-12,319328.2,13884.2,305444.0,531154.5,67141.25,29255.25,784268.1,3083.5,1112619.8,627551.0,1734230.7999999998
2023-12-13,291142.7,12906.7,278236.0,496246.75,65911.0,27735.25,758398.2,2663.0,1057703.9,589893.0,1642096.9
2023-12-14,296784.5,13162.0,283622.5,496047.25,65659.25,27407.5,731438.1,1876.5,1034563.1,589114.0,1619213.1
2023-12-15,307969.0,13830.0,294139.0,506202.75,63194.0,27721.0,811057.7,2868.7,1127695.4,597117.75,1719013.15
2023-12-16,315361.0,14230.0,301131.0,455900.25,48084.25,20890.5,758804.3,2132.5,1081337.8,524875.0,1601172.8
2023-12-17,253265.7,11310.2,241955.5,337896.0,33330.75,14834.25,556227.4,2141.0,816014.1,386061.0,1197695.1
2023-12-18,348829.5,15436.5,333393.0,502611.75,57565.25,26101.25,943315.3,3174.0,1301678.8,586278.25,1881597.05
2023-12-19,317332.0,13959.0,303373.0,489611.0,56316.0,25379.25,767039.1,2233.5,1092394.6,571306.25,1657910.85
2023-12-20,300867.6,13331.1,287536.5,480600.25,54031.25,23845.0,714024.6,2301.0,1021228.2,558476.5,1575669.7
2023-12-21,314254.1,13835.6,300418.5,472530.0,54748.5,24291.5,719476.9,2078.0,1039609.0,551570.0,1587379.0
2023-12-22,314700.7,13883.2,300817.5,473817.25,54382.75,23783.25,724050.2,3412.5,1047218.4,551983.25,1594146.65
2023-12-23,276827.1,12309.1,264518.0,414385.25,41562.5,17893.25,668470.6,2701.0,951638.7,473841.0,1421839.7
2023-12-26,227658.0,10212.5,217445.5,349875.5,40536.5,17370.75,704723.3,1983.5,938734.8,407782.75,1342147.55
2023-12-27,257546.2,11382.2,246164.0,387528.75,57299.25,427.5,645910.3,2492.0,909898.5,445255.5,1351204.0
2023-12-28,236106.0,10585.5,225520.5,397575.0,57204.25,0.0,624639.6,2874.0,867919.6,454779.25,1318398.85
2023-12-29,267650.5,11834.5,255816.0,402804.75,58197.0,0.0,655693.2,2225.5,930449.2,461001.75,1386570.95
2023-12-30,229992.1,10276.1,219716.0,355870.0,48602.0,0.0,625061.3,2143.5,861326.9,404472.0,1261668.9
2024-01-02,249836.7,11130.2,238706.5,387139.25,62533.75,0.0,841450.9,2569.5,1100097.1,449673.0,1543530.1
2024-01-03,263462.5,11750.5,251712.0,429499.75,69943.75,0.0,758698.35,2434.5,1030005.35,499443.5,1524038.85
2024-01-04,259417.3,11628.8,247788.5,445279.25,75301.75,0.0,719751.3,2195.5,984554.1,520581.0,1501945.1
2024-01-05,279130.5,12427.5,266703.0,460156.25,78541.25,0.0,748118.1,2616.0,1034404.6,538697.5,1568562.1
2024-01-06,234114.1,10484.1,223630.0,381923.75,55142.75,0.0,685788.3,2266.7,926479.1,437066.5,1359235.5999999999
2024-01-07,155686.0,7049.0,148637.0,220984.25,31972.25,0.0,432637.8,1240.5,592564.3,252956.5,842520.8
2024-01-08,269173.1,12074.6,257098.5,460721.5,83077.5,0.0,964581.7,2592.0,1242956.8,543799.0,1780145.7999999998
2024-01-09,265668.0,11904.0,253764.0,474900.25,83163.0,0.0,801343.9,2455.0,1076033.4,558063.25,1627530.15
2024-01-10,269442.8,12059.3,257383.5,479902.0,84664.0,0.0,748430.6,2219.0,1025042.4,564566.0,1584658.4
2024-01-11,260785.3,11818.8,248966.5,478258.5,83704.5,0.0,748918.3,2522.0,1017415.6,561963.0,1574188.6
2024-01-12,266808.9,10090.4,256718.5,485108.0,84972.75,0.0,814079.4,2722.0,1089530.3,570080.75,1653691.05
2024-01-13,254378.0,11415.5,242962.5,390397.75,57489.25,0.0,730177.4,2188.5,991743.9,447887.0,1434630.9
2024-01-14,161382.5,7302.0,154080.5,237960.75,35758.0,0.0,473524.6,1795.0,639632.1,273718.75,910420.85
2024-01-15,297120.0,13317.0,283803.0,493653.25,89984.0,0.0,1079554.2,2574.0,1383908.2,583637.25,1962885.45
2024-01-16,308257.6,13824.1,294433.5,546677.5,128919.75,0.0,1030264.0,3672.0,1347403.6,675597.25,2017790.85
2024-01-17,292177.0,13133.5,279043.5,553797.75,126084.0,0.0,890542.6,3089.5,1191719.1,679881.75,1865690.85
2024-01-18,269907.0,12172.0,257735.0,542184.0,125499.75,0.0,821864.2,1998.5,1099720.7,667683.75,1761453.45
2024-01-19,298898.7,13414.2,285484.5,544283.5,120574.0,0.0,867662.5,3411.5,1175432.7,664857.5,1834830.2
2024-01-20,262425.4,11739.4,250686.0,419368.0,66960.75,0.0,735049.4,2832.5,1004717.3,486328.75,1486636.05
2024-01-21,149747.1,6838.6,142908.5,238939.25,36826.75,0.0,458577.1,1932.5,614166.7,275766.0,886022.7
2024-01-22,290919.8,13111.3,277808.5,532019.0,127974.5,0.0,1119850.2,3935.5,1420135.5,659993.5,2074699.0
2024-01-23,290781.7,13058.7,277723.0,545908.0,130340.0,0.0,896335.8,2839.0,1195486.5,676248.0,1866204.5
2024-01-24,277546.6,12496.6,265050.0,538431.5,127632.5,0.0,816034.4,2921.5,1102072.5,666064.0,1762566.5
2024-01-25,287877.5,12928.5,274949.0,536132.5,126886.75,0.0,793990.7,2926.5,1089854.7,663019.25,1747813.95
2024-01-26,319558.6,14295.1,305263.5,546169.25,120987.25,0.0,878251.1,3901.5,1207091.2,667156.5,1868867.7
2024-01-27,256958.5,11478.5,245480.0,399465.5,66580.75,0.0,724480.8,2462.5,989331.8,466046.25,1449948.05
2024-01-28,175279.5,7908.5,167371.0,248368.0,37895.5,0.0,477989.2,1976.5,659495.2,286263.5,941508.7
2024-01-29,288417.1,13012.1,275405.0,524566.25,125461.75,0.0,1103568.4,4026.7,1401552.7,650028.0,2046040.2
2024-01-30,288281.5,13019.0,275262.5,552615.0,130254.5,0.0,948656.9,2949.0,1244957.4,682869.5,1922756.9
2024-01-31,288425.0,13001.0,275424.0,545556.5,129128.75,0.0,897459.3,2601.5,1193415.8,674685.25,1863171.05
2024-02-01,286025.6,12891.1,273134.5,550810.0,132325.5,0.0,890132.9,3292.0,1183800.5,683135.5,1862586.0
2024-02-02,301603.0,13544.0,288059.0,547228.5,124711.25,351.5,901276.4,3517.5,1210766.9,672291.25,1878688.15
2024-02-03,255113.6,11486.1,243627.5,400581.75,66471.5,232.75,719469.9,2276.5,981741.0,467286.0,1444146.0
2024-02-04,165621.1,7550.6,158070.5,255759.0,38057.0,285.0,448808.4,1646.0,618985.5,294101.0,910176.5
2024-02-05,160108.5,7101.5,153007.0,253322.25,39596.0,218.5,492155.1,2035.0,657428.6,293136.75,947435.35
2024-02-06,316837.8,14186.8,302651.0,547850.75,134173.25,1282.5,1115015.9,3784.0,1440877.7,683306.5,2118944.2
2024-02-07,290766.2,12986.2,277780.0,550667.5,129779.5,2142.25,847907.1,2579.5,1145902.8,682589.25,1823842.0499999998
2024-02-08,280916.2,12721.7,268194.5,544625.5,128924.5,3154.0,800017.3,2638.0,1086761.5,676704.0,1760275.5
2024-02-09,310064.9,13968.9,296096.0,552501.0,123628.25,4180.0,850788.9,2752.5,1166406.3,680309.25,1843915.55
2024-02-10,253577.2,11374.7,242202.5,397826.75,66086.75,2807.25,708786.2,2736.0,967879.4,466720.75,1431820.15
2024-02-11,159633.0,7243.5,152389.5,227506.0,34717.75,1776.5,443571.8,1355.0,606399.8,264000.25,868560.05
2024-02-12,297412.0,13343.0,284069.0,532655.5,126236.0,5082.5,1102890.7,2939.5,1406492.2,663974.0,2067216.2
2024-02-13,287693.0,12915.0,274778.0,535144.5,124606.75,6189.25,838210.8,2954.5,1131738.3,665940.5,1794798.8
2024-02-14,301713.2,13606.7,288106.5,549432.5,124307.5,7015.75,778658.1,2826.0,1085908.3,680755.75,1763953.0499999998
2024-02-15,279921.8,12582.3,267339.5,532912.0,120683.25,8483.5,855096.1,2844.5,1139642.4,662078.75,1799941.15
2024-02-16,236833.6,10714.6,226119.0,443056.25,84222.25,7039.5,706133.1,2434.5,947591.2,534318.0,1479719.2
2024-02-17,270506.3,12049.3,258457.0,420674.25,58296.75,7357.75,771900.2,2062.0,1050268.5,486328.75,1530797.25
2024-02-18,179202.0,8059.5,171142.5,279072.0,34480.25,4731.0,518664.9,2122.0,704988.9,318283.25,1018272.15
2024-02-19,302327.1,13422.6,288904.5,540407.5,113368.25,11195.75,1124529.3,2969.0,1434835.4,664971.5,2094796.9
2024-02-20,293863.5,13119.5,280744.0,555650.25,115577.0,13162.25,888856.3,3011.5,1190881.3,684389.5,1870120.8
2024-02-21,293087.5,13141.5,279946.0,546573.0,114014.25,15147.75,794595.8,2315.5,1093458.8,675735.0,1765733.8
2024-02-22,294230.3,13115.8,281114.5,548069.25,112831.5,16316.25,785063.0,2875.0,1086330.3,677217.0,1759385.3
2024-02-23,313328.1,13992.6,299335.5,548340.0,104025.0,19038.0,842136.5,2877.5,1163513.1,671403.0,1829745.1
2024-02-24,254563.1,11258.6,243304.5,402733.5,54610.75,12122.0,698937.1,2822.0,960222.2,469466.25,1425788.45
2024-02-25,162811.5,7287.0,155524.5,233856.75,29872.75,7533.5,431153.2,1920.5,598305.2,271263.0,867148.2
2024-02-26,297393.5,13277.0,284116.5,528052.75,109221.5,20178.0,1079304.6,3155.5,1383793.6,657452.25,2037305.85
2024-02-27,280977.6,12507.6,268470.0,543385.75,111226.0,22505.5,834765.5,2785.0,1122548.1,677117.25,1795645.35
2024-02-28,280898.0,12589.5,268308.5,541595.0,108490.0,23930.5,795296.9,2673.0,1082407.9,674015.5,1752883.4
2024-02-29,291491.6,13027.6,278464.0,548083.5,109943.5,26272.25,857057.6,3193.5,1155353.7,684299.25,1836041.95
2024-03-01,284936.0,12789.5,272146.5,531282.75,101730.75,27678.25,884301.6,3686.2,1175983.8,660691.75,1833615.55
2024-03-02,273559.6,12129.1,261430.5,441127.75,57546.25,19109.25,741224.0,2796.4,1021020.0,517783.25,1535363.25
2024-03-03,175091.1,7881.6,167209.5,248771.75,30609.0,11409.5,478905.0,1968.5,659024.6,290790.25,946754.85
2024-03-04,301393.5,13458.0,287935.5,525036.5,104471.5,29260.0,1095805.6,2882.0,1406361.1,658768.0,2058849.1
2024-03-05,271457.0,12192.5,259264.5,543694.5,105521.25,32675.25,852658.5,2809.0,1130905.5,681891.0,1808815.5
2024-03-06,268462.4,12066.9,256395.5,536959.0,101061.0,33630.0,779529.1,2959.5,1056811.0,671650.0,1722601.0
2024-03-07,267917.3,12025.3,255892.0,530361.25,98467.5,34850.75,757920.4,2027.5,1032245.2,663679.5,1691544.7000000002
2024-03-08,267634.5,11923.0,255711.5,491036.0,72822.25,30784.75,736750.5,2739.5,1010714.5,594643.0,1601767.5
2024-03-09,238166.6,10632.1,227534.5,396653.5,47153.25,21337.0,697735.9,2605.0,942617.5,465143.75,1403651.25
2024-03-10,150658.0,6799.5,143858.5,234545.5,26837.5,13209.75,448434.7,1105.5,604248.2,274592.75,874790.95
2024-03-11,277302.6,12480.6,264822.0,512572.5,93817.25,38655.5,1056744.5,3084.5,1341621.6,645045.25,1982176.85
2024-03-12,266824.5,11958.5,254866.0,529435.0,96852.5,42004.25,811434.4,2669.5,1085258.4,668291.75,1749220.15
2024-03-13,264291.5,11867.0,252424.5,529506.25,93247.25,43120.5,743929.9,2081.0,1014852.4,665874.0,1676176.4
2024-03-14,260156.2,11693.2,248463.0,528841.25,91033.75,44916.0,750438.7,2431.5,1017286.4,664791.0,1677817.4
2024-03-15,282490.7,12595.7,269895.0,535785.75,83685.5,45386.25,853161.3,3016.0,1144018.0,664857.5,1803525.5
2024-03-16,247022.5,11061.5,235961.0,394240.5,46222.25,25194.0,685777.3,2197.0,940546.8,465656.75,1400653.55
2024-03-17,163129.5,7320.0,155809.5,253716.5,27350.5,15280.75,423091.4,2040.0,591920.9,296347.75,884608.65
2024-03-18,161174.5,7151.0,154023.5,243855.5,27987.0,15499.25,458738.7,1857.0,624440.2,287341.75,909111.95
2024-03-19,280648.5,12549.0,268099.5,515622.0,88943.75,49794.25,1003874.9,3210.5,1292811.4,654360.0,1942093.9
2024-03-20,272390.0,12232.5,260157.5,527886.5,86763.5,51998.25,771911.1,3486.0,1052357.1,666648.25,1714435.35
2024-03-21,268288.1,12044.6,256243.5,524233.75,83904.0,51722.75,724643.7,2427.0,999268.8,659860.5,1655219.2999999998
2024-03-22,274636.0,12179.5,262456.5,506701.5,76280.25,49989.0,733243.0,2426.0,1013805.0,632970.75,1643275.75
2024-03-23,230261.6,10213.1,220048.5,384973.25,41529.25,27298.25,640395.1,1849.5,876996.2,453800.75,1326306.95
2024-03-24,151085.5,6894.5,144191.0,220585.25,23308.25,14848.5,380174.6,1899.0,536989.1,258742.0,791901.1
2024-03-25,232715.6,10463.1,222252.5,409849.0,42123.0,28048.75,749956.5,2813.5,989776.6,480020.75,1465506.35
2024-03-26,230748.1,10281.6,220466.5,419881.0,43723.75,29231.5,602877.5,1317.0,838792.6,492836.25,1327778.85
2024-03-27,231001.6,10326.1,220675.5,412751.25,43429.25,28775.5,612428.4,1295.5,848775.5,484956.0,1329681.5
2024-03-28,191165.0,8489.5,182675.5,315675.5,31996.0,20201.75,490429.9,1971.5,686937.4,367873.25,1051439.65
2024-03-30,179445.5,7970.5,171475.0,263596.5,25730.75,17242.5,420319.2,1694.5,604499.2,306569.75,908028.95
2024-04-01,248150.7,11049.7,237101.0,413164.5,44996.75,28780.25,839018.0,2737.7,1095186.4,486941.5,1576847.9
2024-04-02,240813.2,10675.7,230137.5,431699.0,46051.25,29858.5,689423.9,2272.5,937003.6,507608.75,1440118.35
2024-04-03,226496.2,10057.7,216438.5,430929.5,45267.5,29692.25,628183.05,1825.0,860614.25,505889.25,1362393.5
2024-04-04,235391.1,10488.1,224903.0,425072.75,45172.5,29236.25,622789.1,2151.0,863521.2,499481.5,1359812.7
2024-04-05,248387.1,11020.1,237367.0,437608.0,45106.0,29796.75,675089.5,2332.5,929099.1,512510.75,1438319.85
2024-04-06,228066.1,10250.1,217816.0,366970.75,35914.75,24130.0,636987.7,2484.7,871993.5,427015.5,1294553.9999999998
2024-04-07,150878.5,6820.5,144058.0,219554.5,23940.0,15603.75,413057.9,1834.5,569850.9,259098.25,824869.15
2024-04-08,250831.6,11384.1,239447.5,468943.75,69701.5,50136.25,967386.2,3034.5,1225803.3,588781.5,1810033.7999999998
2024-04-09,264190.2,11936.7,252253.5,515826.25,80156.25,56154.5,798576.6,2158.0,1069424.8,652137.0,1717061.7999999998
2024-04-10,264254.0,11953.0,252301.0,516087.5,79595.75,56672.25,719590.85,2582.0,990626.85,652355.5,1638782.35
2024-04-11,261402.5,11894.5,249508.0,512225.75,80650.25,55337.5,730099.9,2838.0,997550.4,648213.5,1642553.9
2024-04-12,281269.5,12704.5,268565.0,519721.25,77140.0,52615.75,776387.5,2012.5,1063499.5,649477.0,1709146.5
2024-04-13,227888.6,10186.6,217702.0,395537.25,44996.75,29464.25,688819.8,2894.0,923012.4,469998.25,1389600.65
2024-04-14,156434.2,7008.7,149425.5,235248.5,25118.0,16853.0,419336.8,1304.0,579745.0,277219.5,854294.5
2024-04-15,276091.0,12323.5,263767.5,507409.25,81524.25,55551.25,1067685.2,2828.0,1351304.2,644484.75,1991088.95
2024-04-16,271432.1,12158.1,259274.0,522348.0,83110.75,56558.25,836439.2,3040.5,1115341.8,662017.0,1772928.7999999998
2024-04-17,262221.6,11782.6,250439.0,516671.75,80137.25,54069.25,740603.2,2213.5,1008448.3,650878.25,1655916.5499999998
2024-04-18,254216.0,11434.0,242782.0,507015.0,79367.75,53209.5,711201.6,3002.0,971959.6,639592.25,1608011.85
2024-04-19,286574.5,12841.5,273733.0,512002.5,75681.75,50226.5,751587.6,2710.0,1044347.6,637910.75,1678782.85
2024-04-20,245946.4,10935.4,235011.0,392288.25,44013.5,27583.25,668144.5,2755.5,920876.4,463885.0,1380731.4
2024-04-21,151342.5,6857.0,144485.5,220989.0,23921.0,15371.0,407213.7,1743.5,563009.7,260281.0,820580.7
2024-04-22,267167.0,12063.5,255103.5,498108.75,79334.5,53974.25,1003251.8,2925.0,1278043.8,631417.5,1904761.3
2024-04-23,267073.1,12045.6,255027.5,514572.25,81709.5,54582.25,790322.0,2029.5,1063034.6,650864.0,1710288.6
2024-04-24,265716.6,11971.6,253745.0,514377.5,79306.0,52915.0,739531.2,2196.0,1012983.8,646598.5,1654042.2999999998
2024-04-25,259751.7,11678.2,248073.5,504421.5,78218.25,52454.25,702510.05,2211.5,967923.25,635094.0,1599567.25
2024-04-26,286248.0,12714.5,273533.5,517588.5,74674.75,50098.25,761637.2,2817.0,1055382.2,642361.5,1693063.7
2024-04-27,253729.2,11355.7,242373.5,408481.0,44350.75,28542.75,674179.7,2512.5,935081.4,481374.5,1411795.9
2024-04-28,163952.5,7430.5,156522.0,240364.25,25778.25,16116.75,423358.2,1972.5,592493.2,282259.25,871542.45
2024-04-29,281536.2,12667.2,268869.0,501942.0,79116.0,52763.0,1019790.7,2255.5,1309102.4,633821.0,1937403.4
2024-04-30,275090.7,12330.2,262760.5,527026.75,82992.0,54743.75,830634.5,2284.5,1113369.7,664762.5,1772772.2
2024-05-01,165295.0,7405.0,157890.0,267387.0,28405.0,17499.0,439396.0,2119.0,610370.0,313291.0,920101.0
2024-05-02,262939.6,11769.1,251170.5,511066.75,83353.0,54302.0,811647.9,2407.5,1081535.0,648721.75,1725716.75
2024-05-03,275040.1,12365.1,262675.0,508558.75,76836.0,49034.25,775626.7,2004.0,1056230.8,634429.0,1687099.7999999998
2024-05-04,230323.9,10208.9,220115.0,384954.25,43624.0,27265.0,646117.6,2500.5,884162.0,455843.25,1334785.25
2024-05-05,158200.1,7178.6,151021.5,244549.0,26015.75,15960.0,432468.7,1500.0,596308.8,286524.75,878693.55
2024-05-06,276594.6,12380.6,264214.0,508468.5,82274.75,53361.5,1004571.2,2689.5,1289119.3,644104.75,1927960.0499999998
2024-05-07,274186.1,12337.6,261848.5,524666.0,84535.75,54150.0,793744.2,2304.0,1075014.3,663351.75,1733586.0499999998
2024-05-08,272528.5,12257.0,260271.5,520666.5,83186.75,52729.75,729868.9,1636.0,1008063.4,656583.0,1660616.4
2024-05-09,272378.3,12192.3,260186.0,515693.25,82512.25,51200.25,710015.9,1777.5,987981.7,649405.75,1633577.4500000002
2024-05-10,250725.6,8941.1,241784.5,451739.25,58330.0,34898.25,672221.9,2545.0,929772.5,544967.5,1470460.0
2024-05-11,229309.6,10296.6,219013.0,371340.75,40940.25,24263.0,650033.9,1892.5,885227.0,436544.0,1317780.0
2024-05-12,163365.6,7356.6,156009.0,257193.5,26072.75,16121.5,429351.4,1682.0,597829.0,299387.75,893786.75
2024-05-13,289856.1,13102.1,276754.0,498545.75,80384.25,49333.5,993235.0,2831.5,1291052.6,628263.5,1914186.1
2024-05-14,267832.0,12092.0,255740.0,512548.75,80398.5,48977.25,786965.4,2308.0,1061046.4,641924.5,1699029.9
2024-05-15,253056.0,11347.5,241708.5,456470.25,50801.25,29735.0,714158.3,2677.0,973981.3,537006.5,1506897.8
2024-05-16,281676.5,12712.5,268964.0,519341.25,80574.25,47609.25,809396.0,2612.5,1098945.0,647524.75,1741209.75
2024-05-17,284931.0,12813.0,272118.0,497220.5,67573.5,38570.0,781772.0,2183.5,1073656.5,603364.0,1672250.5
2024-05-18,263681.5,11779.5,251902.0,434715.25,43320.0,25227.25,712135.6,3080.5,985977.6,503262.5,1482160.1
2024-05-19,155616.0,7064.5,148551.5,225710.5,24158.5,13846.25,417655.5,1662.5,579134.0,263715.25,838649.25
2024-05-20,282092.2,12710.2,269382.0,490637.0,78797.75,43324.75,955238.5,2377.0,1244307.7,612759.5,1852467.2
2024-05-21,266679.5,12060.5,254619.0,498180.0,78170.75,42028.0,766681.1,2198.5,1039914.1,618378.75,1653937.85
2024-05-22,270118.5,12165.0,257953.5,504625.75,76812.25,41847.5,728134.8,2217.0,1003932.3,623285.5,1623755.8
2024-05-23,261677.7,11742.2,249935.5,489406.75,72062.25,37867.0,700758.4,2014.0,967410.1,599336.0,1563786.1
2024-05-24,279711.0,12552.0,267159.0,486357.25,68362.0,35487.25,724504.4,2511.0,1010236.4,590206.5,1596932.9
2024-05-25,262276.1,11742.1,250534.0,402766.75,42365.25,23555.25,673791.9,2370.5,942188.5,468687.25,1407125.75
2024-05-27,272331.8,12278.8,260053.0,452489.75,64072.75,32157.5,928507.6,2835.0,1208054.4,548720.0,1752394.4
2024-05-28,275712.5,12382.0,263330.5,482761.5,65583.25,33848.5,726200.8,2271.5,1009104.8,582193.25,1586378.05
2024-05-29,255311.2,11474.7,243836.5,463167.75,61602.75,30281.25,676315.0,2765.0,938901.2,555051.75,1489442.95
2024-05-30,254239.0,11390.5,242848.5,464844.5,62752.25,30528.25,700354.0,2290.5,960563.5,558125.0,1515008.5
2024-05-31,281640.0,12638.0,269002.0,477964.0,61788.0,30537.75,800326.5,2301.5,1088223.0,570289.75,1654557.75
2024-06-01,235107.0,10536.5,224570.5,379624.75,42792.75,20857.25,710805.7,1867.5,953460.2,443274.75,1391054.95
2024-06-02,156871.5,7180.0,149691.5,245119.0,26951.5,12088.75,444801.1,1642.5,608395.1,284159.25,887474.35
2024-06-03,260056.6,11726.6,248330.0,448865.5,63398.25,29554.5,959148.1,3590.0,1226904.7,541818.25,1764612.95
2024-06-04,251692.0,11351.5,240340.5,466511.75,64148.75,29383.5,745095.0,1682.0,1003239.0,560044.0,1558513.0
2024-06-05,251081.5,11292.0,239789.5,472230.75,62833.0,28633.0,705533.81,2343.0,963888.31,563696.75,1522655.06
2024-06-06,246485.6,11113.6,235372.0,463980.0,62296.25,27849.25,679514.7,2403.5,933065.8,554125.5,1482529.2999999998
2024-06-07,258929.6,11587.6,247342.0,463733.0,61735.75,27265.0,720000.7,1873.0,985703.3,552733.75,1533537.0499999998
2024-06-08,231233.5,10406.0,220827.5,374765.5,40436.75,18567.75,662698.0,1523.5,901045.0,433770.0,1329225.0
2024-06-09,152732.0,6973.5,145758.5,220048.5,25374.5,12188.5,406616.8,1635.5,564615.3,257611.5,818595.8
2024-06-10,247191.3,11068.8,236122.5,411169.5,48374.0,21907.0,841328.0,2145.5,1095344.8,481450.5,1572115.3
2024-06-11,247087.7,11022.2,236065.5,461628.75,62068.25,26923.0,768123.8,2420.0,1021411.5,550620.0,1568251.5
2024-06-12,250092.5,11139.0,238953.5,463965.75,61645.5,25977.75,674677.5,1807.5,930087.5,551589.0,1478166.5
2024-06-13,245027.6,10976.1,234051.5,460664.5,62600.25,25631.0,663368.5,2615.0,915321.1,548895.75,1459906.85
2024-06-14,267634.0,11913.0,255721.0,474126.0,63517.0,25816.25,776070.9,2383.0,1050257.9,563459.25,1609547.15
2024-06-15,265898.0,11725.5,254172.5,396976.5,43937.5,19095.0,689555.6,2270.5,962706.1,460009.0,1417733.1
2024-06-16,158471.5,7212.5,151259.0,229928.5,25436.25,10963.0,435520.8,1052.5,597994.8,266327.75,861372.55
2024-06-17,262573.0,11801.5,250771.5,447801.5,61868.75,24481.5,953922.6,2463.0,1223088.6,534151.75,1753110.35
2024-06-18,252249.1,11357.6,240891.5,462042.0,63916.0,25787.75,738142.8,2567.5,997699.4,551745.75,1544705.15
2024-06-19,245799.5,11073.5,234726.0,461576.5,63882.75,25056.25,700207.1,1638.5,952616.1,550515.5,1498160.6
2024-06-20,228233.6,10313.1,217920.5,423111.0,58539.0,22092.25,598632.5,1374.5,830850.6,503742.25,1331982.85
2024-06-21,241798.0,10862.5,230935.5,439707.5,60030.5,22401.0,700049.9,2431.7,947689.6,522139.0,1466418.5999999999
2024-06-22,228844.5,10173.5,218671.0,370395.5,41871.25,16981.25,661585.3,2344.5,896834.3,429248.0,1322022.3
2024-06-24,230882.5,10435.0,220447.5,399332.5,55503.75,21042.5,823674.6,2401.0,1060328.1,475878.75,1532836.85
2024-06-25,227656.1,10258.1,217398.0,428792.0,59242.0,22040.0,691198.8,2162.5,925807.4,510074.0,1431091.4
2024-06-26,250192.1,11257.6,238934.5,463861.25,63726.0,23688.25,680362.6,2201.0,936870.7,551275.5,1484031.2
2024-06-27,229977.5,10290.0,219687.5,430734.75,61422.25,22396.25,621264.3,1889.5,856541.3,514553.25,1367684.55
2024-06-28,225465.5,10081.5,215384.0,408913.25,56781.5,20881.0,676451.4,1991.5,907129.4,486575.75,1390484.15
2024-06-29,232540.1,10401.6,222138.5,373193.25,43049.25,16292.5,714112.1,2045.5,952107.7,432535.0,1381232.7
2024-06-30,163859.5,7413.5,156446.0,230474.75,28063.0,10811.0,447007.5,1674.0,615141.0,269348.75,881889.75
2024-07-01,269107.5,12085.0,257022.5,451174.0,66025.0,22743.0,989130.7,2864.5,1265992.7,539942.0,1801044.7
2024-07-02,240409.0,10908.0,229501.0,449625.5,63374.5,22030.5,710325.3,2540.5,957864.8,535030.5,1488305.3
2024-07-03,246114.5,10913.5,235201.0,446466.75,63735.5,21356.0,675505.3,2172.0,926631.8,531558.25,1455350.05
2024-07-04,255399.0,11458.0,243941.0,458983.0,65217.5,22182.5,698457.7,1800.0,957831.7,546383.0,1502039.7
2024-07-05,265532.6,11930.1,253602.5,464056.0,65545.25,22258.5,743358.8,2444.5,1015065.9,551859.75,1563195.65
2024-07-06,226424.5,10033.5,216391.0,351248.25,42602.75,14587.25,632344.4,2527.0,864935.9,408438.25,1269734.15
2024-07-07,157000.0,7118.5,149881.5,225990.75,27654.5,9718.5,422481.9,1549.5,584481.4,263363.75,844395.15
2024-07-08,253480.5,11344.5,242136.0,436905.0,63455.25,20748.0,879446.9,2588.0,1138885.4,521108.25,1656623.65
2024-07-09,248709.0,11209.0,237500.0,444191.5,63678.5,19859.75,702819.6,1965.0,957413.6,527729.75,1481223.35
2024-07-10,250185.5,11175.0,239010.5,450399.75,63118.0,20743.25,669084.3,1837.5,926017.3,534261.0,1455368.3
2024-07-11,233844.0,10546.5,223297.5,445374.25,61156.25,19707.75,647978.6,3236.5,887470.1,526238.25,1411297.35
2024-07-12,266698.5,12032.0,254666.5,461647.75,63023.0,20572.25,750514.2,2505.0,1023597.7,545243.0,1564960.7
2024-07-13,241396.6,10803.1,230593.5,379007.25,45424.25,15608.5,688000.2,2155.0,936251.8,440040.0,1371591.7999999998
2024-07-14,156841.6,7150.1,149691.5,225582.25,28162.75,9362.25,416690.2,1274.2,576776.0,263107.25,837913.25
2024-07-15,259788.0,11705.0,248083.0,438866.75,62381.75,19755.25,912172.7,2594.5,1176055.2,521003.75,1695558.95
2024-07-16,265298.5,11933.5,253365.0,474392.0,64096.5,19859.75,785770.1,2672.5,1054541.1,558348.25,1612089.35
2024-07-17,255356.5,11501.0,243855.5,453359.0,61203.75,19099.75,692599.0,1991.5,950637.0,533662.5,1483609.5
2024-07-18,242479.6,10955.1,231524.5,444243.75,58187.5,18159.25,669449.5,2081.5,914530.6,520590.5,1434601.1
2024-07-19,255105.0,11477.5,243627.5,447849.0,60011.5,18396.75,732082.9,2450.0,989957.9,526257.25,1515895.15
2024-07-20,206060.5,9287.0,196773.5,326481.75,37510.75,11081.75,576166.6,1743.0,784200.1,375074.25,1159044.35
2024-07-21,147364.0,6640.5,140723.5,209679.25,25811.5,8217.5,397473.9,1502.0,546569.9,243708.25,790048.15
2024-07-22,253916.1,11409.6,242506.5,441555.25,58235.0,17760.25,901740.2,1912.5,1157598.8,517550.5,1675119.2999999998
2024-07-23,245318.5,11067.5,234251.0,448509.25,59028.25,17418.25,695714.2,2529.0,943561.7,524955.75,1468517.45
2024-07-24,226652.5,10119.0,216533.5,407754.25,53751.0,15779.5,621580.0,2329.5,850562.0,477284.75,1327846.75
2024-07-25,235277.1,10545.1,224732.0,427937.0,55057.25,15641.75,618035.6,2807.0,856179.7,498636.0,1354755.7
2024-07-26,243366.6,10987.1,232379.5,435769.75,54829.25,15565.75,677722.1,1363.5,922452.2,506164.75,1428616.95
2024-07-27,227337.5,10148.5,217189.0,351519.0,41961.5,11908.25,643371.0,2099.0,872837.5,405388.75,1278196.25
2024-07-28,186546.0,8335.5,178210.5,261326.0,30822.75,9319.5,429408.4,1565.0,617519.4,301468.25,918987.65
2024-07-29,256844.0,11487.5,245356.5,425362.5,55527.5,15679.75,858933.6,3239.5,1119017.1,496569.75,1615586.85
2024-07-30,243977.0,11008.5,232968.5,437489.25,57351.5,15912.5,704481.3,2432.0,950980.3,510753.25,1461643.55
2024-07-31,252667.0,11262.5,241404.5,443260.5,57574.75,16088.25,735765.8,2475.0,990907.8,516923.5,1507831.3
2024-08-01,255396.0,11436.0,243960.0,436629.5,60044.75,16577.5,700476.3,2561.5,958433.8,513251.75,1471685.55
2024-08-02,261486.5,11608.0,249878.5,446889.5,59664.75,16696.25,730315.9,2867.0,994789.4,523250.5,1517919.9
2024-08-03,244203.5,10902.5,233301.0,375121.75,45148.75,12008.0,670087.8,2138.5,916599.8,432278.5,1348708.3
2024-08-04,161836.0,7347.0,154489.0,232702.5,28124.75,8246.0,420261.1,1763.5,584050.6,269073.25,852933.85
2024-08-05,253618.0,11320.5,242297.5,424445.75,58686.25,15884.0,871610.6,2608.5,1127867.1,499016.0,1626853.1
2024-08-06,259337.5,11549.0,247788.5,459690.75,62989.75,17261.5,740977.0,2624.5,1002969.0,539942.0,1542881.0
2024-08-07,253812.5,11277.5,242535.0,453587.0,61959.0,16226.0,676154.4,1853.0,931949.9,531772.0,1463591.9
2024-08-08,261448.0,11588.5,249859.5,465960.75,62543.25,16511.0,684081.8,2985.0,948634.8,545015.0,1493529.8
2024-08-09,271684.0,12115.5,259568.5,462783.0,62671.5,16487.25,735298.3,1976.7,1009079.0,541941.75,1550900.75
2024-08-10,244061.5,10960.0,233101.5,389827.75,46108.25,12331.0,685911.35,2533.5,933036.35,448267.0,1380773.35
2024-08-11,166892.5,7558.5,159334.0,234764.0,29697.0,8037.0,434654.9,1724.5,603361.9,272498.0,875769.9
2024-08-12,295762.5,13356.0,282406.5,525430.75,93774.5,25996.75,1102130.7,3739.5,1401632.7,645202.0,2046834.7
2024-08-13,283329.6,12750.6,270579.0,528570.5,94634.25,25935.0,806619.9,3419.5,1093369.0,649139.75,1742508.75
2024-08-14,276978.0,12498.0,264480.0,520139.25,93537.0,23740.5,743382.4,1749.0,1022109.4,637416.75,1659526.15
2024-08-15,282178.0,12682.0,269496.0,532413.25,95736.25,23436.5,817197.6,2484.0,1101859.6,651586.0,1753445.6
2024-08-16,297119.5,13278.5,283841.0,523782.5,90834.25,22353.5,858652.3,3157.4,1159049.2,636970.25,1795899.45
2024-08-17,241451.2,10914.7,230536.5,368946.75,50098.25,11124.5,660129.3,2474.5,904145.0,430169.5,1334224.5
2024-08-18,154127.0,6867.5,147259.5,234274.75,28780.25,6711.75,448870.4,1431.5,604528.9,269766.75,874195.65
2024-08-19,299767.0,13579.5,286187.5,528043.25,95665.0,22272.75,1075849.5,3477.0,1379143.5,645981.0,2025074.5
2024-08-20,294807.0,13388.5,281418.5,538944.5,96662.5,23298.75,827635.7,2727.0,1125199.7,658905.75,1784075.45
2024-08-21,287351.5,12991.5,274360.0,536963.75,96748.0,21907.0,782173.1,2766.0,1072290.6,655618.75,1727909.35
2024-08-22,286198.0,12902.0,273296.0,531753.0,96548.5,21189.75,761380.3,2612.5,1052550.8,649491.25,1699682.05
2024-08-23,295732.5,13373.5,282359.0,531567.75,92363.75,20325.25,794884.7,3373.0,1099990.2,644256.75,1738246.95
2024-08-24,260185.5,11675.0,248510.5,423738.0,55461.0,11832.25,723606.9,3008.5,994200.9,491031.25,1477832.15
2024-08-25,164890.5,7475.5,157415.0,239062.75,29597.25,6868.5,461712.9,1976.0,633219.9,275528.5,904107.9
2024-08-26,278822.5,12613.5,266209.0,523872.75,98097.0,20211.25,1111244.6,3855.0,1401832.1,642181.0,2036103.1
2024-08-27,283839.0,12861.0,270978.0,539167.75,101127.5,20676.75,830519.8,2163.0,1123376.8,660972.0,1777493.8
2024-08-28,277132.0,12528.5,264603.5,541818.25,100381.75,20510.5,771729.7,2844.5,1057426.7,662710.5,1714416.7
2024-08-29,244378.0,11029.5,233348.5,484025.0,92378.0,17442.0,710745.6,2411.0,962327.6,593845.0,1551379.6
2024-08-30,279886.0,12670.0,267216.0,507091.0,91290.25,17727.0,816209.9,2818.5,1103504.4,616108.25,1715022.65
2024-08-31,239064.5,10865.0,228199.5,404396.0,61631.25,850.25,789835.1,2756.5,1037736.1,466877.5,1498533.6
2024-09-01,158932.0,7283.5,151648.5,233785.5,35059.75,513.0,481694.9,1192.0,646324.9,269358.25,911177.15
2024-09-02,294209.2,13332.2,280877.0,514809.75,114636.5,1890.5,1111195.7,4287.0,1416501.9,631336.75,2041028.65
2024-09-03,287979.0,13087.0,274892.0,555412.75,118873.5,2432.0,928494.6,2982.5,1226386.1,676718.25,1896174.35
2024-09-04,286773.5,12993.0,273780.5,547361.5,113259.0,3249.0,815847.5,2932.0,1110713.0,663869.5,1769422.5
2024-09-05,282579.0,12788.5,269790.5,543233.75,113392.0,3852.25,806890.4,3013.0,1098103.4,660478.0,1752960.4
2024-09-06,276557.5,12514.5,264043.0,530665.25,105825.25,4479.25,816650.0,2835.5,1101143.0,640969.75,1737012.75
2024-09-07,244708.0,10998.5,233709.5,407692.5,60876.0,3424.75,719863.9,2538.0,971619.9,471993.25,1439103.15
2024-09-08,157853.0,7240.0,150613.0,236445.5,33368.75,2261.0,472309.9,1499.0,635251.9,272075.25,903737.15
2024-09-09,294250.0,13373.0,280877.0,542630.5,112133.25,5704.75,1158141.0,3851.5,1462953.5,660468.5,2116711.0
2024-09-10,284497.0,12892.0,271605.0,557968.25,113035.75,6441.0,887974.0,2122.5,1179843.5,677445.0,1852038.5
2024-09-11,285410.0,12874.0,272536.0,557027.75,111211.75,7414.75,821723.2,2257.0,1114780.2,675654.25,1785044.45
2024-09-12,285421.5,12971.0,272450.5,550135.5,109026.75,8317.25,783869.0,2869.5,1076460.0,667479.5,1739639.5
2024-09-13,303606.0,13713.5,289892.5,554348.75,102410.0,10112.75,875342.4,3841.5,1187901.9,666871.5,1849661.4
2024-09-14,243805.5,11103.0,232702.5,390687.5,52235.75,6474.25,725720.6,2481.5,976117.6,449397.5,1421405.1
2024-09-15,169814.0,7744.0,162070.0,251332.0,31896.25,4094.5,436537.4,1879.0,610491.4,287322.75,895553.15
2024-09-16,139299.0,6394.0,132905.0,217626.0,28837.25,3500.75,425606.5,1411.0,569186.5,249964.0,816280.5
2024-09-17,293414.0,13249.5,280164.5,518928.0,102837.5,10754.0,1088486.3,2628.0,1389009.3,632519.5,2017047.8
2024-09-18,290653.5,13092.0,277561.5,554139.75,105768.25,12259.75,871854.3,2131.5,1168169.3,672167.75,1836807.05
2024-09-19,279122.0,12675.5,266446.5,555127.75,104348.0,12939.0,786028.15,2664.0,1069734.15,672414.75,1740228.9
2024-09-20,296263.5,13410.5,282853.0,562675.5,100961.25,13908.0,832729.9,3312.7,1134546.1,677544.75,1809850.8499999999
2024-09-21,257285.5,11606.0,245679.5,416822.0,55855.25,9447.75,717174.7,2808.0,980390.2,482125.0,1459393.2
2024-09-22,151996.0,6988.0,145008.0,240563.75,30580.5,5804.5,444163.0,1562.5,598881.5,276948.75,874670.25
2024-09-23,286379.5,12998.0,273381.5,537253.5,100966.0,15380.5,1110804.5,3153.5,1402937.5,653600.0,2053937.5
2024-09-24,287843.5,12980.0,274863.5,550653.25,101369.75,17209.25,848642.9,2690.0,1141206.4,669232.25,1808408.65
2024-09-25,275724.5,12517.5,263207.0,547043.25,98762.0,17964.5,778755.45,3660.0,1059199.95,663769.75,1721909.7
2024-09-26,277701.0,12622.5,265078.5,557198.75,97527.0,19403.75,809321.4,3462.5,1091744.9,674129.5,1764614.4
2024-09-27,267967.5,12199.0,255768.5,507746.5,83633.25,16843.5,756173.6,2567.0,1027068.1,608223.25,1634931.35
2024-09-28,235245.0,10703.0,224542.0,390483.25,47585.5,10972.5,681160.2,3043.5,919598.7,449041.25,1368489.95
2024-09-29,148489.0,6815.5,141673.5,224974.25,27744.75,6721.25,414625.7,1669.5,564784.2,259440.25,824224.45
2024-09-30,299106.5,13536.5,285570.0,519811.5,88578.0,19465.5,1018440.7,3152.0,1320819.2,627855.0,1948554.2
2024-10-01,186203.0,8401.0,177802.0,285760.0,33986.25,8982.25,460726.5,2166.5,649156.0,328728.5,977824.5
2024-10-02,304378.5,13764.0,290614.5,559151.0,101778.25,22448.5,966762.1,3032.0,1274512.6,683377.75,1957550.35
2024-10-03,290295.5,13142.5,277153.0,558723.5,97474.75,22947.25,811798.0,1940.5,1104124.0,679145.5,1783179.5
2024-10-04,291674.5,13277.0,278397.5,553688.5,92169.0,22838.0,817379.1,2903.0,1111986.6,668695.5,1780652.1
2024-10-05,249461.5,11287.0,238174.5,401959.25,49381.0,14535.0,682171.3,2994.0,934716.8,465875.25,1400502.05
2024-10-06,153142.0,7041.5,146100.5,233263.0,28395.5,7837.5,422300.5,1353.0,576925.5,269496.0,846291.5
2024-10-07,286925.5,12993.0,273932.5,537134.75,93437.25,25094.25,1093830.9,2764.5,1383690.9,655666.25,2039187.15
2024-10-08,284432.5,12922.5,271510.0,545452.0,92401.75,27170.0,826269.45,2382.5,1113284.45,665023.75,1778108.2
2024-10-09,277419.2,12549.7,264869.5,545252.5,89874.75,27982.25,783767.8,2739.5,1064016.5,663109.5,1727036.0
2024-10-10,280997.5,12746.0,268251.5,546957.75,89542.25,28922.75,755366.7,2436.0,1038830.2,665422.75,1704222.95
2024-10-11,293659.5,13257.5,280402.0,539533.5,82469.5,28086.75,818419.1,3058.0,1115136.6,650089.75,1765226.35
2024-10-12,236556.0,10646.0,225910.0,388003.75,39833.5,14235.75,649088.7,2358.5,888063.2,442073.0,1330076.2
2024-10-13,165526.5,7484.5,158042.0,249251.5,27065.5,10321.75,451332.4,1772.5,618631.4,286638.75,905270.15
2024-10-14,288176.0,13046.5,275129.5,533581.75,83942.0,31264.5,1085237.6,3671.5,1377085.1,648788.25,2025873.35
2024-10-15,302674.5,13675.0,288999.5,566855.5,85666.25,32547.0,914794.1,2555.0,1220023.6,685068.75,1905092.35
2024-10-16,285409.0,12949.0,272460.0,561397.75,82835.25,33639.5,838896.8,3011.0,1127316.8,677872.5,1805189.3
2024-10-17,283654.0,12818.5,270835.5,560143.75,82726.0,34304.5,812391.7,2876.0,1098921.7,677174.25,1776095.95
2024-10-18,305426.0,13747.5,291678.5,564784.5,78075.75,34551.5,830529.1,3789.0,1139744.1,677411.75,1817155.85
2024-10-19,261059.5,11779.5,249280.0,424099.0,45101.25,20843.0,723997.6,2592.0,987649.1,490043.25,1477692.35
2024-10-20,176453.5,7999.5,168454.0,264152.25,26262.75,11694.5,465496.7,1684.5,643634.7,302109.5,945744.2
2024-10-21,283176.0,12815.5,270360.5,540312.5,74223.5,36499.0,1060249.6,4121.0,1347576.6,651035.0,1998581.6
2024-10-22,292445.0,13249.5,279195.5,561307.5,76209.0,38921.5,832746.4,3298.5,1128489.9,676438.0,1804927.9
2024-10-23,286422.0,12850.5,273571.5,556030.25,74480.0,39453.5,768306.9,2734.0,1057462.9,669963.75,1727426.65
2024-10-24,281185.0,12724.5,268460.5,552691.0,73083.5,40033.0,737875.2,3444.0,1022504.2,665807.5,1688311.7
2024-10-25,305591.0,13675.0,291916.0,556814.0,69198.0,38560.5,818732.7,2332.0,1126655.7,664572.5,1791228.2
2024-10-26,276749.5,12231.5,264518.0,437627.0,42108.75,23341.5,720200.2,2721.0,999670.7,503077.25,1502747.95
2024-10-27,177984.5,8039.0,169945.5,268028.25,24529.0,13827.25,462953.2,2140.5,643078.2,306384.5,949462.7
2024-10-28,305529.5,13756.0,291773.5,536488.75,70404.5,42094.5,1025552.8,3391.0,1334503.3,648987.75,1983461.05
2024-10-29,287613.5,12883.0,274730.5,551893.0,71259.5,44412.5,824592.5,2557.0,1114823.0,667565.0,1782328.0
2024-10-30,289876.0,13093.5,276782.5,558300.75,71150.25,45661.75,790903.8,2865.5,1083645.3,675112.75,1758758.05
2024-10-31,277351.0,12519.5,264831.5,512805.25,62719.0,38973.75,728512.5,2700.5,1008564.0,614498.0,1623062.0
2024-11-01,296816.0,13307.5,283508.5,525706.25,68238.5,42716.75,848336.3,3200.5,1148352.8,636661.5,1785014.3
2024-11-02,241897.0,10781.0,231116.0,389704.25,35686.75,21636.25,676375.9,2736.5,921009.4,447027.25,1368036.65
2024-11-03,160632.5,7264.5,153368.0,231961.5,23085.0,14677.5,437451.2,1654.0,599737.7,269724.0,869461.7
2024-11-04,300415.0,13562.5,286852.5,533163.75,69730.0,47167.5,1082649.1,2275.5,1385339.6,650061.25,2035400.85
2024-11-05,286305.0,12961.5,273343.5,551399.0,70285.75,48454.75,826025.6,2601.0,1114931.6,670139.5,1785071.1
2024-11-06,297300.5,13402.5,283898.0,561554.5,70110.0,48141.25,766871.0,2483.2,1066684.7,679805.75,1746460.45
2024-11-07,284016.0,12791.0,271225.0,543647.0,68794.25,48692.25,753908.0,2157.0,1040081.0,661133.5,1701214.5
2024-11-08,295999.5,13346.0,282653.5,544549.5,65958.5,47775.5,793681.0,2867.0,1092547.5,658283.5,1750831.0
2024-11-09,266217.0,11921.0,254296.0,415268.75,38323.0,26562.0,683599.3,2708.5,952524.8,480153.75,1432678.55
2024-11-10,162554.0,7324.0,155230.0,234930.25,21940.25,15152.5,429929.2,1710.5,594193.7,272023.0,866216.7
2024-11-11,297844.0,13376.0,284468.0,530969.25,67925.0,49452.25,1046760.9,2441.0,1347075.9,648346.5,1995392.4
2024-11-12,279048.0,12630.0,266418.0,542516.5,69796.5,51323.75,792317.8,2333.0,1073698.8,663636.75,1737335.55
2024-11-13,290409.5,13028.5,277381.0,540797.0,69449.75,50283.5,748924.6,2213.0,1041547.1,660530.25,1702077.35
2024-11-14,291261.2,13063.2,278198.0,556562.25,70561.25,50373.75,777795.9,2794.5,1071851.6,677497.25,1749348.85
2024-11-15,298957.0,13320.5,285636.5,527976.75,61023.25,40199.25,837203.0,2793.5,1138953.5,629199.25,1768152.75
2024-11-16,273507.0,12086.0,261421.0,436981.0,37919.25,24970.75,755882.0,2799.0,1032188.0,499871.0,1532059.0
2024-11-17,179568.0,8083.5,171484.5,253483.75,22049.5,15936.25,429841.0,1628.0,611037.0,291469.5,902506.5
2024-11-18,193385.2,8553.2,184832.0,279623.0,25322.25,17541.75,498784.5,1645.5,693815.2,322487.0,1016302.2
2024-11-19,308887.5,13865.0,295022.5,535519.75,71558.75,50525.75,1027155.1,3427.0,1339499.6,657604.25,1997073.85
2024-11-20,287824.5,12885.0,274939.5,535116.0,70969.75,49096.0,771618.3,2037.5,1061480.3,655181.75,1716662.05
2024-11-21,276834.0,12382.5,264451.5,532522.5,69720.5,47077.25,724001.5,2982.7,1003818.2,649320.25,1653138.45
2024-11-22,300049.0,13472.0,286577.0,522561.75,64106.0,43177.5,757209.7,3342.5,1060601.2,629845.25,1690446.45
2024-11-23,247547.5,11102.0,236445.5,398871.75,37971.5,25061.0,663820.7,2088.5,913456.7,461904.25,1375360.95
2024-11-24,162824.7,7347.7,155477.0,229695.75,22439.0,15318.75,411166.8,1628.0,575619.5,267453.5,843073.0
2024-11-25,296713.0,13404.0,283309.0,523222.0,68628.0,46939.5,1005726.8,3474.0,1305913.8,638789.5,1944703.3
2024-11-26,283089.0,12757.0,270332.0,535149.25,70000.75,47552.25,779723.44,2520.0,1065332.44,652702.25,1718034.69
2024-11-27,274878.5,12450.5,262428.0,522471.5,67858.5,46089.25,720091.3,2176.0,997145.8,636419.25,1633565.05
2024-11-28,277990.0,12512.5,265477.5,531420.5,69312.0,45205.75,740231.9,2597.0,1020818.9,645938.25,1666757.15
2024-11-29,310708.0,13880.5,296827.5,537206.0,66381.25,42731.0,833399.0,3507.5,1147614.5,646318.25,1793932.75
2024-11-30,277773.0,12447.5,265325.5,423011.25,40299.0,26058.5,736203.2,2091.7,1016067.9,489368.75,1505436.65
2024-12-01,182516.5,8220.0,174296.5,260532.75,24258.25,15309.25,488103.4,2116.5,672736.4,300100.25,972836.65
2024-12-02,304129.5,13686.0,290443.5,510230.75,63963.5,41871.25,1042425.7,2821.0,1349376.2,616065.5,1965441.7
2024-12-03,281010.0,12663.5,268346.5,517997.0,63977.75,40750.25,793461.2,2342.5,1076813.7,622725.0,1699538.7
2024-12-04,281656.7,12645.2,269011.5,515826.25,61944.75,39714.75,731919.6,2398.5,1015974.8,617485.75,1633460.5499999998
2024-12-05,272330.5,12239.5,260091.0,506084.0,58078.25,36385.0,729380.5,3172.0,1004883.0,600547.25,1605430.25
2024-12-06,284046.0,12678.5,271367.5,500517.0,56572.5,34879.25,766562.3,3216.0,1053824.3,591968.75,1645793.05
2024-12-07,271064.5,12066.0,258998.5,422474.5,38465.5,24006.5,726482.2,2805.5,1000352.2,484946.5,1485298.7
2024-12-08,186605.5,8366.5,178239.0,273695.0,24738.0,15713.0,475349.2,2415.5,664370.2,314146.0,978516.2
2024-12-09,275638.0,12393.0,263245.0,480828.25,52174.0,31696.75,938642.8,2638.0,1216918.8,564699.0,1781617.8
2024-12-10,273539.0,12260.5,261278.5,498892.5,52316.5,32803.5,769106.1,2323.5,1044968.6,584012.5,1628981.1
2024-12-11,282261.0,12575.0,269686.0,501528.75,53380.5,32832.0,731629.3,1767.5,1015657.8,587741.25,1603399.05
2024-12-12,302409.5,13429.0,288980.5,519773.5,52140.75,30642.25,732965.9,2850.5,1038225.9,602556.5,1640782.4
2024-12-13,296198.5,13241.0,282957.5,502749.5,52829.5,31673.0,770011.9,2896.5,1069106.9,587252.0,1656358.9
2024-12-14,309639.0,13685.5,295953.5,450005.5,39007.0,23802.25,751325.9,2959.0,1063923.9,512814.75,1576738.65
2024-12-15,227403.0,10090.5,217312.5,304484.5,26581.0,16245.0,533447.1,1677.0,762527.1,347310.5,1109837.6
2024-12-16,312495.7,13939.2,298556.5,488518.5,51010.25,30913.0,947138.7,2891.7,1262526.1,570441.75,1832967.8499999999
2024-12-17,290128.5,12861.5,277267.0,487416.5,51110.0,30466.5,764018.5,2548.5,1056695.5,568993.0,1625688.5
2024-12-18,284428.0,12671.0,271757.0,483379.0,48554.5,28566.5,713227.1,2017.5,999672.6,560500.0,1560172.6
2024-12-19,292450.0,12903.0,279547.0,478966.25,45904.0,27697.25,695466.1,3208.5,991124.6,552567.5,1543692.1
2024-12-20,304890.5,13611.0,291279.5,479446.0,46474.0,28348.0,728411.4,2143.5,1035445.4,554268.0,1589713.4
2024-12-21,294476.5,12953.5,281523.0,421999.5,36537.0,21365.5,691177.1,2626.5,988280.1,479902.0,1468182.1
2024-12-22,227215.0,10130.5,217084.5,299392.5,25317.5,14763.0,481133.4,2592.5,710940.9,339473.0,1050413.9
2024-12-23,327320.5,14409.5,312911.0,454309.0,41567.25,25726.0,736652.3,2642.5,1066615.3,521602.25,1588217.55
2024-12-24,216853.0,9819.5,207033.5,319442.25,28519.0,16055.0,440587.5,1436.5,658877.0,364016.25,1022893.25
2024-12-26,222285.5,10027.0,212258.5,361646.0,34067.0,19422.75,617834.0,2212.5,842332.0,415135.75,1257467.75
2024-12-27,249575.0,11267.5,238307.5,396815.0,52136.0,133.0,620632.1,2410.5,872617.6,449084.0,1321701.6
2024-12-28,219881.5,9865.0,210016.5,341183.0,43738.0,0.0,575266.6,2180.0,797328.1,384921.0,1182249.1
2024-12-29,169671.5,7696.5,161975.0,244273.5,31829.75,0.0,399378.2,1959.5,571009.2,276103.25,847112.45
2024-12-30,259279.0,11633.0,247646.0,381629.25,52862.75,0.0,684055.42,2015.5,945349.92,434492.0,1379841.92
2024-12-31,187076.5,8505.0,178571.5,292628.5,39182.75,0.0,432350.0,1463.7,620890.2,331811.25,952701.45
2025-01-02,221228.0,9891.0,211337.0,363427.25,54492.0,0.0,695550.7,2070.0,918848.7,417919.25,1336767.95
2025-01-03,239684.0,10658.0,229026.0,394696.5,59175.5,0.0,665287.4,2235.5,907206.9,453872.0,1361078.9
2025-01-04,211723.0,9525.0,202198.0,340736.5,47025.0,0.0,601331.4,1827.0,814881.4,387761.5,1202642.9
2025-01-05,143101.0,6491.0,136610.0,214704.75,30879.75,0.0,408387.6,1102.0,552590.6,245584.5,798175.1
2025-01-06,263061.0,11862.0,251199.0,440538.75,70247.75,0.0,899378.7,2882.5,1165322.2,510786.5,1676108.7
2025-01-07,245554.5,11075.5,234479.0,441645.5,72409.0,0.0,730694.8,2647.5,978896.8,514054.5,1492951.3
2025-01-08,244230.0,10967.0,233263.0,439028.25,68281.25,0.0,699474.2,2571.0,951806.2,507309.5,1453584.7
2025-01-09,236515.5,10719.5,225796.0,454513.25,71872.25,0.0,717277.4,2413.0,961485.9,526385.5,1482591.4
2025-01-10,235988.0,10695.5,225292.5,439223.0,66381.25,0.0,697907.1,2528.5,940993.6,505604.25,1442027.85
2025-01-11,213392.5,9684.0,203708.5,357266.5,46844.5,0.0,653908.9,2047.0,873738.4,404111.0,1273459.4
2025-01-12,142316.5,6466.5,135850.0,213037.5,30191.0,0.0,403660.2,1515.5,551422.2,243228.5,790720.7
2025-01-13,258125.5,11600.5,246525.0,462350.75,76722.0,0.0,971011.9,2773.0,1236160.4,539072.75,1770983.15
2025-01-14,264810.0,11891.5,252918.5,487221.75,77695.75,0.0,809619.7,2748.0,1080898.2,564917.5,1642095.2
2025-01-15,270473.5,12121.0,258352.5,501676.0,80564.75,0.0,834524.8,2342.5,1111920.8,582240.75,1689581.55
2025-01-16,292262.0,13294.5,278967.5,557374.5,111131.0,0.0,965789.7,3932.5,1264464.2,668505.5,1930489.7
2025-01-17,298481.0,13490.5,284990.5,554890.25,107331.0,0.0,879845.4,2765.0,1184602.4,662221.25,1843312.65
2025-01-18,249449.0,11217.5,238231.5,418783.75,60154.0,0.0,722010.5,2621.0,980060.5,478937.75,1453018.25
2025-01-19,147324.2,6771.7,140552.5,230835.75,33340.25,0.0,446118.7,2345.5,599478.4,264176.0,859964.4
2025-01-20,305639.5,13856.5,291783.0,548810.25,111800.75,0.0,1105447.8,3882.5,1420309.8,660611.0,2075580.8
2025-01-21,288380.0,13070.0,275310.0,560519.0,113900.25,0.0,873442.8,2681.5,1169089.3,674419.25,1838923.55
2025-01-22,282079.0,12782.5,269296.5,553156.5,111202.25,0.0,821412.2,2332.0,1109863.2,664358.75,1770181.95
2025-01-23,274267.0,12228.5,262038.5,547295.0,111354.25,0.0,810148.9,2245.0,1089460.9,658649.25,1745310.15
2025-01-24,283524.0,12878.5,270645.5,547717.75,107174.25,0.0,842989.1,3429.5,1134252.6,654892.0,1784834.6
2025-01-25,222555.0,10040.0,212515.0,382717.0,56924.0,0.0,697994.2,2159.0,927828.2,439641.0,1362349.2
2025-01-26,141853.0,6459.0,135394.0,219516.5,31882.0,0.0,429865.6,1523.5,574833.1,251398.5,824640.6
2025-01-27,286043.0,13060.5,272982.5,543970.0,109639.5,0.0,1142179.1,2484.5,1434516.6,653609.5,2084316.1
2025-01-28,271646.0,12277.0,259369.0,554377.25,113363.5,0.0,855068.1,3278.0,1133072.1,667740.75,1797732.85
2025-01-29,275345.5,12442.5,262903.0,566323.5,112765.0,0.0,819307.2,3065.0,1099577.7,679088.5,1776806.2
2025-01-30,269246.2,12195.2,257051.0,546658.5,111572.75,0.0,821710.2,3502.5,1094908.9,658231.25,1752690.15
2025-01-31,291201.5,13203.0,277998.5,548639.25,105264.75,0.0,887732.3,2755.7,1182259.5,653904.0,1835593.5
2025-02-01,233096.0,10492.0,222604.0,392369.0,58011.75,0.0,732291.1,2892.5,968499.6,450380.75,1418660.35
2025-02-02,143045.5,6549.5,136496.0,229472.5,33530.25,0.0,422466.9,1487.5,567029.9,263002.75,830002.65
2025-02-03,158814.0,7165.5,151648.5,237224.5,35230.75,0.0,465475.4,1850.5,626169.9,272455.25,898595.15
2025-02-04,296331.0,13449.5,282881.5,552339.5,119101.5,0.0,1157558.1,3364.0,1457253.1,671441.0,2128694.1
2025-02-05,274490.5,12480.5,262010.0,552572.25,114745.75,0.0,851144.0,2346.5,1128041.0,667318.0,1795299.0
2025-02-06,267153.5,12040.5,255113.0,550539.25,114261.25,0.0,811793.4,2642.0,1081588.9,664800.5,1746389.4
2025-02-07,282908.5,12709.5,270199.0,542084.25,109311.75,0.0,813471.6,2897.5,1099277.6,651396.0,1750673.6
2025-02-08,232131.5,10468.0,221663.5,388687.75,58800.25,0.0,683269.9,2415.5,917816.9,447488.0,1365304.9
2025-02-09,140374.5,6396.0,133978.5,219863.25,33041.0,0.0,424442.4,1070.0,565886.9,252904.25,818791.15
2025-02-10,288275.0,13003.0,275272.0,539220.0,116194.5,0.0,1106043.8,2242.0,1396560.8,655414.5,2051975.3
2025-02-11,280937.5,12771.5,268166.0,548340.0,115838.25,0.0,827888.5,2701.5,1111527.5,664178.25,1775705.75
2025-02-12,280667.0,12700.5,267966.5,553299.0,116954.5,0.0,809048.3,2829.0,1092544.3,670253.5,1762797.8
2025-02-13,286064.5,12854.0,273210.5,563050.75,115862.0,0.0,801117.8,3127.0,1090309.3,678912.75,1769222.05
2025-02-14,311882.5,14086.0,297796.5,564566.0,113620.0,0.0,880917.5,3551.4,1196381.4,678186.0,1874537.4
2025-02-15,264649.5,11864.0,252785.5,438306.25,62543.25,0.0,795685.0,2888.0,1063252.5,500849.5,1564072.0
2025-02-16,167110.0,7567.0,159543.0,252153.75,36142.75,0.0,488802.4,2086.5,657998.9,288296.5,946295.4
2025-02-17,292166.5,13189.5,278977.0,532755.25,113339.75,0.0,1197288.5,4010.0,1493465.0,646095.0,2139560.0
2025-02-18,287617.0,12962.5,274654.5,549489.5,114945.25,0.0,889219.6,2750.0,1179586.6,664434.75,1844021.35
2025-02-19,275303.5,12495.5,262808.0,548691.5,115315.75,0.0,806411.3,3087.0,1084801.8,664007.25,1748809.05
2025-02-20,261109.5,11782.0,249327.5,536232.25,113187.75,0.0,784466.5,2813.4,1048389.4,649420.0,1697809.4
2025-02-21,278183.0,12658.0,265525.0,530670.0,107487.75,0.0,824267.4,3147.0,1105897.4,638157.75,1743755.15
2025-02-22,225616.5,10090.0,215526.5,385495.75,58819.25,0.0,678699.1,2305.0,906650.6,444315.0,1350935.6
2025-02-23,143180.0,6579.5,136600.5,230645.75,33668.0,0.0,434600.7,1827.5,579608.2,264313.75,843921.95
2025-02-24,276297.5,12492.0,263805.5,523478.5,111292.5,0.0,1098626.5,3758.0,1378682.0,634771.0,2013453.0
2025-02-25,262906.5,11916.5,250990.0,540754.25,114878.75,0.0,848344.2,3687.9,1114998.6,655633.0,1770571.5999999999
2025-02-26,262043.0,11851.0,250192.0,537206.0,115496.25,0.0,791826.5,2469.0,1056338.5,652702.25,1709040.75
2025-02-27,263847.5,11936.0,251911.5,538075.25,113344.5,0.0,785714.6,2520.5,1052082.6,651419.75,1703502.35
2025-02-28,284227.5,12898.0,271329.5,525483.0,106366.75,0.0,848837.2,3316.7,1136381.4,631849.75,1768231.15
2025-03-01,230594.0,10355.5,220238.5,382878.5,61351.0,0.0,735090.7,3207.0,968891.7,444229.5,1413121.2
2025-03-02,153144.5,7044.0,146100.5,235034.75,35867.25,0.0,463450.4,1099.0,617693.9,270902.0,888595.9
2025-03-03,292410.5,13291.0,279119.5,527159.75,117054.25,0.0,1144822.9,3433.5,1440666.9,644214.0,2084880.9
2025-03-04,269389.0,12224.0,257165.0,542777.75,117804.75,0.0,878843.1,2991.5,1151223.6,660582.5,1811806.1
2025-03-05,265714.5,11988.5,253726.0,526917.5,114171.0,0.0,775255.9,2725.0,1043695.4,641088.5,1684783.9
2025-03-06,258251.5,11726.5,246525.0,532342.0,114722.0,0.0,776156.3,2786.5,1037194.3,647064.0,1684258.3
2025-03-07,285319.5,12840.5,272479.0,542179.25,111340.0,0.0,816207.1,2883.0,1104829.6,653519.25,1757928.85
2025-03-08,210487.5,9524.5,200963.0,362648.25,53195.25,0.0,649651.4,1816.0,862134.9,415843.5,1277798.4
2025-03-09,141509.0,6485.5,135023.5,218101.0,34542.0,0.0,437966.3,1458.5,580933.8,252643.0,833576.8
2025-03-10,284254.2,12829.7,271424.5,511993.0,115415.5,0.0,1071837.1,2345.0,1360577.3,627408.5,1985844.8
2025-03-11,264794.0,11989.5,252804.5,536066.0,117899.75,0.0,858169.9,2971.0,1132774.9,653965.75,1779900.65
2025-03-12,265841.7,12077.7,253764.0,530142.75,113696.0,0.0,763923.7,2690.0,1038085.4,643838.75,1676294.15
2025-03-13,258362.5,11723.5,246639.0,517336.75,110770.0,0.0,770305.1,2447.0,1037409.6,628106.75,1659221.35
2025-03-14,264790.5,11986.0,252804.5,504454.75,103668.75,0.0,815717.0,3164.5,1089579.0,608123.5,1691795.5
2025-03-15,245448.0,11064.0,234384.0,411027.0,60515.0,0.0,732606.2,2502.0,987217.2,471542.0,1452098.2
2025-03-16,156481.0,7150.5,149330.5,239129.25,36451.5,0.0,425418.3,2064.5,587348.8,275580.75,859544.55
2025-03-17,150213.0,6791.5,143421.5,231453.25,35677.25,0.0,462849.2,1469.0,617261.2,267130.5,881661.7
2025-03-18,284854.0,12850.0,272004.0,525696.75,118189.5,0.0,1102700.1,3708.5,1396162.6,643886.25,2035148.85
2025-03-19,260792.5,11788.0,249004.5,533372.75,117220.5,0.0,826666.2,2435.0,1092643.7,650593.25,1740486.95
2025-03-20,263277.5,11907.5,251370.0,529587.0,116142.25,0.0,762880.4,1832.5,1030881.4,645729.25,1673719.65
2025-03-21,270247.5,12218.0,258029.5,524756.25,110352.0,0.0,798917.2,2191.5,1075256.2,635108.25,1706464.45
2025-03-22,223219.0,10143.5,213075.5,387106.0,60415.25,0.0,686940.5,2474.5,917594.0,447521.25,1360155.25
2025-03-23,136926.0,6301.0,130625.0,213750.0,33202.5,0.0,412925.9,1543.0,554749.9,246952.5,798347.4
2025-03-24,269247.5,12272.5,256975.0,517066.0,115847.75,0.0,1093433.3,3662.0,1370663.8,632913.75,1999256.55
2025-03-25,261690.5,11859.5,249831.0,533928.5,118203.75,0.0,851677.8,3223.5,1120921.8,652132.25,1768724.05
2025-03-26,250154.5,11343.5,238811.0,502512.0,111596.5,0.0,761271.4,2539.0,1017554.9,614108.5,1628073.4
2025-03-27,263609.0,11935.0,251674.0,523355.0,113786.25,0.0,779790.7,2084.5,1048684.2,637141.25,1682625.45
2025-03-28,287447.0,12925.5,274521.5,537391.25,108656.25,0.0,857817.1,2449.0,1150265.1,646047.5,1793760.6
2025-03-29,253232.5,11362.5,241870.0,424621.5,61978.0,0.0,726450.1,3329.0,988021.6,486599.5,1469611.1
2025-03-30,156240.5,7062.0,149178.5,247432.25,36318.5,0.0,460492.9,2239.0,621592.4,283750.75,902723.15
2025-03-31,276801.0,12558.5,264242.5,513422.75,113572.5,0.0,1155791.2,2502.5,1438684.7,626995.25,2062089.95
2025-04-01,265640.5,12095.0,253545.5,535177.75,119372.25,0.0,918821.4,3472.5,1191588.4,654550.0,1842484.4
2025-04-02,260094.5,11764.5,248330.0,528494.5,115724.25,0.0,801003.7,2738.0,1066826.2,644218.75,1708054.95
2025-04-03,255393.5,11604.5,243789.0,526323.75,113420.5,0.0,782162.9,2755.0,1042561.4,639744.25,1680055.65
2025-04-04,261685.5,11845.0,249840.5,518909.0,105070.0,1073.5,813950.4,2687.0,1080602.9,625052.5,1703375.4
2025-04-05,231656.5,10344.5,221312.0,403821.25,62120.5,304.0,711517.5,3150.0,950814.0,466245.75,1412569.75
2025-04-06,136956.0,6198.0,130758.0,225135.75,34884.0,61.75,428110.1,1632.0,570539.1,260081.5,826779.6
2025-04-07,266635.0,12111.0,254524.0,515726.5,111069.25,1786.0,1072043.8,3393.5,1346842.3,628581.75,1970654.05
2025-04-08,256114.5,11584.5,244530.0,526499.5,112703.25,1904.75,850669.5,2851.0,1112835.0,641107.5,1750742.5
2025-04-09,250920.5,11416.0,239504.5,527392.5,110485.0,1776.5,775600.3,2447.5,1033808.3,639654.0,1668622.3
2025-04-10,260433.0,11780.0,248653.0,514681.5,108167.0,1909.5,736135.45,2329.0,1003130.45,624758.0,1623655.45
2025-04-11,271800.5,12222.5,259578.0,509375.75,101730.75,1691.0,778694.8,2324.0,1057189.3,612797.5,1665616.8
2025-04-12,228150.5,10268.0,217882.5,391860.75,55337.5,266.0,663418.7,2419.0,899188.2,447464.25,1341452.45
2025-04-14,225729.0,10183.5,215545.5,399826.5,58634.0,228.0,791057.2,2460.5,1022751.7,458688.5,1477935.2
2025-04-15,226556.0,10288.5,216267.5,409868.0,59826.25,204.25,686566.6,2239.5,917832.1,469898.5,1385260.6
2025-04-16,225089.0,10170.5,214918.5,406376.75,58833.5,218.5,641539.9,2150.5,871709.4,465428.75,1334208.15
2025-04-17,170587.0,7747.5,162839.5,299050.5,42374.75,118.75,482977.9,1578.5,658493.4,341544.0,996687.4
2025-04-19,174609.0,7931.5,166677.5,271101.5,35948.0,114.0,422540.7,1765.0,601398.7,307163.5,906078.2
2025-04-21,231712.5,10448.0,221264.5,402448.5,59527.0,152.0,841826.3,2515.5,1078354.3,462127.5,1538181.8
2025-04-22,229883.5,10386.0,219497.5,415207.0,59056.75,199.5,669891.7,1612.5,906177.7,474463.25,1375850.95
2025-04-23,223447.5,10172.5,213275.0,425134.5,59261.0,156.75,643028.7,2024.0,874320.2,484552.25,1353052.45
2025-04-24,231997.0,10400.0,221597.0,420987.75,58244.5,266.0,642238.7,2116.5,881432.2,479498.25,1355850.45
2025-04-25,239654.5,10818.5,228836.0,425058.5,58577.0,152.0,684683.1,2571.5,930519.1,483787.5,1410696.6
2025-04-26,221599.0,10053.0,211546.0,352326.5,44669.0,128.25,629227.4,2850.5,857556.9,397123.75,1250800.65
2025-04-27,143476.0,6562.0,136914.0,221354.75,31312.0,147.25,419872.7,1389.0,568007.7,252814.0,817551.7
2025-04-28,284484.5,12860.5,271624.0,509480.25,97132.75,2094.75,1072039.1,3681.0,1365554.6,608707.75,1968912.35
2025-04-29,274645.0,12340.5,262304.5,529392.25,98633.75,2213.5,821806.4,2647.0,1105348.4,630239.5,1729337.9
2025-04-30,283701.0,12884.5,270816.5,543200.5,98481.75,2075.75,784359.5,2637.0,1077017.5,643758.0,1714455.5
2025-05-01,161465.5,7375.5,154090.0,253688.0,33677.5,180.5,424832.1,1844.5,592942.1,287546.0,875688.1
2025-05-02,287904.5,13031.5,274873.0,509076.5,91789.0,1743.25,836778.9,3815.0,1133803.4,602608.75,1731107.15
2025-05-03,236530.5,10620.5,225910.0,385619.25,51067.25,370.5,675793.1,2639.5,920494.1,437057.0,1352020.1
2025-05-04,153093.5,6983.5,146110.0,229244.5,29165.0,90.25,421626.7,1371.5,580131.7,258499.75,834591.45
2025-05-05,259922.5,11858.5,248064.0,479479.25,81296.25,1828.75,968118.4,2896.0,1236666.9,562604.25,1793541.15
2025-05-06,278394.0,12574.5,265819.5,546473.25,97603.0,2071.0,887140.3,2769.0,1173874.3,646147.25,1814450.55
2025-05-07,277862.5,12556.0,265306.5,545889.0,96135.25,1885.75,787161.1,2484.0,1071837.6,643910.0,1711417.6
2025-05-08,283431.5,12890.5,270541.0,541362.25,94306.5,2018.75,778059.8,2968.5,1069779.8,637687.5,1702147.3
2025-05-09,295955.5,13321.0,282634.5,530959.75,88112.5,1814.5,782985.4,2603.5,1086485.4,620886.75,1702431.15
2025-05-10,212686.5,9633.5,203053.0,348868.5,40555.5,337.25,604672.8,2439.0,824602.3,389761.25,1209559.55
2025-05-11,152241.0,6938.5,145302.5,226180.75,28319.5,104.5,425958.3,1739.5,584348.8,254604.75,834543.55
2025-05-12,290409.0,13132.5,277276.5,508568.25,88103.0,1805.0,1041082.8,3037.0,1340668.8,598476.25,1933005.05
2025-05-13,279762.0,12660.0,267102.0,541970.25,90725.0,1786.0,825902.9,2995.5,1113980.4,634481.25,1743141.65
2025-05-14,271119.5,12311.0,258808.5,527368.75,83794.75,1515.25,767065.7,2244.0,1045769.2,612678.75,1653107.95
2025-05-15,252955.0,11389.0,241566.0,442163.25,53974.25,2128.0,695020.0,2098.0,955193.0,498265.5,1448338.5
2025-05-16,280066.0,12593.5,267472.5,506383.25,71539.75,4636.0,830600.7,2712.0,1120258.7,582559.0,1695937.7
2025-05-17,259117.0,11604.0,247513.0,421282.25,45414.75,2669.5,690645.1,3056.0,962210.1,469366.5,1422184.6
2025-05-18,152755.0,6977.5,145777.5,223378.25,26495.5,978.5,427443.4,976.5,585364.9,250852.25,832027.15
2025-05-19,285102.5,12870.5,272232.0,512772.0,79348.75,5719.0,1018793.9,2601.0,1313577.4,597839.75,1904337.15
2025-05-20,273150.5,12318.5,260832.0,523720.75,80127.75,6597.75,797315.9,2387.5,1077666.9,610446.25,1683300.15
2025-05-21,273270.0,12371.5,260898.5,516187.25,77985.5,7077.5,733741.7,2174.5,1013356.2,601250.25,1610436.45
2025-05-22,274246.0,12388.0,261858.0,494460.75,72542.0,6450.5,692222.4,2421.0,972299.4,573453.25,1542342.65
2025-05-23,274886.5,12392.0,262494.5,492931.25,67084.25,5500.5,732939.15,2598.0,1014863.65,565516.0,1575939.65
2025-05-24,257193.0,11589.5,245603.5,437294.5,46246.0,3643.25,721811.2,2723.0,987509.7,487183.75,1468910.95
2025-05-25,148839.5,6786.0,142053.5,217735.25,25141.75,1738.5,399684.7,1632.0,552436.2,244615.5,794771.7
2025-05-26,267641.5,12177.0,255464.5,471755.75,64448.0,5039.75,953653.5,2671.5,1228147.5,541243.5,1765210.0
2025-05-27,256002.5,11586.5,244416.0,488081.5,65084.5,7452.75,756686.4,2378.0,1020796.9,560618.75,1575685.65
2025-05-28,253434.5,11450.5,241984.0,491349.5,64262.75,7799.5,714156.1,2052.5,973763.1,563411.75,1533054.85
2025-05-29,260228.5,11737.0,248491.5,459158.75,60163.5,8497.75,651983.5,2103.0,918645.0,527820.0,1442135.0
2025-05-30,277156.5,12562.5,264594.0,487668.25,63089.5,7946.75,774651.7,2183.5,1059512.7,558704.5,1612696.2
2025-05-31,242220.0,10847.5,231372.5,396549.0,42113.5,5415.0,707627.6,2362.0,958599.6,444077.5,1396287.1
2025-06-01,159408.0,7237.0,152171.0,221031.75,25944.5,3025.75,419460.5,1411.0,583789.5,250002.0,830281.5
2025-06-02,269694.5,12254.0,257440.5,470867.5,62994.5,9300.5,989367.3,3136.5,1268828.8,543162.5,1805360.8
2025-06-03,258102.5,11672.5,246430.0,486727.75,62453.0,9628.25,755460.5,2457.5,1021320.5,558809.0,1574829.5
2025-06-04,245170.5,11052.5,234118.0,479042.25,60861.75,10412.0,693798.7,2125.5,946044.7,550316.0,1491410.7
2025-06-05,242226.0,10929.5,231296.5,469566.0,58372.75,12297.75,660311.4,2061.0,910008.4,540236.5,1444834.9
2025-06-06,259828.7,11726.7,248102.0,467471.25,58206.5,13984.0,699500.6,2743.0,966994.3,539661.75,1501734.0499999998
2025-06-07,237445.5,10680.5,226765.0,399418.0,41230.0,8963.25,663604.2,2452.0,908211.7,449611.25,1353112.95
2025-06-08,150917.0,6868.5,144048.5,221302.5,24524.25,4830.75,399844.2,2006.5,556587.7,250657.5,803425.2
2025-06-09,242178.5,10977.0,231201.5,413843.75,46621.25,9642.5,819143.3,2064.5,1068656.3,470107.5,1533493.8
2025-06-10,252459.5,11368.5,241091.0,472064.5,58809.75,15081.25,741504.1,2246.0,1000639.6,545955.5,1542165.1
2025-06-11,239924.0,10926.5,228997.5,470079.0,56724.5,15000.5,678928.5,2105.5,925229.0,541804.0,1462762.0
2025-06-12,234528.5,10480.5,224048.0,438377.5,52905.5,13912.75,624377.2,2218.0,865723.7,505195.75,1366319.45
2025-06-13,228508.5,10255.5,218253.0,423486.25,49879.75,13608.75,689331.4,2947.5,925888.4,486974.75,1407762.15
2025-06-14,237807.0,10652.5,227154.5,389376.5,38247.0,9837.25,675802.1,2906.5,921685.6,437460.75,1353976.35
2025-06-15,148319.0,6721.5,141597.5,228090.25,23916.25,4930.5,427102.2,1396.5,581097.7,256937.0,833754.7
2025-06-16,243817.5,10991.5,232826.0,448727.75,53404.25,14117.0,921209.45,2297.5,1173004.45,516249.0,1683573.45
2025-06-17,247339.5,11179.0,236160.5,478082.75,56054.75,15451.75,768919.0,2719.0,1023887.5,549589.25,1568566.75
2025-06-18,241723.0,10920.5,230802.5,466839.5,55793.5,17237.75,682440.2,1911.7,931169.9,539870.75,1465945.65
2025-06-19,235222.0,10613.5,224608.5,460085.0,52031.5,16392.25,637290.2,2439.0,879681.2,528508.75,1403459.95
2025-06-20,225763.0,10303.0,215460.0,432069.5,44645.25,14520.75,613025.8,2399.5,845618.3,491235.5,1332423.8
2025-06-21,223161.5,10067.0,213094.5,375981.5,37183.0,10355.0,656628.1,2846.0,887725.6,423519.5,1306155.1
2025-06-23,233261.0,10590.5,222670.5,441199.0,48811.0,15038.5,887090.5,2967.5,1128479.0,505048.5,1628367.5
2025-06-24,215158.5,9778.0,205380.5,418983.25,47989.25,14573.0,633115.2,1949.0,854942.7,481545.5,1331768.2
2025-06-25,236249.5,10691.0,225558.5,457624.5,51300.0,15485.0,689398.9,2053.5,932911.9,524409.5,1452111.4
2025-06-26,236363.5,10710.0,225653.5,465751.75,52516.0,16012.25,681347.8,2597.0,924668.3,534280.0,1454588.3
2025-06-27,256410.5,11519.5,244891.0,479745.25,53466.0,16311.5,756037.9,2028.5,1019936.9,549522.75,1563999.65
2025-06-28,209114.0,9395.5,199718.5,343762.25,34770.0,9343.25,597612.8,1955.5,813752.3,387875.5,1196557.8
2025-06-29,144303.5,6553.5,137750.0,216557.25,22766.75,6037.25,395534.9,1599.5,545327.9,245361.25,786799.15
2025-06-30,249535.5,11342.0,238193.5,454085.75,51689.5,15936.25,919256.3,2832.0,1177553.8,521711.5,1693335.3
2025-07-01,251555.0,11385.5,240169.5,472610.75,55375.5,17185.5,802369.1,1958.0,1060412.1,545171.75,1601053.85
2025-07-02,239784.0,10767.5,229016.5,474035.75,53352.0,16515.75,725216.3,2150.0,971910.3,543903.5,1511053.8
2025-07-03,243773.0,11013.5,232759.5,471765.25,54131.0,16549.0,682686.4,2493.5,933742.9,542445.25,1471398.15
2025-07-04,243427.0,11000.0,232427.0,471043.25,53632.25,16135.75,724347.0,2977.5,975331.5,540811.25,1511562.75
2025-07-05,218491.5,9928.5,208563.0,387286.5,39078.25,10939.25,649850.2,2806.5,876919.2,437304.0,1308452.2
2025-07-07,249874.5,11329.5,238545.0,459861.75,53190.5,16297.25,889486.5,2366.5,1147878.5,529349.5,1671077.0
2025-07-08,240254.0,10743.5,229510.5,468202.75,52558.75,15979.0,721058.8,1783.0,969455.8,536740.5,1499836.3
2025-07-09,240241.5,10892.5,229349.0,467799.0,52592.0,16311.5,697656.3,2488.0,945815.8,536702.5,1477088.3
2025-07-10,240507.0,10844.5,229662.5,462859.0,52872.25,16249.75,652509.0,2183.0,899344.0,531981.0,1427180.0
2025-07-11,236338.0,10751.0,225587.0,456033.25,52164.5,16050.25,686332.4,2037.0,929193.4,524248.0,1448955.4
2025-07-12,226711.5,10244.5,216467.0,397717.5,37387.25,11143.5,607682.0,2524.0,841597.5,446248.25,1283165.75
2025-07-13,145672.0,6620.5,139051.5,219972.5,24229.75,6474.25,382959.5,1534.5,533376.0,250676.5,780842.5
2025-07-14,256088.5,11577.5,244511.0,449820.25,49922.5,15356.75,892441.2,2554.0,1156363.7,515099.5,1666183.2
2025-07-15,233589.5,10624.5,222965.0,457719.5,50996.0,15969.5,733755.1,2152.5,974357.1,524685.0,1494182.1
2025-07-16,237544.0,10741.0,226803.0,462455.25,49594.75,15774.75,711072.9,2608.5,956165.4,527824.75,1479050.15
2025-07-17,229531.5,10385.5,219146.0,440192.0,48682.75,15257.0,640851.5,2279.5,876623.5,504131.75,1376794.25
2025-07-18,232338.0,10513.0,221825.0,446571.25,48169.75,15280.75,676054.75,2280.0,915692.75,510021.75,1420694.5
2025-07-19,201002.0,9054.5,191947.5,336053.0,34665.5,9604.5,577685.1,2761.0,787288.1,380323.0,1161771.1
2025-07-21,239662.0,10902.0,228760.0,441151.5,47538.0,14691.75,851698.8,2599.7,1100030.5,503381.25,1597341.75
2025-07-22,239476.5,10745.0,228731.5,458869.0,49903.5,14981.5,722274.6,3375.5,970766.6,523754.0,1488880.6
2025-07-23,236226.5,10649.0,225577.5,458346.5,49951.0,15670.25,664233.3,2789.0,907098.8,523967.75,1427216.55
2025-07-24,242693.0,10883.5,231809.5,457420.25,48212.5,15518.25,644577.7,1931.0,893652.7,521151.0,1410352.7
2025-07-25,241538.5,10812.0,230726.5,454917.0,48659.0,15874.5,683172.8,2494.0,932158.3,519450.5,1446655.8
2025-07-26,221644.0,10050.5,211593.5,370875.25,35701.0,10393.0,610936.7,2490.5,839871.2,416969.25,1252040.45
2025-07-28,242880.0,11004.0,231876.0,433907.75,46127.25,14292.75,847551.2,2854.0,1098095.2,494327.75,1587612.95
2025-07-29,231500.5,10502.0,220998.5,446091.5,47006.0,14668.0,681364.9,2717.2,919862.6,507765.5,1423348.0999999999
2025-07-30,232772.0,10472.0,222300.0,448632.75,46664.0,15138.25,651793.0,2252.0,891997.0,510435.0,1397252.0
2025-07-31,239851.5,10797.0,229054.5,452143.0,46303.0,15128.75,687633.5,2386.7,935261.7,513574.75,1443446.45
2025-08-01,245078.0,10998.0,234080.0,442676.25,49618.5,15271.25,699332.5,2087.5,951238.0,507566.0,1454064.0
2025-08-02,228392.0,10310.0,218082.0,390193.5,39643.5,11015.25,683271.7,2746.0,920909.7,440852.25,1355261.95
2025-08-03,148674.0,6763.0,141911.0,220457.0,23545.75,6588.25,385287.2,1716.5,538922.7,250591.0,786268.7
2025-08-04,245836.0,11119.5,234716.5,445032.25,50611.25,16164.25,872371.9,2165.5,1125173.4,511807.75,1632181.15
2025-08-05,226215.4,10251.9,215963.5,434473.0,49537.75,16216.5,696345.0,2049.5,930159.9,500227.25,1424837.15
2025-08-06,243781.5,11031.5,232750.0,483388.5,50502.0,16971.75,699572.0,3248.0,952931.5,550862.25,1497463.75
2025-08-07,242423.7,10899.2,231524.5,482196.25,49727.75,17304.25,690761.5,3085.5,942900.7,549228.25,1485498.95
2025-08-08,250890.0,11281.0,239609.0,486091.25,49718.25,17518.0,727356.6,2485.0,986841.6,553327.5,1534059.1
2025-08-09,235339.5,10550.5,224789.0,412072.0,37753.0,11813.25,672817.6,3255.5,917392.6,461638.25,1373050.85
2025-08-10,157453.0,7210.5,150242.5,241984.0,25422.0,7253.25,437440.0,1664.0,601477.0,274659.25,871216.25
2025-08-11,289328.0,13096.5,276231.5,550662.75,65250.75,31193.25,1089491.5,3929.7,1390649.2,647106.75,2029855.95
2025-08-12,258488.5,11754.5,246734.0,540996.5,63863.75,31179.0,790940.7,2718.5,1059307.7,636039.25,1688186.95
2025-08-13,268620.0,12196.0,256424.0,561274.25,65497.75,31098.25,754726.8,2788.0,1033324.8,657870.25,1684005.05
2025-08-14,274744.5,12345.0,262399.5,559621.25,65626.0,30865.5,772264.7,2178.0,1054867.2,656112.75,1705299.95
2025-08-15,286453.0,12957.5,273495.5,557621.5,63312.75,29250.5,814006.9,2837.0,1109456.9,650184.75,1753481.65
2025-08-16,232681.0,10466.5,222214.5,409478.5,38323.0,13219.25,710210.8,2252.5,950836.3,461020.75,1406165.05
2025-08-17,159507.0,7241.0,152266.0,247047.5,24842.5,6417.25,448697.7,1571.5,613686.2,278307.25,888083.45
2025-08-18,284291.0,12923.5,271367.5,554662.25,65417.0,31217.0,1045036.2,3165.0,1339432.2,651296.25,1983788.45
2025-08-19,277589.5,12596.5,264993.0,573838.0,65602.25,31929.5,830638.4,2861.5,1116899.4,671369.75,1782459.15
2025-08-20,242841.0,11050.5,231790.5,522561.75,58163.75,27854.0,695960.1,2878.0,947669.1,608579.5,1550258.6
2025-08-21,267807.5,12210.0,255597.5,557906.5,64809.0,29963.0,741764.5,2404.0,1018193.0,652678.5,1664654.5
2025-08-22,274376.0,12518.0,261858.0,540440.75,58866.75,24529.0,763058.2,3461.5,1046715.7,623836.5,1664732.2
2025-08-23,221338.2,10067.7,211270.5,395394.75,38313.5,12877.25,647045.0,2232.0,876175.2,446585.5,1317200.7
2025-08-24,159920.5,7312.5,152608.0,262285.5,23683.5,6749.75,438800.0,1685.0,605465.5,292718.75,893124.25
2025-08-25,272115.5,12395.0,259720.5,536009.0,62210.75,29288.5,1006224.7,2042.5,1286642.7,627508.25,1907890.95
2025-08-26,263833.0,12016.5,251816.5,568385.0,66533.25,31065.0,828481.2,2625.2,1100084.4,665983.25,1760922.65
2025-08-27,244937.0,11104.0,233833.0,569225.75,66661.5,30134.0,777566.5,3422.0,1032066.5,666021.25,1691946.75
2025-08-28,246519.5,11138.0,235381.5,564969.75,64899.25,29730.25,748435.2,2453.5,1002359.2,659599.25,1657007.45
2025-08-29,263614.0,11864.0,251750.0,567606.0,64167.75,27554.75,835829.1,2556.5,1108309.6,659328.5,1761328.1
2025-08-30,241055.5,10823.0,230232.5,431827.25,40721.75,13689.5,751384.7,2561.5,1000556.7,486238.5,1481240.2
2025-08-31,168868.0,7567.5,161300.5,252562.25,26120.25,6650.0,478400.5,1851.5,652850.0,285332.5,934452.5
2025-09-01,278665.0,12712.5,265952.5,556966.0,71763.0,29986.75,1116619.8,3053.5,1405106.3,658715.75,2057054.05
2025-09-02,270141.0,12254.0,257887.0,578246.0,73145.25,31141.0,887960.4,2626.0,1167027.4,682532.25,1843259.65
2025-09-03,253643.5,11650.0,241993.5,549940.75,69967.5,29374.0,739078.7,2186.5,1000544.7,649282.25,1644190.95
2025-09-04,275048.5,12468.5,262580.0,568318.5,71672.75,31017.5,780835.5,3588.5,1064883.5,671008.75,1730481.25
2025-09-05,278578.0,12663.5,265914.5,568005.0,71501.75,28623.5,785729.1,2656.5,1072523.6,668130.25,1735093.85
2025-09-06,241713.0,10901.0,230812.0,420883.25,49148.25,109.25,743429.4,2802.0,993994.4,470140.75,1458085.15
2025-09-07,149296.0,6824.5,142471.5,226641.5,27626.0,0.0,436137.0,1880.0,591388.0,254267.5,841580.5
2025-09-08,297919.7,13537.2,284382.5,569477.5,88720.5,2983.0,1120267.3,4488.5,1428735.5,661181.0,2083856.5
2025-09-09,277330.5,12480.0,264850.5,566380.5,86502.25,7381.5,834673.4,3325.5,1120909.4,660264.25,1775593.65
2025-09-10,260925.7,11826.2,249099.5,557664.25,85623.5,9699.5,769683.3,3099.5,1038738.5,652987.25,1686695.75
2025-09-11,266777.5,12092.0,254685.5,567914.75,83595.25,12435.5,771012.2,2624.5,1046084.2,663945.5,1704359.7
2025-09-12,278863.5,12559.5,266304.0,557783.0,78622.0,12772.75,809914.1,3470.7,1097655.8,649177.75,1741426.05
2025-09-13,241746.5,10906.0,230840.5,410623.25,44065.75,3961.5,712590.4,2594.5,963661.4,458650.5,1415581.9
2025-09-14,149108.5,6827.0,142281.5,230313.25,28419.25,2299.0,412761.3,1678.5,567718.3,261031.5,824579.8
2025-09-15,254782.0,11525.0,243257.0,435223.5,53176.25,4954.25,788504.2,3209.5,1050896.2,493354.0,1539849.7
2025-09-17,283728.0,12921.0,270807.0,567862.5,81438.75,16705.75,953495.9,3083.5,1245847.4,666007.0,1906314.4
2025-09-18,282123.5,12817.5,269306.0,574707.25,81638.25,18420.5,797840.1,2248.0,1088181.6,674766.0,1756977.6
2025-09-19,287732.0,13049.0,274683.0,569387.25,78061.5,18230.5,811932.8,2710.5,1107925.3,665679.25,1768054.55
2025-09-20,235356.0,10671.5,224684.5,413501.75,45229.5,7125.0,679834.5,2168.0,922563.5,465856.25,1383214.75
2025-09-21,150287.5,6904.0,143383.5,235980.0,28637.75,2987.75,429895.3,1887.0,586069.8,267605.5,849675.3
2025-09-22,283177.5,12883.5,270294.0,563787.0,77562.75,21907.0,1091009.8,3652.0,1383180.3,663256.75,2041096.05
2025-09-23,269854.0,12290.0,257564.0,577481.25,78888.0,23987.5,844910.7,2850.5,1122306.2,680356.75,1797971.95
2025-09-24,266671.0,12128.0,254543.0,575776.0,77230.25,24258.25,773322.3,2647.0,1048241.8,677264.5,1719904.8
2025-09-25,265764.0,12142.5,253621.5,559925.25,74959.75,25460.0,716414.9,3217.0,989915.9,660345.0,1645740.9
2025-09-26,271073.0,12340.5,258732.5,536384.25,68818.0,24728.5,771339.2,3084.5,1050096.7,629930.75,1675427.45
2025-09-27,243988.0,11029.0,232959.0,433380.5,44939.75,12943.75,705877.9,2912.5,957928.4,491264.0,1444042.4
2025-09-28,165231.0,7559.5,157671.5,272441.0,28386.0,7476.5,477004.4,1781.0,648896.4,308303.5,952319.9
2025-09-29,273229.0,12463.5,260765.5,516562.5,68727.75,25464.75,998110.7,3118.5,1280058.2,610755.0,1885213.2
2025-09-30,272805.0,12334.0,260471.0,574659.75,75719.75,30053.25,910153.4,2450.7,1191399.1,680432.75,1865841.8499999999
2025-10-01,274980.0,12542.5,262437.5,574997.0,77881.0,30628.0,834170.5,2366.0,1116786.5,683506.0,1795022.5
2025-10-02,275533.0,12525.5,263007.5,579205.5,76451.25,31145.75,815120.0,2469.5,1098492.5,686802.5,1779925.0
2025-10-03,291427.5,13286.5,278141.0,582687.25,73572.75,31568.5,823814.7,2159.0,1122921.2,687828.5,1805229.7
2025-10-04,244619.5,11071.5,233548.0,431390.25,42503.0,15736.75,700194.1,2851.5,953285.1,489630.0,1437295.1
2025-10-05,148504.0,6783.0,141721.0,236307.75,25341.25,7851.75,437618.9,1650.0,590842.9,269500.75,857273.65
2025-10-06,278796.5,12663.5,266133.0,553541.25,72304.5,32100.5,1087463.7,3909.5,1376929.7,657946.25,2028115.95
2025-10-07,262669.5,11983.5,250686.0,576597.75,74280.5,33478.0,839072.6,2755.2,1110394.3,684356.25,1788853.55
2025-10-08,261913.0,11958.5,249954.5,568665.25,72988.5,32480.5,774382.8,2958.0,1045003.8,674134.25,1713388.05
2025-10-09,258035.5,11795.5,246240.0,563863.0,71829.5,33910.25,749791.3,2778.0,1015534.8,669602.75,1680207.55
2025-10-10,257142.0,11690.5,245451.5,524404.75,65531.0,30010.5,747508.3,2768.5,1012158.8,619946.25,1627365.05
2025-10-11,245021.5,11112.5,233909.0,428792.0,42949.5,16454.0,699393.6,2416.0,951547.1,488195.5,1435026.6
2025-10-12,177652.0,8058.0,169594.0,279490.0,26519.25,9058.25,481241.1,2592.0,665195.1,315067.5,976552.6
2025-10-13,274685.5,12561.5,262124.0,553641.0,72964.75,34385.25,1073926.4,2492.5,1357114.4,660991.0,2012095.4
2025-10-14,272327.0,12388.0,259939.0,576084.75,74798.25,35506.25,857629.9,2968.0,1138484.9,686389.25,1819314.15
2025-10-15,272263.0,12381.0,259882.0,585276.0,75073.75,35910.0,856461.2,2610.5,1136244.7,696259.75,1827594.45
2025-10-16,270459.5,12325.5,258134.0,582369.0,75610.5,34884.0,842164.7,2673.5,1120277.7,692863.5,1808161.2
2025-10-17,275564.5,12452.5,263112.0,577714.0,72627.5,32129.0,821205.5,2776.5,1104346.5,682470.5,1782017.0
2025-10-18,247212.5,11223.0,235989.5,442742.75,42759.5,17104.75,734689.4,3331.5,991583.4,502607.0,1487840.4
2025-10-19,170452.0,7745.5,162706.5,275946.5,27521.5,9281.5,471601.6,1854.5,648593.1,312749.5,956657.6
2025-10-20,278963.0,12725.5,266237.5,554771.5,74328.0,33824.75,1090933.5,3337.0,1378348.5,662924.25,2036157.75
2025-10-21,278977.5,12692.5,266285.0,577756.75,76489.25,35596.5,850732.5,2213.0,1136623.0,689842.5,1821765.5
2025-10-22,284282.5,12943.5,271339.0,590729.0,76261.25,36465.75,795949.8,2866.5,1088078.8,703456.0,1786554.8
2025-10-23,276528.5,12561.5,263967.0,562837.0,73026.5,34798.5,743463.7,2150.0,1027662.2,670662.0,1692804.2
2025-10-24,286210.5,13019.0,273191.5,575315.25,71354.5,32509.0,797092.6,2549.0,1091818.1,679178.75,1765030.85
2025-10-25,256472.0,11571.5,244900.5,456346.75,44265.25,17793.5,737637.2,3082.0,1003881.2,518405.5,1515596.7
2025-10-26,168298.0,7729.0,160569.0,271581.25,26300.75,8982.25,466663.7,2089.0,641170.7,306864.25,943914.95
2025-10-27,275507.5,12623.5,262884.0,547508.75,71036.25,33867.5,1067836.0,3059.0,1352142.5,652412.5,1998815.0
2025-10-28,266516.0,12144.0,254372.0,573268.0,73629.75,35477.75,840110.1,2359.0,1114535.1,682375.5,1791360.6
2025-10-29,263658.0,11984.0,251674.0,566385.25,71829.5,34632.25,764064.5,2523.5,1035316.0,672847.0,1703093.0
2025-10-30,278327.5,12650.5,265677.0,564632.5,72247.5,34176.25,777110.7,2980.5,1063058.7,671056.25,1729474.95
2025-10-31,270505.5,12276.5,258229.0,520144.0,62434.0,28998.75,770224.5,2857.0,1048077.0,611576.75,1655163.75
2025-11-01,247813.5,11168.5,236645.0,446291.0,44773.5,17698.5,758106.5,3950.5,1016410.5,508763.0,1518633.5
2025-11-02,157013.0,7188.5,149824.5,254804.25,26438.5,9348.0,472260.2,1836.0,635460.2,290590.75,921699.95
2025-11-03,285598.0,13081.0,272517.0,546378.25,74256.75,34922.0,1103149.3,3014.0,1398341.3,655557.0,2047318.3
2025-11-04,267372.0,12192.5,255179.5,567715.25,74095.25,35634.5,845197.5,2229.5,1120672.0,677445.0,1792244.0
2025-11-05,261669.5,11848.0,249821.5,566081.25,71311.75,34404.25,787084.6,2241.0,1055561.1,671797.25,1722792.35
2025-11-06,270495.0,12389.5,258105.5,555845.0,69107.75,33677.5,739893.1,2528.0,1018006.1,658630.25,1671546.35
2025-11-07,275143.0,12534.5,262608.5,538626.25,62115.75,29283.75,781221.7,2302.5,1064168.2,630025.75,1688692.95
2025-11-08,258138.0,11679.5,246458.5,448343.0,38551.0,16392.25,697000.9,2751.0,966090.9,503286.25,1461176.15
2025-11-09,151291.5,6882.0,144409.5,234768.75,23370.0,8626.0,431784.1,2034.0,589269.6,266764.75,851874.35
2025-11-10,273496.5,12446.0,261050.5,540003.75,67483.25,33326.0,1043967.3,3206.0,1326811.8,640813.0,1961482.8
2025-11-11,261915.5,11989.5,249926.0,567553.75,69815.5,34974.25,831045.3,2436.5,1100927.3,672343.5,1767740.8
2025-11-12,262183.5,11877.5,250306.0,564784.5,68984.25,33501.75,759256.6,2794.5,1029764.6,667270.5,1691505.1
2025-11-13,272191.0,12423.0,259768.0,569710.25,68281.25,35192.75,768427.9,2330.5,1048149.4,673184.25,1716133.65
2025-11-14,290031.0,13058.5,276972.5,568722.25,65070.25,31806.0,821272.7,2425.0,1119378.7,665598.5,1779327.2
2025-11-15,247879.5,11158.5,236721.0,433922.0,38399.0,16848.25,738167.4,3193.0,994719.9,489169.25,1478409.15
2025-11-16,166199.5,7578.0,158621.5,257611.5,22724.0,9015.5,423209.5,1500.5,593329.5,289351.0,880260.5
2025-11-17,190222.5,8601.5,181621.0,288377.25,25863.75,10578.25,509498.0,2009.5,704961.0,324819.25,1026549.25
2025-11-18,293396.0,13364.5,280031.5,558481.25,66281.5,34846.0,1044727.1,2920.5,1347433.6,659608.75,2000652.35
2025-11-19,274384.0,12516.5,261867.5,567758.0,65360.0,34442.25,818340.6,2522.0,1100796.6,667560.25,1762806.85
2025-11-20,270062.5,12308.5,257754.0,560276.75,62752.25,33554.0,731011.6,2295.5,1008429.6,656583.0,1659952.6
2025-11-21,276091.5,12571.0,263520.5,558609.5,61094.5,31188.5,767531.7,2480.0,1050763.2,650892.5,1696995.7
2025-11-22,242008.5,10911.5,231097.0,420389.25,36256.75,16886.25,647592.6,3341.5,896732.6,473532.25,1366474.85
2025-11-23,160833.0,7370.0,153463.0,248847.75,22344.0,8664.0,433720.9,1652.0,599475.9,279855.75,876061.65
2025-11-24,280788.5,12869.5,267919.0,548487.25,60111.25,32499.5,1021101.0,2914.0,1310253.5,641098.0,1945901.5
2025-11-25,268553.0,12338.0,256215.0,565207.25,62448.25,33658.5,815889.7,2229.3,1091162.0,661314.0,1747986.0
2025-11-26,280469.5,12693.0,267776.5,560718.5,61066.0,34309.25,746596.4,2384.5,1034410.4,656093.75,1685544.15
2025-11-27,277806.0,12718.0,265088.0,560219.75,58900.0,33036.25,739167.7,2852.0,1025475.7,652156.0,1671981.7
2025-11-28,310211.0,13991.5,296219.5,581803.75,56468.0,33497.0,817038.8,3514.5,1136344.3,671768.75,1802533.05
2025-11-29,261549.0,11832.0,249717.0,432858.0,34485.0,16938.5,715519.3,2244.5,985032.8,484281.5,1463594.3
2025-11-30,175252.5,8024.0,167228.5,269021.0,21223.0,9452.5,478577.6,1580.5,659520.6,299696.5,955107.1
2025-12-01,286798.0,13112.5,273685.5,538887.5,55793.5,30029.5,1023686.8,2385.5,1319350.3,624710.5,1937580.8
2025-12-02,286461.0,13003.5,273457.5,555707.25,56349.25,30205.25,826521.4,2446.5,1120502.9,642261.75,1757690.65
2025-12-03,274943.0,12486.5,262456.5,542606.75,54378.0,29578.25,763115.0,2649.0,1046207.0,626563.0,1667270.0
2025-12-04,273486.5,12445.5,261041.0,535097.0,53000.5,29549.75,743735.6,2671.5,1024958.6,617647.25,1637540.85
2025-12-05,284619.0,12843.0,271776.0,534446.25,50644.5,30499.75,768962.1,2717.5,1061818.6,615590.5,1671889.1
2025-12-06,262867.5,11877.5,250990.0,422925.75,32352.25,17209.25,631734.5,2923.5,902545.5,472487.25,1370012.75
2025-12-07,187880.0,8463.0,179417.0,274816.0,20866.75,10815.75,466491.9,1747.0,659668.9,306498.5,962617.4
2025-12-08,270179.0,12292.0,257887.0,490513.5,45733.0,25151.25,894460.2,2799.0,1172768.2,561397.75,1728835.95
2025-12-09,277205.5,12554.5,264651.0,510914.75,47409.75,28386.0,772281.7,2051.0,1056558.2,586710.5,1638248.7
2025-12-10,282233.0,12680.0,269553.0,511218.75,47509.5,27854.0,687875.8,2683.5,977862.3,586582.25,1559374.55
2025-12-11,286187.5,12910.5,273277.0,515883.25,46692.5,28419.25,731305.4,3092.0,1025844.9,590995.0,1611579.9
2025-12-12,320649.0,14293.0,306356.0,542820.5,46436.0,27763.75,772149.9,2340.0,1100898.9,617020.25,1712159.15
2025-12-13,288934.0,12940.0,275994.0,460726.25,34637.0,20026.0,714049.8,2292.7,1010846.5,515389.25,1520665.75
2025-12-14,216100.5,9608.5,206492.0,305961.75,23735.75,12426.0,505385.9,2132.0,726978.4,342123.5,1065741.9
2025-12-15,303964.5,13711.0,290253.5,519854.25,47067.75,27920.5,966803.9,2784.5,1278852.9,594842.5,1868395.4
2025-12-16,297265.5,13405.5,283860.0,543860.75,48226.75,27972.75,812040.4,2691.0,1118286.9,620060.25,1732057.15
2025-12-17,291534.0,13013.0,278521.0,543594.75,47310.0,27189.0,748923.3,3005.5,1050496.3,618093.75,1661556.55
2025-12-18,300676.5,13548.5,287128.0,529644.0,46013.25,26747.25,697601.6,2018.5,1006627.6,602404.5,1602701.1
2025-12-19,307527.0,13872.5,293654.5,518087.25,46436.0,25607.25,722345.5,2407.0,1037969.5,590130.5,1622410.0
2025-12-20,305941.0,13730.5,292210.5,474824.25,35477.75,19479.75,684179.7,2284.0,998558.7,529781.75,1522186.45
2025-12-21,242122.0,10597.5,231524.5,344788.25,24519.5,13110.0,524213.2,2386.0,772853.2,382417.75,1151138.95
2025-12-22,335838.5,15004.5,320834.0,507366.5,42526.75,24947.0,817076.7,2953.0,1162914.2,574840.25,1730708.45
2025-12-23,313543.0,13979.5,299563.5,497372.5,38983.25,23754.75,670670.1,2662.0,992776.1,560110.5,1546985.6
2025-12-24,211047.5,9704.5,201343.0,350322.0,26324.5,14881.75,451185.2,2263.5,668671.2,391528.25,1056024.45
2025-12-26,231206.0,10445.0,220761.0,366894.75,29944.0,16872.0,564597.2,1733.5,803296.7,413710.75,1211247.45
2025-12-27,233753.5,10513.0,223240.5,367445.75,37515.5,0.0,557741.8,2997.0,800141.3,404961.25,1199453.55
2025-12-28,151993.0,6928.0,145065.0,233334.25,26110.75,0.0,370331.2,1494.5,526949.7,259445.0,783263.7
2025-12-29,237109.5,10724.5,226385.0,406761.5,47490.5,0.0,714534.8,2430.5,959394.8,454252.0,1408326.8
2025-12-30,230319.0,10470.0,219849.0,420308.5,49048.5,0.0,593099.2,3133.5,831181.7,469357.0,1295908.7
2025-12-31,174769.0,8006.0,166763.0,313200.75,35648.75,0.0,395947.7,1601.5,575658.2,348849.5,921167.7
2026-01-02,200840.5,9149.5,191691.0,368661.75,47452.5,0.0,612912.9,2622.5,821195.9,416114.25,1232490.15
2026-01-03,204114.5,9336.0,194778.5,371136.5,41329.75,0.0,580393.2,2008.5,791546.2,412466.25,1198982.45
2026-01-04,147775.5,6719.5,141056.0,246287.5,28205.5,0.0,408956.6,1887.5,561859.6,274493.0,833112.6
2026-01-05,243452.0,11129.5,232322.5,452865.0,57836.0,0.0,882004.2,2078.0,1132884.2,510701.0,1638235.2
2026-01-06,231411.0,10602.5,220808.5,467533.0,58121.0,0.0,714332.1,2641.0,953914.1,525654.0,1474038.1
2026-01-07,229001.0,10415.5,218585.5,479921.0,60595.75,0.0,726396.4,2213.0,962090.4,540516.75,1498127.15
2026-01-08,228627.5,10422.0,218205.5,478899.75,61707.25,0.0,693532.9,2596.0,929296.4,540607.0,1465363.4
2026-01-09,254391.0,11514.0,242877.0,510268.75,68295.5,0.0,747692.0,2235.5,1009158.5,578564.25,1582882.75
2026-01-10,213533.0,9758.0,203775.0,403655.0,45690.25,0.0,662574.4,2808.5,884115.9,449345.25,1328261.15
2026-01-11,136985.0,6284.0,130701.0,241285.75,28248.25,0.0,415181.9,1390.5,556972.9,269534.0,823091.4
2026-01-12,252052.5,11569.5,240483.0,494503.5,68366.75,0.0,933401.7,3298.0,1194102.2,562870.25,1751622.45
2026-01-13,234364.0,10734.0,223630.0,503675.75,67944.0,0.0,764299.8,2524.0,1006087.8,571619.75,1572807.55
2026-01-14,240420.5,10986.0,229434.5,517631.25,67483.25,0.0,748179.0,2664.0,996369.5,585114.5,1576378.0
2026-01-15,247640.0,11299.0,236341.0,527972.0,67682.75,0.0,778946.4,2686.0,1035183.4,595654.75,1624927.15
2026-01-16,248624.0,11437.5,237186.5,526461.5,68827.5,0.0,780238.7,2790.5,1037128.2,595289.0,1626942.2
2026-01-17,218598.5,9959.5,208639.0,415207.0,44075.25,0.0,695051.2,2911.5,922111.2,459282.25,1375843.45
2026-01-18,138063.0,6307.5,131755.5,242891.25,28424.0,0.0,443558.4,1636.0,587747.4,271315.25,854572.65
2026-01-19,296169.5,13677.5,282492.0,598789.75,95389.5,408.5,1181290.3,4309.5,1489299.3,694587.75,2176357.05
2026-01-20,272220.0,12537.5,259682.5,588434.75,92059.75,1140.0,828566.3,3673.0,1110059.3,681634.5,1786093.8
2026-01-21,267419.5,12297.0,255122.5,610669.5,94753.0,1890.5,841229.4,2477.0,1116506.9,707313.0,1818438.9
2026-01-22,272120.0,12428.0,259692.0,605762.75,93318.5,2498.5,790397.7,2241.0,1069110.7,701579.75,1766338.45
2026-01-23,279211.0,12736.0,266475.0,597331.5,87476.0,3002.0,812259.1,3364.5,1099754.6,687809.5,1782644.1
2026-01-24,227816.5,10485.0,217331.5,432050.5,48464.25,1857.25,681121.0,2404.0,915991.5,482372.0,1393713.5
2026-01-25,129180.5,5946.5,123234.0,226556.0,26248.5,859.75,400064.2,1808.5,533883.2,253664.25,784717.45
2026-01-26,277287.0,12750.0,264537.0,589546.25,89186.0,5842.5,1083023.6,3194.0,1368870.6,684574.75,2048079.35
2026-01-27,279133.0,12762.5,266370.5,604732.0,92515.75,7395.75,861257.8,3219.0,1148727.8,704643.5,1848253.3
2026-01-28,270846.0,12408.0,258438.0,604960.0,90335.5,7923.0,784082.7,3024.0,1061512.7,703218.5,1761171.2
2026-01-29,267612.5,12252.5,255360.0,589413.25,87257.5,8683.0,767504.5,2983.0,1042120.0,685353.75,1723453.75
2026-01-30,281086.0,12844.0,268242.0,576963.5,83001.5,8892.0,817029.3,3215.5,1105710.8,668857.0,1770187.8
2026-01-31,251514.5,11364.0,240150.5,436050.0,45880.25,4355.75,712523.8,3208.0,971886.3,486286.0,1453532.3
2026-02-01,138945.0,6391.5,132553.5,233120.5,26277.0,2246.75,403492.9,1978.0,547275.9,261644.25,806060.15
2026-02-02,153096.0,7014.5,146081.5,250543.5,28590.25,2308.5,435386.9,1654.0,592646.9,281442.25,871579.15
2026-02-03,283600.5,12955.0,270645.5,583855.75,90592.0,12791.75,1106620.0,5136.5,1400407.0,687239.5,2082596.5
2026-02-04,263540.2,12122.7,251417.5,583333.25,86013.0,13979.25,817943.5,3281.5,1089007.2,683325.5,1768090.7
2026-02-05,271520.0,12445.5,259074.5,577471.75,85010.75,14611.0,770953.3,3132.5,1049445.8,677093.5,1722699.3
2026-02-06,273887.5,12504.5,261383.0,574997.0,81529.0,14701.25,764601.6,3521.5,1045761.6,671227.25,1713237.85
2026-02-07,242521.5,11101.5,231420.0,436772.0,46203.25,7433.75,677519.7,2447.5,926388.7,490409.0,1412897.7
2026-02-08,138500.0,6383.5,132116.5,224907.75,25802.0,3605.25,384948.9,1533.5,527462.4,254315.0,779297.4
2026-02-09,275577.5,12484.5,263093.0,569976.25,83661.75,18164.0,1058137.4,4163.5,1342628.4,671802.0,2009680.4
2026-02-10,262912.5,11998.5,250914.0,594671.5,86663.75,19665.0,843699.0,3338.5,1113800.0,701000.25,1810950.25
2026-02-11,264774.5,12074.5,252700.0,568912.25,82664.25,19546.25,771967.2,3187.0,1043988.7,671122.75,1711051.45
2026-02-12,269725.5,12370.5,257355.0,595336.5,84497.75,21636.25,785404.9,2846.0,1061746.4,701470.5,1759446.9
2026-02-13,283691.0,12884.0,270807.0,591745.5,81776.0,21056.75,810072.8,3621.0,1101589.8,694578.25,1791963.05
2026-02-14,240143.5,10899.0,229244.5,435893.25,47162.75,10654.25,704314.9,3052.5,952331.9,493710.25,1441221.15
2026-02-15,146589.0,6796.5,139792.5,244525.25,26163.0,5096.75,441295.4,1685.5,593279.9,275785.0,865354.9
2026-02-16,277395.5,12668.5,264727.0,571809.75,83728.25,24063.5,1051289.1,3365.5,1336390.1,679601.5,2011651.6
