Fecha,Efectivo,Tarifa Incompleta,Overpay,Monto Pasajes,Monto Tarjeta Gral,Monto Tarjeta Per,Monto Tarjeta Bpd,Recargas,Recargas Error,Monto Total Efectivo,Monto Total Tarjetas,Ingreso_Total
2021-01-01,47339.5,0.0,2224.0,45115.5,10792.0,2166.0,0.0,0.0,0.0,47339.5,12958.0,60297.5
2021-01-02,71522.0,0.0,3350.0,68172.0,21232.5,3990.0,0.0,0.0,0.0,71522.0,25222.5,96744.5
2021-01-03,56236.5,0.0,2599.5,53637.0,15428.0,3239.5,0.0,0.0,0.0,56236.5,18667.5,74904.0
2021-01-04,93697.5,0.0,4502.0,89195.5,35986.0,7267.5,0.0,0.0,0.0,93697.5,43253.5,136951.0
2021-01-05,87702.0,0.0,4121.0,83581.0,37772.0,6308.0,0.0,0.0,0.0,87702.0,44080.0,131782.0
2021-01-06,86069.5,0.0,3951.5,82118.0,38000.0,6479.0,0.0,0.0,0.0,86069.5,44479.0,130548.5
2021-01-07,82015.5,0.0,3802.0,78213.5,37211.5,6094.25,0.0,0.0,0.0,82015.5,43305.75,125321.25
2021-01-08,85550.0,0.0,3973.5,81576.5,38332.5,6094.25,0.0,0.0,0.0,85550.0,44426.75,129976.75
2021-01-09,76965.0,0.0,3701.0,73264.0,28357.5,4645.5,0.0,0.0,0.0,76965.0,33003.0,109968.0
2021-01-10,65657.5,0.0,3119.0,62538.5,17527.5,3458.0,0.0,0.0,0.0,65657.5,20985.5,86643.0
2021-01-11,95841.5,4.5,4442.0,91399.5,37553.5,6773.5,0.0,0.0,0.0,95846.0,44327.0,140173.0
2021-01-12,87197.0,4749.0,4043.5,83153.5,38617.5,6312.75,0.0,0.0,0.0,91946.0,44930.25,136876.25
2021-01-13,79386.0,5190.0,3718.5,75667.5,36907.5,5728.5,0.0,0.0,0.0,84576.0,42636.0,127212.0
2021-01-14,81661.5,5057.5,3847.0,77814.5,36964.5,6075.25,0.0,0.0,0.0,86719.0,43039.75,129758.75
2021-01-15,90538.5,6181.0,4259.5,86279.0,37971.5,6407.75,0.0,0.0,0.0,96719.5,44379.25,141098.75
2021-01-16,77002.5,4784.5,3529.5,73473.0,28975.0,4270.25,0.0,0.0,0.0,81787.0,33245.25,115032.25
2021-01-17,58791.5,3269.0,2618.0,56173.5,15551.5,3158.75,0.0,0.0,0.0,62060.5,18710.25,80770.75
2021-01-18,91276.0,5201.0,4199.0,87077.0,38085.5,6298.5,0.0,0.0,0.0,96477.0,44384.0,140861.0
2021-01-19,76723.0,4472.0,3525.5,73197.5,35226.0,5035.0,0.0,0.0,0.0,81195.0,40261.0,121456.0
2021-01-20,77240.0,4200.5,3558.0,73682.0,35872.0,5358.0,0.0,0.0,0.0,81440.5,41230.0,122670.5
2021-01-21,77728.5,4819.0,3609.5,74119.0,36081.0,5372.25,0.0,0.0,0.0,82547.5,41453.25,124000.75
2021-01-22,82610.5,4224.5,3789.0,78821.5,36527.5,5149.0,0.0,0.0,0.0,86835.0,41676.5,128511.5
2021-01-23,74964.5,4195.5,3591.0,71373.5,28319.5,4465.0,0.0,0.0,0.0,79160.0,32784.5,111944.5
2021-01-24,58733.5,3178.5,2750.0,55983.5,15418.5,3339.25,0.0,0.0,0.0,61912.0,18757.75,80669.75
2021-01-25,85731.0,5049.0,3879.0,81852.0,35444.5,5818.75,0.0,0.0,0.0,90780.0,41263.25,132043.25
2021-01-26,76414.0,4521.5,3482.5,72931.5,37354.0,5757.0,0.0,0.0,0.0,80935.5,43111.0,124046.5
2021-01-27,78163.5,5062.5,3617.0,74546.5,37012.0,5685.75,0.0,0.0,0.0,83226.0,42697.75,125923.75
2021-01-28,74718.0,4263.0,3439.5,71278.5,35967.0,5557.5,0.0,0.0,0.0,78981.0,41524.5,120505.5
2021-01-29,84732.0,4720.0,3792.0,80940.0,36717.5,6080.0,0.0,0.0,0.0,89452.0,42797.5,132249.5
2021-01-30,80656.5,4363.0,3773.0,76883.5,29602.0,4541.0,0.0,0.0,0.0,85019.5,34143.0,119162.5
2021-01-31,66361.5,3656.0,3034.5,63327.0,16634.5,3572.0,0.0,0.0,0.0,70017.5,20206.5,90224.0
2021-02-01,71966.5,3554.0,3319.5,68647.0,23028.0,4716.75,0.0,0.0,0.0,75520.5,27744.75,103265.25
2021-02-02,90022.0,5000.0,4113.5,85908.5,37268.5,6445.75,9.5,0.0,0.0,95022.0,43723.75,138745.75
2021-02-03,82026.5,4715.0,3889.0,78137.5,38313.5,5804.5,80.75,0.0,0.0,86741.5,44198.75,130940.25
2021-02-04,82943.0,4848.0,3855.5,79087.5,38408.5,6103.75,133.0,0.0,0.0,87791.0,44645.25,132436.25
2021-02-05,89415.5,4976.5,4143.5,85272.0,38731.5,6156.0,247.0,0.0,0.0,94392.0,45134.5,139526.5
2021-02-06,81230.0,4434.0,3814.5,77415.5,29070.0,4598.0,204.25,0.0,0.0,85664.0,33872.25,119536.25
2021-02-07,73898.5,3983.5,3427.5,70471.0,19541.5,3804.75,237.5,0.0,0.0,77882.0,23583.75,101465.75
2021-02-08,94998.5,5288.5,4378.0,90620.5,37624.75,6469.5,275.5,0.0,0.0,100287.0,44369.75,144656.75
2021-02-09,81703.5,4512.5,3803.5,77900.0,36936.0,5662.0,327.75,0.0,0.0,86216.0,42925.75,129141.75
2021-02-10,79961.5,5065.5,3676.5,76285.0,36594.0,5856.75,446.5,0.0,0.0,85027.0,42897.25,127924.25
2021-02-11,83527.5,5323.5,3879.5,79648.0,38845.5,5633.5,456.0,0.0,0.0,88851.0,44935.0,133786.0
2021-02-12,91042.5,5388.0,4241.0,86801.5,38788.5,5837.75,565.25,0.0,0.0,96430.5,45191.5,141622.0
2021-02-13,83618.0,5047.0,3989.0,79629.0,30818.0,4621.75,494.0,0.0,0.0,88665.0,35933.75,124598.75
2021-02-14,76657.0,4279.0,3640.0,73017.0,20159.0,3847.5,422.75,0.0,0.0,80936.0,24429.25,105365.25
2021-02-15,91821.0,5289.5,4145.5,87675.5,37601.0,5795.0,741.0,0.0,0.0,97110.5,44137.0,141247.5
2021-02-16,83162.0,5100.5,3818.0,79344.0,38380.0,4574.25,698.25,0.0,0.0,88262.5,43652.5,131915.0
2021-02-17,83340.5,4441.5,3854.0,79486.5,37762.5,4735.75,679.25,0.0,0.0,87782.0,43177.5,130959.5
2021-02-18,85119.0,5086.0,3837.0,81282.0,40878.5,4721.5,831.25,0.0,0.0,90205.0,46431.25,136636.25
2021-02-19,87685.5,5081.5,4095.0,83590.5,39928.5,4493.5,869.25,0.0,0.0,92767.0,45291.25,138058.25
2021-02-20,85248.5,4851.5,3881.0,81367.5,31473.5,3686.0,779.0,0.0,0.0,90100.0,35938.5,126038.5
2021-02-21,72942.5,3346.0,3374.0,69568.5,19104.5,2764.5,536.75,0.0,0.0,76288.5,22405.75,98694.25
2021-02-22,93338.0,5303.0,4294.5,89043.5,40194.5,4959.0,907.25,0.0,0.0,98641.0,46060.75,144701.75
2021-02-23,85097.5,4980.0,3996.0,81101.5,40156.5,4460.25,760.0,0.0,0.0,90077.5,45376.75,135454.25
2021-02-24,81177.5,4698.5,3686.0,77491.5,39292.0,4536.25,1030.75,0.0,0.0,85876.0,44859.0,130735.0
2021-02-25,84539.5,5158.5,3808.5,80731.0,40479.5,4588.5,1021.25,0.0,0.0,89698.0,46089.25,135787.25
2021-02-26,94487.0,5242.0,4370.0,90117.0,40793.0,4693.0,1121.0,0.0,0.0,99729.0,46607.0,146336.0
2021-02-27,93024.0,4667.5,4275.0,88749.0,34162.0,3956.75,1002.25,0.0,0.0,97691.5,39121.0,136812.5
2021-02-28,76742.5,3890.5,3535.5,73207.0,20415.5,2759.75,826.5,0.0,0.0,80633.0,24001.75,104634.75
2021-03-01,96077.0,5094.0,4392.5,91684.5,38608.0,4840.25,1439.25,0.0,0.0,101171.0,44887.5,146058.5
2021-03-02,88052.0,5130.5,4034.0,84018.0,41638.5,4640.75,1382.25,0.0,0.0,93182.5,47661.5,140844.0
2021-03-03,84715.0,4579.0,3813.0,80902.0,39938.0,4412.75,1230.25,0.0,0.0,89294.0,45581.0,134875.0
2021-03-04,86649.5,4656.5,3990.0,82659.5,40726.5,4393.75,1254.0,0.0,0.0,91306.0,46374.25,137680.25
2021-03-05,86903.0,4277.0,4044.0,82859.0,39748.0,4303.5,1434.5,0.0,0.0,91180.0,45486.0,136666.0
2021-03-06,86633.5,3982.5,3907.5,82726.0,31720.5,3334.5,1111.5,0.0,0.0,90616.0,36166.5,126782.5
2021-03-07,82695.0,3863.0,3712.0,78983.0,21812.0,3144.5,1201.75,0.0,0.0,86558.0,26158.25,112716.25
2021-03-08,92753.0,5015.0,4222.5,88530.5,40669.5,4740.5,1700.5,0.0,0.0,97768.0,47110.5,144878.5
2021-03-09,88266.5,4562.5,4058.5,84208.0,39862.0,4512.5,1700.5,0.0,0.0,92829.0,46075.0,138904.0
2021-03-10,85616.5,4399.5,3945.0,81671.5,39776.5,4484.0,1543.75,0.0,0.0,90016.0,45804.25,135820.25
2021-03-11,84585.5,4230.5,3797.5,80788.0,39292.0,4441.25,1648.25,0.0,0.0,88816.0,45381.5,134197.5
2021-03-12,95604.0,4780.0,4290.0,91314.0,41420.0,4279.75,1653.0,0.0,0.0,100384.0,47352.75,147736.75
2021-03-13,95680.0,4732.0,4461.0,91219.0,34589.5,3705.0,1610.25,0.0,0.0,100412.0,39904.75,140316.75
2021-03-14,81581.0,4386.5,3681.0,77900.0,23018.5,3063.75,1277.75,0.0,0.0,85967.5,27360.0,113327.5
2021-03-15,80784.5,4603.0,3739.5,77045.0,24871.0,3325.0,1572.25,0.0,0.0,85387.5,29768.25,115155.75
2021-03-16,93441.5,5144.5,4255.5,89186.0,39577.0,4346.25,1814.5,0.0,0.0,98586.0,45737.75,144323.75
2021-03-17,90859.5,4950.0,4134.0,86725.5,41448.5,4422.25,1885.75,0.0,0.0,95809.5,47756.5,143566.0
2021-03-18,95673.0,5099.5,4378.0,91295.0,44289.0,4697.75,1695.75,0.0,0.0,100772.5,50682.5,151455.0
2021-03-19,95660.0,5397.5,4412.5,91247.5,41087.5,4550.5,1904.75,0.0,0.0,101057.5,47542.75,148600.25
2021-03-20,98190.5,5049.0,4520.5,93670.0,36223.5,3681.25,1686.25,0.0,0.0,103239.5,41591.0,144830.5
2021-03-21,79927.0,4284.5,3661.0,76266.0,22344.0,2864.25,1410.75,0.0,0.0,84211.5,26619.0,110830.5
2021-03-22,98720.0,5071.5,4584.5,94135.5,41116.0,4740.5,2061.5,0.0,0.0,103791.5,47918.0,151709.5
2021-03-23,90367.5,4725.0,4126.5,86241.0,41724.0,4213.25,1838.25,0.0,0.0,95092.5,47775.5,142868.0
2021-03-24,86841.0,4442.0,3991.5,82849.5,40356.0,3999.5,1966.5,0.0,0.0,91283.0,46322.0,137605.0
2021-03-25,92453.5,5299.0,4284.0,88169.5,44070.5,4612.25,2232.5,0.0,0.0,97752.5,50915.25,148667.75
2021-03-26,98059.5,5120.0,4522.5,93537.0,42436.5,4066.0,2417.75,0.0,0.0,103179.5,48920.25,152099.75
2021-03-27,93076.5,4762.5,4346.5,88730.0,36252.0,3515.0,2090.0,0.0,0.0,97839.0,41857.0,139696.0
2021-03-28,77433.5,4008.5,3580.5,73853.0,20634.0,2826.25,1401.25,0.0,0.0,81442.0,24861.5,106303.5
2021-03-29,94918.0,4999.5,4392.5,90525.5,39691.0,4446.0,2398.75,0.0,0.0,99917.5,46535.75,146453.25
2021-03-30,89369.0,4412.5,4059.0,85310.0,39225.5,4047.0,2099.5,0.0,0.0,93781.5,45372.0,139153.5
2021-03-31,93527.0,4870.5,4246.0,89281.0,41363.0,4184.75,2341.75,0.0,0.0,98397.5,47889.5,146287.0
2021-04-01,90062.0,4178.5,4077.5,85984.5,30704.0,3538.75,1862.0,0.0,0.0,94240.5,36104.75,130345.25
2021-04-02,78730.0,4061.0,3613.5,75116.5,23864.0,2522.25,1534.25,0.0,0.0,82791.0,27920.5,110711.5
2021-04-03,89373.5,3962.0,4073.0,85300.5,27227.0,3044.75,1985.5,0.0,0.0,93335.5,32257.25,125592.75
2021-04-04,81833.0,3659.5,3676.5,78156.5,20719.5,2845.25,1714.75,0.0,0.0,85492.5,25279.5,110772.0
2021-04-05,104198.5,4809.5,4676.5,99522.0,40204.0,4493.5,2655.25,0.0,0.0,109008.0,47352.75,156360.75
2021-04-06,82728.0,4157.0,3792.5,78935.5,40223.0,4151.5,2251.5,0.0,0.0,86885.0,46626.0,133511.0
2021-04-07,86495.5,4449.0,3959.5,82536.0,39187.5,4104.0,2451.0,0.0,0.0,90944.5,45742.5,136687.0
2021-04-08,89785.0,4551.5,4066.5,85718.5,40546.0,3914.0,2175.5,0.0,0.0,94336.5,46635.5,140972.0
2021-04-09,94472.5,4938.0,4298.5,90174.0,42056.5,4047.0,2346.5,0.0,0.0,99410.5,48450.0,147860.5
2021-04-10,92066.0,4473.0,4191.0,87875.0,34390.0,3253.75,2128.0,0.0,0.0,96539.0,39771.75,136310.75
2021-04-11,83640.0,3781.0,3735.5,79904.5,22724.0,2840.5,1795.5,0.0,0.0,87421.0,27360.0,114781.0
2021-04-12,95557.5,4684.0,4272.0,91285.5,42018.5,4693.0,2493.75,0.0,0.0,100241.5,49205.25,149446.75
2021-04-13,87650.5,4406.5,4012.5,83638.0,39976.0,4180.0,2346.5,0.0,0.0,92057.0,46502.5,138559.5
2021-04-14,92439.0,4673.0,4155.5,88283.5,42256.0,4351.0,2474.75,0.0,0.0,97112.0,49081.75,146193.75
2021-04-15,98067.0,4968.5,4539.5,93527.5,42997.0,4555.25,2698.0,0.0,0.0,103035.5,50250.25,153285.75
2021-04-16,100441.0,4931.0,4529.0,95912.0,43956.5,4313.0,2698.0,0.0,0.0,105372.0,50967.5,156339.5
2021-04-17,102151.5,5149.0,4615.0,97536.5,38095.0,3600.5,2745.5,0.0,0.0,107300.5,44441.0,151741.5
2021-04-18,81327.5,3868.0,3826.5,77501.0,22201.5,2964.0,1933.25,0.0,0.0,85195.5,27098.75,112294.25
2021-04-19,98684.0,5551.5,4681.5,94002.5,42892.5,4222.75,2812.0,0.0,0.0,104235.5,49927.25,154162.75
2021-04-20,94248.0,5217.5,4311.5,89936.5,43443.5,4341.5,2859.5,0.0,0.0,99465.5,50644.5,150110.0
2021-04-21,88174.0,5005.5,4070.5,84103.5,42778.5,3971.0,2688.5,0.0,0.0,93179.5,49438.0,142617.5
2021-04-22,89448.0,4974.0,4024.0,85424.0,42009.0,4113.5,2560.25,0.0,0.0,94422.0,48682.75,143104.75
2021-04-23,98588.5,5299.5,4424.5,94164.0,44764.0,4251.25,2664.75,0.0,0.0,103888.0,51680.0,155568.0
2021-04-24,102018.5,5146.5,4729.0,97289.5,38370.5,3581.5,2683.75,0.0,0.0,107165.0,44635.75,151800.75
2021-04-25,81121.0,3849.5,3715.0,77406.0,21926.0,2802.5,1985.5,0.0,0.0,84970.5,26714.0,111684.5
2021-04-26,99634.5,4824.0,4615.5,95019.0,41638.5,4308.25,2859.5,0.0,0.0,104458.5,48806.25,153264.75
2021-04-27,89709.0,4687.5,4190.0,85519.0,42617.0,3952.0,2783.5,0.0,0.0,94396.5,49352.5,143749.0
2021-04-28,91944.0,5203.5,4192.5,87751.5,43462.5,4028.0,2802.5,0.0,0.0,97147.5,50293.0,147440.5
2021-04-29,91303.5,5080.0,4169.5,87134.0,43149.0,4165.75,2878.5,0.0,0.0,96383.5,50193.25,146576.75
2021-04-30,103814.0,5249.0,4748.0,99066.0,43690.5,4241.75,3030.5,0.0,0.0,109063.0,50962.75,160025.75
2021-05-01,104148.0,5030.5,4920.5,99227.5,32319.0,3348.75,2854.75,0.0,0.0,109178.5,38522.5,147701.0
2021-05-02,84846.0,3828.0,3896.5,80949.5,23398.5,3068.5,1990.25,0.0,0.0,88674.0,28457.25,117131.25
2021-05-03,97117.5,5222.5,4464.0,92653.5,42313.0,4403.25,3187.25,0.0,0.0,102340.0,49903.5,152243.5
2021-05-04,95058.0,4955.5,4361.5,90696.5,43861.5,3999.5,2954.5,0.0,0.0,100013.5,50815.5,150829.0
2021-05-05,91142.5,4914.5,4227.0,86915.5,42683.5,3990.0,2968.75,0.0,0.0,96057.0,49642.25,145699.25
2021-05-06,92142.5,5026.0,4248.5,87894.0,45210.5,4061.25,3054.25,0.0,0.0,97168.5,52326.0,149494.5
2021-05-07,95321.5,5535.0,4425.5,90896.0,43348.5,3828.5,2888.0,0.0,0.0,100856.5,50065.0,150921.5
2021-05-08,100639.5,4760.0,4737.0,95902.5,38522.5,3553.0,2717.0,0.0,0.0,105399.5,44792.5,150192.0
2021-05-09,80420.5,3655.0,3812.5,76608.0,22600.5,2584.0,1890.5,0.0,0.0,84075.5,27075.0,111150.5
2021-05-10,107255.0,5107.5,4864.0,102391.0,41790.5,3909.25,2683.75,0.0,0.0,112362.5,48383.5,160746.0
2021-05-11,97608.0,5163.0,4479.5,93128.5,42902.0,4146.75,2949.75,0.0,0.0,102771.0,49998.5,152769.5
2021-05-12,92387.0,4714.0,4170.0,88217.0,43348.5,4132.5,3078.0,0.0,0.0,97101.0,50559.0,147660.0
2021-05-13,96137.5,5000.0,4424.5,91713.0,44137.0,4351.0,2921.25,0.0,0.0,101137.5,51409.25,152546.75
2021-05-14,96831.0,5115.5,4510.0,92321.0,43320.0,4056.5,2864.25,0.0,0.0,101946.5,50240.75,152187.25
2021-05-15,94150.0,4857.0,4432.0,89718.0,36280.5,3386.75,2299.0,0.0,0.0,99007.0,41966.25,140973.25
2021-05-16,84470.0,3949.5,3891.0,80579.0,23683.5,2850.0,1900.0,0.0,0.0,88419.5,28433.5,116853.0
2021-05-17,101665.5,5007.5,4623.0,97042.5,42835.5,4403.25,2940.25,0.0,0.0,106673.0,50179.0,156852.0
2021-05-18,94039.5,5159.0,4264.5,89775.0,42389.0,4051.75,2964.0,0.0,0.0,99198.5,49404.75,148603.25
2021-05-19,93121.5,4750.5,4220.5,88901.0,44251.0,4227.5,2973.5,0.0,0.0,97872.0,51452.0,149324.0
2021-05-20,90485.0,4413.0,4158.5,86326.5,46084.5,4222.75,2755.0,0.0,0.0,94898.0,53062.25,147960.25
2021-05-21,91703.0,4588.5,4208.0,87495.0,43035.0,4013.75,2669.5,0.0,0.0,96291.5,49718.25,146009.75
2021-05-22,83456.5,3375.0,3742.0,79714.5,33288.0,2869.0,1838.25,0.0,0.0,86831.5,37995.25,124826.75
2021-05-23,78674.0,3393.0,3652.5,75021.5,22809.5,2759.75,1833.5,0.0,0.0,82067.0,27402.75,109469.75
2021-05-24,101328.0,4508.0,4551.5,96776.5,43025.5,4241.75,2883.25,0.0,0.0,105836.0,50150.5,155986.5
2021-05-25,95544.0,4272.5,4391.5,91152.5,43994.5,4503.0,2973.5,0.0,0.0,99816.5,51471.0,151287.5
2021-05-26,88564.5,4336.0,4043.0,84521.5,43529.0,4051.75,2764.5,0.0,0.0,92900.5,50345.25,143245.75
2021-05-27,90213.0,4171.5,4086.0,86127.0,42702.5,3895.0,2669.5,0.0,0.0,94384.5,49267.0,143651.5
2021-05-28,95830.0,5012.5,4497.0,91333.0,44061.0,3990.0,2750.25,0.0,0.0,100842.5,50801.25,151643.75
2021-05-29,94614.5,4393.0,4393.0,90221.5,36831.5,3348.75,2346.5,0.0,0.0,99007.5,42526.75,141534.25
2021-05-30,78544.0,4158.0,3579.5,74964.5,22448.5,2802.5,1904.75,0.0,0.0,82702.0,27155.75,109857.75
2021-05-31,105955.0,5357.0,4856.0,101099.0,44023.0,4460.25,3006.75,0.0,0.0,111312.0,51490.0,162802.0
2021-06-01,100269.5,4917.5,4642.5,95627.0,45676.0,5025.5,3296.5,0.0,0.0,105187.0,53998.0,159185.0
2021-06-02,93310.0,4923.0,4323.5,88986.5,44156.0,4498.25,3187.25,0.0,0.0,98233.0,51841.5,150074.5
2021-06-03,92064.0,4851.0,4208.0,87856.0,45229.5,4607.5,2683.75,0.0,0.0,96915.0,52520.75,149435.75
2021-06-04,100547.0,4855.0,4606.5,95940.5,43624.0,4688.25,2712.25,0.0,0.0,105402.0,51024.5,156426.5
2021-06-05,96548.0,4627.0,4455.0,92093.0,38209.0,3557.75,2527.0,0.0,0.0,101175.0,44293.75,145468.75
2021-06-06,85645.0,3991.0,3983.0,81662.0,24320.0,3158.75,1895.25,0.0,0.0,89636.0,29374.0,119010.0
2021-06-07,97794.5,4812.5,4504.5,93290.0,43966.0,4759.5,2816.75,0.0,0.0,102607.0,51542.25,154149.25
2021-06-08,93467.5,5003.0,4357.5,89110.0,44203.5,4669.25,2736.0,0.0,0.0,98470.5,51608.75,150079.25
2021-06-09,88705.5,4308.5,4051.0,84654.5,44659.5,4441.25,2707.5,0.0,0.0,93014.0,51808.25,144822.25
2021-06-10,95530.5,4991.5,4406.5,91124.0,46721.0,4716.75,2973.5,0.0,0.0,100522.0,54411.25,154933.25
2021-06-11,99139.5,4696.5,4605.0,94534.5,45448.0,4560.0,2717.0,0.0,0.0,103836.0,52725.0,156561.0
2021-06-12,92742.0,4381.0,4335.0,88407.0,36185.5,3263.25,2299.0,0.0,0.0,97123.0,41747.75,138870.75
2021-06-13,74441.5,3516.5,3457.5,70984.0,22581.5,2565.0,1672.0,0.0,0.0,77958.0,26818.5,104776.5
2021-06-14,100230.5,4553.5,4603.5,95627.0,45319.75,4716.75,2731.25,0.0,0.0,104784.0,52767.75,157551.75
2021-06-15,97239.5,5338.5,4557.5,92682.0,46046.5,4716.75,2831.0,0.0,0.0,102578.0,53594.25,156172.25
2021-06-16,100998.5,4635.5,4630.5,96368.0,45210.5,4702.5,2859.5,0.0,0.0,105634.0,52772.5,158406.5
2021-06-17,93981.0,4200.0,4291.5,89689.5,45153.5,4992.25,2745.5,0.0,0.0,98181.0,52891.25,151072.25
2021-06-18,100404.5,5362.5,4663.5,95741.0,46379.0,4992.25,2650.5,0.0,0.0,105767.0,54021.75,159788.75
2021-06-19,84819.5,3588.5,3946.0,80873.5,35767.5,3154.0,2128.0,0.0,0.0,88408.0,41049.5,129457.5
2021-06-20,89843.0,4392.5,4257.5,85585.5,25697.5,3163.5,2009.25,0.0,0.0,94235.5,30870.25,125105.75
2021-06-21,99730.5,4801.0,4607.0,95123.5,45818.5,4992.25,2759.75,0.0,0.0,104531.5,53570.5,158102.0
2021-06-22,91088.0,4834.5,4191.5,86896.5,44412.5,4612.25,2503.25,0.0,0.0,95922.5,51528.0,147450.5
2021-06-23,92060.0,4376.5,4242.0,87818.0,46018.0,4531.5,2650.5,0.0,0.0,96436.5,53200.0,149636.5
2021-06-24,94064.0,4408.0,4279.5,89784.5,47148.5,5130.0,2712.25,0.0,0.0,98472.0,54990.75,153462.75
2021-06-25,101404.5,5107.5,4609.0,96795.5,47728.0,4916.25,2664.75,0.0,0.0,106512.0,55309.0,161821.0
2021-06-26,94245.0,4662.0,4308.5,89936.5,38893.0,3956.75,2318.0,0.0,0.0,98907.0,45167.75,144074.75
2021-06-27,68044.5,2900.5,3169.0,64875.5,21204.0,2688.5,1567.5,0.0,0.0,70945.0,25460.0,96405.0
2021-08-31,40842.5,3025.0,1940.0,38902.5,26277.0,3144.5,1325.25,0.0,0.0,43867.5,30746.75,74614.25
2021-09-01,65642.0,3984.5,3122.5,62519.5,40470.0,4579.0,1781.25,0.0,0.0,69626.5,46830.25,116456.75
2021-09-02,74019.0,5102.0,3500.5,70518.5,45110.75,4797.5,1805.0,0.0,0.0,79121.0,51713.25,130834.25
2021-09-03,70162.5,4446.5,3244.5,66918.0,34504.0,4346.25,1638.75,0.0,0.0,74609.0,40489.0,115098.0
2021-09-04,86492.0,4985.5,4117.5,82374.5,39600.75,3966.25,1866.75,0.0,0.0,91477.5,45433.75,136911.25
2021-09-05,72874.0,4269.0,3457.5,69416.5,25992.0,3420.0,1548.5,0.0,0.0,77143.0,30960.5,108103.5
2021-09-06,104089.0,6068.5,4928.0,99161.0,47253.0,5101.5,2189.75,0.0,0.0,110157.5,54544.25,164701.75
2021-09-07,92240.0,5935.5,4289.0,87951.0,50188.5,4921.0,2185.0,0.0,0.0,98175.5,57294.5,155470.0
2021-09-08,94556.5,6752.5,4430.0,90126.5,53033.75,5215.5,2579.25,0.0,0.0,101309.0,60828.5,162137.5
2021-09-09,94354.5,6114.5,4399.0,89955.5,52036.25,5467.25,2085.25,0.0,0.0,100469.0,59588.75,160057.75
2021-09-10,105477.0,6837.0,4891.0,100586.0,54539.5,5210.75,2531.75,0.0,0.0,112314.0,62282.0,174596.0
2021-09-11,100334.0,6504.5,4669.0,95665.0,46070.25,4403.25,2018.75,0.0,0.0,106838.5,52492.25,159330.75
2021-09-12,81724.5,5008.5,3758.0,77966.5,27018.0,3415.25,1776.5,0.0,0.0,86733.0,32209.75,118942.75
2021-09-13,106898.5,6598.5,5049.0,101849.5,50981.75,5263.0,2574.5,0.0,0.0,113497.0,58819.25,172316.25
2021-09-14,99991.0,6847.5,4687.0,95304.0,52311.75,5149.0,2251.5,0.0,0.0,106838.5,59712.25,166550.75
2021-09-15,102459.5,6282.5,4790.0,97669.5,53176.25,5082.5,2759.75,0.0,0.0,108742.0,61018.5,169760.5
2021-09-16,70679.5,4709.0,3248.5,67431.0,30357.25,2702.75,1662.5,0.0,0.0,75388.5,34722.5,110111.0
2021-09-17,107001.0,6824.0,4923.5,102077.5,51741.75,5258.25,2455.75,0.0,0.0,113825.0,59455.75,173280.75
2021-09-18,97509.0,5544.0,4627.5,92881.5,43714.25,3638.5,2118.5,0.0,0.0,103053.0,49471.25,152524.25
2021-09-19,80746.0,5078.0,3843.5,76902.5,30295.5,3244.25,1852.5,0.0,0.0,85824.0,35392.25,121216.25
2021-09-20,115622.0,7176.5,5460.0,110162.0,56206.75,5814.0,2973.5,0.0,0.0,122798.5,64994.25,187792.75
2021-09-21,101654.0,6072.5,4820.5,96833.5,53622.75,5467.25,2764.5,0.0,0.0,107726.5,61854.5,169581.0
2021-09-22,98095.0,6430.5,4596.0,93499.0,52615.75,5063.5,2802.5,0.0,0.0,104525.5,60481.75,165007.25
2021-09-23,98278.5,5992.5,4675.0,93603.5,54986.0,5296.25,2612.5,0.0,0.0,104271.0,62894.75,167165.75
2021-09-24,107342.5,6633.0,5141.5,102201.0,61389.0,5719.0,2916.5,0.0,0.0,113975.5,70024.5,184000.0
2021-09-25,103696.5,6419.0,4839.5,98857.0,44678.5,4037.5,2489.0,0.0,0.0,110115.5,51205.0,161320.5
2021-09-26,84003.5,5286.0,4023.0,79980.5,29811.0,3709.75,2018.75,0.0,0.0,89289.5,35539.5,124829.0
2021-09-27,102541.0,6579.0,4795.5,97745.5,53594.25,5044.5,2907.0,0.0,0.0,109120.0,61545.75,170665.75
2021-09-28,100798.5,6589.0,4658.5,96140.0,56810.0,5400.75,2750.25,0.0,0.0,107387.5,64961.0,172348.5
2021-09-29,100924.5,6559.5,4661.0,96263.5,55242.5,5662.0,3116.0,0.0,0.0,107484.0,64020.5,171504.5
2021-09-30,109364.5,7070.0,5168.5,104196.0,56786.25,5486.25,3187.25,0.0,0.0,116434.5,65459.75,181894.25
2021-10-01,117565.0,7818.0,5493.5,112071.5,55176.0,5999.25,4379.5,0.0,0.0,125383.0,65554.75,190937.75
2021-10-02,109343.5,7235.0,5109.5,104234.0,46246.0,4602.75,3462.75,0.0,0.0,116578.5,54311.5,170890.0
2021-10-03,91790.0,5668.0,4399.5,87390.5,30138.75,3553.0,2759.75,0.0,0.0,97458.0,36451.5,133909.5
2021-10-04,122660.5,7823.0,5858.0,116802.5,54216.5,6284.25,4365.25,0.0,0.0,130483.5,64866.0,195349.5
2021-10-05,114042.5,7237.5,5324.5,108718.0,54425.5,5913.75,4384.25,0.0,0.0,121280.0,64723.5,186003.5
2021-10-06,116224.0,6921.5,5511.0,110713.0,56092.75,6170.25,4526.75,0.0,0.0,123145.5,66789.75,189935.25
2021-10-07,114531.0,7050.0,5433.0,109098.0,55290.0,6080.0,4265.5,0.0,0.0,121581.0,65635.5,187216.5
2021-10-08,116978.0,8133.0,5562.0,111416.0,57456.0,6094.25,4484.0,0.0,0.0,125111.0,68034.25,193145.25
2021-10-09,108698.5,6457.5,5129.5,103569.0,60149.25,6232.0,3296.5,0.0,0.0,115156.0,69677.75,184833.75
2021-10-10,87712.5,6020.0,4179.0,83533.5,36304.25,4479.25,2546.0,0.0,0.0,93732.5,43329.5,137062.0
2021-10-11,119857.5,7333.0,5686.5,114171.0,69188.5,8835.0,4208.5,0.0,0.0,127190.5,82232.0,209422.5
2021-10-12,99478.5,6820.5,4792.0,94686.5,66129.5,7186.75,3325.0,0.0,0.0,106299.0,76641.25,182940.25
2021-10-13,114472.0,8545.5,5516.5,108955.5,74142.75,9091.5,4512.5,0.0,0.0,123017.5,87746.75,210764.25
2021-10-14,115683.5,7965.0,5673.5,110010.0,73487.25,9139.0,3914.0,0.0,0.0,123648.5,86540.25,210188.75
2021-10-15,123998.5,7268.0,5913.5,118085.0,73192.75,8763.75,4636.0,0.0,0.0,131266.5,86592.5,217859.0
2021-10-16,110875.0,7358.5,5482.0,105393.0,57617.5,6569.25,3481.75,0.0,0.0,118233.5,67668.5,185902.0
2021-10-17,87845.5,5976.5,4312.0,83533.5,37529.75,4626.5,3011.5,0.0,0.0,93822.0,45167.75,138989.75
2021-10-18,121859.0,8253.0,5911.5,115947.5,71772.5,9219.75,4355.75,0.0,0.0,130112.0,85348.0,215460.0
2021-10-19,118317.5,7695.5,5875.5,112442.0,78056.75,9552.25,4289.25,0.0,0.0,126013.0,91898.25,217911.25
2021-10-20,119082.0,7561.5,5832.5,113249.5,77600.75,9386.0,4792.75,0.0,0.0,126643.5,91779.5,218423.0
2021-10-21,112453.0,7287.0,5369.0,107084.0,75387.25,9333.75,4555.25,0.0,0.0,119740.0,89276.25,209016.25
2021-10-22,121922.0,7793.5,5756.0,116166.0,75795.75,9134.25,4289.25,0.0,0.0,129715.5,89219.25,218934.75
2021-10-23,112000.5,7189.0,5391.5,106609.0,61351.0,6583.5,3382.0,0.0,0.0,119189.5,71316.5,190506.0
2021-10-24,85732.5,5482.0,4203.5,81529.0,37107.0,4659.75,2774.0,0.0,0.0,91214.5,44540.75,135755.25
2021-10-25,120233.0,7253.5,5824.5,114408.5,71682.25,9172.25,4222.75,0.0,0.0,127486.5,85077.25,212563.75
2021-10-26,114628.5,7831.0,5568.5,109060.0,13732.25,1387.0,641.25,0.0,0.0,122459.5,15760.5,138220.0
2021-10-27,117725.5,7724.5,5768.0,111957.5,76194.75,9528.5,4897.25,0.0,0.0,125450.0,90620.5,216070.5
2021-10-28,117285.0,8443.5,5793.0,111492.0,76793.25,9381.25,4783.25,0.0,0.0,125728.5,90957.75,216686.25
2021-10-29,125599.5,9287.5,6232.0,119367.5,77800.25,9462.0,4707.25,0.0,0.0,134887.0,91969.5,226856.5
2021-10-30,117551.5,7381.5,5689.0,111862.5,63317.5,7020.5,3515.0,0.0,0.0,124933.0,73853.0,198786.0
2021-10-31,79562.0,5299.0,3932.5,75629.5,32152.75,4484.0,2512.75,0.0,0.0,84861.0,39149.5,124010.5
2021-11-01,121739.0,8302.0,5972.0,115767.0,72637.0,9490.5,4773.75,0.0,0.0,130041.0,86901.25,216942.25
2021-11-02,100394.0,7093.5,4786.0,95608.0,67782.5,7676.0,3515.0,0.0,0.0,107487.5,78973.5,186461.0
2021-11-03,117289.0,7712.0,5740.0,111549.0,76218.5,10321.75,4754.75,0.0,0.0,125001.0,91295.0,216296.0
2021-11-04,115676.0,7957.0,5666.0,110010.0,77121.0,10084.25,4612.25,0.0,0.0,123633.0,91817.5,215450.5
2021-11-05,123848.0,8895.0,6010.0,117838.0,77239.75,10160.25,4393.75,0.0,0.0,132743.0,91793.75,224536.75
2021-11-06,114820.5,7946.0,5580.0,109240.5,63141.75,7220.0,3439.0,0.0,0.0,122766.5,73800.75,196567.25
2021-11-07,93723.5,6599.0,4613.5,89110.0,39876.25,5210.75,2802.5,0.0,0.0,100322.5,47889.5,148212.0
2021-11-08,127052.0,8050.0,6240.5,120811.5,76004.75,10407.25,4849.75,0.0,0.0,135102.0,91261.75,226363.75
2021-11-09,116081.0,8684.5,5776.5,110304.5,77035.5,10198.25,4545.75,0.0,0.0,124765.5,91779.5,216545.0
2021-11-10,118704.0,9209.5,5977.0,112727.0,80712.0,10868.0,4835.5,0.0,0.0,127913.5,96415.5,224329.0
2021-11-11,114494.0,8749.0,5586.0,108908.0,76152.0,10602.0,4821.25,0.0,0.0,123243.0,91575.25,214818.25
2021-11-12,127781.0,9439.5,6361.5,121419.5,80137.25,10046.25,4811.75,0.0,0.0,137220.5,94995.25,232215.75
2021-11-13,126895.5,9129.0,6321.5,120574.0,67146.0,7633.25,3747.75,0.0,0.0,136024.5,78527.0,214551.5
2021-11-14,94567.0,6943.0,4877.5,89689.5,41833.25,5358.0,2717.0,0.0,0.0,101510.0,49908.25,151418.25
2021-11-15,97011.0,7178.0,4851.5,92159.5,46868.25,6274.75,3158.75,0.0,0.0,104189.0,56301.75,160490.75
2021-11-16,133337.5,9113.0,6598.0,126739.5,77173.25,10868.0,5101.5,0.0,0.0,142450.5,93142.75,235593.25
2021-11-17,129453.0,9673.0,6513.5,122939.5,80237.0,11400.0,4897.25,0.0,0.0,139126.0,96534.25,235660.25
2021-11-18,120482.5,8272.0,6188.0,114294.5,78037.75,10326.5,4351.0,0.0,0.0,128754.5,92715.25,221469.75
2021-11-19,123132.0,8877.5,6054.0,117078.0,77957.0,10203.0,4526.75,0.0,0.0,132009.5,92686.75,224696.25
2021-11-20,117281.5,8282.0,5761.0,111520.5,63118.0,7101.25,3652.75,0.0,0.0,125563.5,73872.0,199435.5
2021-11-21,99346.0,6335.5,5001.5,94344.5,41553.0,5657.25,2774.0,0.0,0.0,105681.5,49984.25,155665.75
2021-11-22,130858.5,8377.5,6427.5,124431.0,76185.25,11309.75,5073.0,0.0,0.0,139236.0,92568.0,231804.0
2021-11-23,125672.0,9357.0,6200.0,119472.0,80009.0,11642.25,4716.75,0.0,0.0,135029.0,96368.0,231397.0
2021-11-24,125507.0,8626.0,6149.0,119358.0,80949.5,11271.75,4797.5,0.0,0.0,134133.0,97018.75,231151.75
2021-11-25,127873.0,9046.5,6301.5,121571.5,79600.5,11153.0,4612.25,0.0,0.0,136919.5,95365.75,232285.25
2021-11-26,125810.5,9093.0,6443.0,119367.5,79500.75,10787.25,4469.75,0.0,0.0,134903.5,94757.75,229661.25
2021-11-27,115097.0,7994.5,5799.5,109297.5,65184.25,7804.25,3158.75,0.0,0.0,123091.5,76147.25,199238.75
2021-11-28,95665.0,6740.0,4845.0,90820.0,41690.75,5790.25,2508.0,0.0,0.0,102405.0,49989.0,152394.0
2021-11-30,126341.5,8421.0,6176.0,120165.5,79904.5,11542.5,4479.25,0.0,0.0,134762.5,95926.25,230688.75
2021-12-01,125656.5,8897.0,6203.5,119453.0,80227.5,12031.75,4655.0,0.0,0.0,134553.5,96914.25,231467.75
2021-12-02,126474.5,8368.0,6299.5,120175.0,78921.25,11623.25,4588.5,0.0,0.0,134842.5,95133.0,229975.5
2021-12-04,118667.0,7883.0,5997.0,112670.0,66319.5,7918.25,3401.0,0.0,0.0,126550.0,77638.75,204188.75
2021-12-05,105637.0,6631.0,5250.5,100386.5,46816.0,6355.5,2655.25,0.0,0.0,112268.0,55826.75,168094.75
2021-12-06,135429.0,9017.0,6637.5,128791.5,79401.0,12340.5,4503.0,0.0,0.0,144446.0,96244.5,240690.5
2021-12-07,124019.0,8676.5,6257.0,117762.0,80778.5,11903.5,4194.25,0.0,0.0,132695.5,96876.25,229571.75
2021-12-08,124669.0,8284.5,6071.0,118598.0,82612.0,11727.75,4379.5,0.0,0.0,132953.5,98719.25,231672.75
2021-12-09,119041.0,8673.5,5953.0,113088.0,82236.75,11148.25,4170.5,0.0,0.0,127714.5,97555.5,225270.0
2021-12-10,129541.5,8831.0,6421.5,123120.0,81092.0,11110.25,4075.5,0.0,0.0,138372.5,96277.75,234650.25
2021-12-11,127979.5,7949.0,6303.5,121676.0,69397.5,8336.25,3315.5,0.0,0.0,135928.5,81049.25,216977.75
2021-12-12,108324.5,6979.5,5230.5,103094.0,48825.25,6217.75,2636.25,0.0,0.0,115304.0,57679.25,172983.25
2021-12-13,139117.5,8593.5,6896.5,132221.0,78930.75,11409.5,3956.75,0.0,0.0,147711.0,94297.0,242008.0
2021-12-14,130180.0,8871.5,6528.0,123652.0,82754.5,11096.0,3819.0,0.0,0.0,139051.5,97669.5,236721.0
2021-12-15,127193.0,8290.0,6201.0,120992.0,82844.75,11105.5,4256.0,0.0,0.0,135483.0,98206.25,233689.25
2021-12-16,125713.0,8224.0,6260.0,119453.0,81904.25,10801.5,3690.75,0.0,0.0,133937.0,96396.5,230333.5
2021-12-18,128135.5,7981.5,6269.5,121866.0,71782.0,8450.25,2864.25,0.0,0.0,136117.0,83096.5,219213.5
2021-12-19,109258.5,7181.0,5290.5,103968.0,51081.5,6540.75,2341.75,0.0,0.0,116439.5,59964.0,176403.5
2021-12-20,136725.0,8491.5,6774.5,129950.5,77672.0,10174.5,3595.75,0.0,0.0,145216.5,91442.25,236658.75
2021-12-21,128302.5,8592.0,6313.0,121989.5,83120.25,9832.5,3325.0,0.0,0.0,136894.5,96277.75,233172.25
2021-12-22,126776.5,8539.5,6335.5,120441.0,82787.75,9580.75,3382.0,0.0,0.0,135316.0,95750.5,231066.5
2021-12-23,132671.5,8966.0,6711.0,125960.5,79063.75,9504.75,3277.5,0.0,0.0,141637.5,91846.0,233483.5
2021-12-24,133330.0,7551.0,6647.5,126682.5,61265.5,7400.5,2189.75,0.0,0.0,140881.0,70855.75,211736.75
2021-12-25,79362.5,5372.5,3923.0,75439.5,28305.25,3705.0,1225.5,0.0,0.0,84735.0,33235.75,117970.75
2021-12-26,92446.0,5443.5,4495.0,87951.0,39762.25,5419.75,1995.0,0.0,0.0,97889.5,47177.0,145066.5
2021-12-27,106948.5,6830.5,5232.0,101716.5,63811.5,8250.75,2888.0,0.0,0.0,113779.0,74950.25,188729.25
2021-12-28,97680.5,6557.0,4780.0,92900.5,66694.75,7728.25,1947.5,0.0,0.0,104237.5,76370.5,180608.0
2021-12-29,99964.5,6993.5,4850.5,95114.0,68319.25,8991.75,0.0,0.0,0.0,106958.0,77311.0,184269.0
2021-12-30,105168.0,7218.0,5152.0,100016.0,67725.5,9177.0,0.0,0.0,0.0,112386.0,76902.5,189288.5
2021-12-31,110904.0,6361.5,5549.0,105355.0,53276.0,7547.75,0.0,0.0,0.0,117265.5,60823.75,178089.25
2022-01-02,86235.0,5758.5,4202.5,82032.5,38608.0,6859.0,0.0,0.0,0.0,91993.5,45467.0,137460.5
2022-01-03,110293.5,7859.5,5394.5,104899.0,67958.25,10853.75,0.0,0.0,0.0,118153.0,78812.0,196965.0
2022-01-04,102387.0,6811.0,5040.5,97346.5,71976.75,10426.25,0.0,0.0,0.0,109198.0,82403.0,191601.0
2022-01-05,100595.5,6854.5,4940.0,95655.5,72907.75,10944.0,0.0,0.0,0.0,107450.0,83851.75,191301.75
2022-01-06,103217.5,7401.5,5187.0,98030.5,73397.0,10464.25,0.0,0.0,0.0,110619.0,83861.25,194480.25
2022-01-07,104995.5,7551.5,5084.0,99911.5,72627.5,11105.5,0.0,0.0,0.0,112547.0,83733.0,196280.0
2022-01-08,101423.0,7157.0,5131.0,96292.0,60576.75,8782.75,0.0,0.0,0.0,108580.0,69359.5,177939.5
2022-01-09,86422.0,6111.5,4285.0,82137.0,39700.5,6450.5,0.0,0.0,0.0,92533.5,46151.0,138684.5
2022-01-10,106320.0,7251.5,5306.5,101013.5,67730.25,11338.25,0.0,0.0,0.0,113571.5,79068.5,192640.0
2022-01-11,104685.5,7295.5,5239.5,99446.0,74000.25,10820.5,0.0,0.0,0.0,111981.0,84820.75,196801.75
2022-01-12,98580.5,7450.0,4891.5,93689.0,73055.0,10906.0,0.0,0.0,0.0,106030.5,83961.0,189991.5
2022-01-13,97081.5,6802.0,4865.0,92216.5,70665.75,10041.5,0.0,0.0,0.0,103883.5,80707.25,184590.75
2022-01-14,105945.0,7563.0,5264.0,100681.0,73188.0,10307.5,0.0,0.0,0.0,113508.0,83495.5,197003.5
2022-01-15,97882.5,6936.0,4906.0,92976.5,60006.75,8246.0,0.0,0.0,0.0,104818.5,68252.75,173071.25
2022-01-16,83294.5,5499.0,4169.0,79125.5,37406.25,6398.25,0.0,0.0,0.0,88793.5,43804.5,132598.0
2022-01-17,116749.5,7514.0,5770.5,110979.0,71226.25,11499.75,0.0,0.0,0.0,124263.5,82726.0,206989.5
2022-01-18,104652.5,7586.5,5168.5,99484.0,73045.5,10882.25,0.0,0.0,0.0,112239.0,83927.75,196166.75
2022-01-19,104363.0,7635.5,5116.5,99246.5,72499.25,10644.75,0.0,0.0,0.0,111998.5,83144.0,195142.5
2022-01-20,100491.0,7004.0,4949.5,95541.5,73948.0,10659.0,0.0,0.0,0.0,107495.0,84607.0,192102.0
2022-01-21,101166.5,7372.5,4998.0,96168.5,70732.25,10483.25,0.0,0.0,0.0,108539.0,81215.5,189754.5
2022-01-22,95628.5,6973.0,4799.0,90829.5,59451.0,7842.25,0.0,0.0,0.0,102601.5,67293.25,169894.75
2022-01-23,76477.0,5380.0,3716.5,72760.5,34998.0,6004.0,0.0,0.0,0.0,81857.0,41002.0,122859.0
2022-01-24,107790.5,7931.0,5238.0,102552.5,71639.5,11024.75,0.0,0.0,0.0,115721.5,82664.25,198385.75
2022-01-25,100259.5,8081.0,4974.5,95285.0,74076.25,10925.0,0.0,0.0,0.0,108340.5,85001.25,193341.75
2022-01-26,99022.5,7265.5,4991.5,94031.0,74864.75,11034.25,0.0,0.0,0.0,106288.0,85899.0,192187.0
2022-01-27,104305.5,7842.5,5211.0,99094.5,74784.0,11281.25,0.0,0.0,0.0,112148.0,86065.25,198213.25
2022-01-28,111060.0,8180.0,5496.0,105564.0,76579.5,11243.25,0.0,0.0,0.0,119240.0,87822.75,207062.75
2022-01-29,106607.0,7153.0,5356.0,101251.0,64115.5,9134.25,0.0,0.0,0.0,113760.0,73249.75,187009.75
2022-01-30,82705.5,6012.0,4235.5,78470.0,42526.75,6607.25,0.0,0.0,0.0,88717.5,49134.0,137851.5
2022-01-31,128737.0,8445.0,6386.5,122350.5,82730.75,12563.75,0.0,0.0,0.0,137182.0,95294.5,232476.5
2022-02-01,113682.0,8638.5,5619.5,108062.5,90297.5,13490.0,0.0,0.0,0.0,122320.5,103787.5,226108.0
2022-02-02,114133.5,7962.0,5748.0,108385.5,92596.5,12872.5,0.0,0.0,0.0,122095.5,105469.0,227564.5
2022-02-03,113202.0,8340.0,5766.5,107435.5,92957.5,12920.0,38.0,0.0,0.0,121542.0,105915.5,227457.5
2022-02-04,115619.0,8361.5,5789.5,109829.5,93518.0,12654.0,156.75,0.0,0.0,123980.5,106328.75,230309.25
2022-02-05,101865.5,7164.5,5127.0,96738.5,74518.0,9044.0,66.5,0.0,0.0,109030.0,83628.5,192658.5
2022-02-06,81216.5,5664.5,4076.5,77140.0,47571.25,6593.0,76.0,0.0,0.0,86881.0,54240.25,141121.25
2022-02-07,77744.0,6382.0,3796.0,73948.0,53390.0,7234.25,133.0,0.0,0.0,84126.0,60757.25,144883.25
2022-02-08,128186.5,8970.5,6330.0,121856.5,97731.25,15722.5,218.5,0.0,0.0,137157.0,113672.25,250829.25
2022-02-09,117825.5,7803.0,5906.0,111919.5,101004.0,15280.75,361.0,0.0,0.0,125628.5,116645.75,242274.25
2022-02-10,119671.5,7924.5,5909.0,113762.5,99023.25,15675.0,418.0,0.0,0.0,127596.0,115116.25,242712.25
2022-02-11,122703.5,8702.0,6148.0,116555.5,101004.0,14991.0,636.5,0.0,0.0,131405.5,116631.5,248037.0
2022-02-12,106385.5,7488.0,5286.5,101099.0,81757.0,10355.0,688.75,0.0,0.0,113873.5,92800.75,206674.25
2022-02-13,80716.5,5647.5,3985.0,76731.5,50288.25,6650.0,579.5,0.0,0.0,86364.0,57517.75,143881.75
2022-02-14,130355.5,8055.5,6352.0,124003.5,96401.25,15850.75,850.25,0.0,0.0,138411.0,113102.25,251513.25
2022-02-15,121492.0,8080.5,6095.5,115396.5,99944.75,15238.0,798.0,0.0,0.0,129572.5,115980.75,245553.25
2022-02-16,116922.0,7222.0,5829.0,111093.0,101844.75,15504.0,1040.25,0.0,0.0,124144.0,118389.0,242533.0
2022-02-17,113509.5,7444.0,5551.5,107958.0,99218.0,15280.75,940.5,0.0,0.0,120953.5,115439.25,236392.75
2022-02-18,124316.0,8463.5,6202.5,118113.5,101963.5,15033.75,1377.5,0.0,0.0,132779.5,118374.75,251154.25
2022-02-19,109004.0,6959.0,5311.5,103692.5,81923.25,10093.75,1049.75,0.0,0.0,115963.0,93066.75,209029.75
2022-02-20,87783.0,5552.5,4335.0,83448.0,53508.75,7291.25,897.75,0.0,0.0,93335.5,61697.75,155033.25
2022-02-21,134094.0,8302.5,6727.5,127366.5,101593.0,16002.75,1368.0,0.0,0.0,142396.5,118963.75,261360.25
2022-02-22,121975.5,8377.5,6161.0,115814.5,105269.5,16857.75,1349.0,0.0,0.0,130353.0,123476.25,253829.25
2022-02-23,123140.0,8381.5,6081.0,117059.0,104139.0,16173.75,1372.75,0.0,0.0,131521.5,121685.5,253207.0
2022-02-24,118600.5,8558.0,5949.5,112651.0,103868.25,16387.5,1653.0,0.0,0.0,127158.5,121908.75,249067.25
2022-02-25,122940.0,7811.5,6213.5,116726.5,104215.0,15703.5,1805.0,0.0,0.0,130751.5,121723.5,252475.0
2022-02-26,110821.5,7636.5,5580.5,105241.0,82901.75,9827.75,1672.0,0.0,0.0,118458.0,94401.5,212859.5
2022-02-27,85693.5,6128.0,4212.0,81481.5,50801.25,7015.75,1406.0,0.0,0.0,91821.5,59223.0,151044.5
2022-02-28,139535.0,8488.5,6934.0,132601.0,103236.5,16625.0,2289.5,0.0,0.0,148023.5,122151.0,270174.5
2022-03-01,131124.5,7884.5,6560.5,124564.0,105891.75,17290.0,2536.5,0.0,0.0,139009.0,125718.25,264727.25
2022-03-02,127449.0,8752.5,6533.0,120916.0,108452.0,16406.5,2389.25,0.0,0.0,136201.5,127247.75,263449.25
2022-03-03,123827.0,7886.0,6312.0,117515.0,106808.5,16758.0,2565.0,0.0,0.0,131713.0,126131.5,257844.5
2022-03-04,128175.0,8978.5,6423.0,121752.0,107487.75,16330.5,3040.0,0.0,0.0,137153.5,126858.25,264011.75
2022-03-05,118225.0,7947.0,6011.0,112214.0,86089.0,10431.0,2441.5,0.0,0.0,126172.0,98961.5,225133.5
2022-03-06,83548.5,6040.0,4271.0,79277.5,52221.5,6859.0,1795.5,0.0,0.0,89588.5,60876.0,150464.5
2022-03-07,143585.0,8821.0,7165.0,136420.0,103706.75,17100.0,3638.5,0.0,0.0,152406.0,124445.25,276851.25
2022-03-08,129567.5,7803.5,6495.0,123072.5,105146.0,16610.75,3586.25,0.0,0.0,137371.0,125343.0,262714.0
2022-03-09,115094.5,7469.5,5626.0,109468.5,100970.75,14273.75,3458.0,0.0,0.0,122564.0,118702.5,241266.5
2022-03-10,129414.5,8415.0,6513.0,122901.5,106162.5,17024.0,4004.25,0.0,0.0,137829.5,127190.75,265020.25
2022-03-11,130996.0,8981.0,6717.0,124279.0,106143.5,16411.25,4479.25,0.0,0.0,139977.0,127034.0,267011.0
2022-03-12,110373.5,7352.0,5436.5,104937.0,83619.0,10022.5,2987.75,0.0,0.0,117725.5,96629.25,214354.75
2022-03-13,84599.5,5837.5,4220.0,80379.5,49865.5,7034.75,2394.0,0.0,0.0,90437.0,59294.25,149731.25
2022-03-14,133964.0,8161.5,6721.0,127243.0,101749.75,16606.0,4574.25,0.0,0.0,142125.5,122930.0,265055.5
2022-03-15,123431.0,8234.5,6106.0,117325.0,108822.5,17128.5,4754.75,0.0,0.0,131665.5,130705.75,262371.25
2022-03-16,125679.5,8281.5,6331.0,119348.5,110670.25,16967.0,4769.0,0.0,0.0,133961.0,132406.25,266367.25
2022-03-17,131483.5,8489.5,6596.5,124887.0,108585.0,16914.75,4688.25,0.0,0.0,139973.0,130188.0,270161.0
2022-03-18,124545.5,9191.5,6242.0,118303.5,104338.5,15295.0,4621.75,0.0,0.0,133737.0,124255.25,257992.25
2022-03-19,109563.5,7937.5,5633.5,103930.0,81899.5,9628.25,3524.5,0.0,0.0,117501.0,95052.25,212553.25
2022-03-20,86434.5,6148.0,4516.0,81918.5,52910.25,6773.5,2379.75,0.0,0.0,92582.5,62063.5,154646.0
2022-03-21,80930.0,5855.0,4056.0,76874.0,55622.5,7096.5,2821.5,0.0,0.0,86785.0,65540.5,152325.5
2022-03-22,132148.5,8386.0,6615.5,125533.0,101564.5,16995.5,5077.75,0.0,0.0,140534.5,123637.75,264172.25
2022-03-23,127794.0,8595.0,6336.5,121457.5,106841.75,16644.0,5106.25,0.0,0.0,136389.0,128592.0,264981.0
2022-03-24,126186.5,8761.5,6201.5,119985.0,105055.75,16758.0,5077.75,0.0,0.0,134948.0,126891.5,261839.5
2022-03-25,126534.0,8334.0,6520.5,120013.5,104433.5,15333.0,4854.5,0.0,0.0,134868.0,124621.0,259489.0
2022-03-26,112102.5,7768.5,5617.0,106485.5,84336.25,9728.0,3543.5,0.0,0.0,119871.0,97607.75,217478.75
2022-03-27,84214.0,5506.0,4205.0,80009.0,50768.0,6650.0,2584.0,0.0,0.0,89720.0,60002.0,149722.0
2022-03-28,136390.5,8531.5,6829.5,129561.0,99389.0,17009.75,5476.75,0.0,0.0,144922.0,121875.5,266797.5
2022-03-29,132585.0,8817.0,6719.5,125865.5,107245.5,17584.5,5434.0,0.0,0.0,141402.0,130264.0,271666.0
2022-03-30,128076.0,8485.5,6504.5,121571.5,105217.25,17157.0,5334.25,0.0,0.0,136561.5,127708.5,264270.0
2022-03-31,129529.5,9306.0,6504.5,123025.0,105720.75,16772.25,5301.0,0.0,0.0,138835.5,127794.0,266629.5
2022-04-01,139543.5,10141.0,7056.5,132487.0,106062.75,16834.0,5619.25,0.0,0.0,149684.5,128516.0,278200.5
2022-04-02,114590.0,8602.0,5853.0,108737.0,84972.75,10739.75,3895.0,0.0,0.0,123192.0,99607.5,222799.5
2022-04-03,93112.5,6696.5,4610.5,88502.0,54596.5,7158.25,2945.0,0.0,0.0,99809.0,64699.75,164508.75
2022-04-04,135438.5,9197.0,7036.5,128402.0,102500.25,16539.5,5481.5,0.0,0.0,144635.5,124521.25,269156.75
2022-04-05,126322.5,8852.5,6461.0,119861.5,106319.25,17271.0,5771.25,0.0,0.0,135175.0,129361.5,264536.5
2022-04-06,129316.5,8896.0,6719.0,122597.5,105792.0,17090.5,5415.0,0.0,0.0,138212.5,128297.5,266510.0
2022-04-07,124892.0,9172.0,6436.5,118455.5,102571.5,16074.0,5424.5,0.0,0.0,134064.0,124070.0,258134.0
2022-04-08,127274.0,9549.5,6681.0,120593.0,104614.0,15385.25,5538.5,0.0,0.0,136823.5,125537.75,262361.25
2022-04-09,111163.5,8668.5,5837.0,105326.5,85063.0,9447.75,3781.0,0.0,0.0,119832.0,98291.75,218123.75
2022-04-10,86436.5,6762.0,4337.5,82099.0,53698.75,7110.75,2959.25,0.0,0.0,93198.5,63768.75,156967.25
2022-04-11,109974.5,8604.0,5683.5,104291.0,90753.5,10630.5,4047.0,0.0,0.0,118578.5,105431.0,224009.5
2022-04-12,102685.0,8015.0,5262.5,97422.5,91736.75,9789.75,3994.75,0.0,0.0,110700.0,105521.25,216221.25
2022-04-13,107738.5,8560.5,5433.0,102305.5,92777.0,10089.0,3928.25,0.0,0.0,116299.0,106794.25,223093.25
2022-04-14,98382.0,7723.0,4997.0,93385.0,76323.0,8037.0,3296.5,0.0,0.0,106105.0,87656.5,193761.5
2022-04-15,76227.0,5835.5,3875.0,72352.0,56031.0,6203.5,2413.0,0.0,0.0,82062.5,64647.5,146710.0
2022-04-16,173856.0,13388.0,8708.0,165148.0,120251.0,13376.0,6070.5,0.0,0.0,187244.0,139697.5,326941.5
2022-04-17,178217.0,12479.0,9117.0,169100.0,99778.5,12787.0,5481.5,0.0,0.0,190696.0,118047.0,308743.0
2022-04-24,183471.0,12828.0,9431.0,174040.0,103911.0,13708.5,5671.5,0.0,0.0,196299.0,123291.0,319590.0
2022-05-16,127886.0,9355.5,6647.0,121239.0,101018.25,13547.0,5814.0,0.0,0.0,137241.5,120379.25,257620.75
2022-05-17,140774.0,9850.5,7261.0,133513.0,110456.5,17570.25,6569.25,0.0,0.0,150624.5,134596.0,285220.5
2022-05-18,132403.5,9875.0,7032.0,125371.5,108081.5,17252.0,7063.25,0.0,0.0,142278.5,132396.75,274675.25
2022-05-19,131740.0,9015.0,6891.0,124849.0,108423.5,17071.5,6673.75,0.0,0.0,140755.0,132168.75,272923.75
2022-05-20,140676.0,10294.0,7210.5,133465.5,106903.5,15413.75,6536.0,0.0,0.0,150970.0,128853.25,279823.25
2022-05-21,115201.0,8635.5,5998.5,109202.5,84735.25,9846.75,4137.25,0.0,0.0,123836.5,98719.25,222555.75
2022-05-22,91316.5,7149.5,4752.5,86564.0,53960.0,7039.5,3329.75,0.0,0.0,98466.0,64329.25,162795.25
2022-05-23,142655.0,9758.0,7223.0,135432.0,103512.0,16829.25,7034.75,0.0,0.0,152413.0,127376.0,279789.0
2022-05-24,128801.5,9512.5,6669.5,122132.0,107620.75,17128.5,6996.75,0.0,0.0,138314.0,131746.0,270060.0
2022-05-25,127620.5,9921.5,6704.5,120916.0,111192.75,16938.5,7205.75,0.0,0.0,137542.0,135337.0,272879.0
2022-05-26,126957.5,9361.5,6459.5,120498.0,102704.5,14511.25,6711.75,0.0,0.0,136319.0,123927.5,260246.5
2022-05-27,128694.0,9444.0,6676.0,122018.0,104006.0,14468.5,6284.25,0.0,0.0,138138.0,124758.75,262896.75
2022-05-28,126016.5,9269.5,6563.5,119453.0,87138.75,9832.5,4906.75,0.0,0.0,135286.0,101878.0,237164.0
2022-05-29,90873.0,6675.0,4755.5,86117.5,53570.5,7039.5,3448.5,0.0,0.0,97548.0,64058.5,161606.5
2022-05-30,143217.0,10037.5,7367.0,135850.0,102690.25,15774.75,7538.25,0.0,0.0,153254.5,126003.25,279257.75
2022-05-31,133662.5,9480.5,6913.5,126749.0,108556.5,15181.0,7020.5,0.0,0.0,143143.0,130758.0,273901.0
2022-06-01,136800.0,10200.0,6916.0,129884.0,107378.5,16435.0,7391.0,0.0,0.0,147000.0,131204.5,278204.5
2022-06-02,123468.0,8666.0,6409.0,117059.0,102239.0,15109.75,6787.75,0.0,0.0,132134.0,124136.5,256270.5
2022-06-03,130653.5,9553.5,6735.5,123918.0,103706.75,14264.25,6588.25,0.0,0.0,140207.0,124559.25,264766.25
2022-06-04,114442.5,8576.0,5886.0,108556.5,85523.75,9500.0,4379.5,0.0,0.0,123018.5,99403.25,222421.75
2022-06-05,89232.5,6867.5,4749.0,84483.5,55195.0,6868.5,3648.0,0.0,0.0,96100.0,65711.5,161811.5
2022-06-06,132432.5,9337.0,6871.0,125561.5,103877.75,14178.75,6697.5,0.0,0.0,141769.5,124754.0,266523.5
2022-06-07,128639.5,9355.5,6640.5,121999.0,106309.75,14321.25,6692.75,0.0,0.0,137995.0,127323.75,265318.75
2022-06-08,118250.5,8943.5,6055.5,112195.0,105393.0,13908.0,5966.0,0.0,0.0,127194.0,125267.0,252461.0
2022-06-09,110013.5,8492.5,5722.5,104291.0,101920.75,12369.0,5823.5,0.0,0.0,118506.0,120113.25,238619.25
2022-06-10,121435.0,9616.0,6399.5,115035.5,102552.5,13276.25,6246.25,0.0,0.0,131051.0,122075.0,253126.0
2022-06-11,110803.0,8562.0,5837.5,104965.5,85243.5,8968.0,4422.25,0.0,0.0,119365.0,98633.75,217998.75
2022-06-12,90108.0,7110.5,4798.0,85310.0,53442.25,6835.25,3743.0,0.0,0.0,97218.5,64020.5,161239.0
2022-06-13,130406.5,9736.0,6754.5,123652.0,98325.0,13200.25,6175.0,0.0,0.0,140142.5,117700.25,257842.75
2022-06-14,113622.0,9393.5,5892.0,107730.0,100899.5,13309.5,6165.5,0.0,0.0,123015.5,120374.5,243390.0
2022-06-15,119611.5,8734.0,6172.0,113439.5,103046.5,12910.5,5847.25,0.0,0.0,128345.5,121804.25,250149.75
2022-06-16,116459.5,9214.0,6041.0,110418.5,101369.75,12867.75,5871.0,0.0,0.0,125673.5,120108.5,245782.0
2022-06-17,122153.0,9460.5,6376.5,115776.5,105312.25,13029.25,6042.0,0.0,0.0,131613.5,124383.5,255997.0
2022-06-18,113661.5,8448.0,5960.0,107701.5,86768.25,9523.75,4783.25,0.0,0.0,122109.5,101075.25,223184.75
2022-06-19,97339.0,7976.0,5170.0,92169.0,61522.0,6949.25,3667.0,0.0,0.0,105315.0,72138.25,177453.25
2022-06-20,123014.5,9805.5,6411.5,116603.0,100305.75,13285.75,6141.75,0.0,0.0,132820.0,119733.25,252553.25
2022-06-21,117504.0,9083.5,6183.0,111321.0,103725.75,13257.25,5918.5,0.0,0.0,126587.5,122901.5,249489.0
2022-06-22,107847.0,8785.5,5646.0,102201.0,101412.5,13095.75,5367.5,0.0,0.0,116632.5,119875.75,236508.25
2022-06-23,108031.0,9094.5,5687.5,102343.5,101431.5,12891.5,5286.75,0.0,0.0,117125.5,119609.75,236735.25
2022-06-24,117466.0,9094.0,5955.0,111511.0,100590.75,12255.0,5187.0,0.0,0.0,126560.0,118032.75,244592.75
2022-06-25,110853.5,8217.5,5717.0,105136.5,83999.0,9196.0,4351.0,0.0,0.0,119071.0,97546.0,216617.0
2022-06-26,86638.5,6963.5,4663.0,81975.5,53470.75,6816.25,3424.75,0.0,0.0,93602.0,63711.75,157313.75
2022-06-27,120336.5,9366.0,6498.0,113838.5,99588.5,13148.0,5576.5,0.0,0.0,129702.5,118313.0,248015.5
2022-06-28,117666.0,9072.0,6221.5,111444.5,103326.75,13091.0,5614.5,0.0,0.0,126738.0,122032.25,248770.25
2022-06-29,108301.5,8542.5,5587.5,102714.0,100590.75,12563.75,5291.5,0.0,0.0,116844.0,118446.0,235290.0
2022-06-30,108761.0,9193.5,5657.5,103103.5,101654.75,12649.25,5586.0,0.0,0.0,117954.5,119890.0,237844.5
2022-07-01,125169.0,9632.5,6647.0,118522.0,106143.5,13789.25,6184.5,0.0,0.0,134801.5,126117.25,260918.75
2022-07-02,110639.5,8608.0,5607.5,105032.0,86630.5,10317.0,4593.25,0.0,0.0,119247.5,101540.75,220788.25
2022-07-03,84372.0,6546.0,4477.0,79895.0,53542.0,6892.25,3382.0,0.0,0.0,90918.0,63816.25,154734.25
2022-07-04,125671.0,9980.0,6617.0,119054.0,98538.75,12972.25,5766.5,0.0,0.0,135651.0,117277.5,252928.5
2022-07-05,110443.0,9144.0,5810.0,104633.0,100282.0,12768.0,5206.0,0.0,0.0,119587.0,118256.0,237843.0
2022-07-06,110962.5,9484.5,5921.0,105041.5,103906.25,12772.75,5595.5,0.0,0.0,120447.0,122274.5,242721.5
2022-07-07,114038.5,9945.5,6023.5,108015.0,102419.5,12929.5,5286.75,0.0,0.0,123984.0,120635.75,244619.75
2022-07-08,116610.0,9738.0,6191.5,110418.5,102376.75,12706.25,5918.5,0.0,0.0,126348.0,121001.5,247349.5
2022-07-09,113487.0,9181.5,6023.0,107464.0,89129.0,10046.25,4507.75,0.0,0.0,122668.5,103683.0,226351.5
2022-07-10,88178.5,7321.0,4664.0,83514.5,56197.25,7476.5,3405.75,0.0,0.0,95499.5,67079.5,162579.0
2022-07-11,125845.0,10007.5,6648.5,119196.5,100989.75,13670.5,5719.0,0.0,0.0,135852.5,120379.25,256231.75
2022-07-12,115466.5,9790.5,6074.0,109392.5,104528.5,12848.75,5491.0,0.0,0.0,125257.0,122868.25,248125.25
2022-07-13,116880.0,9385.5,6081.5,110798.5,105616.25,12649.25,5495.75,0.0,0.0,126265.5,123761.25,250026.75
2022-07-14,118438.5,9434.0,6110.5,112328.0,102652.25,12312.0,5239.25,0.0,0.0,127872.5,120203.5,248076.0
2022-07-15,120369.0,9662.5,6245.5,114123.5,101683.25,12654.0,5263.0,0.0,0.0,130031.5,119600.25,249631.75
2022-07-16,117302.0,8827.0,6190.0,111112.0,85552.25,9846.75,4037.5,0.0,0.0,126129.0,99436.5,225565.5
2022-07-17,95301.0,7364.0,4899.0,90402.0,55589.25,7319.75,3453.25,0.0,0.0,102665.0,66362.25,169027.25
2022-07-18,128108.5,9860.5,6613.0,121495.5,101787.75,12915.25,5358.0,0.0,0.0,137969.0,120061.0,258030.0
2022-07-19,113736.5,9064.0,5949.5,107787.0,104371.75,12217.0,5372.25,0.0,0.0,122800.5,121961.0,244761.5
2022-07-20,110818.5,8805.5,5796.0,105022.5,104281.5,12174.25,4925.75,0.0,0.0,119624.0,121381.5,241005.5
2022-07-21,114308.0,9123.5,6141.0,108167.0,102942.0,11480.75,5035.0,0.0,0.0,123431.5,119457.75,242889.25
2022-07-22,112287.0,9589.5,5754.0,106533.0,102866.0,11224.25,4707.25,0.0,0.0,121876.5,118797.5,240674.0
2022-07-23,113971.0,8181.0,5908.5,108062.5,84673.5,9523.75,4289.25,0.0,0.0,122152.0,98486.5,220638.5
2022-07-24,87127.5,6769.0,4582.0,82545.5,55527.5,7253.25,3263.25,0.0,0.0,93896.5,66044.0,159940.5
2022-07-25,124117.5,9191.0,6393.5,117724.0,99607.5,11822.75,5491.0,0.0,0.0,133308.5,116921.25,250229.75
2022-07-26,110830.0,8717.0,5551.0,105279.0,101754.5,11856.0,5377.0,0.0,0.0,119547.0,118987.5,238534.5
2022-07-27,108257.0,8323.5,5837.5,102419.5,96529.5,10692.25,4422.25,0.0,0.0,116580.5,111644.0,228224.5
2022-07-28,119264.5,8971.0,6195.5,113069.0,103773.25,11452.25,4854.5,0.0,0.0,128235.5,120080.0,248315.5
2022-07-29,119220.0,8658.0,6265.0,112955.0,100329.5,11452.25,4911.5,0.0,0.0,127878.0,116693.25,244571.25
2022-07-30,115817.0,8687.5,6063.5,109753.5,88796.5,9542.75,4042.25,0.0,0.0,124504.5,102381.5,226886.0
2022-07-31,91502.0,6812.5,4776.5,86725.5,56278.0,7262.75,3211.0,0.0,0.0,98314.5,66751.75,165066.25
2022-08-01,124840.0,9518.5,6489.0,118351.0,101479.0,11884.5,5101.5,0.0,0.0,134358.5,118465.0,252823.5
2022-08-02,117370.5,8970.0,6068.5,111302.0,106670.75,12031.75,5058.75,0.0,0.0,126340.5,123761.25,250101.75
2022-08-03,103724.0,8491.0,5351.5,98372.5,98287.0,10483.25,4161.0,0.0,0.0,112215.0,112931.25,225146.25
2022-08-04,115507.5,9218.5,6048.5,109459.0,106609.0,11685.0,4959.0,0.0,0.0,124726.0,123253.0,247979.0
2022-08-05,120017.5,9452.5,6397.5,113620.0,108062.5,11780.0,5215.5,0.0,0.0,129470.0,125058.0,254528.0
2022-08-06,117792.0,8665.0,6024.5,111767.5,90297.5,9362.25,3961.5,0.0,0.0,126457.0,103621.25,230078.25
2022-08-07,86586.5,6589.5,4516.0,82070.5,55556.0,6783.0,3063.75,0.0,0.0,93176.0,65402.75,158578.75
2022-08-08,126193.0,9688.5,6588.0,119605.0,101255.75,12635.0,5006.5,0.0,0.0,135881.5,118897.25,254778.75
2022-08-09,117046.0,8834.0,6105.0,110941.0,105735.0,12046.0,5035.0,0.0,0.0,125880.0,122816.0,248696.0
2022-08-10,110224.5,9322.0,5781.5,104443.0,107464.0,12388.0,4721.5,0.0,0.0,119546.5,124573.5,244120.0
2022-08-11,137333.5,10369.0,7278.5,130055.0,114266.0,15551.5,6046.75,0.0,0.0,147702.5,135864.25,283566.75
2022-08-12,138763.0,10529.5,7226.0,131537.0,114612.75,14777.25,5913.75,0.0,0.0,149292.5,135303.75,284596.25
2022-08-13,120770.0,8641.0,6475.5,114294.5,89699.0,10516.5,3980.5,0.0,0.0,129411.0,104196.0,233607.0
2022-08-14,93384.0,6925.0,4777.5,88606.5,58287.25,6949.25,3353.5,0.0,0.0,100309.0,68590.0,168899.0
2022-08-15,148362.0,9659.0,7800.0,140562.0,108471.0,15090.75,6113.25,0.0,0.0,158021.0,129675.0,287696.0
2022-08-16,135493.5,9887.5,6968.0,128525.5,113848.0,15779.5,6032.5,0.0,0.0,145381.0,135660.0,281041.0
2022-08-17,126941.0,9595.5,6576.0,120365.0,113772.0,15266.5,5994.5,0.0,0.0,136536.5,135033.0,271569.5
2022-08-18,134023.5,10020.5,7075.0,126948.5,116869.0,15570.5,6151.25,0.0,0.0,144044.0,138590.75,282634.75
2022-08-19,137512.0,10323.0,7295.5,130216.5,114508.25,14786.75,5885.25,0.0,0.0,147835.0,135180.25,283015.25
2022-08-20,116626.5,9052.5,6265.0,110361.5,93009.75,10521.25,3966.25,0.0,0.0,125679.0,107497.25,233176.25
2022-08-21,91098.5,6878.5,4962.0,86136.5,56306.5,6849.5,2869.0,0.0,0.0,97977.0,66025.0,164002.0
2022-08-22,142884.5,10975.5,7576.0,135308.5,111530.0,16012.25,6046.75,0.0,0.0,153860.0,133589.0,287449.0
2022-08-23,134116.5,10068.0,7196.5,126920.0,116987.75,15565.75,5714.25,0.0,0.0,144184.5,138267.75,282452.25
2022-08-24,130691.0,9894.5,6991.5,123699.5,116071.0,15071.75,5600.25,0.0,0.0,140585.5,136743.0,277328.5
2022-08-25,134509.0,10606.0,7019.0,127490.0,116527.0,15869.75,6179.75,0.0,0.0,145115.0,138576.5,283691.5
2022-08-26,139163.5,10966.0,7389.0,131774.5,116522.25,15138.25,5486.25,0.0,0.0,150129.5,137146.75,287276.25
2022-08-27,122659.0,10011.0,6474.0,116185.0,95669.75,10673.25,4037.5,0.0,0.0,132670.0,110380.5,243050.5
2022-08-28,98268.5,7900.0,5244.5,93024.0,62733.25,7091.75,3158.75,0.0,0.0,106168.5,72983.75,179152.25
2022-08-29,146849.0,11178.5,7759.5,139089.5,113563.0,16587.0,6179.75,0.0,0.0,158027.5,136329.75,294357.25
2022-08-30,137172.5,11013.5,7298.0,129874.5,117762.0,15817.5,5947.0,0.0,0.0,148186.0,139526.5,287712.5
2022-08-31,137858.0,11384.5,7404.0,130454.0,119847.25,16929.0,4379.5,0.0,0.0,149242.5,141155.75,290398.25
2022-09-01,137963.0,10932.0,7319.0,130644.0,117990.0,17195.0,4982.75,0.0,0.0,148895.0,140167.75,289062.75
2022-09-02,143854.0,10534.5,7643.0,136211.0,115681.5,16501.5,4992.25,0.0,0.0,154388.5,137175.25,291563.75
2022-09-03,123268.0,10379.0,6475.0,116793.0,97147.0,11091.25,3975.75,0.0,0.0,133647.0,112214.0,245861.0
2022-09-04,94592.0,7605.0,4969.0,89623.0,60196.75,7210.5,2831.0,0.0,0.0,102197.0,70238.25,172435.25
2022-09-05,151643.5,11218.5,8051.0,143592.5,118232.25,17385.0,5681.0,0.0,0.0,162862.0,141298.25,304160.25
2022-09-06,136490.0,11106.0,7413.5,129076.5,122298.25,17575.0,5429.25,0.0,0.0,147596.0,145302.5,292898.5
2022-09-07,137085.5,11107.5,7391.5,129694.0,121775.75,17494.25,5500.5,0.0,0.0,148193.0,144770.5,292963.5
2022-09-08,135179.0,11623.0,7432.5,127746.5,118360.5,16397.0,5196.5,0.0,0.0,146802.0,139954.0,286756.0
2022-09-09,136466.0,11240.5,7636.5,128829.5,117253.75,15627.5,5248.75,0.0,0.0,147706.5,138130.0,285836.5
2022-09-10,115313.0,9744.5,6205.5,109107.5,90715.5,10027.25,3695.5,0.0,0.0,125057.5,104438.25,229495.75
2022-09-11,89477.5,8257.0,4842.0,84635.5,60315.5,7239.0,3149.25,0.0,0.0,97734.5,70703.75,168438.25
2022-09-12,151235.5,11253.5,7890.0,143345.5,115999.75,16900.5,6113.25,0.0,0.0,162489.0,139013.5,301502.5
2022-09-13,141668.5,10849.5,7462.0,134206.5,121286.5,13965.0,6156.0,0.0,0.0,152518.0,141407.5,293925.5
2022-09-14,136013.5,10084.0,7260.0,128753.5,120816.25,14359.25,6213.0,0.0,0.0,146097.5,141388.5,287486.0
2022-09-15,143115.5,11306.5,7598.0,135517.5,120911.25,12544.75,6056.25,0.0,0.0,154422.0,139512.25,293934.25
2022-09-16,88136.0,7977.0,4640.5,83495.5,65778.0,5633.5,2911.75,0.0,0.0,96113.0,74323.25,170436.25
2022-09-17,109823.0,8899.5,5788.5,104034.5,80004.25,7229.5,3671.75,0.0,0.0,118722.5,90905.5,209628.0
2022-09-18,85228.0,6954.0,4535.0,80693.0,57384.75,5548.0,2997.25,0.0,0.0,92182.0,65930.0,158112.0
2022-09-19,137675.0,10203.5,7164.0,130511.0,111938.5,12758.5,6108.5,0.0,0.0,147878.5,130805.5,278684.0
2022-09-20,136509.5,10192.0,7328.5,129181.0,118797.5,12996.0,6032.5,0.0,0.0,146701.5,137826.0,284527.5
2022-09-21,134602.0,10749.0,7017.0,127585.0,118678.75,13366.5,6536.0,0.0,0.0,145351.0,138581.25,283932.25
2022-09-22,132965.0,10753.0,7232.5,125732.5,117101.75,13480.5,6293.75,0.0,0.0,143718.0,136876.0,280594.0
2022-09-23,138899.0,11224.5,7466.5,131432.5,117353.5,12749.0,6602.5,0.0,0.0,150123.5,136705.0,286828.5
2022-09-24,117879.0,9562.0,6434.5,111444.5,93313.75,8507.25,4203.75,0.0,0.0,127441.0,106024.75,233465.75
2022-09-25,88066.5,7210.5,4761.0,83305.5,58368.0,5899.5,2992.5,0.0,0.0,95277.0,67260.0,162537.0
2022-09-26,132960.5,10796.0,7133.0,125827.5,108005.5,13233.5,6284.25,0.0,0.0,143756.5,127523.25,271279.75
2022-09-27,134255.5,10177.5,7136.0,127119.5,118868.75,13428.25,6816.25,0.0,0.0,144433.0,139113.25,283546.25
2022-09-28,129965.0,10920.0,7073.0,122892.0,120260.5,13585.0,6925.5,0.0,0.0,140885.0,140771.0,281656.0
2022-09-29,133103.0,11131.0,7285.0,125818.0,118436.5,13532.75,6707.0,0.0,0.0,144234.0,138676.25,282910.25
2022-09-30,142928.0,11884.5,7771.5,135156.5,117990.0,13281.0,6422.0,0.0,0.0,154812.5,137693.0,292505.5
2022-10-01,124343.0,10687.0,6704.5,117638.5,94814.75,9272.0,4811.75,0.0,0.0,135030.0,108898.5,243928.5
2022-10-02,92333.0,7479.0,4809.5,87523.5,58919.0,5866.25,3405.75,0.0,0.0,99812.0,68191.0,168003.0
2022-10-03,138787.5,10110.5,7421.5,131366.0,112845.75,13798.75,7229.5,0.0,0.0,148898.0,133874.0,282772.0
2022-10-04,135571.5,11220.5,7397.5,128174.0,121015.75,13699.0,6830.5,0.0,0.0,146792.0,141545.25,288337.25
2022-10-05,128563.5,10048.0,6963.5,121600.0,120141.75,13575.5,6854.25,0.0,0.0,138611.5,140571.5,279183.0
2022-10-06,131901.0,10711.5,6938.0,124963.0,117933.0,13380.75,6939.75,0.0,0.0,142612.5,138253.5,280866.0
2022-10-07,139524.5,11245.0,7512.5,132012.0,117971.0,12620.75,6949.25,0.0,0.0,150769.5,137541.0,288310.5
2022-10-08,119341.5,10201.5,6510.0,112831.5,95456.0,8407.5,4574.25,0.0,0.0,129543.0,108437.75,237980.75
2022-10-09,91536.0,7935.5,4848.5,86687.5,62538.5,6331.75,3415.25,0.0,0.0,99471.5,72285.5,171757.0
2022-10-10,144064.5,11259.0,7891.5,136173.0,114579.5,14264.25,7115.5,0.0,0.0,155323.5,135959.25,291282.75
2022-10-11,139100.0,11104.5,7591.5,131508.5,120217.75,13447.25,6954.0,0.0,0.0,150204.5,140619.0,290823.5
2022-10-12,100261.5,9368.5,5347.0,94914.5,100177.5,7946.75,3747.75,0.0,0.0,109630.0,111872.0,221502.0
2022-10-13,133078.0,10525.5,7127.0,125951.0,117477.0,13442.5,6816.25,0.0,0.0,143603.5,137735.75,281339.25
2022-10-14,144479.0,11751.5,7793.0,136686.0,122716.25,12834.5,6911.25,0.0,0.0,156230.5,142462.0,298692.5
2022-10-15,119528.5,9550.0,6535.5,112993.0,95760.0,8830.25,4759.5,0.0,0.0,129078.5,109349.75,238428.25
2022-10-16,96037.0,7664.0,5169.5,90867.5,63925.5,5985.0,3429.5,0.0,0.0,103701.0,73340.0,177041.0
2022-10-17,142643.0,10249.0,7667.0,134976.0,116194.5,14102.75,7338.75,0.0,0.0,152892.0,137636.0,290528.0
2022-10-18,133252.0,10130.0,7158.5,126093.5,118854.5,13542.25,6949.25,0.0,0.0,143382.0,139346.0,282728.0
2022-10-19,123896.0,10301.5,6732.5,117163.5,117054.25,13152.75,6726.0,0.0,0.0,134197.5,136933.0,271130.5
2022-10-20,126909.5,10012.5,6772.5,120137.0,119177.5,13556.5,6745.0,0.0,0.0,136922.0,139479.0,276401.0
2022-10-21,134047.5,10377.0,7384.0,126663.5,116797.75,12782.25,6512.25,0.0,0.0,144424.5,136092.25,280516.75
2022-10-22,118397.0,9755.0,6477.5,111919.5,94529.75,8141.5,4522.0,0.0,0.0,128152.0,107193.25,235345.25
2022-10-23,92270.5,7672.5,4956.0,87314.5,61849.75,5885.25,3344.0,0.0,0.0,99943.0,71079.0,171022.0
2022-10-24,140612.5,10583.0,7508.0,133104.5,113059.5,14520.75,6987.25,0.0,0.0,151195.5,134567.5,285763.0
2022-10-25,126866.5,10444.0,6891.0,119975.5,118617.0,13637.25,6987.25,0.0,0.0,137310.5,139241.5,276552.0
2022-10-26,118503.0,9821.5,6374.5,112128.5,117158.75,13931.75,6930.25,0.0,0.0,128324.5,138020.75,266345.25
2022-10-27,124992.5,9607.0,6622.5,118370.0,113705.5,12701.5,6479.0,0.0,0.0,134599.5,132886.0,267485.5
2022-10-28,133817.5,10501.0,7163.5,126654.0,116009.25,12777.5,6450.5,0.0,0.0,144318.5,135237.25,279555.75
2022-10-29,118463.5,10278.5,6306.5,112157.0,95190.0,8440.75,4465.0,0.0,0.0,128742.0,108095.75,236837.75
2022-10-30,96928.0,8001.5,5262.5,91665.5,62809.25,6251.0,3301.25,0.0,0.0,104929.5,72361.5,177291.0
2022-10-31,137944.0,10194.5,7490.0,130454.0,107483.0,12791.75,6265.25,0.0,0.0,148138.5,126540.0,274678.5
2022-11-01,132368.5,10253.5,7187.0,125181.5,117724.0,13855.75,6973.0,0.0,0.0,142622.0,138552.75,281174.75
2022-11-02,104732.0,9484.0,5713.5,99018.5,104875.25,8901.5,4355.75,0.0,0.0,114216.0,118132.5,232348.5
2022-11-03,128727.5,9926.0,7061.0,121666.5,117396.25,13760.75,6821.0,0.0,0.0,138653.5,137978.0,276631.5
2022-11-04,136858.0,11203.5,7344.5,129513.5,119329.5,13993.5,6597.75,0.0,0.0,148061.5,139920.75,287982.25
2022-11-05,114953.5,9636.5,6226.0,108727.5,96216.0,8635.5,4469.75,0.0,0.0,124590.0,109321.25,233911.25
2022-11-06,96392.0,8164.5,5325.0,91067.0,65630.75,6664.25,3448.5,0.0,0.0,104556.5,75743.5,180300.0
2022-11-07,139939.5,10702.5,7671.0,132268.5,118099.25,14392.5,7082.25,0.0,0.0,150642.0,139574.0,290216.0
2022-11-08,135239.5,10815.5,7360.0,127879.5,125015.25,14197.75,6512.25,0.0,0.0,146055.0,145725.25,291780.25
2022-11-09,131185.0,10113.5,7153.0,124032.0,120802.0,14349.75,6559.75,0.0,0.0,141298.5,141711.5,283010.0
2022-11-10,126814.5,10632.5,6962.5,119852.0,118683.5,13870.0,6412.5,0.0,0.0,137447.0,138966.0,276413.0
2022-11-11,140406.5,12236.5,7492.0,132914.5,120730.75,13499.5,6293.75,0.0,0.0,152643.0,140524.0,293167.0
2022-11-12,120549.0,9902.0,6444.5,114104.5,99099.25,8374.25,3747.75,0.0,0.0,130451.0,111221.25,241672.25
2022-11-13,93047.0,7726.0,5067.5,87979.5,63559.75,6198.75,3139.75,0.0,0.0,100773.0,72898.25,173671.25
2022-11-14,140421.0,11593.5,7630.0,132791.0,118013.75,14245.25,6521.75,0.0,0.0,152014.5,138780.75,290795.25
2022-11-15,139047.5,11330.5,7596.0,131451.5,123718.5,14311.75,6422.0,0.0,0.0,150378.0,144452.25,294830.25
2022-11-16,137575.5,11502.0,7520.5,130055.0,125547.25,14535.0,6526.5,0.0,0.0,149077.5,146608.75,295686.25
2022-11-17,139320.0,11334.0,7631.0,131689.0,125252.75,14516.0,6217.75,0.0,0.0,150654.0,145986.5,296640.5
2022-11-18,140362.5,10942.5,7685.5,132677.0,122098.75,13974.5,6004.0,0.0,0.0,151305.0,142077.25,293382.25
2022-11-19,113922.0,8584.5,6154.0,107768.0,95432.25,8436.0,3747.75,0.0,0.0,122506.5,107616.0,230122.5
2022-11-20,93425.0,7232.5,4799.5,88625.5,64110.75,6293.75,2788.25,0.0,0.0,100657.5,73192.75,173850.25
2022-11-21,89242.5,7194.5,4816.0,84426.5,65991.75,6583.5,2973.5,0.0,0.0,96437.0,75548.75,171985.75
2022-11-22,134665.0,10436.0,7308.0,127357.0,114646.0,14231.0,5714.25,0.0,0.0,145101.0,134591.25,279692.25
2022-11-23,123697.5,10345.0,6819.0,116878.5,116142.25,12829.75,5158.5,0.0,0.0,134042.5,134130.5,268173.0
2022-11-24,129742.0,10392.0,7087.5,122654.5,118403.25,14245.25,5733.25,0.0,0.0,140134.0,138381.75,278515.75
2022-11-25,135667.5,10736.0,7417.5,128250.0,121671.25,13855.75,5557.5,0.0,0.0,146403.5,141084.5,287488.0
2022-11-26,123357.5,10030.5,6783.0,116574.5,98244.25,8849.25,3743.0,0.0,0.0,133388.0,110836.5,244224.5
2022-11-27,93556.0,7906.5,5206.0,88350.0,64856.5,6488.5,2888.0,0.0,0.0,101462.5,74233.0,175695.5
2022-11-28,142873.0,11455.0,7707.0,135166.0,118693.0,15048.0,6023.0,0.0,0.0,154328.0,139764.0,294092.0
2022-11-29,134289.0,10815.0,7340.5,126948.5,122312.5,14772.5,5852.0,0.0,0.0,145104.0,142937.0,288041.0
2022-11-30,132235.5,11285.5,7329.5,124906.0,123139.0,15185.75,5733.25,0.0,0.0,143521.0,144058.0,287579.0
2022-12-01,136662.0,11386.5,7414.5,129247.5,123352.75,14919.75,6094.25,0.0,0.0,148048.5,144366.75,292415.25
2022-12-02,141793.0,11776.5,7738.5,134054.5,123856.25,13760.75,5343.75,0.0,0.0,153569.5,142960.75,296530.25
2022-12-03,124815.5,10671.0,6806.5,118009.0,103331.5,9694.75,3624.25,0.0,0.0,135486.5,116650.5,252137.0
2022-12-04,103761.5,8703.0,5788.0,97973.5,72855.5,7001.5,2774.0,0.0,0.0,112464.5,82631.0,195095.5
2022-12-05,142666.0,11598.0,7832.5,134833.5,115154.25,13466.25,5567.0,0.0,0.0,154264.0,134187.5,288451.5
2022-12-06,125779.0,10376.0,6915.0,118864.0,117885.5,13062.5,4840.25,0.0,0.0,136155.0,135788.25,271943.25
2022-12-07,126346.0,10634.0,6902.5,119443.5,117439.0,12658.75,4560.0,0.0,0.0,136980.0,134657.75,271637.75
2022-12-08,119293.0,10228.5,6385.5,112907.5,115064.0,11784.75,4265.5,0.0,0.0,129521.5,131114.25,260635.75
2022-12-09,128068.0,11209.5,7038.0,121030.0,114142.5,11352.5,4441.25,0.0,0.0,139277.5,129936.25,269213.75
2022-12-10,126375.5,10352.0,6675.5,119700.0,103303.0,8968.0,3429.5,0.0,0.0,136727.5,115700.5,252428.0
2022-12-11,101471.0,8069.0,5644.5,95826.5,72418.5,7011.0,2717.0,0.0,0.0,109540.0,82146.5,191686.5
2022-12-12,132175.5,11458.0,7165.0,125010.5,113244.75,11637.5,4507.75,0.0,0.0,143633.5,129390.0,273023.5
2022-12-13,120724.5,11418.0,6753.0,113971.5,115182.75,11518.75,4379.5,0.0,0.0,132142.5,131081.0,263223.5
2022-12-14,115666.5,11235.0,6378.5,109288.0,115206.5,10868.0,4360.5,0.0,0.0,126901.5,130435.0,257336.5
2022-12-15,117008.0,10833.0,6285.5,110722.5,113050.0,11195.75,3833.25,0.0,0.0,127841.0,128079.0,255920.0
2022-12-16,126589.5,10596.5,7041.5,119548.0,114812.25,10996.25,3961.5,0.0,0.0,137186.0,129770.0,266956.0
2022-12-17,123350.5,10327.0,6681.0,116669.5,99859.25,8483.5,2769.25,0.0,0.0,133677.5,111112.0,244789.5
2022-12-18,105559.0,8462.0,5847.0,99712.0,72385.25,6678.5,2598.25,0.0,0.0,114021.0,81662.0,195683.0
2022-12-19,127564.0,10595.5,6971.0,120593.0,111439.75,10131.75,4284.5,0.0,0.0,138159.5,125856.0,264015.5
2022-12-20,116554.0,10168.5,6344.5,110209.5,112617.75,9709.0,3591.0,0.0,0.0,126722.5,125917.75,252640.25
2022-12-21,114992.5,9551.0,6350.5,108642.0,112375.5,9614.0,3624.25,0.0,0.0,124543.5,125613.75,250157.25
2022-12-22,116534.5,10316.0,6410.5,110124.0,109872.25,9718.5,3809.5,0.0,0.0,126850.5,123400.25,250250.75
2022-12-23,130010.0,10715.5,6975.5,123034.5,104433.5,9295.75,3500.75,0.0,0.0,140725.5,117230.0,257955.5
2022-12-24,123544.0,9305.5,6741.5,116802.5,76726.75,6208.25,2550.75,0.0,0.0,132849.5,85485.75,218335.25
2022-12-25,70721.5,6200.5,3860.5,66861.0,44678.5,4374.75,1486.75,0.0,0.0,76922.0,50540.0,127462.0
2022-12-26,108583.0,9256.0,5859.5,102723.5,84388.5,7970.5,3035.25,0.0,0.0,117839.0,95394.25,213233.25
2022-12-27,102447.5,8804.5,5576.0,96871.5,91371.0,8037.0,2983.0,0.0,0.0,111252.0,102391.0,213643.0
2022-12-28,98943.5,8451.5,5330.5,93613.0,90582.5,7984.75,2935.5,0.0,0.0,107395.0,101502.75,208897.75
2022-12-29,98334.5,8858.0,5339.0,92995.5,90744.0,8065.5,2835.75,0.0,0.0,107192.5,101645.25,208837.75
2022-12-30,107773.5,9435.0,5895.5,101878.0,92705.75,8326.75,2959.25,0.0,0.0,117208.5,103991.75,221200.25
2022-12-31,103487.5,8926.0,5685.0,97802.5,69217.0,6977.75,166.25,0.0,0.0,112413.5,76361.0,188774.5
2023-01-02,113048.5,9435.0,6221.0,106827.5,90910.25,11100.75,0.0,0.0,0.0,122483.5,102011.0,224494.5
2023-01-03,110815.5,8919.0,5992.5,104823.0,102110.75,10796.75,0.0,0.0,0.0,119734.5,112907.5,232642.0
2023-01-04,111356.0,9315.5,5991.5,105364.5,106010.5,12340.5,0.0,0.0,0.0,120671.5,118351.0,239022.5
2023-01-05,113033.0,9378.0,6253.0,106780.0,107597.0,11799.0,0.0,0.0,0.0,122411.0,119396.0,241807.0
2023-01-06,119073.5,10630.0,6641.0,112432.5,108912.75,12910.5,0.0,0.0,0.0,129703.5,121823.25,251526.75
2023-01-07,107504.5,9108.0,5778.5,101726.0,90430.5,9286.25,0.0,0.0,0.0,116612.5,99716.75,216329.25
2023-01-08,91670.5,7596.0,5030.5,86640.0,61541.0,8113.0,0.0,0.0,0.0,99266.5,69654.0,168920.5
2023-01-09,123944.5,10707.5,6743.0,117201.5,107193.25,13371.25,0.0,0.0,0.0,134652.0,120564.5,255216.5
2023-01-10,122523.0,9657.0,6651.5,115871.5,112712.75,13414.0,0.0,0.0,0.0,132180.0,126126.75,258306.75
2023-01-11,117852.0,9333.5,6445.5,111406.5,112351.75,13409.25,42.75,0.0,0.0,127185.5,125803.75,252989.25
2023-01-12,112390.5,8967.5,6152.0,106238.5,109877.0,13029.25,199.5,0.0,0.0,121358.0,123105.75,244463.75
2023-01-13,123281.0,10481.5,6725.5,116555.5,110295.0,13366.5,285.0,0.0,0.0,133762.5,123946.5,257709.0
2023-01-14,114517.5,9278.0,6217.5,108300.0,95522.5,9737.5,280.25,0.0,0.0,123795.5,105540.25,229335.75
2023-01-15,95359.0,7410.0,4995.0,90364.0,61764.25,8065.5,185.25,0.0,0.0,102769.0,70015.0,172784.0
2023-01-16,144744.0,11101.5,7906.0,136838.0,115463.0,19774.25,508.25,0.0,0.0,155845.5,135745.5,291591.0
2023-01-17,123371.0,10173.5,6948.5,116422.5,119590.75,19722.0,551.0,0.0,0.0,133544.5,139863.75,273408.25
2023-01-18,120724.5,10394.5,6591.5,114133.0,122179.5,19517.75,826.5,0.0,0.0,131119.0,142523.75,273642.75
2023-01-19,124505.5,10278.5,6686.5,117819.0,115681.5,19527.25,992.75,0.0,0.0,134784.0,136201.5,270985.5
2023-01-20,135673.5,11085.5,7395.0,128278.5,118146.75,18938.25,1087.75,0.0,0.0,146759.0,138172.75,284931.75
2023-01-21,106075.0,9353.0,5812.0,100263.0,89485.25,11680.25,769.5,0.0,0.0,115428.0,101935.0,217363.0
2023-01-22,84720.5,6820.0,4597.5,80123.0,57004.75,8331.5,598.5,0.0,0.0,91540.5,65934.75,157475.25
2023-01-23,138939.0,10643.0,7525.5,131413.5,114978.5,19688.75,1344.25,0.0,0.0,149582.0,136011.5,285593.5
2023-01-24,128916.5,10040.0,7022.0,121894.5,118678.75,19850.25,1425.0,0.0,0.0,138956.5,139954.0,278910.5
2023-01-25,124439.5,10304.5,6801.0,117638.5,118203.75,19413.25,1729.0,0.0,0.0,134744.0,139346.0,274090.0
2023-01-26,123627.5,9989.0,6682.5,116945.0,113539.25,19451.25,1491.5,0.0,0.0,133616.5,134482.0,268098.5
2023-01-27,125587.0,9796.0,6856.0,118731.0,113586.75,18021.5,1814.5,0.0,0.0,135383.0,133422.75,268805.75
2023-01-28,109265.0,9272.5,5876.5,103388.5,88511.5,11751.5,1410.75,0.0,0.0,118537.5,101673.75,220211.25
2023-01-29,88802.5,7335.0,4851.0,83951.5,56924.0,8331.5,902.5,0.0,0.0,96137.5,66158.0,162295.5
2023-01-30,140976.0,10834.5,7881.0,133095.0,113520.25,19798.0,2142.25,0.0,0.0,151810.5,135460.5,287271.0
2023-01-31,127057.0,10115.5,6920.0,120137.0,120412.5,19180.5,2033.0,0.0,0.0,137172.5,141626.0,278798.5
2023-02-01,131813.5,10492.0,7268.5,124545.0,120137.0,19513.0,2413.0,0.0,0.0,142305.5,142063.0,284368.5
2023-02-02,120439.0,10654.5,6591.0,113848.0,116436.75,19251.75,2156.5,0.0,0.0,131093.5,137845.0,268938.5
2023-02-03,124314.0,9982.5,6808.5,117505.5,115904.75,18548.75,2427.25,0.0,0.0,134296.5,136880.75,271177.25
2023-02-04,107537.5,9442.5,5754.5,101783.0,90919.75,11594.75,1876.25,0.0,0.0,116980.0,104390.75,221370.75
2023-02-05,85921.0,6847.5,4601.0,81320.0,58676.75,8170.0,1477.25,0.0,0.0,92768.5,68324.0,161092.5
2023-02-06,87237.0,7643.5,4748.5,82488.5,61892.5,8892.0,1724.25,0.0,0.0,94880.5,72508.75,167389.25
2023-02-07,140084.0,10847.5,7777.5,132306.5,117467.5,20187.5,2631.5,0.0,0.0,150931.5,140286.5,291218.0
2023-02-08,127267.0,10743.0,7044.5,120222.5,120521.75,20244.5,2712.25,0.0,0.0,138010.0,143478.5,281488.5
2023-02-09,125158.0,10535.5,7025.5,118132.5,118365.25,19831.25,2759.75,0.0,0.0,135693.5,140956.25,276649.75
2023-02-10,135427.5,10517.5,7462.5,127965.0,120464.75,19285.0,2702.75,0.0,0.0,145945.0,142452.5,288397.5
2023-02-11,105863.0,9397.0,5875.5,99987.5,90725.0,11523.5,2384.5,0.0,0.0,115260.0,104633.0,219893.0
2023-02-12,84490.5,6877.0,4605.0,79885.5,58182.75,7942.0,1548.5,0.0,0.0,91367.5,67673.25,159040.75
2023-02-13,135133.5,10889.0,7510.5,127623.0,111758.0,18387.25,3097.0,0.0,0.0,146022.5,133242.25,279264.75
2023-02-14,136496.0,10825.0,7514.5,128981.5,115857.25,19764.75,3263.25,0.0,0.0,147321.0,138885.25,286206.25
2023-02-15,129598.5,10114.5,7067.5,122531.0,117239.5,18966.75,3334.5,0.0,0.0,139713.0,139540.75,279253.75
2023-02-16,131001.5,10955.0,7131.0,123870.5,117244.25,19375.25,3125.5,0.0,0.0,141956.5,139745.0,281701.5
2023-02-17,140913.5,11331.5,7733.0,133180.5,120056.25,19593.75,3301.25,0.0,0.0,152245.0,142951.25,295196.25
2023-02-18,117785.5,9905.5,6398.0,111387.5,96952.25,11979.5,2650.5,0.0,0.0,127691.0,111582.25,239273.25
2023-02-19,93103.0,7602.0,5199.5,87903.5,63654.75,8388.5,2061.5,0.0,0.0,100705.0,74104.75,174809.75
2023-02-20,141614.0,10061.5,7607.0,134007.0,115695.75,19679.25,3719.25,0.0,0.0,151675.5,139094.25,290769.75
2023-02-21,133597.0,9831.0,7456.0,126141.0,119348.5,19655.5,3952.0,0.0,0.0,143428.0,142956.0,286384.0
2023-02-22,129383.0,9710.5,7232.0,122151.0,118412.75,18453.75,3857.0,0.0,0.0,139093.5,140723.5,279817.0
2023-02-23,131958.0,10435.5,7232.5,124725.5,117648.0,19308.75,4213.25,0.0,0.0,142393.5,141170.0,283563.5
2023-02-24,124482.0,9905.5,6938.5,117543.5,113007.25,16064.5,4199.0,0.0,0.0,134387.5,133270.75,267658.25
2023-02-25,112947.5,9407.0,6310.0,106637.5,90634.75,10644.75,3049.5,0.0,0.0,122354.5,104329.0,226683.5
2023-02-26,90616.5,7512.0,4964.5,85652.0,60819.0,7481.25,2365.5,0.0,0.0,98128.5,70665.75,168794.25
2023-02-27,144804.5,11684.0,8099.5,136705.0,117766.75,19356.25,5077.75,0.0,0.0,156488.5,142200.75,298689.25
2023-02-28,128403.5,10835.5,7041.0,121362.5,117576.75,18197.25,4959.0,0.0,0.0,139239.0,140733.0,279972.0
2023-03-01,128498.5,10587.0,7231.0,121267.5,120042.0,18596.25,5994.5,0.0,0.0,139085.5,144632.75,283718.25
2023-03-02,128997.0,10248.0,7188.0,121809.0,119258.25,18667.5,5676.25,0.0,0.0,139245.0,143602.0,282847.0
2023-03-03,135879.5,11613.0,7610.5,128269.0,119524.25,17313.75,6089.5,0.0,0.0,147492.5,142927.5,290420.0
2023-03-04,126443.5,10326.5,6914.5,119529.0,99398.5,11618.5,4260.75,0.0,0.0,136770.0,115277.75,252047.75
2023-03-05,94211.5,7600.5,5149.0,89062.5,61735.75,8317.25,2940.25,0.0,0.0,101812.0,72993.25,174805.25
2023-03-06,143877.5,11677.0,7885.0,135992.5,119657.25,18776.75,7082.25,0.0,0.0,155554.5,145516.25,301070.75
2023-03-07,137992.5,10979.0,7462.5,130530.0,123633.0,19294.5,7353.0,0.0,0.0,148971.5,150280.5,299252.0
2023-03-08,127717.5,10482.5,6953.5,120764.0,116736.0,16905.25,6797.25,0.0,0.0,138200.0,140438.5,278638.5
2023-03-09,126810.5,11118.0,7196.0,119614.5,115862.0,15817.5,6878.0,0.0,0.0,137928.5,138557.5,276486.0
2023-03-10,137663.5,11230.5,7618.0,130045.5,120099.0,17446.75,7547.75,0.0,0.0,148894.0,145093.5,293987.5
2023-03-11,117114.0,9395.5,6581.5,110532.5,95479.75,10849.0,4911.5,0.0,0.0,126509.5,111240.25,237749.75
2023-03-12,88534.0,7510.5,4810.5,83723.5,60519.75,7533.5,3173.0,0.0,0.0,96044.5,71226.25,167270.75
2023-03-13,143433.0,11237.5,7887.0,135546.0,115125.75,17522.75,8274.5,0.0,0.0,154670.5,140923.0,295593.5
2023-03-14,134585.5,11313.0,7456.5,127129.0,121334.0,17945.5,8193.75,0.0,0.0,145898.5,147473.25,293371.75
2023-03-15,130264.0,10842.5,7087.0,123177.0,122293.5,17869.5,8730.5,0.0,0.0,141106.5,148893.5,290000.0
2023-03-16,126410.0,10596.5,6843.0,119567.0,118446.0,16145.25,8455.0,0.0,0.0,137006.5,143046.25,280052.75
2023-03-17,134249.5,11533.5,7367.5,126882.0,118270.25,15575.25,8797.0,0.0,0.0,145783.0,142642.5,288425.5
2023-03-18,111193.0,9598.0,6037.5,105155.5,91347.25,10302.75,5538.5,0.0,0.0,120791.0,107188.5,227979.5
2023-03-19,83688.0,6811.0,4496.0,79192.0,57285.0,6184.5,3562.5,0.0,0.0,90499.0,67032.0,157531.0
2023-03-20,90686.0,8143.0,5015.0,85671.0,67136.5,7737.75,4469.75,0.0,0.0,98829.0,79344.0,178173.0
2023-03-21,137748.0,11335.0,7465.0,130283.0,116028.25,16672.5,9728.0,0.0,0.0,149083.0,142428.75,291511.75
2023-03-22,129962.0,10854.0,7203.0,122759.0,120868.5,16729.5,10269.5,0.0,0.0,140816.0,147867.5,288683.5
2023-03-23,131090.5,10831.0,7172.5,123918.0,120184.5,16202.25,10198.25,0.0,0.0,141921.5,146585.0,288506.5
2023-03-24,134977.5,11848.0,7516.0,127461.5,118864.0,15789.0,10706.5,0.0,0.0,146825.5,145359.5,292185.0
2023-03-25,117752.0,9761.5,6687.5,111064.5,98258.5,9842.0,6840.0,0.0,0.0,127513.5,114940.5,242454.0
2023-03-26,88722.5,7514.5,4818.5,83904.0,59622.0,6887.5,4336.75,0.0,0.0,96237.0,70846.25,167083.25
2023-03-27,140600.0,10759.5,7685.5,132914.5,113539.25,15865.0,11537.75,0.0,0.0,151359.5,140942.0,292301.5
2023-03-28,128113.5,10586.5,7017.0,121096.5,119191.75,15741.5,11214.75,0.0,0.0,138700.0,146148.0,284848.0
2023-03-29,131038.5,10462.5,7168.0,123870.5,120645.25,15874.5,12036.5,0.0,0.0,141501.0,148556.25,290057.25
2023-03-30,132476.0,10503.0,7370.5,125105.5,117211.0,14948.25,11770.5,0.0,0.0,142979.0,143929.75,286908.75
2023-03-31,135871.5,10791.5,7621.5,128250.0,117548.25,14079.0,11585.25,0.0,0.0,146663.0,143212.5,289875.5
2023-04-01,110980.0,9508.0,5938.5,105041.5,92577.5,9471.5,7728.25,0.0,0.0,120488.0,109777.25,230265.25
2023-04-02,85200.5,7634.5,4640.5,80560.0,60709.75,7015.75,5472.0,0.0,0.0,92835.0,73197.5,166032.5
2023-04-03,107337.0,9508.0,5924.5,101412.5,101925.5,10345.5,8265.0,0.0,0.0,116845.0,120536.0,237381.0
2023-04-04,104921.0,9265.0,5722.0,99199.0,102395.75,9842.0,8094.0,0.0,0.0,114186.0,120331.75,234517.75
2023-04-05,106600.0,9594.0,5919.0,100681.0,100723.75,9381.25,7961.0,0.0,0.0,116194.0,118066.0,234260.0
2023-04-06,97321.5,8229.5,5352.0,91969.5,81115.75,7153.5,6184.5,0.0,0.0,105551.0,94453.75,200004.75
2023-04-08,90216.5,7937.0,5011.0,85205.5,67008.25,6550.25,5662.0,0.0,0.0,98153.5,79220.5,177374.0
2023-04-10,114651.7,9886.2,6351.7,108300.0,96900.0,9647.25,7623.75,0.0,0.0,124537.9,114171.0,238708.9
2023-04-11,104486.0,9808.0,5743.0,98743.0,103958.5,9709.0,8122.5,0.0,0.0,114294.0,121790.0,236084.0
2023-04-12,95706.0,9756.5,5237.5,90468.5,104428.75,9348.0,8108.25,0.0,0.0,105462.5,121885.0,227347.5
2023-04-13,101414.0,9209.5,5682.5,95731.5,101555.0,9386.0,8108.25,0.0,0.0,110623.5,119049.25,229672.75
2023-04-14,113469.0,10731.0,6233.0,107236.0,108646.75,9818.25,8621.25,0.0,0.0,124200.0,127086.25,251286.25
2023-04-15,106440.5,9733.0,5873.5,100567.0,91000.5,8554.75,7153.5,0.0,0.0,116173.5,106708.75,222882.25
2023-04-16,91774.5,7670.0,5134.5,86640.0,62377.0,6184.5,5666.75,0.0,0.0,99444.5,74228.25,173672.75
2023-04-17,136645.0,10687.0,7616.0,129029.0,113316.0,14340.25,12744.25,0.0,0.0,147332.0,140400.5,287732.5
2023-04-18,129191.0,10555.5,7458.0,121733.0,119533.75,14687.0,12730.0,0.0,0.0,139746.5,146950.75,286697.25
2023-04-19,127982.5,10725.5,7038.0,120944.5,120749.75,15124.0,13247.75,0.0,0.0,138708.0,149121.5,287829.5
2023-04-20,131373.0,10661.0,7417.0,123956.0,118256.0,15105.0,12991.25,0.0,0.0,142034.0,146352.25,288386.25
2023-04-21,137401.5,11556.0,7878.5,129523.0,117415.25,14050.5,12283.5,0.0,0.0,148957.5,143749.25,292706.75
2023-04-22,118835.5,10125.5,6621.5,112214.0,94230.5,9438.25,8364.75,0.0,0.0,128961.0,112033.5,240994.5
2023-04-23,91026.5,7443.0,5013.5,86013.0,61536.25,6388.75,5624.0,0.0,0.0,98469.5,73549.0,172018.5
2023-04-24,143988.5,11606.5,8148.0,135840.5,115116.25,14976.75,12791.75,0.0,0.0,155595.0,142884.75,298479.75
2023-04-25,134233.5,11109.0,7570.0,126663.5,118427.0,14611.0,12977.0,0.0,0.0,145342.5,146015.0,291357.5
2023-04-26,128403.5,10799.5,7269.0,121134.5,120821.0,14530.25,13252.5,0.0,0.0,139203.0,148603.75,287806.75
2023-04-27,129477.0,10821.0,7288.0,122189.0,116132.75,14706.0,12720.5,0.0,0.0,140298.0,143559.25,283857.25
2023-04-28,143130.5,11465.0,7955.0,135175.5,119638.25,14226.25,12240.75,0.0,0.0,154595.5,146105.25,300700.75
2023-04-29,122865.5,10424.5,6804.0,116061.5,95931.0,9818.25,8117.75,0.0,0.0,133290.0,113867.0,247157.0
2023-04-30,100949.5,7876.0,5693.0,95256.5,65892.0,6583.5,5890.0,0.0,0.0,108825.5,78365.5,187191.0
2023-05-01,94053.5,7475.5,5228.5,88825.0,67701.75,7253.25,5842.5,0.0,0.0,101529.0,80797.5,182326.5
2023-05-02,143765.0,11668.0,8048.0,135717.0,117899.75,16710.5,13832.0,0.0,0.0,155433.0,148442.25,303875.25
2023-05-03,135873.0,10542.9,7547.0,128326.0,120023.0,15822.25,13347.5,0.0,0.0,146415.9,149192.75,295608.65
2023-05-04,134915.7,9568.6,7216.7,127699.0,119980.25,15599.0,13034.0,0.0,0.0,144484.3,148613.25,293097.55000000005
2023-05-05,131163.6,8349.8,6960.6,124203.0,117363.0,13808.25,11485.5,0.0,0.0,139513.4,142656.75,282170.15
2023-05-06,125213.4,7436.1,6472.9,118740.5,94990.5,9590.25,7913.5,0.0,0.0,132649.5,112494.25,245143.75
2023-05-07,95562.3,5414.6,4960.8,90601.5,62353.25,6640.5,5348.5,0.0,0.0,100976.9,74342.25,175319.15000000002
2023-05-08,150358.9,7596.1,7963.4,142395.5,116189.75,15836.5,13176.5,0.0,0.0,157955.0,145202.75,303157.75
2023-05-09,143474.8,7187.6,7415.8,136059.0,123348.0,16406.5,13561.25,0.0,0.0,150662.4,153315.75,303978.15
2023-05-10,145541.6,6564.0,7392.6,138149.0,114950.0,13062.5,10369.25,0.0,0.0,152105.6,138381.75,290487.35
2023-05-11,142132.5,5962.3,7137.5,134995.0,116679.0,14587.25,12212.25,0.0,0.0,148094.8,143478.5,291573.3
2023-05-12,141012.6,6251.5,7138.6,133874.0,115320.5,13955.5,11257.5,0.0,0.0,147264.1,140533.5,287797.6
2023-05-13,132434.5,5521.0,6730.5,125704.0,95451.25,9941.75,8003.75,0.0,0.0,137955.5,113396.75,251352.25
2023-05-14,100931.1,4524.3,5123.6,95807.5,62576.5,6284.25,5225.0,0.0,0.0,105455.4,74085.75,179541.15000000002
2023-05-15,133548.7,6224.7,6752.200000000001,126796.5,108328.5,11058.0,9082.0,0.0,0.0,139773.40000000002,128468.5,268241.9
2023-05-16,139637.6,5860.0,7122.1,132515.5,117296.5,15494.5,12084.0,0.0,0.0,145497.6,144875.0,290372.6
2023-05-17,142333.3,6157.5,7224.3,135109.0,120232.0,16145.25,12644.5,0.0,0.0,148490.8,149021.75,297512.55
2023-05-18,144861.7,5910.9,7187.700000000001,137674.0,117804.75,16031.25,12065.0,0.0,0.0,150772.6,145901.0,296673.6
2023-05-19,150134.7,5859.7,7463.7,142671.0,118488.75,14739.25,11053.25,0.0,0.0,155994.4,144281.25,300275.65
2023-05-20,125861.5,5594.4,6247.0,119614.5,97864.25,9495.25,7248.5,0.0,0.0,131455.9,114608.0,246063.9
2023-05-21,99465.1,4030.5,5073.1,94392.0,63654.75,6863.75,5296.25,0.0,0.0,103495.6,75814.75,179310.35
2023-05-22,148157.2,6240.9,7595.2,140562.0,113795.75,16007.5,11756.25,0.0,0.0,154398.1,141559.5,295957.6
2023-05-23,137271.7,6483.5,6950.7,130321.0,119913.75,15209.5,11704.0,0.0,0.0,143755.2,146827.25,290582.45
2023-05-24,139881.9,6512.1,7119.4,132762.5,119514.75,15466.0,10768.25,0.0,0.0,146394.0,145749.0,292143.0
2023-05-25,142796.8,6377.5,7155.8,135641.0,119291.5,15390.0,11157.75,0.0,0.0,149174.3,145839.25,295013.55
2023-05-26,136163.1,5561.6,6877.6,129285.5,112551.25,13779.75,10231.5,0.0,0.0,141724.7,136562.5,278287.2
2023-05-27,135679.0,6087.1,6849.5,128829.5,100415.0,9557.0,7049.0,0.0,0.0,141766.1,117021.0,258787.1
2023-05-28,100314.9,4427.5,4982.4,95332.5,63412.5,6621.5,5101.5,0.0,0.0,104742.4,75135.5,179877.9
2023-05-29,151735.59999999998,6340.1,7592.1,144143.5,113050.0,14881.75,11143.5,0.0,0.0,158075.7,139075.25,297150.94999999995
2023-05-30,147407.1,6084.8,7215.6,140191.5,118351.0,15594.25,11191.0,0.0,0.0,153491.9,145136.25,298628.15
2023-05-31,143417.7,5638.2,7102.200000000001,136315.5,120464.75,15086.0,10535.5,0.0,0.0,149055.9,146086.25,295142.15
2023-06-01,143787.6,5383.0,6997.1,136790.5,120650.0,15523.0,10773.0,0.0,0.0,149170.6,146946.0,296116.6
2023-06-02,142715.9,5231.5,6951.4,135764.5,119415.0,14872.25,10407.25,0.0,0.0,147947.40000000002,144694.5,292641.9
2023-06-03,135037.9,5065.7,6597.9,128440.0,100039.75,10659.0,7780.5,0.0,0.0,140103.6,118479.25,258582.85
2023-06-04,94577.8,3493.8,4555.8,90022.0,61118.25,6797.25,4921.0,0.0,0.0,98071.6,72836.5,170908.1
2023-06-05,135149.3,5037.3,6661.8,128487.5,112299.5,13091.0,9566.5,0.0,0.0,140186.6,134957.0,275143.6
2023-06-06,125792.8,5260.6,6292.3,119500.5,118574.25,14226.25,9709.0,0.0,0.0,131053.4,142509.5,273562.9
2023-06-07,124230.8,5419.3,6041.3,118189.5,114603.25,13651.5,9086.75,0.0,0.0,129650.1,137341.5,266991.6
2023-06-08,125271.5,5536.3,6179.5,119092.0,112622.5,13238.25,8697.25,0.0,0.0,130807.8,134558.0,265365.8
2023-06-09,134693.1,5889.5,6699.6,127993.5,114456.0,12801.25,8664.0,0.0,0.0,140582.6,135921.25,276503.85
2023-06-10,122322.70000000001,5790.2,6175.700000000001,116147.0,94648.5,9419.25,6403.0,0.0,0.0,128112.9,110470.75,238583.65000000002
2023-06-11,93687.2,4878.3,4748.2,88939.0,59840.5,6621.5,4650.25,0.0,0.0,98565.5,71112.25,169677.75
2023-06-12,138541.0,6697.1,6994.5,131546.5,109810.5,12996.0,8683.0,0.0,0.0,145238.1,131489.5,276727.6
2023-06-13,129306.7,6220.9,6471.7,122835.0,112793.5,13338.0,8578.5,0.0,0.0,135527.6,134710.0,270237.6
2023-06-14,127080.9,5760.9,6326.4,120754.5,112874.25,12915.25,7842.25,0.0,0.0,132841.8,133631.75,266473.55
2023-06-15,132577.8,5610.8,6484.3,126093.5,113886.0,12753.75,8279.25,0.0,0.0,138188.6,134919.0,273107.6
2023-06-16,129537.79999999999,6208.9,6598.3,122939.5,109330.75,11314.5,7343.5,0.0,0.0,135746.7,127988.75,263735.44999999995
2023-06-17,121826.0,5861.7,6106.5,115719.5,92962.25,9414.5,6170.25,0.0,0.0,127687.70000000001,108547.0,236234.7
2023-06-18,102477.7,5010.2,5178.7,97299.0,65611.75,6987.25,4441.25,0.0,0.0,107487.9,77040.25,184528.15
2023-06-19,138222.9,6016.6,6885.4,131337.5,105716.0,13300.0,7861.25,0.0,0.0,144239.5,126877.25,271116.75
2023-06-20,126604.4,5348.7,6163.4,120441.0,113012.0,13651.5,8037.0,0.0,0.0,131953.1,134700.5,266653.6
2023-06-21,125647.6,5179.4,6204.1,119443.5,111791.25,13509.0,8436.0,0.0,0.0,130827.0,133736.25,264563.25
2023-06-22,125337.3,5600.3,6169.3,119168.0,110038.5,13423.5,7885.0,0.0,0.0,130937.6,131347.0,262284.6
2023-06-23,131948.5,6163.2,6510.5,125438.0,113145.0,13176.5,8051.25,0.0,0.0,138111.7,134372.75,272484.45
2023-06-24,122151.9,5567.7,5966.9,116185.0,92397.0,10226.75,5909.0,0.0,0.0,127719.6,108532.75,236252.34999999998
2023-06-25,97404.8,4108.7,4760.8,92644.0,58182.75,6526.5,4161.0,0.0,0.0,101513.5,68870.25,170383.75
2023-06-26,135719.6,6003.3,6662.1,129057.5,105782.5,13632.5,7690.25,0.0,0.0,141722.9,127105.25,268828.15
2023-06-27,126638.6,5194.7,6235.6,120403.0,110128.75,13247.75,7486.0,0.0,0.0,131833.3,130862.5,262695.80000000005
2023-06-28,127429.5,5305.9,6266.5,121163.0,112869.5,13741.75,7908.75,0.0,0.0,132735.4,134520.0,267255.4
2023-06-29,123143.2,5100.5,6112.7,117030.5,111059.75,13148.0,7348.25,0.0,0.0,128243.7,131556.0,259799.7
2023-06-30,132633.6,5640.3,6540.1,126093.5,113819.5,13423.5,7172.5,0.0,0.0,138273.9,134415.5,272689.4
2023-07-01,128172.8,5252.400000000001,6316.3,121856.5,95408.5,10117.5,6203.5,0.0,0.0,133425.2,111729.5,245154.7
2023-07-02,98166.7,4190.6,4933.7,93233.0,61213.25,7220.0,4294.0,0.0,0.0,102357.3,72727.25,175084.55
2023-07-03,139002.1,5758.0,7056.6,131945.5,109810.5,14444.75,7885.0,0.0,0.0,144760.1,132140.25,276900.35
2023-07-04,125804.1,5679.3,6170.6,119633.5,110698.75,13048.25,7557.25,0.0,0.0,131483.4,131304.25,262787.65
2023-07-05,121038.0,5259.3,5993.0,115045.0,110304.5,13371.25,7072.75,0.0,0.0,126297.3,130748.5,257045.8
2023-07-06,125773.3,5075.5,6196.8,119576.5,110499.25,13656.25,7538.25,0.0,0.0,130848.79999999999,131693.75,262542.55
2023-07-07,131763.8,5743.5,6563.3,125200.5,109074.25,13794.0,7562.0,0.0,0.0,137507.3,130430.25,267937.55
2023-07-08,126508.1,5085.7,6076.6,120431.5,95275.5,10355.0,6179.75,0.0,0.0,131593.8,111810.25,243404.05000000002
2023-07-09,95816.2,4094.0,4682.7,91133.5,59674.25,7410.0,4298.75,0.0,0.0,99910.20000000001,71383.0,171293.2
2023-07-10,131570.9,5470.8,6474.9,125096.0,105260.0,13570.75,7633.25,0.0,0.0,137041.7,126464.0,263505.69999999995
2023-07-11,125087.0,5410.5,6128.0,118959.0,113149.75,13566.0,7281.75,0.0,0.0,130497.5,133997.5,264495.0
2023-07-12,116129.7,5334.0,5606.7,110523.0,111059.75,13699.0,7148.75,0.0,0.0,121463.7,131907.5,253371.2
2023-07-13,121457.2,5166.5,6032.2,115425.0,109259.5,13186.0,7300.75,0.0,0.0,126623.7,129746.25,256369.95
2023-07-14,134280.1,5324.7,6666.6,127613.5,108518.5,13176.5,7381.5,0.0,0.0,139604.8,129076.5,268681.30000000005
2023-07-15,128675.1,5488.4,6315.1,122360.0,94510.75,10435.75,5852.0,0.0,0.0,134163.5,110798.5,244962.0
2023-07-16,108124.5,4268.4,5239.5,102885.0,63032.5,7794.75,4184.75,0.0,0.0,112392.9,75012.0,187404.9
2023-07-17,143719.1,5698.6,6947.6,136771.5,110869.75,14107.5,7690.25,0.0,0.0,149417.7,132667.5,282085.2
2023-07-18,127560.9,5464.9,6378.9,121182.0,110071.75,13181.25,7053.75,0.0,0.0,133025.8,130306.75,263332.55
2023-07-19,121804.0,5921.1,6122.5,115681.5,110637.0,12763.25,6659.5,0.0,0.0,127725.09999999999,130059.75,257784.85
2023-07-20,124245.0,6493.4,6188.5,118056.5,111853.0,13309.5,7044.25,0.0,0.0,130738.4,132206.75,262945.15
2023-07-21,132722.8,5991.6,6676.8,126046.0,111843.5,12858.25,7044.25,0.0,0.0,138714.4,131746.0,270460.4
2023-07-22,123837.9,5382.1,6161.4,117676.5,95118.75,9547.5,5510.0,0.0,0.0,129220.0,110176.25,239396.25
2023-07-23,99777.7,4270.0,4863.2,94914.5,62961.25,7623.75,4322.5,0.0,0.0,104047.7,74907.5,178955.2
2023-07-24,132090.0,5761.1,6604.5,125485.5,108133.75,12549.5,6730.75,0.0,0.0,137851.1,127414.0,265265.1
2023-07-25,115219.1,4845.7,5760.1,109459.0,106927.25,11661.25,6075.25,0.0,0.0,120064.8,124663.75,244728.55
2023-07-26,112657.4,5478.099999999999,5677.9,106979.5,107359.5,12293.0,6616.75,0.0,0.0,118135.5,126269.25,244404.75
2023-07-27,119980.3,6120.6,5885.3,114095.0,108352.25,12411.75,6274.75,0.0,0.0,126100.9,127038.75,253139.65000000002
2023-07-28,129028.6,5946.3,6573.6,122455.0,105150.75,11756.25,6274.75,0.0,0.0,134974.9,123181.75,258156.65
2023-07-29,123080.6,5978.9,6202.1,116878.5,91181.0,9652.0,5386.5,0.0,0.0,129059.5,106219.5,235279.0
2023-07-30,99364.2,4541.7,4953.2,94411.0,61944.75,7006.25,3975.75,0.0,0.0,103905.9,72926.75,176832.65
2023-07-31,134690.9,6401.2,6649.9,128041.0,108247.75,12440.25,5400.75,0.0,0.0,141092.1,126088.75,267180.85
2023-08-01,125670.8,6267.3,6179.8,119491.0,113411.0,13642.0,5552.75,0.0,0.0,131938.1,132605.75,264543.85
2023-08-02,113258.0,5589.700000000001,5680.0,107578.0,109245.25,12658.75,5571.75,0.0,0.0,118847.70000000001,127475.75,246323.45
2023-08-03,115050.5,5596.8,5696.0,109354.5,109050.5,12164.75,5367.5,0.0,0.0,120647.3,126582.75,247230.05
2023-08-04,126668.9,6292.0,6275.4,120393.5,110033.75,12041.25,5120.5,0.0,0.0,132960.9,127195.5,260156.4
2023-08-05,126928.8,5975.0,6345.3,120583.5,94943.0,10250.5,4379.5,0.0,0.0,132903.8,109573.0,242476.8
2023-08-06,102113.70000000001,4379.6,5052.200000000001,97061.5,64210.5,7766.25,3239.5,0.0,0.0,106493.3,75216.25,181709.55000000002
2023-08-07,129308.4,5729.2,6416.4,122892.0,107601.75,13518.5,5524.25,0.0,0.0,135037.6,126644.5,261682.1
2023-08-08,119798.5,5459.1,6036.0,113762.5,111506.25,12929.5,5182.25,0.0,0.0,125257.6,129618.0,254875.6
2023-08-09,122318.9,5331.6,6019.9,116299.0,110651.25,12920.0,5068.25,0.0,0.0,127650.5,128639.5,256290.0
2023-08-10,124063.1,5838.3,6158.6,117904.5,114375.25,13342.75,5324.75,0.0,0.0,129901.4,133042.75,262944.15
2023-08-11,131219.7,6152.0,6522.700000000001,124697.0,115244.5,13290.5,5548.0,0.0,0.0,137371.7,134083.0,271454.7
2023-08-12,122612.6,5327.8,6114.1,116498.5,96192.25,9846.75,4279.75,0.0,0.0,127940.4,110318.75,238259.15000000002
2023-08-13,100839.1,5001.3,5069.6,95769.5,61721.5,7376.75,3415.25,0.0,0.0,105840.4,72513.5,178353.90000000002
2023-08-14,148764.2,6100.6,7432.7,141331.5,114954.75,17869.5,5928.0,0.0,0.0,154864.8,138752.25,293617.05000000005
2023-08-15,150443.5,6639.6,7478.0,142965.5,124516.5,18230.5,5400.75,0.0,0.0,157083.1,148147.75,305230.85
2023-08-16,145149.0,6235.8,7294.5,137854.5,122934.75,18021.5,5894.75,0.0,0.0,151384.8,146851.0,298235.8
2023-08-17,139986.4,5624.6,6900.9,133085.5,123186.5,17679.5,5291.5,0.0,0.0,145611.0,146157.5,291768.5
2023-08-18,143430.40000000002,6068.1,7000.9,136429.5,119581.25,16672.5,5567.0,0.0,0.0,149498.5,141820.75,291319.25
2023-08-19,126736.4,5912.6,6380.9,120355.5,97888.0,11138.75,4142.0,0.0,0.0,132649.0,113168.75,245817.75
2023-08-20,102672.3,4690.9,5116.8,97555.5,65592.75,7851.75,3287.0,0.0,0.0,107363.2,76731.5,184094.7
2023-08-21,158081.4,6091.6,7962.4,150119.0,118289.25,17950.25,5453.0,0.0,0.0,164173.0,141692.5,305865.5
2023-08-22,147130.3,6313.0,7318.8,139811.5,125286.0,18539.25,5315.25,0.0,0.0,153443.3,149140.5,302583.8
2023-08-23,142656.4,5970.8,7224.4,135432.0,125936.75,17921.75,5087.25,0.0,0.0,148627.2,148945.75,297572.94999999995
2023-08-24,144922.0,5542.5,7172.0,137750.0,125495.0,18596.25,4968.5,0.0,0.0,150464.5,149059.75,299524.25
2023-08-25,149268.4,6424.3,7461.9,141806.5,122825.5,17432.5,5362.75,0.0,0.0,155692.7,145620.75,301313.44999999995
2023-08-26,132126.2,5526.700000000001,6536.2,125590.0,98401.0,11670.75,4531.5,0.0,0.0,137652.9,114603.25,252256.15000000002
2023-08-27,106536.2,4381.5,5123.7,101412.5,66219.75,7866.0,3529.25,0.0,0.0,110917.7,77615.0,188532.7
2023-08-28,159524.3,6487.700000000001,7780.8,151743.5,120512.25,19465.5,5766.5,0.0,0.0,166012.0,145744.25,311756.25
2023-08-29,148798.1,6331.6,7552.1,141246.0,125286.0,19066.5,5339.0,0.0,0.0,155129.7,149691.5,304821.2
2023-08-30,141721.5,5524.200000000001,7144.5,134577.0,121229.5,17280.5,5486.25,0.0,0.0,147245.7,143996.25,291241.95
2023-08-31,142495.9,6506.8,7158.9,135337.0,121647.5,16886.25,5704.75,0.0,0.0,149002.7,144238.5,293241.19999999995
2023-09-01,159538.9,6338.0,7861.9,151677.0,120863.75,17993.0,7058.5,0.0,0.0,165876.9,145915.25,311792.15
2023-09-02,138725.0,5993.200000000001,6950.5,131774.5,97992.5,11490.25,5329.5,0.0,0.0,144718.2,114812.25,259530.45
2023-09-03,111745.5,5323.4,5611.5,106134.0,68053.25,8559.5,4037.5,0.0,0.0,117068.9,80650.25,197719.15
2023-09-04,152125.59999999998,6188.1,7678.1,144447.5,118541.0,17513.25,7533.5,0.0,0.0,158313.7,143587.75,301901.44999999995
2023-09-05,142608.6,6677.200000000001,7195.6,135413.0,124749.25,17651.0,7951.5,0.0,0.0,149285.8,150351.75,299637.55000000005
2023-09-06,137050.5,6246.1,6967.0,130083.5,120678.5,17000.25,7942.0,0.0,0.0,143296.59999999998,145620.75,288917.35
2023-09-07,139950.0,6258.799999999999,7073.5,132876.5,118811.75,16967.0,7828.0,0.0,0.0,146208.8,143606.75,289815.55
2023-09-08,156617.09999999998,6910.1,7866.1,148751.0,121490.75,15983.75,8526.25,0.0,0.0,163527.2,146000.75,309527.94999999995
2023-09-09,128988.6,5837.5,6372.1,122616.5,99412.75,10521.25,5709.5,0.0,0.0,134826.1,115643.5,250469.6
2023-09-10,102385.3,5315.2,5019.8,97365.5,64015.75,7429.0,4294.0,0.0,0.0,107700.5,75738.75,183439.25
2023-09-11,152255.09999999998,6504.0,7674.6,144580.5,118346.25,17147.5,9310.0,0.0,0.0,158759.1,144803.75,303562.85
2023-09-12,147805.4,6720.9,7423.9,140381.5,126473.5,17689.0,9794.5,0.0,0.0,154526.3,153957.0,308483.3
2023-09-13,138696.2,6550.900000000001,6969.2,131727.0,121647.5,17005.0,9609.25,0.0,0.0,145247.1,148261.75,293508.85
2023-09-14,146442.8,6185.8,7372.3,139070.5,123804.0,17679.5,10074.75,0.0,0.0,152628.6,151558.25,304186.85
2023-09-15,153802.7,6491.5,7654.7,146148.0,119168.0,15347.25,9333.75,0.0,0.0,160294.2,143849.0,304143.2
2023-09-16,105192.8,4972.0,5281.3,99911.5,71007.75,7832.75,4735.75,0.0,0.0,110164.8,83576.25,193741.05
2023-09-17,98651.9,4670.7,4915.4,93736.5,61555.25,7044.25,4365.25,0.0,0.0,103322.6,72964.75,176287.34999999998
2023-09-18,147438.0,6503.3,7417.5,140020.5,114812.25,16150.0,10203.0,0.0,0.0,153941.3,141165.25,295106.55
2023-09-19,141239.5,5973.8,7175.5,134064.0,119947.0,16026.5,10003.5,0.0,0.0,147213.3,145977.0,293190.3
2023-09-20,146590.09999999998,6183.8,7206.1,139384.0,123086.75,16572.75,10982.0,0.0,0.0,152773.9,150641.5,303415.39999999997
2023-09-21,143572.0,5433.299999999999,7114.0,136458.0,122402.75,16306.75,10948.75,0.0,0.0,149005.3,149658.25,298663.55
2023-09-22,149790.5,6257.1,7632.5,142158.0,121486.0,15822.25,10811.0,0.0,0.0,156047.6,148119.25,304166.85
2023-09-23,135154.1,5406.700000000001,6628.6,128525.5,99094.5,10260.0,7096.5,0.0,0.0,140560.8,116451.0,257011.80000000002
2023-09-24,98566.3,4266.8,4924.8,93641.5,60348.75,7058.5,4541.0,0.0,0.0,102833.1,71948.25,174781.35
2023-09-25,159401.6,6653.2,8009.6,151392.0,117391.5,16287.75,11485.5,0.0,0.0,166054.8,145164.75,311219.55000000005
2023-09-26,152978.7,6247.9,7647.7,145331.0,128421.0,17161.75,12107.75,0.0,0.0,159226.6,157690.5,316917.1
2023-09-27,143223.0,6034.5,7192.5,136030.5,124511.75,16520.5,11965.25,0.0,0.0,149257.5,152997.5,302255.0
2023-09-28,143362.5,6161.6,7218.0,136144.5,121158.25,16278.25,11324.0,0.0,0.0,149524.1,148760.5,298284.6
2023-09-29,143364.1,6506.6,7124.6,136239.5,117467.5,14900.75,10364.5,0.0,0.0,149870.7,142732.75,292603.45
2023-09-30,133014.9,5319.2,6655.4,126359.5,97736.0,10606.75,7552.5,0.0,0.0,138334.1,115895.25,254229.35
2023-10-01,103768.9,4725.1,5120.9,98648.0,66352.75,7761.5,5324.75,0.0,0.0,108494.0,79439.0,187933.0
2023-10-02,157209.6,6588.5,7784.1,149425.5,118232.25,17123.75,12350.0,0.0,0.0,163798.1,147706.0,311504.1
2023-10-03,147263.0,6335.3,7518.0,139745.0,124996.25,16615.5,12388.0,0.0,0.0,153598.3,153999.75,307598.05
2023-10-04,145691.5,5919.7,7352.5,138339.0,123229.25,16629.75,12155.25,0.0,0.0,151611.2,152014.25,303625.45
2023-10-05,147963.2,5943.200000000001,7268.2,140695.0,125219.5,17138.0,12430.75,0.0,0.0,153906.4,154788.25,308694.65
2023-10-06,151555.1,6354.7,7449.6,144105.5,121210.5,15836.5,11832.25,0.0,0.0,157909.8,148879.25,306789.05000000005
2023-10-07,119475.9,5023.3,5922.4,113553.5,93636.75,10150.75,7272.25,0.0,0.0,124499.2,111059.75,235558.95
2023-10-08,103465.3,4759.2,5140.3,98325.0,66704.25,7443.25,5201.25,0.0,0.0,108224.5,79348.75,187573.25
2023-10-09,152923.0,5856.5,7706.0,145217.0,117714.5,16971.75,12877.25,0.0,0.0,158779.5,147563.5,306343.0
2023-10-10,140367.0,5849.2,7129.5,133237.5,122113.0,16506.25,12464.0,0.0,0.0,146216.2,151083.25,297299.45
2023-10-11,139951.3,5801.2,7065.3,132886.0,119937.5,16895.75,12373.75,0.0,0.0,145752.5,149207.0,294959.5
2023-10-12,115012.5,5357.0,5753.0,109259.5,104637.75,10535.5,6963.5,0.0,0.0,120369.5,122136.75,242506.25
2023-10-13,152200.2,6411.4,7695.7,144504.5,122915.75,16530.0,11974.75,0.0,0.0,158611.6,151420.5,310032.1
2023-10-14,131224.6,5917.4,6518.1,124706.5,101555.0,11053.25,7243.75,0.0,0.0,137142.0,119852.0,256994.0
2023-10-15,103418.2,4477.4,5131.2,98287.0,66504.75,7733.0,4963.75,0.0,0.0,107895.6,79201.5,187097.09999999998
2023-10-16,161441.3,6487.2,8054.3,153387.0,123148.5,17774.5,12730.0,0.0,0.0,167928.5,153653.0,321581.5
2023-10-17,146392.2,6536.4,7321.7,139070.5,126768.0,17874.25,12858.25,0.0,0.0,152928.6,157500.5,310429.1
2023-10-18,140691.7,6243.7,7140.7,133551.0,123799.25,17180.75,11922.5,0.0,0.0,146935.4,152902.5,299837.9
2023-10-19,136039.2,5860.1,6886.7,129152.5,119928.0,16829.25,11286.0,0.0,0.0,141899.3,148043.25,289942.55000000005
2023-10-20,148015.2,6564.1,7386.7,140628.5,124687.5,16439.75,11419.0,0.0,0.0,154579.3,152546.25,307125.55000000005
2023-10-21,129818.0,5951.4,6612.5,123205.5,99555.25,11048.5,7129.75,0.0,0.0,135769.4,117733.5,253502.9
2023-10-22,104266.5,5053.6,5248.0,99018.5,67378.75,8170.0,5334.25,0.0,0.0,109320.1,80883.0,190203.1
2023-10-23,159877.0,6227.6,8010.0,151867.0,121471.75,17674.75,12492.5,0.0,0.0,166104.6,151639.0,317743.6
2023-10-24,144290.6,6403.1,7357.6,136933.0,124939.25,17380.25,12174.25,0.0,0.0,150693.7,154493.75,305187.45
2023-10-25,145963.1,6232.2,7301.1,138662.0,124488.0,18145.0,12164.75,0.0,0.0,152195.3,154797.75,306993.05000000005
2023-10-26,147707.3,6737.2,7373.3,140334.0,121324.5,17537.0,12098.25,0.0,0.0,154444.5,150959.75,305404.25
2023-10-27,157313.9,6502.8,7916.9,149397.0,123177.0,16924.25,11794.25,0.0,0.0,163816.7,151895.5,315712.19999999995
2023-10-28,141601.9,6127.8,7015.4,134586.5,103725.75,11694.5,7585.75,0.0,0.0,147729.7,123006.0,270735.69999999995
2023-10-29,99403.5,4414.0,5021.0,94382.5,63626.25,7733.0,4712.0,0.0,0.0,103817.5,76071.25,179888.75
2023-10-30,162943.9,6435.8,8217.4,154726.5,118465.0,17940.75,12378.5,0.0,0.0,169379.7,148784.25,318163.94999999995
2023-10-31,136371.2,5654.4,6772.2,129599.0,114475.0,16967.0,10426.25,0.0,0.0,142025.6,141868.25,283893.85
2023-11-01,155335.8,6377.9,7905.3,147430.5,121794.75,18729.25,12031.75,0.0,0.0,161713.7,152555.75,314269.44999999995
2023-11-02,125301.9,5457.2,6352.4,118949.5,108195.5,12483.0,7039.5,0.0,0.0,130759.1,127718.0,258477.09999999998
2023-11-03,158578.0,6117.1,8003.0,150575.0,124331.25,17641.5,11001.0,0.0,0.0,164695.1,152973.75,317668.85
2023-11-04,135193.9,5506.3,6744.4,128449.5,104234.0,11955.75,7267.5,0.0,0.0,140700.19999999998,123457.25,264157.44999999995
2023-11-05,107616.2,4379.4,5386.7,102229.5,68637.5,8687.75,4517.25,0.0,0.0,111995.6,81842.5,193838.09999999998
2023-11-06,163171.7,6481.4,8160.2,155011.5,124469.0,19052.25,12293.0,0.0,0.0,169653.09999999998,155814.25,325467.35
2023-11-07,146831.0,6036.4,7399.5,139431.5,125528.25,18729.25,11642.25,0.0,0.0,152867.4,155899.75,308767.15
2023-11-08,150525.1,6752.3,7702.1,142823.0,129052.75,19166.25,12036.5,0.0,0.0,157277.40000000002,160255.5,317532.9
2023-11-09,144383.8,6723.5,7317.8,137066.0,125509.25,19080.75,11613.75,0.0,0.0,151107.3,156203.75,307311.05
2023-11-10,150881.3,6863.3,7706.8,143174.5,125105.5,17731.75,10773.0,0.0,0.0,157744.6,153610.25,311354.85
2023-11-11,132564.7,5959.8,6680.2,125884.5,100291.5,11371.5,6217.75,0.0,0.0,138524.5,117880.75,256405.25
2023-11-12,103219.0,4449.6,5122.0,98097.0,66599.75,7837.5,4294.0,0.0,0.0,107668.6,78731.25,186399.85
2023-11-13,162916.1,6688.5,8284.6,154631.5,123167.5,19494.0,11865.5,0.0,0.0,169604.6,154527.0,324131.6
2023-11-14,148683.0,6386.0,7456.0,141227.0,125100.75,18282.75,10967.75,0.0,0.0,155069.0,154351.25,309420.25
2023-11-15,145190.1,7136.4,7250.1,137940.0,123034.5,18971.5,11214.75,0.0,0.0,152326.5,153220.75,305547.25
2023-11-16,146221.9,6252.2,7388.9,138833.0,126487.75,18881.25,10559.25,0.0,0.0,152474.1,155928.25,308402.35
2023-11-17,154193.2,7118.8,7769.7,146423.5,126454.5,18373.0,10350.25,0.0,0.0,161312.0,155177.75,316489.75
2023-11-18,137846.2,6143.0,6936.2,130910.0,103493.0,11946.25,6393.5,0.0,0.0,143989.2,121832.75,265821.95
2023-11-19,108934.3,4469.7,5469.8,103464.5,68480.75,8502.5,4531.5,0.0,0.0,113404.0,81514.75,194918.75
2023-11-20,116412.0,5059.4,5908.0,110504.0,75406.25,9595.0,5144.25,0.0,0.0,121471.4,90145.5,211616.9
2023-11-21,157253.9,6754.0,7999.4,149254.5,121011.0,19627.0,11062.75,0.0,0.0,164007.9,151700.75,315708.65
2023-11-22,149031.6,6202.7,7586.1,141445.5,126350.0,19413.25,10397.75,0.0,0.0,155234.3,156161.0,311395.30000000005
2023-11-23,151976.7,6583.6,7709.7,144267.0,128045.75,19921.5,10701.75,0.0,0.0,158560.3,158669.0,317229.30000000005
2023-11-24,157576.8,6724.6,8018.3,149558.5,127129.0,18197.25,10226.75,0.0,0.0,164301.4,155553.0,319854.4
2023-11-25,135639.1,6174.2,6857.1,128782.0,103749.5,12635.0,6407.75,0.0,0.0,141813.3,122792.25,264605.55000000005
2023-11-26,100283.5,4754.7,5160.0,95123.5,68765.75,8550.0,4427.0,0.0,0.0,105038.2,81742.75,186780.95
2023-11-27,163888.1,7192.1,8306.6,155581.5,123476.25,20852.5,10654.25,0.0,0.0,171080.2,154983.0,326063.2
2023-11-28,155620.9,6688.7,7791.4,147829.5,129513.5,20619.75,10564.0,0.0,0.0,162309.6,160697.25,323006.85
2023-11-29,149909.2,6133.9,7618.2,142291.0,127053.0,19076.0,9889.5,0.0,0.0,156043.1,156018.5,312061.6
2023-11-30,163715.9,7165.200000000001,8305.4,155410.5,131613.0,20106.75,10530.75,0.0,0.0,170881.1,162250.5,333131.6
2023-12-01,166573.9,7250.6,8436.9,158137.0,128625.25,20073.5,9870.5,0.0,0.0,173824.5,158569.25,332393.75
2023-12-02,136751.2,5728.4,6857.7,129893.5,108575.5,12559.0,5533.75,0.0,0.0,142479.6,126668.25,269147.85
2023-12-03,101649.1,4205.2,5167.1,96482.0,66414.5,8445.5,3709.75,0.0,0.0,105854.3,78569.75,184424.05
2023-12-04,141265.1,5447.4,7229.6,134035.5,110651.25,16254.5,7509.75,0.0,0.0,146712.5,134415.5,281128.0
2023-12-05,151214.6,6526.9,7650.6,143564.0,123832.5,17470.5,8887.25,0.0,0.0,157741.5,150190.25,307931.75
2023-12-06,149240.59999999998,6834.2,7510.1,141730.5,126240.75,17385.0,7980.0,0.0,0.0,156074.8,151605.75,307680.55
2023-12-07,130932.3,5615.3,6453.8,124478.5,114631.75,14620.5,6327.0,0.0,0.0,136547.6,135579.25,272126.85
2023-12-08,151556.9,6429.4,7565.4,143991.5,119391.25,15969.5,7595.25,0.0,0.0,157986.3,142956.0,300942.3
2023-12-09,145294.6,6080.6,7392.6,137902.0,107426.0,12421.25,5548.0,0.0,0.0,151375.2,125395.25,276770.45
2023-12-10,125634.9,5021.5,6276.9,119358.0,78683.75,9666.25,4536.25,0.0,0.0,130656.4,92886.25,223542.65
2023-12-11,152081.0,6416.7,7738.0,144343.0,119011.25,15556.25,7177.25,0.0,0.0,158497.7,141744.75,300242.45
2023-12-12,147359.3,6284.1,7500.3,139859.0,124511.75,15703.5,7182.0,0.0,0.0,153643.4,147397.25,301040.65
2023-12-13,148318.2,6711.1,7433.2,140885.0,128625.25,16192.75,7267.5,0.0,0.0,155029.3,152085.5,307114.80000000005
2023-12-14,152766.3,6784.3,7672.8,145093.5,126326.25,16131.0,6825.75,0.0,0.0,159550.6,149283.0,308833.6
2023-12-15,153624.9,6682.0,7799.9,145825.0,124887.0,15489.75,6759.25,0.0,0.0,160306.9,147136.0,307442.9
2023-12-16,152006.7,6212.0,7711.2,144295.5,109606.25,13057.75,5210.75,0.0,0.0,158218.7,127874.75,286093.45
2023-12-17,130163.5,5602.2,6701.5,123462.0,81111.0,9932.25,4218.0,0.0,0.0,135765.7,95261.25,231026.95
2023-12-18,148699.7,6831.7,7586.7,141113.0,115885.75,14858.0,6346.0,0.0,0.0,155531.4,137089.75,292621.15
2023-12-19,141587.0,6470.2,7219.0,134368.0,122317.25,13988.75,6065.75,0.0,0.0,148057.2,142371.75,290428.95
2023-12-20,138303.5,6529.8,7004.0,131299.5,121367.25,13984.0,6061.0,0.0,0.0,144833.3,141412.25,286245.55
2023-12-21,134274.0,6336.4,6803.0,127471.0,116061.5,13290.5,5676.25,0.0,0.0,140610.4,135028.25,275638.65
2023-12-22,151457.59999999998,6970.9,7703.6,143754.0,117016.25,14221.5,5505.25,0.0,0.0,158428.5,136743.0,295171.5
2023-12-23,134744.4,6350.9,6788.9,127955.5,99004.25,11623.25,4659.75,0.0,0.0,141095.3,115287.25,256382.55
2023-12-24,120229.1,5033.6,5953.6,114275.5,66880.0,8269.75,3424.75,0.0,0.0,125262.70000000001,78574.5,203837.2
2023-12-26,114681.4,5422.0,5763.9,108917.5,88554.25,10606.75,4313.0,0.0,0.0,120103.4,103474.0,223577.4
2023-12-27,115358.2,5623.4,5775.7,109582.5,102338.75,14197.75,90.25,0.0,0.0,120981.6,116626.75,237608.34999999998
2023-12-28,120163.8,5374.2,5983.3,114180.5,103972.75,14406.75,0.0,0.0,0.0,125538.0,118379.5,243917.5
2023-12-29,129646.3,5986.3,6611.8,123034.5,105326.5,14615.75,0.0,0.0,0.0,135632.6,119942.25,255574.85
2023-12-30,123631.1,5203.7,6173.1,117458.0,89433.0,12483.0,0.0,0.0,0.0,128834.8,101916.0,230750.8
2023-12-31,96792.7,4005.4,4794.7,91998.0,57242.25,8531.0,0.0,0.0,0.0,100798.1,65773.25,166571.34999999998
2024-01-02,123731.4,4946.5,6197.4,117534.0,97403.5,15228.5,0.0,0.0,0.0,128677.90000000001,112632.0,241309.9
2024-01-03,129778.90000000001,5998.0,6620.9,123158.0,114085.5,17446.75,0.0,0.0,0.0,135776.9,131532.25,267309.15
2024-01-04,125176.2,6227.0,6274.2,118902.0,113325.5,17508.5,0.0,0.0,0.0,131403.2,130834.0,262237.2
2024-01-05,132966.0,6226.1,6749.0,126217.0,117097.0,18952.5,0.0,0.0,0.0,139192.1,136049.5,275241.6
2024-01-06,129349.5,5322.8,6476.5,122873.0,99284.5,14587.25,0.0,0.0,0.0,134672.3,113871.75,248544.05
2024-01-07,102817.0,4198.9,5043.0,97774.0,64638.0,10184.0,0.0,0.0,0.0,107015.9,74822.0,181837.9
2024-01-08,152506.1,6843.3,7764.1,144742.0,121357.75,20311.0,0.0,0.0,0.0,159349.4,141668.75,301018.15
2024-01-09,138422.8,6082.6,7047.3,131375.5,122203.25,20420.25,0.0,0.0,0.0,144505.40000000002,142623.5,287128.9
2024-01-10,141351.6,5943.5,7050.1,134301.5,125024.75,20990.25,0.0,0.0,0.0,147295.1,146015.0,293310.1
2024-01-11,140482.5,5198.0,6865.0,133617.5,123414.5,20064.0,0.0,0.0,0.0,145680.5,143478.5,289159.0
2024-01-12,147676.3,5289.4,7361.3,140315.0,122687.75,19636.5,0.0,0.0,0.0,152965.7,142324.25,295289.94999999995
2024-01-13,134597.5,4564.4,6537.5,128060.0,98562.5,14706.0,0.0,0.0,0.0,139161.9,113268.5,252430.4
2024-01-14,105898.4,3580.0,5160.4,100738.0,66590.25,10526.0,0.0,0.0,0.0,109478.4,77116.25,186594.65
2024-01-15,157845.4,4958.5,7688.4,150157.0,122901.5,21384.5,0.0,0.0,0.0,162803.9,144286.0,307089.9
2024-01-16,163193.8,4729.5,7963.8,155230.0,133361.0,25716.5,0.0,0.0,0.0,167923.3,159077.5,327000.8
2024-01-17,156475.6,4920.3,7610.6,148865.0,136496.0,25806.75,0.0,0.0,0.0,161395.9,162302.75,323698.65
2024-01-18,155041.5,4752.6,7573.0,147468.5,135584.0,26429.0,0.0,0.0,0.0,159794.1,162013.0,321807.1
2024-01-19,163628.2,4979.7,8132.2,155496.0,131513.25,26030.0,0.0,0.0,0.0,168607.9,157543.25,326151.15
2024-01-20,131716.9,4343.0,6506.9,125210.0,100495.75,16064.5,0.0,0.0,0.0,136059.9,116560.25,252620.15
2024-01-21,101240.6,3630.7,4939.1,96301.5,63341.25,10426.25,0.0,0.0,0.0,104871.3,73767.5,178638.8
2024-01-22,167549.1,5089.2,8319.6,159229.5,127471.0,26685.5,0.0,0.0,0.0,172638.3,154156.5,326794.80000000005
2024-01-23,161828.2,4879.8,7994.7,153833.5,133703.0,26870.75,0.0,0.0,0.0,166708.0,160573.75,327281.75
2024-01-24,157514.5,5013.2,7633.0,149881.5,135859.5,26547.75,0.0,0.0,0.0,162527.7,162407.25,324934.95
2024-01-25,158443.5,5276.900000000001,7726.0,150717.5,135726.5,27079.75,0.0,0.0,0.0,163720.4,162806.25,326526.65
2024-01-26,164293.1,5092.1,7989.6,156303.5,129551.5,25379.25,0.0,0.0,0.0,169385.2,154930.75,324315.95
2024-01-27,139968.4,3894.4,6825.9,133142.5,100861.5,16040.75,0.0,0.0,0.0,143862.8,116902.25,260765.05
2024-01-28,106821.3,2943.3,5142.8,101678.5,64704.5,10459.5,0.0,0.0,0.0,109764.6,75164.0,184928.6
2024-01-29,170201.7,4668.9,8274.2,161927.5,126749.0,26533.5,0.0,0.0,0.0,174870.6,153282.5,328153.1
2024-01-30,168898.6,4341.9,8215.6,160683.0,134961.75,27839.75,0.0,0.0,0.0,173240.5,162801.5,336042.0
2024-01-31,161387.8,4349.5,7829.8,153558.0,133646.0,26452.75,0.0,0.0,0.0,165737.3,160098.75,325836.05
2024-02-01,162381.4,4341.8,7835.4,154546.0,129907.75,27383.75,0.0,0.0,0.0,166723.2,157291.5,324014.69999999995
2024-02-02,174333.59999999998,4743.6,8406.6,165927.0,131613.0,26505.0,66.5,0.0,0.0,179077.2,158184.5,337261.69999999995
2024-02-03,140691.1,4187.0,6845.6,133845.5,101065.75,16074.0,76.0,0.0,0.0,144878.1,117215.75,262093.85
2024-02-04,107314.6,3473.1,5161.1,102153.5,65911.0,11167.25,71.25,0.0,0.0,110787.7,77149.5,187937.2
2024-02-05,105600.8,3255.6,4957.8,100643.0,68875.0,11732.5,76.0,0.0,0.0,108856.4,80683.5,189539.90000000002
2024-02-06,174765.8,5124.5,8544.3,166221.5,129874.5,27730.5,232.75,0.0,0.0,179890.3,157837.75,337728.05
2024-02-07,162424.3,4477.1,7811.8,154612.5,134691.0,27431.25,536.75,0.0,0.0,166901.4,162659.0,329560.4
2024-02-08,165031.8,4088.0,8120.3,156911.5,134078.25,27478.75,878.75,0.0,0.0,169119.8,162435.75,331555.55
2024-02-09,169430.40000000002,4462.0,8196.4,161234.0,132216.25,25730.75,1021.25,0.0,0.0,173892.4,158968.25,332860.65
2024-02-10,143871.5,3928.1,6948.0,136923.5,101132.25,16007.5,859.75,0.0,0.0,147799.6,117999.5,265799.1
2024-02-11,104732.6,2966.8,5087.1,99645.5,64543.0,10526.0,684.0,0.0,0.0,107699.4,75753.0,183452.40000000002
2024-02-12,173379.6,4592.5,8497.6,164882.0,126117.25,26386.25,1415.5,0.0,0.0,177972.09999999998,153919.0,331891.1
2024-02-13,164683.7,3957.9,8028.7,156655.0,131304.25,26310.25,1520.0,0.0,0.0,168641.59999999998,159134.5,327776.1
2024-02-14,168643.7,4678.2,8226.7,160417.0,130416.0,25830.5,2004.5,0.0,0.0,173321.90000000002,158251.0,331572.9
2024-02-15,160117.7,4208.4,7699.7,152418.0,129651.25,25336.5,2284.75,0.0,0.0,164326.1,157272.5,321598.6
2024-02-16,145885.7,4022.1000000000004,7033.7,138852.0,116650.5,18496.5,2094.75,0.0,0.0,149907.8,137241.75,287149.55000000005
2024-02-17,138343.2,4001.2,6692.2,131651.0,99441.25,12810.75,2218.25,0.0,0.0,142344.4,114470.25,256814.65000000002
2024-02-18,106576.1,3461.7,5059.1,101517.0,65716.25,8782.75,1610.25,0.0,0.0,110037.8,76109.25,186147.05
2024-02-19,169445.6,4840.0,8382.6,161063.0,125157.75,22040.0,3158.75,0.0,0.0,174285.6,150356.5,324642.1
2024-02-20,166643.1,4757.1,8221.1,158422.0,133109.25,23764.25,3296.5,0.0,0.0,171400.2,160170.0,331570.2
2024-02-21,155777.5,4758.1,7663.0,148114.5,132021.5,22424.75,3804.75,0.0,0.0,160535.6,158251.0,318786.6
2024-02-22,159876.3,4759.1,7847.8,152028.5,129432.75,23170.5,4047.0,0.0,0.0,164635.4,156650.25,321285.65
2024-02-23,159525.9,4869.3,7763.4,151762.5,128131.25,20729.0,4631.25,0.0,0.0,164395.19999999998,153491.5,317886.69999999995
2024-02-24,131219.5,4124.2,6351.5,124868.0,99465.0,12383.25,3443.75,0.0,0.0,135343.7,115292.0,250635.7
2024-02-25,100520.8,3216.2,4770.3,95750.5,61441.25,8165.25,2536.5,0.0,0.0,103737.0,72143.0,175880.0
2024-02-26,168956.5,4608.7,8197.5,160759.0,123818.25,22576.75,5092.0,0.0,0.0,173565.2,151487.0,325052.2
2024-02-27,161041.5,4482.2,7882.5,153159.0,130088.25,23165.75,5481.5,0.0,0.0,165523.7,158735.5,324259.2
2024-02-28,150479.6,4207.2,7324.1,143155.5,129546.75,21332.25,5871.0,0.0,0.0,154686.8,156750.0,311436.80000000005
2024-02-29,155131.5,4115.3,7463.5,147668.0,125300.25,21778.75,6084.75,0.0,0.0,159246.8,153163.75,312410.55
2024-03-01,161546.1,4565.8,7826.6,153719.5,125105.5,20406.0,7049.0,0.0,0.0,166111.90000000002,152560.5,318672.4
2024-03-02,131186.7,3763.3,6309.2,124877.5,100101.5,12644.5,5201.25,0.0,0.0,134950.0,117947.25,252897.25
2024-03-03,106548.8,3027.0,5107.8,101441.0,66481.0,8920.5,3842.75,0.0,0.0,109575.8,79244.25,188820.05
2024-03-04,159281.0,3990.9,7765.5,151515.5,120502.75,20980.75,7410.0,0.0,0.0,163271.9,148893.5,312165.4
2024-03-05,147884.1,4137.4,7075.1,140809.0,126069.75,21199.25,7281.75,0.0,0.0,152021.5,154550.75,306572.25
2024-03-06,148212.4,4105.5,7089.9,141122.5,127309.5,20543.75,7923.0,0.0,0.0,152317.9,155776.25,308094.15
2024-03-07,147381.1,4295.5,7104.1,140277.0,125281.25,20135.25,8108.25,0.0,0.0,151676.6,153524.75,305201.35
2024-03-08,147151.1,3767.2,7064.1,140087.0,114845.5,16563.25,7357.75,0.0,0.0,150918.3,138766.5,289684.80000000005
2024-03-09,129647.1,3435.6,6365.6,123281.5,94634.25,11210.0,5757.0,0.0,0.0,133082.7,111601.25,244683.95
2024-03-10,98086.7,3115.2,4787.2,93299.5,60738.25,7780.5,4241.75,0.0,0.0,101201.9,72760.5,173962.4
2024-03-11,167407.1,4215.7,8158.6,159248.5,123443.0,19679.25,9162.75,0.0,0.0,171622.8,152285.0,323907.80000000005
2024-03-12,143066.7,3923.5,6922.2,136144.5,123010.75,19118.75,8778.0,0.0,0.0,146990.2,150907.5,297897.7
2024-03-13,148238.4,4205.2,7115.9,141122.5,127703.75,19874.0,9376.5,0.0,0.0,152443.6,156954.25,309397.85
2024-03-14,150477.5,4327.5,7293.5,143184.0,122269.75,19133.0,9585.5,0.0,0.0,154805.0,150988.25,305793.25
2024-03-15,154796.6,4202.4,7603.6,147193.0,122360.0,16729.5,9561.75,0.0,0.0,158999.0,148651.25,307650.25
2024-03-16,125518.6,3624.8,6103.6,119415.0,92435.0,10122.25,6270.0,0.0,0.0,129143.4,108827.25,237970.65000000002
2024-03-17,96174.2,2815.1,4556.2,91618.0,59546.0,7747.25,4389.0,0.0,0.0,98989.3,71682.25,170671.55
2024-03-18,101183.3,2949.6,4834.3,96349.0,64220.0,8065.5,4978.0,0.0,0.0,104132.9,77263.5,181396.40000000002
2024-03-19,163645.6,4383.2,7874.1,155771.5,121585.75,19109.25,10825.25,0.0,0.0,168028.8,151520.25,319549.05000000005
2024-03-20,147894.5,4282.8,7228.0,140666.5,123405.0,18007.25,11053.25,0.0,0.0,152177.3,152465.5,304642.8
2024-03-21,149011.7,4182.8,7214.7,141797.0,122569.0,18216.25,10967.75,0.0,0.0,153194.5,151753.0,304947.5
2024-03-22,151841.1,4792.3,7317.6,144523.5,119443.5,16463.5,10659.0,0.0,0.0,156633.4,146566.0,303199.4
2024-03-23,128381.1,3791.7,6230.1,122151.0,95451.25,9989.25,7443.25,0.0,0.0,132172.8,112883.75,245056.55000000002
2024-03-24,95288.6,2887.8999999999996,4658.6,90630.0,58738.5,6664.25,4911.5,0.0,0.0,98176.5,70314.25,168490.75
2024-03-25,130440.6,3635.3,6256.6,124184.0,102272.25,10782.5,7723.5,0.0,0.0,134075.9,120778.25,254854.15
2024-03-26,121389.2,3289.1,5869.2,115520.0,101863.75,10659.0,7467.0,0.0,0.0,124678.3,119989.75,244668.05
2024-03-27,122109.6,3522.5,5848.6,116261.0,102690.25,9984.5,7476.5,0.0,0.0,125632.1,120151.25,245783.35
2024-03-28,113049.1,3116.1,5423.6,107625.5,87485.5,8540.5,6517.0,0.0,0.0,116165.2,102543.0,218708.2
2024-03-29,89640.3,2625.7,4140.3,85500.0,62685.75,5942.25,4474.5,0.0,0.0,92266.0,73102.5,165368.5
2024-03-30,101855.4,2907.0,4841.4,97014.0,67469.0,7082.25,5263.0,0.0,0.0,104762.4,79814.25,184576.65
2024-03-31,93432.6,2788.3,4446.1,88986.5,57332.5,6768.75,4740.5,0.0,0.0,96220.9,68841.75,165062.65000000002
2024-04-01,128594.6,3684.4,6101.6,122493.0,100552.75,11067.5,7300.75,0.0,0.0,132279.0,118921.0,251200.0
2024-04-02,119340.9,3541.9,5758.9,113582.0,108371.25,10849.0,7462.25,0.0,0.0,122882.8,126682.5,249565.3
2024-04-03,120634.1,3487.9,5779.1,114855.0,108176.5,10416.75,7224.75,0.0,0.0,124122.0,125818.0,249940.0
2024-04-04,119128.8,3170.0,5651.3,113477.5,107464.0,10388.25,7372.0,0.0,0.0,122298.8,125224.25,247523.05
2024-04-05,130597.70000000001,3704.6,6147.7,124450.0,110233.25,10839.5,7927.75,0.0,0.0,134302.3,129000.5,263302.80000000005
2024-04-06,118671.9,3402.4,5688.4,112983.5,86706.5,8835.0,6450.5,0.0,0.0,122074.3,101992.0,224066.3
2024-04-07,97276.4,2972.8999999999996,4603.9,92672.5,58947.5,6911.25,4873.5,0.0,0.0,100249.3,70732.25,170981.55
2024-04-08,140644.9,3244.9,6856.4,133788.5,106290.75,14582.5,10397.75,0.0,0.0,143889.8,131271.0,275160.8
2024-04-09,146895.0,4169.3,7102.5,139792.5,120436.25,17423.0,11803.75,0.0,0.0,151064.3,149663.0,300727.3
2024-04-10,145057.1,3796.0,7069.6,137987.5,119443.5,16553.75,11243.25,0.0,0.0,148853.1,147240.5,296093.6
2024-04-11,142596.4,3811.1,6993.4,135603.0,120441.0,16796.0,11580.5,0.0,0.0,146407.5,148817.5,295225.0
2024-04-12,146135.7,3963.1,7160.200000000001,138975.5,117795.25,15694.0,10744.5,0.0,0.0,150098.8,144233.75,294332.55000000005
2024-04-13,126601.7,3438.0,6094.2,120507.5,91713.0,10255.25,7319.75,0.0,0.0,130039.7,109288.0,239327.7
2024-04-14,95173.6,2629.5,4591.1,90582.5,58700.5,6702.25,4916.25,0.0,0.0,97803.1,70319.0,168122.1
2024-04-15,149782.9,4042.9,7206.9,142576.0,113097.5,15998.0,11115.0,0.0,0.0,153825.8,140210.5,294036.3
2024-04-16,146963.6,4055.3,7247.1,139716.5,121666.5,17057.25,11860.75,0.0,0.0,151018.9,150584.5,301603.4
2024-04-17,139788.6,4070.7,6912.1,132876.5,120412.5,16544.25,11233.75,0.0,0.0,143859.3,148190.5,292049.80000000005
2024-04-18,142926.8,4251.5,7010.3,135916.5,120089.5,16748.5,11276.5,0.0,0.0,147178.3,148114.5,295292.8
2024-04-19,148837.4,4026.3,7401.4,141436.0,116569.75,16321.0,10858.5,0.0,0.0,152863.7,143749.25,296612.94999999995
2024-04-20,121197.4,3985.8,5876.9,115320.5,93679.5,10184.0,6821.0,0.0,0.0,125183.20000000001,110684.5,235867.7
2024-04-21,89950.4,2827.8999999999996,4298.4,85652.0,59717.0,7077.5,4811.75,0.0,0.0,92778.3,71606.25,164384.55
2024-04-22,154817.8,4115.9,7453.8,147364.0,113154.5,16815.0,11661.25,0.0,0.0,158933.7,141630.75,300564.44999999995
2024-04-23,145403.1,4137.9,6921.6,138481.5,119282.0,17313.75,10982.0,0.0,0.0,149541.0,147577.75,297118.75
2024-04-24,142138.1,3641.1,6810.6,135327.5,118517.25,16501.5,10872.75,0.0,0.0,145779.2,145891.5,291670.7
2024-04-25,144071.7,3797.1,7091.2,136980.5,119771.25,16530.0,11115.0,0.0,0.0,147868.8,147416.25,295285.05000000005
2024-04-26,150248.2,3765.8,7225.7,143022.5,117619.5,15656.0,10796.75,0.0,0.0,154014.0,144072.25,298086.25
2024-04-27,128696.7,3711.3,6203.7,122493.0,92805.5,10450.0,7234.25,0.0,0.0,132408.0,110489.75,242897.75
2024-04-28,93413.3,2680.7,4531.3,88882.0,58140.0,7020.5,4921.0,0.0,0.0,96094.0,70081.5,166175.5
2024-04-29,156420.7,4067.6000000000004,7527.2,148893.5,111748.5,16696.25,11148.25,0.0,0.0,160488.3,139593.0,300081.30000000005
2024-04-30,151624.2,4111.5,7385.7,144238.5,115225.5,16387.5,10896.5,0.0,0.0,155735.7,142509.5,298245.2
2024-05-01,94605.1,2835.9,4564.1,90041.0,65635.5,7547.75,4973.25,0.0,0.0,97441.0,78156.5,175597.5
2024-05-02,153753.3,4135.1,7529.3,146224.0,118707.25,17836.25,11884.5,0.0,0.0,157888.4,148428.0,306316.4
2024-05-03,152795.0,4036.5,7350.0,145445.0,117847.5,16359.0,10478.5,0.0,0.0,156831.5,144685.0,301516.5
2024-05-04,124422.3,3394.7,6023.8,118398.5,91276.0,10549.75,6265.25,0.0,0.0,127817.0,108091.0,235908.0
2024-05-05,100735.3,3128.9,4984.8,95750.5,60610.0,7714.0,4479.25,0.0,0.0,103864.2,72803.25,176667.45
2024-05-06,155884.5,3905.0,7713.0,148171.5,113344.5,17057.25,10872.75,0.0,0.0,159789.5,141274.5,301064.0
2024-05-07,146699.8,3981.3,7087.8,139612.0,118042.25,16886.25,10644.75,0.0,0.0,150681.1,145573.25,296254.35
2024-05-08,149007.7,3959.3,7191.700000000001,141816.0,119491.0,17408.75,10858.5,0.0,0.0,152967.0,147758.25,300725.25
2024-05-09,148910.5,3838.9,7237.0,141673.5,119282.0,17114.25,10549.75,0.0,0.0,152749.4,146946.0,299695.4
2024-05-10,143204.1,3713.5,6993.1,136211.0,105459.5,13005.5,7609.5,0.0,0.0,146917.6,126074.5,272992.1
2024-05-11,118105.4,3286.5,5739.4,112366.0,86269.5,9452.5,5833.0,0.0,0.0,121391.9,101555.0,222946.9
2024-05-12,97291.0,3074.2999999999997,4742.0,92549.0,57475.0,6616.75,4284.5,0.0,0.0,100365.3,68376.25,168741.55
2024-05-13,155779.9,4028.6,7522.9,148257.0,109824.75,16278.25,10464.25,0.0,0.0,159808.5,136567.25,296375.75
2024-05-14,138129.4,3780.0,6649.4,131480.0,112874.25,15708.25,9718.5,0.0,0.0,141909.4,138301.0,280210.4
2024-05-15,118260.3,3281.9,5609.3,112651.0,104865.75,11210.0,6849.5,0.0,0.0,121542.2,122925.25,244467.45
2024-05-16,149484.8,3715.3,7222.3,142262.5,117586.25,16948.0,10383.5,0.0,0.0,153200.1,144917.75,298117.85
2024-05-17,149746.8,3937.1000000000004,7322.8,142424.0,118436.5,15589.5,8934.75,0.0,0.0,153683.9,142960.75,296644.65
2024-05-18,125637.4,3967.8,6051.4,119586.0,93589.25,9533.25,6141.75,0.0,0.0,129605.2,109264.25,238869.45
2024-05-19,98978.8,2862.0,4738.8,94240.0,57118.75,7044.25,4232.25,0.0,0.0,101840.8,68395.25,170236.05
2024-05-20,153659.4,3754.9,7368.9,146290.5,113216.25,17408.75,10017.75,0.0,0.0,157414.3,140642.75,298057.05
2024-05-21,151186.8,4292.9,7356.8,143830.0,119548.0,17223.5,10146.0,0.0,0.0,155479.7,146917.5,302397.19999999995
2024-05-22,147697.7,3905.3,7154.700000000001,140543.0,119258.25,17693.75,10179.25,0.0,0.0,151603.0,147131.25,298734.25
2024-05-23,149315.2,3714.7,7318.7,141996.5,121020.5,17731.75,9609.25,0.0,0.0,153029.9,148361.5,301391.4
2024-05-24,153262.6,3931.4,7418.6,145844.0,117315.5,16211.75,8721.0,0.0,0.0,157194.0,142248.25,299442.25
2024-05-25,123458.7,3494.3999999999996,5962.7,117496.0,90159.75,10174.5,5799.75,0.0,0.0,126953.1,106134.0,233087.09999999998
2024-05-26,102230.3,3131.8,4940.8,97289.5,56083.25,6835.25,3823.75,0.0,0.0,105362.1,66742.25,172104.35
2024-05-27,164177.6,4218.9,7921.6,156256.0,112727.0,16805.5,9390.75,0.0,0.0,168396.5,138923.25,307319.75
2024-05-28,150222.7,4051.3,7276.2,142946.5,114503.5,16786.5,8944.25,0.0,0.0,154274.0,140234.25,294508.25
2024-05-29,148907.9,4407.700000000001,7196.4,141711.5,115767.0,16568.0,8858.75,0.0,0.0,153315.6,141193.75,294509.35
2024-05-30,150258.3,4412.0,7330.8,142927.5,115396.5,16349.5,8749.5,0.0,0.0,154670.3,140495.5,295165.8
2024-05-31,148666.8,4350.1,7268.8,141398.0,115463.0,15608.5,8108.25,0.0,0.0,153016.9,139179.75,292196.65
2024-06-01,130729.1,3946.1,6250.6,124478.5,92017.0,11153.0,5771.25,0.0,0.0,134675.2,108941.25,243616.45
2024-06-02,105562.7,3556.9,5138.2,100424.5,66215.0,8293.5,4161.0,0.0,0.0,109119.6,78669.5,187789.09999999998
2024-06-03,157648.0,4262.3,7671.5,149976.5,109725.0,16658.25,8445.5,0.0,0.0,161910.3,134828.75,296739.05
2024-06-04,142726.8,3764.8,6895.8,135831.0,113363.5,16036.0,7918.25,0.0,0.0,146491.6,137317.75,283809.35
2024-06-05,142743.7,3929.3,6979.2,135764.5,118750.0,16221.25,7718.75,0.0,0.0,146673.0,142690.0,289363.0
2024-06-06,141797.8,4099.9,6869.3,134928.5,114693.5,15447.0,7272.25,0.0,0.0,145897.7,137412.75,283310.44999999995
2024-06-07,140564.3,4170.5,6851.8,133712.5,112285.25,14706.0,6175.0,0.0,0.0,144734.8,133166.25,277901.05
2024-06-08,121330.1,3557.9,5857.6,115472.5,88540.0,10298.0,4621.75,0.0,0.0,124888.0,103459.75,228347.75
2024-06-09,97923.0,3022.0,4785.0,93138.0,58097.25,7899.25,3747.75,0.0,0.0,100945.0,69744.25,170689.25
2024-06-10,140735.3,3698.9,6709.3,134026.0,104975.0,12392.75,5875.75,0.0,0.0,144434.2,123243.5,267677.69999999995
2024-06-11,137439.3,3887.9,6709.8,130729.5,113491.75,15152.5,6944.5,0.0,0.0,141327.2,135588.75,276915.94999999995
2024-06-12,135510.2,4677.1,6756.7,128753.5,115534.25,14976.75,7129.75,0.0,0.0,140187.3,137640.75,277828.05000000005
2024-06-13,130104.7,4637.5,6481.200000000001,123623.5,111235.5,14687.0,6612.0,0.0,0.0,134742.2,132534.5,267276.7
2024-06-14,143544.5,5223.8,7048.5,136496.0,113320.75,14653.75,6251.0,0.0,0.0,148768.3,134225.5,282993.8
2024-06-15,129883.5,4592.0,6583.0,123300.5,94909.75,11233.75,4769.0,0.0,0.0,134475.5,110912.5,245388.0
2024-06-16,107659.9,4054.8999999999996,5363.9,102296.0,61664.5,8037.0,3415.25,0.0,0.0,111714.8,73116.75,184831.55
2024-06-17,141706.9,5457.0,7072.9,134634.0,106058.0,15580.0,6369.75,0.0,0.0,147163.9,128007.75,275171.65
2024-06-18,134213.6,5545.6,6837.6,127376.0,116137.5,15138.25,6574.0,0.0,0.0,139759.2,137849.75,277608.95
2024-06-19,129418.40000000001,5348.5,6649.900000000001,122768.5,116156.5,15565.75,6346.0,0.0,0.0,134766.9,138068.25,272835.15
2024-06-20,124748.1,5237.1,6416.1,118332.0,111344.75,14397.25,5647.75,0.0,0.0,129985.2,131389.75,261374.95
2024-06-21,133256.1,5713.0,6906.1,126350.0,111458.75,14378.25,5638.25,0.0,0.0,138969.1,131475.25,270444.35
2024-06-22,121204.8,5087.8,6150.3,115054.5,91371.0,10782.5,4308.25,0.0,0.0,126292.6,106461.75,232754.35
2024-06-23,90689.6,3912.1,4686.1,86003.5,57432.25,7899.25,3401.0,0.0,0.0,94601.7,68732.5,163334.2
2024-06-24,134141.8,5538.8,6917.8,127224.0,106034.25,14620.5,5453.0,0.0,0.0,139680.6,126107.75,265788.35
2024-06-25,127603.1,6071.1,6763.1,120840.0,112437.25,15228.5,5548.0,0.0,0.0,133674.2,133213.75,266887.95
2024-06-26,124861.9,6294.3,6672.4,118189.5,115078.25,15784.25,6099.0,0.0,0.0,131156.2,136961.5,268117.69999999995
2024-06-27,125361.3,6158.0,6468.8,118892.5,113401.5,15057.5,5662.0,0.0,0.0,131519.3,134121.0,265640.3
2024-06-28,132945.9,6287.7,7061.4,125884.5,108708.5,14577.75,5543.25,0.0,0.0,139233.6,128829.5,268063.1
2024-06-29,119137.8,5635.9,6211.3,112926.5,88777.5,11005.75,4066.0,0.0,0.0,124773.7,103849.25,228622.95
2024-06-30,97197.6,4916.8,5180.6,92017.0,61175.25,8426.5,3505.5,0.0,0.0,102114.4,73107.25,175221.65000000002
2024-07-01,139966.5,6396.8,7280.0,132686.5,109782.0,16558.5,5885.25,0.0,0.0,146363.3,132225.75,278589.05
2024-07-02,133266.0,6052.8,7068.0,126198.0,113140.25,15656.0,5448.25,0.0,0.0,139318.8,134244.5,273563.3
2024-07-03,126790.3,5615.3,6767.3,120023.0,114228.0,16002.75,5058.75,0.0,0.0,132405.6,135289.5,267695.1
2024-07-04,133326.8,5964.6,6919.8,126407.0,114536.75,15480.25,5301.0,0.0,0.0,139291.4,135318.0,274609.4
2024-07-05,137082.3,6309.5,7302.8,129779.5,113145.0,15656.0,5524.25,0.0,0.0,143391.8,134325.25,277717.05
2024-07-06,118899.8,5369.1,6087.3,112812.5,90145.5,11286.0,3909.25,0.0,0.0,124268.9,105340.75,229609.65000000002
2024-07-07,97690.2,4746.0,5245.7,92444.5,59683.75,8583.25,3087.5,0.0,0.0,102436.2,71354.5,173790.7
2024-07-08,141423.7,6038.1,7502.2,133921.5,110404.25,16131.0,5519.5,0.0,0.0,147461.8,132054.75,279516.55000000005
2024-07-09,135983.1,6328.5,7229.6,128753.5,113995.25,15684.5,4944.75,0.0,0.0,142311.6,134624.5,276936.1
2024-07-10,128848.4,5654.5,6849.4,121999.0,114299.25,15114.5,5301.0,0.0,0.0,134502.9,134714.75,269217.65
2024-07-11,125737.8,6027.3,6588.8,119149.0,112551.25,15048.0,4864.0,0.0,0.0,131765.1,132463.25,264228.35
2024-07-12,132959.2,6041.2,6856.2,126103.0,113054.75,14986.25,4973.25,0.0,0.0,139000.4,133014.25,272014.65
2024-07-13,125617.6,6120.9,6791.6,118826.0,90121.75,11761.0,4132.5,0.0,0.0,131738.5,106015.25,237753.75
2024-07-14,94285.6,4444.4,4947.6,89338.0,60035.25,8592.75,2978.25,0.0,0.0,98730.0,71606.25,170336.25
2024-07-15,143366.2,5919.4,7592.2,135774.0,110703.5,15770.0,5215.5,0.0,0.0,149285.6,131689.0,280974.6
2024-07-16,129491.0,5608.9,6646.5,122844.5,112090.5,14682.25,4868.75,0.0,0.0,135099.9,131641.5,266741.4
2024-07-17,120292.3,5738.7,6254.3,114038.0,110342.5,14473.25,4512.5,0.0,0.0,126031.0,129328.25,255359.25
2024-07-18,127386.6,6061.7,6746.1,120640.5,112959.75,14292.75,4512.5,0.0,0.0,133448.3,131765.0,265213.30000000005
2024-07-19,132306.2,5962.8,7010.7,125295.5,111796.0,14919.75,4403.25,0.0,0.0,138269.0,131119.0,269388.0
2024-07-20,116428.9,5163.7,6162.4,110266.5,87932.0,10388.25,2987.75,0.0,0.0,121592.6,101308.0,222900.59999999998
2024-07-21,93016.1,4724.3,4846.6,88169.5,56582.0,7970.5,2807.25,0.0,0.0,97740.4,67359.75,165100.15000000002
2024-07-22,133926.1,5747.7,6911.1,127015.0,110067.0,15385.25,4636.0,0.0,0.0,139673.8,130088.25,269762.05000000005
2024-07-23,124414.5,5434.1,6367.5,118047.0,110869.75,14549.25,4203.75,0.0,0.0,129848.6,129622.75,259471.35
2024-07-24,128940.8,5862.3,6675.8,122265.0,114166.25,14425.75,4246.5,0.0,0.0,134803.1,132838.5,267641.6
2024-07-25,127728.9,5597.4,6594.4,121134.5,111102.5,14183.5,3795.25,0.0,0.0,133326.3,129081.25,262407.55
2024-07-26,138118.0,5676.8,7103.5,131014.5,114874.0,14558.75,4175.25,0.0,0.0,143794.8,133608.0,277402.8
2024-07-27,130993.4,5548.6,6742.9,124250.5,94297.0,12221.75,3472.25,0.0,0.0,136542.0,109991.0,246533.0
2024-07-28,96555.3,4606.1,5022.8,91532.5,59099.5,8474.0,2617.25,0.0,0.0,101161.4,70190.75,171352.15000000002
2024-07-29,142239.2,6701.2,7567.2,134672.0,109269.0,14592.0,4322.5,0.0,0.0,148940.4,128183.5,277123.9
2024-07-30,127977.7,5772.4,6539.2,121438.5,113031.0,14202.5,3961.5,0.0,0.0,133750.1,131195.0,264945.1
2024-07-31,129230.8,6050.1,6661.8,122569.0,115249.25,15000.5,4222.75,0.0,0.0,135280.9,134472.5,269753.4
2024-08-01,133907.8,6701.9,7177.8,126730.0,117605.25,16287.75,4503.0,0.0,0.0,140609.7,138396.0,279005.69999999995
2024-08-02,134876.6,6620.700000000001,7054.1,127822.5,114717.25,15323.5,4384.25,0.0,0.0,141497.3,134425.0,275922.30000000005
2024-08-03,125722.6,5992.9,6697.1,119025.5,93399.25,11927.25,3325.0,0.0,0.0,131715.5,108651.5,240367.0
2024-08-04,98982.2,4696.5,5217.2,93765.0,62220.25,8640.25,2569.75,0.0,0.0,103678.7,73430.25,177108.95
2024-08-05,142189.6,6525.7,7517.6,134672.0,112513.25,15086.0,4037.5,0.0,0.0,148715.3,131636.75,280352.05000000005
2024-08-06,128610.3,5785.2,6677.8,121932.5,114137.75,14791.5,3814.25,0.0,0.0,134395.5,132743.5,267139.0
2024-08-07,132813.7,5995.1,7014.7,125799.0,118218.0,15371.0,4051.75,0.0,0.0,138808.8,137640.75,276449.55000000005
2024-08-08,127459.5,5639.0,6629.0,120830.5,113862.25,14820.0,3904.5,0.0,0.0,133098.5,132586.75,265685.25
2024-08-09,139843.7,5803.1,7233.2,132610.5,116094.75,14744.0,3676.5,0.0,0.0,145646.8,134515.25,280162.05000000005
2024-08-10,123773.4,6021.0,6638.4,117135.0,94563.0,11946.25,3073.25,0.0,0.0,129794.4,109582.5,239376.9
2024-08-11,99364.7,4395.4,5305.2,94059.5,61427.0,8702.0,2346.5,0.0,0.0,103760.1,72475.5,176235.59999999998
2024-08-12,159384.6,5984.8,8315.6,151069.0,120873.25,19864.5,5562.25,0.0,0.0,165369.40000000002,146300.0,311669.4
2024-08-13,145731.9,5877.5,7782.4,137949.5,123300.5,19679.25,5286.75,0.0,0.0,151609.40000000002,148266.5,299875.9
2024-08-14,149064.4,6116.3,7846.9,141217.5,124055.75,19622.25,4949.5,0.0,0.0,155180.7,148627.5,303808.19999999995
2024-08-15,153121.9,6796.0,7999.9,145122.0,126763.25,19831.25,5030.25,0.0,0.0,159917.9,151624.75,311542.65
2024-08-16,165934.7,7653.4,8633.7,157301.0,127428.25,19389.5,5006.5,0.0,0.0,173588.1,151824.25,325412.35
2024-08-17,127803.7,6107.5,6811.7,120992.0,96520.0,12768.0,3059.0,0.0,0.0,133911.2,112347.0,246258.2
2024-08-18,94354.9,4350.7,5168.9,89186.0,60101.75,8402.75,2161.25,0.0,0.0,98705.6,70665.75,169371.34999999998
2024-08-19,163067.8,6537.9,8502.8,154565.0,120255.75,19883.5,5058.75,0.0,0.0,169605.7,145198.0,314803.69999999995
2024-08-20,147709.0,6689.6,7916.5,139792.5,122616.5,19147.25,4650.25,0.0,0.0,154398.6,146414.0,300812.6
2024-08-21,150727.8,7111.700000000001,8218.3,142509.5,128539.75,20434.5,5011.25,0.0,0.0,157839.5,153985.5,311825.0
2024-08-22,150561.5,6985.7,8109.0,142452.5,129546.75,20562.75,4446.0,0.0,0.0,157547.2,154555.5,312102.7
2024-08-23,161803.5,7268.2,8692.0,153111.5,125993.75,20092.5,4930.5,0.0,0.0,169071.7,151016.75,320088.45
2024-08-24,135116.1,6159.0,7274.6,127841.5,97674.25,13623.0,3101.75,0.0,0.0,141275.1,114399.0,255674.1
2024-08-25,101471.8,5034.7,5407.8,96064.0,62852.0,8716.25,2118.5,0.0,0.0,106506.5,73686.75,180193.25
2024-08-26,169348.1,7163.8,9121.1,160227.0,123238.75,21099.5,4693.0,0.0,0.0,176511.9,149031.25,325543.15
2024-08-27,151377.30000000002,6848.4,8031.8,143345.5,128169.25,20710.0,4807.0,0.0,0.0,158225.7,153686.25,311911.95
2024-08-28,154900.7,7661.1,8344.2,146556.5,132615.25,21313.25,4550.5,0.0,0.0,162561.8,158479.0,321040.80000000005
2024-08-29,153565.0,7054.0,8167.5,145397.5,128259.5,20163.75,4260.75,0.0,0.0,160619.0,152684.0,313303.0
2024-08-30,161279.8,8161.4,8576.8,152703.0,127817.75,20301.5,4270.25,0.0,0.0,169441.2,152389.5,321830.69999999995
2024-08-31,132752.7,6914.5,7124.7,125628.0,99593.25,15342.5,318.25,0.0,0.0,139667.2,115254.0,254921.2
2024-09-01,99691.9,5348.3,5318.9,94373.0,62548.0,10773.0,118.75,0.0,0.0,105040.2,73439.75,178479.95
2024-09-02,175384.4,7498.0,9096.4,166288.0,126464.0,24386.5,446.5,0.0,0.0,182882.4,151297.0,334179.4
2024-09-03,163094.3,6896.8,8633.8,154460.5,133826.5,24543.25,774.25,0.0,0.0,169991.1,159144.0,329135.1
2024-09-04,161738.1,6691.5,8408.1,153330.0,134068.75,24486.25,1059.25,0.0,0.0,168429.6,159614.25,328043.85
2024-09-05,157748.9,7146.4,8313.9,149435.0,130463.5,23769.0,1125.75,0.0,0.0,164895.30000000002,155358.25,320253.55
2024-09-06,167292.0,7304.9,8946.0,158346.0,133703.0,22885.5,1444.0,0.0,0.0,174596.9,158032.5,332629.4
2024-09-07,132980.1,6368.200000000001,7086.1,125894.0,99037.5,14953.0,1130.5,0.0,0.0,139348.3,115121.0,254469.30000000002
2024-09-08,96412.5,4803.3,5241.0,91171.5,63236.75,9718.5,760.0,0.0,0.0,101215.8,73715.25,174931.05
2024-09-09,177991.7,8038.0,9452.2,168539.5,133028.5,24400.75,1372.75,0.0,0.0,186029.7,158802.0,344831.7
2024-09-10,161752.3,7365.8,8669.3,153083.0,133859.75,23626.5,1800.25,0.0,0.0,169118.1,159286.5,328404.6
2024-09-11,156576.80000000002,6879.8,8243.8,148333.0,137232.25,23142.0,1800.25,0.0,0.0,163456.6,162174.5,325631.1
2024-09-12,162762.5,7842.3,8767.5,153995.0,135845.25,23332.0,2161.25,0.0,0.0,170604.8,161338.5,331943.3
2024-09-13,168288.3,7936.3,9163.3,159125.0,132192.5,22220.5,2460.5,0.0,0.0,176224.6,156873.5,333098.1
2024-09-14,136116.5,6805.2,7439.0,128677.5,99232.25,13865.25,1795.5,0.0,0.0,142921.7,114893.0,257814.7
2024-09-15,93204.29999999999,5642.9,5082.299999999999,88122.0,62320.0,8820.75,1244.5,0.0,0.0,98847.2,72385.25,171232.44999999998
2024-09-16,93049.3,4697.4,4984.3,88065.0,60880.75,8735.25,1163.75,0.0,0.0,97746.7,70779.75,168526.45
2024-09-17,170282.2,7484.6,9067.2,161215.0,130686.75,22472.25,2916.5,0.0,0.0,177766.8,156075.5,333842.30000000005
2024-09-18,159667.2,7215.7,8569.7,151097.5,132919.25,22866.5,3025.75,0.0,0.0,166882.9,158811.5,325694.4
2024-09-19,154583.3,7703.3,8520.8,146062.5,134510.5,22766.75,3486.5,0.0,0.0,162286.6,160763.75,323050.35
2024-09-20,157727.5,7345.700000000001,8501.5,149226.0,131874.25,20786.0,3201.5,0.0,0.0,165073.2,155861.75,320934.95
2024-09-21,135425.5,6284.3,7356.0,128069.5,101455.25,13737.0,2508.0,0.0,0.0,141709.8,117700.25,259410.05
2024-09-22,93504.0,4556.2,5087.5,88416.5,61199.0,8987.0,1643.5,0.0,0.0,98060.2,71829.5,169889.7
2024-09-23,170666.7,7545.3,9214.2,161452.5,127974.5,22196.75,3353.5,0.0,0.0,178212.0,153524.75,331736.75
2024-09-24,156810.7,6900.4,8230.7,148580.0,134643.5,21284.75,4047.0,0.0,0.0,163711.1,159975.25,323686.35
2024-09-25,154138.4,7269.8,8332.4,145806.0,132610.5,21508.0,4322.5,0.0,0.0,161408.2,158441.0,319849.19999999995
2024-09-26,153753.3,7235.6,8260.8,145492.5,130069.25,20553.25,4180.0,0.0,0.0,160988.9,154802.5,315791.4
2024-09-27,146244.4,6937.9,7800.9,138443.5,124801.5,18387.25,4237.0,0.0,0.0,153182.3,147425.75,300608.05
2024-09-28,125398.4,6612.5,6838.4,118560.0,95052.25,11547.25,2878.5,0.0,0.0,132010.9,109478.0,241488.9
2024-09-29,94271.4,5273.0,5094.9,89176.5,61845.0,8360.0,2427.25,0.0,0.0,99544.4,72632.25,172176.65
2024-09-30,162178.9,7008.200000000001,8715.9,153463.0,117771.5,18938.25,4360.5,0.0,0.0,169187.1,141070.25,310257.35
2024-10-01,96494.9,5385.2,5266.4,91228.5,73164.25,9115.25,2797.75,0.0,0.0,101880.1,85077.25,186957.34999999998
2024-10-02,164024.5,7376.9,8851.5,155173.0,131793.5,22890.25,5301.0,0.0,0.0,171401.4,159984.75,331386.15
2024-10-03,155402.9,6904.6,8390.4,147012.5,132976.25,21755.0,5006.5,0.0,0.0,162307.5,159737.75,322045.25
2024-10-04,156908.0,7058.9,8356.5,148551.5,131100.0,20325.25,5728.5,0.0,0.0,163966.9,157153.75,321120.65
2024-10-05,128673.0,6252.3,6911.5,121761.5,98415.25,12568.5,4047.0,0.0,0.0,134925.3,115030.75,249956.05
2024-10-06,90207.5,4866.4,4888.0,85319.5,60833.25,7709.25,2755.0,0.0,0.0,95073.90000000001,71297.5,166371.4
2024-10-07,160804.0,7366.1,8861.0,151943.0,126193.25,19954.75,5590.75,0.0,0.0,168170.1,151738.75,319908.85
2024-10-08,143597.5,6561.6,7776.0,135821.5,125404.75,19137.75,5899.5,0.0,0.0,150159.1,150442.0,300601.1
2024-10-09,144626.1,6412.2,7740.6,136885.5,126820.25,19779.0,6379.25,0.0,0.0,151038.3,152978.5,304016.80000000005
2024-10-10,149006.3,6791.4,7959.8,141046.5,128430.5,19351.5,6422.0,0.0,0.0,155797.7,154204.0,310001.69999999995
2024-10-11,161376.1,6960.5,8435.6,152940.5,124849.0,17869.5,6493.25,0.0,0.0,168336.6,149211.75,317548.35
2024-10-12,123359.4,5459.1,6651.9,116707.5,93655.75,10454.75,3828.5,0.0,0.0,128818.5,107939.0,236757.5
2024-10-13,92528.4,4442.6,5156.9,87371.5,61712.0,7566.75,3268.0,0.0,0.0,96971.0,72546.75,169517.75
2024-10-14,161320.8,7091.0,8522.8,152798.0,120901.75,18677.0,7015.75,0.0,0.0,168411.8,146594.5,315006.3
2024-10-15,145780.7,6416.0,7783.700000000001,137997.0,130743.75,18126.0,7087.0,0.0,0.0,152196.7,155956.75,308153.45
2024-10-16,148160.8,6139.3,7684.3,140476.5,126934.25,17570.25,7319.75,0.0,0.0,154300.1,151824.25,306124.35
2024-10-17,160661.7,6821.1,8633.2,152028.5,133080.75,17874.25,7823.25,0.0,0.0,167482.8,158778.25,326261.05000000005
2024-10-18,156487.1,6699.7,8353.6,148133.5,127513.75,17256.75,7766.25,0.0,0.0,163186.8,152536.75,315723.55000000005
2024-10-19,125892.0,5765.1,6733.5,119158.5,101507.5,11267.0,5334.25,0.0,0.0,131657.1,118108.75,249765.85
2024-10-20,98905.9,4547.5,5302.4,93603.5,63597.75,7671.25,3467.5,0.0,0.0,103453.4,74736.5,178189.9
2024-10-21,158059.8,6747.0,8197.3,149862.5,125851.25,16449.25,8474.0,0.0,0.0,164806.8,150774.5,315581.3
2024-10-22,147478.9,6427.5,7847.9,139631.0,132729.25,15822.25,8198.5,0.0,0.0,153906.4,156750.0,310656.4
2024-10-23,151782.6,6340.5,8152.1,143630.5,130036.0,16563.25,8991.75,0.0,0.0,158123.1,155591.0,313714.1
2024-10-24,157368.1,6853.4,8037.6,149330.5,131708.0,16373.25,8749.5,0.0,0.0,164221.5,156830.75,321052.25
2024-10-25,159644.2,6548.3,8223.7,151420.5,130007.5,16002.75,8844.5,0.0,0.0,166192.5,154854.75,321047.25
2024-10-26,131765.1,5804.7,7030.1,124735.0,100453.0,9804.0,5970.75,0.0,0.0,137569.8,116227.75,253797.55000000002
2024-10-27,100128.7,4310.3,5252.2,94876.5,66599.75,6949.25,3956.75,0.0,0.0,104439.0,77505.75,181944.75
2024-10-28,167235.8,6369.7,8718.8,158517.0,127152.75,16387.5,10103.25,0.0,0.0,173605.5,153643.5,327249.0
2024-10-29,158141.7,6786.5,8317.2,149824.5,133883.5,16577.5,10046.25,0.0,0.0,164928.2,160507.25,325435.45
2024-10-30,153908.8,6718.9,8064.8,145844.0,132724.5,15846.0,9960.75,0.0,0.0,160627.7,158531.25,319158.94999999995
2024-10-31,149389.8,6156.5,8048.8,141341.0,123447.75,15019.5,9115.25,0.0,0.0,155546.3,147582.5,303128.8
2024-11-01,158626.3,6544.5,8355.3,150271.0,126335.75,16458.75,10198.25,0.0,0.0,165170.8,152992.75,318163.55
2024-11-02,132831.8,5510.0,6966.3,125865.5,96904.75,9984.5,6374.5,0.0,0.0,138341.8,113263.75,251605.55
2024-11-03,97241.5,4084.2,5072.5,92169.0,63688.0,7158.25,4474.5,0.0,0.0,101325.7,75320.75,176646.45
2024-11-04,166808.7,6149.7,8795.2,158013.5,129038.5,16753.25,10901.25,0.0,0.0,172958.4,156693.0,329651.4
2024-11-05,157829.0,6095.3,8327.5,149501.5,134572.25,16116.75,10986.75,0.0,0.0,163924.3,161675.75,325600.05
2024-11-06,156078.8,6288.5,8068.8,148010.0,136158.75,16292.5,10986.75,0.0,0.0,162367.3,163438.0,325805.3
2024-11-07,158371.8,6625.8,8433.3,149938.5,135023.5,16159.5,11499.75,0.0,0.0,164997.6,162682.75,327680.35
2024-11-08,161672.09999999998,5947.6,8351.6,153320.5,131731.75,15717.75,11290.75,0.0,0.0,167619.7,158740.25,326359.94999999995
2024-11-09,133756.2,5507.3,6997.7,126758.5,101132.25,9680.5,7581.0,0.0,0.0,139263.5,118393.75,257657.25
2024-11-10,101941.0,3872.3,5193.0,96748.0,64248.5,6925.5,4902.0,0.0,0.0,105813.3,76076.0,181889.3
2024-11-11,169502.5,6402.4,8800.5,160702.0,127608.75,16515.75,11181.5,0.0,0.0,175904.9,155306.0,331210.9
2024-11-12,152357.5,5881.700000000001,8033.5,144324.0,132966.75,16316.25,11623.25,0.0,0.0,158239.2,160906.25,319145.45
2024-11-13,159863.6,5867.1,8300.6,151563.0,132781.5,16069.25,11518.75,0.0,0.0,165730.7,160369.5,326100.2
2024-11-14,156280.9,6370.0,8109.4,148171.5,130724.75,16401.75,10996.25,0.0,0.0,162650.9,158122.75,320773.65
2024-11-15,159963.3,6199.3,8371.8,151591.5,126782.25,15594.25,10621.0,0.0,0.0,166162.6,152997.5,319160.1
2024-11-16,136349.9,5424.3,7092.9,129257.0,101555.0,10150.75,6992.0,0.0,0.0,141774.2,118697.75,260471.94999999998
2024-11-17,100184.4,4260.8,5089.4,95095.0,66732.75,6426.75,4560.0,0.0,0.0,104445.2,77719.5,182164.7
2024-11-18,103786.1,4364.1,5366.1,98420.0,71853.25,7690.25,5880.5,0.0,0.0,108150.2,85424.0,193574.2
2024-11-19,163245.1,6299.0,8537.6,154707.5,129632.25,16335.25,11632.75,0.0,0.0,169544.09999999998,157600.25,327144.35
2024-11-20,149296.7,5910.1,7803.7,141493.0,131636.75,16235.5,11195.75,0.0,0.0,155206.8,159068.0,314274.80000000005
2024-11-21,155479.6,6349.8,8144.1,147335.5,132197.25,16596.5,11048.5,0.0,0.0,161829.4,159842.25,321671.65
2024-11-22,159316.5,6126.9,8219.0,151097.5,129309.25,15599.0,10630.5,0.0,0.0,165443.4,155538.75,320982.15
2024-11-23,133904.6,5090.1,6965.6,126939.0,100966.0,10198.25,6982.5,0.0,0.0,138994.7,118146.75,257141.45
2024-11-24,101480.2,4253.9,5159.7,96320.5,63227.25,6811.5,4745.25,0.0,0.0,105734.1,74784.0,180518.09999999998
2024-11-25,167417.7,5710.7,8520.7,158897.0,124597.25,16363.75,10782.5,0.0,0.0,173128.40000000002,151743.5,324871.9
2024-11-26,157566.4,5720.200000000001,8140.9,149425.5,131157.0,16078.75,11219.5,0.0,0.0,163286.6,158455.25,321741.85
2024-11-27,155477.9,5659.5,8142.4,147335.5,131888.5,16126.25,10559.25,0.0,0.0,161137.4,158574.0,319711.4
2024-11-28,158021.0,5620.9,8120.5,149900.5,127542.25,16639.25,10250.5,0.0,0.0,163641.9,154432.0,318073.9
2024-11-29,165629.6,6736.0,8480.6,157149.0,130667.75,15879.25,10716.0,0.0,0.0,172365.6,157263.0,329628.6
2024-11-30,141452.4,5965.9,7397.9,134054.5,105773.0,10801.5,7362.5,0.0,0.0,147418.3,123937.0,271355.3
2024-12-01,111091.7,4048.5,5641.7,105450.0,68637.5,7557.25,5339.0,0.0,0.0,115140.2,81533.75,196673.95
2024-12-02,170544.9,6143.6,8864.4,161680.5,125784.75,16406.5,10953.5,0.0,0.0,176688.5,153144.75,329833.25
2024-12-03,158337.6,5200.8,8066.6,150271.0,129760.5,15128.75,10459.5,0.0,0.0,163538.4,155348.75,318887.15
2024-12-04,154899.5,5835.3,7944.0,146955.5,129841.25,15418.5,10112.75,0.0,0.0,160734.8,155372.5,316107.3
2024-12-05,152754.1,6114.1,7898.1,144856.0,128155.0,14340.25,9580.75,0.0,0.0,158868.2,152076.0,310944.2
2024-12-06,157868.2,5988.6,7901.2,149967.0,126882.0,13765.5,9167.5,0.0,0.0,163856.8,149815.0,313671.80000000005
2024-12-07,136578.2,5035.1,7036.2,129542.0,104656.75,10013.0,6498.0,0.0,0.0,141613.3,121167.75,262781.05000000005
2024-12-08,109079.4,4148.7,5576.9,103502.5,69943.75,7524.0,4797.5,0.0,0.0,113228.1,82265.25,195493.34999999998
2024-12-09,156117.2,5944.4,7974.2,148143.0,120916.0,13452.0,8597.5,0.0,0.0,162061.6,142965.5,305027.1
2024-12-10,145817.9,5542.9,7431.4,138386.5,126853.5,13428.25,8469.25,0.0,0.0,151360.8,148751.0,300111.8
2024-12-11,149753.3,5419.8,7509.8,142243.5,127371.25,13181.25,8060.75,0.0,0.0,155173.1,148613.25,303786.35
2024-12-12,143959.5,5404.5,7245.0,136714.5,123704.25,12179.0,7528.75,0.0,0.0,149364.0,143412.0,292776.0
2024-12-13,147040.1,5556.1,7513.6,139526.5,123789.75,13262.0,7899.25,0.0,0.0,152596.2,144951.0,297547.2
2024-12-14,147002.8,5444.9,7390.8,139612.0,106955.75,10597.25,6559.75,0.0,0.0,152447.7,124112.75,276560.44999999995
2024-12-15,121261.2,3824.1,6054.7,115206.5,76028.5,7690.25,4811.75,0.0,0.0,125085.3,88530.5,213615.8
2024-12-16,155755.5,4881.3,7992.5,147763.0,120802.0,12882.0,7880.25,0.0,0.0,160636.8,141564.25,302201.05
2024-12-17,146683.0,4928.5,7327.5,139355.5,123120.0,12321.5,7961.0,0.0,0.0,151611.5,143402.5,295014.0
2024-12-18,140969.3,4803.6,6962.3,134007.0,121699.75,12350.0,7229.5,0.0,0.0,145772.9,141279.25,287052.15
2024-12-19,138673.2,4649.0,6993.7,131679.5,122664.0,11514.0,6897.0,0.0,0.0,143322.2,141075.0,284397.2
2024-12-20,148233.5,4724.4,7348.5,140885.0,120265.25,11732.5,6963.5,0.0,0.0,152957.9,138961.25,291919.15
2024-12-21,140608.2,4869.1,7104.7,133503.5,104804.0,9590.25,5391.25,0.0,0.0,145477.3,119785.5,265262.80000000005
2024-12-22,119255.9,3716.4,6034.9,113221.0,76465.5,7452.75,4560.0,0.0,0.0,122972.3,88478.25,211450.55
2024-12-23,161521.1,5407.0,8162.6,153358.5,111173.75,11058.0,6721.25,0.0,0.0,166928.1,128953.0,295881.1
2024-12-24,126637.2,4168.1,6329.2,120308.0,82061.0,7785.25,4526.75,0.0,0.0,130805.3,94373.0,225178.3
2024-12-26,116701.7,3823.4,5760.7,110941.0,89808.25,8854.0,4526.75,0.0,0.0,120525.1,103189.0,223714.09999999998
2024-12-27,124010.1,4611.6,6257.6,117752.5,97465.25,12511.5,57.0,0.0,0.0,128621.70000000001,110033.75,238655.45
2024-12-28,110823.0,4348.2,5563.0,105260.0,86378.75,10796.75,0.0,0.0,0.0,115171.20000000001,97175.5,212346.7
2024-12-29,93086.4,3493.4,4755.4,88331.0,59897.5,8873.0,0.0,0.0,0.0,96579.8,68770.5,165350.3
2024-12-30,131094.4,4748.5,6672.9,124421.5,96805.0,13570.75,0.0,0.0,0.0,135842.9,110375.75,246218.65
2024-12-31,108508.7,3817.4,5414.7,103094.0,78831.0,10611.5,0.0,0.0,0.0,112326.1,89442.5,201768.59999999998
2025-01-02,119250.4,4484.3,5943.9,113306.5,92254.5,13547.0,0.0,0.0,0.0,123734.7,105801.5,229536.2
2025-01-03,121256.8,4441.8,6078.8,115178.0,100305.75,14625.25,0.0,0.0,0.0,125698.6,114931.0,240629.6
2025-01-04,116474.7,4077.7,5904.2,110570.5,87072.25,11865.5,0.0,0.0,0.0,120552.4,98937.75,219490.15
2025-01-05,92046.0,3240.2,4617.5,87428.5,58676.75,8996.5,0.0,0.0,0.0,95286.2,67673.25,162959.45
2025-01-06,138233.4,4526.3,7028.9,131204.5,109535.0,16682.0,0.0,0.0,0.0,142759.7,126217.0,268976.69999999995
2025-01-07,130131.4,3795.3,6555.4,123576.0,113767.25,16886.25,0.0,0.0,0.0,133926.7,130653.5,264580.19999999995
2025-01-08,125746.8,4154.4,6341.3,119405.5,113221.0,16411.25,0.0,0.0,0.0,129901.20000000001,129632.25,259533.45
2025-01-09,128779.0,3954.1,6371.5,122407.5,114080.75,16805.5,0.0,0.0,0.0,132733.1,130886.25,263619.35
2025-01-10,121313.7,3623.4,6050.2,115263.5,106784.75,15062.25,0.0,0.0,0.0,124937.1,121847.0,246784.09999999998
2025-01-11,112361.5,3742.6,5562.5,106799.0,92971.75,12326.25,0.0,0.0,0.0,116104.1,105298.0,221402.1
2025-01-12,88490.7,3250.3,4396.7,84094.0,59403.5,9139.0,0.0,0.0,0.0,91741.0,68542.5,160283.5
2025-01-13,142219.4,4115.0,7119.9,135099.5,113396.75,17921.75,0.0,0.0,0.0,146334.40000000002,131318.5,277652.9
2025-01-14,133024.4,4097.9,6712.4,126312.0,117876.0,17774.5,0.0,0.0,0.0,137122.3,135650.5,272772.8
2025-01-15,136776.1,3879.1,6683.1,130093.0,120474.25,18772.0,0.0,0.0,0.0,140655.2,139246.25,279901.45
2025-01-16,149867.4,4379.4,7462.4,142405.0,125172.0,22097.0,0.0,0.0,0.0,154246.8,147269.0,301515.8
2025-01-17,152890.7,4731.6,7645.200000000001,145245.5,125955.75,21978.25,0.0,0.0,0.0,157622.3,147934.0,305556.30000000005
2025-01-18,123355.9,3852.1,6173.4,117182.5,95755.25,13390.25,0.0,0.0,0.0,127208.0,109145.5,236353.5
2025-01-19,93071.1,3136.4,4721.1,88350.0,59256.25,9585.5,0.0,0.0,0.0,96207.5,68841.75,165049.25
2025-01-20,158010.5,4565.2,7882.0,150128.5,122174.75,22895.0,0.0,0.0,0.0,162575.7,145069.75,307645.45
2025-01-21,147883.3,4117.1,7235.8,140647.5,126867.75,22785.75,0.0,0.0,0.0,152000.4,149653.5,301653.9
2025-01-22,143519.0,4417.5,7089.5,136429.5,127775.0,22747.75,0.0,0.0,0.0,147936.5,150522.75,298459.25
2025-01-23,142502.0,3989.2,6956.0,135546.0,125504.5,22348.75,0.0,0.0,0.0,146491.2,147853.25,294344.45
2025-01-24,148797.6,4512.9,7418.6,141379.0,128558.75,21916.5,0.0,0.0,0.0,153310.5,150475.25,303785.75
2025-01-25,117638.1,3541.7,5775.6,111862.5,93028.75,13827.25,0.0,0.0,0.0,121179.8,106856.0,228035.8
2025-01-26,90185.5,2783.9,4448.0,85737.5,60258.5,8877.75,0.0,0.0,0.0,92969.4,69136.25,162105.65
2025-01-27,149880.3,4063.5,7408.8,142471.5,120873.25,22382.0,0.0,0.0,0.0,153943.8,143255.25,297199.05
2025-01-28,138170.2,3957.7,6842.2,131328.0,123148.5,22591.0,0.0,0.0,0.0,142127.9,145739.5,287867.4
2025-01-29,138188.4,4106.7,6869.9,131318.5,125746.75,22154.0,0.0,0.0,0.0,142295.1,147900.75,290195.85
2025-01-30,142170.0,4424.3,6994.5,135175.5,125352.5,22059.0,0.0,0.0,0.0,146594.3,147411.5,294005.8
2025-01-31,147215.3,4215.0,7299.3,139916.0,122820.75,21189.75,0.0,0.0,0.0,151430.3,144010.5,295440.8
2025-02-01,117428.4,3755.1,5831.9,111596.5,91000.5,14003.0,0.0,0.0,0.0,121183.5,105003.5,226187.0
2025-02-02,88844.7,2854.2,4361.2,84483.5,59436.75,9666.25,0.0,0.0,0.0,91698.9,69103.0,160801.9
2025-02-03,88195.8,2546.2,4358.3,83837.5,61370.0,10122.25,0.0,0.0,0.0,90742.0,71492.25,162234.25
2025-02-04,151702.1,4267.4,7511.1,144191.0,121315.0,24006.5,0.0,0.0,0.0,155969.5,145321.5,301291.0
2025-02-05,134245.6,4055.4,6698.6,127547.0,122065.5,21850.0,0.0,0.0,0.0,138301.0,143915.5,282216.5
2025-02-06,136145.1,3882.5,6793.1,129352.0,123020.25,22548.25,0.0,0.0,0.0,140027.6,145568.5,285596.1
2025-02-07,144068.3,4209.1,7125.8,136942.5,123319.5,21479.5,0.0,0.0,0.0,148277.4,144799.0,293076.4
2025-02-08,115733.1,3393.1000000000004,5580.6,110152.5,91903.0,13798.75,0.0,0.0,0.0,119126.20000000001,105701.75,224827.95
2025-02-09,93381.1,2919.7,4565.6,88815.5,58577.0,10393.0,0.0,0.0,0.0,96300.8,68970.0,165270.8
2025-02-10,154708.6,4122.0,7696.1,147012.5,119291.5,23541.0,0.0,0.0,0.0,158830.6,142832.5,301663.1
2025-02-11,144535.7,4208.2,7203.7,137332.0,124008.25,23512.5,0.0,0.0,0.0,148743.9,147520.75,296264.65
2025-02-12,147043.2,4303.3,7374.2,139669.0,124635.25,22994.75,0.0,0.0,0.0,151346.5,147630.0,298976.5
2025-02-13,148662.0,4436.0,7216.5,141445.5,127043.5,23821.25,0.0,0.0,0.0,153098.0,150864.75,303962.75
2025-02-14,154254.5,4251.5,7707.5,146547.0,125637.5,23113.5,0.0,0.0,0.0,158506.0,148751.0,307257.0
2025-02-15,125135.9,3727.0,6205.4,118930.5,98211.0,14535.0,0.0,0.0,0.0,128862.90000000001,112746.0,241608.9
2025-02-16,98954.7,3366.1,4895.2,94059.5,61973.25,9979.75,0.0,0.0,0.0,102320.8,71953.0,174273.8
2025-02-17,152208.5,4431.5,7647.0,144561.5,119339.0,23298.75,0.0,0.0,0.0,156640.0,142637.75,299277.75
2025-02-18,146037.8,4440.2,7347.3,138690.5,126383.25,23849.75,0.0,0.0,0.0,150478.0,150233.0,300711.0
2025-02-19,141127.1,4475.9,7006.1,134121.0,126307.25,24248.75,0.0,0.0,0.0,145603.0,150556.0,296159.0
2025-02-20,143279.6,4519.3,7182.6,136097.0,125024.75,23935.25,0.0,0.0,0.0,147798.9,148960.0,296758.9
2025-02-21,142237.1,4550.7,7185.1,135052.0,122725.75,22709.75,0.0,0.0,0.0,146787.8,145435.5,292223.30000000005
2025-02-22,114953.6,3980.0,5703.6,109250.0,90041.0,14136.0,0.0,0.0,0.0,118933.6,104177.0,223110.6
2025-02-23,88026.5,3078.4,4436.0,83590.5,58140.0,9675.75,0.0,0.0,0.0,91104.9,67815.75,158920.65
2025-02-24,149331.7,4442.8,7458.7,141873.0,117325.0,23080.25,0.0,0.0,0.0,153774.5,140405.25,294179.75
2025-02-25,144550.0,4282.1,7398.5,137151.5,126373.75,23631.25,0.0,0.0,0.0,148832.1,150005.0,298837.1
2025-02-26,141225.0,4318.7,7142.0,134083.0,125770.5,24196.5,0.0,0.0,0.0,145543.7,149967.0,295510.7
2025-02-27,141293.7,4306.8,7020.7,134273.0,124706.5,24457.75,0.0,0.0,0.0,145600.5,149164.25,294764.75
2025-02-28,150455.2,4534.6,7442.2,143013.0,122393.25,22947.25,0.0,0.0,0.0,154989.8,145340.5,300330.30000000005
2025-03-01,122780.9,4033.2,6082.9,116698.0,94753.0,15219.0,0.0,0.0,0.0,126814.1,109972.0,236786.09999999998
2025-03-02,92040.9,3160.4,4612.4,87428.5,58838.25,10226.75,0.0,0.0,0.0,95201.3,69065.0,164266.3
2025-03-03,155869.8,5006.1,7774.3,148095.5,118588.5,24628.75,0.0,0.0,0.0,160875.9,143217.25,304093.15
2025-03-04,142253.0,4295.8,7134.5,135118.5,123162.75,23864.0,0.0,0.0,0.0,146548.8,147026.75,293575.55
2025-03-05,136526.9,4383.0,6975.4,129551.5,121913.5,23659.75,0.0,0.0,0.0,140909.9,145573.25,286483.15
2025-03-06,138359.5,4433.4,6898.5,131461.0,122616.5,24054.0,0.0,0.0,0.0,142792.9,146670.5,289463.4
2025-03-07,152210.1,4625.0,7620.1,144590.0,122331.5,24158.5,0.0,0.0,0.0,156835.1,146490.0,303325.1
2025-03-08,122077.1,3998.4,6044.1,116033.0,88554.25,14150.25,0.0,0.0,0.0,126075.5,102704.5,228780.0
2025-03-09,86505.1,3036.1,4292.1,82213.0,58216.0,10103.25,0.0,0.0,0.0,89541.2,68319.25,157860.45
2025-03-10,156024.8,4379.1,7881.8,148143.0,120517.0,24567.0,0.0,0.0,0.0,160403.9,145084.0,305487.9
2025-03-11,140291.9,4020.0,6987.9,133304.0,119557.5,23583.75,0.0,0.0,0.0,144311.9,143141.25,287453.15
2025-03-12,142868.1,3931.3999999999996,7056.1,135812.0,124060.5,23693.0,0.0,0.0,0.0,146799.5,147753.5,294553.0
2025-03-13,147789.5,4404.8,7408.0,140381.5,122706.75,23726.25,0.0,0.0,0.0,152194.3,146433.0,298627.3
2025-03-14,150455.4,4824.2,7584.9,142870.5,120854.25,23621.75,0.0,0.0,0.0,155279.6,144476.0,299755.6
2025-03-15,124517.2,4153.7,6232.7,118284.5,92815.0,14501.75,0.0,0.0,0.0,128670.9,107316.75,235987.65
2025-03-16,93201.7,2830.3,4481.2,88720.5,57137.75,10369.25,0.0,0.0,0.0,96032.0,67507.0,163539.0
2025-03-17,91551.3,2947.9,4559.8,86991.5,59759.75,10355.0,0.0,0.0,0.0,94499.2,70114.75,164613.95
2025-03-18,157119.8,4440.5,7817.8,149302.0,119899.5,25027.75,0.0,0.0,0.0,161560.3,144927.25,306487.55
2025-03-19,143287.3,4021.8,7133.3,136154.0,124122.25,24001.75,0.0,0.0,0.0,147309.1,148124.0,295433.1
2025-03-20,144431.9,4344.5,7242.4,137189.5,122360.0,24001.75,0.0,0.0,0.0,148776.4,146361.75,295138.15
2025-03-21,146283.0,4477.5,7241.0,139042.0,120688.0,22149.25,0.0,0.0,0.0,150760.5,142837.25,293597.75
2025-03-22,118101.2,3572.3,5944.2,112157.0,91447.0,14459.0,0.0,0.0,0.0,121673.5,105906.0,227579.5
2025-03-23,90801.9,2722.4,4484.9,86317.0,55703.25,9305.25,0.0,0.0,0.0,93524.3,65008.5,158532.8
2025-03-24,154337.7,4022.9,7781.2,146556.5,117990.0,24486.25,0.0,0.0,0.0,158360.6,142476.25,300836.85
2025-03-25,149527.7,4084.7,7588.2,141939.5,125447.5,24970.75,0.0,0.0,0.0,153612.4,150418.25,304030.65
2025-03-26,147945.8,4117.0,7355.3,140590.5,124041.5,23203.75,0.0,0.0,0.0,152062.8,147245.25,299308.05
2025-03-27,145048.6,4028.5,7127.6,137921.0,124450.0,23845.0,0.0,0.0,0.0,149077.1,148295.0,297372.1
2025-03-28,156402.8,4146.3,7585.3,148817.5,127395.0,23275.0,0.0,0.0,0.0,160549.09999999998,150670.0,311219.1
2025-03-29,125863.8,3639.6000000000004,6201.8,119662.0,95712.5,14568.25,0.0,0.0,0.0,129503.40000000001,110280.75,239784.15000000002
2025-03-30,97027.2,3114.4,4820.2,92207.0,62424.5,10378.75,0.0,0.0,0.0,100141.6,72803.25,172944.84999999998
2025-03-31,153700.7,4046.4,7638.2,146062.5,116066.25,23883.0,0.0,0.0,0.0,157747.1,139949.25,297696.35
2025-04-01,142962.6,4193.1,7084.1,135878.5,120669.0,24381.75,0.0,0.0,0.0,147155.7,145050.75,292206.45
2025-04-02,141246.8,3894.7,6992.8,134254.0,121999.0,23564.75,0.0,0.0,0.0,145141.5,145563.75,290705.25
2025-04-03,140715.8,4179.3,6927.3,133788.5,120721.25,23322.5,0.0,0.0,0.0,144895.1,144043.75,288938.85
2025-04-04,144377.4,4071.8,7159.4,137218.0,117690.75,21959.25,90.25,0.0,0.0,148449.2,139740.25,288189.44999999995
2025-04-05,117434.3,3782.3,5761.8,111672.5,92601.25,14587.25,38.0,0.0,0.0,121216.6,107226.5,228443.1
2025-04-06,95218.0,3204.7,4702.0,90516.0,60405.75,10920.25,9.5,0.0,0.0,98422.7,71335.5,169758.2
2025-04-07,157063.7,4433.2,7809.2,149254.5,120612.0,24267.75,152.0,0.0,0.0,161496.90000000002,145031.75,306528.65
2025-04-08,146194.1,3984.0,7266.1,138928.0,121562.0,24025.5,152.0,0.0,0.0,150178.1,145739.5,295917.6
2025-04-09,140761.3,4340.9,6868.3,133893.0,122269.75,23469.75,147.25,0.0,0.0,145102.2,145886.75,290988.94999999995
2025-04-10,147956.8,4587.5,7347.3,140609.5,118598.0,22952.0,175.75,0.0,0.0,152544.3,141725.75,294270.05
2025-04-11,148765.0,4601.0,7386.0,141379.0,118902.0,21788.25,185.25,0.0,0.0,153366.0,140875.5,294241.5
2025-04-12,120485.2,3339.9,5962.7,114522.5,89423.5,13499.5,114.0,0.0,0.0,123825.1,103037.0,226862.09999999998
2025-04-13,86551.9,2834.6,4234.4,82317.5,56301.75,9338.5,47.5,0.0,0.0,89386.5,65687.75,155074.25
2025-04-14,121084.1,3762.8,5896.6,115187.5,98116.0,15081.25,80.75,0.0,0.0,124846.9,113278.0,238124.90000000002
2025-04-15,114752.5,3261.9,5768.5,108984.0,101977.75,14592.0,66.5,0.0,0.0,118014.4,116636.25,234650.65
2025-04-16,119826.4,3250.8,5807.4,114019.0,101265.25,14430.5,71.25,0.0,0.0,123077.20000000001,115767.0,238844.2
2025-04-17,101343.4,3259.6,4889.9,96453.5,79201.5,11072.25,19.0,0.0,0.0,104603.0,90292.75,194895.75
2025-04-18,79978.2,2630.2,3911.7,76066.5,56491.75,7847.0,28.5,0.0,0.0,82608.4,64367.25,146975.65
2025-04-19,93611.3,2915.7,4520.3,89091.0,66542.75,9884.75,23.75,0.0,0.0,96527.0,76451.25,172978.25
2025-04-20,88395.5,2496.8,4282.5,84113.0,53252.25,8735.25,33.25,0.0,0.0,90892.3,62020.75,152913.05
2025-04-21,129188.8,3520.5,6220.8,122968.0,102068.0,15043.25,71.25,0.0,0.0,132709.3,117182.5,249891.8
2025-04-22,117668.7,3612.8,5777.7,111891.0,106913.0,14416.25,47.5,0.0,0.0,121281.5,121376.75,242658.25
2025-04-23,119310.7,3831.4,5842.7,113468.0,108822.5,14744.0,61.75,0.0,0.0,123142.1,123628.25,246770.34999999998
2025-04-24,117356.8,3669.8,5712.8,111644.0,106077.0,13941.25,42.75,0.0,0.0,121026.6,120061.0,241087.6
2025-04-25,126236.9,3868.7000000000003,6156.9,120080.0,108314.25,14943.5,61.75,0.0,0.0,130105.6,123319.5,253425.09999999998
2025-04-26,118247.5,3845.0,5777.0,112470.5,87727.75,11333.5,38.0,0.0,0.0,122092.5,99099.25,221191.75
2025-04-27,95672.7,3070.2,4748.2,90924.5,57722.0,9224.5,52.25,0.0,0.0,98742.9,66998.75,165741.65
2025-04-28,154960.9,4419.4,7663.4,147297.5,114907.25,20980.75,204.25,0.0,0.0,159380.3,136092.25,295472.55
2025-04-29,152537.2,4085.4,7481.7,145055.5,120213.0,21047.25,209.0,0.0,0.0,156622.6,141469.25,298091.85
2025-04-30,156281.6,4320.3,7768.1,148513.5,123595.0,21436.75,171.0,0.0,0.0,160601.9,145202.75,305804.65
2025-05-01,88679.8,2928.0,4319.8,84360.0,63949.25,8668.75,38.0,0.0,0.0,91607.79999999999,72656.0,164263.8
2025-05-02,163728.0,4704.5,8080.0,155648.0,121999.0,21232.5,190.0,0.0,0.0,168432.5,143421.5,311854.0
2025-05-03,128801.0,3937.4,6355.5,122445.5,93983.5,12791.75,66.5,0.0,0.0,132738.4,106841.75,239580.15
2025-05-04,96488.3,3020.4,4784.8,91703.5,59992.5,9067.75,28.5,0.0,0.0,99508.7,69088.75,168597.45
2025-05-05,137755.2,3979.9,6750.2,131005.0,112869.5,17489.5,161.5,0.0,0.0,141735.1,130520.5,272255.6
2025-05-06,155304.2,4459.3,7731.2,147573.0,129855.5,22249.0,247.0,0.0,0.0,159763.5,152351.5,312115.0
2025-05-07,149031.4,4308.8,7329.4,141702.0,128017.25,20771.75,171.0,0.0,0.0,153340.19999999998,148960.0,302300.19999999995
2025-05-08,154628.4,4650.5,7653.9,146974.5,129760.5,20771.75,204.25,0.0,0.0,159278.9,150736.5,310015.4
2025-05-09,159482.4,4729.2,7966.9,151515.5,128459.0,20225.5,133.0,0.0,0.0,164211.6,148817.5,313029.1
2025-05-10,128061.3,3933.6,6252.3,121809.0,91670.25,11214.75,42.75,0.0,0.0,131994.9,102927.75,234922.65
2025-05-11,97881.7,3237.6,4800.7,93081.0,60728.75,8493.0,38.0,0.0,0.0,101119.3,69259.75,170379.05
2025-05-12,167067.1,4446.400000000001,8198.6,158868.5,126696.75,21147.0,213.75,0.0,0.0,171513.5,148057.5,319571.0
2025-05-13,153713.1,4435.9,7707.6,146005.5,127019.75,20738.5,194.75,0.0,0.0,158149.0,147953.0,306102.0
2025-05-14,145850.5,4752.0,7179.0,138671.5,127233.5,18586.75,180.5,0.0,0.0,150602.5,146000.75,296603.25
2025-05-15,124721.1,4168.3,6208.6,118512.5,114408.5,13129.0,570.0,0.0,0.0,128889.4,128107.5,256996.90000000002
2025-05-16,154365.5,4764.8,7581.0,146784.5,125295.5,17361.25,1211.25,0.0,0.0,159130.3,143868.0,302998.3
2025-05-17,128460.7,3838.3,6338.2,122122.5,96363.25,10887.0,565.25,0.0,0.0,132299.0,107815.5,240114.5
2025-05-18,101674.2,3515.3,4945.2,96729.0,62196.5,8307.75,365.75,0.0,0.0,105189.5,70870.0,176059.5
2025-05-19,162825.0,4754.0,8022.5,154802.5,122939.5,19019.0,1662.5,0.0,0.0,167579.0,143621.0,311200.0
2025-05-20,162817.1,4767.6,8052.6,154764.5,131057.25,19750.5,1596.0,0.0,0.0,167584.7,152403.75,319988.45
2025-05-21,161705.7,4967.7,8071.7,153634.0,131171.25,19413.25,1857.25,0.0,0.0,166673.4,152441.75,319115.15
2025-05-22,149715.2,4775.8,7471.7,142243.5,126297.75,17689.0,1819.25,0.0,0.0,154491.0,145806.0,300297.0
2025-05-23,162293.7,5063.0,8042.200000000001,154251.5,129005.25,17551.25,1743.25,0.0,0.0,167356.7,148299.75,315656.45
2025-05-24,140957.6,4253.8,6960.1,133997.5,102286.5,11661.25,836.0,0.0,0.0,145211.4,114783.75,259995.15
2025-05-25,102063.2,3040.1,5001.7,97061.5,62367.5,8065.5,726.75,0.0,0.0,105103.3,71159.75,176263.05
2025-05-26,168368.9,4659.3,8379.4,159989.5,124996.25,18202.0,2018.75,0.0,0.0,173028.2,145217.0,318245.19999999995
2025-05-27,160359.9,4779.8,7922.9,152437.0,129879.25,18073.75,2826.25,0.0,0.0,165139.7,150779.25,315918.94999999995
2025-05-28,157436.2,4978.9,7868.2,149568.0,130463.5,17613.0,2812.0,0.0,0.0,162415.1,150888.5,313303.6
2025-05-29,150544.3,4665.7,7436.3,143108.0,121524.0,16857.75,3059.0,0.0,0.0,155210.0,141440.75,296650.75
2025-05-30,161814.8,4782.3,8057.3,153757.5,126416.5,16810.25,2883.25,0.0,0.0,166597.1,146110.0,312707.1
2025-05-31,136575.4,4508.8,6662.9,129912.5,98063.75,10982.0,1776.5,0.0,0.0,141084.2,110822.25,251906.44999999998
2025-06-01,105548.7,3546.8,5257.2,100291.5,63612.0,7799.5,1315.75,0.0,0.0,109095.5,72727.25,181822.75
2025-06-02,168733.3,5110.3,8430.3,160303.0,122844.5,17551.25,3329.75,0.0,0.0,173843.6,143725.5,317569.1
2025-06-03,162560.8,4988.1,8081.3,154479.5,131389.75,17499.0,3515.0,0.0,0.0,167548.9,152403.75,319952.65
2025-06-04,149693.4,5098.200000000001,7468.9,142224.5,128715.5,16876.75,3572.0,0.0,0.0,154791.6,149164.25,303955.85
2025-06-05,146197.6,4670.7,7250.6,138947.0,126055.5,15855.5,4004.25,0.0,0.0,150868.3,145915.25,296783.55000000005
2025-06-06,151381.4,5002.8,7361.4,144020.0,124141.25,15385.25,3795.25,0.0,0.0,156384.2,143321.75,299705.94999999995
2025-06-07,129179.6,4339.0,6354.1,122825.5,98800.0,10678.0,2641.0,0.0,0.0,133518.6,112119.0,245637.6
2025-06-08,95793.7,3427.0,4774.2,91019.5,62543.25,7614.25,1700.5,0.0,0.0,99220.7,71858.0,171078.7
2025-06-09,137075.2,4708.3,6678.2,130397.0,111026.5,12226.5,3211.0,0.0,0.0,141783.5,126464.0,268247.5
2025-06-10,142721.6,4513.6,6957.1,135764.5,121804.25,14406.75,4294.0,0.0,0.0,147235.2,140505.0,287740.2
2025-06-11,136061.2,4498.1,6680.7,129380.5,120260.5,14421.0,4018.5,0.0,0.0,140559.3,138700.0,279259.30000000005
2025-06-12,141541.30000000002,4705.1,6954.8,134586.5,126307.25,13969.75,4165.75,0.0,0.0,146246.4,144442.75,290689.15
2025-06-13,152869.4,4774.4,7661.9,145207.5,121780.5,13860.5,4313.0,0.0,0.0,157643.8,139954.0,297597.8
2025-06-14,131391.8,3995.1,6590.3,124801.5,97774.0,10592.5,2888.0,0.0,0.0,135386.9,111254.5,246641.4
2025-06-15,113470.4,3634.3,5645.4,107825.0,68181.5,7718.75,1890.5,0.0,0.0,117104.7,77790.75,194895.45
2025-06-16,144200.4,4266.6,7067.9,137132.5,115529.5,14050.5,4085.0,0.0,0.0,148467.0,133665.0,282132.0
2025-06-17,144097.4,4325.4,7135.9,136961.5,125029.5,14511.25,4412.75,0.0,0.0,148422.8,143953.5,292376.3
2025-06-18,135171.2,4583.4,6655.2,128516.0,120935.0,14164.5,4721.5,0.0,0.0,139754.6,139821.0,279575.6
2025-06-19,134713.2,4221.0,6624.7,128088.5,121970.5,13661.0,4721.5,0.0,0.0,138934.2,140353.0,279287.2
2025-06-20,139196.2,4127.2,6899.200000000001,132297.0,116679.0,12278.75,4389.0,0.0,0.0,143323.4,133346.75,276670.15
2025-06-21,129804.5,3903.0,6371.0,123433.5,97071.0,10264.75,3120.75,0.0,0.0,133707.5,110456.5,244164.0
2025-06-22,98255.8,3190.6000000000004,4756.8,93499.0,59797.75,7087.0,2052.0,0.0,0.0,101446.4,68936.75,170383.15000000002
2025-06-23,145646.0,4155.7,7117.0,138529.0,117310.75,12972.25,4370.0,0.0,0.0,149801.7,134653.0,284454.7
2025-06-24,134349.9,3528.1,6745.9,127604.0,119125.25,12844.0,4298.75,0.0,0.0,137878.0,136268.0,274146.0
2025-06-25,140103.6,4242.1,6847.1,133256.5,120051.5,13437.75,4517.25,0.0,0.0,144345.7,138006.5,282352.2
2025-06-26,133243.9,4314.8,6418.9,126825.0,121699.75,13461.5,4579.0,0.0,0.0,137558.7,139740.25,277298.94999999995
2025-06-27,138020.1,4276.6,6796.6,131223.5,117510.25,13452.0,4237.0,0.0,0.0,142296.7,135199.25,277495.95
2025-06-28,126790.2,3735.6,6254.2,120536.0,97370.25,9685.25,3249.0,0.0,0.0,130525.8,110304.5,240830.3
2025-06-29,99277.9,3171.1,4809.9,94468.0,63056.25,6873.25,2042.5,0.0,0.0,102449.0,71972.0,174421.0
2025-06-30,150783.5,4597.2,7390.5,143393.0,120108.5,13589.75,4370.0,0.0,0.0,155380.7,138068.25,293448.95
2025-07-01,140247.0,4547.8,6905.0,133342.0,122383.75,14639.5,4545.75,0.0,0.0,144794.8,141569.0,286363.8
2025-07-02,132126.9,4310.4,6517.9,125609.0,122925.25,13238.25,4460.25,0.0,0.0,136437.3,140623.75,277061.05
2025-07-03,136174.2,4121.8,6746.2,129428.0,126093.5,13713.25,4469.75,0.0,0.0,140296.0,144276.5,284572.5
2025-07-04,141239.2,4312.7,6956.7,134282.5,124644.75,14378.25,4541.0,0.0,0.0,145551.9,143564.0,289115.9
2025-07-05,122624.9,3889.0,6107.4,116517.5,98196.75,10469.0,3106.5,0.0,0.0,126513.9,111772.25,238286.15
2025-07-06,95808.2,3309.7,4712.7,91095.5,61935.25,7376.75,2052.0,0.0,0.0,99117.9,71364.0,170481.9
2025-07-07,144225.0,4639.3,7064.0,137161.0,117410.5,14235.75,4189.5,0.0,0.0,148864.3,135835.75,284700.05
2025-07-08,132090.9,3999.3,6529.4,125561.5,120298.5,13637.25,4427.0,0.0,0.0,136090.2,138362.75,274452.94999999995
2025-07-09,139744.1,4323.1,6744.1,133000.0,123310.0,13561.25,4579.0,0.0,0.0,144067.2,141450.25,285517.45
2025-07-10,135419.6,4147.1,6685.1,128734.5,121414.75,12948.5,4303.5,0.0,0.0,139566.7,138666.75,278233.45
2025-07-11,136130.0,4260.5,6711.5,129418.5,118427.0,13509.0,4165.75,0.0,0.0,140390.5,136101.75,276492.25
2025-07-12,121509.6,4223.5,5942.1,115567.5,94092.75,9690.0,3201.5,0.0,0.0,125733.1,106984.25,232717.35
2025-07-13,96475.2,3206.6,4847.7,91627.5,61056.5,7714.0,2147.0,0.0,0.0,99681.8,70917.5,170599.3
2025-07-14,138637.7,4389.1,6910.7,131727.0,114114.0,13290.5,4023.25,0.0,0.0,143026.8,131427.75,274454.55000000005
2025-07-15,130688.0,4009.1,6352.0,124336.0,118465.0,12331.0,4336.75,0.0,0.0,134697.1,135132.75,269829.85
2025-07-16,134655.5,4275.9,6567.0,128088.5,120222.5,13024.5,4550.5,0.0,0.0,138931.4,137797.5,276728.9
2025-07-17,118230.0,3720.7,5807.0,112423.0,110888.75,12027.0,4151.5,0.0,0.0,121950.7,127067.25,249017.95
2025-07-18,130910.9,3745.8,6470.4,124440.5,113548.75,11993.75,4070.75,0.0,0.0,134656.7,129613.25,264269.94999999995
2025-07-19,119916.6,3518.9,5897.6,114019.0,89304.75,9666.25,2935.5,0.0,0.0,123435.5,101906.5,225342.0
2025-07-20,98927.2,3468.9,4858.2,94069.0,60885.5,7870.75,2265.75,0.0,0.0,102396.1,71022.0,173418.09999999998
2025-07-21,136771.9,3706.3,6773.9,129998.0,114665.0,12801.25,3790.5,0.0,0.0,140478.2,131256.75,271734.94999999995
2025-07-22,130520.8,4166.3,6374.8,124146.0,123210.25,12896.25,4227.5,0.0,0.0,134687.1,140334.0,275021.1
2025-07-23,133821.4,3892.9,6530.9,127290.5,126996.0,13281.0,4564.75,0.0,0.0,137714.3,144841.75,282556.05
2025-07-24,131591.9,3652.2,6353.4,125238.5,123690.0,12449.75,4180.0,0.0,0.0,135244.1,140319.75,275563.85
2025-07-25,140620.1,4087.3,6860.1,133760.0,120968.25,12354.75,4180.0,0.0,0.0,144707.4,137503.0,282210.4
2025-07-26,125951.3,3647.6,6251.3,119700.0,95076.0,9690.0,3101.75,0.0,0.0,129598.9,107867.75,237466.65000000002
2025-07-27,97867.7,2901.5,4777.2,93090.5,61218.0,7210.5,2227.75,0.0,0.0,100769.2,70656.25,171425.45
2025-07-28,139189.4,3940.1,6768.9,132420.5,111971.75,12183.75,3852.25,0.0,0.0,143129.5,128007.75,271137.25
2025-07-29,133181.6,3706.2,6470.6,126711.0,120175.0,12084.0,4085.0,0.0,0.0,136887.8,136344.0,273231.80000000005
2025-07-30,134652.0,3894.1,6639.5,128012.5,122369.5,12088.75,4227.5,0.0,0.0,138546.1,138685.75,277231.85
2025-07-31,133051.8,3781.2,6454.8,126597.0,120550.25,12264.5,4222.75,0.0,0.0,136833.0,137037.5,273870.5
2025-08-01,142425.4,4018.8,6983.9,135441.5,117591.0,12915.25,4194.25,0.0,0.0,146444.2,134700.5,281144.69999999995
2025-08-02,129121.2,3787.9,6362.2,122759.0,98880.75,10744.5,2945.0,0.0,0.0,132909.1,112570.25,245479.35
2025-08-03,101444.0,3075.1,4829.0,96615.0,65046.5,7780.5,2275.25,0.0,0.0,104519.1,75102.25,179621.35
2025-08-04,144458.9,3939.9,7126.9,137332.0,116707.5,13029.25,4322.5,0.0,0.0,148398.8,134059.25,282458.05
2025-08-05,137343.8,3861.7,6728.3,130615.5,121866.0,13228.75,4408.0,0.0,0.0,141205.5,139502.75,280708.25
2025-08-06,135553.0,3601.0,6628.5,128924.5,126521.0,12345.25,4602.75,0.0,0.0,139154.0,143469.0,282623.0
2025-08-07,138097.2,3785.5,6702.7,131394.5,128207.25,12582.75,4422.25,0.0,0.0,141882.7,145212.25,287094.95
2025-08-08,150436.5,4289.1,7328.5,143108.0,127072.0,12435.5,4607.5,0.0,0.0,154725.6,144115.0,298840.6
2025-08-09,129678.6,3836.9,6482.6,123196.0,101740.25,10298.0,3291.75,0.0,0.0,133515.5,115330.0,248845.5
2025-08-10,98022.0,2890.2,4846.0,93176.0,64657.0,7704.5,2294.25,0.0,0.0,100912.2,74655.75,175567.95
2025-08-11,162009.0,4230.2,7928.5,154080.5,127376.0,15033.75,5899.5,0.0,0.0,166239.2,148309.25,314548.45
2025-08-12,154420.9,4049.7,7598.4,146822.5,134358.5,15219.0,5752.25,0.0,0.0,158470.6,155329.75,313800.35
2025-08-13,149696.5,3971.7,7386.5,142310.0,135113.75,15323.5,5847.25,0.0,0.0,153668.2,156284.5,309952.7
2025-08-14,158989.4,4394.2,7749.4,151240.0,140224.75,15352.0,5961.25,0.0,0.0,163383.6,161538.0,324921.6
2025-08-15,159372.0,4413.8,7818.5,151553.5,134358.5,15233.25,5510.0,0.0,0.0,163785.8,155101.75,318887.55
2025-08-16,138527.0,4148.7,6790.5,131736.5,101721.25,10089.0,3120.75,0.0,0.0,142675.7,114931.0,257606.7
2025-08-17,102248.7,3079.2,5120.7,97128.0,65820.75,7381.5,2223.0,0.0,0.0,105327.9,75425.25,180753.15
2025-08-18,165983.6,4466.7,8103.1,157880.5,130050.25,15114.5,5966.0,0.0,0.0,170450.3,151130.75,321581.05000000005
2025-08-19,155074.4,4342.4,7729.4,147345.0,136752.5,14957.75,5918.5,0.0,0.0,159416.8,157628.75,317045.55
2025-08-20,150020.6,4146.6,7359.1,142661.5,134795.5,14321.25,5329.5,0.0,0.0,154167.2,154446.25,308613.45
2025-08-21,148857.2,4113.0,7364.2,141493.0,135479.5,14663.25,5780.75,0.0,0.0,152970.2,155923.5,308893.7
2025-08-22,156460.6,4323.2,7662.1,148798.5,131218.75,14174.0,4978.0,0.0,0.0,160783.8,150370.75,311154.55000000005
2025-08-23,127283.4,3743.1000000000004,6300.9,120982.5,99360.5,9922.75,3135.0,0.0,0.0,131026.5,112418.25,243444.75
2025-08-24,102624.7,3008.2,4888.7,97736.0,63925.5,7239.0,1995.0,0.0,0.0,105632.9,73159.5,178792.4
2025-08-25,162632.9,3956.4,8058.4,154574.5,127095.75,14573.0,5647.75,0.0,0.0,166589.3,147316.5,313905.8
2025-08-26,158183.2,4240.2,7741.2,150442.0,135617.25,14976.75,5543.25,0.0,0.0,162423.4,156137.25,318560.65
2025-08-27,154624.9,4198.3,7621.9,147003.0,136068.5,14824.75,5671.5,0.0,0.0,158823.2,156564.75,315387.94999999995
2025-08-28,152409.3,4307.6,7458.3,144951.0,130829.25,13993.5,5301.0,0.0,0.0,156716.9,150123.75,306840.65
2025-08-29,168932.3,4609.2,8439.3,160493.0,137208.5,14539.75,5220.25,0.0,0.0,173541.5,156968.5,330510.0
2025-08-30,137941.2,4086.9,6860.2,131081.0,102267.5,10321.75,3249.0,0.0,0.0,142028.1,115838.25,257866.35
2025-08-31,110500.5,3480.2,5487.5,105013.0,69136.25,7771.0,2071.0,0.0,0.0,113980.7,78978.25,192958.95
2025-09-01,170917.8,4670.8,8458.3,162459.5,132273.25,17209.25,5985.0,0.0,0.0,175588.6,155467.5,331056.1
2025-09-02,164841.9,4438.7,8272.4,156569.5,140372.0,17223.5,6108.5,0.0,0.0,169280.6,163704.0,332984.6
2025-09-03,162327.9,4407.1,7914.9,154413.0,138956.5,16202.25,5961.25,0.0,0.0,166735.0,161120.0,327855.0
2025-09-04,164314.7,4427.2,8210.7,156104.0,137816.5,16933.75,5942.25,0.0,0.0,168741.9,160692.5,329434.4
2025-09-05,169251.6,4847.2,8464.1,160787.5,136809.5,16663.0,5861.5,0.0,0.0,174098.8,159334.0,333432.80000000005
2025-09-06,137948.8,4271.4,6858.3,131090.5,102025.25,12141.0,47.5,0.0,0.0,142220.2,114213.75,256433.94999999998
2025-09-07,101190.6,3445.2,5012.6,96178.0,64837.5,8355.25,0.0,0.0,0.0,104635.8,73192.75,177828.55
2025-09-08,159294.6,4499.1,7988.1,151306.5,128169.25,18610.5,294.5,0.0,0.0,163793.7,147074.25,310867.95
2025-09-09,111660.0,3760.2,5488.0,106172.0,103355.25,14772.5,669.75,0.0,0.0,115420.2,118797.5,234217.7
2025-09-10,143795.7,4452.8,7157.2,136638.5,130710.5,17380.25,1140.0,0.0,0.0,148248.5,149230.75,297479.25
2025-09-11,160460.9,4722.3,7919.4,152541.5,134220.75,18601.0,1610.25,0.0,0.0,165183.2,154432.0,319615.19999999995
2025-09-12,167664.2,5435.2,8358.7,159305.5,136082.75,18382.5,1838.25,0.0,0.0,173099.4,156303.5,329402.9
2025-09-13,129838.6,4094.8,6490.6,123348.0,99579.0,11737.25,783.75,0.0,0.0,133933.4,112100.0,246033.4
2025-09-14,99741.3,3714.4,4950.3,94791.0,66585.5,8811.25,475.0,0.0,0.0,103455.7,75871.75,179327.45
2025-09-15,148221.2,4730.6,7336.2,140885.0,113639.0,14202.5,935.75,0.0,0.0,152951.80000000002,128777.25,281729.05000000005
2025-09-17,139625.3,3876.9,7005.3,132620.0,119187.0,16943.25,2118.5,0.0,0.0,143502.2,138248.75,281750.94999999995
2025-09-18,150987.9,3951.9,7433.4,143554.5,131204.5,17432.5,2840.5,0.0,0.0,154939.8,151477.5,306417.3
2025-09-19,163418.59999999998,4393.6,8188.6,155230.0,132463.25,18396.75,3230.0,0.0,0.0,167812.2,154090.0,321902.19999999995
2025-09-20,126059.9,3554.9,6245.9,119814.0,97085.25,11271.75,1344.25,0.0,0.0,129614.8,109701.25,239316.05
2025-09-21,95478.5,3064.0,4649.0,90829.5,62125.25,8621.25,769.5,0.0,0.0,98542.5,71516.0,170058.5
2025-09-22,173482.1,4512.0,8676.1,164806.0,131907.5,18202.0,3657.5,0.0,0.0,177994.1,153767.0,331761.1
2025-09-23,160162.7,4580.7,7972.7,152190.0,136415.25,17769.75,3705.0,0.0,0.0,164743.4,157890.0,322633.4
2025-09-24,158455.4,4705.5,7899.4,150556.0,136187.25,17603.5,4260.75,0.0,0.0,163160.9,158051.5,321212.4
2025-09-25,146413.2,4217.6,7257.200000000001,139156.0,127965.0,15831.75,3923.5,0.0,0.0,150630.8,147720.25,298351.05000000005
2025-09-26,151091.6,4081.1000000000004,7404.1,143687.5,125832.25,15271.25,4645.5,0.0,0.0,155172.7,145749.0,300921.7
2025-09-27,131362.7,3760.1,6513.7,124849.0,97603.0,10374.0,2921.25,0.0,0.0,135122.8,110898.25,246021.05000000002
2025-09-28,97584.7,2923.4,4788.7,92796.0,64899.25,7899.25,2004.5,0.0,0.0,100508.1,74803.0,175311.09999999998
2025-09-29,140442.2,3717.7999999999997,6938.700000000001,133503.5,112119.0,14093.25,4541.0,0.0,0.0,144160.0,130753.25,274913.25
2025-09-30,148541.9,4100.7,7381.4,141160.5,128197.75,15936.25,5529.0,0.0,0.0,152642.6,149663.0,302305.6
2025-10-01,147335.1,4214.6,7466.6,139868.5,131014.5,16648.75,5966.0,0.0,0.0,151549.7,153629.25,305178.95
2025-10-02,146335.3,4390.9,7302.8,139032.5,126882.0,16173.75,6070.5,0.0,0.0,150726.2,149126.25,299852.44999999995
2025-10-03,156187.4,4738.1,7711.9,148475.5,128843.75,15751.0,6232.0,0.0,0.0,160925.5,150826.75,311752.25
2025-10-04,119482.9,3765.9,6071.9,113411.0,96491.5,10454.75,4051.75,0.0,0.0,123248.8,110998.0,234246.8
2025-10-05,92152.7,3145.6,4600.7,87552.0,62771.25,7210.5,2451.0,0.0,0.0,95298.3,72432.75,167731.05
2025-10-06,160717.9,4375.2,7976.9,152741.0,126996.0,15632.25,6426.75,0.0,0.0,165093.1,149055.0,314148.1
2025-10-07,154268.3,4690.8,7778.3,146490.0,133912.0,16107.25,6768.75,0.0,0.0,158959.1,156788.0,315747.1
2025-10-08,149459.1,4302.2,7529.1,141930.0,129209.5,15599.0,6821.0,0.0,0.0,153761.3,151629.5,305390.80000000005
2025-10-09,151118.7,3954.9,7459.7,143659.0,131176.0,15100.25,7106.0,0.0,0.0,155073.6,153382.25,308455.85
2025-10-10,153518.7,4139.5,7570.2,145948.5,126426.0,15266.5,6289.0,0.0,0.0,157658.2,147981.5,305639.7
2025-10-11,127603.1,3808.5,6297.6,121305.5,97802.5,10483.25,4085.0,0.0,0.0,131411.6,112370.75,243782.35
2025-10-12,95194.6,2918.9,4735.6,90459.0,66101.0,7011.0,2845.25,0.0,0.0,98113.5,75957.25,174070.75
2025-10-13,156181.2,4104.2,7753.2,148428.0,121614.25,15746.25,7220.0,0.0,0.0,160285.4,144580.5,304865.9
2025-10-14,141420.7,4508.3,6938.7,134482.0,127200.25,15247.5,6873.25,0.0,0.0,145929.0,149321.0,295250.0
2025-10-15,146990.4,4084.6,7216.9,139773.5,126939.0,15413.75,7072.75,0.0,0.0,151075.0,149425.5,300500.5
2025-10-16,143392.0,3803.2,7095.5,136296.5,124317.0,15176.25,7120.25,0.0,0.0,147195.2,146613.5,293808.7
2025-10-17,145625.9,4029.5,7210.9,138415.0,120640.5,14786.75,6659.5,0.0,0.0,149655.4,142086.75,291742.15
2025-10-18,123944.9,3620.1000000000004,6068.9,117876.0,93746.0,10131.75,4465.0,0.0,0.0,127565.0,108342.75,235907.75
2025-10-19,93592.7,3063.8,4577.7,89015.0,63032.5,7685.5,2983.0,0.0,0.0,96656.5,73701.0,170357.5
2025-10-20,149103.6,4322.1,7506.1,141597.5,118479.25,15537.25,6531.25,0.0,0.0,153425.7,140547.75,293973.45
2025-10-21,145933.0,3810.1000000000004,7242.5,138690.5,124530.75,15537.25,7072.75,0.0,0.0,149743.1,147140.75,296883.85
2025-10-22,146101.4,3943.3,7211.4,138890.0,129442.25,15233.25,7277.0,0.0,0.0,150044.7,151952.5,301997.19999999995
2025-10-23,148713.6,4327.1,7249.1,141464.5,126853.5,14896.0,7191.5,0.0,0.0,153040.7,148941.0,301981.7
2025-10-24,149891.7,4320.2,7401.2,142490.5,125566.25,14834.25,6759.25,0.0,0.0,154211.9,147159.75,301371.65
2025-10-25,127417.7,3744.8,6273.7,121144.0,97921.25,10549.75,4598.0,0.0,0.0,131162.5,113069.0,244231.5
2025-10-26,96526.0,2944.7,4756.0,91770.0,63018.25,7372.0,2688.5,0.0,0.0,99470.7,73078.75,172549.45
2025-10-27,160927.8,4382.4,8025.3,152902.5,121880.25,15456.5,7139.25,0.0,0.0,165310.2,144476.0,309786.19999999995
2025-10-28,145966.7,4222.0,7228.7,138738.0,128582.5,15219.0,7172.5,0.0,0.0,150188.7,150974.0,301162.7
2025-10-29,147251.9,4232.3,7354.9,139897.0,126820.25,14805.75,7082.25,0.0,0.0,151484.2,148708.25,300192.44999999995
2025-10-30,153602.5,4518.4,7815.5,145787.0,127946.0,15371.0,7120.25,0.0,0.0,158120.9,150437.25,308558.15
2025-10-31,137863.7,4120.0,6887.2,130976.5,117239.5,13418.75,6070.5,0.0,0.0,141983.7,136728.75,278712.45
2025-11-01,127305.6,3746.7,6370.6,120935.0,95703.0,10611.5,4574.25,0.0,0.0,131052.3,110888.75,241941.05
2025-11-02,103383.7,3156.9,5210.7,98173.0,65383.75,8098.75,3120.75,0.0,0.0,106540.6,76603.25,183143.84999999998
2025-11-03,160167.0,4284.6,7910.5,152256.5,123362.25,15684.5,7490.75,0.0,0.0,164451.6,146537.5,310989.1
2025-11-04,150217.1,4343.4,7593.6,142623.5,128349.75,15223.75,7329.25,0.0,0.0,154560.5,150902.75,305463.25
2025-11-05,147624.4,4178.4,7413.9,140210.5,130824.5,15057.5,7471.75,0.0,0.0,151802.8,153353.75,305156.55
2025-11-06,150416.8,4313.6,7451.3,142965.5,128131.25,14425.75,6944.5,0.0,0.0,154730.4,149501.5,304231.9
2025-11-07,153779.1,4572.9,7678.6,146100.5,126958.0,14406.75,6949.25,0.0,0.0,158352.0,148314.0,306666.0
2025-11-08,123789.8,3688.6,6170.3,117619.5,95038.0,9941.75,4270.25,0.0,0.0,127478.4,109250.0,236728.40000000002
2025-11-09,96634.1,2686.0,4788.1,91846.0,63289.0,7381.5,2679.0,0.0,0.0,99320.1,73349.5,172669.6
2025-11-10,160924.6,4318.9,8079.1,152845.5,128012.5,15257.0,7319.75,0.0,0.0,165243.5,150589.25,315832.75
2025-11-11,150795.5,4209.4,7516.5,143279.0,130192.75,14615.75,7153.5,0.0,0.0,155004.9,151962.0,306966.9
2025-11-12,152593.5,4223.7,7614.0,144979.5,133023.75,15010.0,7780.5,0.0,0.0,156817.2,155814.25,312631.45
2025-11-13,152215.9,4095.7,7635.4,144580.5,131185.5,14525.5,7400.5,0.0,0.0,156311.6,153111.5,309423.1
2025-11-14,151903.2,4207.0,7645.7,144257.5,125438.0,13637.25,6669.0,0.0,0.0,156110.2,145744.25,301854.45
2025-11-15,126720.2,3793.7,6184.2,120536.0,97018.75,9143.75,4284.5,0.0,0.0,130513.9,110447.0,240960.9
2025-11-16,99468.0,2904.4,4981.0,94487.0,65079.75,6669.0,3097.0,0.0,0.0,102372.4,74845.75,177218.15
2025-11-17,103098.4,3233.3,5058.4,98040.0,68941.5,7718.75,3572.0,0.0,0.0,106331.7,80232.25,186563.95
2025-11-18,155864.2,4015.0,7844.7,148019.5,121747.25,13737.0,7224.75,0.0,0.0,159879.19999999998,142709.0,302588.2
2025-11-19,148850.5,4137.7,7414.5,141436.0,125723.0,13851.0,7158.25,0.0,0.0,152988.2,146732.25,299720.45
2025-11-20,161250.0,4691.0,8138.5,153111.5,131399.25,13746.5,7514.5,0.0,0.0,165941.0,152660.25,318601.25
2025-11-21,156007.1,4150.0,7664.6,148342.5,129499.25,13808.25,6930.25,0.0,0.0,160157.1,150237.75,310394.85
2025-11-22,128651.6,4021.0,6320.1,122331.5,98638.5,9238.75,4056.5,0.0,0.0,132672.6,111933.75,244606.35
2025-11-23,97607.3,2934.7,4944.3,92663.0,65317.25,6531.25,2617.25,0.0,0.0,100542.0,74465.75,175007.75
2025-11-24,164089.9,4502.8,8194.9,155895.0,122754.25,13542.25,6963.5,0.0,0.0,168592.7,143260.0,311852.69999999995
2025-11-25,157772.9,4585.1,7853.4,149919.5,131779.25,14026.75,6863.75,0.0,0.0,162358.0,152669.75,315027.75
2025-11-26,156710.7,4745.3,7912.2,148798.5,134985.5,13969.75,7296.0,0.0,0.0,161456.0,156251.25,317707.25
2025-11-27,163508.8,4514.1,8183.8,155325.0,133574.75,13295.25,7462.25,0.0,0.0,168022.9,154332.25,322355.15
2025-11-28,160431.0,4489.2,7965.5,152465.5,130762.75,12791.75,6939.75,0.0,0.0,164920.2,150494.25,315414.45
2025-11-29,124822.7,3998.1000000000004,6158.2,118664.5,97930.75,8322.0,3909.25,0.0,0.0,128820.8,110162.0,238982.8
2025-11-30,95529.2,2932.8,4794.7,90734.5,65445.5,6132.25,2921.25,0.0,0.0,98462.0,74499.0,172961.0
2025-12-01,164550.2,4643.5,8294.2,156256.0,126150.5,12996.0,7101.25,0.0,0.0,169193.7,146247.75,315441.45
2025-12-02,166400.5,4501.9,8311.0,158089.5,134814.5,13114.75,7277.0,0.0,0.0,170902.4,155206.25,326108.65
2025-12-03,156114.2,4768.4,7990.2,148124.0,131850.5,12953.25,7443.25,0.0,0.0,160882.6,152247.0,313129.6
2025-12-04,158190.3,4627.4,7881.3,150309.0,132472.75,12597.0,7429.0,0.0,0.0,162817.7,152498.75,315316.44999999995
2025-12-05,161444.9,4562.8,8000.9,153444.0,129793.75,12302.5,7376.75,0.0,0.0,166007.69999999998,149473.0,315480.69999999995
2025-12-06,123675.9,3528.4,6141.9,117534.0,95997.5,7733.0,4327.25,0.0,0.0,127204.3,108057.75,235262.05
2025-12-07,104470.0,3299.1,5185.5,99284.5,69739.5,6369.75,3187.25,0.0,0.0,107769.1,79296.5,187065.6
2025-12-08,148124.4,4385.2,7343.9,140780.5,117695.5,10815.75,6536.0,0.0,0.0,152509.6,135047.25,287556.85
2025-12-09,144091.0,4723.4,7243.5,136847.5,124055.75,11124.5,7239.0,0.0,0.0,148814.4,142419.25,291233.65
2025-12-10,149244.6,4330.1,7533.1,141711.5,127604.0,11457.0,6901.75,0.0,0.0,153574.7,145962.75,299537.45
2025-12-11,150662.9,4245.5,7573.9,143089.0,123295.75,10768.25,7395.75,0.0,0.0,154908.4,141459.75,296368.15
2025-12-12,151292.3,4603.9,7443.3,143849.0,123333.75,11295.5,6545.5,0.0,0.0,155896.2,141174.75,297070.94999999995
2025-12-13,140390.2,3787.2,7029.2,133361.0,105412.0,8711.5,5258.25,0.0,0.0,144177.4,119381.75,263559.15
2025-12-14,115384.0,3268.0,5754.0,109630.0,75149.75,7125.0,3638.5,0.0,0.0,118652.0,85913.25,204565.25
2025-12-15,161996.9,5035.2,8068.4,153928.5,121576.25,11514.0,7215.25,0.0,0.0,167032.1,140305.5,307337.6
2025-12-16,143876.6,4301.5,7143.1,136733.5,118731.0,10858.5,6721.25,0.0,0.0,148178.1,136310.75,284488.85
2025-12-17,138212.5,3934.5,6808.5,131404.0,120645.25,10982.0,6716.5,0.0,0.0,142147.0,138343.75,280490.75
2025-12-18,141057.2,3946.5,7145.2,133912.0,116474.75,10744.5,6474.25,0.0,0.0,145003.7,133693.5,278697.2
2025-12-19,138423.7,3858.3,6877.2,131546.5,112062.0,10478.5,6023.0,0.0,0.0,142282.0,128563.5,270845.5
2025-12-20,132797.4,3769.9,6513.9,126283.5,96045.0,8450.25,4887.75,0.0,0.0,136567.3,109383.0,245950.3
2025-12-21,118263.8,3334.4,5840.8,112423.0,72841.25,7139.25,3885.5,0.0,0.0,121598.2,83866.0,205464.2
2025-12-22,151609.3,4399.1,7570.3,144039.0,108447.25,10108.0,5994.5,0.0,0.0,156008.4,124549.75,280558.15
2025-12-23,139133.1,3852.4,6988.1,132145.0,104813.5,9210.25,5866.25,0.0,0.0,142985.5,119890.0,262875.5
2025-12-24,120326.0,3326.5,5955.5,114370.5,81609.75,7087.0,3923.5,0.0,0.0,123652.5,92620.25,216272.75
2025-12-26,106613.9,3634.1,5267.9,101346.0,80294.0,7547.75,4298.75,0.0,0.0,110248.0,92140.5,202388.5
2025-12-27,105434.0,3415.0,5199.5,100234.5,80446.0,8355.25,0.0,0.0,0.0,108849.0,88801.25,197650.25
2025-12-28,85173.7,2701.0,4214.7,80959.0,55280.5,6745.0,0.0,0.0,0.0,87874.7,62025.5,149900.2
2025-12-29,121572.2,3743.9,6004.7,115567.5,92093.0,11347.75,0.0,0.0,0.0,125316.1,103440.75,228756.84999999998
2025-12-30,123269.7,3687.4,6020.7,117249.0,95389.5,11732.5,0.0,0.0,0.0,126957.1,107122.0,234079.09999999998
2025-12-31,109112.2,3330.5,5524.2,103588.0,75510.75,9580.75,0.0,0.0,0.0,112442.7,85091.5,197534.2
2026-01-01,51655.7,1824.7,2436.2,49219.5,36356.5,4683.5,0.0,0.0,0.0,53480.4,41040.0,94520.4
2026-01-02,109504.7,3507.7,5346.7,104158.0,85989.25,11571.0,0.0,0.0,0.0,113012.4,97560.25,210572.65
2026-01-03,102163.7,3501.8,5016.7,97147.0,81187.0,10093.75,0.0,0.0,0.0,105665.5,91280.75,196946.25
2026-01-04,84487.7,3078.5,4212.7,80275.0,59090.0,7609.5,0.0,0.0,0.0,87566.2,66699.5,154265.7
2026-01-05,130506.7,3951.0,6503.2,124003.5,105003.5,13979.25,0.0,0.0,0.0,134457.7,118982.75,253440.45
2026-01-06,120838.7,3730.0,5974.2,114864.5,108456.75,13594.5,0.0,0.0,0.0,124568.7,122051.25,246619.95
2026-01-07,121307.7,3845.0,6053.7,115254.0,112850.5,14326.0,0.0,0.0,0.0,125152.70000000001,127176.5,252329.2
2026-01-08,127674.6,3813.3,6407.1,121267.5,114631.75,15062.25,0.0,0.0,0.0,131487.9,129694.0,261181.9
2026-01-09,134234.9,3983.0,6659.4,127575.5,116845.25,15926.75,0.0,0.0,0.0,138217.9,132772.0,270989.9
2026-01-10,113491.4,3480.2,5666.4,107825.0,89475.75,10763.5,0.0,0.0,0.0,116971.6,100239.25,217210.84999999998
2026-01-11,91307.0,3035.8,4581.5,86725.5,59484.25,8236.5,0.0,0.0,0.0,94342.8,67720.75,162063.55
2026-01-12,140289.9,4371.9,6938.4,133351.5,115510.5,15879.25,0.0,0.0,0.0,144661.8,131389.75,276051.55
2026-01-13,137315.3,4175.5,6794.8,130520.5,124659.0,16093.0,0.0,0.0,0.0,141490.8,140752.0,282242.8
2026-01-14,139664.6,4113.0,6959.1,132705.5,121419.5,16468.25,0.0,0.0,0.0,143777.6,137887.75,281665.35
2026-01-15,136973.9,3888.7,6899.9,130074.0,118104.0,15209.5,0.0,0.0,0.0,140862.6,133313.5,274176.1
2026-01-16,137504.7,3982.7,6756.2,130748.5,116090.0,15238.0,0.0,0.0,0.0,141487.4,131328.0,272815.4
2026-01-17,111938.9,3356.2,5453.4,106485.5,91703.5,10758.75,0.0,0.0,0.0,115295.1,102462.25,217757.34999999998
2026-01-18,89979.0,2585.3,4384.0,85595.0,60477.0,7804.25,0.0,0.0,0.0,92564.3,68281.25,160845.55
2026-01-19,162306.1,3966.6,8083.1,154223.0,124250.5,18292.25,142.5,0.0,0.0,166272.7,142685.25,308957.95
2026-01-20,144643.2,3646.3,7159.2,137484.0,124516.5,18092.75,204.25,0.0,0.0,148289.5,142813.5,291103.0
2026-01-21,152947.6,4302.5,7607.1,145340.5,130496.75,18867.0,266.0,0.0,0.0,157250.1,149629.75,306879.85
2026-01-22,148161.7,4392.2,7381.2,140780.5,129532.5,17712.75,342.0,0.0,0.0,152553.9,147587.25,300141.15
2026-01-23,150212.9,4288.9,7484.9,142728.0,126725.25,17052.5,460.75,0.0,0.0,154501.8,144238.5,298740.3
2026-01-24,112982.2,3637.3,5575.2,107407.0,92268.75,10720.75,389.5,0.0,0.0,116619.5,103379.0,219998.5
2026-01-25,85386.4,2870.0,4218.4,81168.0,58111.5,7258.0,285.0,0.0,0.0,88256.4,65654.5,153910.9
2026-01-26,155520.4,4371.7,7823.9,147696.5,124844.25,17584.5,836.0,0.0,0.0,159892.1,143264.75,303156.85
2026-01-27,149347.0,4035.4,7284.0,142063.0,129860.25,17983.5,1026.0,0.0,0.0,153382.4,148869.75,302252.15
2026-01-28,143414.8,4178.8,7184.8,136230.0,129333.0,18183.0,1125.75,0.0,0.0,147593.6,148641.75,296235.35
2026-01-29,148230.2,3921.9,7335.7,140894.5,128511.25,17413.5,1434.5,0.0,0.0,152152.1,147359.25,299511.35
2026-01-30,145930.6,4169.9,7154.6,138776.0,125153.0,15808.0,1420.25,0.0,0.0,150100.5,142381.25,292481.75
2026-01-31,118774.3,3740.6,5914.3,112860.0,96548.5,11043.75,883.5,0.0,0.0,122514.9,108475.75,230990.65000000002
2026-02-01,87311.9,2784.8,4310.4,83001.5,58491.5,7372.0,736.25,0.0,0.0,90096.7,66599.75,156696.45
2026-02-02,88782.4,2759.9,4507.9,84274.5,65046.5,7994.25,750.5,0.0,0.0,91542.3,73791.25,165333.55
2026-02-03,151333.7,3929.6,7617.7,143716.0,125423.75,18050.0,1980.75,0.0,0.0,155263.3,145454.5,300717.80000000005
2026-02-04,148365.2,3972.7,7337.7,141027.5,131123.75,17912.25,2322.75,0.0,0.0,152337.9,151358.75,303696.65
2026-02-05,146702.0,4012.7,7204.0,139498.0,132724.5,16710.5,2679.0,0.0,0.0,150714.7,152114.0,302828.7
2026-02-06,148158.7,4078.1000000000004,7492.2,140666.5,129214.25,16948.0,2607.75,0.0,0.0,152236.8,148770.0,301006.80000000005
2026-02-07,118125.0,3504.4,5778.0,112347.0,98752.5,11015.25,1743.25,0.0,0.0,121629.4,111511.0,233140.4
2026-02-08,91712.8,2976.4,4483.8,87229.0,61013.75,7106.0,1173.25,0.0,0.0,94689.2,69293.0,163982.2
2026-02-09,159376.1,4520.3,8031.6,151344.5,125447.5,17090.5,3011.5,0.0,0.0,163896.4,145549.5,309445.9
2026-02-10,150405.0,4334.9,7496.5,142908.5,129846.0,17233.0,3173.0,0.0,0.0,154739.9,150252.0,304991.9
2026-02-11,146525.2,4293.8,7321.7,139203.5,132092.75,17233.0,3690.75,0.0,0.0,150819.0,153016.5,303835.5
2026-02-12,151533.4,4546.1,7665.4,143868.0,128169.25,17047.75,3823.75,0.0,0.0,156079.5,149040.75,305120.25
2026-02-13,153316.9,4800.0,7710.4,145606.5,125903.5,16249.75,3999.5,0.0,0.0,158116.9,146152.75,304269.65
2026-02-14,119687.4,4402.0,6000.9,113686.5,95004.75,10996.25,2455.75,0.0,0.0,124089.4,108456.75,232546.15
2026-02-15,90339.3,3365.1000000000004,4611.3,85728.0,59983.0,6949.25,1672.0,0.0,0.0,93704.4,68604.25,162308.65000000002
