Fecha,Unidad,Total Viajes,Total Vueltas,Km Programados,Km Vacios,Km Realizados
01/07/2021,AM-002    ,815,410.0,5267.0,0.0,5267.0
01/07/2021,AM-003    ,469,182.1,2677.0,133.0,2544.0
01/07/2021,AM-004    ,2056,1051.5,5784.0,93.0,5691.0
01/07/2021,AM-005    ,1736,1018.4,8168.0,290.0,7878.0
01/07/2021,AM-006    ,1341,658.4,6894.0,217.0,6677.0
01/07/2021,AM-007    ,965,559.4,7321.0,522.0,6799.0
01/07/2021,AM-008    ,59,37.6,996.0,160.0,836.0
01/07/2021,AM-009    ,2117,839.2,9172.0,277.0,8895.0
01/07/2021,AM-010    ,1879,833.3,6644.0,204.0,6440.0
01/07/2021,AM-011    ,938,329.9,9284.0,714.0,8570.0
01/07/2021,AM-012    ,718,516.3,7937.0,974.0,6963.0
01/07/2021,AM-013    ,753,295.3,4736.0,217.0,4519.0
01/07/2021,AM-014    ,983,357.2,7611.0,670.0,6941.0
01/07/2021,AM-015    ,795,537.3,9835.0,459.0,9376.0
01/07/2021,AM-016    ,649,444.4,12245.0,1829.0,10416.0
01/07/2021,AM-017    ,59,34.8,1164.0,306.0,858.0
01/07/2021,AM-018    ,607,302.6,13661.0,1673.0,11988.0
01/07/2021,AM-019    ,253,133.6,4476.0,994.0,3482.0
01/07/2021,AM-020    ,337,156.0,7628.0,1278.0,6350.0
01/07/2021,AM-021    ,511,247.8,11524.0,2207.0,9317.0
01/07/2021,AM-022    ,688,363.6,9064.0,1941.0,7123.0
01/07/2021,AM-023    ,211,99.0,4269.0,2297.0,1972.0
01/07/2021,AM-024    ,517,230.0,8116.0,1594.0,6522.0
01/07/2021,AM-025    ,608,245.2,9671.0,2013.0,7658.0
01/07/2021,AM-026    ,493,208.3,10094.0,1955.0,8139.0
01/07/2021,AM-027    ,737,253.0,9387.0,2145.0,7242.0
01/07/2021,AM-028    ,178,130.4,3573.0,363.0,3210.0
01/07/2021,AM-029    ,74,32.6,1187.0,244.0,943.0
01/07/2021,AM-030    ,772,304.3,9747.0,1438.0,8309.0
01/07/2021,AM-031    ,431,242.4,8887.0,2131.0,6756.0
01/07/2021,AM-032    ,642,370.9,14592.0,2442.0,12150.0
01/07/2021,AM-033    ,441,266.7,8050.0,661.0,7389.0
01/07/2021,AM-034    ,586,349.2,11998.0,1538.0,10460.0
01/07/2021,AM-035    ,392,189.9,6753.0,947.0,5806.0
01/07/2021,AM-036    ,816,313.6,7796.0,1051.0,6745.0
01/07/2021,AM-037    ,898,356.9,8742.0,857.0,7885.0
01/07/2021,AM-038    ,716,338.9,12076.0,694.0,11382.0
01/07/2021,AM-039    ,634,372.7,13377.0,1139.0,12238.0
01/07/2021,AM-040    ,465,193.5,6389.0,518.0,5871.0
01/07/2021,AM-041    ,748,419.7,9097.0,997.0,8100.0
01/07/2021,AM-042    ,603,332.9,11225.0,786.0,10439.0
01/07/2021,AM-043    ,1986,1033.9,8973.0,1237.0,7736.0
01/07/2021,AM-044    ,654,333.5,7117.0,718.0,6399.0
01/07/2021,AM-045    ,899,315.4,7779.0,766.0,7013.0
01/07/2021,AM-046    ,694,376.2,7097.0,1142.0,5955.0
01/07/2021,AM-047    ,887,499.6,7654.0,958.0,6696.0
01/07/2021,AM-048    ,521,269.9,7954.0,770.0,7184.0
01/07/2021,AM-049    ,684,366.3,8181.0,673.0,7508.0
01/07/2021,AM-050    ,390,167.2,4953.0,523.0,4430.0
01/07/2021,AM-051    ,524,253.0,11352.0,1196.0,10156.0
01/07/2021,AM-052    ,2940,927.7,9712.0,393.0,9319.0
01/07/2021,AM-053    ,772,306.5,7966.0,765.0,7201.0
01/07/2021,AM-054    ,842,285.9,11860.0,2245.0,9615.0
01/07/2021,AM-056    ,98,34.3,2270.0,711.0,1559.0
01/07/2021,AM-058    ,1582,852.3,7880.0,499.0,7381.0
01/07/2021,AM-059    ,2224,696.1,7506.0,464.0,7042.0
01/07/2021,AM-060    ,960,622.0,3994.0,589.0,3405.0
01/07/2021,AM-061    ,49,27.3,198.0,41.0,157.0
01/07/2021,AM-062    ,1137,738.4,8943.0,1136.0,7807.0
01/07/2021,AM-063    ,1248,705.0,8103.0,1017.0,7086.0
01/07/2021,AM-064    ,1186,569.4,6779.0,739.0,6040.0
01/07/2021,AM-065    ,1067,540.8,5959.0,647.0,5312.0
01/07/2021,AM-066    ,479,229.5,1900.0,261.0,1639.0
01/07/2021,AM-067    ,225,143.5,829.0,149.0,680.0
01/07/2021,AM-068    ,1039,493.8,4883.0,839.0,4044.0
01/07/2021,AM-069    ,582,227.7,5833.0,1067.0,4766.0
01/07/2021,AM-070    ,212,154.7,1142.0,126.0,1016.0
01/07/2021,AM-072    ,738,296.4,8226.0,1834.0,6392.0
01/07/2021,AM-074    ,1303,848.7,9036.0,776.0,8260.0
01/07/2021,AM-075    ,744,278.0,5658.0,841.0,4817.0
01/07/2021,AM-076    ,23,8.1,102.0,19.0,83.0
01/07/2021,AM-077    ,99,60.6,380.0,24.0,356.0
01/07/2021,AM-078    ,653,438.9,9744.0,750.0,8994.0
01/07/2021,AM-079    ,677,249.1,5134.0,213.0,4921.0
01/07/2021,AM-080    ,770,340.6,7880.0,159.0,7721.0
01/07/2021,AM-081    ,1402,722.4,7074.0,459.0,6615.0
01/07/2021,AM-082    ,1457,670.5,6878.0,252.0,6626.0
01/07/2021,AM-083    ,322,163.3,2588.0,206.0,2382.0
01/07/2021,AM-084    ,1260,694.3,5128.0,333.0,4795.0
01/07/2021,AM-085    ,1017,693.3,4689.0,218.0,4471.0
01/07/2021,AM-086    ,1102,534.8,4544.0,641.0,3903.0
01/07/2021,AM-087    ,499,250.2,4957.0,108.0,4849.0
01/07/2021,AM-088    ,49,22.3,472.0,6.0,466.0
01/07/2021,AM-089    ,633,447.6,7942.0,277.0,7665.0
01/07/2021,AM-090    ,1147,689.7,3960.0,176.0,3784.0
01/07/2021,AM-091    ,1525,636.8,7459.0,377.0,7082.0
01/07/2021,AM-094    ,201,86.0,1744.0,170.0,1574.0
01/07/2021,AM-095    ,1191,510.5,11014.0,445.0,10569.0
01/07/2021,AM-096    ,961,436.6,8131.0,1272.0,6859.0
01/07/2021,AM-097    ,14,6.0,143.0,7.0,136.0
01/07/2021,AM-098    ,1203,776.2,9224.0,901.0,8323.0
01/07/2021,AM-100    ,853,465.1,2800.0,129.0,2671.0
01/07/2021,AM-101    ,754,383.2,7161.0,120.0,7041.0
01/07/2021,AM-102    ,857,503.7,4232.0,503.0,3729.0
01/07/2021,AM-103    ,2677,1461.1,6097.0,264.0,5833.0
01/07/2021,TM-001    ,574,217.5,8527.0,60.0,8467.0
01/07/2021,TM-002    ,685,359.3,13423.0,24.0,13399.0
01/07/2021,TM-003    ,561,278.3,11495.0,235.0,11260.0
01/07/2021,TM-005    ,338,261.4,6097.0,40.0,6057.0
01/07/2021,TM-009    ,395,215.0,6134.0,137.0,5997.0
01/07/2021,TM-010    ,270,219.0,4980.0,91.0,4889.0
01/07/2021,TM-011    ,277,136.9,3932.0,0.0,3932.0
01/07/2021,TM-012    ,471,297.6,8030.0,101.0,7929.0
01/07/2021,TM-013    ,350,138.3,5897.0,116.0,5781.0
01/07/2021,TM-014    ,494,172.6,7842.0,134.0,7708.0
01/07/2021,TM-015    ,513,330.9,8537.0,118.0,8419.0
01/07/2021,TM-016    ,552,219.9,10852.0,56.0,10796.0
01/07/2021,TM-017    ,643,330.2,7242.0,114.0,7128.0
01/07/2021,TM-018    ,277,121.1,3929.0,49.0,3880.0
01/07/2021,TM-019    ,437,298.8,8852.0,55.0,8797.0
01/07/2021,TM-020    ,566,295.2,7889.0,53.0,7836.0
01/07/2021,TM-023    ,477,303.0,8668.0,79.0,8589.0
01/07/2021,TM-024    ,609,275.1,9534.0,117.0,9417.0
01/07/2021,TM-025    ,605,241.4,7285.0,48.0,7237.0
01/07/2021,TM-026    ,498,187.7,8242.0,0.0,8242.0
01/07/2021,TM-027    ,636,210.3,7718.0,21.0,7697.0
01/07/2021,TM-028    ,685,310.7,7340.0,70.0,7270.0
01/07/2021,TM-029    ,483,289.5,9409.0,69.0,9340.0
01/07/2021,TM-030    ,715,335.2,11170.0,18.0,11152.0
01/07/2021,TM-031    ,516,254.2,7712.0,55.0,7657.0
01/07/2021,TM-032    ,696,289.8,10176.0,155.0,10021.0
01/07/2021,TM-033    ,697,276.2,11139.0,140.0,10999.0
01/07/2021,TM-034    ,485,203.8,9747.0,125.0,9622.0
01/07/2021,TM-035    ,243,138.6,4062.0,190.0,3872.0
01/07/2021,TM-037    ,458,328.1,9443.0,96.0,9347.0
01/07/2021,TM-038    ,502,309.2,8278.0,119.0,8159.0
01/07/2021,TM-039    ,501,197.6,7735.0,38.0,7697.0
01/07/2021,TM-040    ,472,208.8,6376.0,9.0,6367.0
01/07/2021,TM-041    ,430,335.1,7412.0,94.0,7318.0
01/07/2021,TM-042    ,534,257.7,8706.0,276.0,8430.0
01/07/2021,TM-043    ,443,175.3,7321.0,107.0,7214.0
01/07/2021,TM-044    ,57,26.0,1059.0,32.0,1027.0
01/07/2021,TM-045    ,70,43.2,1637.0,0.0,1637.0
01/07/2021,TM-046    ,451,303.1,9393.0,42.0,9351.0
01/07/2021,TM-047    ,552,247.8,7011.0,166.0,6845.0
01/07/2021,TM-048    ,404,174.0,6890.0,82.0,6808.0
01/07/2021,TM-049    ,500,209.1,7902.0,171.0,7731.0
01/07/2021,TM-050    ,550,283.3,8008.0,75.0,7933.0
01/07/2021,TM-051    ,384,241.2,8025.0,78.0,7947.0
01/07/2021,TM-052    ,588,252.0,8153.0,57.0,8096.0
01/07/2021,TM-053    ,521,226.8,5972.0,63.0,5909.0
01/07/2021,TM-054    ,430,187.6,7962.0,57.0,7905.0
01/07/2021,TM-055    ,316,184.0,5346.0,54.0,5292.0
01/08/2021,AM-001    ,1,0.6,10.0,0.0,10.0
01/08/2021,AM-002    ,735,362.4,4680.0,79.0,4601.0
01/08/2021,AM-003    ,129,92.8,1106.0,148.0,958.0
01/08/2021,AM-004    ,1453,590.8,4668.0,144.0,4524.0
01/08/2021,AM-005    ,1497,575.7,5313.0,98.0,5215.0
01/08/2021,AM-006    ,1137,623.5,5837.0,98.0,5739.0
01/08/2021,AM-007    ,1413,666.8,5909.0,455.0,5454.0
01/08/2021,AM-008    ,243,92.8,2188.0,127.0,2061.0
01/08/2021,AM-009    ,356,196.2,3721.0,404.0,3317.0
01/08/2021,AM-01     ,1480,903.3,10669.0,105.0,10564.0
01/08/2021,AM-010    ,1869,928.6,5364.0,70.0,5294.0
01/08/2021,AM-011    ,619,220.4,4351.0,893.0,3458.0
01/08/2021,AM-012    ,486,213.3,6103.0,647.0,5456.0
01/08/2021,AM-013    ,104,50.5,784.0,125.0,659.0
01/08/2021,AM-014    ,597,250.2,7558.0,873.0,6685.0
01/08/2021,AM-015    ,643,332.8,5381.0,734.0,4647.0
01/08/2021,AM-016    ,469,249.1,5542.0,915.0,4627.0
01/08/2021,AM-017    ,25,15.2,397.0,100.0,297.0
01/08/2021,AM-018    ,695,384.3,10924.0,1625.0,9299.0
01/08/2021,AM-019    ,207,96.8,3155.0,593.0,2562.0
01/08/2021,AM-02     ,1470,588.8,6511.0,99.0,6412.0
01/08/2021,AM-020    ,203,140.0,5251.0,1341.0,3910.0
01/08/2021,AM-021    ,599,218.8,8497.0,1322.0,7175.0
01/08/2021,AM-022    ,470,250.4,10495.0,2219.0,8276.0
01/08/2021,AM-023    ,204,94.7,6245.0,2336.0,3909.0
01/08/2021,AM-024    ,415,313.3,11265.0,1636.0,9629.0
01/08/2021,AM-025    ,534,207.7,7250.0,1864.0,5386.0
01/08/2021,AM-026    ,584,322.0,9252.0,2456.0,6796.0
01/08/2021,AM-027    ,323,251.8,7019.0,1690.0,5329.0
01/08/2021,AM-028    ,168,82.0,2903.0,645.0,2258.0
01/08/2021,AM-029    ,36,23.6,783.0,121.0,662.0
01/08/2021,AM-03     ,862,426.0,8541.0,634.0,7907.0
01/08/2021,AM-030    ,626,430.7,8656.0,670.0,7986.0
01/08/2021,AM-031    ,590,260.3,8706.0,1403.0,7303.0
01/08/2021,AM-032    ,591,357.7,12893.0,1841.0,11052.0
01/08/2021,AM-033    ,381,153.6,3511.0,308.0,3203.0
01/08/2021,AM-034    ,449,334.4,8945.0,2012.0,6933.0
01/08/2021,AM-035    ,164,88.4,2925.0,872.0,2053.0
01/08/2021,AM-036    ,648,394.0,7423.0,650.0,6773.0
01/08/2021,AM-037    ,813,383.3,9433.0,629.0,8804.0
01/08/2021,AM-038    ,806,393.5,10003.0,607.0,9396.0
01/08/2021,AM-039    ,615,359.5,8116.0,697.0,7419.0
01/08/2021,AM-04     ,836,325.0,8734.0,585.0,8149.0
01/08/2021,AM-040    ,462,196.3,5208.0,453.0,4755.0
01/08/2021,AM-041    ,641,385.0,6895.0,940.0,5955.0
01/08/2021,AM-042    ,729,404.4,8081.0,913.0,7168.0
01/08/2021,AM-043    ,610,404.5,8862.0,1369.0,7493.0
01/08/2021,AM-044    ,568,273.2,9347.0,571.0,8776.0
01/08/2021,AM-045    ,909,372.9,8453.0,1215.0,7238.0
01/08/2021,AM-046    ,971,434.2,10876.0,1286.0,9590.0
01/08/2021,AM-047    ,546,298.2,4866.0,539.0,4327.0
01/08/2021,AM-048    ,351,148.0,4119.0,370.0,3749.0
01/08/2021,AM-049    ,629,399.9,7309.0,740.0,6569.0
01/08/2021,AM-05     ,839,386.1,7502.0,500.0,7002.0
01/08/2021,AM-050    ,372,131.5,3012.0,344.0,2668.0
01/08/2021,AM-051    ,480,182.6,7757.0,900.0,6857.0
01/08/2021,AM-052    ,2769,1082.1,7567.0,304.0,7263.0
01/08/2021,AM-053    ,742,351.8,6782.0,936.0,5846.0
01/08/2021,AM-054    ,442,216.5,9706.0,1722.0,7984.0
01/08/2021,AM-056    ,90,44.8,2567.0,1040.0,1527.0
01/08/2021,AM-058    ,1812,873.6,6099.0,546.0,5553.0
01/08/2021,AM-059    ,1724,668.1,6915.0,408.0,6507.0
01/08/2021,AM-06     ,521,299.0,6184.0,177.0,6007.0
01/08/2021,AM-060    ,1077,656.8,6041.0,343.0,5698.0
01/08/2021,AM-061    ,38,17.6,172.0,31.0,141.0
01/08/2021,AM-062    ,796,598.7,5171.0,906.0,4265.0
01/08/2021,AM-063    ,900,527.7,5186.0,624.0,4562.0
01/08/2021,AM-064    ,1140,637.2,7890.0,991.0,6899.0
01/08/2021,AM-065    ,1177,568.8,6348.0,1049.0,5299.0
01/08/2021,AM-066    ,390,146.0,1339.0,211.0,1128.0
01/08/2021,AM-067    ,195,93.6,820.0,183.0,637.0
01/08/2021,AM-068    ,1385,606.3,6229.0,907.0,5322.0
01/08/2021,AM-069    ,420,229.5,4727.0,922.0,3805.0
01/08/2021,AM-07     ,610,374.7,7097.0,293.0,6804.0
01/08/2021,AM-070    ,81,37.5,353.0,58.0,295.0
01/08/2021,AM-072    ,1003,440.4,10106.0,1219.0,8887.0
01/08/2021,AM-074    ,2201,782.8,7046.0,421.0,6625.0
01/08/2021,AM-075    ,567,227.1,5654.0,642.0,5012.0
01/08/2021,AM-077    ,184,92.4,653.0,48.0,605.0
01/08/2021,AM-078    ,476,287.1,5636.0,916.0,4720.0
01/08/2021,AM-079    ,544,293.7,6229.0,164.0,6065.0
01/08/2021,AM-08     ,28,13.4,238.0,21.0,217.0
01/08/2021,AM-080    ,557,345.5,6817.0,162.0,6655.0
01/08/2021,AM-081    ,1600,761.0,7874.0,411.0,7463.0
01/08/2021,AM-082    ,1217,565.2,7356.0,291.0,7065.0
01/08/2021,AM-083    ,610,253.9,2306.0,297.0,2009.0
01/08/2021,AM-084    ,1443,838.0,7688.0,331.0,7357.0
01/08/2021,AM-085    ,1441,575.6,7738.0,293.0,7445.0
01/08/2021,AM-086    ,1078,564.1,5366.0,775.0,4591.0
01/08/2021,AM-087    ,326,124.8,3497.0,82.0,3415.0
01/08/2021,AM-088    ,114,60.0,1223.0,16.0,1207.0
01/08/2021,AM-089    ,595,279.0,6638.0,207.0,6431.0
01/08/2021,AM-09     ,4,2.5,97.0,24.0,73.0
01/08/2021,AM-090    ,1037,645.3,5258.0,176.0,5082.0
01/08/2021,AM-091    ,732,549.2,8479.0,539.0,7940.0
01/08/2021,AM-094    ,255,131.1,2816.0,189.0,2627.0
01/08/2021,AM-095    ,570,355.3,6110.0,335.0,5775.0
01/08/2021,AM-096    ,891,355.9,6502.0,1457.0,5045.0
01/08/2021,AM-098    ,1661,798.3,7359.0,567.0,6792.0
01/08/2021,AM-099    ,1,0.6,4.0,0.0,4.0
01/08/2021,AM-100    ,569,303.9,2291.0,77.0,2214.0
01/08/2021,AM-101    ,543,435.2,5295.0,149.0,5146.0
01/08/2021,AM-102    ,924,396.4,3143.0,697.0,2446.0
01/08/2021,AM-103    ,2252,1190.4,8162.0,186.0,7976.0
01/08/2021,AM-11     ,10,3.9,166.0,34.0,132.0
01/08/2021,AM-12     ,7,2.6,86.0,0.0,86.0
01/08/2021,AM-13     ,9,3.0,171.0,60.0,111.0
01/08/2021,AM-14     ,7,3.5,156.0,72.0,84.0
01/08/2021,AM-15     ,21,11.1,424.0,36.0,388.0
01/08/2021,AM-16     ,26,10.3,430.0,91.0,339.0
01/08/2021,AM-17     ,9,4.9,244.0,32.0,212.0
01/08/2021,AM-18     ,5,3.7,96.0,37.0,59.0
01/08/2021,AM-20     ,12,5.6,309.0,135.0,174.0
01/08/2021,AM-23     ,7,2.9,147.0,27.0,120.0
01/08/2021,AM-24     ,11,4.1,247.0,25.0,222.0
01/08/2021,AM-25     ,10,3.9,169.0,36.0,133.0
01/08/2021,AM-26     ,27,19.3,545.0,49.0,496.0
01/08/2021,AM-27     ,34,16.6,402.0,95.0,307.0
01/08/2021,AM-28     ,32,14.7,364.0,35.0,329.0
01/08/2021,AM-30     ,21,10.7,297.0,48.0,249.0
01/08/2021,AM-31     ,24,12.4,393.0,33.0,360.0
01/08/2021,AM-32     ,29,10.5,271.0,22.0,249.0
01/08/2021,AM-33     ,25,9.5,310.0,28.0,282.0
01/08/2021,AM-34     ,44,15.1,701.0,147.0,554.0
01/08/2021,AM-35     ,37,13.9,175.0,22.0,153.0
01/08/2021,AM-36     ,93,45.2,463.0,76.0,387.0
01/08/2021,AM-37     ,74,33.6,321.0,68.0,253.0
01/08/2021,AM-38     ,117,62.8,373.0,61.0,312.0
01/08/2021,AM-39     ,90,35.3,272.0,63.0,209.0
01/08/2021,AM-40     ,90,31.0,366.0,50.0,316.0
01/08/2021,AM-41     ,118,41.6,445.0,34.0,411.0
01/08/2021,AM-42     ,165,85.6,713.0,31.0,682.0
01/08/2021,AM-43     ,160,62.6,744.0,61.0,683.0
01/08/2021,AM-44     ,83,42.5,804.0,20.0,784.0
01/08/2021,AM-45     ,73,41.8,719.0,24.0,695.0
01/08/2021,AM-46     ,131,52.0,853.0,24.0,829.0
01/08/2021,AM-47     ,163,69.2,593.0,15.0,578.0
01/08/2021,AM-48     ,115,36.5,346.0,13.0,333.0
01/08/2021,AM-49     ,139,80.8,536.0,14.0,522.0
01/08/2021,AM-50     ,35,17.7,93.0,0.0,93.0
01/08/2021,AM-51     ,109,60.6,559.0,17.0,542.0
01/08/2021,AM-52     ,108,44.4,498.0,18.0,480.0
01/08/2021,AM-53     ,58,40.4,305.0,13.0,292.0
01/08/2021,AM-54     ,122,59.4,386.0,13.0,373.0
01/08/2021,AM-55     ,103,42.4,264.0,4.0,260.0
01/08/2021,AM-56     ,66,40.5,900.0,181.0,719.0
01/08/2021,AM-57     ,99,49.0,567.0,74.0,493.0
01/08/2021,AM-58     ,57,44.2,573.0,74.0,499.0
01/08/2021,AM-59     ,38,20.2,395.0,23.0,372.0
01/08/2021,AM-60     ,179,88.0,1168.0,85.0,1083.0
01/08/2021,AM-61     ,32,18.5,413.0,37.0,376.0
01/08/2021,AM-62     ,111,55.3,1063.0,46.0,1017.0
01/08/2021,AM-63     ,226,122.9,1038.0,105.0,933.0
01/08/2021,TM-001    ,692,296.1,10670.0,0.0,10670.0
01/08/2021,TM-002    ,447,318.5,7710.0,53.0,7657.0
01/08/2021,TM-003    ,614,237.2,11433.0,85.0,11348.0
01/08/2021,TM-005    ,277,187.5,5032.0,8.0,5024.0
01/08/2021,TM-008    ,254,153.9,3943.0,50.0,3893.0
01/08/2021,TM-009    ,606,366.7,9621.0,68.0,9553.0
01/08/2021,TM-011    ,494,221.4,6337.0,93.0,6244.0
01/08/2021,TM-012    ,603,347.2,6932.0,131.0,6801.0
01/08/2021,TM-013    ,673,363.2,10640.0,25.0,10615.0
01/08/2021,TM-014    ,181,64.6,2601.0,32.0,2569.0
01/08/2021,TM-015    ,543,310.4,8413.0,139.0,8274.0
01/08/2021,TM-016    ,496,339.4,9408.0,190.0,9218.0
01/08/2021,TM-017    ,191,72.7,2688.0,75.0,2613.0
01/08/2021,TM-018    ,452,247.4,8643.0,159.0,8484.0
01/08/2021,TM-019    ,511,266.2,8833.0,10.0,8823.0
01/08/2021,TM-020    ,459,261.2,10071.0,54.0,10017.0
01/08/2021,TM-022    ,275,136.8,4909.0,16.0,4893.0
01/08/2021,TM-023    ,613,214.2,7036.0,40.0,6996.0
01/08/2021,TM-024    ,648,247.2,8613.0,66.0,8547.0
01/08/2021,TM-025    ,628,277.9,8882.0,106.0,8776.0
01/08/2021,TM-026    ,487,213.1,9280.0,0.0,9280.0
01/08/2021,TM-027    ,496,351.8,8837.0,126.0,8711.0
01/08/2021,TM-028    ,472,314.2,7571.0,68.0,7503.0
01/08/2021,TM-029    ,453,205.3,7216.0,64.0,7152.0
01/08/2021,TM-030    ,610,319.8,8147.0,59.0,8088.0
01/08/2021,TM-031    ,493,239.6,7925.0,62.0,7863.0
01/08/2021,TM-032    ,686,389.9,9992.0,91.0,9901.0
01/08/2021,TM-033    ,506,213.8,10047.0,20.0,10027.0
01/08/2021,TM-034    ,711,253.0,8847.0,105.0,8742.0
01/08/2021,TM-036    ,234,126.9,3996.0,0.0,3996.0
01/08/2021,TM-038    ,610,361.2,11787.0,56.0,11731.0
01/08/2021,TM-039    ,481,253.1,7870.0,91.0,7779.0
01/08/2021,TM-040    ,457,269.6,8959.0,127.0,8832.0
01/08/2021,TM-041    ,422,192.2,7741.0,62.0,7679.0
01/08/2021,TM-042    ,384,208.4,8042.0,94.0,7948.0
01/08/2021,TM-043    ,366,140.3,6015.0,89.0,5926.0
01/08/2021,TM-045    ,227,126.1,5935.0,171.0,5764.0
01/08/2021,TM-046    ,368,262.8,7677.0,89.0,7588.0
01/08/2021,TM-047    ,316,167.2,7389.0,148.0,7241.0
01/08/2021,TM-048    ,388,248.1,8188.0,102.0,8086.0
01/08/2021,TM-049    ,609,315.2,7202.0,132.0,7070.0
01/08/2021,TM-050    ,495,189.2,6618.0,61.0,6557.0
01/08/2021,TM-051    ,493,309.1,9485.0,140.0,9345.0
01/08/2021,TM-052    ,374,291.8,5783.0,168.0,5615.0
01/08/2021,TM-053    ,419,216.4,7013.0,78.0,6935.0
01/08/2021,TM-054    ,526,222.5,7922.0,127.0,7795.0
01/08/2021,TM-055    ,384,208.4,6877.0,93.0,6784.0
01/09/2021,AM-001    ,1,0.5,4.0,0.0,4.0
01/09/2021,AM-008    ,2,0.9,33.0,12.0,21.0
01/09/2021,AM-01     ,2086,877.9,10162.0,90.0,10072.0
01/09/2021,AM-010    ,15,8.7,265.0,101.0,164.0
01/09/2021,AM-011    ,12,6.6,333.0,74.0,259.0
01/09/2021,AM-012    ,19,11.2,384.0,71.0,313.0
01/09/2021,AM-013    ,19,6.8,337.0,64.0,273.0
01/09/2021,AM-02     ,1794,938.6,7049.0,92.0,6957.0
01/09/2021,AM-020    ,9,4.8,155.0,0.0,155.0
01/09/2021,AM-021    ,9,3.6,147.0,32.0,115.0
01/09/2021,AM-026    ,5,2.5,147.0,72.0,75.0
01/09/2021,AM-03     ,703,481.4,7457.0,388.0,7069.0
01/09/2021,AM-030    ,25,12.7,221.0,18.0,203.0
01/09/2021,AM-033    ,7,4.9,77.0,34.0,43.0
01/09/2021,AM-038    ,57,25.0,305.0,59.0,246.0
01/09/2021,AM-04     ,1081,388.1,8041.0,462.0,7579.0
01/09/2021,AM-040    ,39,23.3,127.0,43.0,84.0
01/09/2021,AM-044    ,52,33.3,609.0,73.0,536.0
01/09/2021,AM-045    ,136,62.1,1532.0,154.0,1378.0
01/09/2021,AM-046    ,94,56.3,1145.0,112.0,1033.0
01/09/2021,AM-047    ,136,64.9,1151.0,72.0,1079.0
01/09/2021,AM-048    ,73,28.9,197.0,6.0,191.0
01/09/2021,AM-049    ,20,8.7,241.0,13.0,228.0
01/09/2021,AM-05     ,1080,422.8,9018.0,681.0,8337.0
01/09/2021,AM-050    ,185,78.4,1648.0,170.0,1478.0
01/09/2021,AM-051    ,15,6.9,462.0,95.0,367.0
01/09/2021,AM-053    ,39,24.3,474.0,99.0,375.0
01/09/2021,AM-055    ,1,0.6,10.0,0.0,10.0
01/09/2021,AM-059    ,20,14.2,300.0,3.0,297.0
01/09/2021,AM-06     ,724,484.7,8863.0,539.0,8324.0
01/09/2021,AM-060    ,272,150.0,861.0,56.0,805.0
01/09/2021,AM-062    ,17,8.3,224.0,22.0,202.0
01/09/2021,AM-063    ,21,11.8,270.0,42.0,228.0
01/09/2021,AM-064    ,12,5.7,84.0,12.0,72.0
01/09/2021,AM-066    ,17,11.2,182.0,20.0,162.0
01/09/2021,AM-067    ,62,24.6,473.0,34.0,439.0
01/09/2021,AM-068    ,488,224.2,4661.0,534.0,4127.0
01/09/2021,AM-069    ,506,373.1,6359.0,915.0,5444.0
01/09/2021,AM-07     ,1003,449.8,8345.0,541.0,7804.0
01/09/2021,AM-070    ,566,316.3,3930.0,740.0,3190.0
01/09/2021,AM-071    ,529,232.1,3335.0,488.0,2847.0
01/09/2021,AM-072    ,664,322.9,4168.0,423.0,3745.0
01/09/2021,AM-073    ,735,367.5,5266.0,239.0,5027.0
01/09/2021,AM-074    ,770,466.4,3682.0,432.0,3250.0
01/09/2021,AM-075    ,676,382.5,6519.0,553.0,5966.0
01/09/2021,AM-076    ,503,225.0,3398.0,179.0,3219.0
01/09/2021,AM-077    ,487,243.0,2402.0,249.0,2153.0
01/09/2021,AM-078    ,640,240.8,4739.0,619.0,4120.0
01/09/2021,AM-079    ,498,245.9,5441.0,374.0,5067.0
01/09/2021,AM-08     ,427,181.9,10418.0,2070.0,8348.0
01/09/2021,AM-080    ,684,362.8,5220.0,366.0,4854.0
01/09/2021,AM-081    ,1031,445.5,5464.0,462.0,5002.0
01/09/2021,AM-082    ,1460,645.0,6591.0,341.0,6250.0
01/09/2021,AM-083    ,318,129.1,3782.0,654.0,3128.0
01/09/2021,AM-084    ,1290,637.4,6078.0,337.0,5741.0
01/09/2021,AM-085    ,1349,653.3,7855.0,301.0,7554.0
01/09/2021,AM-086    ,862,299.7,4513.0,718.0,3795.0
01/09/2021,AM-087    ,475,309.9,5958.0,296.0,5662.0
01/09/2021,AM-088    ,324,153.4,1783.0,208.0,1575.0
01/09/2021,AM-089    ,540,313.7,4810.0,257.0,4553.0
01/09/2021,AM-09     ,575,206.3,8030.0,2183.0,5847.0
01/09/2021,AM-090    ,851,560.4,4437.0,227.0,4210.0
01/09/2021,AM-091    ,208,93.8,2649.0,258.0,2391.0
01/09/2021,AM-092    ,85,53.6,743.0,73.0,670.0
01/09/2021,AM-093    ,27,17.9,739.0,84.0,655.0
01/09/2021,AM-094    ,72,30.6,844.0,246.0,598.0
01/09/2021,AM-095    ,229,174.2,1781.0,276.0,1505.0
01/09/2021,AM-096    ,212,139.8,2611.0,898.0,1713.0
01/09/2021,AM-097    ,44,17.5,692.0,521.0,171.0
01/09/2021,AM-098    ,77,27.9,1004.0,199.0,805.0
01/09/2021,AM-099    ,20,9.0,443.0,93.0,350.0
01/09/2021,AM-10     ,426,188.8,6556.0,1751.0,4805.0
01/09/2021,AM-101    ,348,159.5,3013.0,84.0,2929.0
01/09/2021,AM-102    ,520,256.4,1874.0,442.0,1432.0
01/09/2021,AM-103    ,1796,1159.3,7336.0,161.0,7175.0
01/09/2021,AM-11     ,574,207.2,11254.0,1738.0,9516.0
01/09/2021,AM-12     ,615,297.2,12357.0,2213.0,10144.0
01/09/2021,AM-13     ,575,209.9,11195.0,2796.0,8399.0
01/09/2021,AM-14     ,558,224.6,7918.0,2189.0,5729.0
01/09/2021,AM-15     ,364,178.8,9668.0,1440.0,8228.0
01/09/2021,AM-16     ,293,130.1,5014.0,1565.0,3449.0
01/09/2021,AM-17     ,383,279.0,9357.0,1575.0,7782.0
01/09/2021,AM-18     ,451,262.4,9240.0,1589.0,7651.0
01/09/2021,AM-19     ,509,225.5,11166.0,2450.0,8716.0
01/09/2021,AM-20     ,627,257.7,7238.0,1619.0,5619.0
01/09/2021,AM-21     ,379,202.0,6475.0,2027.0,4448.0
01/09/2021,AM-22     ,378,277.7,11305.0,3108.0,8197.0
01/09/2021,AM-23     ,327,225.1,9004.0,1237.0,7767.0
01/09/2021,AM-24     ,475,211.4,6599.0,1364.0,5235.0
01/09/2021,AM-25     ,438,224.7,7144.0,2916.0,4228.0
01/09/2021,AM-26     ,530,388.5,11197.0,710.0,10487.0
01/09/2021,AM-27     ,504,240.0,10599.0,1229.0,9370.0
01/09/2021,AM-28     ,753,325.4,11952.0,554.0,11398.0
01/09/2021,AM-29     ,541,414.0,8447.0,808.0,7639.0
01/09/2021,AM-30     ,868,418.9,10382.0,793.0,9589.0
01/09/2021,AM-31     ,790,365.7,8802.0,736.0,8066.0
01/09/2021,AM-32     ,433,278.1,8981.0,736.0,8245.0
01/09/2021,AM-33     ,491,285.9,6231.0,751.0,5480.0
01/09/2021,AM-34     ,619,251.6,4034.0,762.0,3272.0
01/09/2021,AM-35     ,1070,615.4,3853.0,714.0,3139.0
01/09/2021,AM-36     ,1049,538.1,5254.0,953.0,4301.0
01/09/2021,AM-37     ,1524,729.6,5649.0,1008.0,4641.0
01/09/2021,AM-38     ,1412,681.2,5309.0,929.0,4380.0
01/09/2021,AM-39     ,1423,473.7,5885.0,651.0,5234.0
01/09/2021,AM-40     ,979,424.0,4247.0,721.0,3526.0
01/09/2021,AM-41     ,1664,846.2,7117.0,329.0,6788.0
01/09/2021,AM-42     ,1504,1039.0,9739.0,487.0,9252.0
01/09/2021,AM-43     ,761,292.2,6555.0,782.0,5773.0
01/09/2021,AM-44     ,1005,522.2,7847.0,378.0,7469.0
01/09/2021,AM-45     ,937,578.9,12172.0,542.0,11630.0
01/09/2021,AM-46     ,3013,1200.8,8324.0,397.0,7927.0
01/09/2021,AM-47     ,1527,1142.8,8532.0,389.0,8143.0
01/09/2021,AM-48     ,1852,1158.7,7076.0,378.0,6698.0
01/09/2021,AM-49     ,2053,1090.9,8677.0,285.0,8392.0
01/09/2021,AM-50     ,2231,982.2,8028.0,41.0,7987.0
01/09/2021,AM-51     ,698,549.5,3975.0,129.0,3846.0
01/09/2021,AM-52     ,1003,761.5,5524.0,53.0,5471.0
01/09/2021,AM-53     ,1446,714.2,7720.0,129.0,7591.0
01/09/2021,AM-54     ,949,334.4,3900.0,0.0,3900.0
01/09/2021,AM-55     ,451,166.9,1551.0,6.0,1545.0
01/09/2021,AM-56     ,35,21.2,659.0,325.0,334.0
01/09/2021,AM-57     ,18,6.3,73.0,11.0,62.0
01/09/2021,AM-58     ,18,9.5,97.0,24.0,73.0
01/09/2021,AM-60     ,89,58.7,484.0,19.0,465.0
01/09/2021,AM-64     ,873,280.1,6431.0,854.0,5577.0
01/09/2021,AM-65     ,578,353.0,5226.0,547.0,4679.0
01/09/2021,AM-66     ,732,263.9,5006.0,791.0,4215.0
01/09/2021,AM-67     ,417,326.0,4564.0,731.0,3833.0
01/09/2021,TM-001    ,664,239.9,8714.0,63.0,8651.0
01/09/2021,TM-002    ,90,64.0,2313.0,0.0,2313.0
01/09/2021,TM-003    ,713,324.0,8833.0,93.0,8740.0
01/09/2021,TM-004    ,455,193.2,8772.0,152.0,8620.0
01/09/2021,TM-005    ,773,237.9,7625.0,12.0,7613.0
01/09/2021,TM-008    ,450,273.0,11062.0,129.0,10933.0
01/09/2021,TM-009    ,559,243.3,7286.0,145.0,7141.0
01/09/2021,TM-011    ,598,279.4,9319.0,77.0,9242.0
01/09/2021,TM-012    ,574,326.1,7054.0,29.0,7025.0
01/09/2021,TM-013    ,628,288.7,11534.0,57.0,11477.0
01/09/2021,TM-015    ,451,216.4,5592.0,13.0,5579.0
01/09/2021,TM-016    ,532,286.2,7813.0,76.0,7737.0
01/09/2021,TM-017    ,41,22.7,585.0,90.0,495.0
01/09/2021,TM-018    ,516,238.2,7442.0,8.0,7434.0
01/09/2021,TM-019    ,678,250.8,9778.0,36.0,9742.0
01/09/2021,TM-020    ,311,177.8,7957.0,63.0,7894.0
01/09/2021,TM-021    ,95,54.5,1803.0,0.0,1803.0
01/09/2021,TM-022    ,561,223.2,8093.0,137.0,7956.0
01/09/2021,TM-023    ,5,1.9,51.0,0.0,51.0
01/09/2021,TM-024    ,508,206.8,8845.0,12.0,8833.0
01/09/2021,TM-025    ,664,347.2,9756.0,200.0,9556.0
01/09/2021,TM-026    ,476,229.6,10230.0,0.0,10230.0
01/09/2021,TM-027    ,465,233.8,8301.0,69.0,8232.0
01/09/2021,TM-028    ,547,266.4,9666.0,113.0,9553.0
01/09/2021,TM-029    ,574,267.4,8527.0,97.0,8430.0
01/09/2021,TM-030    ,592,295.9,7984.0,39.0,7945.0
01/09/2021,TM-032    ,519,307.9,9848.0,125.0,9723.0
01/09/2021,TM-033    ,745,293.3,8683.0,89.0,8594.0
01/09/2021,TM-034    ,696,285.2,7857.0,30.0,7827.0
01/09/2021,TM-038    ,729,282.4,8178.0,211.0,7967.0
01/09/2021,TM-039    ,638,259.5,11700.0,71.0,11629.0
01/09/2021,TM-040    ,114,75.0,1572.0,24.0,1548.0
01/09/2021,TM-041    ,590,246.5,9705.0,114.0,9591.0
01/09/2021,TM-042    ,563,246.2,6677.0,137.0,6540.0
01/09/2021,TM-043    ,283,130.5,4225.0,137.0,4088.0
01/09/2021,TM-045    ,216,89.4,2923.0,84.0,2839.0
01/09/2021,TM-046    ,552,243.9,7555.0,140.0,7415.0
01/09/2021,TM-047    ,652,273.8,8445.0,56.0,8389.0
01/09/2021,TM-048    ,502,248.8,7429.0,86.0,7343.0
01/09/2021,TM-049    ,577,229.0,7779.0,50.0,7729.0
01/09/2021,TM-050    ,506,231.3,9084.0,101.0,8983.0
01/09/2021,TM-051    ,568,269.8,7385.0,167.0,7218.0
01/09/2021,TM-052    ,609,315.1,7526.0,58.0,7468.0
01/09/2021,TM-053    ,388,205.3,9294.0,82.0,9212.0
01/09/2021,TM-054    ,402,263.2,9345.0,72.0,9273.0
01/09/2021,TM-055    ,403,184.3,6463.0,128.0,6335.0
01/09/2021,TM-056    ,55,18.7,887.0,15.0,872.0
01/09/2021,TM-057    ,61,22.4,949.0,0.0,949.0
01/09/2021,TM-058    ,43,21.4,835.0,23.0,812.0
01/09/2021,TM-059    ,47,24.9,612.0,11.0,601.0
01/10/2021,AM-01     ,1874,1013.3,11921.0,98.0,11823.0
01/10/2021,AM-02     ,2413,803.0,8104.0,123.0,7981.0
01/10/2021,AM-03     ,813,261.9,4954.0,497.0,4457.0
01/10/2021,AM-04     ,1057,521.6,7379.0,412.0,6967.0
01/10/2021,AM-05     ,884,376.3,9037.0,400.0,8637.0
01/10/2021,AM-06     ,773,424.9,8833.0,325.0,8508.0
01/10/2021,AM-068    ,873,452.3,6220.0,1074.0,5146.0
01/10/2021,AM-069    ,787,527.1,6290.0,871.0,5419.0
01/10/2021,AM-07     ,1198,459.8,7170.0,721.0,6449.0
01/10/2021,AM-070    ,1314,450.7,4322.0,687.0,3635.0
01/10/2021,AM-071    ,1325,456.6,5677.0,597.0,5080.0
01/10/2021,AM-072    ,2080,703.1,9798.0,564.0,9234.0
01/10/2021,AM-073    ,1352,634.3,7050.0,537.0,6513.0
01/10/2021,AM-074    ,1225,582.7,5862.0,738.0,5124.0
01/10/2021,AM-075    ,1181,426.0,6140.0,783.0,5357.0
01/10/2021,AM-076    ,1409,453.2,6530.0,616.0,5914.0
01/10/2021,AM-077    ,1150,664.2,7189.0,470.0,6719.0
01/10/2021,AM-078    ,705,380.6,5609.0,893.0,4716.0
01/10/2021,AM-079    ,589,445.2,8509.0,1099.0,7410.0
01/10/2021,AM-08     ,757,322.3,10412.0,1982.0,8430.0
01/10/2021,AM-080    ,808,378.0,8030.0,612.0,7418.0
01/10/2021,AM-081    ,783,469.6,6449.0,641.0,5808.0
01/10/2021,AM-082    ,1059,591.8,5258.0,318.0,4940.0
01/10/2021,AM-083    ,706,388.3,6130.0,325.0,5805.0
01/10/2021,AM-084    ,975,478.1,8798.0,465.0,8333.0
01/10/2021,AM-085    ,815,438.7,6650.0,315.0,6335.0
01/10/2021,AM-086    ,967,392.6,8193.0,405.0,7788.0
01/10/2021,AM-087    ,767,380.3,6646.0,311.0,6335.0
01/10/2021,AM-088    ,712,351.8,4796.0,514.0,4282.0
01/10/2021,AM-089    ,560,277.4,5145.0,541.0,4604.0
01/10/2021,AM-09     ,656,218.7,12233.0,2144.0,10089.0
01/10/2021,AM-090    ,391,211.8,4965.0,839.0,4126.0
01/10/2021,AM-091    ,383,214.5,5036.0,1084.0,3952.0
01/10/2021,AM-092    ,283,106.5,4150.0,1063.0,3087.0
01/10/2021,AM-093    ,238,135.3,3949.0,1190.0,2759.0
01/10/2021,AM-094    ,166,97.8,4687.0,1149.0,3538.0
01/10/2021,AM-095    ,192,149.9,2784.0,1019.0,1765.0
01/10/2021,AM-096    ,298,154.8,3034.0,821.0,2213.0
01/10/2021,AM-097    ,210,100.3,4063.0,1525.0,2538.0
01/10/2021,AM-098    ,90,44.9,1553.0,422.0,1131.0
01/10/2021,AM-099    ,10,7.2,141.0,23.0,118.0
01/10/2021,AM-10     ,254,154.7,5113.0,499.0,4614.0
01/10/2021,AM-100    ,14,8.2,443.0,116.0,327.0
01/10/2021,AM-101    ,17,10.1,82.0,14.0,68.0
01/10/2021,AM-102    ,133,54.6,455.0,62.0,393.0
01/10/2021,AM-103    ,787,392.8,2456.0,88.0,2368.0
01/10/2021,AM-11     ,525,320.6,12283.0,2844.0,9439.0
01/10/2021,AM-12     ,548,253.6,11092.0,2524.0,8568.0
01/10/2021,AM-13     ,414,213.2,11280.0,1882.0,9398.0
01/10/2021,AM-14     ,446,189.9,9011.0,1651.0,7360.0
01/10/2021,AM-15     ,379,154.0,6861.0,1214.0,5647.0
01/10/2021,AM-16     ,309,145.4,4688.0,1702.0,2986.0
01/10/2021,AM-17     ,482,190.2,7377.0,2132.0,5245.0
01/10/2021,AM-18     ,607,288.3,8034.0,1376.0,6658.0
01/10/2021,AM-19     ,607,217.3,7685.0,1090.0,6595.0
01/10/2021,AM-20     ,295,174.9,6310.0,612.0,5698.0
01/10/2021,AM-21     ,636,247.0,9902.0,2276.0,7626.0
01/10/2021,AM-22     ,490,305.3,10542.0,1063.0,9479.0
01/10/2021,AM-23     ,343,184.4,8393.0,2656.0,5737.0
01/10/2021,AM-24     ,423,170.6,9363.0,2182.0,7181.0
01/10/2021,AM-25     ,583,186.8,8891.0,1157.0,7734.0
01/10/2021,AM-26     ,727,381.6,9086.0,529.0,8557.0
01/10/2021,AM-27     ,598,343.2,11246.0,899.0,10347.0
01/10/2021,AM-28     ,736,331.0,7670.0,933.0,6737.0
01/10/2021,AM-29     ,592,328.4,11612.0,813.0,10799.0
01/10/2021,AM-30     ,514,253.3,8159.0,509.0,7650.0
01/10/2021,AM-31     ,578,357.9,10003.0,638.0,9365.0
01/10/2021,AM-32     ,472,290.7,6605.0,670.0,5935.0
01/10/2021,AM-33     ,375,187.2,3864.0,365.0,3499.0
01/10/2021,AM-34     ,347,169.6,3944.0,447.0,3497.0
01/10/2021,AM-35     ,1440,545.9,6639.0,1518.0,5121.0
01/10/2021,AM-36     ,1020,485.5,4629.0,932.0,3697.0
01/10/2021,AM-37     ,946,540.6,4464.0,510.0,3954.0
01/10/2021,AM-38     ,1413,500.0,4476.0,994.0,3482.0
01/10/2021,AM-39     ,1145,507.9,4960.0,651.0,4309.0
01/10/2021,AM-40     ,897,346.4,4801.0,782.0,4019.0
01/10/2021,AM-41     ,1390,1021.2,8110.0,324.0,7786.0
01/10/2021,AM-42     ,1598,1111.4,7637.0,327.0,7310.0
01/10/2021,AM-43     ,398,223.7,3223.0,275.0,2948.0
01/10/2021,AM-44     ,704,385.6,7109.0,164.0,6945.0
01/10/2021,AM-45     ,639,306.9,8822.0,209.0,8613.0
01/10/2021,AM-46     ,1709,1014.9,6940.0,195.0,6745.0
01/10/2021,AM-47     ,1450,693.7,8674.0,410.0,8264.0
01/10/2021,AM-48     ,1504,1007.5,7061.0,462.0,6599.0
01/10/2021,AM-49     ,1778,917.5,8460.0,272.0,8188.0
01/10/2021,AM-50     ,1718,1207.7,6688.0,91.0,6597.0
01/10/2021,AM-51     ,1833,818.0,6406.0,70.0,6336.0
01/10/2021,AM-52     ,1415,813.9,5980.0,13.0,5967.0
01/10/2021,AM-53     ,1396,730.6,5494.0,127.0,5367.0
01/10/2021,AM-54     ,687,362.9,5522.0,0.0,5522.0
01/10/2021,AM-55     ,1170,483.2,4470.0,29.0,4441.0
01/10/2021,AM-56     ,32,12.5,680.0,75.0,605.0
01/10/2021,AM-59     ,3,1.8,90.0,27.0,63.0
01/10/2021,AM-60     ,1,0.4,5.0,0.0,5.0
01/10/2021,AM-63     ,10,4.1,42.0,9.0,33.0
01/10/2021,AM-64     ,539,330.2,6921.0,788.0,6133.0
01/10/2021,AM-65     ,642,442.4,7692.0,806.0,6886.0
01/10/2021,AM-66     ,800,282.2,7304.0,804.0,6500.0
01/10/2021,AM-67     ,507,278.9,4679.0,444.0,4235.0
01/10/2021,TM-001    ,499,256.1,11248.0,83.0,11165.0
01/10/2021,TM-002    ,1,0.6,15.0,0.0,15.0
01/10/2021,TM-003    ,513,252.4,7487.0,54.0,7433.0
01/10/2021,TM-004    ,558,230.9,8790.0,9.0,8781.0
01/10/2021,TM-005    ,569,316.5,7333.0,50.0,7283.0
01/10/2021,TM-007    ,351,170.0,6005.0,10.0,5995.0
01/10/2021,TM-008    ,526,289.3,10299.0,47.0,10252.0
01/10/2021,TM-009    ,143,65.6,2151.0,0.0,2151.0
01/10/2021,TM-010    ,1,0.5,19.0,0.0,19.0
01/10/2021,TM-011    ,506,287.9,7666.0,81.0,7585.0
01/10/2021,TM-012    ,633,319.2,10936.0,113.0,10823.0
01/10/2021,TM-013    ,716,237.4,10036.0,50.0,9986.0
01/10/2021,TM-014    ,2,1.1,25.0,0.0,25.0
01/10/2021,TM-015    ,398,234.8,6683.0,32.0,6651.0
01/10/2021,TM-016    ,469,227.4,11438.0,28.0,11410.0
01/10/2021,TM-018    ,553,233.0,7176.0,0.0,7176.0
01/10/2021,TM-019    ,333,181.8,5464.0,0.0,5464.0
01/10/2021,TM-021    ,495,275.1,10961.0,41.0,10920.0
01/10/2021,TM-022    ,483,259.8,6585.0,21.0,6564.0
01/10/2021,TM-024    ,460,200.5,8334.0,37.0,8297.0
01/10/2021,TM-025    ,166,109.4,3444.0,0.0,3444.0
01/10/2021,TM-026    ,517,230.6,8317.0,108.0,8209.0
01/10/2021,TM-027    ,462,266.8,9185.0,8.0,9177.0
01/10/2021,TM-028    ,504,312.4,6847.0,44.0,6803.0
01/10/2021,TM-029    ,464,251.9,10315.0,24.0,10291.0
01/10/2021,TM-030    ,743,308.0,7482.0,31.0,7451.0
01/10/2021,TM-032    ,591,352.0,8167.0,17.0,8150.0
01/10/2021,TM-033    ,461,231.2,6781.0,0.0,6781.0
01/10/2021,TM-034    ,597,305.5,7838.0,0.0,7838.0
01/10/2021,TM-035    ,18,8.6,255.0,11.0,244.0
01/10/2021,TM-036    ,33,23.8,783.0,0.0,783.0
01/10/2021,TM-038    ,342,129.4,6523.0,50.0,6473.0
01/10/2021,TM-039    ,626,243.4,11358.0,83.0,11275.0
01/10/2021,TM-041    ,697,264.4,10023.0,63.0,9960.0
01/10/2021,TM-042    ,236,116.0,4640.0,58.0,4582.0
01/10/2021,TM-043    ,164,117.9,3871.0,77.0,3794.0
01/10/2021,TM-045    ,318,164.3,5409.0,74.0,5335.0
01/10/2021,TM-046    ,421,243.5,6406.0,276.0,6130.0
01/10/2021,TM-047    ,517,266.2,6139.0,125.0,6014.0
01/10/2021,TM-048    ,507,255.6,7687.0,263.0,7424.0
01/10/2021,TM-049    ,437,218.7,9188.0,113.0,9075.0
01/10/2021,TM-050    ,593,247.7,7790.0,215.0,7575.0
01/10/2021,TM-051    ,499,218.3,8161.0,92.0,8069.0
01/10/2021,TM-052    ,486,221.7,7172.0,305.0,6867.0
01/10/2021,TM-053    ,396,308.5,6449.0,173.0,6276.0
01/10/2021,TM-054    ,406,199.7,7652.0,205.0,7447.0
01/10/2021,TM-055    ,451,203.2,10102.0,57.0,10045.0
01/10/2021,TM-056    ,376,269.4,6671.0,150.0,6521.0
01/10/2021,TM-057    ,458,244.6,10235.0,297.0,9938.0
01/10/2021,TM-058    ,478,288.1,6904.0,237.0,6667.0
01/10/2021,TM-059    ,403,220.4,8081.0,145.0,7936.0
01/11/2021,AM-01     ,2322,916.4,9988.0,90.0,9898.0
01/11/2021,AM-02     ,1534,855.5,11252.0,104.0,11148.0
01/11/2021,AM-03     ,806,366.8,5544.0,310.0,5234.0
01/11/2021,AM-04     ,768,384.1,6154.0,562.0,5592.0
01/11/2021,AM-041    ,74,33.3,213.0,20.0,193.0
01/11/2021,AM-05     ,703,438.5,9840.0,448.0,9392.0
01/11/2021,AM-056    ,9,6.1,166.0,30.0,136.0
01/11/2021,AM-06     ,1116,348.5,6468.0,705.0,5763.0
01/11/2021,AM-067    ,22,9.5,80.0,9.0,71.0
01/11/2021,AM-068    ,813,365.8,3475.0,492.0,2983.0
01/11/2021,AM-069    ,572,393.9,3733.0,457.0,3276.0
01/11/2021,AM-07     ,692,320.7,9162.0,316.0,8846.0
01/11/2021,AM-070    ,863,412.6,4038.0,628.0,3410.0
01/11/2021,AM-071    ,1244,602.5,7032.0,976.0,6056.0
01/11/2021,AM-072    ,1693,716.8,8284.0,430.0,7854.0
01/11/2021,AM-073    ,1413,810.3,6176.0,470.0,5706.0
01/11/2021,AM-074    ,868,370.3,7922.0,713.0,7209.0
01/11/2021,AM-075    ,1222,601.1,7311.0,852.0,6459.0
01/11/2021,AM-076    ,1056,761.6,6597.0,335.0,6262.0
01/11/2021,AM-077    ,1133,669.8,8341.0,828.0,7513.0
01/11/2021,AM-078    ,772,388.8,7222.0,1204.0,6018.0
01/11/2021,AM-079    ,759,292.0,5853.0,943.0,4910.0
01/11/2021,AM-08     ,443,307.4,10521.0,1831.0,8690.0
01/11/2021,AM-080    ,580,353.7,8153.0,843.0,7310.0
01/11/2021,AM-081    ,774,280.2,7627.0,761.0,6866.0
01/11/2021,AM-082    ,810,496.0,5917.0,586.0,5331.0
01/11/2021,AM-083    ,782,372.1,8214.0,473.0,7741.0
01/11/2021,AM-084    ,704,345.6,5238.0,429.0,4809.0
01/11/2021,AM-085    ,825,357.0,5802.0,209.0,5593.0
01/11/2021,AM-086    ,797,306.6,5965.0,274.0,5691.0
01/11/2021,AM-087    ,501,335.0,4581.0,260.0,4321.0
01/11/2021,AM-088    ,673,388.9,5708.0,207.0,5501.0
01/11/2021,AM-089    ,483,296.3,5489.0,409.0,5080.0
01/11/2021,AM-09     ,402,297.7,12800.0,2947.0,9853.0
01/11/2021,AM-090    ,437,207.2,5693.0,917.0,4776.0
01/11/2021,AM-091    ,320,185.6,5608.0,1002.0,4606.0
01/11/2021,AM-092    ,251,82.1,3567.0,871.0,2696.0
01/11/2021,AM-093    ,168,104.8,4073.0,965.0,3108.0
01/11/2021,AM-094    ,284,124.7,4664.0,1032.0,3632.0
01/11/2021,AM-095    ,232,105.9,3093.0,1162.0,1931.0
01/11/2021,AM-096    ,103,52.7,2467.0,736.0,1731.0
01/11/2021,AM-097    ,176,82.8,1996.0,688.0,1308.0
01/11/2021,AM-098    ,21,13.3,415.0,69.0,346.0
01/11/2021,AM-099    ,30,13.1,531.0,160.0,371.0
01/11/2021,AM-10     ,532,237.8,8408.0,1350.0,7058.0
01/11/2021,AM-100    ,86,27.8,430.0,8.0,422.0
01/11/2021,AM-101    ,5,2.4,81.0,29.0,52.0
01/11/2021,AM-102    ,118,58.5,858.0,97.0,761.0
01/11/2021,AM-103    ,933,333.3,3048.0,103.0,2945.0
01/11/2021,AM-11     ,580,218.1,11906.0,1547.0,10359.0
01/11/2021,AM-12     ,457,254.8,9458.0,2342.0,7116.0
01/11/2021,AM-13     ,418,228.9,9286.0,1806.0,7480.0
01/11/2021,AM-14     ,250,116.2,4266.0,706.0,3560.0
01/11/2021,AM-15     ,453,212.3,7513.0,1428.0,6085.0
01/11/2021,AM-16     ,525,171.8,5700.0,982.0,4718.0
01/11/2021,AM-17     ,444,246.1,10016.0,2238.0,7778.0
01/11/2021,AM-18     ,505,254.1,10518.0,2276.0,8242.0
01/11/2021,AM-19     ,367,235.9,9870.0,1524.0,8346.0
01/11/2021,AM-20     ,350,234.2,7517.0,765.0,6752.0
01/11/2021,AM-21     ,373,246.2,7948.0,888.0,7060.0
01/11/2021,AM-22     ,549,214.6,10039.0,1835.0,8204.0
01/11/2021,AM-23     ,484,178.8,6697.0,1456.0,5241.0
01/11/2021,AM-24     ,552,241.9,10977.0,1738.0,9239.0
01/11/2021,AM-25     ,406,254.7,6640.0,2465.0,4175.0
01/11/2021,AM-26     ,813,424.2,9459.0,527.0,8932.0
01/11/2021,AM-27     ,696,366.9,9459.0,667.0,8792.0
01/11/2021,AM-28     ,778,253.6,10231.0,579.0,9652.0
01/11/2021,AM-29     ,698,295.2,10789.0,713.0,10076.0
01/11/2021,AM-30     ,564,273.8,7837.0,596.0,7241.0
01/11/2021,AM-31     ,675,357.5,7308.0,754.0,6554.0
01/11/2021,AM-32     ,621,271.7,8360.0,619.0,7741.0
01/11/2021,AM-33     ,432,234.6,5668.0,569.0,5099.0
01/11/2021,AM-34     ,584,271.8,4305.0,776.0,3529.0
01/11/2021,AM-35     ,877,611.0,4248.0,1125.0,3123.0
01/11/2021,AM-36     ,1267,602.1,5145.0,596.0,4549.0
01/11/2021,AM-37     ,1276,764.0,7071.0,1035.0,6036.0
01/11/2021,AM-38     ,1152,593.6,4428.0,837.0,3591.0
01/11/2021,AM-39     ,1331,588.1,4990.0,861.0,4129.0
01/11/2021,AM-40     ,1219,613.6,5938.0,589.0,5349.0
01/11/2021,AM-41     ,1345,885.5,8261.0,370.0,7891.0
01/11/2021,AM-42     ,1947,819.4,5947.0,412.0,5535.0
01/11/2021,AM-43     ,612,357.4,4086.0,313.0,3773.0
01/11/2021,AM-44     ,866,526.8,9724.0,288.0,9436.0
01/11/2021,AM-45     ,679,471.9,10643.0,459.0,10184.0
01/11/2021,AM-46     ,2452,1268.1,8456.0,244.0,8212.0
01/11/2021,AM-47     ,1917,775.5,8244.0,230.0,8014.0
01/11/2021,AM-48     ,1834,714.3,8310.0,353.0,7957.0
01/11/2021,AM-49     ,1985,821.9,6000.0,89.0,5911.0
01/11/2021,AM-50     ,2184,961.2,7616.0,77.0,7539.0
01/11/2021,AM-51     ,1373,967.8,5479.0,75.0,5404.0
01/11/2021,AM-52     ,1607,862.1,5178.0,73.0,5105.0
01/11/2021,AM-53     ,1384,819.5,5801.0,20.0,5781.0
01/11/2021,AM-54     ,972,438.9,5290.0,0.0,5290.0
01/11/2021,AM-55     ,480,240.7,2319.0,13.0,2306.0
01/11/2021,AM-56     ,12,6.3,125.0,8.0,117.0
01/11/2021,AM-58     ,16,8.1,146.0,7.0,139.0
01/11/2021,AM-64     ,699,243.7,4966.0,814.0,4152.0
01/11/2021,AM-65     ,634,360.2,6699.0,673.0,6026.0
01/11/2021,AM-66     ,634,285.8,6087.0,731.0,5356.0
01/11/2021,AM-67     ,453,233.8,6969.0,700.0,6269.0
01/11/2021,TM-001    ,600,207.4,6819.0,0.0,6819.0
01/11/2021,TM-003    ,417,318.1,7840.0,0.0,7840.0
01/11/2021,TM-004    ,474,236.7,6366.0,26.0,6340.0
01/11/2021,TM-005    ,356,133.9,4316.0,10.0,4306.0
01/11/2021,TM-006    ,299,151.3,5424.0,44.0,5380.0
01/11/2021,TM-007    ,471,295.3,8891.0,8.0,8883.0
01/11/2021,TM-008    ,578,274.2,7189.0,39.0,7150.0
01/11/2021,TM-010    ,636,307.1,7909.0,64.0,7845.0
01/11/2021,TM-011    ,572,212.0,9704.0,36.0,9668.0
01/11/2021,TM-012    ,328,178.9,5891.0,19.0,5872.0
01/11/2021,TM-013    ,517,239.0,7382.0,0.0,7382.0
01/11/2021,TM-015    ,490,253.4,9785.0,0.0,9785.0
01/11/2021,TM-016    ,456,242.4,6948.0,0.0,6948.0
01/11/2021,TM-018    ,442,248.5,10202.0,18.0,10184.0
01/11/2021,TM-019    ,225,110.5,3251.0,0.0,3251.0
01/11/2021,TM-021    ,591,344.3,10403.0,70.0,10333.0
01/11/2021,TM-022    ,492,233.5,6379.0,125.0,6254.0
01/11/2021,TM-024    ,526,316.8,8980.0,32.0,8948.0
01/11/2021,TM-026    ,636,296.6,8429.0,9.0,8420.0
01/11/2021,TM-027    ,435,319.7,7545.0,0.0,7545.0
01/11/2021,TM-028    ,214,89.5,2890.0,0.0,2890.0
01/11/2021,TM-029    ,466,241.4,7731.0,29.0,7702.0
01/11/2021,TM-030    ,282,118.5,4713.0,0.0,4713.0
01/11/2021,TM-032    ,344,263.2,5552.0,29.0,5523.0
01/11/2021,TM-033    ,553,175.4,7676.0,77.0,7599.0
01/11/2021,TM-034    ,615,261.2,6762.0,0.0,6762.0
01/11/2021,TM-035    ,517,230.4,6555.0,60.0,6495.0
01/11/2021,TM-036    ,390,161.8,5998.0,64.0,5934.0
01/11/2021,TM-039    ,621,275.1,7426.0,12.0,7414.0
01/11/2021,TM-040    ,576,306.9,8099.0,11.0,8088.0
01/11/2021,TM-041    ,151,96.5,2723.0,0.0,2723.0
01/11/2021,TM-042    ,184,104.1,3023.0,62.0,2961.0
01/11/2021,TM-043    ,476,199.4,7094.0,73.0,7021.0
01/11/2021,TM-044    ,160,83.8,3264.0,27.0,3237.0
01/11/2021,TM-045    ,551,240.4,7289.0,55.0,7234.0
01/11/2021,TM-046    ,604,187.4,8816.0,177.0,8639.0
01/11/2021,TM-047    ,571,242.2,6558.0,219.0,6339.0
01/11/2021,TM-048    ,289,160.0,4690.0,145.0,4545.0
01/11/2021,TM-049    ,415,269.3,8364.0,320.0,8044.0
01/11/2021,TM-050    ,576,259.4,6751.0,149.0,6602.0
01/11/2021,TM-051    ,572,253.2,7660.0,193.0,7467.0
01/11/2021,TM-052    ,328,158.2,5681.0,226.0,5455.0
01/11/2021,TM-053    ,631,210.5,6232.0,208.0,6024.0
01/11/2021,TM-054    ,602,266.3,6900.0,195.0,6705.0
01/11/2021,TM-055    ,383,168.2,6644.0,102.0,6542.0
01/11/2021,TM-056    ,488,184.4,8396.0,275.0,8121.0
01/11/2021,TM-057    ,528,268.2,7860.0,177.0,7683.0
01/11/2021,TM-058    ,415,274.3,8094.0,207.0,7887.0
01/11/2021,TM-059    ,473,235.5,6274.0,211.0,6063.0
01/12/2021,AM-01     ,2051,988.6,7594.0,134.0,7460.0
01/12/2021,AM-02     ,1452,1034.4,10799.0,142.0,10657.0
01/12/2021,AM-03     ,781,390.4,7976.0,555.0,7421.0
01/12/2021,AM-04     ,832,494.4,6763.0,407.0,6356.0
01/12/2021,AM-05     ,664,350.2,5184.0,273.0,4911.0
01/12/2021,AM-06     ,1018,449.4,9150.0,553.0,8597.0
01/12/2021,AM-068    ,704,391.7,3077.0,652.0,2425.0
01/12/2021,AM-069    ,714,292.1,3196.0,768.0,2428.0
01/12/2021,AM-07     ,987,484.3,8650.0,577.0,8073.0
01/12/2021,AM-070    ,792,380.4,3946.0,720.0,3226.0
01/12/2021,AM-071    ,834,590.5,4954.0,931.0,4023.0
01/12/2021,AM-072    ,1610,955.6,8707.0,716.0,7991.0
01/12/2021,AM-073    ,1349,858.0,6253.0,460.0,5793.0
01/12/2021,AM-074    ,1028,537.0,7716.0,417.0,7299.0
01/12/2021,AM-075    ,1146,488.5,5158.0,394.0,4764.0
01/12/2021,AM-076    ,1506,722.4,8099.0,330.0,7769.0
01/12/2021,AM-077    ,2235,914.7,9555.0,471.0,9084.0
01/12/2021,AM-078    ,881,424.8,7235.0,863.0,6372.0
01/12/2021,AM-079    ,767,371.3,8763.0,1718.0,7045.0
01/12/2021,AM-08     ,506,197.8,8664.0,1397.0,7267.0
01/12/2021,AM-080    ,550,450.3,6225.0,1140.0,5085.0
01/12/2021,AM-081    ,829,307.9,8803.0,779.0,8024.0
01/12/2021,AM-082    ,654,473.6,8649.0,723.0,7926.0
01/12/2021,AM-083    ,864,423.6,7498.0,530.0,6968.0
01/12/2021,AM-084    ,650,399.0,6223.0,580.0,5643.0
01/12/2021,AM-085    ,751,436.6,5881.0,326.0,5555.0
01/12/2021,AM-086    ,736,449.6,7049.0,405.0,6644.0
01/12/2021,AM-087    ,944,402.6,5646.0,229.0,5417.0
01/12/2021,AM-088    ,739,339.6,7286.0,432.0,6854.0
01/12/2021,AM-089    ,833,358.0,5511.0,489.0,5022.0
01/12/2021,AM-09     ,397,263.4,8254.0,1836.0,6418.0
01/12/2021,AM-090    ,720,319.7,6231.0,915.0,5316.0
01/12/2021,AM-091    ,415,252.1,5246.0,622.0,4624.0
01/12/2021,AM-092    ,451,167.9,5763.0,1018.0,4745.0
01/12/2021,AM-093    ,275,150.3,5368.0,994.0,4374.0
01/12/2021,AM-094    ,274,128.3,3750.0,786.0,2964.0
01/12/2021,AM-095    ,219,110.6,4154.0,1354.0,2800.0
01/12/2021,AM-096    ,223,99.1,3858.0,1538.0,2320.0
01/12/2021,AM-097    ,247,94.1,4442.0,985.0,3457.0
01/12/2021,AM-098    ,170,87.0,3228.0,1097.0,2131.0
01/12/2021,AM-099    ,234,119.1,3805.0,824.0,2981.0
01/12/2021,AM-10     ,574,226.2,7372.0,1555.0,5817.0
01/12/2021,AM-100    ,95,50.7,2339.0,662.0,1677.0
01/12/2021,AM-101    ,89,40.8,1050.0,186.0,864.0
01/12/2021,AM-102    ,120,74.7,1118.0,380.0,738.0
01/12/2021,AM-103    ,517,249.1,2311.0,156.0,2155.0
01/12/2021,AM-11     ,431,235.2,11626.0,2984.0,8642.0
01/12/2021,AM-12     ,451,270.4,11577.0,2346.0,9231.0
01/12/2021,AM-13     ,543,216.4,11459.0,1795.0,9664.0
01/12/2021,AM-14     ,335,141.4,5418.0,1394.0,4024.0
01/12/2021,AM-15     ,419,180.4,8761.0,819.0,7942.0
01/12/2021,AM-16     ,283,199.8,5232.0,613.0,4619.0
01/12/2021,AM-17     ,536,240.7,11673.0,1260.0,10413.0
01/12/2021,AM-18     ,486,235.2,8750.0,1577.0,7173.0
01/12/2021,AM-19     ,296,214.4,7107.0,1171.0,5936.0
01/12/2021,AM-20     ,318,178.9,7665.0,580.0,7085.0
01/12/2021,AM-21     ,634,333.7,9637.0,2148.0,7489.0
01/12/2021,AM-22     ,553,250.1,9116.0,2838.0,6278.0
01/12/2021,AM-23     ,286,207.5,6688.0,1836.0,4852.0
01/12/2021,AM-24     ,453,211.4,11097.0,1711.0,9386.0
01/12/2021,AM-25     ,313,212.3,8887.0,1261.0,7626.0
01/12/2021,AM-26     ,784,403.5,11100.0,935.0,10165.0
01/12/2021,AM-27     ,497,279.9,10276.0,473.0,9803.0
01/12/2021,AM-28     ,571,292.9,10191.0,803.0,9388.0
01/12/2021,AM-29     ,810,319.7,7732.0,570.0,7162.0
01/12/2021,AM-30     ,515,380.1,6879.0,657.0,6222.0
01/12/2021,AM-31     ,732,298.7,9788.0,762.0,9026.0
01/12/2021,AM-32     ,548,308.1,8061.0,825.0,7236.0
01/12/2021,AM-33     ,331,158.4,4164.0,363.0,3801.0
01/12/2021,AM-34     ,139,75.4,1429.0,101.0,1328.0
01/12/2021,AM-35     ,1044,486.8,4477.0,650.0,3827.0
01/12/2021,AM-36     ,1171,609.6,3958.0,656.0,3302.0
01/12/2021,AM-37     ,1327,574.3,5550.0,771.0,4779.0
01/12/2021,AM-38     ,993,607.0,5011.0,682.0,4329.0
01/12/2021,AM-39     ,1063,502.1,4761.0,839.0,3922.0
01/12/2021,AM-40     ,1042,470.7,6671.0,1122.0,5549.0
01/12/2021,AM-41     ,1635,827.6,6578.0,297.0,6281.0
01/12/2021,AM-42     ,2123,919.5,7627.0,210.0,7417.0
01/12/2021,AM-43     ,182,147.0,2489.0,248.0,2241.0
01/12/2021,AM-44     ,682,507.2,8207.0,145.0,8062.0
01/12/2021,AM-45     ,622,314.6,8058.0,267.0,7791.0
01/12/2021,AM-46     ,1715,966.3,8578.0,207.0,8371.0
01/12/2021,AM-47     ,1512,764.7,7718.0,346.0,7372.0
01/12/2021,AM-48     ,1979,1150.7,6073.0,534.0,5539.0
01/12/2021,AM-49     ,1620,991.6,7890.0,63.0,7827.0
01/12/2021,AM-50     ,1857,882.7,6787.0,78.0,6709.0
01/12/2021,AM-51     ,2317,946.4,8397.0,64.0,8333.0
01/12/2021,AM-52     ,1766,961.1,7509.0,86.0,7423.0
01/12/2021,AM-53     ,1513,844.7,5283.0,65.0,5218.0
01/12/2021,AM-54     ,839,391.4,3418.0,0.0,3418.0
01/12/2021,AM-55     ,674,323.3,2672.0,7.0,2665.0
01/12/2021,AM-60     ,1,0.4,28.0,25.0,3.0
01/12/2021,AM-61     ,32,12.2,240.0,21.0,219.0
01/12/2021,AM-62     ,32,20.3,146.0,25.0,121.0
01/12/2021,AM-63     ,14,7.9,266.0,30.0,236.0
01/12/2021,AM-64     ,674,334.6,7600.0,614.0,6986.0
01/12/2021,AM-65     ,624,351.0,6896.0,882.0,6014.0
01/12/2021,AM-66     ,768,293.1,7076.0,843.0,6233.0
01/12/2021,AM-67     ,733,363.0,7842.0,942.0,6900.0
01/12/2021,TM-0001   ,1,0.6,14.0,0.0,14.0
01/12/2021,TM-001    ,666,318.0,8225.0,0.0,8225.0
01/12/2021,TM-002    ,68,37.8,1054.0,0.0,1054.0
01/12/2021,TM-003    ,433,154.3,7123.0,9.0,7114.0
01/12/2021,TM-004    ,618,246.7,8013.0,0.0,8013.0
01/12/2021,TM-005    ,534,273.3,8346.0,30.0,8316.0
01/12/2021,TM-006    ,406,244.4,9200.0,0.0,9200.0
01/12/2021,TM-007    ,474,302.2,8230.0,0.0,8230.0
01/12/2021,TM-008    ,562,252.0,10805.0,0.0,10805.0
01/12/2021,TM-010    ,652,250.2,11697.0,24.0,11673.0
01/12/2021,TM-011    ,446,240.7,8166.0,0.0,8166.0
01/12/2021,TM-012    ,245,185.4,5111.0,78.0,5033.0
01/12/2021,TM-013    ,720,266.2,7681.0,21.0,7660.0
01/12/2021,TM-014    ,629,267.2,8888.0,0.0,8888.0
01/12/2021,TM-015    ,564,269.2,9815.0,89.0,9726.0
01/12/2021,TM-016    ,505,237.2,8933.0,123.0,8810.0
01/12/2021,TM-018    ,546,306.1,8438.0,86.0,8352.0
01/12/2021,TM-019    ,235,170.7,5968.0,39.0,5929.0
01/12/2021,TM-020    ,221,92.1,2798.0,42.0,2756.0
01/12/2021,TM-021    ,476,348.7,10112.0,29.0,10083.0
01/12/2021,TM-022    ,612,263.4,7211.0,72.0,7139.0
01/12/2021,TM-024    ,357,159.4,6144.0,21.0,6123.0
01/12/2021,TM-026    ,597,353.9,10764.0,11.0,10753.0
01/12/2021,TM-027    ,565,246.5,7928.0,0.0,7928.0
01/12/2021,TM-029    ,678,302.1,9773.0,37.0,9736.0
01/12/2021,TM-030    ,2,1.1,27.0,18.0,9.0
01/12/2021,TM-033    ,8,5.0,169.0,0.0,169.0
01/12/2021,TM-034    ,374,253.2,8854.0,52.0,8802.0
01/12/2021,TM-035    ,642,218.7,8838.0,9.0,8829.0
01/12/2021,TM-036    ,604,227.9,9781.0,0.0,9781.0
01/12/2021,TM-039    ,660,258.6,12087.0,0.0,12087.0
01/12/2021,TM-040    ,602,331.1,11197.0,31.0,11166.0
01/12/2021,TM-042    ,417,165.8,7363.0,17.0,7346.0
01/12/2021,TM-043    ,408,270.0,5821.0,115.0,5706.0
01/12/2021,TM-044    ,349,176.5,5591.0,84.0,5507.0
01/12/2021,TM-045    ,375,198.2,5097.0,89.0,5008.0
01/12/2021,TM-046    ,498,269.8,6466.0,321.0,6145.0
01/12/2021,TM-047    ,567,275.5,6918.0,271.0,6647.0
01/12/2021,TM-048    ,398,235.1,7573.0,170.0,7403.0
01/12/2021,TM-049    ,419,248.4,8439.0,265.0,8174.0
01/12/2021,TM-050    ,533,250.2,7204.0,155.0,7049.0
01/12/2021,TM-051    ,374,293.3,5687.0,252.0,5435.0
01/12/2021,TM-052    ,543,314.5,8082.0,185.0,7897.0
01/12/2021,TM-053    ,425,287.6,7497.0,282.0,7215.0
01/12/2021,TM-054    ,519,327.9,9851.0,101.0,9750.0
01/12/2021,TM-055    ,231,126.9,3625.0,164.0,3461.0
01/12/2021,TM-056    ,477,277.2,7011.0,155.0,6856.0
01/12/2021,TM-057    ,638,344.3,8025.0,214.0,7811.0
01/12/2021,TM-058    ,514,270.7,8205.0,128.0,8077.0
01/12/2021,TM-059    ,584,347.7,9394.0,157.0,9237.0
01/12/2021,TM-060    ,1,0.5,16.0,0.0,16.0
01/01/2022,AM-001    ,1,0.5,10.0,0.0,10.0
01/01/2022,AM-01     ,2430,1101.6,9175.0,120.0,9055.0
01/01/2022,AM-02     ,2163,1187.3,8902.0,123.0,8779.0
01/01/2022,AM-03     ,538,273.9,7457.0,312.0,7145.0
01/01/2022,AM-04     ,533,390.8,5562.0,521.0,5041.0
01/01/2022,AM-05     ,789,452.7,9414.0,594.0,8820.0
01/01/2022,AM-06     ,933,393.9,8807.0,400.0,8407.0
01/01/2022,AM-068    ,608,446.2,2605.0,633.0,1972.0
01/01/2022,AM-069    ,851,437.6,4836.0,684.0,4152.0
01/01/2022,AM-07     ,837,431.1,8005.0,386.0,7619.0
01/01/2022,AM-070    ,660,328.1,3743.0,579.0,3164.0
01/01/2022,AM-071    ,1097,478.5,4121.0,662.0,3459.0
01/01/2022,AM-072    ,1132,745.8,6803.0,886.0,5917.0
01/01/2022,AM-073    ,1129,682.9,5703.0,519.0,5184.0
01/01/2022,AM-074    ,1366,520.6,4814.0,376.0,4438.0
01/01/2022,AM-075    ,1334,822.8,7907.0,413.0,7494.0
01/01/2022,AM-076    ,1554,714.1,8375.0,318.0,8057.0
01/01/2022,AM-077    ,1606,927.1,5861.0,305.0,5556.0
01/01/2022,AM-078    ,1314,719.0,8146.0,387.0,7759.0
01/01/2022,AM-079    ,1240,495.8,9006.0,872.0,8134.0
01/01/2022,AM-08     ,636,263.7,6550.0,1709.0,4841.0
01/01/2022,AM-080    ,900,391.4,6755.0,852.0,5903.0
01/01/2022,AM-081    ,675,389.4,6783.0,649.0,6134.0
01/01/2022,AM-082    ,805,393.4,8041.0,941.0,7100.0
01/01/2022,AM-083    ,648,347.5,7885.0,518.0,7367.0
01/01/2022,AM-084    ,590,302.8,5464.0,487.0,4977.0
01/01/2022,AM-085    ,963,397.7,7895.0,550.0,7345.0
01/01/2022,AM-086    ,701,357.6,8424.0,507.0,7917.0
01/01/2022,AM-087    ,1021,338.6,9129.0,354.0,8775.0
01/01/2022,AM-088    ,739,462.2,6341.0,327.0,6014.0
01/01/2022,AM-089    ,593,370.5,7419.0,377.0,7042.0
01/01/2022,AM-09     ,423,223.5,8657.0,1589.0,7068.0
01/01/2022,AM-090    ,819,328.1,6747.0,427.0,6320.0
01/01/2022,AM-091    ,753,406.5,7151.0,545.0,6606.0
01/01/2022,AM-092    ,510,236.2,6380.0,664.0,5716.0
01/01/2022,AM-093    ,568,298.4,5664.0,635.0,5029.0
01/01/2022,AM-094    ,561,239.2,8127.0,1096.0,7031.0
01/01/2022,AM-095    ,383,200.5,4225.0,698.0,3527.0
01/01/2022,AM-096    ,304,201.3,3989.0,1004.0,2985.0
01/01/2022,AM-097    ,319,188.9,5098.0,1065.0,4033.0
01/01/2022,AM-098    ,227,110.4,4280.0,1782.0,2498.0
01/01/2022,AM-099    ,308,109.8,4019.0,1945.0,2074.0
01/01/2022,AM-10     ,554,202.2,7262.0,967.0,6295.0
01/01/2022,AM-100    ,157,90.3,3398.0,1000.0,2398.0
01/01/2022,AM-101    ,254,135.4,5283.0,1367.0,3916.0
01/01/2022,AM-102    ,318,100.3,3809.0,874.0,2935.0
01/01/2022,AM-103    ,412,193.1,3228.0,768.0,2460.0
01/01/2022,AM-11     ,496,212.9,9448.0,1868.0,7580.0
01/01/2022,AM-12     ,469,164.9,8679.0,1459.0,7220.0
01/01/2022,AM-13     ,403,227.7,10496.0,2489.0,8007.0
01/01/2022,AM-14     ,208,108.6,2201.0,372.0,1829.0
01/01/2022,AM-15     ,304,174.3,8088.0,1270.0,6818.0
01/01/2022,AM-16     ,432,134.0,5858.0,671.0,5187.0
01/01/2022,AM-17     ,618,241.2,8160.0,2090.0,6070.0
01/01/2022,AM-18     ,574,224.2,9201.0,1302.0,7899.0
01/01/2022,AM-19     ,517,211.4,10583.0,1039.0,9544.0
01/01/2022,AM-20     ,424,195.3,6196.0,807.0,5389.0
01/01/2022,AM-21     ,612,287.4,12154.0,1941.0,10213.0
01/01/2022,AM-22     ,451,275.4,10773.0,1582.0,9191.0
01/01/2022,AM-23     ,396,189.4,7537.0,1318.0,6219.0
01/01/2022,AM-24     ,373,182.3,9692.0,2275.0,7417.0
01/01/2022,AM-25     ,484,283.4,11043.0,2526.0,8517.0
01/01/2022,AM-26     ,578,386.5,8398.0,770.0,7628.0
01/01/2022,AM-27     ,525,389.4,9436.0,889.0,8547.0
01/01/2022,AM-28     ,602,289.5,9690.0,844.0,8846.0
01/01/2022,AM-29     ,635,351.7,9242.0,657.0,8585.0
01/01/2022,AM-30     ,403,252.9,4746.0,511.0,4235.0
01/01/2022,AM-31     ,734,385.6,7142.0,731.0,6411.0
01/01/2022,AM-32     ,474,241.4,9803.0,739.0,9064.0
01/01/2022,AM-33     ,388,239.5,4946.0,275.0,4671.0
01/01/2022,AM-35     ,751,452.6,3039.0,461.0,2578.0
01/01/2022,AM-36     ,1114,529.9,4794.0,637.0,4157.0
01/01/2022,AM-37     ,1223,696.2,6458.0,1025.0,5433.0
01/01/2022,AM-38     ,980,563.7,3339.0,558.0,2781.0
01/01/2022,AM-39     ,1018,414.3,3132.0,605.0,2527.0
01/01/2022,AM-40     ,1203,596.7,5982.0,837.0,5145.0
01/01/2022,AM-41     ,1657,944.7,8066.0,330.0,7736.0
01/01/2022,AM-42     ,1399,1116.7,7107.0,356.0,6751.0
01/01/2022,AM-44     ,1057,351.5,9900.0,267.0,9633.0
01/01/2022,AM-45     ,387,254.6,4847.0,272.0,4575.0
01/01/2022,AM-46     ,2219,1021.9,6510.0,211.0,6299.0
01/01/2022,AM-47     ,1852,1046.3,6373.0,488.0,5885.0
01/01/2022,AM-48     ,2039,870.7,6404.0,307.0,6097.0
01/01/2022,AM-49     ,1731,907.0,6924.0,45.0,6879.0
01/01/2022,AM-50     ,2356,1151.4,5270.0,129.0,5141.0
01/01/2022,AM-51     ,1462,617.9,4763.0,46.0,4717.0
01/01/2022,AM-52     ,1911,801.8,7598.0,41.0,7557.0
01/01/2022,AM-53     ,1824,730.5,5417.0,77.0,5340.0
01/01/2022,AM-54     ,893,412.5,4802.0,0.0,4802.0
01/01/2022,AM-55     ,979,468.5,2922.0,33.0,2889.0
01/01/2022,AM-56     ,13,6.6,119.0,3.0,116.0
01/01/2022,AM-58     ,27,12.9,290.0,32.0,258.0
01/01/2022,AM-62     ,50,17.9,154.0,30.0,124.0
01/01/2022,AM-64     ,650,270.0,7216.0,849.0,6367.0
01/01/2022,AM-65     ,687,373.5,7790.0,1272.0,6518.0
01/01/2022,AM-66     ,572,259.6,5918.0,446.0,5472.0
01/01/2022,AM-67     ,613,311.3,7581.0,941.0,6640.0
01/01/2022,TM-001    ,395,294.5,7851.0,29.0,7822.0
01/01/2022,TM-002    ,446,291.9,7759.0,17.0,7742.0
01/01/2022,TM-003    ,130,69.0,2477.0,0.0,2477.0
01/01/2022,TM-004    ,540,359.1,10478.0,89.0,10389.0
01/01/2022,TM-005    ,425,230.8,8441.0,48.0,8393.0
01/01/2022,TM-006    ,444,322.1,9598.0,66.0,9532.0
01/01/2022,TM-007    ,296,192.7,5156.0,51.0,5105.0
01/01/2022,TM-008    ,649,211.7,7144.0,0.0,7144.0
01/01/2022,TM-009    ,319,200.9,4651.0,31.0,4620.0
01/01/2022,TM-010    ,530,275.0,10891.0,47.0,10844.0
01/01/2022,TM-011    ,535,274.3,8837.0,36.0,8801.0
01/01/2022,TM-012    ,448,243.7,8567.0,31.0,8536.0
01/01/2022,TM-013    ,726,225.2,8312.0,0.0,8312.0
01/01/2022,TM-014    ,700,244.9,7872.0,44.0,7828.0
01/01/2022,TM-015    ,44,27.4,1055.0,0.0,1055.0
01/01/2022,TM-016    ,531,303.3,10604.0,0.0,10604.0
01/01/2022,TM-018    ,717,276.6,7760.0,38.0,7722.0
01/01/2022,TM-019    ,681,305.7,10195.0,50.0,10145.0
01/01/2022,TM-020    ,487,272.1,7656.0,131.0,7525.0
01/01/2022,TM-021    ,504,262.8,6960.0,0.0,6960.0
01/01/2022,TM-022    ,463,276.5,9928.0,23.0,9905.0
01/01/2022,TM-023    ,334,161.8,4527.0,20.0,4507.0
01/01/2022,TM-025    ,3,2.0,73.0,0.0,73.0
01/01/2022,TM-026    ,405,161.9,4181.0,0.0,4181.0
01/01/2022,TM-027    ,482,190.3,6491.0,54.0,6437.0
01/01/2022,TM-029    ,575,246.7,7941.0,9.0,7932.0
01/01/2022,TM-031    ,244,93.3,3531.0,36.0,3495.0
01/01/2022,TM-034    ,524,323.2,9672.0,61.0,9611.0
01/01/2022,TM-035    ,483,251.8,8211.0,10.0,8201.0
01/01/2022,TM-036    ,453,237.7,8198.0,0.0,8198.0
01/01/2022,TM-037    ,51,34.6,911.0,0.0,911.0
01/01/2022,TM-039    ,682,273.2,10687.0,8.0,10679.0
01/01/2022,TM-040    ,521,245.2,9468.0,9.0,9459.0
01/01/2022,TM-043    ,316,169.4,6950.0,55.0,6895.0
01/01/2022,TM-044    ,295,135.9,3245.0,99.0,3146.0
01/01/2022,TM-045    ,395,134.9,4790.0,114.0,4676.0
01/01/2022,TM-046    ,601,241.8,5969.0,220.0,5749.0
01/01/2022,TM-047    ,625,251.4,6393.0,193.0,6200.0
01/01/2022,TM-048    ,381,248.8,6388.0,143.0,6245.0
01/01/2022,TM-049    ,479,269.3,6273.0,249.0,6024.0
01/01/2022,TM-050    ,542,277.3,8011.0,191.0,7820.0
01/01/2022,TM-051    ,571,200.8,10302.0,251.0,10051.0
01/01/2022,TM-052    ,437,237.6,6722.0,295.0,6427.0
01/01/2022,TM-053    ,596,229.2,9480.0,202.0,9278.0
01/01/2022,TM-054    ,407,194.2,6079.0,114.0,5965.0
01/01/2022,TM-055    ,397,206.2,7898.0,264.0,7634.0
01/01/2022,TM-056    ,519,230.7,8699.0,90.0,8609.0
01/01/2022,TM-057    ,488,235.5,8885.0,224.0,8661.0
01/01/2022,TM-058    ,489,254.2,6044.0,101.0,5943.0
01/01/2022,TM-059    ,141,83.2,2549.0,68.0,2481.0
01/01/2022,TM-060    ,27,12.8,293.0,0.0,293.0
01/02/2022,AM-01     ,1517,788.6,8041.0,111.0,7930.0
01/02/2022,AM-02     ,1102,605.6,8026.0,63.0,7963.0
01/02/2022,AM-03     ,1018,434.8,8520.0,352.0,8168.0
01/02/2022,AM-04     ,928,288.0,7687.0,379.0,7308.0
01/02/2022,AM-05     ,823,275.3,6207.0,283.0,5924.0
01/02/2022,AM-06     ,853,354.3,8113.0,558.0,7555.0
01/02/2022,AM-068    ,879,498.4,4105.0,649.0,3456.0
01/02/2022,AM-069    ,919,497.6,3349.0,1211.0,2138.0
01/02/2022,AM-07     ,611,305.7,8170.0,508.0,7662.0
01/02/2022,AM-070    ,788,484.5,3296.0,872.0,2424.0
01/02/2022,AM-071    ,875,521.8,3291.0,637.0,2654.0
01/02/2022,AM-072    ,1424,853.9,5431.0,390.0,5041.0
01/02/2022,AM-073    ,1278,667.1,6760.0,528.0,6232.0
01/02/2022,AM-074    ,843,402.2,6471.0,563.0,5908.0
01/02/2022,AM-075    ,651,354.2,5090.0,466.0,4624.0
01/02/2022,AM-076    ,870,508.5,7261.0,551.0,6710.0
01/02/2022,AM-077    ,1276,598.8,8186.0,528.0,7658.0
01/02/2022,AM-078    ,678,438.2,7907.0,631.0,7276.0
01/02/2022,AM-079    ,731,321.1,7024.0,1260.0,5764.0
01/02/2022,AM-08     ,454,278.5,8482.0,905.0,7577.0
01/02/2022,AM-080    ,620,376.0,7274.0,896.0,6378.0
01/02/2022,AM-081    ,635,360.5,5549.0,354.0,5195.0
01/02/2022,AM-082    ,909,449.9,5899.0,430.0,5469.0
01/02/2022,AM-083    ,586,387.3,6001.0,376.0,5625.0
01/02/2022,AM-084    ,825,302.9,4977.0,368.0,4609.0
01/02/2022,AM-085    ,844,360.5,5843.0,269.0,5574.0
01/02/2022,AM-086    ,747,422.0,6516.0,310.0,6206.0
01/02/2022,AM-087    ,926,457.0,5249.0,272.0,4977.0
01/02/2022,AM-088    ,1143,498.8,5988.0,352.0,5636.0
01/02/2022,AM-089    ,915,476.6,5774.0,312.0,5462.0
01/02/2022,AM-09     ,529,184.4,10237.0,1811.0,8426.0
01/02/2022,AM-090    ,1003,371.1,6760.0,280.0,6480.0
01/02/2022,AM-091    ,759,383.3,5354.0,381.0,4973.0
01/02/2022,AM-092    ,705,251.0,6199.0,949.0,5250.0
01/02/2022,AM-093    ,502,211.5,5181.0,1046.0,4135.0
01/02/2022,AM-094    ,387,156.6,4568.0,839.0,3729.0
01/02/2022,AM-095    ,377,164.6,4889.0,1969.0,2920.0
01/02/2022,AM-096    ,297,145.7,5714.0,1546.0,4168.0
01/02/2022,AM-097    ,234,131.7,4614.0,1324.0,3290.0
01/02/2022,AM-098    ,276,119.2,5076.0,1234.0,3842.0
01/02/2022,AM-099    ,251,84.8,4453.0,1323.0,3130.0
01/02/2022,AM-10     ,400,301.4,3699.0,429.0,3270.0
01/02/2022,AM-100    ,258,103.8,3024.0,748.0,2276.0
01/02/2022,AM-101    ,111,73.1,2208.0,304.0,1904.0
01/02/2022,AM-102    ,227,137.4,2691.0,477.0,2214.0
01/02/2022,AM-103    ,763,290.6,3484.0,533.0,2951.0
01/02/2022,AM-11     ,327,234.9,9973.0,1643.0,8330.0
01/02/2022,AM-12     ,559,255.0,11265.0,1308.0,9957.0
01/02/2022,AM-13     ,477,197.2,10106.0,1819.0,8287.0
01/02/2022,AM-14     ,255,106.8,2785.0,916.0,1869.0
01/02/2022,AM-15     ,281,227.7,5212.0,879.0,4333.0
01/02/2022,AM-16     ,259,163.5,3448.0,434.0,3014.0
01/02/2022,AM-17     ,459,185.3,7774.0,1847.0,5927.0
01/02/2022,AM-18     ,526,194.8,8591.0,1946.0,6645.0
01/02/2022,AM-19     ,507,274.9,9739.0,2149.0,7590.0
01/02/2022,AM-20     ,247,154.2,5457.0,486.0,4971.0
01/02/2022,AM-21     ,444,235.6,10026.0,1410.0,8616.0
01/02/2022,AM-22     ,402,191.2,9777.0,1751.0,8026.0
01/02/2022,AM-23     ,410,199.5,6103.0,2114.0,3989.0
01/02/2022,AM-24     ,383,225.0,11121.0,928.0,10193.0
01/02/2022,AM-25     ,335,126.6,6074.0,1671.0,4403.0
01/02/2022,AM-26     ,549,286.8,7357.0,403.0,6954.0
01/02/2022,AM-27     ,830,417.2,10781.0,619.0,10162.0
01/02/2022,AM-28     ,595,292.4,6890.0,643.0,6247.0
01/02/2022,AM-29     ,682,313.8,10678.0,600.0,10078.0
01/02/2022,AM-30     ,727,325.0,8920.0,795.0,8125.0
01/02/2022,AM-31     ,321,204.7,6673.0,545.0,6128.0
01/02/2022,AM-32     ,681,327.5,9768.0,819.0,8949.0
01/02/2022,AM-33     ,503,260.1,5734.0,383.0,5351.0
01/02/2022,AM-35     ,538,267.2,2587.0,491.0,2096.0
01/02/2022,AM-36     ,704,488.4,3105.0,451.0,2654.0
01/02/2022,AM-37     ,946,482.6,3539.0,451.0,3088.0
01/02/2022,AM-38     ,824,621.7,3926.0,764.0,3162.0
01/02/2022,AM-39     ,1012,522.7,4778.0,701.0,4077.0
01/02/2022,AM-40     ,868,554.3,3614.0,645.0,2969.0
01/02/2022,AM-41     ,1807,686.9,8586.0,241.0,8345.0
01/02/2022,AM-42     ,1295,774.2,7383.0,181.0,7202.0
01/02/2022,AM-43     ,14,7.1,97.0,20.0,77.0
01/02/2022,AM-44     ,965,331.8,7630.0,149.0,7481.0
01/02/2022,AM-45     ,785,250.9,5585.0,232.0,5353.0
01/02/2022,AM-46     ,1810,920.4,6386.0,123.0,6263.0
01/02/2022,AM-47     ,1342,961.1,7026.0,436.0,6590.0
01/02/2022,AM-48     ,1926,709.1,5393.0,477.0,4916.0
01/02/2022,AM-49     ,1318,1017.7,6645.0,88.0,6557.0
01/02/2022,AM-50     ,1028,738.6,5251.0,13.0,5238.0
01/02/2022,AM-51     ,1348,746.4,6580.0,86.0,6494.0
01/02/2022,AM-52     ,1909,1118.5,7745.0,102.0,7643.0
01/02/2022,AM-53     ,2182,922.2,5797.0,83.0,5714.0
01/02/2022,AM-54     ,779,302.4,2764.0,0.0,2764.0
01/02/2022,AM-55     ,278,127.6,1423.0,0.0,1423.0
01/02/2022,AM-62     ,16,9.0,99.0,15.0,84.0
01/02/2022,AM-64     ,793,322.5,6324.0,857.0,5467.0
01/02/2022,AM-65     ,600,359.1,5487.0,640.0,4847.0
01/02/2022,AM-66     ,616,361.5,5221.0,804.0,4417.0
01/02/2022,AM-67     ,504,315.3,5629.0,850.0,4779.0
01/02/2022,TM-001    ,581,288.5,7372.0,60.0,7312.0
01/02/2022,TM-002    ,326,125.6,4548.0,48.0,4500.0
01/02/2022,TM-003    ,459,206.9,9201.0,26.0,9175.0
01/02/2022,TM-004    ,285,213.6,5085.0,43.0,5042.0
01/02/2022,TM-005    ,524,189.5,5964.0,55.0,5909.0
01/02/2022,TM-006    ,299,121.4,4166.0,0.0,4166.0
01/02/2022,TM-007    ,479,296.4,10176.0,0.0,10176.0
01/02/2022,TM-008    ,576,224.4,7514.0,0.0,7514.0
01/02/2022,TM-009    ,250,180.0,5967.0,12.0,5955.0
01/02/2022,TM-010    ,411,191.0,6806.0,8.0,6798.0
01/02/2022,TM-011    ,127,39.3,1472.0,12.0,1460.0
01/02/2022,TM-012    ,442,207.5,6225.0,49.0,6176.0
01/02/2022,TM-013    ,530,257.7,8688.0,58.0,8630.0
01/02/2022,TM-014    ,374,184.8,6388.0,83.0,6305.0
01/02/2022,TM-016    ,388,222.3,7343.0,23.0,7320.0
01/02/2022,TM-018    ,253,121.2,3680.0,0.0,3680.0
01/02/2022,TM-019    ,535,337.7,9952.0,37.0,9915.0
01/02/2022,TM-020    ,425,156.7,4383.0,0.0,4383.0
01/02/2022,TM-021    ,151,85.4,3205.0,0.0,3205.0
01/02/2022,TM-022    ,348,208.0,6590.0,41.0,6549.0
01/02/2022,TM-023    ,377,301.9,7455.0,10.0,7445.0
01/02/2022,TM-025    ,395,229.2,5982.0,0.0,5982.0
01/02/2022,TM-027    ,508,236.0,9193.0,0.0,9193.0
01/02/2022,TM-028    ,221,104.1,2463.0,10.0,2453.0
01/02/2022,TM-029    ,400,190.2,6212.0,0.0,6212.0
01/02/2022,TM-030    ,89,27.1,1057.0,0.0,1057.0
01/02/2022,TM-031    ,393,175.8,6882.0,69.0,6813.0
01/02/2022,TM-032    ,20,8.3,212.0,31.0,181.0
01/02/2022,TM-033    ,553,241.6,6444.0,46.0,6398.0
01/02/2022,TM-034    ,643,215.4,7520.0,24.0,7496.0
01/02/2022,TM-035    ,86,39.9,1094.0,0.0,1094.0
01/02/2022,TM-036    ,11,4.5,192.0,0.0,192.0
01/02/2022,TM-037    ,6,3.1,82.0,0.0,82.0
01/02/2022,TM-038    ,340,187.7,6392.0,0.0,6392.0
01/02/2022,TM-039    ,297,161.3,5603.0,11.0,5592.0
01/02/2022,TM-040    ,310,122.1,4671.0,21.0,4650.0
01/02/2022,TM-042    ,112,45.9,1310.0,8.0,1302.0
01/02/2022,TM-043    ,495,219.2,5834.0,69.0,5765.0
01/02/2022,TM-044    ,290,124.4,3999.0,55.0,3944.0
01/02/2022,TM-045    ,158,98.4,3901.0,28.0,3873.0
01/02/2022,TM-046    ,364,185.6,7360.0,178.0,7182.0
01/02/2022,TM-047    ,549,272.5,6528.0,290.0,6238.0
01/02/2022,TM-048    ,412,240.6,5974.0,354.0,5620.0
01/02/2022,TM-049    ,347,164.3,5394.0,238.0,5156.0
01/02/2022,TM-050    ,420,207.6,5431.0,296.0,5135.0
01/02/2022,TM-051    ,338,169.7,7870.0,271.0,7599.0
01/02/2022,TM-052    ,462,232.9,7035.0,150.0,6885.0
01/02/2022,TM-053    ,420,209.5,8054.0,147.0,7907.0
01/02/2022,TM-054    ,551,243.3,6977.0,206.0,6771.0
01/02/2022,TM-055    ,313,174.5,5629.0,130.0,5499.0
01/02/2022,TM-056    ,502,310.9,7145.0,126.0,7019.0
01/02/2022,TM-057    ,351,238.2,6655.0,127.0,6528.0
01/02/2022,TM-058    ,397,263.0,8650.0,114.0,8536.0
01/02/2022,TM-059    ,453,227.7,6289.0,118.0,6171.0
01/02/2022,TM-060    ,483,298.8,8247.0,28.0,8219.0
01/03/2022,AM-007    ,2,1.1,32.0,6.0,26.0
01/03/2022,AM-008    ,3,1.3,51.0,33.0,18.0
01/03/2022,AM-01     ,2126,1135.2,11398.0,107.0,11291.0
01/03/2022,AM-02     ,2455,1004.8,8066.0,109.0,7957.0
01/03/2022,AM-03     ,902,460.5,6481.0,524.0,5957.0
01/03/2022,AM-04     ,716,540.1,8806.0,603.0,8203.0
01/03/2022,AM-05     ,832,354.7,7842.0,437.0,7405.0
01/03/2022,AM-06     ,656,449.6,5836.0,324.0,5512.0
01/03/2022,AM-068    ,1006,517.0,6035.0,763.0,5272.0
01/03/2022,AM-069    ,1364,493.0,6179.0,1643.0,4536.0
01/03/2022,AM-07     ,727,397.4,6621.0,304.0,6317.0
01/03/2022,AM-070    ,1134,631.5,5860.0,554.0,5306.0
01/03/2022,AM-071    ,1053,429.9,4583.0,757.0,3826.0
01/03/2022,AM-072    ,1530,521.2,8102.0,676.0,7426.0
01/03/2022,AM-073    ,1172,630.2,5632.0,580.0,5052.0
01/03/2022,AM-074    ,596,330.1,8485.0,1015.0,7470.0
01/03/2022,AM-075    ,689,302.4,5932.0,1583.0,4349.0
01/03/2022,AM-076    ,743,319.7,9076.0,1179.0,7897.0
01/03/2022,AM-077    ,587,347.3,8411.0,848.0,7563.0
01/03/2022,AM-078    ,630,336.4,6662.0,823.0,5839.0
01/03/2022,AM-079    ,528,266.1,6076.0,517.0,5559.0
01/03/2022,AM-08     ,912,714.0,6976.0,340.0,6636.0
01/03/2022,AM-080    ,655,382.8,7745.0,474.0,7271.0
01/03/2022,AM-081    ,586,327.3,6832.0,355.0,6477.0
01/03/2022,AM-082    ,822,361.5,7455.0,294.0,7161.0
01/03/2022,AM-083    ,1067,475.0,9215.0,261.0,8954.0
01/03/2022,AM-084    ,994,459.3,6886.0,245.0,6641.0
01/03/2022,AM-085    ,819,396.4,6211.0,263.0,5948.0
01/03/2022,AM-086    ,739,374.1,8693.0,407.0,8286.0
01/03/2022,AM-087    ,856,629.4,6809.0,415.0,6394.0
01/03/2022,AM-088    ,1412,580.4,6608.0,604.0,6004.0
01/03/2022,AM-089    ,1553,661.8,5835.0,582.0,5253.0
01/03/2022,AM-09     ,369,285.7,11548.0,1835.0,9713.0
01/03/2022,AM-090    ,1855,823.6,6882.0,708.0,6174.0
01/03/2022,AM-091    ,787,466.9,7298.0,665.0,6633.0
01/03/2022,AM-092    ,692,370.1,8014.0,1087.0,6927.0
01/03/2022,AM-093    ,419,144.0,4972.0,1790.0,3182.0
01/03/2022,AM-094    ,443,209.0,8100.0,1366.0,6734.0
01/03/2022,AM-095    ,301,135.1,5525.0,1528.0,3997.0
01/03/2022,AM-096    ,314,157.9,5849.0,1623.0,4226.0
01/03/2022,AM-097    ,296,197.6,4746.0,1389.0,3357.0
01/03/2022,AM-098    ,472,247.4,5245.0,1429.0,3816.0
01/03/2022,AM-099    ,115,87.9,2031.0,389.0,1642.0
01/03/2022,AM-10     ,468,196.7,5665.0,1438.0,4227.0
01/03/2022,AM-100    ,188,85.6,3812.0,764.0,3048.0
01/03/2022,AM-101    ,107,45.2,922.0,132.0,790.0
01/03/2022,AM-102    ,59,32.8,849.0,79.0,770.0
01/03/2022,AM-103    ,254,141.3,728.0,64.0,664.0
01/03/2022,AM-11     ,574,242.0,9693.0,1881.0,7812.0
01/03/2022,AM-12     ,562,304.7,12129.0,2366.0,9763.0
01/03/2022,AM-13     ,282,206.1,6117.0,1089.0,5028.0
01/03/2022,AM-14     ,236,187.8,6540.0,1534.0,5006.0
01/03/2022,AM-15     ,301,204.7,5866.0,866.0,5000.0
01/03/2022,AM-16     ,477,255.9,5724.0,821.0,4903.0
01/03/2022,AM-17     ,553,187.1,10108.0,1024.0,9084.0
01/03/2022,AM-18     ,434,203.5,8983.0,1114.0,7869.0
01/03/2022,AM-19     ,661,239.1,9961.0,1730.0,8231.0
01/03/2022,AM-20     ,463,266.4,9063.0,965.0,8098.0
01/03/2022,AM-21     ,296,202.8,6686.0,1707.0,4979.0
01/03/2022,AM-22     ,611,320.3,9420.0,2578.0,6842.0
01/03/2022,AM-23     ,467,229.9,10241.0,1805.0,8436.0
01/03/2022,AM-24     ,460,173.1,9538.0,1144.0,8394.0
01/03/2022,AM-25     ,498,204.5,9364.0,2667.0,6697.0
01/03/2022,AM-26     ,730,263.2,9346.0,936.0,8410.0
01/03/2022,AM-27     ,574,309.3,10201.0,521.0,9680.0
01/03/2022,AM-28     ,890,356.7,10097.0,1056.0,9041.0
01/03/2022,AM-29     ,876,273.2,9565.0,649.0,8916.0
01/03/2022,AM-30     ,803,345.2,13037.0,944.0,12093.0
01/03/2022,AM-31     ,642,316.9,8660.0,673.0,7987.0
01/03/2022,AM-32     ,684,336.6,8962.0,625.0,8337.0
01/03/2022,AM-33     ,366,228.8,5244.0,401.0,4843.0
01/03/2022,AM-34     ,9,6.0,144.0,13.0,131.0
01/03/2022,AM-35     ,62,34.2,354.0,35.0,319.0
01/03/2022,AM-36     ,62,38.7,326.0,43.0,283.0
01/03/2022,AM-37     ,1282,464.3,4387.0,598.0,3789.0
01/03/2022,AM-38     ,1246,564.2,5691.0,820.0,4871.0
01/03/2022,AM-39     ,1352,674.2,4896.0,666.0,4230.0
01/03/2022,AM-40     ,1151,615.0,5629.0,974.0,4655.0
01/03/2022,AM-41     ,1609,1058.4,5899.0,418.0,5481.0
01/03/2022,AM-42     ,1719,862.9,8383.0,312.0,8071.0
01/03/2022,AM-44     ,973,383.9,7859.0,247.0,7612.0
01/03/2022,AM-45     ,378,195.0,4376.0,570.0,3806.0
01/03/2022,AM-46     ,2448,1090.4,8255.0,219.0,8036.0
01/03/2022,AM-47     ,1928,829.3,8288.0,237.0,8051.0
01/03/2022,AM-48     ,1768,757.1,5724.0,389.0,5335.0
01/03/2022,AM-49     ,965,443.2,3566.0,79.0,3487.0
01/03/2022,AM-50     ,1929,986.7,7152.0,73.0,7079.0
01/03/2022,AM-51     ,1729,574.0,4768.0,50.0,4718.0
01/03/2022,AM-52     ,2114,967.8,7193.0,64.0,7129.0
01/03/2022,AM-53     ,1830,1011.4,5965.0,93.0,5872.0
01/03/2022,AM-54     ,810,385.1,4051.0,0.0,4051.0
01/03/2022,AM-55     ,1482,697.7,5144.0,19.0,5125.0
01/03/2022,AM-56     ,104,47.7,668.0,68.0,600.0
01/03/2022,AM-57     ,33,19.8,203.0,28.0,175.0
01/03/2022,AM-59     ,48,21.3,220.0,28.0,192.0
01/03/2022,AM-60     ,53,22.8,352.0,30.0,322.0
01/03/2022,AM-61     ,47,22.2,326.0,32.0,294.0
01/03/2022,AM-62     ,11,8.5,155.0,6.0,149.0
01/03/2022,AM-63     ,37,17.9,294.0,7.0,287.0
01/03/2022,AM-64     ,826,270.1,7673.0,990.0,6683.0
01/03/2022,AM-65     ,537,313.7,5865.0,938.0,4927.0
01/03/2022,AM-66     ,559,384.3,7693.0,595.0,7098.0
01/03/2022,AM-67     ,865,279.0,7117.0,887.0,6230.0
01/03/2022,TM-001    ,486,359.6,11255.0,74.0,11181.0
01/03/2022,TM-002    ,247,128.6,2652.0,0.0,2652.0
01/03/2022,TM-003    ,598,236.7,9662.0,49.0,9613.0
01/03/2022,TM-004    ,402,279.8,8293.0,95.0,8198.0
01/03/2022,TM-005    ,650,255.2,9207.0,0.0,9207.0
01/03/2022,TM-006    ,97,58.6,1214.0,9.0,1205.0
01/03/2022,TM-007    ,587,279.6,11531.0,0.0,11531.0
01/03/2022,TM-008    ,516,269.3,7979.0,31.0,7948.0
01/03/2022,TM-009    ,94,48.0,1259.0,0.0,1259.0
01/03/2022,TM-010    ,502,342.9,9561.0,48.0,9513.0
01/03/2022,TM-011    ,52,21.1,899.0,0.0,899.0
01/03/2022,TM-012    ,680,288.3,9983.0,8.0,9975.0
01/03/2022,TM-013    ,453,217.2,7795.0,30.0,7765.0
01/03/2022,TM-014    ,641,274.1,9213.0,11.0,9202.0
01/03/2022,TM-016    ,506,256.4,8999.0,71.0,8928.0
01/03/2022,TM-018    ,581,251.5,7710.0,69.0,7641.0
01/03/2022,TM-019    ,495,278.3,11703.0,24.0,11679.0
01/03/2022,TM-020    ,98,31.7,1486.0,0.0,1486.0
01/03/2022,TM-021    ,35,14.8,557.0,30.0,527.0
01/03/2022,TM-022    ,496,218.9,6853.0,0.0,6853.0
01/03/2022,TM-023    ,408,255.1,9949.0,0.0,9949.0
01/03/2022,TM-025    ,417,306.2,6484.0,0.0,6484.0
01/03/2022,TM-027    ,509,203.6,6971.0,103.0,6868.0
01/03/2022,TM-028    ,497,330.9,7151.0,0.0,7151.0
01/03/2022,TM-029    ,626,300.4,7230.0,0.0,7230.0
01/03/2022,TM-030    ,511,282.7,9732.0,30.0,9702.0
01/03/2022,TM-031    ,300,184.0,5700.0,29.0,5671.0
01/03/2022,TM-032    ,197,108.2,3647.0,31.0,3616.0
01/03/2022,TM-033    ,158,57.4,1976.0,10.0,1966.0
01/03/2022,TM-034    ,475,285.7,9049.0,9.0,9040.0
01/03/2022,TM-035    ,419,275.7,9942.0,9.0,9933.0
01/03/2022,TM-037    ,4,2.6,93.0,0.0,93.0
01/03/2022,TM-038    ,549,286.3,8687.0,91.0,8596.0
01/03/2022,TM-039    ,599,217.8,7465.0,77.0,7388.0
01/03/2022,TM-040    ,448,248.6,8181.0,95.0,8086.0
01/03/2022,TM-041    ,505,219.2,6359.0,43.0,6316.0
01/03/2022,TM-042    ,110,44.6,1537.0,9.0,1528.0
01/03/2022,TM-043    ,326,144.0,5269.0,30.0,5239.0
01/03/2022,TM-044    ,320,143.2,4525.0,58.0,4467.0
01/03/2022,TM-045    ,53,37.1,1104.0,0.0,1104.0
01/03/2022,TM-046    ,380,235.0,8100.0,202.0,7898.0
01/03/2022,TM-047    ,420,276.1,5913.0,150.0,5763.0
01/03/2022,TM-048    ,395,241.1,7869.0,230.0,7639.0
01/03/2022,TM-049    ,559,220.3,9444.0,253.0,9191.0
01/03/2022,TM-050    ,631,202.2,7383.0,319.0,7064.0
01/03/2022,TM-051    ,383,193.1,7158.0,293.0,6865.0
01/03/2022,TM-052    ,386,223.7,6147.0,202.0,5945.0
01/03/2022,TM-053    ,537,252.6,8379.0,227.0,8152.0
01/03/2022,TM-054    ,559,254.5,9057.0,162.0,8895.0
01/03/2022,TM-055    ,440,271.4,6854.0,222.0,6632.0
01/03/2022,TM-056    ,223,86.1,3558.0,45.0,3513.0
01/03/2022,TM-057    ,415,231.5,9574.0,235.0,9339.0
01/03/2022,TM-058    ,399,214.7,5838.0,80.0,5758.0
01/03/2022,TM-059    ,307,126.4,4714.0,51.0,4663.0
01/03/2022,TM-060    ,641,213.8,7791.0,119.0,7672.0
01/04/2022,AM-001    ,2,1.2,56.0,0.0,56.0
01/04/2022,AM-008    ,1,0.6,4.0,0.0,4.0
01/04/2022,AM-01     ,2021,1088.7,7635.0,124.0,7511.0
01/04/2022,AM-02     ,2218,787.0,8381.0,131.0,8250.0
01/04/2022,AM-03     ,745,363.2,6456.0,287.0,6169.0
01/04/2022,AM-04     ,755,347.5,7742.0,249.0,7493.0
01/04/2022,AM-05     ,799,459.9,5761.0,772.0,4989.0
01/04/2022,AM-06     ,981,454.8,8782.0,511.0,8271.0
01/04/2022,AM-068    ,958,475.3,4273.0,731.0,3542.0
01/04/2022,AM-069    ,838,612.9,5878.0,1259.0,4619.0
01/04/2022,AM-07     ,734,385.1,8563.0,560.0,8003.0
01/04/2022,AM-070    ,1265,506.0,5216.0,619.0,4597.0
01/04/2022,AM-071    ,882,486.2,4054.0,627.0,3427.0
01/04/2022,AM-072    ,1337,614.3,7352.0,787.0,6565.0
01/04/2022,AM-073    ,1523,568.1,6276.0,697.0,5579.0
01/04/2022,AM-074    ,599,327.0,6564.0,1065.0,5499.0
01/04/2022,AM-075    ,742,324.2,7793.0,1594.0,6199.0
01/04/2022,AM-076    ,691,270.0,9089.0,878.0,8211.0
01/04/2022,AM-077    ,821,393.7,8745.0,645.0,8100.0
01/04/2022,AM-078    ,564,281.1,7117.0,451.0,6666.0
01/04/2022,AM-079    ,699,246.3,6827.0,592.0,6235.0
01/04/2022,AM-08     ,1231,567.0,6671.0,309.0,6362.0
01/04/2022,AM-080    ,863,401.3,7514.0,606.0,6908.0
01/04/2022,AM-081    ,758,401.4,6237.0,410.0,5827.0
01/04/2022,AM-082    ,808,403.2,8708.0,171.0,8537.0
01/04/2022,AM-083    ,946,380.7,6507.0,217.0,6290.0
01/04/2022,AM-084    ,1053,497.2,5785.0,168.0,5617.0
01/04/2022,AM-085    ,958,508.7,8126.0,332.0,7794.0
01/04/2022,AM-086    ,715,407.8,5430.0,282.0,5148.0
01/04/2022,AM-087    ,1474,728.8,6128.0,291.0,5837.0
01/04/2022,AM-088    ,1287,471.7,5757.0,320.0,5437.0
01/04/2022,AM-089    ,1731,987.5,6658.0,531.0,6127.0
01/04/2022,AM-09     ,425,292.1,11718.0,1322.0,10396.0
01/04/2022,AM-090    ,1386,702.3,5449.0,549.0,4900.0
01/04/2022,AM-091    ,706,454.8,5341.0,996.0,4345.0
01/04/2022,AM-092    ,463,238.9,5051.0,1603.0,3448.0
01/04/2022,AM-093    ,196,103.1,5193.0,1447.0,3746.0
01/04/2022,AM-094    ,256,115.1,5506.0,1032.0,4474.0
01/04/2022,AM-095    ,270,84.9,4732.0,1697.0,3035.0
01/04/2022,AM-096    ,132,80.8,3120.0,1193.0,1927.0
01/04/2022,AM-097    ,171,77.3,3067.0,721.0,2346.0
01/04/2022,AM-098    ,89,43.9,1767.0,418.0,1349.0
01/04/2022,AM-099    ,81,31.1,1177.0,476.0,701.0
01/04/2022,AM-10     ,636,291.8,10145.0,1681.0,8464.0
01/04/2022,AM-100    ,75,43.3,834.0,176.0,658.0
01/04/2022,AM-101    ,20,7.0,452.0,54.0,398.0
01/04/2022,AM-102    ,17,6.6,338.0,48.0,290.0
01/04/2022,AM-103    ,23,9.9,356.0,75.0,281.0
01/04/2022,AM-11     ,367,220.6,9218.0,1291.0,7927.0
01/04/2022,AM-12     ,396,146.5,8256.0,1093.0,7163.0
01/04/2022,AM-13     ,623,292.2,12329.0,3222.0,9107.0
01/04/2022,AM-14     ,483,190.7,3954.0,796.0,3158.0
01/04/2022,AM-15     ,561,207.3,5911.0,566.0,5345.0
01/04/2022,AM-16     ,407,256.4,6438.0,961.0,5477.0
01/04/2022,AM-17     ,540,176.9,9889.0,2983.0,6906.0
01/04/2022,AM-18     ,361,216.1,7160.0,1301.0,5859.0
01/04/2022,AM-19     ,547,203.5,9346.0,1412.0,7934.0
01/04/2022,AM-20     ,315,207.3,7235.0,994.0,6241.0
01/04/2022,AM-21     ,469,257.1,9075.0,1337.0,7738.0
01/04/2022,AM-22     ,468,228.6,9266.0,1602.0,7664.0
01/04/2022,AM-23     ,389,167.3,8198.0,2238.0,5960.0
01/04/2022,AM-24     ,564,241.1,12305.0,2721.0,9584.0
01/04/2022,AM-25     ,381,218.9,9357.0,1668.0,7689.0
01/04/2022,AM-26     ,714,418.2,11575.0,658.0,10917.0
01/04/2022,AM-27     ,617,360.5,11638.0,1009.0,10629.0
01/04/2022,AM-28     ,665,370.9,9595.0,721.0,8874.0
01/04/2022,AM-29     ,591,290.8,8851.0,800.0,8051.0
01/04/2022,AM-30     ,525,298.0,7356.0,761.0,6595.0
01/04/2022,AM-31     ,736,290.8,11809.0,568.0,11241.0
01/04/2022,AM-32     ,520,209.9,5301.0,509.0,4792.0
01/04/2022,AM-33     ,714,290.6,9510.0,951.0,8559.0
01/04/2022,AM-34     ,45,23.2,216.0,22.0,194.0
01/04/2022,AM-37     ,1077,591.0,5968.0,571.0,5397.0
01/04/2022,AM-38     ,1349,698.0,4697.0,692.0,4005.0
01/04/2022,AM-39     ,1196,502.3,6126.0,865.0,5261.0
01/04/2022,AM-40     ,1118,605.0,4520.0,618.0,3902.0
01/04/2022,AM-41     ,1414,1074.0,6693.0,260.0,6433.0
01/04/2022,AM-42     ,1715,959.6,7964.0,415.0,7549.0
01/04/2022,AM-43     ,24,11.0,313.0,23.0,290.0
01/04/2022,AM-44     ,782,363.1,8063.0,171.0,7892.0
01/04/2022,AM-45     ,592,219.0,8336.0,790.0,7546.0
01/04/2022,AM-46     ,2276,1010.1,10468.0,214.0,10254.0
01/04/2022,AM-47     ,1990,1059.5,8997.0,508.0,8489.0
01/04/2022,AM-48     ,2068,706.4,7163.0,317.0,6846.0
01/04/2022,AM-49     ,2150,799.0,5961.0,68.0,5893.0
01/04/2022,AM-50     ,1796,893.0,4977.0,93.0,4884.0
01/04/2022,AM-51     ,2038,947.3,7655.0,31.0,7624.0
01/04/2022,AM-52     ,1187,764.5,7324.0,60.0,7264.0
01/04/2022,AM-53     ,1413,916.0,6875.0,78.0,6797.0
01/04/2022,AM-54     ,672,421.0,4006.0,0.0,4006.0
01/04/2022,AM-55     ,875,338.2,2577.0,0.0,2577.0
01/04/2022,AM-56     ,10,3.8,230.0,76.0,154.0
01/04/2022,AM-57     ,18,10.9,254.0,11.0,243.0
01/04/2022,AM-59     ,104,52.6,575.0,11.0,564.0
01/04/2022,AM-60     ,22,11.0,195.0,15.0,180.0
01/04/2022,AM-61     ,28,11.5,149.0,10.0,139.0
01/04/2022,AM-62     ,45,22.4,697.0,37.0,660.0
01/04/2022,AM-64     ,557,349.4,5597.0,741.0,4856.0
01/04/2022,AM-65     ,662,254.1,6064.0,890.0,5174.0
01/04/2022,AM-66     ,602,310.5,8565.0,944.0,7621.0
01/04/2022,AM-67     ,541,351.5,6937.0,960.0,5977.0
01/04/2022,TM-001    ,436,247.5,8634.0,68.0,8566.0
01/04/2022,TM-002    ,431,182.4,6700.0,99.0,6601.0
01/04/2022,TM-003    ,513,224.5,6275.0,9.0,6266.0
01/04/2022,TM-004    ,471,233.7,7039.0,132.0,6907.0
01/04/2022,TM-005    ,579,258.5,8734.0,32.0,8702.0
01/04/2022,TM-006    ,252,132.5,3393.0,0.0,3393.0
01/04/2022,TM-007    ,470,326.9,8102.0,0.0,8102.0
01/04/2022,TM-008    ,491,248.6,9349.0,33.0,9316.0
01/04/2022,TM-009    ,121,70.5,1792.0,35.0,1757.0
01/04/2022,TM-010    ,453,316.2,9316.0,0.0,9316.0
01/04/2022,TM-011    ,179,79.0,1959.0,25.0,1934.0
01/04/2022,TM-012    ,420,256.5,6238.0,82.0,6156.0
01/04/2022,TM-013    ,552,235.8,8314.0,26.0,8288.0
01/04/2022,TM-014    ,594,301.8,10075.0,0.0,10075.0
01/04/2022,TM-015    ,60,38.1,987.0,20.0,967.0
01/04/2022,TM-016    ,592,330.8,9388.0,84.0,9304.0
01/04/2022,TM-018    ,416,270.3,8261.0,0.0,8261.0
01/04/2022,TM-019    ,612,213.1,6866.0,34.0,6832.0
01/04/2022,TM-020    ,203,113.6,3300.0,0.0,3300.0
01/04/2022,TM-021    ,13,6.3,212.0,0.0,212.0
01/04/2022,TM-022    ,461,207.7,7238.0,8.0,7230.0
01/04/2022,TM-023    ,341,184.8,5850.0,18.0,5832.0
01/04/2022,TM-025    ,432,152.1,6888.0,21.0,6867.0
01/04/2022,TM-027    ,582,231.7,7900.0,92.0,7808.0
01/04/2022,TM-028    ,523,230.6,6083.0,0.0,6083.0
01/04/2022,TM-029    ,580,256.9,6315.0,79.0,6236.0
01/04/2022,TM-030    ,644,227.9,7147.0,47.0,7100.0
01/04/2022,TM-031    ,376,256.6,5689.0,42.0,5647.0
01/04/2022,TM-032    ,398,204.3,6535.0,19.0,6516.0
01/04/2022,TM-033    ,3,1.3,47.0,0.0,47.0
01/04/2022,TM-034    ,477,247.1,7369.0,100.0,7269.0
01/04/2022,TM-035    ,490,209.4,7992.0,37.0,7955.0
01/04/2022,TM-036    ,11,3.9,152.0,0.0,152.0
01/04/2022,TM-038    ,516,246.7,10581.0,11.0,10570.0
01/04/2022,TM-039    ,492,236.3,9178.0,0.0,9178.0
01/04/2022,TM-040    ,618,300.6,6864.0,9.0,6855.0
01/04/2022,TM-041    ,424,271.3,7478.0,44.0,7434.0
01/04/2022,TM-042    ,207,87.3,3293.0,20.0,3273.0
01/04/2022,TM-043    ,38,22.1,542.0,0.0,542.0
01/04/2022,TM-044    ,190,97.8,2228.0,14.0,2214.0
01/04/2022,TM-045    ,156,79.9,2843.0,23.0,2820.0
01/04/2022,TM-046    ,418,242.9,5903.0,216.0,5687.0
01/04/2022,TM-047    ,320,190.3,4696.0,190.0,4506.0
01/04/2022,TM-048    ,292,119.3,3576.0,207.0,3369.0
01/04/2022,TM-049    ,252,127.3,4188.0,146.0,4042.0
01/04/2022,TM-050    ,378,137.4,5849.0,204.0,5645.0
01/04/2022,TM-051    ,534,185.1,6757.0,225.0,6532.0
01/04/2022,TM-052    ,300,196.7,5946.0,173.0,5773.0
01/04/2022,TM-053    ,339,209.3,6862.0,241.0,6621.0
01/04/2022,TM-054    ,277,207.7,5912.0,187.0,5725.0
01/04/2022,TM-055    ,432,226.3,5590.0,222.0,5368.0
01/04/2022,TM-056    ,433,216.2,6623.0,127.0,6496.0
01/04/2022,TM-057    ,383,204.4,4522.0,187.0,4335.0
01/04/2022,TM-058    ,440,192.8,7787.0,130.0,7657.0
01/04/2022,TM-059    ,429,205.6,7481.0,73.0,7408.0
01/04/2022,TM-060    ,420,214.3,5381.0,50.0,5331.0
01/05/2022,AM-001    ,1,0.4,8.0,0.0,8.0
01/05/2022,AM-01     ,2401,739.7,8372.0,125.0,8247.0
01/05/2022,AM-02     ,1676,1204.2,7895.0,117.0,7778.0
01/05/2022,AM-03     ,918,456.5,7329.0,526.0,6803.0
01/05/2022,AM-04     ,888,411.8,10385.0,512.0,9873.0
01/05/2022,AM-05     ,800,454.0,6875.0,368.0,6507.0
01/05/2022,AM-06     ,889,459.6,7394.0,250.0,7144.0
01/05/2022,AM-068    ,1332,548.8,5754.0,909.0,4845.0
01/05/2022,AM-069    ,1405,433.2,5761.0,1857.0,3904.0
01/05/2022,AM-07     ,709,529.7,9706.0,476.0,9230.0
01/05/2022,AM-070    ,925,531.9,5727.0,632.0,5095.0
01/05/2022,AM-071    ,1459,526.9,6696.0,763.0,5933.0
01/05/2022,AM-072    ,1480,709.1,9206.0,769.0,8437.0
01/05/2022,AM-073    ,997,637.4,6341.0,676.0,5665.0
01/05/2022,AM-074    ,553,301.3,7568.0,860.0,6708.0
01/05/2022,AM-075    ,574,320.3,9391.0,1686.0,7705.0
01/05/2022,AM-076    ,921,335.0,8398.0,1116.0,7282.0
01/05/2022,AM-077    ,633,465.9,9771.0,727.0,9044.0
01/05/2022,AM-078    ,660,307.2,5941.0,516.0,5425.0
01/05/2022,AM-079    ,593,356.5,7002.0,474.0,6528.0
01/05/2022,AM-08     ,932,609.3,6845.0,517.0,6328.0
01/05/2022,AM-080    ,539,282.9,7100.0,626.0,6474.0
01/05/2022,AM-081    ,704,430.5,8308.0,512.0,7796.0
01/05/2022,AM-082    ,612,477.9,5832.0,257.0,5575.0
01/05/2022,AM-083    ,1042,540.1,8723.0,299.0,8424.0
01/05/2022,AM-084    ,790,390.5,9303.0,361.0,8942.0
01/05/2022,AM-085    ,1132,592.2,7741.0,441.0,7300.0
01/05/2022,AM-086    ,1328,630.8,5871.0,373.0,5498.0
01/05/2022,AM-087    ,1344,776.9,5316.0,366.0,4950.0
01/05/2022,AM-088    ,1494,617.6,8392.0,267.0,8125.0
01/05/2022,AM-089    ,1452,901.9,7477.0,280.0,7197.0
01/05/2022,AM-09     ,478,240.0,8415.0,2257.0,6158.0
01/05/2022,AM-090    ,1576,608.7,5565.0,680.0,4885.0
01/05/2022,AM-091    ,914,352.1,7611.0,1067.0,6544.0
01/05/2022,AM-092    ,430,228.2,7209.0,1420.0,5789.0
01/05/2022,AM-093    ,317,151.3,5050.0,1533.0,3517.0
01/05/2022,AM-094    ,323,147.7,5568.0,1491.0,4077.0
01/05/2022,AM-095    ,212,134.7,5293.0,1720.0,3573.0
01/05/2022,AM-096    ,153,93.1,4129.0,1507.0,2622.0
01/05/2022,AM-097    ,212,108.9,5234.0,1212.0,4022.0
01/05/2022,AM-098    ,123,46.6,2128.0,826.0,1302.0
01/05/2022,AM-099    ,55,31.2,1431.0,424.0,1007.0
01/05/2022,AM-10     ,658,329.9,9951.0,1745.0,8206.0
01/05/2022,AM-100    ,102,73.1,1253.0,73.0,1180.0
01/05/2022,AM-101    ,35,17.4,619.0,168.0,451.0
01/05/2022,AM-102    ,24,17.0,479.0,142.0,337.0
01/05/2022,AM-103    ,26,10.7,244.0,7.0,237.0
01/05/2022,AM-11     ,654,248.1,13339.0,1748.0,11591.0
01/05/2022,AM-12     ,174,94.1,2418.0,235.0,2183.0
01/05/2022,AM-13     ,521,182.8,8122.0,1744.0,6378.0
01/05/2022,AM-14     ,514,196.3,6795.0,1211.0,5584.0
01/05/2022,AM-15     ,483,200.7,4917.0,977.0,3940.0
01/05/2022,AM-16     ,396,173.1,5229.0,1069.0,4160.0
01/05/2022,AM-17     ,481,223.7,8695.0,1326.0,7369.0
01/05/2022,AM-18     ,435,264.8,11329.0,2133.0,9196.0
01/05/2022,AM-19     ,575,238.9,10635.0,1881.0,8754.0
01/05/2022,AM-20     ,595,297.2,8483.0,667.0,7816.0
01/05/2022,AM-21     ,505,265.5,12105.0,1860.0,10245.0
01/05/2022,AM-22     ,561,229.3,9136.0,2244.0,6892.0
01/05/2022,AM-23     ,421,253.4,9364.0,1870.0,7494.0
01/05/2022,AM-24     ,529,284.5,7831.0,1609.0,6222.0
01/05/2022,AM-25     ,292,156.4,5985.0,1490.0,4495.0
01/05/2022,AM-26     ,695,251.1,6868.0,800.0,6068.0
01/05/2022,AM-27     ,522,349.2,8786.0,587.0,8199.0
01/05/2022,AM-28     ,808,357.9,8319.0,486.0,7833.0
01/05/2022,AM-29     ,807,404.7,8872.0,631.0,8241.0
01/05/2022,AM-30     ,752,381.2,10252.0,844.0,9408.0
01/05/2022,AM-31     ,528,365.5,9068.0,950.0,8118.0
01/05/2022,AM-32     ,552,380.4,8814.0,820.0,7994.0
01/05/2022,AM-33     ,630,363.5,9515.0,1003.0,8512.0
01/05/2022,AM-34     ,47,20.6,176.0,18.0,158.0
01/05/2022,AM-37     ,1017,745.6,4331.0,852.0,3479.0
01/05/2022,AM-38     ,1385,498.0,4398.0,614.0,3784.0
01/05/2022,AM-39     ,1184,656.4,3820.0,573.0,3247.0
01/05/2022,AM-40     ,1075,731.6,5607.0,814.0,4793.0
01/05/2022,AM-41     ,1576,912.8,7940.0,318.0,7622.0
01/05/2022,AM-42     ,1647,886.6,6628.0,393.0,6235.0
01/05/2022,AM-43     ,70,32.8,882.0,150.0,732.0
01/05/2022,AM-44     ,782,361.7,9002.0,211.0,8791.0
01/05/2022,AM-45     ,1015,388.7,4941.0,381.0,4560.0
01/05/2022,AM-46     ,2127,1137.6,7219.0,231.0,6988.0
01/05/2022,AM-47     ,2240,1011.9,7220.0,252.0,6968.0
01/05/2022,AM-48     ,2246,1040.2,8327.0,423.0,7904.0
01/05/2022,AM-49     ,1720,855.1,7517.0,82.0,7435.0
01/05/2022,AM-50     ,2350,964.1,7483.0,69.0,7414.0
01/05/2022,AM-51     ,1461,1035.8,5092.0,93.0,4999.0
01/05/2022,AM-52     ,1954,832.8,6116.0,30.0,6086.0
01/05/2022,AM-53     ,1209,654.8,4567.0,161.0,4406.0
01/05/2022,AM-54     ,1077,514.4,5117.0,0.0,5117.0
01/05/2022,AM-55     ,907,413.9,3296.0,0.0,3296.0
01/05/2022,AM-57     ,20,8.1,63.0,13.0,50.0
01/05/2022,AM-60     ,18,9.6,286.0,166.0,120.0
01/05/2022,AM-61     ,18,8.3,362.0,69.0,293.0
01/05/2022,AM-62     ,24,18.7,217.0,68.0,149.0
01/05/2022,AM-63     ,54,23.1,763.0,226.0,537.0
01/05/2022,AM-64     ,564,255.3,6804.0,632.0,6172.0
01/05/2022,AM-65     ,733,399.1,8544.0,889.0,7655.0
01/05/2022,AM-66     ,635,300.1,6717.0,928.0,5789.0
01/05/2022,AM-67     ,868,390.8,6119.0,815.0,5304.0
01/05/2022,TM-001    ,604,325.9,7471.0,113.0,7358.0
01/05/2022,TM-002    ,619,314.3,7058.0,112.0,6946.0
01/05/2022,TM-003    ,442,337.6,7313.0,1.0,7312.0
01/05/2022,TM-004    ,637,241.7,9665.0,94.0,9571.0
01/05/2022,TM-005    ,569,259.7,5869.0,0.0,5869.0
01/05/2022,TM-006    ,45,18.2,899.0,0.0,899.0
01/05/2022,TM-007    ,520,235.5,7994.0,0.0,7994.0
01/05/2022,TM-008    ,565,292.9,8161.0,35.0,8126.0
01/05/2022,TM-009    ,224,125.1,3983.0,0.0,3983.0
01/05/2022,TM-010    ,376,196.6,6575.0,32.0,6543.0
01/05/2022,TM-011    ,373,196.9,6192.0,9.0,6183.0
01/05/2022,TM-012    ,448,291.8,7960.0,0.0,7960.0
01/05/2022,TM-013    ,546,361.7,8261.0,0.0,8261.0
01/05/2022,TM-014    ,411,203.8,10161.0,62.0,10099.0
01/05/2022,TM-015    ,436,296.1,8165.0,50.0,8115.0
01/05/2022,TM-016    ,388,280.6,7347.0,25.0,7322.0
01/05/2022,TM-018    ,595,239.3,7144.0,12.0,7132.0
01/05/2022,TM-019    ,198,76.2,2449.0,0.0,2449.0
01/05/2022,TM-020    ,154,64.4,1686.0,0.0,1686.0
01/05/2022,TM-021    ,393,186.4,5496.0,12.0,5484.0
01/05/2022,TM-022    ,402,183.7,7792.0,0.0,7792.0
01/05/2022,TM-023    ,510,298.3,7685.0,131.0,7554.0
01/05/2022,TM-024    ,334,173.9,6280.0,0.0,6280.0
01/05/2022,TM-025    ,333,252.5,7320.0,16.0,7304.0
01/05/2022,TM-027    ,334,179.9,4213.0,20.0,4193.0
01/05/2022,TM-028    ,466,297.7,8912.0,71.0,8841.0
01/05/2022,TM-029    ,581,206.2,9833.0,0.0,9833.0
01/05/2022,TM-030    ,527,236.2,8349.0,25.0,8324.0
01/05/2022,TM-031    ,433,222.4,8791.0,39.0,8752.0
01/05/2022,TM-032    ,313,241.7,7185.0,19.0,7166.0
01/05/2022,TM-034    ,522,191.7,5704.0,0.0,5704.0
01/05/2022,TM-035    ,508,231.3,9247.0,0.0,9247.0
01/05/2022,TM-037    ,5,3.0,85.0,0.0,85.0
01/05/2022,TM-038    ,508,179.4,6671.0,133.0,6538.0
01/05/2022,TM-039    ,416,228.3,7433.0,20.0,7413.0
01/05/2022,TM-040    ,649,310.1,10981.0,117.0,10864.0
01/05/2022,TM-041    ,409,130.7,5201.0,40.0,5161.0
01/05/2022,TM-042    ,197,88.0,3855.0,68.0,3787.0
01/05/2022,TM-044    ,81,46.3,1817.0,0.0,1817.0
01/05/2022,TM-045    ,134,91.6,3140.0,56.0,3084.0
01/05/2022,TM-046    ,371,211.6,7303.0,267.0,7036.0
01/05/2022,TM-047    ,422,253.3,6897.0,280.0,6617.0
01/05/2022,TM-048    ,236,111.0,4014.0,110.0,3904.0
01/05/2022,TM-049    ,234,139.4,5017.0,208.0,4809.0
01/05/2022,TM-050    ,338,204.6,5601.0,293.0,5308.0
01/05/2022,TM-051    ,538,167.5,8298.0,198.0,8100.0
01/05/2022,TM-052    ,488,229.3,5799.0,226.0,5573.0
01/05/2022,TM-053    ,392,221.8,5142.0,106.0,5036.0
01/05/2022,TM-054    ,387,246.5,6804.0,178.0,6626.0
01/05/2022,TM-055    ,474,187.8,7935.0,255.0,7680.0
01/05/2022,TM-056    ,489,216.4,7443.0,147.0,7296.0
01/05/2022,TM-057    ,351,201.8,6143.0,143.0,6000.0
01/05/2022,TM-058    ,402,195.3,7653.0,48.0,7605.0
01/05/2022,TM-059    ,569,275.7,7984.0,251.0,7733.0
01/05/2022,TM-060    ,421,239.6,7991.0,68.0,7923.0
01/06/2022,AM-01     ,1590,1045.7,7740.0,129.0,7611.0
01/06/2022,AM-02     ,1783,763.7,10498.0,249.0,10249.0
01/06/2022,AM-03     ,770,446.3,8363.0,285.0,8078.0
01/06/2022,AM-04     ,973,455.6,7231.0,358.0,6873.0
01/06/2022,AM-05     ,943,491.8,7036.0,579.0,6457.0
01/06/2022,AM-06     ,997,338.8,5959.0,670.0,5289.0
01/06/2022,AM-068    ,817,411.6,5658.0,776.0,4882.0
01/06/2022,AM-069    ,1023,500.1,4475.0,1265.0,3210.0
01/06/2022,AM-07     ,858,357.0,7351.0,391.0,6960.0
01/06/2022,AM-070    ,820,555.2,4365.0,573.0,3792.0
01/06/2022,AM-071    ,957,657.5,4971.0,847.0,4124.0
01/06/2022,AM-072    ,1193,499.4,6733.0,905.0,5828.0
01/06/2022,AM-073    ,1252,896.9,8756.0,864.0,7892.0
01/06/2022,AM-074    ,699,257.7,7094.0,1237.0,5857.0
01/06/2022,AM-075    ,593,288.7,8146.0,1767.0,6379.0
01/06/2022,AM-076    ,511,258.6,7741.0,729.0,7012.0
01/06/2022,AM-077    ,635,333.2,6899.0,909.0,5990.0
01/06/2022,AM-078    ,811,394.3,5334.0,655.0,4679.0
01/06/2022,AM-079    ,760,263.5,8245.0,611.0,7634.0
01/06/2022,AM-08     ,1438,615.6,6532.0,333.0,6199.0
01/06/2022,AM-080    ,655,321.5,7749.0,812.0,6937.0
01/06/2022,AM-081    ,530,401.7,5477.0,605.0,4872.0
01/06/2022,AM-082    ,792,313.6,8715.0,271.0,8444.0
01/06/2022,AM-083    ,821,359.5,7505.0,192.0,7313.0
01/06/2022,AM-084    ,986,321.6,8281.0,272.0,8009.0
01/06/2022,AM-085    ,861,521.2,10354.0,295.0,10059.0
01/06/2022,AM-086    ,1068,477.3,8918.0,233.0,8685.0
01/06/2022,AM-087    ,936,672.5,7377.0,278.0,7099.0
01/06/2022,AM-088    ,1082,624.1,4581.0,400.0,4181.0
01/06/2022,AM-089    ,1706,806.0,7381.0,275.0,7106.0
01/06/2022,AM-09     ,515,264.7,8001.0,1734.0,6267.0
01/06/2022,AM-090    ,1436,609.3,7860.0,365.0,7495.0
01/06/2022,AM-091    ,821,421.6,6003.0,1074.0,4929.0
01/06/2022,AM-092    ,384,245.0,6215.0,1293.0,4922.0
01/06/2022,AM-093    ,414,211.3,4631.0,1393.0,3238.0
01/06/2022,AM-094    ,337,168.7,5283.0,984.0,4299.0
01/06/2022,AM-095    ,270,127.8,3600.0,1453.0,2147.0
01/06/2022,AM-096    ,270,94.6,4914.0,1685.0,3229.0
01/06/2022,AM-097    ,142,67.4,3932.0,942.0,2990.0
01/06/2022,AM-098    ,168,57.9,3358.0,887.0,2471.0
01/06/2022,AM-099    ,97,45.1,1646.0,809.0,837.0
01/06/2022,AM-10     ,340,155.6,7635.0,1489.0,6146.0
01/06/2022,AM-100    ,56,23.7,788.0,278.0,510.0
01/06/2022,AM-101    ,23,16.3,489.0,14.0,475.0
01/06/2022,AM-102    ,24,11.9,436.0,106.0,330.0
01/06/2022,AM-103    ,50,28.7,361.0,31.0,330.0
01/06/2022,AM-11     ,504,287.8,8067.0,2627.0,5440.0
01/06/2022,AM-12     ,317,114.2,5508.0,852.0,4656.0
01/06/2022,AM-13     ,565,178.4,11331.0,1251.0,10080.0
01/06/2022,AM-14     ,558,282.1,5293.0,836.0,4457.0
01/06/2022,AM-15     ,364,153.9,5704.0,797.0,4907.0
01/06/2022,AM-16     ,414,231.9,6064.0,679.0,5385.0
01/06/2022,AM-17     ,477,216.5,10442.0,1226.0,9216.0
01/06/2022,AM-18     ,411,220.3,11429.0,1169.0,10260.0
01/06/2022,AM-19     ,588,264.5,9685.0,1528.0,8157.0
01/06/2022,AM-20     ,443,213.4,8761.0,807.0,7954.0
01/06/2022,AM-21     ,505,232.9,9892.0,2122.0,7770.0
01/06/2022,AM-22     ,398,280.3,9364.0,1899.0,7465.0
01/06/2022,AM-23     ,360,214.2,7248.0,1387.0,5861.0
01/06/2022,AM-24     ,609,240.8,10286.0,2187.0,8099.0
01/06/2022,AM-25     ,355,188.3,7691.0,1831.0,5860.0
01/06/2022,AM-26     ,561,330.1,11497.0,742.0,10755.0
01/06/2022,AM-27     ,457,338.5,6721.0,652.0,6069.0
01/06/2022,AM-28     ,828,380.3,7617.0,816.0,6801.0
01/06/2022,AM-29     ,596,288.7,6740.0,407.0,6333.0
01/06/2022,AM-30     ,669,313.0,8178.0,633.0,7545.0
01/06/2022,AM-31     ,609,353.9,9387.0,908.0,8479.0
01/06/2022,AM-32     ,462,258.8,6447.0,641.0,5806.0
01/06/2022,AM-33     ,804,350.7,11117.0,966.0,10151.0
01/06/2022,AM-34     ,53,25.1,850.0,155.0,695.0
01/06/2022,AM-35     ,8,5.0,226.0,37.0,189.0
01/06/2022,AM-37     ,881,543.2,3832.0,767.0,3065.0
01/06/2022,AM-38     ,955,661.9,6377.0,868.0,5509.0
01/06/2022,AM-39     ,1241,462.4,4610.0,699.0,3911.0
01/06/2022,AM-40     ,1292,641.7,4947.0,694.0,4253.0
01/06/2022,AM-41     ,1491,691.2,6526.0,271.0,6255.0
01/06/2022,AM-42     ,1296,667.4,6150.0,389.0,5761.0
01/06/2022,AM-43     ,81,63.8,669.0,70.0,599.0
01/06/2022,AM-44     ,912,453.9,6767.0,195.0,6572.0
01/06/2022,AM-45     ,700,304.3,6462.0,413.0,6049.0
01/06/2022,AM-46     ,2212,947.3,7091.0,256.0,6835.0
01/06/2022,AM-47     ,1931,766.4,8635.0,419.0,8216.0
01/06/2022,AM-48     ,1743,919.2,8587.0,381.0,8206.0
01/06/2022,AM-49     ,1484,1013.6,5865.0,78.0,5787.0
01/06/2022,AM-50     ,1608,1215.5,7646.0,94.0,7552.0
01/06/2022,AM-51     ,2056,1037.2,7504.0,100.0,7404.0
01/06/2022,AM-52     ,1892,771.2,6356.0,64.0,6292.0
01/06/2022,AM-53     ,1569,769.8,5926.0,42.0,5884.0
01/06/2022,AM-54     ,866,386.4,4424.0,0.0,4424.0
01/06/2022,AM-55     ,337,263.3,1291.0,6.0,1285.0
01/06/2022,AM-57     ,73,35.0,552.0,79.0,473.0
01/06/2022,AM-60     ,18,8.2,332.0,100.0,232.0
01/06/2022,AM-62     ,12,5.9,115.0,8.0,107.0
01/06/2022,AM-63     ,86,30.9,1194.0,120.0,1074.0
01/06/2022,AM-64     ,697,254.2,5219.0,763.0,4456.0
01/06/2022,AM-65     ,730,405.8,6199.0,886.0,5313.0
01/06/2022,AM-66     ,768,333.0,5652.0,797.0,4855.0
01/06/2022,AM-67     ,751,296.6,5157.0,910.0,4247.0
01/06/2022,TM-001    ,360,164.6,4729.0,32.0,4697.0
01/06/2022,TM-002    ,401,285.8,9815.0,0.0,9815.0
01/06/2022,TM-003    ,482,212.8,7405.0,55.0,7350.0
01/06/2022,TM-004    ,582,282.3,8285.0,10.0,8275.0
01/06/2022,TM-005    ,391,271.5,5860.0,22.0,5838.0
01/06/2022,TM-006    ,48,31.2,858.0,0.0,858.0
01/06/2022,TM-007    ,523,256.6,10753.0,15.0,10738.0
01/06/2022,TM-008    ,432,191.0,6374.0,29.0,6345.0
01/06/2022,TM-009    ,91,40.3,1615.0,0.0,1615.0
01/06/2022,TM-010    ,522,195.7,8517.0,47.0,8470.0
01/06/2022,TM-011    ,269,129.5,5144.0,52.0,5092.0
01/06/2022,TM-012    ,436,283.4,7782.0,28.0,7754.0
01/06/2022,TM-013    ,448,260.9,9181.0,0.0,9181.0
01/06/2022,TM-014    ,489,242.5,7677.0,42.0,7635.0
01/06/2022,TM-015    ,559,199.6,6966.0,0.0,6966.0
01/06/2022,TM-016    ,477,286.2,8341.0,0.0,8341.0
01/06/2022,TM-018    ,554,270.4,6928.0,1.0,6927.0
01/06/2022,TM-019    ,512,245.2,6192.0,0.0,6192.0
01/06/2022,TM-020    ,54,27.4,869.0,0.0,869.0
01/06/2022,TM-021    ,392,180.6,4981.0,14.0,4967.0
01/06/2022,TM-022    ,438,303.5,7311.0,28.0,7283.0
01/06/2022,TM-023    ,601,244.2,8963.0,11.0,8952.0
01/06/2022,TM-024    ,461,235.4,6419.0,109.0,6310.0
01/06/2022,TM-025    ,482,156.0,5655.0,89.0,5566.0
01/06/2022,TM-026    ,233,78.7,3378.0,0.0,3378.0
01/06/2022,TM-027    ,489,187.1,6562.0,12.0,6550.0
01/06/2022,TM-028    ,558,207.3,7417.0,48.0,7369.0
01/06/2022,TM-029    ,380,199.3,5585.0,103.0,5482.0
01/06/2022,TM-030    ,524,214.7,8277.0,15.0,8262.0
01/06/2022,TM-031    ,630,193.7,9396.0,17.0,9379.0
01/06/2022,TM-032    ,575,284.3,8821.0,57.0,8764.0
01/06/2022,TM-034    ,348,170.1,6261.0,0.0,6261.0
01/06/2022,TM-035    ,380,254.9,7653.0,34.0,7619.0
01/06/2022,TM-038    ,487,246.6,11153.0,120.0,11033.0
01/06/2022,TM-039    ,450,243.6,6169.0,0.0,6169.0
01/06/2022,TM-040    ,652,336.8,10845.0,134.0,10711.0
01/06/2022,TM-041    ,317,199.2,7055.0,65.0,6990.0
01/06/2022,TM-042    ,239,129.2,3237.0,23.0,3214.0
01/06/2022,TM-043    ,7,2.3,79.0,29.0,50.0
01/06/2022,TM-044    ,125,69.6,1506.0,0.0,1506.0
01/06/2022,TM-045    ,288,167.6,3811.0,56.0,3755.0
01/06/2022,TM-046    ,277,158.7,5069.0,121.0,4948.0
01/06/2022,TM-047    ,403,216.5,7733.0,202.0,7531.0
01/06/2022,TM-048    ,362,185.9,4947.0,283.0,4664.0
01/06/2022,TM-049    ,499,289.0,8039.0,153.0,7886.0
01/06/2022,TM-050    ,476,194.8,7122.0,203.0,6919.0
01/06/2022,TM-051    ,454,197.5,5725.0,223.0,5502.0
01/06/2022,TM-052    ,412,154.4,6538.0,152.0,6386.0
01/06/2022,TM-053    ,440,235.5,7543.0,257.0,7286.0
01/06/2022,TM-054    ,215,106.2,3441.0,96.0,3345.0
01/06/2022,TM-055    ,429,188.4,5616.0,207.0,5409.0
01/06/2022,TM-056    ,248,168.8,3978.0,234.0,3744.0
01/06/2022,TM-057    ,291,188.5,4937.0,138.0,4799.0
01/06/2022,TM-058    ,486,231.5,6402.0,129.0,6273.0
01/06/2022,TM-059    ,497,172.8,6134.0,95.0,6039.0
01/06/2022,TM-060    ,419,196.6,8344.0,94.0,8250.0
01/07/2022,AM-01     ,1966,1166.9,11463.0,113.0,11350.0
01/07/2022,AM-02     ,2238,1209.1,9015.0,122.0,8893.0
01/07/2022,AM-028    ,20,13.3,331.0,11.0,320.0
01/07/2022,AM-03     ,829,395.5,8519.0,520.0,7999.0
01/07/2022,AM-04     ,1016,546.9,9871.0,552.0,9319.0
01/07/2022,AM-05     ,799,360.5,6403.0,313.0,6090.0
01/07/2022,AM-06     ,657,394.4,6974.0,546.0,6428.0
01/07/2022,AM-068    ,1147,610.9,6357.0,726.0,5631.0
01/07/2022,AM-069    ,1265,539.5,4004.0,1502.0,2502.0
01/07/2022,AM-07     ,859,475.5,7039.0,596.0,6443.0
01/07/2022,AM-070    ,931,626.8,5238.0,631.0,4607.0
01/07/2022,AM-071    ,1316,528.7,4568.0,710.0,3858.0
01/07/2022,AM-072    ,980,561.3,5937.0,634.0,5303.0
01/07/2022,AM-073    ,1610,551.3,7737.0,645.0,7092.0
01/07/2022,AM-074    ,611,373.9,8462.0,1286.0,7176.0
01/07/2022,AM-075    ,862,303.2,8864.0,1435.0,7429.0
01/07/2022,AM-076    ,671,295.8,9255.0,1060.0,8195.0
01/07/2022,AM-077    ,664,391.5,6007.0,976.0,5031.0
01/07/2022,AM-078    ,579,382.8,6124.0,767.0,5357.0
01/07/2022,AM-079    ,640,399.2,8311.0,455.0,7856.0
01/07/2022,AM-08     ,1433,604.1,6314.0,300.0,6014.0
01/07/2022,AM-080    ,850,407.6,6754.0,708.0,6046.0
01/07/2022,AM-081    ,678,442.2,6445.0,541.0,5904.0
01/07/2022,AM-082    ,754,446.5,6882.0,434.0,6448.0
01/07/2022,AM-083    ,928,445.8,7501.0,226.0,7275.0
01/07/2022,AM-084    ,1018,384.6,6214.0,216.0,5998.0
01/07/2022,AM-085    ,1063,630.7,9826.0,352.0,9474.0
01/07/2022,AM-086    ,1105,518.0,6279.0,401.0,5878.0
01/07/2022,AM-087    ,1248,555.5,8524.0,224.0,8300.0
01/07/2022,AM-088    ,1484,656.4,7609.0,232.0,7377.0
01/07/2022,AM-089    ,1348,697.9,6507.0,347.0,6160.0
01/07/2022,AM-09     ,542,316.6,11370.0,2066.0,9304.0
01/07/2022,AM-090    ,1434,807.2,8153.0,442.0,7711.0
01/07/2022,AM-091    ,727,326.0,5460.0,890.0,4570.0
01/07/2022,AM-092    ,253,171.4,5613.0,1120.0,4493.0
01/07/2022,AM-093    ,263,125.8,5340.0,1475.0,3865.0
01/07/2022,AM-094    ,244,94.2,5567.0,1505.0,4062.0
01/07/2022,AM-095    ,234,115.1,4838.0,1232.0,3606.0
01/07/2022,AM-096    ,128,90.9,3616.0,1198.0,2418.0
01/07/2022,AM-097    ,158,72.8,3042.0,911.0,2131.0
01/07/2022,AM-098    ,99,54.2,1900.0,613.0,1287.0
01/07/2022,AM-099    ,37,15.5,704.0,96.0,608.0
01/07/2022,AM-10     ,628,256.9,11304.0,1778.0,9526.0
01/07/2022,AM-100    ,28,10.8,682.0,170.0,512.0
01/07/2022,AM-101    ,14,5.6,179.0,12.0,167.0
01/07/2022,AM-103    ,35,22.9,526.0,110.0,416.0
01/07/2022,AM-11     ,609,305.0,11226.0,1599.0,9627.0
01/07/2022,AM-12     ,273,128.5,5623.0,764.0,4859.0
01/07/2022,AM-13     ,399,264.3,10800.0,2245.0,8555.0
01/07/2022,AM-14     ,481,342.6,6235.0,1678.0,4557.0
01/07/2022,AM-15     ,642,304.7,9110.0,617.0,8493.0
01/07/2022,AM-16     ,776,283.2,5108.0,623.0,4485.0
01/07/2022,AM-17     ,574,321.4,10130.0,2180.0,7950.0
01/07/2022,AM-18     ,465,214.9,6608.0,2013.0,4595.0
01/07/2022,AM-19     ,502,308.9,7938.0,1593.0,6345.0
01/07/2022,AM-20     ,410,194.3,8535.0,796.0,7739.0
01/07/2022,AM-21     ,412,275.4,9243.0,1123.0,8120.0
01/07/2022,AM-22     ,442,208.4,11138.0,1043.0,10095.0
01/07/2022,AM-23     ,434,197.7,7973.0,2794.0,5179.0
01/07/2022,AM-24     ,428,271.1,9376.0,1841.0,7535.0
01/07/2022,AM-25     ,401,212.0,8118.0,2254.0,5864.0
01/07/2022,AM-26     ,528,209.7,7535.0,618.0,6917.0
01/07/2022,AM-27     ,756,297.9,10681.0,896.0,9785.0
01/07/2022,AM-28     ,917,281.8,10088.0,642.0,9446.0
01/07/2022,AM-29     ,793,359.3,8509.0,918.0,7591.0
01/07/2022,AM-30     ,740,344.1,11965.0,556.0,11409.0
01/07/2022,AM-31     ,585,242.7,6904.0,590.0,6314.0
01/07/2022,AM-32     ,669,261.6,8807.0,824.0,7983.0
01/07/2022,AM-33     ,775,271.6,8747.0,794.0,7953.0
01/07/2022,AM-37     ,922,602.1,3895.0,850.0,3045.0
01/07/2022,AM-38     ,1130,471.5,4436.0,831.0,3605.0
01/07/2022,AM-39     ,1471,708.4,4306.0,732.0,3574.0
01/07/2022,AM-40     ,1089,439.4,6058.0,705.0,5353.0
01/07/2022,AM-41     ,1887,796.8,7952.0,320.0,7632.0
01/07/2022,AM-42     ,1370,784.1,6363.0,313.0,6050.0
01/07/2022,AM-43     ,29,18.9,159.0,22.0,137.0
01/07/2022,AM-44     ,728,307.5,8098.0,188.0,7910.0
01/07/2022,AM-45     ,647,409.1,7673.0,449.0,7224.0
01/07/2022,AM-46     ,1618,1056.3,10705.0,265.0,10440.0
01/07/2022,AM-47     ,1398,1076.0,6133.0,481.0,5652.0
01/07/2022,AM-48     ,2242,1009.9,7115.0,337.0,6778.0
01/07/2022,AM-49     ,1392,856.4,6782.0,59.0,6723.0
01/07/2022,AM-50     ,1886,1165.1,8163.0,89.0,8074.0
01/07/2022,AM-51     ,1437,692.1,7290.0,91.0,7199.0
01/07/2022,AM-52     ,2393,1041.3,7217.0,78.0,7139.0
01/07/2022,AM-53     ,1486,827.7,5385.0,44.0,5341.0
01/07/2022,AM-54     ,843,336.4,3538.0,0.0,3538.0
01/07/2022,AM-55     ,1083,345.7,4326.0,56.0,4270.0
01/07/2022,AM-56     ,82,28.3,360.0,4.0,356.0
01/07/2022,AM-57     ,30,19.3,195.0,16.0,179.0
01/07/2022,AM-58     ,99,44.4,1059.0,125.0,934.0
01/07/2022,AM-59     ,40,21.0,156.0,25.0,131.0
01/07/2022,AM-60     ,4,1.5,85.0,0.0,85.0
01/07/2022,AM-61     ,25,14.8,480.0,30.0,450.0
01/07/2022,AM-62     ,6,4.8,129.0,34.0,95.0
01/07/2022,AM-63     ,7,2.8,105.0,0.0,105.0
01/07/2022,AM-64     ,675,359.1,5593.0,690.0,4903.0
01/07/2022,AM-65     ,659,388.1,7352.0,728.0,6624.0
01/07/2022,AM-66     ,631,323.2,5881.0,897.0,4984.0
01/07/2022,AM-67     ,766,341.3,5160.0,735.0,4425.0
01/07/2022,TM-001    ,411,292.4,9809.0,22.0,9787.0
01/07/2022,TM-002    ,485,217.5,6801.0,10.0,6791.0
01/07/2022,TM-003    ,453,330.8,7792.0,0.0,7792.0
01/07/2022,TM-004    ,496,191.9,6077.0,0.0,6077.0
01/07/2022,TM-005    ,548,226.1,6726.0,70.0,6656.0
01/07/2022,TM-006    ,302,95.5,4911.0,9.0,4902.0
01/07/2022,TM-007    ,353,258.3,6457.0,31.0,6426.0
01/07/2022,TM-008    ,377,232.0,7372.0,26.0,7346.0
01/07/2022,TM-009    ,184,89.0,3908.0,0.0,3908.0
01/07/2022,TM-010    ,501,246.3,9750.0,19.0,9731.0
01/07/2022,TM-011    ,335,230.5,5735.0,11.0,5724.0
01/07/2022,TM-012    ,642,311.6,10246.0,12.0,10234.0
01/07/2022,TM-013    ,353,206.9,7226.0,90.0,7136.0
01/07/2022,TM-014    ,390,232.8,6056.0,55.0,6001.0
01/07/2022,TM-015    ,472,206.3,7143.0,113.0,7030.0
01/07/2022,TM-016    ,503,244.0,10000.0,0.0,10000.0
01/07/2022,TM-018    ,274,145.5,3843.0,11.0,3832.0
01/07/2022,TM-019    ,341,177.2,7751.0,68.0,7683.0
01/07/2022,TM-020    ,306,147.7,5997.0,19.0,5978.0
01/07/2022,TM-021    ,200,120.4,4574.0,0.0,4574.0
01/07/2022,TM-022    ,386,246.8,6314.0,36.0,6278.0
01/07/2022,TM-023    ,496,201.6,5719.0,63.0,5656.0
01/07/2022,TM-024    ,415,255.4,8468.0,17.0,8451.0
01/07/2022,TM-025    ,436,175.9,6083.0,16.0,6067.0
01/07/2022,TM-026    ,500,263.2,10200.0,66.0,10134.0
01/07/2022,TM-027    ,468,220.9,7722.0,11.0,7711.0
01/07/2022,TM-028    ,640,224.4,8287.0,100.0,8187.0
01/07/2022,TM-029    ,323,166.3,7426.0,84.0,7342.0
01/07/2022,TM-030    ,538,281.1,8036.0,50.0,7986.0
01/07/2022,TM-031    ,615,240.4,7497.0,43.0,7454.0
01/07/2022,TM-032    ,581,299.9,7104.0,25.0,7079.0
01/07/2022,TM-034    ,369,168.7,5082.0,0.0,5082.0
01/07/2022,TM-035    ,320,224.5,7775.0,48.0,7727.0
01/07/2022,TM-036    ,10,4.9,175.0,0.0,175.0
01/07/2022,TM-037    ,27,14.6,467.0,0.0,467.0
01/07/2022,TM-038    ,506,212.9,5907.0,11.0,5896.0
01/07/2022,TM-039    ,630,271.8,9393.0,30.0,9363.0
01/07/2022,TM-040    ,528,299.7,11689.0,118.0,11571.0
01/07/2022,TM-041    ,451,246.1,6284.0,91.0,6193.0
01/07/2022,TM-042    ,168,117.5,3510.0,46.0,3464.0
01/07/2022,TM-044    ,202,81.9,2973.0,104.0,2869.0
01/07/2022,TM-045    ,281,117.0,4569.0,41.0,4528.0
01/07/2022,TM-046    ,513,221.0,7694.0,230.0,7464.0
01/07/2022,TM-047    ,263,112.1,3145.0,103.0,3042.0
01/07/2022,TM-048    ,237,97.2,4134.0,92.0,4042.0
01/07/2022,TM-049    ,305,225.7,5139.0,164.0,4975.0
01/07/2022,TM-050    ,413,215.9,7299.0,323.0,6976.0
01/07/2022,TM-051    ,268,188.9,5277.0,193.0,5084.0
01/07/2022,TM-052    ,302,191.3,4174.0,264.0,3910.0
01/07/2022,TM-053    ,329,158.4,4652.0,97.0,4555.0
01/07/2022,TM-054    ,399,164.6,5468.0,209.0,5259.0
01/07/2022,TM-055    ,248,106.2,4220.0,133.0,4087.0
01/07/2022,TM-056    ,330,206.7,5316.0,93.0,5223.0
01/07/2022,TM-057    ,382,135.4,5742.0,119.0,5623.0
01/07/2022,TM-058    ,312,126.8,4798.0,72.0,4726.0
01/07/2022,TM-059    ,317,184.4,7948.0,73.0,7875.0
01/07/2022,TM-060    ,516,193.8,8958.0,194.0,8764.0
01/08/2022,AM-008    ,42,17.5,181.0,7.0,174.0
01/08/2022,AM-01     ,1559,1127.7,7466.0,107.0,7359.0
01/08/2022,AM-02     ,1935,823.6,10440.0,122.0,10318.0
01/08/2022,AM-03     ,667,256.8,6434.0,248.0,6186.0
01/08/2022,AM-04     ,715,456.7,6039.0,681.0,5358.0
01/08/2022,AM-05     ,1135,574.4,6832.0,534.0,6298.0
01/08/2022,AM-06     ,866,337.4,7016.0,348.0,6668.0
01/08/2022,AM-068    ,1374,512.7,6724.0,1024.0,5700.0
01/08/2022,AM-069    ,1044,550.7,5831.0,1579.0,4252.0
01/08/2022,AM-07     ,719,452.4,5775.0,350.0,5425.0
01/08/2022,AM-070    ,1236,656.1,4656.0,693.0,3963.0
01/08/2022,AM-071    ,1085,563.0,3647.0,821.0,2826.0
01/08/2022,AM-072    ,851,494.1,6232.0,785.0,5447.0
01/08/2022,AM-073    ,1703,863.7,9581.0,931.0,8650.0
01/08/2022,AM-074    ,873,301.1,9258.0,1527.0,7731.0
01/08/2022,AM-075    ,693,385.1,7519.0,1805.0,5714.0
01/08/2022,AM-076    ,550,394.4,5744.0,778.0,4966.0
01/08/2022,AM-077    ,849,457.9,7392.0,1037.0,6355.0
01/08/2022,AM-078    ,561,290.0,8024.0,446.0,7578.0
01/08/2022,AM-079    ,615,265.4,6348.0,430.0,5918.0
01/08/2022,AM-08     ,764,469.5,4456.0,315.0,4141.0
01/08/2022,AM-080    ,639,385.1,8482.0,710.0,7772.0
01/08/2022,AM-081    ,768,389.9,7971.0,612.0,7359.0
01/08/2022,AM-082    ,795,333.2,9545.0,382.0,9163.0
01/08/2022,AM-083    ,725,374.4,7281.0,213.0,7068.0
01/08/2022,AM-084    ,1033,437.2,7716.0,182.0,7534.0
01/08/2022,AM-085    ,1120,430.6,8041.0,309.0,7732.0
01/08/2022,AM-086    ,1246,620.2,9645.0,415.0,9230.0
01/08/2022,AM-087    ,1092,619.8,7830.0,254.0,7576.0
01/08/2022,AM-088    ,1339,788.8,7768.0,377.0,7391.0
01/08/2022,AM-089    ,2294,960.2,5606.0,272.0,5334.0
01/08/2022,AM-09     ,620,310.3,12770.0,2056.0,10714.0
01/08/2022,AM-090    ,1349,809.6,7383.0,363.0,7020.0
01/08/2022,AM-091    ,661,491.9,5438.0,900.0,4538.0
01/08/2022,AM-092    ,430,194.3,4913.0,1253.0,3660.0
01/08/2022,AM-093    ,383,162.7,6832.0,1408.0,5424.0
01/08/2022,AM-094    ,311,130.7,6052.0,2129.0,3923.0
01/08/2022,AM-095    ,266,131.4,6961.0,1698.0,5263.0
01/08/2022,AM-096    ,214,120.9,6098.0,1911.0,4187.0
01/08/2022,AM-097    ,151,61.8,2375.0,1305.0,1070.0
01/08/2022,AM-098    ,167,88.8,3053.0,631.0,2422.0
01/08/2022,AM-099    ,53,23.2,1049.0,501.0,548.0
01/08/2022,AM-10     ,655,329.4,9680.0,1578.0,8102.0
01/08/2022,AM-100    ,22,11.2,410.0,93.0,317.0
01/08/2022,AM-101    ,10,4.6,199.0,17.0,182.0
01/08/2022,AM-103    ,21,11.5,85.0,13.0,72.0
01/08/2022,AM-11     ,521,255.5,11901.0,1953.0,9948.0
01/08/2022,AM-12     ,177,59.3,3338.0,452.0,2886.0
01/08/2022,AM-13     ,639,292.6,10033.0,1583.0,8450.0
01/08/2022,AM-14     ,872,497.4,6961.0,986.0,5975.0
01/08/2022,AM-15     ,804,264.6,7847.0,755.0,7092.0
01/08/2022,AM-16     ,948,522.0,5241.0,1028.0,4213.0
01/08/2022,AM-17     ,657,272.2,12987.0,1704.0,11283.0
01/08/2022,AM-18     ,544,317.4,12103.0,2024.0,10079.0
01/08/2022,AM-19     ,428,204.3,9355.0,2086.0,7269.0
01/08/2022,AM-20     ,500,248.1,11169.0,1345.0,9824.0
01/08/2022,AM-21     ,553,262.7,7839.0,1732.0,6107.0
01/08/2022,AM-22     ,456,272.2,12575.0,2955.0,9620.0
01/08/2022,AM-23     ,535,277.2,8272.0,2005.0,6267.0
01/08/2022,AM-24     ,663,320.0,11878.0,1109.0,10769.0
01/08/2022,AM-25     ,400,173.5,8944.0,2569.0,6375.0
01/08/2022,AM-26     ,730,289.7,9206.0,613.0,8593.0
01/08/2022,AM-27     ,563,325.5,7951.0,578.0,7373.0
01/08/2022,AM-28     ,620,329.4,8966.0,765.0,8201.0
01/08/2022,AM-29     ,579,335.1,7697.0,709.0,6988.0
01/08/2022,AM-30     ,802,315.6,11165.0,890.0,10275.0
01/08/2022,AM-31     ,651,291.8,7569.0,626.0,6943.0
01/08/2022,AM-32     ,535,401.6,9954.0,617.0,9337.0
01/08/2022,AM-33     ,669,274.0,11219.0,1004.0,10215.0
01/08/2022,AM-34     ,15,8.5,333.0,34.0,299.0
01/08/2022,AM-37     ,1021,638.1,4464.0,617.0,3847.0
01/08/2022,AM-38     ,1422,633.9,6391.0,935.0,5456.0
01/08/2022,AM-39     ,1300,657.7,4044.0,798.0,3246.0
01/08/2022,AM-40     ,1208,560.5,6304.0,620.0,5684.0
01/08/2022,AM-41     ,2405,941.1,8782.0,307.0,8475.0
01/08/2022,AM-43     ,77,38.2,557.0,25.0,532.0
01/08/2022,AM-44     ,960,362.3,6826.0,576.0,6250.0
01/08/2022,AM-45     ,1205,674.3,7578.0,719.0,6859.0
01/08/2022,AM-46     ,2239,1221.5,8417.0,253.0,8164.0
01/08/2022,AM-47     ,1489,719.2,8946.0,318.0,8628.0
01/08/2022,AM-48     ,2146,724.5,7100.0,542.0,6558.0
01/08/2022,AM-49     ,1660,829.9,7940.0,31.0,7909.0
01/08/2022,AM-50     ,1418,681.8,6329.0,93.0,6236.0
01/08/2022,AM-51     ,1494,1046.8,8740.0,94.0,8646.0
01/08/2022,AM-52     ,2140,853.9,8358.0,126.0,8232.0
01/08/2022,AM-53     ,1920,957.6,7887.0,82.0,7805.0
01/08/2022,AM-54     ,604,205.0,2250.0,0.0,2250.0
01/08/2022,AM-55     ,581,220.7,2622.0,0.0,2622.0
01/08/2022,AM-56     ,36,24.5,634.0,61.0,573.0
01/08/2022,AM-57     ,28,12.4,147.0,11.0,136.0
01/08/2022,AM-58     ,50,36.6,777.0,140.0,637.0
01/08/2022,AM-59     ,110,55.2,709.0,59.0,650.0
01/08/2022,AM-60     ,67,27.0,526.0,68.0,458.0
01/08/2022,AM-61     ,149,56.4,890.0,64.0,826.0
01/08/2022,AM-62     ,60,31.7,417.0,79.0,338.0
01/08/2022,AM-63     ,7,4.8,129.0,32.0,97.0
01/08/2022,AM-64     ,580,341.1,5995.0,844.0,5151.0
01/08/2022,AM-65     ,817,286.5,8076.0,834.0,7242.0
01/08/2022,AM-66     ,689,439.0,5571.0,685.0,4886.0
01/08/2022,AM-67     ,646,305.6,8034.0,1005.0,7029.0
01/08/2022,TM-001    ,222,124.0,3698.0,11.0,3687.0
01/08/2022,TM-002    ,655,338.9,10509.0,0.0,10509.0
01/08/2022,TM-003    ,399,188.8,5979.0,45.0,5934.0
01/08/2022,TM-004    ,367,264.3,8194.0,0.0,8194.0
01/08/2022,TM-005    ,630,257.9,7262.0,54.0,7208.0
01/08/2022,TM-006    ,401,213.6,5255.0,13.0,5242.0
01/08/2022,TM-007    ,384,213.8,6521.0,24.0,6497.0
01/08/2022,TM-008    ,384,270.5,8368.0,45.0,8323.0
01/08/2022,TM-009    ,249,117.7,5338.0,10.0,5328.0
01/08/2022,TM-010    ,431,257.4,5682.0,30.0,5652.0
01/08/2022,TM-011    ,296,154.4,3667.0,10.0,3657.0
01/08/2022,TM-012    ,501,220.5,6364.0,64.0,6300.0
01/08/2022,TM-013    ,615,246.5,7520.0,19.0,7501.0
01/08/2022,TM-014    ,483,250.9,7754.0,17.0,7737.0
01/08/2022,TM-015    ,451,205.9,8417.0,37.0,8380.0
01/08/2022,TM-016    ,647,283.8,10737.0,93.0,10644.0
01/08/2022,TM-018    ,437,194.2,8668.0,32.0,8636.0
01/08/2022,TM-019    ,614,303.9,8509.0,11.0,8498.0
01/08/2022,TM-020    ,74,26.4,831.0,0.0,831.0
01/08/2022,TM-021    ,166,86.7,3028.0,12.0,3016.0
01/08/2022,TM-022    ,590,236.1,8699.0,60.0,8639.0
01/08/2022,TM-023    ,522,273.7,9076.0,135.0,8941.0
01/08/2022,TM-024    ,486,192.8,7450.0,61.0,7389.0
01/08/2022,TM-025    ,355,225.0,8890.0,10.0,8880.0
01/08/2022,TM-026    ,423,299.5,9543.0,110.0,9433.0
01/08/2022,TM-027    ,592,278.2,6474.0,0.0,6474.0
01/08/2022,TM-028    ,395,237.6,6414.0,91.0,6323.0
01/08/2022,TM-029    ,564,191.9,9001.0,20.0,8981.0
01/08/2022,TM-030    ,439,270.4,9160.0,31.0,9129.0
01/08/2022,TM-031    ,508,197.5,6711.0,46.0,6665.0
01/08/2022,TM-032    ,558,290.9,9076.0,26.0,9050.0
01/08/2022,TM-034    ,442,192.1,7596.0,54.0,7542.0
01/08/2022,TM-035    ,367,195.1,6395.0,1.0,6394.0
01/08/2022,TM-037    ,29,15.7,463.0,0.0,463.0
01/08/2022,TM-038    ,368,283.1,9172.0,0.0,9172.0
01/08/2022,TM-039    ,399,179.7,7701.0,26.0,7675.0
01/08/2022,TM-040    ,551,264.4,6831.0,21.0,6810.0
01/08/2022,TM-041    ,661,222.5,9534.0,72.0,9462.0
01/08/2022,TM-042    ,360,167.6,5424.0,148.0,5276.0
01/08/2022,TM-044    ,48,25.3,788.0,34.0,754.0
01/08/2022,TM-045    ,292,123.3,3509.0,11.0,3498.0
01/08/2022,TM-046    ,485,222.7,8830.0,221.0,8609.0
01/08/2022,TM-047    ,208,143.2,3102.0,77.0,3025.0
01/08/2022,TM-048    ,481,202.1,6659.0,222.0,6437.0
01/08/2022,TM-049    ,512,234.5,8107.0,176.0,7931.0
01/08/2022,TM-050    ,425,214.6,6300.0,153.0,6147.0
01/08/2022,TM-051    ,315,214.0,6107.0,159.0,5948.0
01/08/2022,TM-052    ,415,171.1,8112.0,109.0,8003.0
01/08/2022,TM-053    ,432,255.9,7523.0,170.0,7353.0
01/08/2022,TM-054    ,565,231.3,7565.0,322.0,7243.0
01/08/2022,TM-055    ,380,145.8,4789.0,204.0,4585.0
01/08/2022,TM-056    ,319,193.8,4061.0,72.0,3989.0
01/08/2022,TM-057    ,464,176.0,4802.0,230.0,4572.0
01/08/2022,TM-058    ,299,148.4,7246.0,116.0,7130.0
01/08/2022,TM-059    ,393,218.2,7347.0,224.0,7123.0
01/08/2022,TM-060    ,304,234.4,7695.0,150.0,7545.0
01/09/2022,AM-002    ,6,3.0,61.0,0.0,61.0
01/09/2022,AM-003    ,10,4.9,140.0,0.0,140.0
01/09/2022,AM-01     ,1748,1162.5,7498.0,98.0,7400.0
01/09/2022,AM-018    ,35,11.3,308.0,0.0,308.0
01/09/2022,AM-02     ,1708,895.9,9040.0,200.0,8840.0
01/09/2022,AM-03     ,1080,519.4,6435.0,680.0,5755.0
01/09/2022,AM-04     ,845,349.9,6921.0,241.0,6680.0
01/09/2022,AM-05     ,728,332.0,5424.0,418.0,5006.0
01/09/2022,AM-06     ,638,442.9,8713.0,552.0,8161.0
01/09/2022,AM-068    ,1475,558.6,5549.0,702.0,4847.0
01/09/2022,AM-069    ,1200,648.0,5553.0,1436.0,4117.0
01/09/2022,AM-07     ,814,451.7,10301.0,652.0,9649.0
01/09/2022,AM-070    ,1287,542.8,4541.0,507.0,4034.0
01/09/2022,AM-071    ,922,646.2,4511.0,545.0,3966.0
01/09/2022,AM-072    ,1431,601.0,7693.0,807.0,6886.0
01/09/2022,AM-073    ,1144,595.4,8033.0,621.0,7412.0
01/09/2022,AM-074    ,765,349.3,5812.0,1321.0,4491.0
01/09/2022,AM-075    ,686,388.8,8614.0,1634.0,6980.0
01/09/2022,AM-076    ,542,386.5,5350.0,632.0,4718.0
01/09/2022,AM-077    ,611,401.1,6192.0,1068.0,5124.0
01/09/2022,AM-078    ,496,362.1,5264.0,519.0,4745.0
01/09/2022,AM-079    ,649,289.0,5421.0,530.0,4891.0
01/09/2022,AM-08     ,1104,724.0,4821.0,381.0,4440.0
01/09/2022,AM-080    ,741,422.4,5674.0,826.0,4848.0
01/09/2022,AM-081    ,574,270.6,6594.0,610.0,5984.0
01/09/2022,AM-082    ,750,339.5,6882.0,371.0,6511.0
01/09/2022,AM-083    ,948,523.0,5982.0,232.0,5750.0
01/09/2022,AM-084    ,701,536.4,8089.0,244.0,7845.0
01/09/2022,AM-085    ,1150,572.6,6913.0,309.0,6604.0
01/09/2022,AM-086    ,949,481.5,5431.0,371.0,5060.0
01/09/2022,AM-087    ,1107,521.1,6187.0,538.0,5649.0
01/09/2022,AM-088    ,1141,584.9,5529.0,225.0,5304.0
01/09/2022,AM-089    ,2056,879.0,5926.0,348.0,5578.0
01/09/2022,AM-09     ,410,188.9,8820.0,1661.0,7159.0
01/09/2022,AM-090    ,1356,964.4,7396.0,263.0,7133.0
01/09/2022,AM-091    ,757,436.2,6590.0,588.0,6002.0
01/09/2022,AM-092    ,546,255.6,7289.0,1037.0,6252.0
01/09/2022,AM-093    ,258,168.2,5584.0,1669.0,3915.0
01/09/2022,AM-094    ,342,163.3,5666.0,1299.0,4367.0
01/09/2022,AM-095    ,274,91.9,3897.0,1515.0,2382.0
01/09/2022,AM-096    ,257,96.9,5415.0,1964.0,3451.0
01/09/2022,AM-097    ,135,55.6,2396.0,1242.0,1154.0
01/09/2022,AM-098    ,99,53.4,2745.0,1129.0,1616.0
01/09/2022,AM-099    ,121,64.3,1763.0,334.0,1429.0
01/09/2022,AM-10     ,576,226.9,11338.0,1442.0,9896.0
01/09/2022,AM-100    ,31,16.8,1032.0,337.0,695.0
01/09/2022,AM-101    ,19,12.5,525.0,74.0,451.0
01/09/2022,AM-102    ,14,6.3,199.0,36.0,163.0
01/09/2022,AM-103    ,30,11.6,291.0,67.0,224.0
01/09/2022,AM-11     ,608,299.3,12481.0,2709.0,9772.0
01/09/2022,AM-12     ,645,309.6,10375.0,1789.0,8586.0
01/09/2022,AM-13     ,543,227.6,10270.0,2418.0,7852.0
01/09/2022,AM-14     ,681,301.8,8295.0,897.0,7398.0
01/09/2022,AM-15     ,745,470.5,8196.0,207.0,7989.0
01/09/2022,AM-16     ,1611,1030.9,9310.0,378.0,8932.0
01/09/2022,AM-17     ,474,269.2,10194.0,1994.0,8200.0
01/09/2022,AM-18     ,579,201.3,9443.0,1068.0,8375.0
01/09/2022,AM-19     ,171,78.2,3321.0,462.0,2859.0
01/09/2022,AM-20     ,499,214.7,8948.0,940.0,8008.0
01/09/2022,AM-21     ,443,192.4,9977.0,2087.0,7890.0
01/09/2022,AM-22     ,569,263.0,11628.0,1275.0,10353.0
01/09/2022,AM-23     ,435,214.3,10370.0,2054.0,8316.0
01/09/2022,AM-24     ,508,222.0,10794.0,2375.0,8419.0
01/09/2022,AM-25     ,460,238.4,7673.0,1573.0,6100.0
01/09/2022,AM-26     ,525,353.4,9091.0,690.0,8401.0
01/09/2022,AM-27     ,640,290.0,8733.0,678.0,8055.0
01/09/2022,AM-28     ,519,378.3,6872.0,858.0,6014.0
01/09/2022,AM-29     ,654,278.2,9499.0,537.0,8962.0
01/09/2022,AM-30     ,485,285.2,7406.0,526.0,6880.0
01/09/2022,AM-31     ,751,288.4,9779.0,893.0,8886.0
01/09/2022,AM-32     ,856,276.6,10655.0,891.0,9764.0
01/09/2022,AM-33     ,730,372.1,9491.0,615.0,8876.0
01/09/2022,AM-34     ,63,27.6,1253.0,148.0,1105.0
01/09/2022,AM-35     ,11,6.6,48.0,3.0,45.0
01/09/2022,AM-37     ,1263,551.5,4177.0,743.0,3434.0
01/09/2022,AM-38     ,953,542.0,4978.0,897.0,4081.0
01/09/2022,AM-39     ,1040,593.2,5365.0,934.0,4431.0
01/09/2022,AM-40     ,863,453.3,3506.0,622.0,2884.0
01/09/2022,AM-41     ,1642,767.7,5934.0,290.0,5644.0
01/09/2022,AM-42     ,46,32.9,261.0,6.0,255.0
01/09/2022,AM-43     ,32,22.0,157.0,30.0,127.0
01/09/2022,AM-44     ,587,388.8,9810.0,959.0,8851.0
01/09/2022,AM-45     ,906,453.2,8739.0,934.0,7805.0
01/09/2022,AM-46     ,1895,914.2,9752.0,310.0,9442.0
01/09/2022,AM-47     ,1825,1020.5,7111.0,274.0,6837.0
01/09/2022,AM-48     ,1572,878.0,7701.0,291.0,7410.0
01/09/2022,AM-49     ,1663,857.8,5810.0,44.0,5766.0
01/09/2022,AM-50     ,1209,670.8,6330.0,38.0,6292.0
01/09/2022,AM-51     ,1423,1039.3,7316.0,98.0,7218.0
01/09/2022,AM-52     ,1826,1009.1,5888.0,70.0,5818.0
01/09/2022,AM-53     ,1344,1095.0,5099.0,80.0,5019.0
01/09/2022,AM-54     ,687,531.8,3716.0,0.0,3716.0
01/09/2022,AM-55     ,736,514.2,2794.0,51.0,2743.0
01/09/2022,AM-58     ,3,2.3,78.0,0.0,78.0
01/09/2022,AM-59     ,51,30.9,700.0,89.0,611.0
01/09/2022,AM-60     ,7,3.5,159.0,57.0,102.0
01/09/2022,AM-61     ,9,3.7,165.0,0.0,165.0
01/09/2022,AM-62     ,55,20.1,801.0,126.0,675.0
01/09/2022,AM-63     ,40,20.2,637.0,51.0,586.0
01/09/2022,AM-64     ,596,333.3,5479.0,924.0,4555.0
01/09/2022,AM-65     ,827,344.3,7307.0,807.0,6500.0
01/09/2022,AM-66     ,608,396.5,6766.0,733.0,6033.0
01/09/2022,AM-67     ,532,404.5,8209.0,830.0,7379.0
01/09/2022,TM-0001   ,23,9.1,297.0,1.0,296.0
01/09/2022,TM-001    ,328,189.7,6141.0,3.0,6138.0
01/09/2022,TM-002    ,23,12.0,420.0,0.0,420.0
01/09/2022,TM-003    ,407,188.4,6411.0,36.0,6375.0
01/09/2022,TM-004    ,488,236.2,7153.0,70.0,7083.0
01/09/2022,TM-005    ,438,222.1,5353.0,43.0,5310.0
01/09/2022,TM-006    ,123,58.0,1843.0,22.0,1821.0
01/09/2022,TM-007    ,586,276.5,6022.0,3.0,6019.0
01/09/2022,TM-008    ,407,287.7,7133.0,4.0,7129.0
01/09/2022,TM-009    ,315,144.9,5964.0,36.0,5928.0
01/09/2022,TM-010    ,463,270.7,6401.0,26.0,6375.0
01/09/2022,TM-011    ,352,177.1,5155.0,4.0,5151.0
01/09/2022,TM-012    ,439,205.9,7935.0,4.0,7931.0
01/09/2022,TM-013    ,573,184.5,8050.0,12.0,8038.0
01/09/2022,TM-014    ,585,262.3,6646.0,2.0,6644.0
01/09/2022,TM-015    ,559,245.8,8639.0,15.0,8624.0
01/09/2022,TM-016    ,506,244.8,7238.0,4.0,7234.0
01/09/2022,TM-018    ,500,235.9,6017.0,23.0,5994.0
01/09/2022,TM-019    ,513,237.2,6463.0,26.0,6437.0
01/09/2022,TM-020    ,140,52.8,1558.0,0.0,1558.0
01/09/2022,TM-021    ,4,1.9,100.0,0.0,100.0
01/09/2022,TM-022    ,570,313.6,6957.0,34.0,6923.0
01/09/2022,TM-023    ,436,212.1,10072.0,13.0,10059.0
01/09/2022,TM-024    ,429,297.3,8989.0,61.0,8928.0
01/09/2022,TM-025    ,197,134.0,5014.0,52.0,4962.0
01/09/2022,TM-026    ,324,140.3,4573.0,47.0,4526.0
01/09/2022,TM-027    ,392,156.7,6663.0,94.0,6569.0
01/09/2022,TM-028    ,396,185.2,9347.0,18.0,9329.0
01/09/2022,TM-029    ,448,206.5,6292.0,3.0,6289.0
01/09/2022,TM-030    ,528,221.1,8397.0,4.0,8393.0
01/09/2022,TM-031    ,475,268.2,6214.0,12.0,6202.0
01/09/2022,TM-032    ,379,195.0,7766.0,54.0,7712.0
01/09/2022,TM-033    ,47,24.9,778.0,13.0,765.0
01/09/2022,TM-034    ,617,286.3,7323.0,39.0,7284.0
01/09/2022,TM-035    ,360,205.9,8310.0,35.0,8275.0
01/09/2022,TM-036    ,3,1.5,49.0,0.0,49.0
01/09/2022,TM-038    ,314,130.3,6093.0,4.0,6089.0
01/09/2022,TM-039    ,513,160.3,5064.0,60.0,5004.0
01/09/2022,TM-040    ,557,287.7,8694.0,17.0,8677.0
01/09/2022,TM-041    ,470,195.9,5345.0,3.0,5342.0
01/09/2022,TM-042    ,253,156.1,3786.0,64.0,3722.0
01/09/2022,TM-044    ,208,96.1,3416.0,3.0,3413.0
01/09/2022,TM-045    ,205,132.3,3780.0,39.0,3741.0
01/09/2022,TM-046    ,438,206.3,6368.0,270.0,6098.0
01/09/2022,TM-047    ,556,255.1,8691.0,160.0,8531.0
01/09/2022,TM-048    ,455,191.1,5160.0,223.0,4937.0
01/09/2022,TM-049    ,555,189.7,8446.0,136.0,8310.0
01/09/2022,TM-050    ,575,265.7,6331.0,209.0,6122.0
01/09/2022,TM-051    ,376,211.9,5805.0,179.0,5626.0
01/09/2022,TM-052    ,440,177.7,4594.0,275.0,4319.0
01/09/2022,TM-053    ,374,256.0,9271.0,311.0,8960.0
01/09/2022,TM-054    ,366,179.5,4734.0,159.0,4575.0
01/09/2022,TM-055    ,380,245.4,8631.0,285.0,8346.0
01/09/2022,TM-056    ,296,200.3,7519.0,238.0,7281.0
01/09/2022,TM-057    ,460,268.2,6935.0,211.0,6724.0
01/09/2022,TM-058    ,400,246.0,7477.0,268.0,7209.0
01/09/2022,TM-059    ,532,272.6,9575.0,219.0,9356.0
01/09/2022,TM-060    ,412,216.3,5928.0,148.0,5780.0
01/10/2022,AM-001    ,1,0.6,16.0,0.0,16.0
01/10/2022,AM-01     ,1617,962.3,9548.0,126.0,9422.0
01/10/2022,AM-02     ,2080,966.4,11342.0,153.0,11189.0
01/10/2022,AM-03     ,835,512.9,9552.0,645.0,8907.0
01/10/2022,AM-04     ,1048,489.4,7417.0,484.0,6933.0
01/10/2022,AM-05     ,947,345.6,6678.0,436.0,6242.0
01/10/2022,AM-06     ,877,447.3,8203.0,220.0,7983.0
01/10/2022,AM-068    ,1381,482.2,4177.0,990.0,3187.0
01/10/2022,AM-069    ,1080,629.0,5716.0,1177.0,4539.0
01/10/2022,AM-07     ,884,459.7,6063.0,406.0,5657.0
01/10/2022,AM-070    ,1088,751.9,6129.0,636.0,5493.0
01/10/2022,AM-071    ,991,426.2,6024.0,665.0,5359.0
01/10/2022,AM-072    ,1249,571.9,5898.0,979.0,4919.0
01/10/2022,AM-073    ,1437,711.9,6442.0,919.0,5523.0
01/10/2022,AM-074    ,854,340.0,7527.0,1135.0,6392.0
01/10/2022,AM-075    ,819,280.3,6852.0,1571.0,5281.0
01/10/2022,AM-076    ,820,358.9,6863.0,761.0,6102.0
01/10/2022,AM-077    ,906,371.1,8476.0,974.0,7502.0
01/10/2022,AM-078    ,674,280.0,6003.0,563.0,5440.0
01/10/2022,AM-079    ,619,359.7,6724.0,520.0,6204.0
01/10/2022,AM-08     ,1259,676.4,6833.0,316.0,6517.0
01/10/2022,AM-080    ,645,390.5,8197.0,719.0,7478.0
01/10/2022,AM-081    ,711,407.1,6365.0,575.0,5790.0
01/10/2022,AM-082    ,905,391.9,7996.0,228.0,7768.0
01/10/2022,AM-083    ,921,516.4,8220.0,226.0,7994.0
01/10/2022,AM-084    ,922,581.9,8291.0,201.0,8090.0
01/10/2022,AM-085    ,873,470.2,7262.0,291.0,6971.0
01/10/2022,AM-086    ,957,411.1,5866.0,323.0,5543.0
01/10/2022,AM-087    ,910,536.1,7976.0,452.0,7524.0
01/10/2022,AM-088    ,1445,574.8,7387.0,312.0,7075.0
01/10/2022,AM-089    ,1659,932.5,7468.0,347.0,7121.0
01/10/2022,AM-09     ,462,290.6,9112.0,3034.0,6078.0
01/10/2022,AM-090    ,1276,941.1,6923.0,210.0,6713.0
01/10/2022,AM-091    ,825,386.4,7775.0,1100.0,6675.0
01/10/2022,AM-092    ,374,140.4,5037.0,1153.0,3884.0
01/10/2022,AM-093    ,306,195.7,4771.0,999.0,3772.0
01/10/2022,AM-094    ,179,103.2,4972.0,1671.0,3301.0
01/10/2022,AM-095    ,237,153.2,6312.0,1985.0,4327.0
01/10/2022,AM-096    ,190,84.9,3478.0,1171.0,2307.0
01/10/2022,AM-097    ,164,92.8,3194.0,734.0,2460.0
01/10/2022,AM-098    ,86,32.6,1794.0,598.0,1196.0
01/10/2022,AM-099    ,22,10.4,428.0,53.0,375.0
01/10/2022,AM-10     ,428,192.5,10684.0,2637.0,8047.0
01/10/2022,AM-100    ,47,20.9,910.0,447.0,463.0
01/10/2022,AM-101    ,29,17.6,367.0,32.0,335.0
01/10/2022,AM-102    ,20,8.7,245.0,11.0,234.0
01/10/2022,AM-103    ,10,7.3,178.0,13.0,165.0
01/10/2022,AM-11     ,476,250.3,7025.0,1221.0,5804.0
01/10/2022,AM-12     ,368,256.7,10399.0,1854.0,8545.0
01/10/2022,AM-13     ,562,328.4,12223.0,1521.0,10702.0
01/10/2022,AM-14     ,415,151.4,4009.0,881.0,3128.0
01/10/2022,AM-15     ,791,389.4,8813.0,489.0,8324.0
01/10/2022,AM-16     ,1434,1121.2,7607.0,312.0,7295.0
01/10/2022,AM-17     ,410,321.7,9630.0,2396.0,7234.0
01/10/2022,AM-18     ,477,312.7,9861.0,2913.0,6948.0
01/10/2022,AM-19     ,341,246.8,9625.0,1607.0,8018.0
01/10/2022,AM-20     ,337,179.8,7128.0,1040.0,6088.0
01/10/2022,AM-21     ,531,273.6,10022.0,1231.0,8791.0
01/10/2022,AM-22     ,538,262.1,8394.0,1412.0,6982.0
01/10/2022,AM-23     ,358,249.1,6369.0,1559.0,4810.0
01/10/2022,AM-24     ,652,267.7,8466.0,1288.0,7178.0
01/10/2022,AM-25     ,378,240.3,10345.0,2368.0,7977.0
01/10/2022,AM-26     ,900,372.0,9407.0,606.0,8801.0
01/10/2022,AM-27     ,577,289.7,7684.0,968.0,6716.0
01/10/2022,AM-28     ,939,309.5,11959.0,1144.0,10815.0
01/10/2022,AM-29     ,597,340.2,6702.0,558.0,6144.0
01/10/2022,AM-30     ,764,378.2,8139.0,794.0,7345.0
01/10/2022,AM-31     ,887,292.7,9720.0,614.0,9106.0
01/10/2022,AM-32     ,580,369.4,8029.0,706.0,7323.0
01/10/2022,AM-33     ,742,320.5,8751.0,532.0,8219.0
01/10/2022,AM-34     ,4,1.9,70.0,0.0,70.0
01/10/2022,AM-37     ,1146,533.2,5051.0,631.0,4420.0
01/10/2022,AM-38     ,1030,660.1,5709.0,762.0,4947.0
01/10/2022,AM-39     ,1198,645.8,5919.0,663.0,5256.0
01/10/2022,AM-40     ,1018,630.2,6520.0,729.0,5791.0
01/10/2022,AM-41     ,1783,915.6,8802.0,495.0,8307.0
01/10/2022,AM-43     ,96,37.4,1377.0,167.0,1210.0
01/10/2022,AM-44     ,581,253.6,6195.0,620.0,5575.0
01/10/2022,AM-45     ,1061,384.9,7850.0,850.0,7000.0
01/10/2022,AM-46     ,2088,919.1,9924.0,217.0,9707.0
01/10/2022,AM-47     ,1620,971.5,7796.0,403.0,7393.0
01/10/2022,AM-48     ,1707,1169.5,6431.0,358.0,6073.0
01/10/2022,AM-49     ,1533,861.0,7522.0,63.0,7459.0
01/10/2022,AM-50     ,835,457.7,5268.0,7.0,5261.0
01/10/2022,AM-51     ,1066,621.5,5375.0,136.0,5239.0
01/10/2022,AM-52     ,1741,1166.0,5887.0,100.0,5787.0
01/10/2022,AM-53     ,2263,1031.4,6018.0,97.0,5921.0
01/10/2022,AM-54     ,837,482.0,3654.0,0.0,3654.0
01/10/2022,AM-55     ,432,238.3,1518.0,22.0,1496.0
01/10/2022,AM-56     ,36,19.7,314.0,51.0,263.0
01/10/2022,AM-57     ,7,3.7,93.0,13.0,80.0
01/10/2022,AM-58     ,16,7.4,132.0,7.0,125.0
01/10/2022,AM-59     ,15,6.6,121.0,8.0,113.0
01/10/2022,AM-60     ,14,7.0,151.0,8.0,143.0
01/10/2022,AM-61     ,52,33.4,399.0,61.0,338.0
01/10/2022,AM-62     ,80,38.0,718.0,58.0,660.0
01/10/2022,AM-63     ,62,21.2,588.0,53.0,535.0
01/10/2022,AM-64     ,728,286.9,5412.0,768.0,4644.0
01/10/2022,AM-65     ,720,323.2,5713.0,931.0,4782.0
01/10/2022,AM-66     ,760,321.0,7837.0,899.0,6938.0
01/10/2022,AM-67     ,594,369.0,7767.0,1038.0,6729.0
01/10/2022,TM-0001   ,20,12.6,389.0,0.0,389.0
01/10/2022,TM-001    ,415,331.8,8092.0,59.0,8033.0
01/10/2022,TM-003    ,553,301.5,10091.0,58.0,10033.0
01/10/2022,TM-004    ,493,282.3,6189.0,20.0,6169.0
01/10/2022,TM-005    ,512,300.2,7955.0,63.0,7892.0
01/10/2022,TM-006    ,105,36.3,1111.0,0.0,1111.0
01/10/2022,TM-007    ,700,294.1,10171.0,31.0,10140.0
01/10/2022,TM-008    ,554,256.4,6599.0,62.0,6537.0
01/10/2022,TM-009    ,379,209.1,4651.0,24.0,4627.0
01/10/2022,TM-010    ,608,220.6,8264.0,71.0,8193.0
01/10/2022,TM-011    ,165,94.3,2438.0,4.0,2434.0
01/10/2022,TM-012    ,463,188.3,4808.0,37.0,4771.0
01/10/2022,TM-013    ,391,295.7,5932.0,27.0,5905.0
01/10/2022,TM-014    ,639,270.7,6439.0,10.0,6429.0
01/10/2022,TM-015    ,458,290.9,8601.0,30.0,8571.0
01/10/2022,TM-016    ,535,253.2,7091.0,30.0,7061.0
01/10/2022,TM-017    ,27,9.7,274.0,1.0,273.0
01/10/2022,TM-018    ,486,305.6,7858.0,35.0,7823.0
01/10/2022,TM-019    ,602,366.9,10777.0,132.0,10645.0
01/10/2022,TM-021    ,56,22.2,689.0,1.0,688.0
01/10/2022,TM-022    ,536,330.1,9196.0,110.0,9086.0
01/10/2022,TM-023    ,537,194.6,6605.0,15.0,6590.0
01/10/2022,TM-024    ,385,145.2,4871.0,67.0,4804.0
01/10/2022,TM-025    ,6,3.6,111.0,10.0,101.0
01/10/2022,TM-026    ,482,316.9,8569.0,8.0,8561.0
01/10/2022,TM-027    ,548,400.7,8034.0,13.0,8021.0
01/10/2022,TM-028    ,625,301.3,8025.0,26.0,7999.0
01/10/2022,TM-029    ,497,321.0,7384.0,8.0,7376.0
01/10/2022,TM-030    ,529,306.0,6865.0,21.0,6844.0
01/10/2022,TM-031    ,482,283.7,8984.0,46.0,8938.0
01/10/2022,TM-032    ,543,270.5,9535.0,27.0,9508.0
01/10/2022,TM-033    ,602,239.5,6654.0,10.0,6644.0
01/10/2022,TM-034    ,491,241.0,5553.0,25.0,5528.0
01/10/2022,TM-035    ,526,266.6,9567.0,8.0,9559.0
01/10/2022,TM-036    ,29,12.7,315.0,1.0,314.0
01/10/2022,TM-038    ,550,236.5,7836.0,29.0,7807.0
01/10/2022,TM-039    ,449,223.5,7298.0,38.0,7260.0
01/10/2022,TM-040    ,683,273.9,9247.0,73.0,9174.0
01/10/2022,TM-041    ,349,158.7,6979.0,5.0,6974.0
01/10/2022,TM-042    ,181,134.0,3759.0,12.0,3747.0
01/10/2022,TM-044    ,374,154.6,5846.0,87.0,5759.0
01/10/2022,TM-045    ,164,88.3,2374.0,38.0,2336.0
01/10/2022,TM-046    ,512,178.7,7806.0,252.0,7554.0
01/10/2022,TM-047    ,510,160.1,4962.0,279.0,4683.0
01/10/2022,TM-048    ,389,217.3,6813.0,231.0,6582.0
01/10/2022,TM-049    ,405,187.4,4026.0,236.0,3790.0
01/10/2022,TM-050    ,408,167.5,6939.0,145.0,6794.0
01/10/2022,TM-051    ,389,233.1,4798.0,218.0,4580.0
01/10/2022,TM-052    ,447,180.1,7503.0,148.0,7355.0
01/10/2022,TM-053    ,523,183.7,6910.0,367.0,6543.0
01/10/2022,TM-054    ,332,183.7,5016.0,366.0,4650.0
01/10/2022,TM-055    ,395,151.4,6686.0,153.0,6533.0
01/10/2022,TM-056    ,434,225.5,7106.0,214.0,6892.0
01/10/2022,TM-057    ,99,52.8,1505.0,20.0,1485.0
01/10/2022,TM-058    ,390,188.2,4054.0,149.0,3905.0
01/10/2022,TM-059    ,411,212.3,9167.0,211.0,8956.0
01/10/2022,TM-060    ,442,219.1,8346.0,140.0,8206.0
01/11/2022,AM-001    ,1,0.5,18.0,0.0,18.0
01/11/2022,AM-004    ,15,8.0,123.0,31.0,92.0
01/11/2022,AM-008    ,16,7.9,254.0,41.0,213.0
01/11/2022,AM-01     ,1721,1122.5,12006.0,146.0,11860.0
01/11/2022,AM-02     ,1933,762.7,6840.0,115.0,6725.0
01/11/2022,AM-03     ,537,320.0,5182.0,316.0,4866.0
01/11/2022,AM-04     ,929,363.8,8244.0,293.0,7951.0
01/11/2022,AM-05     ,771,278.1,5040.0,474.0,4566.0
01/11/2022,AM-055    ,21,10.3,347.0,0.0,347.0
01/11/2022,AM-06     ,527,255.8,4714.0,433.0,4281.0
01/11/2022,AM-068    ,928,681.5,5321.0,868.0,4453.0
01/11/2022,AM-069    ,1183,414.4,4091.0,1745.0,2346.0
01/11/2022,AM-07     ,1011,531.5,9621.0,648.0,8973.0
01/11/2022,AM-070    ,1258,475.3,5668.0,891.0,4777.0
01/11/2022,AM-071    ,912,661.2,6201.0,558.0,5643.0
01/11/2022,AM-072    ,1121,574.5,6498.0,735.0,5763.0
01/11/2022,AM-073    ,1888,1026.6,6684.0,617.0,6067.0
01/11/2022,AM-074    ,818,374.8,7014.0,1052.0,5962.0
01/11/2022,AM-075    ,767,377.0,7227.0,1777.0,5450.0
01/11/2022,AM-076    ,785,312.9,7274.0,643.0,6631.0
01/11/2022,AM-077    ,740,294.8,8989.0,1072.0,7917.0
01/11/2022,AM-078    ,538,328.9,6356.0,520.0,5836.0
01/11/2022,AM-079    ,675,282.8,7639.0,566.0,7073.0
01/11/2022,AM-08     ,886,696.8,7114.0,262.0,6852.0
01/11/2022,AM-080    ,621,259.8,5548.0,608.0,4940.0
01/11/2022,AM-081    ,625,342.1,8080.0,453.0,7627.0
01/11/2022,AM-082    ,589,399.8,7158.0,227.0,6931.0
01/11/2022,AM-083    ,769,423.9,8137.0,264.0,7873.0
01/11/2022,AM-084    ,690,462.7,6585.0,189.0,6396.0
01/11/2022,AM-085    ,1106,387.1,7523.0,344.0,7179.0
01/11/2022,AM-086    ,1158,486.0,6005.0,300.0,5705.0
01/11/2022,AM-087    ,873,496.0,8073.0,190.0,7883.0
01/11/2022,AM-088    ,1390,690.6,6864.0,235.0,6629.0
01/11/2022,AM-089    ,1698,949.5,5181.0,218.0,4963.0
01/11/2022,AM-09     ,478,328.2,12541.0,1593.0,10948.0
01/11/2022,AM-090    ,1388,676.5,7523.0,328.0,7195.0
01/11/2022,AM-091    ,1043,465.5,8170.0,612.0,7558.0
01/11/2022,AM-092    ,489,180.6,4579.0,1058.0,3521.0
01/11/2022,AM-093    ,351,120.1,6067.0,1783.0,4284.0
01/11/2022,AM-094    ,237,133.3,6661.0,1130.0,5531.0
01/11/2022,AM-095    ,212,147.1,4224.0,1552.0,2672.0
01/11/2022,AM-096    ,238,108.2,5163.0,1427.0,3736.0
01/11/2022,AM-097    ,262,146.7,5807.0,1716.0,4091.0
01/11/2022,AM-098    ,207,142.7,4098.0,1127.0,2971.0
01/11/2022,AM-099    ,234,144.2,4675.0,1427.0,3248.0
01/11/2022,AM-10     ,592,243.5,13010.0,2268.0,10742.0
01/11/2022,AM-100    ,163,62.7,2294.0,561.0,1733.0
01/11/2022,AM-101    ,40,20.5,688.0,192.0,496.0
01/11/2022,AM-102    ,12,4.2,205.0,33.0,172.0
01/11/2022,AM-103    ,45,26.1,647.0,126.0,521.0
01/11/2022,AM-11     ,392,185.0,9212.0,2245.0,6967.0
01/11/2022,AM-12     ,487,331.7,12202.0,2123.0,10079.0
01/11/2022,AM-13     ,213,112.3,2724.0,536.0,2188.0
01/11/2022,AM-14     ,987,420.0,7070.0,1183.0,5887.0
01/11/2022,AM-15     ,839,371.9,9154.0,222.0,8932.0
01/11/2022,AM-16     ,1106,509.1,7924.0,631.0,7293.0
01/11/2022,AM-17     ,541,286.8,10308.0,1314.0,8994.0
01/11/2022,AM-18     ,415,254.3,7952.0,1269.0,6683.0
01/11/2022,AM-19     ,567,204.8,9167.0,1951.0,7216.0
01/11/2022,AM-20     ,562,237.7,5283.0,812.0,4471.0
01/11/2022,AM-21     ,443,189.4,10474.0,1901.0,8573.0
01/11/2022,AM-22     ,473,258.5,7397.0,1840.0,5557.0
01/11/2022,AM-23     ,433,176.4,6409.0,1854.0,4555.0
01/11/2022,AM-24     ,376,242.7,8632.0,1402.0,7230.0
01/11/2022,AM-25     ,406,181.5,6712.0,1212.0,5500.0
01/11/2022,AM-26     ,611,365.0,9428.0,851.0,8577.0
01/11/2022,AM-27     ,720,386.3,9131.0,687.0,8444.0
01/11/2022,AM-28     ,785,400.1,10542.0,565.0,9977.0
01/11/2022,AM-29     ,855,361.9,9108.0,730.0,8378.0
01/11/2022,AM-30     ,742,273.9,9435.0,978.0,8457.0
01/11/2022,AM-31     ,662,315.5,8326.0,780.0,7546.0
01/11/2022,AM-32     ,559,358.1,9054.0,922.0,8132.0
01/11/2022,AM-33     ,851,384.8,11083.0,894.0,10189.0
01/11/2022,AM-34     ,29,17.7,262.0,40.0,222.0
01/11/2022,AM-37     ,1140,472.2,5362.0,755.0,4607.0
01/11/2022,AM-38     ,997,599.4,4912.0,908.0,4004.0
01/11/2022,AM-39     ,977,503.1,6007.0,904.0,5103.0
01/11/2022,AM-40     ,1214,641.4,4678.0,788.0,3890.0
01/11/2022,AM-41     ,1419,839.5,7375.0,339.0,7036.0
01/11/2022,AM-42     ,819,402.2,3238.0,156.0,3082.0
01/11/2022,AM-43     ,89,37.9,658.0,169.0,489.0
01/11/2022,AM-44     ,295,187.4,4268.0,499.0,3769.0
01/11/2022,AM-45     ,620,340.1,4157.0,208.0,3949.0
01/11/2022,AM-46     ,1459,814.7,5986.0,233.0,5753.0
01/11/2022,AM-47     ,1390,898.0,6171.0,251.0,5920.0
01/11/2022,AM-48     ,2068,998.3,7892.0,288.0,7604.0
01/11/2022,AM-49     ,986,658.6,6196.0,12.0,6184.0
01/11/2022,AM-50     ,1908,755.8,6315.0,63.0,6252.0
01/11/2022,AM-51     ,562,370.2,3071.0,0.0,3071.0
01/11/2022,AM-52     ,1176,706.3,5204.0,0.0,5204.0
01/11/2022,AM-53     ,666,292.9,2487.0,90.0,2397.0
01/11/2022,AM-54     ,783,473.7,3563.0,79.0,3484.0
01/11/2022,AM-55     ,453,273.1,2128.0,25.0,2103.0
01/11/2022,AM-56     ,87,39.6,531.0,55.0,476.0
01/11/2022,AM-57     ,49,23.6,638.0,161.0,477.0
01/11/2022,AM-58     ,94,30.1,1316.0,87.0,1229.0
01/11/2022,AM-59     ,61,30.2,511.0,2.0,509.0
01/11/2022,AM-60     ,64,31.5,890.0,66.0,824.0
01/11/2022,AM-63     ,47,22.4,533.0,80.0,453.0
01/11/2022,AM-64     ,506,222.6,5882.0,666.0,5216.0
01/11/2022,AM-65     ,752,383.6,5069.0,935.0,4134.0
01/11/2022,AM-66     ,578,308.4,6408.0,558.0,5850.0
01/11/2022,AM-67     ,734,360.1,6033.0,736.0,5297.0
01/11/2022,TM-0001   ,1,0.6,14.0,0.0,14.0
01/11/2022,TM-001    ,620,315.0,10478.0,2.0,10476.0
01/11/2022,TM-002    ,183,72.9,2861.0,1.0,2860.0
01/11/2022,TM-003    ,531,242.1,6950.0,54.0,6896.0
01/11/2022,TM-004    ,498,176.2,6548.0,2.0,6546.0
01/11/2022,TM-005    ,512,257.6,6331.0,56.0,6275.0
01/11/2022,TM-007    ,331,202.9,8385.0,0.0,8385.0
01/11/2022,TM-008    ,343,235.0,7014.0,59.0,6955.0
01/11/2022,TM-009    ,507,210.6,7482.0,32.0,7450.0
01/11/2022,TM-010    ,350,187.3,5170.0,0.0,5170.0
01/11/2022,TM-011    ,78,25.7,1050.0,1.0,1049.0
01/11/2022,TM-012    ,535,197.9,8455.0,22.0,8433.0
01/11/2022,TM-013    ,645,242.1,8575.0,14.0,8561.0
01/11/2022,TM-014    ,627,271.5,10942.0,69.0,10873.0
01/11/2022,TM-015    ,408,209.8,8896.0,56.0,8840.0
01/11/2022,TM-016    ,388,273.9,9608.0,25.0,9583.0
01/11/2022,TM-018    ,578,202.4,8703.0,85.0,8618.0
01/11/2022,TM-019    ,384,165.7,6891.0,2.0,6889.0
01/11/2022,TM-020    ,17,12.9,329.0,9.0,320.0
01/11/2022,TM-021    ,46,19.2,907.0,0.0,907.0
01/11/2022,TM-022    ,521,258.9,8082.0,23.0,8059.0
01/11/2022,TM-023    ,484,300.8,9234.0,1.0,9233.0
01/11/2022,TM-024    ,475,195.4,9029.0,3.0,9026.0
01/11/2022,TM-025    ,438,200.2,6747.0,18.0,6729.0
01/11/2022,TM-026    ,358,196.1,5496.0,2.0,5494.0
01/11/2022,TM-027    ,416,253.2,6432.0,19.0,6413.0
01/11/2022,TM-028    ,440,246.8,8430.0,22.0,8408.0
01/11/2022,TM-029    ,340,234.8,6008.0,18.0,5990.0
01/11/2022,TM-030    ,441,219.5,6058.0,29.0,6029.0
01/11/2022,TM-031    ,402,169.5,6846.0,37.0,6809.0
01/11/2022,TM-032    ,552,277.1,7877.0,32.0,7845.0
01/11/2022,TM-033    ,558,261.9,9108.0,89.0,9019.0
01/11/2022,TM-034    ,427,259.1,8589.0,12.0,8577.0
01/11/2022,TM-035    ,433,239.6,7207.0,53.0,7154.0
01/11/2022,TM-038    ,454,253.0,7559.0,58.0,7501.0
01/11/2022,TM-039    ,603,215.7,9396.0,44.0,9352.0
01/11/2022,TM-040    ,447,251.3,7263.0,13.0,7250.0
01/11/2022,TM-041    ,535,244.8,6636.0,3.0,6633.0
01/11/2022,TM-042    ,229,84.4,4099.0,2.0,4097.0
01/11/2022,TM-044    ,206,141.1,3989.0,28.0,3961.0
01/11/2022,TM-045    ,195,96.9,4024.0,50.0,3974.0
01/11/2022,TM-046    ,482,246.1,6873.0,255.0,6618.0
01/11/2022,TM-047    ,344,154.0,4561.0,114.0,4447.0
01/11/2022,TM-048    ,318,133.5,5688.0,148.0,5540.0
01/11/2022,TM-049    ,479,271.0,5659.0,181.0,5478.0
01/11/2022,TM-050    ,365,226.4,5920.0,182.0,5738.0
01/11/2022,TM-051    ,454,207.5,6295.0,272.0,6023.0
01/11/2022,TM-052    ,347,176.4,6541.0,159.0,6382.0
01/11/2022,TM-053    ,423,143.5,5878.0,250.0,5628.0
01/11/2022,TM-054    ,265,138.4,5704.0,117.0,5587.0
01/11/2022,TM-055    ,327,153.6,5846.0,295.0,5551.0
01/11/2022,TM-056    ,404,259.9,9702.0,70.0,9632.0
01/11/2022,TM-057    ,315,241.1,6251.0,345.0,5906.0
01/11/2022,TM-058    ,376,193.5,6196.0,67.0,6129.0
01/11/2022,TM-059    ,363,245.6,4981.0,218.0,4763.0
01/11/2022,TM-060    ,530,244.1,5797.0,221.0,5576.0
01/12/2022,AM-001    ,2,1.0,34.0,0.0,34.0
01/12/2022,AM-004    ,28,17.7,258.0,18.0,240.0
01/12/2022,AM-01     ,1883,1010.3,11568.0,117.0,11451.0
01/12/2022,AM-02     ,1522,1186.7,10296.0,170.0,10126.0
01/12/2022,AM-03     ,560,309.0,7235.0,407.0,6828.0
01/12/2022,AM-04     ,843,358.7,9873.0,494.0,9379.0
01/12/2022,AM-05     ,915,540.5,6851.0,326.0,6525.0
01/12/2022,AM-068    ,1183,648.1,5120.0,684.0,4436.0
01/12/2022,AM-069    ,1125,661.8,5410.0,1607.0,3803.0
01/12/2022,AM-07     ,829,482.1,6553.0,441.0,6112.0
01/12/2022,AM-070    ,883,454.4,5079.0,962.0,4117.0
01/12/2022,AM-071    ,1214,618.3,6094.0,777.0,5317.0
01/12/2022,AM-072    ,1260,479.5,7534.0,779.0,6755.0
01/12/2022,AM-073    ,1569,825.9,8900.0,610.0,8290.0
01/12/2022,AM-074    ,1138,599.2,8278.0,1089.0,7189.0
01/12/2022,AM-075    ,632,310.7,7271.0,1583.0,5688.0
01/12/2022,AM-076    ,772,349.1,7283.0,1055.0,6228.0
01/12/2022,AM-077    ,832,404.2,7618.0,642.0,6976.0
01/12/2022,AM-078    ,737,297.9,7471.0,571.0,6900.0
01/12/2022,AM-079    ,888,414.8,6088.0,596.0,5492.0
01/12/2022,AM-08     ,1044,676.6,7614.0,218.0,7396.0
01/12/2022,AM-080    ,587,474.0,8434.0,512.0,7922.0
01/12/2022,AM-081    ,821,332.5,8489.0,790.0,7699.0
01/12/2022,AM-082    ,857,298.7,9185.0,353.0,8832.0
01/12/2022,AM-083    ,657,406.8,6981.0,199.0,6782.0
01/12/2022,AM-084    ,687,308.4,5570.0,255.0,5315.0
01/12/2022,AM-085    ,683,555.6,9010.0,276.0,8734.0
01/12/2022,AM-086    ,876,375.8,10180.0,381.0,9799.0
01/12/2022,AM-087    ,1175,582.5,7593.0,269.0,7324.0
01/12/2022,AM-088    ,1257,630.8,5261.0,336.0,4925.0
01/12/2022,AM-089    ,1351,683.0,7535.0,263.0,7272.0
01/12/2022,AM-09     ,518,216.9,8793.0,1875.0,6918.0
01/12/2022,AM-090    ,1356,958.2,7225.0,218.0,7007.0
01/12/2022,AM-091    ,1302,754.3,6979.0,498.0,6481.0
01/12/2022,AM-092    ,814,337.5,8897.0,1094.0,7803.0
01/12/2022,AM-093    ,544,265.1,7015.0,1323.0,5692.0
01/12/2022,AM-094    ,486,186.7,8482.0,1778.0,6704.0
01/12/2022,AM-095    ,232,148.7,5624.0,1306.0,4318.0
01/12/2022,AM-096    ,459,195.7,6175.0,1746.0,4429.0
01/12/2022,AM-097    ,325,114.0,6545.0,1853.0,4692.0
01/12/2022,AM-098    ,374,199.4,4744.0,1844.0,2900.0
01/12/2022,AM-099    ,249,119.0,4046.0,1183.0,2863.0
01/12/2022,AM-10     ,499,207.9,8664.0,2408.0,6256.0
01/12/2022,AM-100    ,164,85.9,2952.0,461.0,2491.0
01/12/2022,AM-101    ,96,64.1,1731.0,603.0,1128.0
01/12/2022,AM-102    ,54,31.2,1148.0,205.0,943.0
01/12/2022,AM-103    ,30,18.7,524.0,48.0,476.0
01/12/2022,AM-11     ,530,207.7,10262.0,1689.0,8573.0
01/12/2022,AM-12     ,602,239.1,7728.0,1689.0,6039.0
01/12/2022,AM-13     ,519,305.0,10728.0,1405.0,9323.0
01/12/2022,AM-14     ,531,269.4,9075.0,1162.0,7913.0
01/12/2022,AM-15     ,688,329.8,4238.0,317.0,3921.0
01/12/2022,AM-16     ,572,186.3,7334.0,1026.0,6308.0
01/12/2022,AM-17     ,67,34.4,802.0,58.0,744.0
01/12/2022,AM-18     ,583,217.7,7132.0,1280.0,5852.0
01/12/2022,AM-19     ,477,246.6,9770.0,970.0,8800.0
01/12/2022,AM-20     ,799,268.2,5944.0,627.0,5317.0
01/12/2022,AM-21     ,399,198.5,7438.0,2210.0,5228.0
01/12/2022,AM-22     ,479,220.5,7703.0,1264.0,6439.0
01/12/2022,AM-23     ,298,140.8,6553.0,1372.0,5181.0
01/12/2022,AM-24     ,365,194.8,10309.0,2591.0,7718.0
01/12/2022,AM-25     ,358,219.6,6938.0,1721.0,5217.0
01/12/2022,AM-26     ,620,305.0,9727.0,689.0,9038.0
01/12/2022,AM-27     ,519,260.5,6869.0,507.0,6362.0
01/12/2022,AM-28     ,628,325.6,7793.0,658.0,7135.0
01/12/2022,AM-29     ,554,354.8,9527.0,804.0,8723.0
01/12/2022,AM-30     ,800,330.7,12015.0,884.0,11131.0
01/12/2022,AM-31     ,727,336.0,8234.0,842.0,7392.0
01/12/2022,AM-32     ,614,311.1,8441.0,653.0,7788.0
01/12/2022,AM-33     ,837,450.9,10835.0,574.0,10261.0
01/12/2022,AM-37     ,841,413.5,3351.0,498.0,2853.0
01/12/2022,AM-38     ,1113,454.0,3953.0,664.0,3289.0
01/12/2022,AM-39     ,1252,557.2,3548.0,648.0,2900.0
01/12/2022,AM-40     ,931,442.6,4394.0,663.0,3731.0
01/12/2022,AM-41     ,1659,1006.2,5402.0,287.0,5115.0
01/12/2022,AM-42     ,2207,1089.3,8729.0,335.0,8394.0
01/12/2022,AM-43     ,295,105.2,3227.0,67.0,3160.0
01/12/2022,AM-44     ,576,296.0,5456.0,700.0,4756.0
01/12/2022,AM-45     ,853,516.7,6414.0,433.0,5981.0
01/12/2022,AM-46     ,1343,939.1,5721.0,296.0,5425.0
01/12/2022,AM-47     ,1628,678.0,5062.0,346.0,4716.0
01/12/2022,AM-48     ,1677,954.3,6567.0,342.0,6225.0
01/12/2022,AM-49     ,1110,711.2,5944.0,118.0,5826.0
01/12/2022,AM-50     ,1309,485.9,6017.0,33.0,5984.0
01/12/2022,AM-51     ,1292,485.4,5096.0,10.0,5086.0
01/12/2022,AM-52     ,1279,826.4,5760.0,39.0,5721.0
01/12/2022,AM-53     ,25,10.7,65.0,0.0,65.0
01/12/2022,AM-54     ,939,503.1,3233.0,0.0,3233.0
01/12/2022,AM-56     ,39,24.0,539.0,65.0,474.0
01/12/2022,AM-57     ,69,40.5,592.0,146.0,446.0
01/12/2022,AM-58     ,76,39.2,811.0,79.0,732.0
01/12/2022,AM-59     ,73,43.7,364.0,91.0,273.0
01/12/2022,AM-60     ,89,40.7,777.0,92.0,685.0
01/12/2022,AM-61     ,69,30.3,1447.0,136.0,1311.0
01/12/2022,AM-62     ,12,9.1,119.0,8.0,111.0
01/12/2022,AM-64     ,508,294.8,6085.0,975.0,5110.0
01/12/2022,AM-65     ,597,259.7,6490.0,530.0,5960.0
01/12/2022,AM-66     ,585,411.2,5495.0,701.0,4794.0
01/12/2022,AM-67     ,542,297.2,7791.0,885.0,6906.0
01/12/2022,TM-001    ,710,231.2,7657.0,9.0,7648.0
01/12/2022,TM-002    ,577,176.7,6455.0,11.0,6444.0
01/12/2022,TM-003    ,565,261.6,6507.0,49.0,6458.0
01/12/2022,TM-004    ,505,231.8,8262.0,13.0,8249.0
01/12/2022,TM-005    ,362,188.3,5593.0,17.0,5576.0
01/12/2022,TM-007    ,677,250.3,6711.0,109.0,6602.0
01/12/2022,TM-008    ,414,224.4,8134.0,0.0,8134.0
01/12/2022,TM-009    ,435,193.5,5232.0,21.0,5211.0
01/12/2022,TM-010    ,550,171.8,6688.0,25.0,6663.0
01/12/2022,TM-011    ,52,28.5,599.0,35.0,564.0
01/12/2022,TM-012    ,618,214.5,8915.0,10.0,8905.0
01/12/2022,TM-013    ,506,305.6,8163.0,67.0,8096.0
01/12/2022,TM-014    ,460,218.6,7760.0,53.0,7707.0
01/12/2022,TM-015    ,459,269.2,6329.0,84.0,6245.0
01/12/2022,TM-016    ,226,93.1,3592.0,42.0,3550.0
01/12/2022,TM-017    ,10,5.1,223.0,36.0,187.0
01/12/2022,TM-018    ,542,303.4,7381.0,1.0,7380.0
01/12/2022,TM-019    ,608,288.9,5958.0,51.0,5907.0
01/12/2022,TM-021    ,3,1.4,41.0,0.0,41.0
01/12/2022,TM-022    ,542,260.4,8218.0,25.0,8193.0
01/12/2022,TM-023    ,513,219.1,8414.0,87.0,8327.0
01/12/2022,TM-024    ,522,251.2,5137.0,18.0,5119.0
01/12/2022,TM-025    ,599,221.0,7026.0,30.0,6996.0
01/12/2022,TM-026    ,485,242.8,5974.0,1.0,5973.0
01/12/2022,TM-027    ,477,191.1,5589.0,12.0,5577.0
01/12/2022,TM-028    ,357,146.5,4801.0,25.0,4776.0
01/12/2022,TM-029    ,388,279.2,8999.0,8.0,8991.0
01/12/2022,TM-030    ,509,214.5,6487.0,1.0,6486.0
01/12/2022,TM-031    ,403,149.7,6570.0,13.0,6557.0
01/12/2022,TM-032    ,342,203.0,5888.0,24.0,5864.0
01/12/2022,TM-033    ,518,261.1,8915.0,52.0,8863.0
01/12/2022,TM-034    ,567,221.6,8352.0,165.0,8187.0
01/12/2022,TM-035    ,385,218.9,5674.0,58.0,5616.0
01/12/2022,TM-037    ,1,0.6,20.0,0.0,20.0
01/12/2022,TM-038    ,668,256.8,7436.0,32.0,7404.0
01/12/2022,TM-039    ,498,270.0,8357.0,0.0,8357.0
01/12/2022,TM-040    ,334,247.5,8363.0,29.0,8334.0
01/12/2022,TM-041    ,319,206.0,5305.0,57.0,5248.0
01/12/2022,TM-042    ,90,59.1,1594.0,17.0,1577.0
01/12/2022,TM-044    ,217,100.1,3310.0,0.0,3310.0
01/12/2022,TM-045    ,191,108.2,4381.0,38.0,4343.0
01/12/2022,TM-046    ,395,191.4,6517.0,131.0,6386.0
01/12/2022,TM-047    ,312,198.4,5113.0,116.0,4997.0
01/12/2022,TM-048    ,316,181.5,6053.0,154.0,5899.0
01/12/2022,TM-049    ,439,222.4,6527.0,226.0,6301.0
01/12/2022,TM-050    ,461,192.2,7247.0,173.0,7074.0
01/12/2022,TM-051    ,310,175.0,7256.0,235.0,7021.0
01/12/2022,TM-052    ,496,220.2,6465.0,247.0,6218.0
01/12/2022,TM-053    ,307,154.5,5120.0,196.0,4924.0
01/12/2022,TM-054    ,437,170.1,7533.0,50.0,7483.0
01/12/2022,TM-055    ,399,218.6,7170.0,166.0,7004.0
01/12/2022,TM-056    ,288,193.9,5552.0,157.0,5395.0
01/12/2022,TM-057    ,355,214.4,7756.0,229.0,7527.0
01/12/2022,TM-058    ,499,278.1,10208.0,112.0,10096.0
01/12/2022,TM-059    ,518,251.4,8141.0,300.0,7841.0
01/12/2022,TM-060    ,338,134.2,5174.0,216.0,4958.0
01/01/2023,AM-01     ,1499,1149.6,11553.0,129.0,11424.0
01/01/2023,AM-012    ,14,5.6,223.0,0.0,223.0
01/01/2023,AM-02     ,1748,1133.3,10061.0,111.0,9950.0
01/01/2023,AM-03     ,748,434.2,5466.0,365.0,5101.0
01/01/2023,AM-034    ,23,8.8,261.0,0.0,261.0
01/01/2023,AM-04     ,836,356.6,5654.0,415.0,5239.0
01/01/2023,AM-05     ,953,395.4,5551.0,503.0,5048.0
01/01/2023,AM-051    ,7,2.9,91.0,13.0,78.0
01/01/2023,AM-052    ,19,11.0,399.0,9.0,390.0
01/01/2023,AM-053    ,10,4.1,149.0,11.0,138.0
01/01/2023,AM-06     ,474,210.0,4442.0,332.0,4110.0
01/01/2023,AM-068    ,1285,762.1,6302.0,913.0,5389.0
01/01/2023,AM-069    ,997,574.5,4941.0,1111.0,3830.0
01/01/2023,AM-07     ,924,509.3,6610.0,644.0,5966.0
01/01/2023,AM-070    ,943,589.7,6274.0,1106.0,5168.0
01/01/2023,AM-071    ,1025,562.7,4990.0,544.0,4446.0
01/01/2023,AM-072    ,1369,569.6,5757.0,682.0,5075.0
01/01/2023,AM-073    ,896,608.7,6326.0,817.0,5509.0
01/01/2023,AM-074    ,1465,898.6,8109.0,894.0,7215.0
01/01/2023,AM-075    ,626,318.7,9123.0,1490.0,7633.0
01/01/2023,AM-076    ,536,413.8,6147.0,1747.0,4400.0
01/01/2023,AM-077    ,579,456.9,9370.0,712.0,8658.0
01/01/2023,AM-078    ,614,397.7,6029.0,833.0,5196.0
01/01/2023,AM-079    ,802,412.1,7037.0,505.0,6532.0
01/01/2023,AM-08     ,994,529.0,6748.0,244.0,6504.0
01/01/2023,AM-080    ,887,444.0,8581.0,511.0,8070.0
01/01/2023,AM-081    ,732,387.1,6474.0,496.0,5978.0
01/01/2023,AM-082    ,705,280.6,6091.0,504.0,5587.0
01/01/2023,AM-083    ,859,497.0,8465.0,287.0,8178.0
01/01/2023,AM-084    ,826,406.3,5922.0,257.0,5665.0
01/01/2023,AM-085    ,1033,448.4,7595.0,214.0,7381.0
01/01/2023,AM-086    ,911,528.0,9538.0,471.0,9067.0
01/01/2023,AM-087    ,941,418.9,8101.0,386.0,7715.0
01/01/2023,AM-088    ,1531,629.6,6048.0,310.0,5738.0
01/01/2023,AM-089    ,1873,892.2,7407.0,378.0,7029.0
01/01/2023,AM-09     ,586,185.6,11832.0,1855.0,9977.0
01/01/2023,AM-090    ,1621,748.6,7669.0,368.0,7301.0
01/01/2023,AM-091    ,1930,635.9,8257.0,322.0,7935.0
01/01/2023,AM-092    ,1211,586.7,7944.0,797.0,7147.0
01/01/2023,AM-093    ,723,403.3,6560.0,1195.0,5365.0
01/01/2023,AM-094    ,433,291.9,6628.0,1819.0,4809.0
01/01/2023,AM-095    ,389,227.4,7698.0,1974.0,5724.0
01/01/2023,AM-096    ,254,158.7,5507.0,1288.0,4219.0
01/01/2023,AM-097    ,306,146.5,6929.0,2044.0,4885.0
01/01/2023,AM-098    ,349,179.4,6956.0,2509.0,4447.0
01/01/2023,AM-099    ,282,187.7,7626.0,1696.0,5930.0
01/01/2023,AM-10     ,367,242.2,7477.0,1554.0,5923.0
01/01/2023,AM-100    ,228,159.2,6886.0,1852.0,5034.0
01/01/2023,AM-101    ,320,158.8,5247.0,999.0,4248.0
01/01/2023,AM-102    ,251,138.3,3410.0,770.0,2640.0
01/01/2023,AM-103    ,283,138.3,1933.0,327.0,1606.0
01/01/2023,AM-11     ,610,292.1,10398.0,2268.0,8130.0
01/01/2023,AM-12     ,613,202.2,9783.0,1204.0,8579.0
01/01/2023,AM-13     ,437,225.0,6910.0,1240.0,5670.0
01/01/2023,AM-14     ,720,312.6,5126.0,765.0,4361.0
01/01/2023,AM-15     ,35,12.9,312.0,98.0,214.0
01/01/2023,AM-16     ,535,189.2,6763.0,985.0,5778.0
01/01/2023,AM-17     ,254,125.8,6934.0,980.0,5954.0
01/01/2023,AM-18     ,561,254.2,9368.0,2509.0,6859.0
01/01/2023,AM-19     ,420,237.1,10416.0,1474.0,8942.0
01/01/2023,AM-20     ,394,274.9,5077.0,623.0,4454.0
01/01/2023,AM-21     ,483,231.7,11189.0,1511.0,9678.0
01/01/2023,AM-22     ,314,214.7,7256.0,1193.0,6063.0
01/01/2023,AM-23     ,315,235.8,7403.0,1637.0,5766.0
01/01/2023,AM-24     ,510,187.5,7378.0,953.0,6425.0
01/01/2023,AM-25     ,269,198.5,6292.0,1284.0,5008.0
01/01/2023,AM-26     ,608,357.4,6809.0,591.0,6218.0
01/01/2023,AM-27     ,634,249.1,7386.0,876.0,6510.0
01/01/2023,AM-28     ,210,159.4,3058.0,271.0,2787.0
01/01/2023,AM-29     ,728,340.6,7709.0,584.0,7125.0
01/01/2023,AM-30     ,579,257.2,11234.0,989.0,10245.0
01/01/2023,AM-31     ,623,274.9,9084.0,757.0,8327.0
01/01/2023,AM-32     ,511,219.6,8808.0,816.0,7992.0
01/01/2023,AM-33     ,448,237.6,7918.0,454.0,7464.0
01/01/2023,AM-36     ,16,10.5,102.0,13.0,89.0
01/01/2023,AM-37     ,739,336.9,2730.0,441.0,2289.0
01/01/2023,AM-38     ,1101,394.6,4974.0,602.0,4372.0
01/01/2023,AM-39     ,972,679.5,3715.0,606.0,3109.0
01/01/2023,AM-40     ,894,386.3,3955.0,612.0,3343.0
01/01/2023,AM-41     ,2000,689.3,7636.0,276.0,7360.0
01/01/2023,AM-42     ,1724,660.7,5950.0,292.0,5658.0
01/01/2023,AM-43     ,778,410.8,6334.0,197.0,6137.0
01/01/2023,AM-44     ,565,299.1,6184.0,851.0,5333.0
01/01/2023,AM-45     ,779,378.7,7165.0,582.0,6583.0
01/01/2023,AM-46     ,1865,687.6,8534.0,291.0,8243.0
01/01/2023,AM-47     ,2092,1047.1,9023.0,405.0,8618.0
01/01/2023,AM-48     ,1524,1130.8,6624.0,259.0,6365.0
01/01/2023,AM-49     ,1320,645.4,5653.0,92.0,5561.0
01/01/2023,AM-50     ,1313,514.2,3506.0,0.0,3506.0
01/01/2023,AM-51     ,1675,768.8,7065.0,0.0,7065.0
01/01/2023,AM-52     ,2075,926.2,5710.0,2.0,5708.0
01/01/2023,AM-54     ,990,415.3,4180.0,0.0,4180.0
01/01/2023,AM-57     ,32,20.4,613.0,75.0,538.0
01/01/2023,AM-58     ,20,9.8,80.0,14.0,66.0
01/01/2023,AM-59     ,71,32.2,380.0,47.0,333.0
01/01/2023,AM-60     ,42,28.4,675.0,94.0,581.0
01/01/2023,AM-61     ,100,60.1,849.0,57.0,792.0
01/01/2023,AM-62     ,59,30.4,831.0,64.0,767.0
01/01/2023,AM-64     ,555,256.4,6948.0,798.0,6150.0
01/01/2023,AM-65     ,697,279.9,5393.0,843.0,4550.0
01/01/2023,AM-66     ,855,404.5,5256.0,605.0,4651.0
01/01/2023,AM-67     ,742,274.4,5594.0,685.0,4909.0
01/01/2023,TM-0001   ,1,0.6,17.0,0.0,17.0
01/01/2023,TM-001    ,390,257.1,5455.0,0.0,5455.0
01/01/2023,TM-002    ,352,186.9,5654.0,0.0,5654.0
01/01/2023,TM-003    ,448,310.5,8071.0,50.0,8021.0
01/01/2023,TM-004    ,363,145.3,5964.0,31.0,5933.0
01/01/2023,TM-005    ,504,264.8,5455.0,0.0,5455.0
01/01/2023,TM-007    ,417,294.7,9481.0,21.0,9460.0
01/01/2023,TM-008    ,486,224.9,7803.0,40.0,7763.0
01/01/2023,TM-009    ,476,264.7,7093.0,20.0,7073.0
01/01/2023,TM-010    ,392,168.0,8249.0,30.0,8219.0
01/01/2023,TM-012    ,667,313.6,7268.0,16.0,7252.0
01/01/2023,TM-013    ,617,269.3,8643.0,43.0,8600.0
01/01/2023,TM-014    ,589,240.2,7808.0,0.0,7808.0
01/01/2023,TM-015    ,517,251.7,7575.0,0.0,7575.0
01/01/2023,TM-016    ,200,109.2,3337.0,23.0,3314.0
01/01/2023,TM-018    ,558,197.0,5862.0,0.0,5862.0
01/01/2023,TM-019    ,566,197.4,8921.0,0.0,8921.0
01/01/2023,TM-020    ,7,2.9,102.0,0.0,102.0
01/01/2023,TM-022    ,593,259.7,9114.0,0.0,9114.0
01/01/2023,TM-023    ,291,194.9,4174.0,0.0,4174.0
01/01/2023,TM-024    ,551,290.2,6873.0,0.0,6873.0
01/01/2023,TM-025    ,448,268.3,9099.0,15.0,9084.0
01/01/2023,TM-026    ,450,275.0,6390.0,0.0,6390.0
01/01/2023,TM-027    ,506,267.1,9547.0,97.0,9450.0
01/01/2023,TM-028    ,601,272.3,6049.0,0.0,6049.0
01/01/2023,TM-029    ,603,218.2,7472.0,62.0,7410.0
01/01/2023,TM-030    ,548,232.9,9342.0,10.0,9332.0
01/01/2023,TM-031    ,562,269.4,9120.0,96.0,9024.0
01/01/2023,TM-032    ,496,182.6,8240.0,25.0,8215.0
01/01/2023,TM-033    ,624,283.4,9671.0,0.0,9671.0
01/01/2023,TM-034    ,540,315.9,9529.0,53.0,9476.0
01/01/2023,TM-035    ,413,208.4,7080.0,58.0,7022.0
01/01/2023,TM-038    ,389,227.9,9277.0,11.0,9266.0
01/01/2023,TM-039    ,543,279.2,8327.0,38.0,8289.0
01/01/2023,TM-040    ,552,281.0,8286.0,26.0,8260.0
01/01/2023,TM-041    ,335,159.1,5402.0,71.0,5331.0
01/01/2023,TM-042    ,230,137.3,5771.0,22.0,5749.0
01/01/2023,TM-043    ,2,1.1,29.0,0.0,29.0
01/01/2023,TM-044    ,268,183.1,4274.0,17.0,4257.0
01/01/2023,TM-045    ,262,98.9,3226.0,12.0,3214.0
01/01/2023,TM-046    ,467,171.0,4804.0,300.0,4504.0
01/01/2023,TM-047    ,294,181.8,4387.0,69.0,4318.0
01/01/2023,TM-048    ,396,249.5,8415.0,201.0,8214.0
01/01/2023,TM-049    ,355,200.1,5484.0,170.0,5314.0
01/01/2023,TM-050    ,465,227.3,5304.0,304.0,5000.0
01/01/2023,TM-051    ,393,234.4,6963.0,179.0,6784.0
01/01/2023,TM-052    ,413,143.7,5293.0,302.0,4991.0
01/01/2023,TM-053    ,304,222.6,6258.0,138.0,6120.0
01/01/2023,TM-054    ,396,150.1,5845.0,167.0,5678.0
01/01/2023,TM-055    ,440,215.4,7453.0,200.0,7253.0
01/01/2023,TM-056    ,538,224.0,6542.0,222.0,6320.0
01/01/2023,TM-057    ,352,193.4,5296.0,148.0,5148.0
01/01/2023,TM-058    ,405,207.9,4985.0,273.0,4712.0
01/01/2023,TM-059    ,513,294.3,8802.0,154.0,8648.0
01/01/2023,TM-060    ,351,140.8,6315.0,224.0,6091.0
01/02/2023,AM-009    ,8,5.3,170.0,36.0,134.0
01/02/2023,AM-01     ,1966,776.1,6554.0,111.0,6443.0
01/02/2023,AM-02     ,1501,867.3,9935.0,195.0,9740.0
01/02/2023,AM-03     ,736,474.0,8047.0,588.0,7459.0
01/02/2023,AM-034    ,38,19.5,642.0,0.0,642.0
01/02/2023,AM-038    ,9,4.9,150.0,0.0,150.0
01/02/2023,AM-04     ,856,330.9,8840.0,395.0,8445.0
01/02/2023,AM-045    ,9,4.3,75.0,14.0,61.0
01/02/2023,AM-05     ,550,341.0,5892.0,158.0,5734.0
01/02/2023,AM-06     ,650,268.1,4217.0,300.0,3917.0
01/02/2023,AM-068    ,1139,501.8,5223.0,943.0,4280.0
01/02/2023,AM-069    ,1186,593.6,4371.0,1551.0,2820.0
01/02/2023,AM-07     ,871,409.4,5667.0,462.0,5205.0
01/02/2023,AM-070    ,820,496.1,5521.0,1061.0,4460.0
01/02/2023,AM-071    ,1174,549.2,5452.0,640.0,4812.0
01/02/2023,AM-072    ,856,430.6,3822.0,466.0,3356.0
01/02/2023,AM-073    ,1103,460.1,4649.0,691.0,3958.0
01/02/2023,AM-074    ,1229,682.6,6721.0,765.0,5956.0
01/02/2023,AM-075    ,617,270.8,7330.0,774.0,6556.0
01/02/2023,AM-076    ,598,377.9,8009.0,1419.0,6590.0
01/02/2023,AM-077    ,668,349.3,6681.0,663.0,6018.0
01/02/2023,AM-078    ,599,398.9,7243.0,715.0,6528.0
01/02/2023,AM-079    ,712,349.9,7532.0,565.0,6967.0
01/02/2023,AM-08     ,963,616.8,5081.0,258.0,4823.0
01/02/2023,AM-080    ,507,332.3,6917.0,615.0,6302.0
01/02/2023,AM-081    ,759,349.2,6985.0,629.0,6356.0
01/02/2023,AM-082    ,577,400.0,7935.0,533.0,7402.0
01/02/2023,AM-083    ,633,350.8,5859.0,405.0,5454.0
01/02/2023,AM-084    ,770,269.8,6023.0,275.0,5748.0
01/02/2023,AM-085    ,690,418.6,5794.0,229.0,5565.0
01/02/2023,AM-086    ,669,516.6,8482.0,272.0,8210.0
01/02/2023,AM-087    ,781,478.6,6660.0,257.0,6403.0
01/02/2023,AM-088    ,1441,614.2,6415.0,306.0,6109.0
01/02/2023,AM-089    ,1390,704.6,8032.0,266.0,7766.0
01/02/2023,AM-09     ,428,245.3,9478.0,1530.0,7948.0
01/02/2023,AM-090    ,1639,611.2,8352.0,309.0,8043.0
01/02/2023,AM-091    ,1359,866.9,5588.0,293.0,5295.0
01/02/2023,AM-092    ,1240,576.5,8508.0,579.0,7929.0
01/02/2023,AM-093    ,741,352.0,6079.0,685.0,5394.0
01/02/2023,AM-094    ,332,218.7,5121.0,1273.0,3848.0
01/02/2023,AM-095    ,378,175.7,6736.0,1698.0,5038.0
01/02/2023,AM-096    ,261,125.4,5662.0,1526.0,4136.0
01/02/2023,AM-097    ,203,111.4,3633.0,1102.0,2531.0
01/02/2023,AM-098    ,327,107.5,5800.0,1610.0,4190.0
01/02/2023,AM-099    ,219,123.6,6719.0,1277.0,5442.0
01/02/2023,AM-10     ,385,222.4,6887.0,1261.0,5626.0
01/02/2023,AM-100    ,233,127.0,5144.0,1825.0,3319.0
01/02/2023,AM-101    ,332,133.7,4258.0,1076.0,3182.0
01/02/2023,AM-102    ,97,73.2,2272.0,365.0,1907.0
01/02/2023,AM-103    ,411,186.5,2471.0,484.0,1987.0
01/02/2023,AM-11     ,458,193.2,8076.0,1462.0,6614.0
01/02/2023,AM-12     ,422,201.7,5205.0,748.0,4457.0
01/02/2023,AM-13     ,212,124.6,5434.0,725.0,4709.0
01/02/2023,AM-14     ,446,290.0,5179.0,1440.0,3739.0
01/02/2023,AM-15     ,108,68.8,654.0,57.0,597.0
01/02/2023,AM-16     ,637,410.9,5216.0,575.0,4641.0
01/02/2023,AM-17     ,1092,553.5,7765.0,327.0,7438.0
01/02/2023,AM-18     ,443,170.4,7662.0,1128.0,6534.0
01/02/2023,AM-19     ,412,219.5,10109.0,1917.0,8192.0
01/02/2023,AM-20     ,365,167.4,5869.0,595.0,5274.0
01/02/2023,AM-21     ,412,211.1,9702.0,2012.0,7690.0
01/02/2023,AM-22     ,531,232.3,9321.0,1819.0,7502.0
01/02/2023,AM-23     ,439,161.0,8627.0,1460.0,7167.0
01/02/2023,AM-24     ,321,237.7,8019.0,1716.0,6303.0
01/02/2023,AM-25     ,232,128.5,5601.0,1236.0,4365.0
01/02/2023,AM-26     ,691,272.4,6762.0,591.0,6171.0
01/02/2023,AM-27     ,595,358.8,9465.0,726.0,8739.0
01/02/2023,AM-28     ,498,302.0,10756.0,655.0,10101.0
01/02/2023,AM-29     ,623,288.3,7744.0,843.0,6901.0
01/02/2023,AM-30     ,452,166.7,7108.0,555.0,6553.0
01/02/2023,AM-31     ,457,202.0,4963.0,409.0,4554.0
01/02/2023,AM-32     ,450,288.2,8681.0,689.0,7992.0
01/02/2023,AM-33     ,448,357.4,7846.0,954.0,6892.0
01/02/2023,AM-34     ,37,14.4,562.0,68.0,494.0
01/02/2023,AM-37     ,756,415.5,3766.0,645.0,3121.0
01/02/2023,AM-38     ,846,428.4,5258.0,596.0,4662.0
01/02/2023,AM-39     ,1118,618.6,4938.0,809.0,4129.0
01/02/2023,AM-40     ,889,372.4,3653.0,687.0,2966.0
01/02/2023,AM-41     ,1478,790.6,6774.0,373.0,6401.0
01/02/2023,AM-42     ,1503,974.1,5259.0,289.0,4970.0
01/02/2023,AM-43     ,619,311.2,5410.0,179.0,5231.0
01/02/2023,AM-44     ,554,188.4,3851.0,450.0,3401.0
01/02/2023,AM-45     ,536,233.0,4587.0,517.0,4070.0
01/02/2023,AM-46     ,491,258.1,7751.0,1241.0,6510.0
01/02/2023,AM-47     ,1213,736.7,6627.0,191.0,6436.0
01/02/2023,AM-48     ,1939,804.5,7295.0,390.0,6905.0
01/02/2023,AM-49     ,948,503.8,3311.0,0.0,3311.0
01/02/2023,AM-50     ,1199,493.6,5022.0,63.0,4959.0
01/02/2023,AM-51     ,1188,621.0,4021.0,0.0,4021.0
01/02/2023,AM-52     ,1536,637.0,5815.0,0.0,5815.0
01/02/2023,AM-54     ,803,433.3,2924.0,0.0,2924.0
01/02/2023,AM-56     ,36,13.8,462.0,47.0,415.0
01/02/2023,AM-57     ,8,3.9,165.0,33.0,132.0
01/02/2023,AM-58     ,3,1.7,74.0,0.0,74.0
01/02/2023,AM-59     ,16,8.5,214.0,39.0,175.0
01/02/2023,AM-61     ,9,4.9,154.0,33.0,121.0
01/02/2023,AM-62     ,138,65.7,1081.0,129.0,952.0
01/02/2023,AM-64     ,700,265.2,6119.0,610.0,5509.0
01/02/2023,AM-65     ,530,328.1,6722.0,594.0,6128.0
01/02/2023,AM-66     ,402,176.6,3414.0,381.0,3033.0
01/02/2023,AM-67     ,483,317.2,5034.0,700.0,4334.0
01/02/2023,TM-0001   ,1,0.6,16.0,0.0,16.0
01/02/2023,TM-001    ,369,178.9,5047.0,21.0,5026.0
01/02/2023,TM-002    ,362,206.6,6885.0,90.0,6795.0
01/02/2023,TM-003    ,339,275.9,8556.0,16.0,8540.0
01/02/2023,TM-004    ,404,159.3,6742.0,37.0,6705.0
01/02/2023,TM-005    ,399,235.1,6151.0,43.0,6108.0
01/02/2023,TM-007    ,442,235.4,5417.0,0.0,5417.0
01/02/2023,TM-008    ,569,209.0,7344.0,23.0,7321.0
01/02/2023,TM-009    ,434,199.0,7888.0,12.0,7876.0
01/02/2023,TM-010    ,266,136.1,4150.0,35.0,4115.0
01/02/2023,TM-012    ,449,245.0,9170.0,85.0,9085.0
01/02/2023,TM-013    ,506,220.5,6620.0,0.0,6620.0
01/02/2023,TM-014    ,358,263.9,7695.0,37.0,7658.0
01/02/2023,TM-015    ,454,260.4,5281.0,12.0,5269.0
01/02/2023,TM-016    ,320,164.7,5767.0,16.0,5751.0
01/02/2023,TM-017    ,10,3.8,165.0,0.0,165.0
01/02/2023,TM-018    ,456,318.7,7097.0,20.0,7077.0
01/02/2023,TM-019    ,411,163.7,7222.0,0.0,7222.0
01/02/2023,TM-021    ,2,1.2,44.0,0.0,44.0
01/02/2023,TM-022    ,356,166.5,7342.0,9.0,7333.0
01/02/2023,TM-023    ,423,183.6,6597.0,28.0,6569.0
01/02/2023,TM-024    ,430,154.9,6877.0,32.0,6845.0
01/02/2023,TM-025    ,342,185.2,8742.0,0.0,8742.0
01/02/2023,TM-026    ,411,211.5,8890.0,0.0,8890.0
01/02/2023,TM-027    ,403,209.3,9372.0,10.0,9362.0
01/02/2023,TM-028    ,359,213.6,5420.0,104.0,5316.0
01/02/2023,TM-029    ,479,317.4,7896.0,34.0,7862.0
01/02/2023,TM-030    ,372,269.1,8109.0,39.0,8070.0
01/02/2023,TM-031    ,264,119.0,4823.0,0.0,4823.0
01/02/2023,TM-032    ,555,216.9,8077.0,40.0,8037.0
01/02/2023,TM-033    ,386,225.6,4594.0,36.0,4558.0
01/02/2023,TM-034    ,463,160.6,7966.0,20.0,7946.0
01/02/2023,TM-035    ,335,252.3,8333.0,54.0,8279.0
01/02/2023,TM-038    ,471,163.2,5854.0,0.0,5854.0
01/02/2023,TM-039    ,479,250.8,5657.0,0.0,5657.0
01/02/2023,TM-040    ,566,226.1,5963.0,9.0,5954.0
01/02/2023,TM-041    ,526,219.7,6296.0,0.0,6296.0
01/02/2023,TM-042    ,341,154.5,4915.0,63.0,4852.0
01/02/2023,TM-044    ,42,21.4,791.0,0.0,791.0
01/02/2023,TM-045    ,260,139.1,3896.0,8.0,3888.0
01/02/2023,TM-046    ,170,82.7,2620.0,106.0,2514.0
01/02/2023,TM-047    ,394,195.7,6093.0,224.0,5869.0
01/02/2023,TM-048    ,333,114.9,4198.0,142.0,4056.0
01/02/2023,TM-049    ,392,146.6,6357.0,153.0,6204.0
01/02/2023,TM-050    ,325,202.7,7284.0,151.0,7133.0
01/02/2023,TM-051    ,362,157.9,7188.0,188.0,7000.0
01/02/2023,TM-052    ,393,175.9,5018.0,157.0,4861.0
01/02/2023,TM-053    ,379,156.0,6472.0,188.0,6284.0
01/02/2023,TM-054    ,330,156.6,4616.0,137.0,4479.0
01/02/2023,TM-055    ,327,157.0,5009.0,231.0,4778.0
01/02/2023,TM-056    ,375,205.4,5377.0,132.0,5245.0
01/02/2023,TM-057    ,481,162.4,5945.0,158.0,5787.0
01/02/2023,TM-058    ,390,137.1,4382.0,102.0,4280.0
01/02/2023,TM-059    ,421,142.7,5190.0,175.0,5015.0
01/02/2023,TM-060    ,367,230.7,6383.0,182.0,6201.0
01/03/2023,AM-001    ,2,0.8,37.0,35.0,2.0
01/03/2023,AM-01     ,1594,1006.5,7091.0,120.0,6971.0
01/03/2023,AM-02     ,2067,734.6,8224.0,134.0,8090.0
01/03/2023,AM-03     ,637,265.7,6332.0,271.0,6061.0
01/03/2023,AM-04     ,708,366.1,6326.0,489.0,5837.0
01/03/2023,AM-042    ,5,2.5,77.0,0.0,77.0
01/03/2023,AM-047    ,9,4.3,117.0,8.0,109.0
01/03/2023,AM-05     ,709,554.4,6081.0,686.0,5395.0
01/03/2023,AM-06     ,1032,506.1,7142.0,401.0,6741.0
01/03/2023,AM-068    ,1133,664.3,4459.0,808.0,3651.0
01/03/2023,AM-069    ,1080,543.0,4094.0,1327.0,2767.0
01/03/2023,AM-07     ,674,411.1,10108.0,295.0,9813.0
01/03/2023,AM-070    ,1137,772.7,5063.0,662.0,4401.0
01/03/2023,AM-071    ,1199,629.3,5237.0,538.0,4699.0
01/03/2023,AM-072    ,922,615.9,5739.0,615.0,5124.0
01/03/2023,AM-073    ,1376,598.4,5572.0,1051.0,4521.0
01/03/2023,AM-074    ,1729,551.0,7083.0,741.0,6342.0
01/03/2023,AM-075    ,584,444.4,9273.0,989.0,8284.0
01/03/2023,AM-076    ,776,310.6,8795.0,1855.0,6940.0
01/03/2023,AM-077    ,678,344.8,6971.0,1085.0,5886.0
01/03/2023,AM-078    ,789,295.5,7394.0,890.0,6504.0
01/03/2023,AM-079    ,595,394.9,7646.0,560.0,7086.0
01/03/2023,AM-08     ,967,445.3,5243.0,341.0,4902.0
01/03/2023,AM-080    ,572,402.0,5815.0,471.0,5344.0
01/03/2023,AM-081    ,589,307.6,6535.0,699.0,5836.0
01/03/2023,AM-082    ,602,426.0,6792.0,403.0,6389.0
01/03/2023,AM-083    ,835,430.3,6091.0,359.0,5732.0
01/03/2023,AM-084    ,931,325.4,7701.0,252.0,7449.0
01/03/2023,AM-085    ,931,415.7,8641.0,260.0,8381.0
01/03/2023,AM-086    ,964,399.7,8293.0,293.0,8000.0
01/03/2023,AM-087    ,776,404.5,6431.0,266.0,6165.0
01/03/2023,AM-088    ,1142,753.2,7095.0,240.0,6855.0
01/03/2023,AM-089    ,1317,692.4,7607.0,281.0,7326.0
01/03/2023,AM-09     ,452,245.4,8231.0,2661.0,5570.0
01/03/2023,AM-090    ,1884,780.7,5598.0,309.0,5289.0
01/03/2023,AM-091    ,1954,903.9,7409.0,369.0,7040.0
01/03/2023,AM-092    ,1105,705.6,6654.0,645.0,6009.0
01/03/2023,AM-093    ,430,216.1,7964.0,921.0,7043.0
01/03/2023,AM-094    ,523,275.2,7832.0,2016.0,5816.0
01/03/2023,AM-095    ,409,218.3,6407.0,1565.0,4842.0
01/03/2023,AM-096    ,286,129.9,7190.0,1642.0,5548.0
01/03/2023,AM-097    ,401,139.2,6311.0,1247.0,5064.0
01/03/2023,AM-098    ,388,186.7,5352.0,2605.0,2747.0
01/03/2023,AM-099    ,259,134.4,5279.0,2222.0,3057.0
01/03/2023,AM-10     ,414,168.1,9742.0,2568.0,7174.0
01/03/2023,AM-100    ,194,85.6,2893.0,1143.0,1750.0
01/03/2023,AM-101    ,159,68.2,2108.0,595.0,1513.0
01/03/2023,AM-102    ,100,48.3,1280.0,381.0,899.0
01/03/2023,AM-103    ,80,40.8,1046.0,203.0,843.0
01/03/2023,AM-11     ,361,153.4,8153.0,1363.0,6790.0
01/03/2023,AM-12     ,489,288.2,9485.0,1387.0,8098.0
01/03/2023,AM-13     ,614,345.0,11014.0,1591.0,9423.0
01/03/2023,AM-14     ,368,227.3,4455.0,631.0,3824.0
01/03/2023,AM-15     ,7,3.4,66.0,8.0,58.0
01/03/2023,AM-16     ,501,221.8,2438.0,178.0,2260.0
01/03/2023,AM-17     ,2309,1115.1,6902.0,253.0,6649.0
01/03/2023,AM-18     ,592,234.9,9278.0,2404.0,6874.0
01/03/2023,AM-19     ,582,225.9,9541.0,1652.0,7889.0
01/03/2023,AM-20     ,477,274.2,8151.0,1061.0,7090.0
01/03/2023,AM-21     ,545,247.6,8844.0,1424.0,7420.0
01/03/2023,AM-22     ,382,285.4,7504.0,1291.0,6213.0
01/03/2023,AM-23     ,443,188.6,8185.0,1675.0,6510.0
01/03/2023,AM-24     ,380,273.7,11428.0,2370.0,9058.0
01/03/2023,AM-25     ,463,256.7,8184.0,1705.0,6479.0
01/03/2023,AM-26     ,527,265.2,6349.0,822.0,5527.0
01/03/2023,AM-27     ,436,309.7,8324.0,474.0,7850.0
01/03/2023,AM-28     ,428,248.4,6444.0,513.0,5931.0
01/03/2023,AM-29     ,522,420.0,8596.0,639.0,7957.0
01/03/2023,AM-30     ,748,328.6,8617.0,746.0,7871.0
01/03/2023,AM-31     ,714,359.1,9965.0,933.0,9032.0
01/03/2023,AM-32     ,596,291.1,9326.0,624.0,8702.0
01/03/2023,AM-33     ,540,280.8,9569.0,669.0,8900.0
01/03/2023,AM-34     ,13,6.8,132.0,10.0,122.0
01/03/2023,AM-37     ,838,530.9,4303.0,818.0,3485.0
01/03/2023,AM-38     ,445,301.1,2886.0,306.0,2580.0
01/03/2023,AM-39     ,1197,526.8,5211.0,587.0,4624.0
01/03/2023,AM-40     ,1007,633.1,5714.0,1021.0,4693.0
01/03/2023,AM-41     ,1673,804.3,5600.0,299.0,5301.0
01/03/2023,AM-42     ,1419,875.8,7797.0,295.0,7502.0
01/03/2023,AM-43     ,673,301.5,7469.0,163.0,7306.0
01/03/2023,AM-44     ,301,172.7,3939.0,573.0,3366.0
01/03/2023,AM-45     ,958,565.8,6594.0,296.0,6298.0
01/03/2023,AM-46     ,490,267.9,8403.0,2526.0,5877.0
01/03/2023,AM-47     ,1375,666.7,8499.0,504.0,7995.0
01/03/2023,AM-48     ,1524,672.9,6706.0,346.0,6360.0
01/03/2023,AM-49     ,781,484.9,3669.0,36.0,3633.0
01/03/2023,AM-50     ,1166,716.0,6288.0,0.0,6288.0
01/03/2023,AM-51     ,1766,821.3,5839.0,0.0,5839.0
01/03/2023,AM-52     ,1900,787.5,4906.0,0.0,4906.0
01/03/2023,AM-54     ,903,496.9,4712.0,0.0,4712.0
01/03/2023,AM-56     ,15,8.8,336.0,36.0,300.0
01/03/2023,AM-61     ,12,5.5,206.0,60.0,146.0
01/03/2023,AM-62     ,41,20.5,297.0,37.0,260.0
01/03/2023,AM-63     ,76,28.4,948.0,100.0,848.0
01/03/2023,AM-64     ,736,326.1,5641.0,862.0,4779.0
01/03/2023,AM-65     ,542,385.8,7642.0,689.0,6953.0
01/03/2023,AM-66     ,643,308.8,5029.0,699.0,4330.0
01/03/2023,AM-67     ,581,355.6,5078.0,669.0,4409.0
01/03/2023,TM-001    ,545,240.4,5933.0,25.0,5908.0
01/03/2023,TM-002    ,570,226.3,8674.0,8.0,8666.0
01/03/2023,TM-003    ,510,261.2,8502.0,33.0,8469.0
01/03/2023,TM-004    ,413,256.3,7782.0,19.0,7763.0
01/03/2023,TM-005    ,565,254.9,7684.0,15.0,7669.0
01/03/2023,TM-006    ,5,2.4,111.0,0.0,111.0
01/03/2023,TM-007    ,434,226.2,5922.0,0.0,5922.0
01/03/2023,TM-008    ,429,205.2,7434.0,0.0,7434.0
01/03/2023,TM-009    ,579,211.0,6487.0,61.0,6426.0
01/03/2023,TM-010    ,445,250.0,6322.0,0.0,6322.0
01/03/2023,TM-011    ,2,0.9,30.0,0.0,30.0
01/03/2023,TM-012    ,668,338.4,7556.0,20.0,7536.0
01/03/2023,TM-013    ,76,41.7,1259.0,0.0,1259.0
01/03/2023,TM-014    ,539,303.1,9964.0,22.0,9942.0
01/03/2023,TM-015    ,349,184.8,4843.0,0.0,4843.0
01/03/2023,TM-016    ,388,281.6,9308.0,16.0,9292.0
01/03/2023,TM-017    ,14,5.3,196.0,48.0,148.0
01/03/2023,TM-018    ,410,319.3,7636.0,9.0,7627.0
01/03/2023,TM-019    ,295,151.7,4895.0,0.0,4895.0
01/03/2023,TM-020    ,59,33.2,881.0,10.0,871.0
01/03/2023,TM-022    ,477,208.9,5831.0,29.0,5802.0
01/03/2023,TM-023    ,592,216.4,10397.0,30.0,10367.0
01/03/2023,TM-024    ,446,276.6,8384.0,56.0,8328.0
01/03/2023,TM-025    ,258,128.9,6512.0,0.0,6512.0
01/03/2023,TM-026    ,530,235.6,8819.0,82.0,8737.0
01/03/2023,TM-027    ,457,190.0,5675.0,0.0,5675.0
01/03/2023,TM-028    ,69,31.4,806.0,0.0,806.0
01/03/2023,TM-029    ,595,318.0,6747.0,11.0,6736.0
01/03/2023,TM-030    ,636,266.7,10111.0,59.0,10052.0
01/03/2023,TM-031    ,572,333.7,10886.0,0.0,10886.0
01/03/2023,TM-032    ,468,256.5,8290.0,13.0,8277.0
01/03/2023,TM-033    ,667,290.4,7421.0,79.0,7342.0
01/03/2023,TM-034    ,505,314.7,6768.0,33.0,6735.0
01/03/2023,TM-035    ,482,342.4,10598.0,26.0,10572.0
01/03/2023,TM-038    ,685,332.6,11230.0,137.0,11093.0
01/03/2023,TM-039    ,598,225.4,6815.0,19.0,6796.0
01/03/2023,TM-040    ,547,284.3,6717.0,11.0,6706.0
01/03/2023,TM-041    ,361,197.4,6698.0,39.0,6659.0
01/03/2023,TM-042    ,340,175.0,4389.0,34.0,4355.0
01/03/2023,TM-045    ,24,10.4,391.0,0.0,391.0
01/03/2023,TM-046    ,454,220.3,5951.0,205.0,5746.0
01/03/2023,TM-047    ,442,310.9,8816.0,220.0,8596.0
01/03/2023,TM-048    ,300,183.3,5777.0,215.0,5562.0
01/03/2023,TM-049    ,567,181.0,6970.0,240.0,6730.0
01/03/2023,TM-050    ,433,270.4,6243.0,309.0,5934.0
01/03/2023,TM-051    ,452,185.4,7938.0,331.0,7607.0
01/03/2023,TM-052    ,536,230.2,7577.0,164.0,7413.0
01/03/2023,TM-053    ,338,164.3,6360.0,222.0,6138.0
01/03/2023,TM-054    ,434,191.9,5831.0,202.0,5629.0
01/03/2023,TM-055    ,115,90.7,1731.0,65.0,1666.0
01/03/2023,TM-056    ,368,156.9,4866.0,73.0,4793.0
01/03/2023,TM-057    ,493,205.8,7238.0,167.0,7071.0
01/03/2023,TM-058    ,446,208.3,7375.0,209.0,7166.0
01/03/2023,TM-059    ,594,286.2,7310.0,177.0,7133.0
01/03/2023,TM-060    ,440,252.9,7874.0,234.0,7640.0
01/04/2023,AM-01     ,1648,786.3,8682.0,98.0,8584.0
01/04/2023,AM-02     ,1734,796.9,9031.0,138.0,8893.0
01/04/2023,AM-03     ,637,365.9,5247.0,509.0,4738.0
01/04/2023,AM-04     ,722,354.0,8733.0,434.0,8299.0
01/04/2023,AM-05     ,646,446.9,7269.0,363.0,6906.0
01/04/2023,AM-06     ,715,293.0,5676.0,427.0,5249.0
01/04/2023,AM-068    ,1207,501.9,5994.0,1061.0,4933.0
01/04/2023,AM-069    ,1214,596.9,4813.0,1164.0,3649.0
01/04/2023,AM-07     ,896,355.7,8825.0,449.0,8376.0
01/04/2023,AM-070    ,1248,666.0,6446.0,658.0,5788.0
01/04/2023,AM-071    ,924,477.3,5541.0,754.0,4787.0
01/04/2023,AM-072    ,1000,499.2,5987.0,715.0,5272.0
01/04/2023,AM-073    ,1322,763.9,5414.0,838.0,4576.0
01/04/2023,AM-074    ,1294,630.2,7488.0,633.0,6855.0
01/04/2023,AM-075    ,548,400.9,8709.0,898.0,7811.0
01/04/2023,AM-076    ,766,279.7,7315.0,1868.0,5447.0
01/04/2023,AM-077    ,770,357.6,7476.0,937.0,6539.0
01/04/2023,AM-078    ,747,405.7,9016.0,831.0,8185.0
01/04/2023,AM-079    ,526,304.8,5816.0,639.0,5177.0
01/04/2023,AM-08     ,1193,613.1,4052.0,202.0,3850.0
01/04/2023,AM-080    ,717,361.8,7916.0,446.0,7470.0
01/04/2023,AM-081    ,819,339.1,8684.0,644.0,8040.0
01/04/2023,AM-082    ,759,346.7,8656.0,581.0,8075.0
01/04/2023,AM-083    ,872,393.0,8192.0,334.0,7858.0
01/04/2023,AM-084    ,795,328.1,8750.0,339.0,8411.0
01/04/2023,AM-085    ,690,400.0,8214.0,248.0,7966.0
01/04/2023,AM-086    ,1038,440.6,6463.0,288.0,6175.0
01/04/2023,AM-087    ,1053,471.9,8532.0,301.0,8231.0
01/04/2023,AM-088    ,1543,777.8,5890.0,330.0,5560.0
01/04/2023,AM-089    ,1111,659.7,5515.0,228.0,5287.0
01/04/2023,AM-09     ,370,266.6,6819.0,1464.0,5355.0
01/04/2023,AM-090    ,2188,821.1,5960.0,270.0,5690.0
01/04/2023,AM-091    ,2049,872.1,7214.0,298.0,6916.0
01/04/2023,AM-092    ,1010,479.7,5939.0,663.0,5276.0
01/04/2023,AM-093    ,594,269.1,6005.0,976.0,5029.0
01/04/2023,AM-094    ,468,228.2,5493.0,1717.0,3776.0
01/04/2023,AM-095    ,392,141.4,6284.0,1329.0,4955.0
01/04/2023,AM-096    ,291,115.8,5244.0,1423.0,3821.0
01/04/2023,AM-097    ,264,112.4,5782.0,1557.0,4225.0
01/04/2023,AM-098    ,317,185.6,6800.0,1667.0,5133.0
01/04/2023,AM-099    ,224,122.5,5091.0,1747.0,3344.0
01/04/2023,AM-10     ,503,304.0,11333.0,1877.0,9456.0
01/04/2023,AM-100    ,186,91.4,3016.0,1193.0,1823.0
01/04/2023,AM-101    ,81,42.3,1243.0,296.0,947.0
01/04/2023,AM-102    ,41,24.5,860.0,140.0,720.0
01/04/2023,AM-103    ,53,33.9,459.0,23.0,436.0
01/04/2023,AM-11     ,380,259.8,9916.0,1607.0,8309.0
01/04/2023,AM-12     ,382,184.7,8481.0,1666.0,6815.0
01/04/2023,AM-13     ,440,210.2,6944.0,1771.0,5173.0
01/04/2023,AM-14     ,595,226.7,5154.0,673.0,4481.0
01/04/2023,AM-15     ,32,12.3,597.0,72.0,525.0
01/04/2023,AM-16     ,684,424.9,4892.0,233.0,4659.0
01/04/2023,AM-17     ,1324,988.4,7515.0,243.0,7272.0
01/04/2023,AM-18     ,549,235.2,9119.0,2482.0,6637.0
01/04/2023,AM-19     ,424,252.0,7102.0,2551.0,4551.0
01/04/2023,AM-20     ,453,207.5,4897.0,976.0,3921.0
01/04/2023,AM-21     ,495,214.8,7184.0,1414.0,5770.0
01/04/2023,AM-22     ,518,185.0,7831.0,1511.0,6320.0
01/04/2023,AM-23     ,354,220.9,6990.0,1132.0,5858.0
01/04/2023,AM-24     ,539,289.6,11360.0,1394.0,9966.0
01/04/2023,AM-25     ,327,202.7,8823.0,1644.0,7179.0
01/04/2023,AM-26     ,690,214.8,8769.0,639.0,8130.0
01/04/2023,AM-27     ,592,237.7,5959.0,812.0,5147.0
01/04/2023,AM-28     ,542,233.1,7794.0,938.0,6856.0
01/04/2023,AM-29     ,552,323.0,9802.0,653.0,9149.0
01/04/2023,AM-30     ,485,323.8,6586.0,655.0,5931.0
01/04/2023,AM-31     ,724,265.7,10575.0,918.0,9657.0
01/04/2023,AM-32     ,555,377.6,11042.0,452.0,10590.0
01/04/2023,AM-33     ,669,328.4,8301.0,625.0,7676.0
01/04/2023,AM-37     ,851,527.8,4636.0,610.0,4026.0
01/04/2023,AM-38     ,547,312.6,3228.0,521.0,2707.0
01/04/2023,AM-39     ,1265,432.7,5454.0,854.0,4600.0
01/04/2023,AM-40     ,1260,663.9,3785.0,757.0,3028.0
01/04/2023,AM-41     ,1203,432.5,3562.0,210.0,3352.0
01/04/2023,AM-42     ,1540,863.7,8080.0,261.0,7819.0
01/04/2023,AM-43     ,552,408.6,7466.0,138.0,7328.0
01/04/2023,AM-44     ,717,392.2,5057.0,390.0,4667.0
01/04/2023,AM-45     ,573,307.5,5108.0,598.0,4510.0
01/04/2023,AM-46     ,477,258.6,10426.0,1151.0,9275.0
01/04/2023,AM-47     ,1458,1051.1,8735.0,299.0,8436.0
01/04/2023,AM-48     ,1458,966.3,8041.0,337.0,7704.0
01/04/2023,AM-49     ,1050,555.0,6535.0,8.0,6527.0
01/04/2023,AM-50     ,1206,585.6,5155.0,10.0,5145.0
01/04/2023,AM-51     ,1143,649.4,5839.0,162.0,5677.0
01/04/2023,AM-52     ,1819,862.2,6517.0,37.0,6480.0
01/04/2023,AM-53     ,26,16.4,347.0,64.0,283.0
01/04/2023,AM-54     ,774,358.6,3185.0,61.0,3124.0
01/04/2023,AM-57     ,65,43.4,1473.0,264.0,1209.0
01/04/2023,AM-58     ,95,40.5,1127.0,120.0,1007.0
01/04/2023,AM-59     ,5,2.5,80.0,0.0,80.0
01/04/2023,AM-61     ,4,1.7,84.0,29.0,55.0
01/04/2023,AM-62     ,50,23.4,537.0,70.0,467.0
01/04/2023,AM-64     ,741,343.4,5378.0,733.0,4645.0
01/04/2023,AM-65     ,742,347.6,6460.0,769.0,5691.0
01/04/2023,AM-66     ,715,321.3,6415.0,572.0,5843.0
01/04/2023,AM-67     ,555,327.8,7815.0,705.0,7110.0
01/04/2023,TM-001    ,538,305.7,6332.0,36.0,6296.0
01/04/2023,TM-002    ,426,315.7,8439.0,99.0,8340.0
01/04/2023,TM-003    ,295,150.1,5256.0,35.0,5221.0
01/04/2023,TM-004    ,701,329.4,10654.0,47.0,10607.0
01/04/2023,TM-005    ,437,229.2,8730.0,20.0,8710.0
01/04/2023,TM-006    ,4,1.8,62.0,0.0,62.0
01/04/2023,TM-007    ,608,312.2,10038.0,40.0,9998.0
01/04/2023,TM-008    ,600,245.9,7797.0,64.0,7733.0
01/04/2023,TM-009    ,574,265.5,5914.0,20.0,5894.0
01/04/2023,TM-010    ,66,33.5,1250.0,0.0,1250.0
01/04/2023,TM-011    ,8,3.8,138.0,0.0,138.0
01/04/2023,TM-012    ,525,273.9,9020.0,82.0,8938.0
01/04/2023,TM-013    ,394,193.2,9019.0,9.0,9010.0
01/04/2023,TM-014    ,449,332.5,10431.0,57.0,10374.0
01/04/2023,TM-015    ,408,194.9,5844.0,37.0,5807.0
01/04/2023,TM-016    ,594,252.7,7089.0,76.0,7013.0
01/04/2023,TM-017    ,13,5.2,158.0,45.0,113.0
01/04/2023,TM-018    ,422,208.1,6381.0,58.0,6323.0
01/04/2023,TM-019    ,451,239.0,5112.0,67.0,5045.0
01/04/2023,TM-020    ,48,22.7,880.0,0.0,880.0
01/04/2023,TM-022    ,407,288.3,9066.0,80.0,8986.0
01/04/2023,TM-023    ,460,245.4,7057.0,104.0,6953.0
01/04/2023,TM-024    ,529,271.4,5980.0,54.0,5926.0
01/04/2023,TM-025    ,590,301.6,7348.0,19.0,7329.0
01/04/2023,TM-026    ,355,185.4,6381.0,18.0,6363.0
01/04/2023,TM-028    ,307,115.1,3146.0,19.0,3127.0
01/04/2023,TM-029    ,561,316.7,7535.0,56.0,7479.0
01/04/2023,TM-030    ,469,252.0,6263.0,33.0,6230.0
01/04/2023,TM-031    ,375,188.8,5722.0,16.0,5706.0
01/04/2023,TM-032    ,605,277.0,9302.0,47.0,9255.0
01/04/2023,TM-033    ,485,222.5,6939.0,57.0,6882.0
01/04/2023,TM-034    ,603,224.0,9982.0,122.0,9860.0
01/04/2023,TM-035    ,350,160.5,3520.0,24.0,3496.0
01/04/2023,TM-038    ,574,277.2,9321.0,86.0,9235.0
01/04/2023,TM-039    ,456,231.8,5982.0,8.0,5974.0
01/04/2023,TM-040    ,492,267.6,5795.0,61.0,5734.0
01/04/2023,TM-041    ,510,247.9,6641.0,81.0,6560.0
01/04/2023,TM-042    ,223,115.7,3555.0,31.0,3524.0
01/04/2023,TM-044    ,170,96.1,2612.0,1.0,2611.0
01/04/2023,TM-045    ,107,50.5,1570.0,11.0,1559.0
01/04/2023,TM-046    ,447,185.4,6449.0,158.0,6291.0
01/04/2023,TM-047    ,416,184.3,6456.0,282.0,6174.0
01/04/2023,TM-048    ,421,177.9,6559.0,184.0,6375.0
01/04/2023,TM-049    ,353,222.1,6761.0,124.0,6637.0
01/04/2023,TM-050    ,605,228.6,8647.0,102.0,8545.0
01/04/2023,TM-051    ,597,281.0,8225.0,98.0,8127.0
01/04/2023,TM-052    ,490,279.3,7238.0,90.0,7148.0
01/04/2023,TM-053    ,415,207.5,5984.0,192.0,5792.0
01/04/2023,TM-054    ,451,191.0,6884.0,280.0,6604.0
01/04/2023,TM-055    ,193,105.3,2234.0,19.0,2215.0
01/04/2023,TM-056    ,375,223.6,6275.0,205.0,6070.0
01/04/2023,TM-057    ,278,118.4,4605.0,117.0,4488.0
01/04/2023,TM-058    ,506,178.3,8495.0,117.0,8378.0
01/04/2023,TM-059    ,525,227.2,7042.0,167.0,6875.0
01/04/2023,TM-060    ,360,230.7,7337.0,189.0,7148.0
01/05/2023,AM-01     ,1743,620.8,5590.0,95.0,5495.0
01/05/2023,AM-02     ,1687,863.5,9076.0,197.0,8879.0
01/05/2023,AM-03     ,789,487.2,6559.0,502.0,6057.0
01/05/2023,AM-04     ,846,294.3,8786.0,571.0,8215.0
01/05/2023,AM-05     ,951,494.9,7241.0,410.0,6831.0
01/05/2023,AM-06     ,820,347.4,6904.0,404.0,6500.0
01/05/2023,AM-068    ,1069,462.8,4635.0,916.0,3719.0
01/05/2023,AM-069    ,877,640.1,4989.0,1273.0,3716.0
01/05/2023,AM-07     ,595,228.3,5900.0,139.0,5761.0
01/05/2023,AM-070    ,1286,628.4,4892.0,774.0,4118.0
01/05/2023,AM-071    ,1034,546.0,6246.0,641.0,5605.0
01/05/2023,AM-072    ,1260,447.3,6339.0,745.0,5594.0
01/05/2023,AM-073    ,1135,449.9,5155.0,731.0,4424.0
01/05/2023,AM-074    ,1870,696.7,9438.0,720.0,8718.0
01/05/2023,AM-075    ,955,321.0,7197.0,1083.0,6114.0
01/05/2023,AM-076    ,589,398.4,6409.0,1144.0,5265.0
01/05/2023,AM-077    ,540,352.9,7940.0,1026.0,6914.0
01/05/2023,AM-078    ,808,326.7,8358.0,948.0,7410.0
01/05/2023,AM-079    ,751,341.5,7220.0,745.0,6475.0
01/05/2023,AM-08     ,1086,599.3,3528.0,163.0,3365.0
01/05/2023,AM-080    ,809,417.1,8848.0,801.0,8047.0
01/05/2023,AM-081    ,781,375.6,8039.0,648.0,7391.0
01/05/2023,AM-082    ,895,433.4,6714.0,506.0,6208.0
01/05/2023,AM-083    ,717,320.3,7330.0,569.0,6761.0
01/05/2023,AM-084    ,795,376.2,5841.0,226.0,5615.0
01/05/2023,AM-085    ,787,437.5,6947.0,162.0,6785.0
01/05/2023,AM-086    ,687,441.2,7753.0,314.0,7439.0
01/05/2023,AM-087    ,998,477.1,8377.0,382.0,7995.0
01/05/2023,AM-088    ,994,531.7,6273.0,337.0,5936.0
01/05/2023,AM-089    ,1459,749.0,7302.0,264.0,7038.0
01/05/2023,AM-09     ,559,311.6,9136.0,2046.0,7090.0
01/05/2023,AM-090    ,1742,805.4,6933.0,262.0,6671.0
01/05/2023,AM-091    ,1753,1052.4,6295.0,301.0,5994.0
01/05/2023,AM-092    ,1301,741.9,6996.0,261.0,6735.0
01/05/2023,AM-093    ,819,427.6,6110.0,625.0,5485.0
01/05/2023,AM-094    ,505,243.1,7674.0,1218.0,6456.0
01/05/2023,AM-095    ,386,231.7,7084.0,1370.0,5714.0
01/05/2023,AM-096    ,421,151.7,4972.0,1685.0,3287.0
01/05/2023,AM-097    ,437,212.4,4650.0,1621.0,3029.0
01/05/2023,AM-098    ,466,181.7,6269.0,1127.0,5142.0
01/05/2023,AM-099    ,390,187.8,5638.0,2604.0,3034.0
01/05/2023,AM-10     ,455,209.3,10912.0,2196.0,8716.0
01/05/2023,AM-100    ,431,152.8,5671.0,1160.0,4511.0
01/05/2023,AM-101    ,391,196.0,6790.0,2361.0,4429.0
01/05/2023,AM-102    ,220,136.5,5512.0,1365.0,4147.0
01/05/2023,AM-103    ,173,94.9,2541.0,342.0,2199.0
01/05/2023,AM-11     ,401,280.5,9560.0,1528.0,8032.0
01/05/2023,AM-12     ,433,176.0,6270.0,815.0,5455.0
01/05/2023,AM-13     ,576,207.3,10200.0,1828.0,8372.0
01/05/2023,AM-14     ,296,228.2,3976.0,879.0,3097.0
01/05/2023,AM-15     ,35,18.1,329.0,38.0,291.0
01/05/2023,AM-16     ,500,250.8,4892.0,492.0,4400.0
01/05/2023,AM-17     ,2402,1114.3,7266.0,325.0,6941.0
01/05/2023,AM-18     ,512,297.2,8658.0,1224.0,7434.0
01/05/2023,AM-19     ,669,264.4,13114.0,1826.0,11288.0
01/05/2023,AM-20     ,376,249.4,7988.0,1183.0,6805.0
01/05/2023,AM-21     ,435,276.5,8861.0,2316.0,6545.0
01/05/2023,AM-22     ,401,280.1,11440.0,2203.0,9237.0
01/05/2023,AM-23     ,531,163.1,7195.0,1405.0,5790.0
01/05/2023,AM-24     ,533,211.2,7677.0,1684.0,5993.0
01/05/2023,AM-25     ,539,188.3,8745.0,2319.0,6426.0
01/05/2023,AM-26     ,901,320.2,10753.0,771.0,9982.0
01/05/2023,AM-27     ,556,422.2,11606.0,1119.0,10487.0
01/05/2023,AM-28     ,632,257.4,9195.0,639.0,8556.0
01/05/2023,AM-29     ,463,253.2,9740.0,770.0,8970.0
01/05/2023,AM-30     ,476,252.0,6663.0,605.0,6058.0
01/05/2023,AM-31     ,529,323.9,8973.0,583.0,8390.0
01/05/2023,AM-32     ,691,357.0,8442.0,626.0,7816.0
01/05/2023,AM-33     ,454,220.4,6006.0,533.0,5473.0
01/05/2023,AM-34     ,30,15.4,569.0,39.0,530.0
01/05/2023,AM-36     ,8,4.3,123.0,24.0,99.0
01/05/2023,AM-37     ,939,570.7,6284.0,1059.0,5225.0
01/05/2023,AM-38     ,948,339.6,3638.0,421.0,3217.0
01/05/2023,AM-39     ,1191,644.9,3171.0,427.0,2744.0
01/05/2023,AM-40     ,1363,542.5,3988.0,833.0,3155.0
01/05/2023,AM-41     ,1552,623.5,6738.0,239.0,6499.0
01/05/2023,AM-42     ,1487,931.8,5711.0,348.0,5363.0
01/05/2023,AM-43     ,886,352.5,7059.0,134.0,6925.0
01/05/2023,AM-44     ,391,230.4,5544.0,549.0,4995.0
01/05/2023,AM-45     ,565,279.4,5401.0,426.0,4975.0
01/05/2023,AM-46     ,332,198.3,7073.0,879.0,6194.0
01/05/2023,AM-47     ,1542,1074.7,7270.0,410.0,6860.0
01/05/2023,AM-48     ,1659,1146.6,9339.0,361.0,8978.0
01/05/2023,AM-49     ,1040,493.6,4155.0,18.0,4137.0
01/05/2023,AM-50     ,1689,712.8,4997.0,19.0,4978.0
01/05/2023,AM-51     ,991,622.7,4945.0,25.0,4920.0
01/05/2023,AM-52     ,1776,1259.7,7801.0,23.0,7778.0
01/05/2023,AM-54     ,1058,549.9,4597.0,27.0,4570.0
01/05/2023,AM-56     ,12,5.6,172.0,13.0,159.0
01/05/2023,AM-58     ,15,6.5,300.0,0.0,300.0
01/05/2023,AM-61     ,15,6.5,170.0,1.0,169.0
01/05/2023,AM-62     ,25,12.0,523.0,133.0,390.0
01/05/2023,AM-63     ,28,16.6,123.0,0.0,123.0
01/05/2023,AM-64     ,585,243.1,7613.0,922.0,6691.0
01/05/2023,AM-65     ,588,348.2,6251.0,651.0,5600.0
01/05/2023,AM-66     ,636,377.2,6153.0,1135.0,5018.0
01/05/2023,AM-67     ,617,334.6,6944.0,781.0,6163.0
01/05/2023,TM-001    ,467,267.7,7692.0,77.0,7615.0
01/05/2023,TM-002    ,641,323.2,8909.0,108.0,8801.0
01/05/2023,TM-003    ,435,255.7,7629.0,43.0,7586.0
01/05/2023,TM-004    ,390,192.1,7976.0,87.0,7889.0
01/05/2023,TM-005    ,639,329.5,7635.0,41.0,7594.0
01/05/2023,TM-007    ,481,258.6,7167.0,34.0,7133.0
01/05/2023,TM-008    ,512,219.7,6925.0,40.0,6885.0
01/05/2023,TM-009    ,214,128.4,4735.0,34.0,4701.0
01/05/2023,TM-010    ,278,111.9,5190.0,10.0,5180.0
01/05/2023,TM-012    ,459,278.8,8336.0,60.0,8276.0
01/05/2023,TM-013    ,624,235.3,7771.0,47.0,7724.0
01/05/2023,TM-014    ,441,256.8,6222.0,53.0,6169.0
01/05/2023,TM-015    ,558,235.9,9259.0,40.0,9219.0
01/05/2023,TM-016    ,630,380.1,8878.0,86.0,8792.0
01/05/2023,TM-017    ,20,9.0,285.0,21.0,264.0
01/05/2023,TM-018    ,500,249.7,7389.0,47.0,7342.0
01/05/2023,TM-019    ,650,310.4,8595.0,62.0,8533.0
01/05/2023,TM-021    ,22,9.1,352.0,0.0,352.0
01/05/2023,TM-022    ,757,271.2,7034.0,30.0,7004.0
01/05/2023,TM-023    ,340,210.5,6050.0,14.0,6036.0
01/05/2023,TM-024    ,624,248.9,8446.0,45.0,8401.0
01/05/2023,TM-025    ,789,270.3,10912.0,42.0,10870.0
01/05/2023,TM-026    ,596,264.7,7565.0,67.0,7498.0
01/05/2023,TM-027    ,591,211.5,5434.0,62.0,5372.0
01/05/2023,TM-028    ,510,246.2,7128.0,58.0,7070.0
01/05/2023,TM-029    ,104,60.7,1499.0,13.0,1486.0
01/05/2023,TM-030    ,523,256.3,6369.0,43.0,6326.0
01/05/2023,TM-031    ,671,330.7,9728.0,46.0,9682.0
01/05/2023,TM-032    ,593,315.9,7533.0,42.0,7491.0
01/05/2023,TM-033    ,441,238.6,6383.0,65.0,6318.0
01/05/2023,TM-034    ,694,328.8,7565.0,59.0,7506.0
01/05/2023,TM-035    ,544,261.7,8821.0,43.0,8778.0
01/05/2023,TM-038    ,531,205.0,7352.0,49.0,7303.0
01/05/2023,TM-039    ,496,251.9,6884.0,37.0,6847.0
01/05/2023,TM-040    ,519,256.7,8756.0,79.0,8677.0
01/05/2023,TM-041    ,375,238.6,6324.0,82.0,6242.0
01/05/2023,TM-042    ,464,237.2,4756.0,50.0,4706.0
01/05/2023,TM-043    ,10,5.0,172.0,9.0,163.0
01/05/2023,TM-044    ,126,56.1,1912.0,27.0,1885.0
01/05/2023,TM-045    ,251,79.1,2403.0,15.0,2388.0
01/05/2023,TM-046    ,405,210.6,7056.0,466.0,6590.0
01/05/2023,TM-047    ,489,190.9,5971.0,224.0,5747.0
01/05/2023,TM-048    ,416,203.3,6793.0,208.0,6585.0
01/05/2023,TM-049    ,396,234.6,4435.0,138.0,4297.0
01/05/2023,TM-050    ,520,271.2,5607.0,172.0,5435.0
01/05/2023,TM-051    ,475,235.5,8066.0,160.0,7906.0
01/05/2023,TM-052    ,546,252.6,8024.0,117.0,7907.0
01/05/2023,TM-053    ,445,238.4,7740.0,245.0,7495.0
01/05/2023,TM-054    ,452,241.4,5373.0,310.0,5063.0
01/05/2023,TM-055    ,356,253.8,7339.0,149.0,7190.0
01/05/2023,TM-056    ,458,266.3,7818.0,194.0,7624.0
01/05/2023,TM-057    ,413,246.1,7164.0,176.0,6988.0
01/05/2023,TM-058    ,395,243.6,7312.0,114.0,7198.0
01/05/2023,TM-059    ,431,201.9,7244.0,269.0,6975.0
01/05/2023,TM-060    ,359,220.5,4830.0,206.0,4624.0
01/06/2023,AM-005    ,14,5.2,156.0,13.0,143.0
01/06/2023,AM-01     ,1170,632.6,4741.0,74.0,4667.0
01/06/2023,AM-02     ,2012,884.6,9720.0,127.0,9593.0
01/06/2023,AM-03     ,999,355.4,6095.0,379.0,5716.0
01/06/2023,AM-04     ,788,295.3,7403.0,249.0,7154.0
01/06/2023,AM-05     ,712,327.3,6472.0,513.0,5959.0
01/06/2023,AM-06     ,709,287.7,7630.0,564.0,7066.0
01/06/2023,AM-068    ,1206,395.9,4414.0,1058.0,3356.0
01/06/2023,AM-069    ,1084,467.4,6042.0,1147.0,4895.0
01/06/2023,AM-07     ,593,324.8,5628.0,553.0,5075.0
01/06/2023,AM-070    ,1189,497.4,6445.0,680.0,5765.0
01/06/2023,AM-071    ,1358,719.9,6081.0,700.0,5381.0
01/06/2023,AM-072    ,1257,494.4,6265.0,679.0,5586.0
01/06/2023,AM-073    ,1377,668.9,5943.0,625.0,5318.0
01/06/2023,AM-074    ,967,455.1,6195.0,1081.0,5114.0
01/06/2023,AM-075    ,597,409.1,9243.0,1338.0,7905.0
01/06/2023,AM-076    ,570,361.0,5871.0,1463.0,4408.0
01/06/2023,AM-077    ,826,312.5,6186.0,863.0,5323.0
01/06/2023,AM-078    ,584,343.8,7309.0,762.0,6547.0
01/06/2023,AM-079    ,575,361.0,6165.0,518.0,5647.0
01/06/2023,AM-08     ,419,311.4,2356.0,106.0,2250.0
01/06/2023,AM-080    ,818,373.7,7502.0,569.0,6933.0
01/06/2023,AM-081    ,837,432.7,7011.0,787.0,6224.0
01/06/2023,AM-082    ,720,401.1,5538.0,299.0,5239.0
01/06/2023,AM-083    ,901,416.3,7597.0,155.0,7442.0
01/06/2023,AM-084    ,646,377.3,6828.0,231.0,6597.0
01/06/2023,AM-085    ,843,461.0,8014.0,283.0,7731.0
01/06/2023,AM-086    ,827,518.1,6258.0,275.0,5983.0
01/06/2023,AM-087    ,740,349.3,8182.0,271.0,7911.0
01/06/2023,AM-088    ,1111,697.1,6287.0,265.0,6022.0
01/06/2023,AM-089    ,1616,561.7,5675.0,261.0,5414.0
01/06/2023,AM-09     ,397,254.2,8744.0,2487.0,6257.0
01/06/2023,AM-090    ,1446,957.1,4744.0,247.0,4497.0
01/06/2023,AM-091    ,1791,904.8,8046.0,261.0,7785.0
01/06/2023,AM-092    ,1356,771.0,6895.0,332.0,6563.0
01/06/2023,AM-093    ,886,300.4,7879.0,1110.0,6769.0
01/06/2023,AM-094    ,494,237.8,8538.0,1365.0,7173.0
01/06/2023,AM-095    ,439,187.4,6479.0,1567.0,4912.0
01/06/2023,AM-096    ,405,166.8,5521.0,1222.0,4299.0
01/06/2023,AM-097    ,290,163.9,5125.0,1255.0,3870.0
01/06/2023,AM-098    ,407,255.6,8145.0,1846.0,6299.0
01/06/2023,AM-099    ,345,223.3,6785.0,1563.0,5222.0
01/06/2023,AM-10     ,581,223.6,11536.0,2481.0,9055.0
01/06/2023,AM-100    ,405,180.3,6019.0,2759.0,3260.0
01/06/2023,AM-101    ,331,113.3,6240.0,1053.0,5187.0
01/06/2023,AM-102    ,152,61.2,3220.0,602.0,2618.0
01/06/2023,AM-103    ,211,72.6,2294.0,595.0,1699.0
01/06/2023,AM-11     ,467,344.6,11064.0,1723.0,9341.0
01/06/2023,AM-12     ,422,336.8,6750.0,937.0,5813.0
01/06/2023,AM-13     ,408,202.8,5932.0,1502.0,4430.0
01/06/2023,AM-14     ,621,280.4,5661.0,385.0,5276.0
01/06/2023,AM-15     ,10,4.4,123.0,1.0,122.0
01/06/2023,AM-16     ,623,296.8,5425.0,489.0,4936.0
01/06/2023,AM-17     ,2079,892.6,6136.0,217.0,5919.0
01/06/2023,AM-18     ,486,208.3,8915.0,2527.0,6388.0
01/06/2023,AM-19     ,455,256.7,8304.0,1613.0,6691.0
01/06/2023,AM-20     ,328,191.4,8719.0,1016.0,7703.0
01/06/2023,AM-21     ,428,337.9,9453.0,1109.0,8344.0
01/06/2023,AM-22     ,476,250.2,7217.0,934.0,6283.0
01/06/2023,AM-23     ,361,180.1,6259.0,1003.0,5256.0
01/06/2023,AM-24     ,498,243.9,7192.0,1925.0,5267.0
01/06/2023,AM-25     ,316,220.8,5721.0,1698.0,4023.0
01/06/2023,AM-26     ,459,269.5,6593.0,725.0,5868.0
01/06/2023,AM-27     ,667,314.6,7369.0,629.0,6740.0
01/06/2023,AM-28     ,595,417.2,9341.0,643.0,8698.0
01/06/2023,AM-29     ,397,213.5,6933.0,638.0,6295.0
01/06/2023,AM-30     ,526,182.4,5799.0,693.0,5106.0
01/06/2023,AM-31     ,471,285.3,9419.0,734.0,8685.0
01/06/2023,AM-32     ,572,312.4,6291.0,621.0,5670.0
01/06/2023,AM-33     ,495,315.8,9569.0,1009.0,8560.0
01/06/2023,AM-34     ,21,15.1,307.0,24.0,283.0
01/06/2023,AM-36     ,196,106.2,2181.0,395.0,1786.0
01/06/2023,AM-37     ,1098,381.6,5850.0,502.0,5348.0
01/06/2023,AM-38     ,959,529.5,4203.0,665.0,3538.0
01/06/2023,AM-39     ,1237,626.0,4614.0,691.0,3923.0
01/06/2023,AM-40     ,846,414.7,4179.0,823.0,3356.0
01/06/2023,AM-41     ,1582,582.1,6165.0,245.0,5920.0
01/06/2023,AM-42     ,1266,551.2,5821.0,255.0,5566.0
01/06/2023,AM-43     ,846,406.7,4786.0,481.0,4305.0
01/06/2023,AM-44     ,474,273.9,2631.0,217.0,2414.0
01/06/2023,AM-45     ,856,382.6,5488.0,486.0,5002.0
01/06/2023,AM-46     ,499,328.2,8905.0,2062.0,6843.0
01/06/2023,AM-47     ,1392,694.4,5488.0,216.0,5272.0
01/06/2023,AM-48     ,1310,1036.3,6655.0,297.0,6358.0
01/06/2023,AM-49     ,1617,804.1,6208.0,30.0,6178.0
01/06/2023,AM-50     ,1453,650.9,4791.0,25.0,4766.0
01/06/2023,AM-51     ,1449,787.8,4587.0,29.0,4558.0
01/06/2023,AM-52     ,1492,769.3,6887.0,16.0,6871.0
01/06/2023,AM-54     ,716,463.5,2921.0,22.0,2899.0
01/06/2023,AM-56     ,9,7.1,181.0,12.0,169.0
01/06/2023,AM-61     ,121,55.3,911.0,64.0,847.0
01/06/2023,AM-62     ,100,47.5,1416.0,129.0,1287.0
01/06/2023,AM-64     ,740,246.2,4888.0,595.0,4293.0
01/06/2023,AM-65     ,546,314.4,5973.0,742.0,5231.0
01/06/2023,AM-66     ,562,247.0,4668.0,684.0,3984.0
01/06/2023,AM-67     ,727,382.2,8552.0,910.0,7642.0
01/06/2023,TM-001    ,570,354.0,11270.0,120.0,11150.0
01/06/2023,TM-002    ,765,392.9,8192.0,102.0,8090.0
01/06/2023,TM-003    ,1,0.4,0.0,0.0,0.0
01/06/2023,TM-005    ,559,270.7,7976.0,39.0,7937.0
01/06/2023,TM-006    ,37,20.1,412.0,11.0,401.0
01/06/2023,TM-007    ,551,354.8,7630.0,60.0,7570.0
01/06/2023,TM-008    ,470,215.2,5818.0,33.0,5785.0
01/06/2023,TM-009    ,632,202.8,7111.0,120.0,6991.0
01/06/2023,TM-010    ,402,202.7,9270.0,31.0,9239.0
01/06/2023,TM-012    ,652,312.9,10316.0,55.0,10261.0
01/06/2023,TM-013    ,602,290.7,6425.0,58.0,6367.0
01/06/2023,TM-014    ,497,291.0,5810.0,26.0,5784.0
01/06/2023,TM-015    ,774,295.1,8557.0,22.0,8535.0
01/06/2023,TM-016    ,569,287.6,10349.0,55.0,10294.0
01/06/2023,TM-017    ,24,13.8,406.0,1.0,405.0
01/06/2023,TM-018    ,415,305.8,7777.0,74.0,7703.0
01/06/2023,TM-019    ,587,368.0,9127.0,113.0,9014.0
01/06/2023,TM-020    ,6,4.0,77.0,0.0,77.0
01/06/2023,TM-021    ,8,4.3,142.0,0.0,142.0
01/06/2023,TM-022    ,698,319.2,10857.0,85.0,10772.0
01/06/2023,TM-023    ,738,357.0,6969.0,57.0,6912.0
01/06/2023,TM-024    ,419,247.3,7324.0,33.0,7291.0
01/06/2023,TM-025    ,404,185.4,5654.0,31.0,5623.0
01/06/2023,TM-026    ,665,228.8,8119.0,56.0,8063.0
01/06/2023,TM-027    ,469,225.4,9097.0,72.0,9025.0
01/06/2023,TM-028    ,436,303.3,8243.0,35.0,8208.0
01/06/2023,TM-030    ,434,210.2,8991.0,31.0,8960.0
01/06/2023,TM-031    ,496,206.2,6506.0,34.0,6472.0
01/06/2023,TM-032    ,469,255.3,8344.0,66.0,8278.0
01/06/2023,TM-033    ,244,102.0,2158.0,9.0,2149.0
01/06/2023,TM-034    ,579,282.3,9927.0,29.0,9898.0
01/06/2023,TM-035    ,383,208.2,4901.0,30.0,4871.0
01/06/2023,TM-037    ,15,6.6,261.0,1.0,260.0
01/06/2023,TM-038    ,571,235.1,7416.0,39.0,7377.0
01/06/2023,TM-039    ,197,91.0,2019.0,13.0,2006.0
01/06/2023,TM-040    ,682,278.3,7300.0,44.0,7256.0
01/06/2023,TM-041    ,639,254.6,10311.0,42.0,10269.0
01/06/2023,TM-042    ,379,143.0,4755.0,86.0,4669.0
01/06/2023,TM-044    ,103,51.5,994.0,4.0,990.0
01/06/2023,TM-045    ,231,109.0,2295.0,24.0,2271.0
01/06/2023,TM-046    ,545,195.8,6387.0,235.0,6152.0
01/06/2023,TM-047    ,405,203.8,5763.0,244.0,5519.0
01/06/2023,TM-048    ,405,332.3,7860.0,279.0,7581.0
01/06/2023,TM-049    ,426,271.0,6240.0,246.0,5994.0
01/06/2023,TM-050    ,433,191.7,5814.0,169.0,5645.0
01/06/2023,TM-051    ,549,315.9,6865.0,232.0,6633.0
01/06/2023,TM-052    ,484,287.1,7100.0,267.0,6833.0
01/06/2023,TM-053    ,537,256.5,6846.0,180.0,6666.0
01/06/2023,TM-054    ,450,185.9,4275.0,196.0,4079.0
01/06/2023,TM-055    ,612,245.1,6933.0,254.0,6679.0
01/06/2023,TM-056    ,360,150.0,5242.0,165.0,5077.0
01/06/2023,TM-057    ,549,303.9,6359.0,184.0,6175.0
01/06/2023,TM-058    ,473,280.8,8151.0,248.0,7903.0
01/06/2023,TM-059    ,445,224.0,7982.0,180.0,7802.0
01/06/2023,TM-060    ,472,338.7,8723.0,88.0,8635.0
01/07/2023,AM-001    ,66,43.5,273.0,3.0,270.0
01/07/2023,AM-002    ,60,38.6,252.0,4.0,248.0
01/07/2023,AM-01     ,1862,948.4,6238.0,105.0,6133.0
01/07/2023,AM-02     ,1277,984.8,7382.0,108.0,7274.0
01/07/2023,AM-03     ,932,363.8,7372.0,465.0,6907.0
01/07/2023,AM-04     ,914,527.0,7390.0,435.0,6955.0
01/07/2023,AM-05     ,656,426.3,7531.0,331.0,7200.0
01/07/2023,AM-06     ,728,316.3,5342.0,276.0,5066.0
01/07/2023,AM-068    ,1003,445.2,6939.0,946.0,5993.0
01/07/2023,AM-069    ,1205,712.8,4284.0,1358.0,2926.0
01/07/2023,AM-07     ,762,353.8,8900.0,520.0,8380.0
01/07/2023,AM-070    ,1064,757.5,5366.0,627.0,4739.0
01/07/2023,AM-071    ,1029,478.7,6646.0,794.0,5852.0
01/07/2023,AM-072    ,1218,452.5,4532.0,584.0,3948.0
01/07/2023,AM-073    ,1688,690.5,6971.0,656.0,6315.0
01/07/2023,AM-074    ,1196,563.8,7006.0,607.0,6399.0
01/07/2023,AM-075    ,799,392.0,9514.0,950.0,8564.0
01/07/2023,AM-076    ,724,346.5,9338.0,1461.0,7877.0
01/07/2023,AM-077    ,835,270.9,6262.0,902.0,5360.0
01/07/2023,AM-078    ,851,304.7,8481.0,1019.0,7462.0
01/07/2023,AM-079    ,727,332.3,7571.0,850.0,6721.0
01/07/2023,AM-08     ,847,330.8,2889.0,189.0,2700.0
01/07/2023,AM-080    ,860,410.9,5857.0,495.0,5362.0
01/07/2023,AM-081    ,785,396.1,9970.0,702.0,9268.0
01/07/2023,AM-082    ,691,301.2,7714.0,487.0,7227.0
01/07/2023,AM-083    ,545,358.2,5638.0,190.0,5448.0
01/07/2023,AM-084    ,966,330.1,6301.0,221.0,6080.0
01/07/2023,AM-085    ,1008,356.7,6728.0,494.0,6234.0
01/07/2023,AM-086    ,747,404.9,7629.0,298.0,7331.0
01/07/2023,AM-087    ,1072,608.8,7350.0,338.0,7012.0
01/07/2023,AM-088    ,1196,738.3,7467.0,200.0,7267.0
01/07/2023,AM-089    ,1093,785.1,5516.0,269.0,5247.0
01/07/2023,AM-09     ,619,228.8,8341.0,1865.0,6476.0
01/07/2023,AM-090    ,1248,645.2,4847.0,264.0,4583.0
01/07/2023,AM-091    ,1272,831.4,7931.0,240.0,7691.0
01/07/2023,AM-092    ,1808,958.7,6439.0,590.0,5849.0
01/07/2023,AM-093    ,1252,696.9,8687.0,979.0,7708.0
01/07/2023,AM-094    ,537,285.9,6957.0,1284.0,5673.0
01/07/2023,AM-095    ,533,191.3,7229.0,1409.0,5820.0
01/07/2023,AM-096    ,413,222.7,5630.0,1729.0,3901.0
01/07/2023,AM-097    ,297,215.7,6411.0,1368.0,5043.0
01/07/2023,AM-098    ,284,199.4,6788.0,1575.0,5213.0
01/07/2023,AM-099    ,313,165.0,4801.0,1831.0,2970.0
01/07/2023,AM-10     ,472,322.7,9026.0,2001.0,7025.0
01/07/2023,AM-100    ,382,157.4,5900.0,1784.0,4116.0
01/07/2023,AM-101    ,301,156.9,3813.0,1166.0,2647.0
01/07/2023,AM-102    ,278,138.2,4380.0,1225.0,3155.0
01/07/2023,AM-103    ,219,146.1,3254.0,715.0,2539.0
01/07/2023,AM-11     ,405,148.4,6678.0,1054.0,5624.0
01/07/2023,AM-12     ,430,188.7,5656.0,892.0,4764.0
01/07/2023,AM-13     ,239,132.6,3505.0,866.0,2639.0
01/07/2023,AM-14     ,315,198.7,4827.0,609.0,4218.0
01/07/2023,AM-15     ,82,63.0,767.0,94.0,673.0
01/07/2023,AM-16     ,539,196.8,4978.0,780.0,4198.0
01/07/2023,AM-17     ,1510,677.6,7442.0,488.0,6954.0
01/07/2023,AM-18     ,425,277.0,9395.0,1705.0,7690.0
01/07/2023,AM-19     ,563,212.5,8213.0,1819.0,6394.0
01/07/2023,AM-20     ,427,221.7,9486.0,1134.0,8352.0
01/07/2023,AM-21     ,446,202.4,8244.0,1506.0,6738.0
01/07/2023,AM-22     ,462,263.7,7808.0,2005.0,5803.0
01/07/2023,AM-23     ,642,229.2,10448.0,1561.0,8887.0
01/07/2023,AM-24     ,809,411.3,8524.0,1442.0,7082.0
01/07/2023,AM-25     ,467,229.8,8256.0,1329.0,6927.0
01/07/2023,AM-26     ,516,337.2,7311.0,651.0,6660.0
01/07/2023,AM-27     ,635,335.5,10795.0,543.0,10252.0
01/07/2023,AM-28     ,714,274.7,9707.0,575.0,9132.0
01/07/2023,AM-29     ,431,193.7,6832.0,396.0,6436.0
01/07/2023,AM-30     ,621,273.3,8875.0,852.0,8023.0
01/07/2023,AM-31     ,387,247.9,6201.0,668.0,5533.0
01/07/2023,AM-32     ,613,250.3,8328.0,932.0,7396.0
01/07/2023,AM-33     ,574,273.8,6334.0,471.0,5863.0
01/07/2023,AM-34     ,21,9.4,332.0,59.0,273.0
01/07/2023,AM-36     ,388,200.2,5071.0,497.0,4574.0
01/07/2023,AM-37     ,992,441.8,5509.0,755.0,4754.0
01/07/2023,AM-38     ,1072,528.3,4084.0,748.0,3336.0
01/07/2023,AM-39     ,1143,601.9,3934.0,866.0,3068.0
01/07/2023,AM-40     ,980,416.1,5600.0,591.0,5009.0
01/07/2023,AM-41     ,1783,753.3,8282.0,269.0,8013.0
01/07/2023,AM-42     ,1654,1127.9,6763.0,348.0,6415.0
01/07/2023,AM-43     ,771,243.7,4831.0,452.0,4379.0
01/07/2023,AM-44     ,13,9.9,302.0,24.0,278.0
01/07/2023,AM-45     ,647,200.1,5724.0,491.0,5233.0
01/07/2023,AM-46     ,586,318.7,7344.0,1388.0,5956.0
01/07/2023,AM-47     ,1932,859.4,7864.0,358.0,7506.0
01/07/2023,AM-48     ,1132,900.4,7147.0,359.0,6788.0
01/07/2023,AM-49     ,1474,677.7,5307.0,23.0,5284.0
01/07/2023,AM-50     ,1138,642.5,5315.0,22.0,5293.0
01/07/2023,AM-51     ,1214,577.5,5332.0,19.0,5313.0
01/07/2023,AM-52     ,1801,727.4,6836.0,48.0,6788.0
01/07/2023,AM-54     ,1134,521.8,4230.0,25.0,4205.0
01/07/2023,AM-55     ,18,8.6,68.0,0.0,68.0
01/07/2023,AM-56     ,70,38.2,996.0,133.0,863.0
01/07/2023,AM-57     ,13,7.7,173.0,8.0,165.0
01/07/2023,AM-58     ,29,17.8,408.0,43.0,365.0
01/07/2023,AM-59     ,11,6.8,188.0,13.0,175.0
01/07/2023,AM-60     ,27,16.1,233.0,21.0,212.0
01/07/2023,AM-61     ,22,11.1,234.0,20.0,214.0
01/07/2023,AM-62     ,21,8.7,333.0,30.0,303.0
01/07/2023,AM-63     ,43,32.2,660.0,120.0,540.0
01/07/2023,AM-64     ,577,365.1,5058.0,942.0,4116.0
01/07/2023,AM-65     ,642,267.7,6289.0,576.0,5713.0
01/07/2023,AM-66     ,645,360.1,5710.0,643.0,5067.0
01/07/2023,AM-67     ,730,246.1,7626.0,675.0,6951.0
01/07/2023,TM-001    ,678,342.3,10210.0,93.0,10117.0
01/07/2023,TM-002    ,593,235.3,8139.0,56.0,8083.0
01/07/2023,TM-003    ,496,208.1,6450.0,76.0,6374.0
01/07/2023,TM-005    ,494,267.5,6656.0,65.0,6591.0
01/07/2023,TM-006    ,22,14.5,435.0,1.0,434.0
01/07/2023,TM-007    ,591,375.0,9227.0,106.0,9121.0
01/07/2023,TM-008    ,542,350.7,9018.0,109.0,8909.0
01/07/2023,TM-009    ,640,285.1,7581.0,86.0,7495.0
01/07/2023,TM-010    ,625,225.9,7971.0,72.0,7899.0
01/07/2023,TM-011    ,27,19.7,379.0,2.0,377.0
01/07/2023,TM-012    ,535,291.7,8687.0,41.0,8646.0
01/07/2023,TM-013    ,510,295.6,8523.0,28.0,8495.0
01/07/2023,TM-014    ,483,263.7,10322.0,43.0,10279.0
01/07/2023,TM-015    ,659,283.3,8784.0,37.0,8747.0
01/07/2023,TM-016    ,446,265.7,7959.0,88.0,7871.0
01/07/2023,TM-018    ,566,332.9,7544.0,82.0,7462.0
01/07/2023,TM-019    ,525,321.9,10890.0,98.0,10792.0
01/07/2023,TM-020    ,19,9.5,147.0,2.0,145.0
01/07/2023,TM-021    ,1,0.5,15.0,0.0,15.0
01/07/2023,TM-022    ,520,261.2,10649.0,65.0,10584.0
01/07/2023,TM-023    ,195,114.6,3002.0,33.0,2969.0
01/07/2023,TM-024    ,708,326.6,9395.0,51.0,9344.0
01/07/2023,TM-025    ,640,222.3,6458.0,30.0,6428.0
01/07/2023,TM-026    ,416,256.9,8160.0,40.0,8120.0
01/07/2023,TM-027    ,614,239.2,6317.0,116.0,6201.0
01/07/2023,TM-028    ,702,338.2,7265.0,87.0,7178.0
01/07/2023,TM-029    ,198,80.1,1986.0,34.0,1952.0
01/07/2023,TM-030    ,625,325.6,7044.0,31.0,7013.0
01/07/2023,TM-031    ,560,209.8,9405.0,19.0,9386.0
01/07/2023,TM-032    ,546,272.1,8810.0,25.0,8785.0
01/07/2023,TM-033    ,578,318.5,7961.0,47.0,7914.0
01/07/2023,TM-034    ,670,380.9,11847.0,120.0,11727.0
01/07/2023,TM-035    ,351,133.6,4094.0,12.0,4082.0
01/07/2023,TM-037    ,8,3.6,73.0,1.0,72.0
01/07/2023,TM-038    ,530,217.3,7288.0,18.0,7270.0
01/07/2023,TM-039    ,327,151.1,4100.0,58.0,4042.0
01/07/2023,TM-040    ,413,283.3,7233.0,16.0,7217.0
01/07/2023,TM-041    ,469,226.1,4592.0,19.0,4573.0
01/07/2023,TM-042    ,248,122.1,3433.0,64.0,3369.0
01/07/2023,TM-045    ,9,4.6,100.0,0.0,100.0
01/07/2023,TM-046    ,398,199.5,5308.0,408.0,4900.0
01/07/2023,TM-047    ,491,212.3,6625.0,221.0,6404.0
01/07/2023,TM-048    ,654,279.7,7216.0,185.0,7031.0
01/07/2023,TM-049    ,440,308.4,6731.0,187.0,6544.0
01/07/2023,TM-050    ,415,202.9,4713.0,86.0,4627.0
01/07/2023,TM-051    ,533,279.1,9728.0,209.0,9519.0
01/07/2023,TM-052    ,403,214.7,7082.0,138.0,6944.0
01/07/2023,TM-053    ,380,255.2,6338.0,169.0,6169.0
01/07/2023,TM-054    ,476,221.3,8326.0,263.0,8063.0
01/07/2023,TM-055    ,224,112.2,4420.0,163.0,4257.0
01/07/2023,TM-056    ,373,299.7,6430.0,225.0,6205.0
01/07/2023,TM-057    ,485,323.2,7610.0,293.0,7317.0
01/07/2023,TM-058    ,405,245.2,9670.0,63.0,9607.0
01/07/2023,TM-059    ,672,266.1,8366.0,150.0,8216.0
01/07/2023,TM-060    ,688,267.2,6933.0,162.0,6771.0
01/08/2023,AM-01     ,1823,793.2,9756.0,216.0,9540.0
01/08/2023,AM-02     ,2139,1179.8,7467.0,130.0,7337.0
01/08/2023,AM-03     ,540,278.5,4986.0,228.0,4758.0
01/08/2023,AM-04     ,776,424.6,5456.0,366.0,5090.0
01/08/2023,AM-05     ,876,321.0,6354.0,569.0,5785.0
01/08/2023,AM-06     ,1031,431.6,5985.0,458.0,5527.0
01/08/2023,AM-068    ,1039,416.8,6692.0,656.0,6036.0
01/08/2023,AM-069    ,1252,621.0,4776.0,1178.0,3598.0
01/08/2023,AM-07     ,771,454.2,6604.0,590.0,6014.0
01/08/2023,AM-070    ,1604,684.4,4688.0,880.0,3808.0
01/08/2023,AM-071    ,906,460.9,5544.0,612.0,4932.0
01/08/2023,AM-072    ,1184,481.7,6518.0,595.0,5923.0
01/08/2023,AM-073    ,1208,440.4,5569.0,931.0,4638.0
01/08/2023,AM-074    ,1764,720.9,6414.0,709.0,5705.0
01/08/2023,AM-075    ,656,430.8,7927.0,1403.0,6524.0
01/08/2023,AM-076    ,901,381.7,8562.0,1926.0,6636.0
01/08/2023,AM-077    ,611,383.9,6805.0,722.0,6083.0
01/08/2023,AM-078    ,780,376.5,7162.0,926.0,6236.0
01/08/2023,AM-079    ,616,316.9,7080.0,593.0,6487.0
01/08/2023,AM-08     ,1596,770.2,6946.0,435.0,6511.0
01/08/2023,AM-080    ,700,279.9,8969.0,595.0,8374.0
01/08/2023,AM-081    ,695,425.8,6004.0,865.0,5139.0
01/08/2023,AM-082    ,590,376.2,6333.0,469.0,5864.0
01/08/2023,AM-083    ,668,337.3,8360.0,290.0,8070.0
01/08/2023,AM-084    ,801,350.1,8720.0,215.0,8505.0
01/08/2023,AM-085    ,994,522.7,6156.0,426.0,5730.0
01/08/2023,AM-086    ,1224,572.5,10225.0,423.0,9802.0
01/08/2023,AM-087    ,703,479.4,8003.0,227.0,7776.0
01/08/2023,AM-088    ,1049,528.2,6359.0,344.0,6015.0
01/08/2023,AM-089    ,980,539.6,5993.0,293.0,5700.0
01/08/2023,AM-09     ,358,292.6,8065.0,1441.0,6624.0
01/08/2023,AM-090    ,1394,740.9,4962.0,328.0,4634.0
01/08/2023,AM-091    ,1720,736.9,5550.0,307.0,5243.0
01/08/2023,AM-092    ,1587,1119.8,6817.0,236.0,6581.0
01/08/2023,AM-093    ,1175,765.2,8326.0,567.0,7759.0
01/08/2023,AM-094    ,632,372.9,6466.0,624.0,5842.0
01/08/2023,AM-095    ,679,280.3,6332.0,880.0,5452.0
01/08/2023,AM-096    ,499,169.9,5834.0,1196.0,4638.0
01/08/2023,AM-097    ,298,147.0,6281.0,1179.0,5102.0
01/08/2023,AM-098    ,301,193.4,6275.0,1235.0,5040.0
01/08/2023,AM-099    ,387,144.5,4940.0,1286.0,3654.0
01/08/2023,AM-10     ,672,321.3,11260.0,1789.0,9471.0
01/08/2023,AM-100    ,363,235.8,6239.0,2543.0,3696.0
01/08/2023,AM-101    ,267,135.6,7441.0,2497.0,4944.0
01/08/2023,AM-102    ,271,173.6,5142.0,1894.0,3248.0
01/08/2023,AM-103    ,346,192.2,4934.0,1411.0,3523.0
01/08/2023,AM-11     ,221,133.3,4364.0,926.0,3438.0
01/08/2023,AM-12     ,323,239.0,7671.0,797.0,6874.0
01/08/2023,AM-13     ,379,168.3,6300.0,989.0,5311.0
01/08/2023,AM-14     ,303,195.9,5908.0,800.0,5108.0
01/08/2023,AM-16     ,405,185.4,3421.0,442.0,2979.0
01/08/2023,AM-17     ,453,309.9,6094.0,1167.0,4927.0
01/08/2023,AM-18     ,352,208.8,8105.0,1408.0,6697.0
01/08/2023,AM-19     ,553,321.1,10283.0,1380.0,8903.0
01/08/2023,AM-20     ,475,221.6,8826.0,1211.0,7615.0
01/08/2023,AM-21     ,622,313.0,11407.0,1806.0,9601.0
01/08/2023,AM-22     ,442,234.4,8954.0,1553.0,7401.0
01/08/2023,AM-23     ,391,216.5,8684.0,2341.0,6343.0
01/08/2023,AM-24     ,563,269.5,12330.0,1989.0,10341.0
01/08/2023,AM-25     ,388,194.1,6172.0,1404.0,4768.0
01/08/2023,AM-26     ,747,275.4,10197.0,876.0,9321.0
01/08/2023,AM-27     ,591,254.1,10521.0,891.0,9630.0
01/08/2023,AM-28     ,539,212.2,7342.0,885.0,6457.0
01/08/2023,AM-29     ,524,312.3,10296.0,751.0,9545.0
01/08/2023,AM-30     ,637,373.9,8414.0,751.0,7663.0
01/08/2023,AM-31     ,650,293.5,6465.0,459.0,6006.0
01/08/2023,AM-32     ,793,275.6,10211.0,603.0,9608.0
01/08/2023,AM-33     ,551,375.8,7714.0,729.0,6985.0
01/08/2023,AM-34     ,31,18.9,161.0,2.0,159.0
01/08/2023,AM-36     ,534,283.6,6041.0,687.0,5354.0
01/08/2023,AM-37     ,1086,485.0,3573.0,463.0,3110.0
01/08/2023,AM-38     ,832,436.8,4943.0,716.0,4227.0
01/08/2023,AM-39     ,863,436.7,4457.0,542.0,3915.0
01/08/2023,AM-40     ,969,566.7,4357.0,794.0,3563.0
01/08/2023,AM-41     ,2142,690.4,6897.0,276.0,6621.0
01/08/2023,AM-42     ,1438,687.8,6871.0,427.0,6444.0
01/08/2023,AM-43     ,507,241.6,4235.0,483.0,3752.0
01/08/2023,AM-44     ,211,81.9,1298.0,186.0,1112.0
01/08/2023,AM-45     ,341,211.8,5147.0,449.0,4698.0
01/08/2023,AM-46     ,516,257.4,8698.0,1944.0,6754.0
01/08/2023,AM-47     ,1484,625.7,5580.0,254.0,5326.0
01/08/2023,AM-48     ,1627,963.9,8319.0,242.0,8077.0
01/08/2023,AM-49     ,1468,812.3,6932.0,21.0,6911.0
01/08/2023,AM-50     ,1419,627.2,4238.0,20.0,4218.0
01/08/2023,AM-51     ,1245,567.2,5764.0,29.0,5735.0
01/08/2023,AM-52     ,1774,675.2,6920.0,22.0,6898.0
01/08/2023,AM-53     ,44,18.0,124.0,0.0,124.0
01/08/2023,AM-54     ,973,356.0,4795.0,92.0,4703.0
01/08/2023,AM-56     ,63,35.7,365.0,18.0,347.0
01/08/2023,AM-57     ,34,21.8,381.0,49.0,332.0
01/08/2023,AM-58     ,14,8.2,147.0,12.0,135.0
01/08/2023,AM-59     ,17,7.8,388.0,63.0,325.0
01/08/2023,AM-62     ,10,4.6,210.0,30.0,180.0
01/08/2023,AM-63     ,10,4.8,136.0,56.0,80.0
01/08/2023,AM-64     ,522,396.0,5441.0,995.0,4446.0
01/08/2023,AM-65     ,507,372.3,8524.0,740.0,7784.0
01/08/2023,AM-66     ,610,331.1,5686.0,811.0,4875.0
01/08/2023,AM-67     ,698,295.6,6017.0,617.0,5400.0
01/08/2023,TM-001    ,375,206.6,7240.0,92.0,7148.0
01/08/2023,TM-002    ,711,395.0,9175.0,161.0,9014.0
01/08/2023,TM-003    ,581,254.0,8104.0,75.0,8029.0
01/08/2023,TM-005    ,680,354.5,8137.0,42.0,8095.0
01/08/2023,TM-006    ,12,5.4,133.0,1.0,132.0
01/08/2023,TM-007    ,531,322.3,8405.0,55.0,8350.0
01/08/2023,TM-008    ,438,194.6,8898.0,27.0,8871.0
01/08/2023,TM-009    ,571,314.3,7813.0,59.0,7754.0
01/08/2023,TM-010    ,502,286.3,9078.0,44.0,9034.0
01/08/2023,TM-011    ,53,19.7,552.0,14.0,538.0
01/08/2023,TM-012    ,693,264.9,8270.0,16.0,8254.0
01/08/2023,TM-013    ,721,396.8,10820.0,25.0,10795.0
01/08/2023,TM-014    ,676,298.3,7357.0,63.0,7294.0
01/08/2023,TM-015    ,520,262.1,8346.0,104.0,8242.0
01/08/2023,TM-016    ,427,202.5,6142.0,19.0,6123.0
01/08/2023,TM-018    ,618,305.5,6464.0,65.0,6399.0
01/08/2023,TM-019    ,596,353.0,9448.0,84.0,9364.0
01/08/2023,TM-021    ,13,6.3,209.0,0.0,209.0
01/08/2023,TM-022    ,468,265.9,6207.0,31.0,6176.0
01/08/2023,TM-023    ,270,164.9,6016.0,31.0,5985.0
01/08/2023,TM-024    ,730,306.7,7313.0,35.0,7278.0
01/08/2023,TM-025    ,451,236.2,6380.0,104.0,6276.0
01/08/2023,TM-026    ,628,308.2,6210.0,31.0,6179.0
01/08/2023,TM-027    ,648,273.1,6356.0,26.0,6330.0
01/08/2023,TM-028    ,461,182.0,4640.0,24.0,4616.0
01/08/2023,TM-029    ,692,312.4,10797.0,61.0,10736.0
01/08/2023,TM-030    ,324,179.8,4555.0,40.0,4515.0
01/08/2023,TM-031    ,644,226.0,7506.0,36.0,7470.0
01/08/2023,TM-032    ,299,149.7,5968.0,26.0,5942.0
01/08/2023,TM-033    ,494,273.5,6847.0,38.0,6809.0
01/08/2023,TM-034    ,489,209.2,5614.0,148.0,5466.0
01/08/2023,TM-035    ,454,272.2,6192.0,51.0,6141.0
01/08/2023,TM-036    ,3,1.2,37.0,9.0,28.0
01/08/2023,TM-038    ,501,309.4,7961.0,38.0,7923.0
01/08/2023,TM-039    ,622,236.4,7878.0,38.0,7840.0
01/08/2023,TM-040    ,705,226.9,8811.0,48.0,8763.0
01/08/2023,TM-041    ,406,286.0,7462.0,159.0,7303.0
01/08/2023,TM-042    ,414,176.9,5572.0,50.0,5522.0
01/08/2023,TM-046    ,541,228.7,7875.0,315.0,7560.0
01/08/2023,TM-047    ,657,245.2,7013.0,311.0,6702.0
01/08/2023,TM-048    ,481,247.7,5431.0,179.0,5252.0
01/08/2023,TM-049    ,539,237.6,7093.0,134.0,6959.0
01/08/2023,TM-050    ,407,334.5,6528.0,170.0,6358.0
01/08/2023,TM-051    ,626,335.2,6243.0,237.0,6006.0
01/08/2023,TM-052    ,372,257.8,7034.0,149.0,6885.0
01/08/2023,TM-053    ,572,232.7,6278.0,267.0,6011.0
01/08/2023,TM-054    ,616,245.9,8110.0,268.0,7842.0
01/08/2023,TM-055    ,334,203.0,4885.0,101.0,4784.0
01/08/2023,TM-056    ,437,204.6,9199.0,229.0,8970.0
01/08/2023,TM-057    ,589,237.7,8434.0,296.0,8138.0
01/08/2023,TM-058    ,436,195.7,5613.0,216.0,5397.0
01/08/2023,TM-059    ,533,177.4,6531.0,165.0,6366.0
01/08/2023,TM-060    ,376,198.8,7116.0,208.0,6908.0
01/09/2023,AM-003    ,11,6.9,144.0,10.0,134.0
01/09/2023,AM-004    ,20,9.1,132.0,27.0,105.0
01/09/2023,AM-006    ,15,6.9,130.0,17.0,113.0
01/09/2023,AM-009    ,15,6.0,160.0,14.0,146.0
01/09/2023,AM-01     ,1424,617.5,6187.0,228.0,5959.0
01/09/2023,AM-013    ,10,4.6,185.0,0.0,185.0
01/09/2023,AM-014    ,12,4.9,291.0,0.0,291.0
01/09/2023,AM-017    ,11,5.3,148.0,20.0,128.0
01/09/2023,AM-018    ,9,5.0,126.0,47.0,79.0
01/09/2023,AM-019    ,8,3.2,178.0,15.0,163.0
01/09/2023,AM-02     ,1488,660.5,7146.0,197.0,6949.0
01/09/2023,AM-020    ,8,4.4,172.0,0.0,172.0
01/09/2023,AM-021    ,9,4.9,175.0,17.0,158.0
01/09/2023,AM-022    ,7,4.5,176.0,23.0,153.0
01/09/2023,AM-023    ,10,5.4,43.0,6.0,37.0
01/09/2023,AM-024    ,17,9.2,317.0,37.0,280.0
01/09/2023,AM-025    ,32,18.7,406.0,48.0,358.0
01/09/2023,AM-028    ,12,4.4,148.0,14.0,134.0
01/09/2023,AM-029    ,11,5.0,160.0,17.0,143.0
01/09/2023,AM-03     ,516,389.3,6235.0,488.0,5747.0
01/09/2023,AM-034    ,20,14.6,767.0,72.0,695.0
01/09/2023,AM-036    ,8,3.2,269.0,30.0,239.0
01/09/2023,AM-037    ,35,12.1,93.0,9.0,84.0
01/09/2023,AM-038    ,34,16.9,154.0,34.0,120.0
01/09/2023,AM-039    ,55,19.7,550.0,56.0,494.0
01/09/2023,AM-04     ,639,296.6,5298.0,397.0,4901.0
01/09/2023,AM-040    ,32,19.8,162.0,37.0,125.0
01/09/2023,AM-048    ,36,16.3,124.0,8.0,116.0
01/09/2023,AM-049    ,31,19.4,194.0,1.0,193.0
01/09/2023,AM-05     ,606,351.1,6034.0,474.0,5560.0
01/09/2023,AM-050    ,29,19.3,108.0,0.0,108.0
01/09/2023,AM-051    ,27,19.5,165.0,1.0,164.0
01/09/2023,AM-052    ,30,17.8,126.0,1.0,125.0
01/09/2023,AM-053    ,60,35.8,267.0,10.0,257.0
01/09/2023,AM-054    ,34,16.5,163.0,1.0,162.0
01/09/2023,AM-056    ,8,4.1,272.0,27.0,245.0
01/09/2023,AM-057    ,10,5.8,318.0,37.0,281.0
01/09/2023,AM-059    ,7,5.0,215.0,39.0,176.0
01/09/2023,AM-06     ,603,321.1,6783.0,570.0,6213.0
01/09/2023,AM-061    ,9,4.5,227.0,29.0,198.0
01/09/2023,AM-062    ,12,4.0,48.0,3.0,45.0
01/09/2023,AM-066    ,10,7.4,147.0,30.0,117.0
01/09/2023,AM-067    ,14,5.6,112.0,18.0,94.0
01/09/2023,AM-068    ,634,235.1,2122.0,426.0,1696.0
01/09/2023,AM-069    ,536,241.8,2115.0,818.0,1297.0
01/09/2023,AM-07     ,448,236.4,4811.0,247.0,4564.0
01/09/2023,AM-070    ,462,238.4,2994.0,350.0,2644.0
01/09/2023,AM-071    ,471,358.8,2774.0,244.0,2530.0
01/09/2023,AM-072    ,553,207.5,2471.0,244.0,2227.0
01/09/2023,AM-073    ,552,364.5,3641.0,331.0,3310.0
01/09/2023,AM-074    ,780,355.9,3461.0,406.0,3055.0
01/09/2023,AM-075    ,330,158.3,4178.0,564.0,3614.0
01/09/2023,AM-076    ,274,157.4,3372.0,785.0,2587.0
01/09/2023,AM-077    ,345,174.8,3890.0,491.0,3399.0
01/09/2023,AM-078    ,320,187.6,4260.0,401.0,3859.0
01/09/2023,AM-079    ,338,181.3,3185.0,365.0,2820.0
01/09/2023,AM-08     ,1647,708.0,7716.0,313.0,7403.0
01/09/2023,AM-080    ,294,121.8,2536.0,229.0,2307.0
01/09/2023,AM-081    ,162,87.8,1343.0,127.0,1216.0
01/09/2023,AM-082    ,82,32.1,595.0,30.0,565.0
01/09/2023,AM-083    ,250,109.8,2369.0,43.0,2326.0
01/09/2023,AM-084    ,373,136.6,3084.0,40.0,3044.0
01/09/2023,AM-085    ,237,149.5,2635.0,76.0,2559.0
01/09/2023,AM-086    ,233,175.5,2828.0,120.0,2708.0
01/09/2023,AM-087    ,262,132.6,1784.0,64.0,1720.0
01/09/2023,AM-088    ,154,70.8,832.0,56.0,776.0
01/09/2023,AM-089    ,457,159.8,1838.0,59.0,1779.0
01/09/2023,AM-09     ,435,196.6,8646.0,670.0,7976.0
01/09/2023,AM-090    ,589,268.9,3242.0,117.0,3125.0
01/09/2023,AM-091    ,415,340.9,2215.0,129.0,2086.0
01/09/2023,AM-092    ,844,372.8,3435.0,115.0,3320.0
01/09/2023,AM-093    ,538,259.1,3239.0,194.0,3045.0
01/09/2023,AM-094    ,301,166.2,1786.0,241.0,1545.0
01/09/2023,AM-095    ,173,83.6,1908.0,150.0,1758.0
01/09/2023,AM-096    ,50,28.3,1289.0,69.0,1220.0
01/09/2023,AM-097    ,30,14.8,508.0,101.0,407.0
01/09/2023,AM-098    ,28,16.5,607.0,51.0,556.0
01/09/2023,AM-099    ,9,4.9,108.0,31.0,77.0
01/09/2023,AM-10     ,453,195.9,5042.0,873.0,4169.0
01/09/2023,AM-100    ,16,6.9,216.0,88.0,128.0
01/09/2023,AM-101    ,10,6.9,328.0,151.0,177.0
01/09/2023,AM-102    ,19,12.1,340.0,84.0,256.0
01/09/2023,AM-103    ,67,26.6,314.0,1.0,313.0
01/09/2023,AM-11     ,356,156.4,5553.0,556.0,4997.0
01/09/2023,AM-12     ,344,261.2,11454.0,1101.0,10353.0
01/09/2023,AM-13     ,311,173.5,8196.0,865.0,7331.0
01/09/2023,AM-14     ,519,260.3,5417.0,364.0,5053.0
01/09/2023,AM-15     ,439,250.0,16355.0,1402.0,14953.0
01/09/2023,AM-16     ,315,195.6,4956.0,707.0,4249.0
01/09/2023,AM-17     ,340,207.8,8754.0,636.0,8118.0
01/09/2023,AM-18     ,465,206.8,8248.0,884.0,7364.0
01/09/2023,AM-19     ,396,184.0,7395.0,713.0,6682.0
01/09/2023,AM-20     ,576,201.1,6239.0,724.0,5515.0
01/09/2023,AM-21     ,421,195.8,8007.0,748.0,7259.0
01/09/2023,AM-22     ,416,174.3,7498.0,916.0,6582.0
01/09/2023,AM-23     ,312,148.6,6157.0,842.0,5315.0
01/09/2023,AM-24     ,503,303.2,6827.0,1235.0,5592.0
01/09/2023,AM-25     ,401,206.2,6191.0,828.0,5363.0
01/09/2023,AM-26     ,554,324.7,8054.0,546.0,7508.0
01/09/2023,AM-27     ,436,189.5,6965.0,447.0,6518.0
01/09/2023,AM-28     ,486,291.7,6814.0,692.0,6122.0
01/09/2023,AM-29     ,435,231.8,8636.0,546.0,8090.0
01/09/2023,AM-30     ,386,243.3,4251.0,546.0,3705.0
01/09/2023,AM-31     ,522,373.4,8544.0,709.0,7835.0
01/09/2023,AM-32     ,387,185.9,7507.0,703.0,6804.0
01/09/2023,AM-33     ,645,313.0,7817.0,543.0,7274.0
01/09/2023,AM-34     ,360,156.8,11028.0,1089.0,9939.0
01/09/2023,AM-35     ,445,231.4,7718.0,724.0,6994.0
01/09/2023,AM-36     ,1116,584.1,8106.0,730.0,7376.0
01/09/2023,AM-37     ,651,310.9,8293.0,534.0,7759.0
01/09/2023,AM-38     ,878,517.7,3954.0,708.0,3246.0
01/09/2023,AM-39     ,997,397.1,5587.0,499.0,5088.0
01/09/2023,AM-40     ,842,370.1,3304.0,458.0,2846.0
01/09/2023,AM-41     ,1286,601.1,5846.0,272.0,5574.0
01/09/2023,AM-42     ,1403,737.7,5685.0,215.0,5470.0
01/09/2023,AM-43     ,524,276.3,8264.0,793.0,7471.0
01/09/2023,AM-44     ,549,207.5,16152.0,1092.0,15060.0
01/09/2023,AM-45     ,392,233.3,14317.0,1164.0,13153.0
01/09/2023,AM-46     ,345,192.4,8949.0,1275.0,7674.0
01/09/2023,AM-47     ,1705,736.0,5588.0,298.0,5290.0
01/09/2023,AM-48     ,1048,695.6,7010.0,398.0,6612.0
01/09/2023,AM-49     ,942,445.5,2922.0,35.0,2887.0
01/09/2023,AM-50     ,1177,620.2,4559.0,15.0,4544.0
01/09/2023,AM-51     ,1221,459.5,5176.0,19.0,5157.0
01/09/2023,AM-52     ,1360,691.0,3477.0,16.0,3461.0
01/09/2023,AM-53     ,802,264.4,3397.0,116.0,3281.0
01/09/2023,AM-54     ,720,304.9,3807.0,31.0,3776.0
01/09/2023,AM-56     ,174,84.1,4127.0,208.0,3919.0
01/09/2023,AM-57     ,556,309.1,12910.0,705.0,12205.0
01/09/2023,AM-58     ,372,193.2,12572.0,1215.0,11357.0
01/09/2023,AM-59     ,307,183.6,15098.0,1242.0,13856.0
01/09/2023,AM-60     ,344,196.6,10295.0,2316.0,7979.0
01/09/2023,AM-61     ,369,162.6,12588.0,3193.0,9395.0
01/09/2023,AM-62     ,424,231.7,9151.0,1898.0,7253.0
01/09/2023,AM-63     ,334,161.4,6325.0,526.0,5799.0
01/09/2023,AM-64     ,441,213.9,6269.0,690.0,5579.0
01/09/2023,AM-65     ,484,292.1,5628.0,607.0,5021.0
01/09/2023,AM-66     ,685,316.2,7248.0,818.0,6430.0
01/09/2023,AM-67     ,467,266.9,6022.0,898.0,5124.0
01/09/2023,TM-001    ,543,292.8,7991.0,69.0,7922.0
01/09/2023,TM-002    ,575,213.5,6128.0,109.0,6019.0
01/09/2023,TM-003    ,576,297.3,10081.0,35.0,10046.0
01/09/2023,TM-005    ,417,217.3,6318.0,62.0,6256.0
01/09/2023,TM-006    ,9,7.0,196.0,0.0,196.0
01/09/2023,TM-007    ,226,130.8,3951.0,10.0,3941.0
01/09/2023,TM-008    ,599,255.7,7990.0,18.0,7972.0
01/09/2023,TM-009    ,523,299.6,7988.0,56.0,7932.0
01/09/2023,TM-010    ,390,174.4,7058.0,21.0,7037.0
01/09/2023,TM-011    ,11,4.7,119.0,0.0,119.0
01/09/2023,TM-012    ,636,256.2,7925.0,54.0,7871.0
01/09/2023,TM-013    ,500,289.6,10832.0,44.0,10788.0
01/09/2023,TM-014    ,466,281.0,6627.0,38.0,6589.0
01/09/2023,TM-015    ,585,300.5,6458.0,86.0,6372.0
01/09/2023,TM-016    ,434,193.5,6520.0,47.0,6473.0
01/09/2023,TM-017    ,13,7.8,169.0,36.0,133.0
01/09/2023,TM-018    ,358,171.8,4036.0,75.0,3961.0
01/09/2023,TM-019    ,658,329.5,7566.0,84.0,7482.0
01/09/2023,TM-022    ,753,295.5,9600.0,73.0,9527.0
01/09/2023,TM-023    ,450,224.0,4968.0,35.0,4933.0
01/09/2023,TM-024    ,587,263.1,8064.0,75.0,7989.0
01/09/2023,TM-025    ,517,275.6,10128.0,31.0,10097.0
01/09/2023,TM-026    ,431,197.1,7258.0,27.0,7231.0
01/09/2023,TM-027    ,554,240.5,9606.0,50.0,9556.0
01/09/2023,TM-028    ,441,294.4,6724.0,22.0,6702.0
01/09/2023,TM-029    ,523,231.7,5266.0,40.0,5226.0
01/09/2023,TM-030    ,450,269.2,7406.0,31.0,7375.0
01/09/2023,TM-031    ,512,242.6,6186.0,75.0,6111.0
01/09/2023,TM-032    ,656,296.9,6681.0,56.0,6625.0
01/09/2023,TM-033    ,475,381.4,9237.0,91.0,9146.0
01/09/2023,TM-034    ,426,253.7,5682.0,100.0,5582.0
01/09/2023,TM-035    ,376,286.3,8247.0,45.0,8202.0
01/09/2023,TM-038    ,453,232.7,6628.0,45.0,6583.0
01/09/2023,TM-039    ,658,278.1,9864.0,45.0,9819.0
01/09/2023,TM-040    ,505,289.8,9293.0,91.0,9202.0
01/09/2023,TM-041    ,628,238.9,7218.0,56.0,7162.0
01/09/2023,TM-042    ,229,123.1,3971.0,67.0,3904.0
01/09/2023,TM-043    ,28,10.8,342.0,1.0,341.0
01/09/2023,TM-045    ,195,112.2,3184.0,30.0,3154.0
01/09/2023,TM-046    ,412,218.5,5076.0,169.0,4907.0
01/09/2023,TM-047    ,674,264.7,8934.0,252.0,8682.0
01/09/2023,TM-048    ,402,203.0,8106.0,143.0,7963.0
01/09/2023,TM-049    ,363,279.9,4945.0,142.0,4803.0
01/09/2023,TM-050    ,375,141.5,4151.0,140.0,4011.0
01/09/2023,TM-051    ,610,190.6,5757.0,170.0,5587.0
01/09/2023,TM-052    ,481,219.8,7259.0,237.0,7022.0
01/09/2023,TM-053    ,466,368.8,7754.0,254.0,7500.0
01/09/2023,TM-054    ,385,259.7,6947.0,147.0,6800.0
01/09/2023,TM-055    ,400,215.0,5715.0,146.0,5569.0
01/09/2023,TM-056    ,351,251.1,5996.0,114.0,5882.0
01/09/2023,TM-057    ,506,201.0,7546.0,225.0,7321.0
01/09/2023,TM-058    ,624,309.0,6744.0,207.0,6537.0
01/09/2023,TM-059    ,435,183.2,5877.0,298.0,5579.0
01/09/2023,TM-060    ,286,123.3,5098.0,53.0,5045.0
01/10/2023,,29,12.1,138.0,8.0,130.0
01/10/2023,,26,16.6,97.0,9.0,88.0
01/10/2023,AM-01     ,2084,997.4,6334.0,249.0,6085.0
01/10/2023,AM-018    ,11,5.6,162.0,23.0,139.0
01/10/2023,AM-02     ,1576,1034.5,6865.0,278.0,6587.0
01/10/2023,AM-029    ,17,7.7,102.0,11.0,91.0
01/10/2023,AM-03     ,622,264.5,6538.0,598.0,5940.0
01/10/2023,AM-04     ,843,385.8,7737.0,419.0,7318.0
01/10/2023,AM-044    ,10,7.1,333.0,28.0,305.0
01/10/2023,AM-046    ,12,5.8,195.0,18.0,177.0
01/10/2023,AM-047    ,37,14.7,104.0,3.0,101.0
01/10/2023,AM-048    ,34,16.7,119.0,3.0,116.0
01/10/2023,AM-05     ,951,342.4,7287.0,664.0,6623.0
01/10/2023,AM-058    ,1,0.5,12.0,0.0,12.0
01/10/2023,AM-06     ,719,451.8,5481.0,434.0,5047.0
01/10/2023,AM-066    ,11,3.9,90.0,13.0,77.0
01/10/2023,AM-07     ,43,24.5,195.0,26.0,169.0
01/10/2023,AM-08     ,1516,822.3,7201.0,385.0,6816.0
01/10/2023,AM-09     ,468,223.0,7045.0,792.0,6253.0
01/10/2023,AM-10     ,381,287.2,6936.0,920.0,6016.0
01/10/2023,AM-11     ,416,218.2,7873.0,405.0,7468.0
01/10/2023,AM-12     ,453,249.6,2782.0,319.0,2463.0
01/10/2023,AM-13     ,589,221.5,11822.0,1257.0,10565.0
01/10/2023,AM-14     ,697,355.9,7743.0,732.0,7011.0
01/10/2023,AM-15     ,361,270.0,12597.0,2235.0,10362.0
01/10/2023,AM-17     ,523,269.6,9801.0,1267.0,8534.0
01/10/2023,AM-18     ,639,368.0,8589.0,1552.0,7037.0
01/10/2023,AM-19     ,611,223.0,9184.0,1452.0,7732.0
01/10/2023,AM-20     ,575,224.5,9512.0,769.0,8743.0
01/10/2023,AM-21     ,597,243.6,8573.0,1416.0,7157.0
01/10/2023,AM-22     ,550,239.9,9301.0,1128.0,8173.0
01/10/2023,AM-23     ,575,352.3,7734.0,850.0,6884.0
01/10/2023,AM-24     ,243,169.0,5911.0,656.0,5255.0
01/10/2023,AM-25     ,349,152.8,7173.0,633.0,6540.0
01/10/2023,AM-26     ,813,401.1,8286.0,806.0,7480.0
01/10/2023,AM-27     ,599,360.5,6828.0,944.0,5884.0
01/10/2023,AM-28     ,549,231.5,7227.0,838.0,6389.0
01/10/2023,AM-29     ,502,353.9,6949.0,567.0,6382.0
01/10/2023,AM-30     ,428,233.2,7249.0,665.0,6584.0
01/10/2023,AM-31     ,611,260.6,6002.0,944.0,5058.0
01/10/2023,AM-32     ,666,274.5,9792.0,863.0,8929.0
01/10/2023,AM-33     ,566,352.4,7626.0,785.0,6841.0
01/10/2023,AM-34     ,484,191.0,9857.0,1711.0,8146.0
01/10/2023,AM-35     ,975,386.8,6633.0,781.0,5852.0
01/10/2023,AM-36     ,834,334.0,8570.0,1275.0,7295.0
01/10/2023,AM-37     ,878,426.4,8226.0,855.0,7371.0
01/10/2023,AM-38     ,900,709.1,5978.0,879.0,5099.0
01/10/2023,AM-39     ,604,347.9,14893.0,1616.0,13277.0
01/10/2023,AM-40     ,1274,537.0,6448.0,957.0,5491.0
01/10/2023,AM-41     ,1863,697.9,7761.0,442.0,7319.0
01/10/2023,AM-42     ,2087,785.0,8303.0,471.0,7832.0
01/10/2023,AM-43     ,60,27.4,957.0,124.0,833.0
01/10/2023,AM-44     ,663,278.5,17320.0,1209.0,16111.0
01/10/2023,AM-45     ,473,306.3,16987.0,2314.0,14673.0
01/10/2023,AM-46     ,696,323.1,9105.0,1675.0,7430.0
01/10/2023,AM-47     ,2150,948.4,5802.0,379.0,5423.0
01/10/2023,AM-48     ,1476,788.6,6939.0,343.0,6596.0
01/10/2023,AM-49     ,1199,493.7,5500.0,25.0,5475.0
01/10/2023,AM-50     ,980,694.3,5264.0,23.0,5241.0
01/10/2023,AM-51     ,1195,579.8,5980.0,24.0,5956.0
01/10/2023,AM-52     ,1529,649.5,5064.0,20.0,5044.0
01/10/2023,AM-53     ,1906,858.4,6901.0,126.0,6775.0
01/10/2023,AM-54     ,1079,392.5,4349.0,21.0,4328.0
01/10/2023,AM-55     ,16,6.0,74.0,0.0,74.0
01/10/2023,AM-56     ,495,291.3,16204.0,1223.0,14981.0
01/10/2023,AM-57     ,644,328.3,14206.0,1558.0,12648.0
01/10/2023,AM-58     ,774,271.7,15120.0,1203.0,13917.0
01/10/2023,AM-59     ,445,228.8,21757.0,1096.0,20661.0
01/10/2023,AM-60     ,725,326.9,13821.0,1299.0,12522.0
01/10/2023,AM-61     ,382,206.2,13595.0,1268.0,12327.0
01/10/2023,AM-62     ,518,212.1,13495.0,1894.0,11601.0
01/10/2023,AM-63     ,411,180.7,13749.0,1246.0,12503.0
01/10/2023,AM-64     ,547,289.2,7999.0,914.0,7085.0
01/10/2023,AM-65     ,504,298.1,6702.0,523.0,6179.0
01/10/2023,AM-66     ,655,352.0,7835.0,740.0,7095.0
01/10/2023,AM-67     ,587,266.3,6293.0,598.0,5695.0
01/10/2023,AM-68     ,16,9.2,661.0,141.0,520.0
01/10/2023,AM-69     ,52,20.4,1556.0,110.0,1446.0
01/10/2023,AM-70     ,17,5.5,559.0,34.0,525.0
01/10/2023,AM-71     ,50,33.0,1977.0,241.0,1736.0
01/10/2023,TM-001    ,511,321.2,9617.0,82.0,9535.0
01/10/2023,TM-002    ,314,164.9,3883.0,24.0,3859.0
01/10/2023,TM-003    ,410,300.2,5935.0,56.0,5879.0
01/10/2023,TM-005    ,298,150.3,4291.0,9.0,4282.0
01/10/2023,TM-006    ,24,12.1,368.0,11.0,357.0
01/10/2023,TM-008    ,233,84.5,3605.0,8.0,3597.0
01/10/2023,TM-009    ,464,211.3,6499.0,32.0,6467.0
01/10/2023,TM-010    ,606,283.9,8136.0,95.0,8041.0
01/10/2023,TM-011    ,13,6.1,175.0,0.0,175.0
01/10/2023,TM-012    ,463,247.0,5648.0,27.0,5621.0
01/10/2023,TM-013    ,380,193.3,4872.0,22.0,4850.0
01/10/2023,TM-014    ,521,280.0,8001.0,46.0,7955.0
01/10/2023,TM-015    ,469,190.1,5674.0,18.0,5656.0
01/10/2023,TM-016    ,465,287.2,7363.0,58.0,7305.0
01/10/2023,TM-018    ,564,209.0,6169.0,84.0,6085.0
01/10/2023,TM-019    ,488,297.5,7495.0,70.0,7425.0
01/10/2023,TM-021    ,11,4.1,165.0,0.0,165.0
01/10/2023,TM-022    ,349,204.7,7273.0,26.0,7247.0
01/10/2023,TM-023    ,494,266.5,5302.0,88.0,5214.0
01/10/2023,TM-024    ,533,248.8,6418.0,21.0,6397.0
01/10/2023,TM-025    ,382,223.4,7417.0,44.0,7373.0
01/10/2023,TM-026    ,324,258.0,5595.0,80.0,5515.0
01/10/2023,TM-027    ,579,264.7,6727.0,37.0,6690.0
01/10/2023,TM-028    ,473,219.9,6073.0,59.0,6014.0
01/10/2023,TM-029    ,501,192.4,7655.0,47.0,7608.0
01/10/2023,TM-030    ,425,288.1,5538.0,17.0,5521.0
01/10/2023,TM-031    ,573,284.1,6874.0,44.0,6830.0
01/10/2023,TM-032    ,365,219.9,7791.0,24.0,7767.0
01/10/2023,TM-033    ,462,180.4,6957.0,37.0,6920.0
01/10/2023,TM-034    ,422,265.1,5656.0,102.0,5554.0
01/10/2023,TM-035    ,279,125.2,4330.0,28.0,4302.0
01/10/2023,TM-038    ,425,187.3,7833.0,24.0,7809.0
01/10/2023,TM-039    ,475,266.6,6273.0,55.0,6218.0
01/10/2023,TM-040    ,400,217.9,8718.0,20.0,8698.0
01/10/2023,TM-041    ,362,161.2,6011.0,32.0,5979.0
01/10/2023,TM-042    ,280,149.7,4005.0,55.0,3950.0
01/10/2023,TM-043    ,11,4.3,168.0,11.0,157.0
01/10/2023,TM-045    ,171,82.5,2498.0,16.0,2482.0
01/10/2023,TM-046    ,473,166.6,5097.0,239.0,4858.0
01/10/2023,TM-047    ,268,169.5,5108.0,101.0,5007.0
01/10/2023,TM-048    ,508,274.0,7616.0,182.0,7434.0
01/10/2023,TM-049    ,273,194.3,4654.0,210.0,4444.0
01/10/2023,TM-050    ,306,171.1,5283.0,168.0,5115.0
01/10/2023,TM-051    ,478,183.2,6271.0,127.0,6144.0
01/10/2023,TM-052    ,372,142.1,4590.0,248.0,4342.0
01/10/2023,TM-053    ,410,166.1,5560.0,128.0,5432.0
01/10/2023,TM-054    ,282,167.5,4221.0,209.0,4012.0
01/10/2023,TM-055    ,433,151.2,4969.0,172.0,4797.0
01/10/2023,TM-056    ,286,162.1,5044.0,106.0,4938.0
01/10/2023,TM-057    ,244,122.5,4152.0,218.0,3934.0
01/10/2023,TM-058    ,336,229.0,5654.0,217.0,5437.0
01/10/2023,TM-059    ,420,271.4,5748.0,146.0,5602.0
01/10/2023,TM-060    ,343,180.0,4306.0,207.0,4099.0
01/11/2023,AM-01     ,1945,1070.2,7269.0,277.0,6992.0
01/11/2023,AM-02     ,1286,826.4,7752.0,247.0,7505.0
01/11/2023,AM-021    ,43,14.3,164.0,5.0,159.0
01/11/2023,AM-03     ,833,318.1,6187.0,583.0,5604.0
01/11/2023,AM-04     ,729,439.0,8973.0,627.0,8346.0
01/11/2023,AM-05     ,638,427.4,8265.0,565.0,7700.0
01/11/2023,AM-053    ,30,18.3,155.0,5.0,150.0
01/11/2023,AM-06     ,613,411.5,7439.0,406.0,7033.0
01/11/2023,AM-08     ,1687,1110.4,8545.0,223.0,8322.0
01/11/2023,AM-088    ,1,0.6,10.0,0.0,10.0
01/11/2023,AM-09     ,460,274.8,7276.0,620.0,6656.0
01/11/2023,AM-10     ,465,284.8,8496.0,516.0,7980.0
01/11/2023,AM-11     ,530,186.2,8546.0,1103.0,7443.0
01/11/2023,AM-12     ,980,488.5,4219.0,590.0,3629.0
01/11/2023,AM-13     ,680,333.3,11049.0,1497.0,9552.0
01/11/2023,AM-14     ,661,379.5,6613.0,418.0,6195.0
01/11/2023,AM-15     ,471,285.5,15664.0,2524.0,13140.0
01/11/2023,AM-16     ,9,5.0,109.0,0.0,109.0
01/11/2023,AM-17     ,434,214.4,9487.0,731.0,8756.0
01/11/2023,AM-18     ,532,367.9,13085.0,1333.0,11752.0
01/11/2023,AM-19     ,647,242.9,11495.0,1544.0,9951.0
01/11/2023,AM-20     ,550,317.1,10697.0,1057.0,9640.0
01/11/2023,AM-21     ,525,317.2,7488.0,1706.0,5782.0
01/11/2023,AM-22     ,499,202.0,10743.0,1477.0,9266.0
01/11/2023,AM-23     ,456,193.0,7519.0,1363.0,6156.0
01/11/2023,AM-24     ,412,283.3,11384.0,806.0,10578.0
01/11/2023,AM-25     ,472,237.1,7830.0,1002.0,6828.0
01/11/2023,AM-26     ,480,219.5,7352.0,653.0,6699.0
01/11/2023,AM-27     ,449,286.9,8593.0,638.0,7955.0
01/11/2023,AM-28     ,741,284.6,8600.0,849.0,7751.0
01/11/2023,AM-29     ,148,56.4,1754.0,191.0,1563.0
01/11/2023,AM-30     ,682,352.2,8961.0,561.0,8400.0
01/11/2023,AM-31     ,438,291.6,6514.0,482.0,6032.0
01/11/2023,AM-32     ,629,375.2,7692.0,595.0,7097.0
01/11/2023,AM-33     ,560,374.5,8971.0,1037.0,7934.0
01/11/2023,AM-34     ,552,296.5,7853.0,1073.0,6780.0
01/11/2023,AM-35     ,589,309.1,10479.0,1026.0,9453.0
01/11/2023,AM-36     ,729,271.2,6823.0,1293.0,5530.0
01/11/2023,AM-37     ,1231,640.4,5689.0,851.0,4838.0
01/11/2023,AM-38     ,1193,713.6,4994.0,969.0,4025.0
01/11/2023,AM-39     ,502,281.5,13639.0,1280.0,12359.0
01/11/2023,AM-40     ,1319,648.4,5577.0,622.0,4955.0
01/11/2023,AM-41     ,1318,896.1,7148.0,326.0,6822.0
01/11/2023,AM-42     ,1535,813.6,8119.0,206.0,7913.0
01/11/2023,AM-43     ,545,283.6,9518.0,1222.0,8296.0
01/11/2023,AM-44     ,708,244.2,18037.0,1481.0,16556.0
01/11/2023,AM-45     ,699,214.8,15019.0,849.0,14170.0
01/11/2023,AM-46     ,521,328.8,7335.0,974.0,6361.0
01/11/2023,AM-47     ,2151,878.1,5340.0,311.0,5029.0
01/11/2023,AM-48     ,2127,936.3,7000.0,367.0,6633.0
01/11/2023,AM-49     ,1040,620.4,5826.0,23.0,5803.0
01/11/2023,AM-50     ,976,456.8,4855.0,136.0,4719.0
01/11/2023,AM-51     ,1203,622.4,4872.0,24.0,4848.0
01/11/2023,AM-52     ,1922,764.2,4870.0,19.0,4851.0
01/11/2023,AM-53     ,1707,958.8,6213.0,147.0,6066.0
01/11/2023,AM-54     ,1074,541.9,3289.0,38.0,3251.0
01/11/2023,AM-55     ,31,16.6,122.0,0.0,122.0
01/11/2023,AM-56     ,530,249.8,12872.0,2388.0,10484.0
01/11/2023,AM-57     ,567,353.9,19798.0,2102.0,17696.0
01/11/2023,AM-58     ,583,331.9,17390.0,1388.0,16002.0
01/11/2023,AM-59     ,685,350.8,18423.0,1463.0,16960.0
01/11/2023,AM-60     ,533,204.9,15676.0,1682.0,13994.0
01/11/2023,AM-61     ,306,99.4,7758.0,821.0,6937.0
01/11/2023,AM-62     ,321,181.4,12536.0,945.0,11591.0
01/11/2023,AM-63     ,248,100.5,6372.0,1172.0,5200.0
01/11/2023,AM-64     ,518,380.7,8402.0,696.0,7706.0
01/11/2023,AM-65     ,548,307.3,4723.0,771.0,3952.0
01/11/2023,AM-66     ,683,263.7,5819.0,630.0,5189.0
01/11/2023,AM-67     ,642,276.0,6719.0,997.0,5722.0
01/11/2023,AM-68     ,330,135.4,9499.0,1533.0,7966.0
01/11/2023,AM-69     ,568,242.3,10575.0,1499.0,9076.0
01/11/2023,AM-70     ,25,16.8,995.0,32.0,963.0
01/11/2023,AM-71     ,447,242.5,13050.0,1705.0,11345.0
01/11/2023,AM-72     ,28,18.3,890.0,40.0,850.0
01/11/2023,TM-001    ,435,226.8,7775.0,62.0,7713.0
01/11/2023,TM-002    ,466,254.3,8542.0,34.0,8508.0
01/11/2023,TM-003    ,425,151.0,4409.0,36.0,4373.0
01/11/2023,TM-004    ,25,9.8,265.0,11.0,254.0
01/11/2023,TM-005    ,564,283.1,6263.0,25.0,6238.0
01/11/2023,TM-006    ,30,12.5,424.0,0.0,424.0
01/11/2023,TM-007    ,384,251.8,6946.0,61.0,6885.0
01/11/2023,TM-008    ,571,306.5,9202.0,16.0,9186.0
01/11/2023,TM-009    ,648,228.2,9359.0,37.0,9322.0
01/11/2023,TM-010    ,193,76.3,3028.0,92.0,2936.0
01/11/2023,TM-012    ,485,257.8,6981.0,36.0,6945.0
01/11/2023,TM-013    ,508,303.4,6615.0,84.0,6531.0
01/11/2023,TM-014    ,571,233.7,9799.0,86.0,9713.0
01/11/2023,TM-015    ,552,295.5,8390.0,21.0,8369.0
01/11/2023,TM-016    ,375,260.5,7357.0,44.0,7313.0
01/11/2023,TM-017    ,17,8.1,246.0,30.0,216.0
01/11/2023,TM-018    ,450,246.0,7451.0,74.0,7377.0
01/11/2023,TM-019    ,352,161.8,5300.0,43.0,5257.0
01/11/2023,TM-020    ,4,2.7,50.0,0.0,50.0
01/11/2023,TM-022    ,623,314.7,10051.0,62.0,9989.0
01/11/2023,TM-023    ,330,269.8,5939.0,35.0,5904.0
01/11/2023,TM-024    ,464,230.7,6200.0,61.0,6139.0
01/11/2023,TM-025    ,603,252.7,6349.0,9.0,6340.0
01/11/2023,TM-026    ,442,178.2,7135.0,10.0,7125.0
01/11/2023,TM-027    ,429,207.5,8219.0,19.0,8200.0
01/11/2023,TM-028    ,617,308.2,9153.0,67.0,9086.0
01/11/2023,TM-029    ,543,317.2,9457.0,122.0,9335.0
01/11/2023,TM-030    ,527,217.4,6318.0,71.0,6247.0
01/11/2023,TM-031    ,617,231.8,8618.0,121.0,8497.0
01/11/2023,TM-032    ,619,262.0,9347.0,60.0,9287.0
01/11/2023,TM-033    ,537,263.9,10124.0,22.0,10102.0
01/11/2023,TM-034    ,425,232.8,7091.0,50.0,7041.0
01/11/2023,TM-035    ,555,273.0,11644.0,19.0,11625.0
01/11/2023,TM-038    ,480,279.5,6160.0,60.0,6100.0
01/11/2023,TM-039    ,479,171.9,7803.0,76.0,7727.0
01/11/2023,TM-040    ,626,317.1,10019.0,91.0,9928.0
01/11/2023,TM-041    ,513,329.2,10046.0,63.0,9983.0
01/11/2023,TM-042    ,56,33.1,858.0,2.0,856.0
01/11/2023,TM-044    ,85,44.7,991.0,39.0,952.0
01/11/2023,TM-045    ,96,58.6,1352.0,9.0,1343.0
01/11/2023,TM-046    ,523,252.1,7404.0,217.0,7187.0
01/11/2023,TM-047    ,238,151.8,4832.0,53.0,4779.0
01/11/2023,TM-048    ,515,228.1,8881.0,234.0,8647.0
01/11/2023,TM-049    ,605,289.7,7258.0,259.0,6999.0
01/11/2023,TM-050    ,375,252.9,5312.0,177.0,5135.0
01/11/2023,TM-051    ,482,222.6,6358.0,157.0,6201.0
01/11/2023,TM-052    ,325,163.5,4641.0,349.0,4292.0
01/11/2023,TM-053    ,410,151.7,6568.0,123.0,6445.0
01/11/2023,TM-054    ,236,91.7,4048.0,226.0,3822.0
01/11/2023,TM-055    ,465,254.1,9213.0,320.0,8893.0
01/11/2023,TM-056    ,478,183.5,6822.0,304.0,6518.0
01/11/2023,TM-057    ,298,114.3,2762.0,118.0,2644.0
01/11/2023,TM-058    ,428,284.5,6495.0,160.0,6335.0
01/11/2023,TM-059    ,411,242.2,8382.0,138.0,8244.0
01/11/2023,TM-060    ,570,273.3,8940.0,53.0,8887.0
01/11/2023,TM-076    ,14,7.3,154.0,0.0,154.0
01/12/2023,AM-01     ,2036,743.3,6287.0,218.0,6069.0
01/12/2023,AM-02     ,1850,982.9,8830.0,272.0,8558.0
01/12/2023,AM-03     ,827,402.4,6823.0,511.0,6312.0
01/12/2023,AM-037    ,18,9.0,73.0,11.0,62.0
01/12/2023,AM-039    ,13,5.1,444.0,25.0,419.0
01/12/2023,AM-04     ,909,380.5,5337.0,515.0,4822.0
01/12/2023,AM-05     ,758,443.1,7698.0,443.0,7255.0
01/12/2023,AM-06     ,571,363.2,5390.0,693.0,4697.0
01/12/2023,AM-065    ,9,4.2,90.0,14.0,76.0
01/12/2023,AM-08     ,1423,914.0,7117.0,471.0,6646.0
01/12/2023,AM-09     ,472,260.2,7733.0,1213.0,6520.0
01/12/2023,AM-10     ,437,253.1,9124.0,921.0,8203.0
01/12/2023,AM-11     ,443,240.7,8472.0,1270.0,7202.0
01/12/2023,AM-12     ,1236,596.4,5488.0,687.0,4801.0
01/12/2023,AM-13     ,455,273.1,8656.0,927.0,7729.0
01/12/2023,AM-14     ,840,441.1,6744.0,708.0,6036.0
01/12/2023,AM-15     ,437,291.9,12240.0,924.0,11316.0
01/12/2023,AM-17     ,488,253.8,12745.0,1644.0,11101.0
01/12/2023,AM-18     ,389,271.6,8773.0,1170.0,7603.0
01/12/2023,AM-19     ,613,370.3,7906.0,1093.0,6813.0
01/12/2023,AM-20     ,336,160.4,6614.0,799.0,5815.0
01/12/2023,AM-21     ,526,293.3,9242.0,1281.0,7961.0
01/12/2023,AM-22     ,547,253.3,8375.0,1494.0,6881.0
01/12/2023,AM-23     ,590,287.5,9220.0,1495.0,7725.0
01/12/2023,AM-24     ,415,304.4,10135.0,834.0,9301.0
01/12/2023,AM-25     ,497,189.5,6785.0,507.0,6278.0
01/12/2023,AM-26     ,760,416.6,7459.0,689.0,6770.0
01/12/2023,AM-27     ,518,189.5,6991.0,699.0,6292.0
01/12/2023,AM-28     ,744,351.5,7248.0,602.0,6646.0
01/12/2023,AM-29     ,420,270.1,5433.0,454.0,4979.0
01/12/2023,AM-30     ,461,254.6,8158.0,832.0,7326.0
01/12/2023,AM-31     ,774,269.0,9899.0,973.0,8926.0
01/12/2023,AM-32     ,671,285.6,7957.0,1034.0,6923.0
01/12/2023,AM-33     ,581,304.3,9117.0,808.0,8309.0
01/12/2023,AM-34     ,622,294.7,10152.0,1266.0,8886.0
01/12/2023,AM-35     ,674,251.0,8230.0,926.0,7304.0
01/12/2023,AM-36     ,740,245.5,6843.0,537.0,6306.0
01/12/2023,AM-37     ,1411,444.2,5636.0,778.0,4858.0
01/12/2023,AM-38     ,1255,634.4,4538.0,557.0,3981.0
01/12/2023,AM-39     ,507,313.5,15159.0,1199.0,13960.0
01/12/2023,AM-40     ,1345,440.3,5859.0,1020.0,4839.0
01/12/2023,AM-41     ,1463,973.0,7479.0,289.0,7190.0
01/12/2023,AM-42     ,1587,726.6,7842.0,526.0,7316.0
01/12/2023,AM-43     ,641,321.5,13976.0,1211.0,12765.0
01/12/2023,AM-44     ,563,385.7,15796.0,1452.0,14344.0
01/12/2023,AM-45     ,513,327.5,16679.0,1515.0,15164.0
01/12/2023,AM-46     ,378,279.6,8034.0,705.0,7329.0
01/12/2023,AM-47     ,2047,1002.6,7801.0,359.0,7442.0
01/12/2023,AM-48     ,1812,1054.8,7379.0,297.0,7082.0
01/12/2023,AM-49     ,1256,597.6,4664.0,32.0,4632.0
01/12/2023,AM-50     ,921,478.2,5823.0,49.0,5774.0
01/12/2023,AM-51     ,1403,533.8,3931.0,17.0,3914.0
01/12/2023,AM-52     ,1736,701.6,4677.0,21.0,4656.0
01/12/2023,AM-53     ,1726,1013.2,6010.0,136.0,5874.0
01/12/2023,AM-54     ,909,398.1,3760.0,28.0,3732.0
01/12/2023,AM-55     ,31,15.8,130.0,0.0,130.0
01/12/2023,AM-56     ,633,251.4,12222.0,2070.0,10152.0
01/12/2023,AM-57     ,578,233.5,14228.0,3796.0,10432.0
01/12/2023,AM-58     ,582,249.6,13201.0,1906.0,11295.0
01/12/2023,AM-59     ,505,339.2,18622.0,1786.0,16836.0
01/12/2023,AM-60     ,599,295.1,18288.0,1325.0,16963.0
01/12/2023,AM-61     ,10,4.9,295.0,52.0,243.0
01/12/2023,AM-62     ,524,248.9,12174.0,1442.0,10732.0
01/12/2023,AM-64     ,758,305.6,6838.0,725.0,6113.0
01/12/2023,AM-65     ,609,271.1,4883.0,909.0,3974.0
01/12/2023,AM-66     ,467,343.0,5537.0,612.0,4925.0
01/12/2023,AM-67     ,641,257.9,7500.0,819.0,6681.0
01/12/2023,AM-68     ,372,132.9,9163.0,716.0,8447.0
01/12/2023,AM-69     ,510,276.8,12172.0,1335.0,10837.0
01/12/2023,AM-71     ,364,178.9,12724.0,1528.0,11196.0
01/12/2023,AM-72     ,10,4.7,272.0,37.0,235.0
01/12/2023,AM-73     ,67,28.3,2122.0,105.0,2017.0
01/12/2023,AM-74     ,112,47.5,3564.0,466.0,3098.0
01/12/2023,AM-76     ,2,0.8,59.0,26.0,33.0
01/12/2023,TM-001    ,706,244.4,11146.0,101.0,11045.0
01/12/2023,TM-002    ,514,319.7,8872.0,54.0,8818.0
01/12/2023,TM-003    ,565,346.5,9991.0,126.0,9865.0
01/12/2023,TM-004    ,7,3.7,127.0,0.0,127.0
01/12/2023,TM-005    ,465,325.3,8576.0,64.0,8512.0
01/12/2023,TM-006    ,2,0.9,32.0,0.0,32.0
01/12/2023,TM-007    ,657,248.7,5956.0,81.0,5875.0
01/12/2023,TM-008    ,423,186.5,6977.0,29.0,6948.0
01/12/2023,TM-009    ,688,323.9,8212.0,100.0,8112.0
01/12/2023,TM-010    ,653,261.6,6410.0,72.0,6338.0
01/12/2023,TM-012    ,612,275.8,7382.0,69.0,7313.0
01/12/2023,TM-013    ,350,235.2,6806.0,27.0,6779.0
01/12/2023,TM-014    ,656,273.1,9567.0,53.0,9514.0
01/12/2023,TM-015    ,537,304.3,7743.0,21.0,7722.0
01/12/2023,TM-016    ,529,350.1,8525.0,71.0,8454.0
01/12/2023,TM-018    ,444,255.5,9791.0,67.0,9724.0
01/12/2023,TM-019    ,468,218.9,6257.0,37.0,6220.0
01/12/2023,TM-020    ,12,8.3,184.0,0.0,184.0
01/12/2023,TM-021    ,6,3.7,86.0,0.0,86.0
01/12/2023,TM-022    ,525,242.5,10058.0,29.0,10029.0
01/12/2023,TM-023    ,546,221.9,5666.0,49.0,5617.0
01/12/2023,TM-024    ,669,277.0,7458.0,44.0,7414.0
01/12/2023,TM-025    ,503,267.8,7880.0,58.0,7822.0
01/12/2023,TM-026    ,631,224.5,9149.0,22.0,9127.0
01/12/2023,TM-027    ,661,340.0,9914.0,16.0,9898.0
01/12/2023,TM-028    ,682,340.5,8363.0,49.0,8314.0
01/12/2023,TM-029    ,544,327.4,11633.0,43.0,11590.0
01/12/2023,TM-030    ,621,309.0,6862.0,56.0,6806.0
01/12/2023,TM-031    ,735,360.2,7268.0,54.0,7214.0
01/12/2023,TM-032    ,610,228.7,9959.0,73.0,9886.0
01/12/2023,TM-033    ,305,145.7,4835.0,125.0,4710.0
01/12/2023,TM-034    ,410,209.4,5030.0,89.0,4941.0
01/12/2023,TM-035    ,647,346.6,8659.0,82.0,8577.0
01/12/2023,TM-036    ,13,5.0,220.0,0.0,220.0
01/12/2023,TM-037    ,12,9.3,225.0,1.0,224.0
01/12/2023,TM-038    ,505,272.2,9542.0,64.0,9478.0
01/12/2023,TM-039    ,640,258.4,8370.0,131.0,8239.0
01/12/2023,TM-040    ,718,272.5,10509.0,27.0,10482.0
01/12/2023,TM-041    ,352,180.0,6282.0,37.0,6245.0
01/12/2023,TM-042    ,81,37.8,1030.0,2.0,1028.0
01/12/2023,TM-044    ,147,98.8,2645.0,7.0,2638.0
01/12/2023,TM-046    ,494,218.6,6332.0,340.0,5992.0
01/12/2023,TM-047    ,592,322.5,6054.0,311.0,5743.0
01/12/2023,TM-048    ,531,266.7,6176.0,328.0,5848.0
01/12/2023,TM-049    ,619,250.6,7768.0,196.0,7572.0
01/12/2023,TM-050    ,331,198.4,4497.0,141.0,4356.0
01/12/2023,TM-051    ,217,89.0,2190.0,107.0,2083.0
01/12/2023,TM-052    ,320,201.8,5127.0,243.0,4884.0
01/12/2023,TM-053    ,519,183.5,5143.0,198.0,4945.0
01/12/2023,TM-054    ,556,272.3,8109.0,203.0,7906.0
01/12/2023,TM-055    ,502,179.0,5936.0,338.0,5598.0
01/12/2023,TM-056    ,474,313.4,6427.0,180.0,6247.0
01/12/2023,TM-057    ,568,278.4,7654.0,275.0,7379.0
01/12/2023,TM-058    ,455,236.7,9268.0,200.0,9068.0
01/12/2023,TM-059    ,334,196.0,4773.0,108.0,4665.0
01/12/2023,TM-060    ,636,284.3,7272.0,152.0,7120.0
01/12/2023,TM-061    ,4,2.1,78.0,0.0,78.0
01/12/2023,TM-062    ,9,3.6,121.0,0.0,121.0
01/01/2024,AM-01     ,1591,884.1,9070.0,247.0,8823.0
01/01/2024,AM-013    ,8,4.5,168.0,19.0,149.0
01/01/2024,AM-018    ,9,3.1,130.0,24.0,106.0
01/01/2024,AM-019    ,8,3.0,130.0,21.0,109.0
01/01/2024,AM-02     ,1355,642.1,5611.0,217.0,5394.0
01/01/2024,AM-03     ,815,420.6,7796.0,663.0,7133.0
01/01/2024,AM-04     ,690,422.1,7472.0,476.0,6996.0
01/01/2024,AM-046    ,9,4.3,186.0,0.0,186.0
01/01/2024,AM-05     ,628,322.5,6646.0,403.0,6243.0
01/01/2024,AM-06     ,742,262.3,6528.0,465.0,6063.0
01/01/2024,AM-060    ,9,4.1,208.0,1.0,207.0
01/01/2024,AM-07     ,11,4.1,220.0,17.0,203.0
01/01/2024,AM-08     ,1118,735.2,5952.0,470.0,5482.0
01/01/2024,AM-09     ,616,320.6,8298.0,1229.0,7069.0
01/01/2024,AM-10     ,582,227.2,9061.0,839.0,8222.0
01/01/2024,AM-11     ,41,20.9,832.0,90.0,742.0
01/01/2024,AM-12     ,823,336.7,4586.0,724.0,3862.0
01/01/2024,AM-13     ,504,198.8,8390.0,449.0,7941.0
01/01/2024,AM-14     ,845,305.6,6464.0,580.0,5884.0
01/01/2024,AM-15     ,347,199.1,14141.0,1322.0,12819.0
01/01/2024,AM-17     ,532,233.5,12300.0,940.0,11360.0
01/01/2024,AM-18     ,600,235.6,6843.0,650.0,6193.0
01/01/2024,AM-19     ,227,140.9,6427.0,683.0,5744.0
01/01/2024,AM-20     ,647,236.8,9692.0,940.0,8752.0
01/01/2024,AM-21     ,619,306.2,9380.0,1087.0,8293.0
01/01/2024,AM-22     ,477,270.9,9163.0,822.0,8341.0
01/01/2024,AM-23     ,495,265.6,8380.0,1217.0,7163.0
01/01/2024,AM-24     ,463,224.2,8775.0,924.0,7851.0
01/01/2024,AM-25     ,607,220.0,9065.0,1206.0,7859.0
01/01/2024,AM-26     ,467,305.4,5128.0,594.0,4534.0
01/01/2024,AM-27     ,700,318.5,7783.0,687.0,7096.0
01/01/2024,AM-28     ,593,306.0,7619.0,795.0,6824.0
01/01/2024,AM-29     ,515,259.0,10104.0,873.0,9231.0
01/01/2024,AM-30     ,292,188.1,4369.0,514.0,3855.0
01/01/2024,AM-31     ,625,271.7,7705.0,857.0,6848.0
01/01/2024,AM-32     ,711,350.6,9741.0,600.0,9141.0
01/01/2024,AM-33     ,599,382.0,9972.0,706.0,9266.0
01/01/2024,AM-34     ,464,198.0,14699.0,1282.0,13417.0
01/01/2024,AM-35     ,470,257.1,6748.0,798.0,5950.0
01/01/2024,AM-36     ,530,226.4,5488.0,519.0,4969.0
01/01/2024,AM-37     ,1109,546.0,4914.0,591.0,4323.0
01/01/2024,AM-38     ,1327,662.5,4425.0,626.0,3799.0
01/01/2024,AM-39     ,31,15.7,1098.0,69.0,1029.0
01/01/2024,AM-40     ,1078,492.5,4477.0,711.0,3766.0
01/01/2024,AM-41     ,893,465.4,4851.0,308.0,4543.0
01/01/2024,AM-42     ,2194,1016.2,6758.0,296.0,6462.0
01/01/2024,AM-43     ,418,253.9,6325.0,588.0,5737.0
01/01/2024,AM-44     ,461,288.3,14609.0,2127.0,12482.0
01/01/2024,AM-45     ,611,242.6,19123.0,2233.0,16890.0
01/01/2024,AM-46     ,569,249.0,8416.0,1055.0,7361.0
01/01/2024,AM-47     ,1673,1074.3,6954.0,344.0,6610.0
01/01/2024,AM-48     ,1650,867.1,5804.0,531.0,5273.0
01/01/2024,AM-49     ,1404,584.0,3727.0,18.0,3709.0
01/01/2024,AM-50     ,1145,682.2,5389.0,23.0,5366.0
01/01/2024,AM-51     ,1252,614.8,3791.0,21.0,3770.0
01/01/2024,AM-52     ,1669,714.4,4473.0,26.0,4447.0
01/01/2024,AM-53     ,1760,769.7,7813.0,243.0,7570.0
01/01/2024,AM-54     ,790,420.6,3750.0,24.0,3726.0
01/01/2024,AM-56     ,375,231.1,10729.0,947.0,9782.0
01/01/2024,AM-57     ,544,267.2,11350.0,1438.0,9912.0
01/01/2024,AM-58     ,633,374.6,13038.0,1988.0,11050.0
01/01/2024,AM-59     ,442,227.3,14820.0,3164.0,11656.0
01/01/2024,AM-60     ,627,235.5,17154.0,1276.0,15878.0
01/01/2024,AM-62     ,640,315.3,16502.0,1491.0,15011.0
01/01/2024,AM-64     ,591,295.6,5419.0,666.0,4753.0
01/01/2024,AM-65     ,758,332.3,7058.0,610.0,6448.0
01/01/2024,AM-66     ,564,330.9,6157.0,664.0,5493.0
01/01/2024,AM-67     ,505,332.0,6577.0,638.0,5939.0
01/01/2024,AM-68     ,136,68.2,5402.0,362.0,5040.0
01/01/2024,AM-69     ,486,285.8,13516.0,988.0,12528.0
01/01/2024,AM-71     ,382,255.7,11232.0,950.0,10282.0
01/01/2024,AM-72     ,7,4.6,136.0,18.0,118.0
01/01/2024,AM-73     ,360,148.1,5251.0,841.0,4410.0
01/01/2024,AM-74     ,420,144.4,9690.0,1305.0,8385.0
01/01/2024,AM-75     ,219,77.2,6256.0,775.0,5481.0
01/01/2024,AM-76     ,206,113.6,6329.0,781.0,5548.0
01/01/2024,AM-77     ,88,49.3,3649.0,230.0,3419.0
01/01/2024,TM-001    ,314,246.0,4916.0,35.0,4881.0
01/01/2024,TM-002    ,667,342.5,8110.0,49.0,8061.0
01/01/2024,TM-003    ,627,278.6,6111.0,33.0,6078.0
01/01/2024,TM-004    ,14,7.6,213.0,1.0,212.0
01/01/2024,TM-005    ,376,193.8,6076.0,21.0,6055.0
01/01/2024,TM-007    ,529,325.9,8356.0,52.0,8304.0
01/01/2024,TM-008    ,511,259.2,5967.0,57.0,5910.0
01/01/2024,TM-009    ,462,198.1,5583.0,40.0,5543.0
01/01/2024,TM-010    ,356,167.5,4743.0,28.0,4715.0
01/01/2024,TM-011    ,9,4.7,157.0,0.0,157.0
01/01/2024,TM-012    ,464,343.8,9935.0,24.0,9911.0
01/01/2024,TM-013    ,372,183.2,8696.0,95.0,8601.0
01/01/2024,TM-014    ,626,299.5,6965.0,102.0,6863.0
01/01/2024,TM-015    ,489,249.8,6327.0,25.0,6302.0
01/01/2024,TM-016    ,437,216.6,7444.0,18.0,7426.0
01/01/2024,TM-018    ,248,172.0,4647.0,30.0,4617.0
01/01/2024,TM-019    ,468,359.3,7222.0,33.0,7189.0
01/01/2024,TM-020    ,11,6.3,145.0,1.0,144.0
01/01/2024,TM-022    ,448,201.7,4418.0,29.0,4389.0
01/01/2024,TM-023    ,551,346.4,8539.0,141.0,8398.0
01/01/2024,TM-024    ,420,246.9,5363.0,38.0,5325.0
01/01/2024,TM-025    ,606,332.8,6429.0,51.0,6378.0
01/01/2024,TM-026    ,497,254.0,6902.0,36.0,6866.0
01/01/2024,TM-027    ,705,368.3,8066.0,53.0,8013.0
01/01/2024,TM-028    ,648,342.0,8132.0,99.0,8033.0
01/01/2024,TM-029    ,438,234.4,9482.0,91.0,9391.0
01/01/2024,TM-030    ,547,281.9,5592.0,35.0,5557.0
01/01/2024,TM-031    ,189,96.5,3234.0,5.0,3229.0
01/01/2024,TM-032    ,707,268.0,6280.0,104.0,6176.0
01/01/2024,TM-033    ,604,321.7,8622.0,93.0,8529.0
01/01/2024,TM-034    ,648,202.7,7847.0,72.0,7775.0
01/01/2024,TM-035    ,729,324.5,11515.0,40.0,11475.0
01/01/2024,TM-038    ,497,336.7,8467.0,109.0,8358.0
01/01/2024,TM-039    ,521,218.9,6181.0,22.0,6159.0
01/01/2024,TM-040    ,578,223.5,6754.0,54.0,6700.0
01/01/2024,TM-041    ,711,367.8,8327.0,39.0,8288.0
01/01/2024,TM-044    ,165,99.8,2865.0,36.0,2829.0
01/01/2024,TM-046    ,432,182.1,4866.0,251.0,4615.0
01/01/2024,TM-047    ,427,224.6,6706.0,271.0,6435.0
01/01/2024,TM-048    ,389,260.5,6177.0,204.0,5973.0
01/01/2024,TM-049    ,422,236.1,7198.0,151.0,7047.0
01/01/2024,TM-050    ,443,293.9,7759.0,183.0,7576.0
01/01/2024,TM-051    ,77,32.2,714.0,48.0,666.0
01/01/2024,TM-052    ,535,337.2,10180.0,87.0,10093.0
01/01/2024,TM-053    ,647,282.7,8548.0,223.0,8325.0
01/01/2024,TM-054    ,378,231.6,6711.0,259.0,6452.0
01/01/2024,TM-055    ,518,309.1,6541.0,149.0,6392.0
01/01/2024,TM-056    ,414,263.9,7394.0,278.0,7116.0
01/01/2024,TM-057    ,387,229.5,6099.0,282.0,5817.0
01/01/2024,TM-058    ,473,234.7,10619.0,199.0,10420.0
01/01/2024,TM-059    ,502,248.4,6693.0,110.0,6583.0
01/01/2024,TM-060    ,597,259.3,6484.0,194.0,6290.0
01/01/2024,TM-067    ,6,3.1,118.0,0.0,118.0
01/01/2024,TM-072    ,256,145.1,4770.0,77.0,4693.0
01/01/2024,TM-073    ,153,61.9,1805.0,29.0,1776.0
01/01/2024,TM-074    ,5,2.3,71.0,0.0,71.0
01/02/2024,AM-01     ,1838,674.4,5937.0,158.0,5779.0
01/02/2024,AM-02     ,1512,686.5,7767.0,214.0,7553.0
01/02/2024,AM-021    ,2,1.0,9.0,0.0,9.0
01/02/2024,AM-023    ,8,4.3,151.0,15.0,136.0
01/02/2024,AM-03     ,887,431.0,5203.0,289.0,4914.0
01/02/2024,AM-034    ,9,4.8,293.0,35.0,258.0
01/02/2024,AM-04     ,587,317.4,4471.0,508.0,3963.0
01/02/2024,AM-05     ,674,440.5,5362.0,526.0,4836.0
01/02/2024,AM-06     ,710,412.6,7599.0,580.0,7019.0
01/02/2024,AM-07     ,43,23.3,540.0,101.0,439.0
01/02/2024,AM-08     ,1361,572.4,7061.0,429.0,6632.0
01/02/2024,AM-09     ,402,273.1,9244.0,1197.0,8047.0
01/02/2024,AM-10     ,450,260.9,7896.0,836.0,7060.0
01/02/2024,AM-12     ,877,646.1,5277.0,532.0,4745.0
01/02/2024,AM-13     ,410,240.4,7114.0,794.0,6320.0
01/02/2024,AM-14     ,808,419.1,5768.0,370.0,5398.0
01/02/2024,AM-15     ,398,177.0,9804.0,1190.0,8614.0
01/02/2024,AM-16     ,10,3.4,130.0,18.0,112.0
01/02/2024,AM-17     ,505,287.0,10076.0,949.0,9127.0
01/02/2024,AM-18     ,319,171.6,8728.0,777.0,7951.0
01/02/2024,AM-19     ,500,158.8,7487.0,390.0,7097.0
01/02/2024,AM-20     ,426,211.9,7288.0,803.0,6485.0
01/02/2024,AM-21     ,524,213.8,6622.0,1138.0,5484.0
01/02/2024,AM-22     ,403,269.3,7474.0,703.0,6771.0
01/02/2024,AM-23     ,625,282.0,9333.0,1109.0,8224.0
01/02/2024,AM-24     ,328,188.1,5895.0,932.0,4963.0
01/02/2024,AM-25     ,481,239.4,5995.0,860.0,5135.0
01/02/2024,AM-26     ,444,237.2,5599.0,435.0,5164.0
01/02/2024,AM-27     ,709,336.8,8844.0,835.0,8009.0
01/02/2024,AM-28     ,657,248.4,6947.0,928.0,6019.0
01/02/2024,AM-29     ,699,374.2,8460.0,563.0,7897.0
01/02/2024,AM-30     ,763,352.8,8580.0,680.0,7900.0
01/02/2024,AM-31     ,354,162.9,4470.0,631.0,3839.0
01/02/2024,AM-32     ,533,229.1,8511.0,824.0,7687.0
01/02/2024,AM-33     ,551,256.9,8653.0,561.0,8092.0
01/02/2024,AM-34     ,510,302.4,15150.0,2439.0,12711.0
01/02/2024,AM-35     ,18,8.0,341.0,88.0,253.0
01/02/2024,AM-36     ,588,289.2,8712.0,574.0,8138.0
01/02/2024,AM-37     ,719,344.9,4061.0,454.0,3607.0
01/02/2024,AM-38     ,1177,650.0,3978.0,898.0,3080.0
01/02/2024,AM-40     ,885,489.6,5011.0,539.0,4472.0
01/02/2024,AM-41     ,1251,832.0,4587.0,205.0,4382.0
01/02/2024,AM-42     ,1446,882.6,6314.0,474.0,5840.0
01/02/2024,AM-43     ,524,171.7,6723.0,1233.0,5490.0
01/02/2024,AM-44     ,464,203.3,8568.0,1184.0,7384.0
01/02/2024,AM-45     ,584,207.4,16001.0,2555.0,13446.0
01/02/2024,AM-46     ,314,228.2,6489.0,1290.0,5199.0
01/02/2024,AM-47     ,1593,785.2,6338.0,430.0,5908.0
01/02/2024,AM-48     ,1253,621.7,5525.0,224.0,5301.0
01/02/2024,AM-49     ,1287,551.9,5564.0,23.0,5541.0
01/02/2024,AM-50     ,1312,645.6,6133.0,26.0,6107.0
01/02/2024,AM-51     ,862,682.7,3855.0,21.0,3834.0
01/02/2024,AM-52     ,1383,854.7,5769.0,39.0,5730.0
01/02/2024,AM-53     ,1985,957.1,5966.0,103.0,5863.0
01/02/2024,AM-54     ,848,322.4,3262.0,18.0,3244.0
01/02/2024,AM-56     ,346,144.3,10068.0,821.0,9247.0
01/02/2024,AM-57     ,306,245.6,12836.0,1923.0,10913.0
01/02/2024,AM-58     ,274,123.6,6657.0,1317.0,5340.0
01/02/2024,AM-59     ,454,293.7,12180.0,897.0,11283.0
01/02/2024,AM-60     ,570,217.7,14713.0,1355.0,13358.0
01/02/2024,AM-62     ,419,192.9,11928.0,1092.0,10836.0
01/02/2024,AM-63     ,11,5.5,190.0,22.0,168.0
01/02/2024,AM-64     ,433,333.6,6205.0,540.0,5665.0
01/02/2024,AM-65     ,818,406.2,7692.0,824.0,6868.0
01/02/2024,AM-66     ,544,240.0,4779.0,645.0,4134.0
01/02/2024,AM-67     ,600,221.5,7751.0,729.0,7022.0
01/02/2024,AM-68     ,322,180.7,11080.0,1218.0,9862.0
01/02/2024,AM-69     ,453,227.6,12641.0,1591.0,11050.0
01/02/2024,AM-70     ,53,35.3,1418.0,22.0,1396.0
01/02/2024,AM-71     ,309,157.6,11488.0,992.0,10496.0
01/02/2024,AM-72     ,72,36.3,1885.0,167.0,1718.0
01/02/2024,AM-73     ,208,92.0,3427.0,329.0,3098.0
01/02/2024,AM-74     ,318,156.1,8602.0,527.0,8075.0
01/02/2024,AM-75     ,201,96.4,4853.0,569.0,4284.0
01/02/2024,AM-76     ,167,69.4,2818.0,576.0,2242.0
01/02/2024,AM-77     ,129,102.2,4359.0,265.0,4094.0
01/02/2024,TM-001    ,294,166.6,5159.0,42.0,5117.0
01/02/2024,TM-002    ,287,187.0,4251.0,28.0,4223.0
01/02/2024,TM-003    ,428,245.9,4962.0,13.0,4949.0
01/02/2024,TM-005    ,454,265.9,6550.0,26.0,6524.0
01/02/2024,TM-007    ,334,207.5,6965.0,17.0,6948.0
01/02/2024,TM-008    ,499,178.9,7738.0,14.0,7724.0
01/02/2024,TM-009    ,617,205.2,7137.0,47.0,7090.0
01/02/2024,TM-010    ,514,232.2,9537.0,19.0,9518.0
01/02/2024,TM-012    ,400,206.5,5620.0,68.0,5552.0
01/02/2024,TM-013    ,446,230.8,5852.0,49.0,5803.0
01/02/2024,TM-014    ,262,136.3,3567.0,24.0,3543.0
01/02/2024,TM-015    ,362,186.9,4656.0,58.0,4598.0
01/02/2024,TM-016    ,587,263.1,6325.0,37.0,6288.0
01/02/2024,TM-018    ,547,208.3,8211.0,41.0,8170.0
01/02/2024,TM-019    ,527,185.1,7275.0,28.0,7247.0
01/02/2024,TM-022    ,550,321.2,9187.0,43.0,9144.0
01/02/2024,TM-023    ,657,287.8,8917.0,55.0,8862.0
01/02/2024,TM-024    ,443,252.7,8554.0,69.0,8485.0
01/02/2024,TM-025    ,467,252.9,5918.0,31.0,5887.0
01/02/2024,TM-026    ,482,243.8,6345.0,71.0,6274.0
01/02/2024,TM-027    ,443,254.0,7991.0,22.0,7969.0
01/02/2024,TM-028    ,405,269.2,8936.0,73.0,8863.0
01/02/2024,TM-029    ,476,244.7,4976.0,76.0,4900.0
01/02/2024,TM-030    ,364,231.0,4479.0,27.0,4452.0
01/02/2024,TM-031    ,497,219.1,7167.0,34.0,7133.0
01/02/2024,TM-032    ,431,302.9,9093.0,159.0,8934.0
01/02/2024,TM-033    ,591,226.4,7026.0,125.0,6901.0
01/02/2024,TM-034    ,525,297.7,8691.0,63.0,8628.0
01/02/2024,TM-035    ,335,267.4,4886.0,21.0,4865.0
01/02/2024,TM-038    ,365,174.6,6086.0,39.0,6047.0
01/02/2024,TM-039    ,454,316.8,6053.0,106.0,5947.0
01/02/2024,TM-040    ,465,235.1,5672.0,31.0,5641.0
01/02/2024,TM-041    ,395,312.4,5661.0,52.0,5609.0
01/02/2024,TM-044    ,111,70.2,1911.0,14.0,1897.0
01/02/2024,TM-045    ,136,58.2,1758.0,27.0,1731.0
01/02/2024,TM-046    ,249,163.3,5103.0,233.0,4870.0
01/02/2024,TM-047    ,524,193.0,7648.0,157.0,7491.0
01/02/2024,TM-048    ,208,105.7,3497.0,174.0,3323.0
01/02/2024,TM-049    ,309,181.0,4836.0,193.0,4643.0
01/02/2024,TM-050    ,300,164.3,4043.0,151.0,3892.0
01/02/2024,TM-051    ,356,226.2,5391.0,144.0,5247.0
01/02/2024,TM-052    ,550,202.5,5935.0,246.0,5689.0
01/02/2024,TM-053    ,458,233.4,6919.0,214.0,6705.0
01/02/2024,TM-054    ,636,319.1,8043.0,112.0,7931.0
01/02/2024,TM-055    ,380,207.1,5307.0,179.0,5128.0
01/02/2024,TM-056    ,527,246.9,8120.0,169.0,7951.0
01/02/2024,TM-057    ,435,224.2,6645.0,204.0,6441.0
01/02/2024,TM-058    ,572,247.3,7690.0,165.0,7525.0
01/02/2024,TM-059    ,572,336.2,9874.0,232.0,9642.0
01/02/2024,TM-060    ,537,287.0,9362.0,268.0,9094.0
01/02/2024,TM-072    ,383,215.1,6703.0,162.0,6541.0
01/02/2024,TM-073    ,408,289.4,7145.0,98.0,7047.0
01/03/2024,AM-01     ,2137,743.5,7164.0,257.0,6907.0
01/03/2024,AM-02     ,1468,820.8,7814.0,216.0,7598.0
01/03/2024,AM-03     ,717,469.3,7054.0,531.0,6523.0
01/03/2024,AM-04     ,846,398.0,8623.0,510.0,8113.0
01/03/2024,AM-046    ,7,4.6,223.0,74.0,149.0
01/03/2024,AM-047    ,37,16.2,101.0,4.0,97.0
01/03/2024,AM-05     ,845,441.6,5702.0,283.0,5419.0
01/03/2024,AM-056    ,8,4.9,222.0,1.0,221.0
01/03/2024,AM-06     ,889,331.1,5207.0,433.0,4774.0
01/03/2024,AM-07     ,56,30.1,536.0,57.0,479.0
01/03/2024,AM-08     ,991,559.5,7667.0,562.0,7105.0
01/03/2024,AM-09     ,167,93.6,1846.0,289.0,1557.0
01/03/2024,AM-10     ,494,247.0,10156.0,1403.0,8753.0
01/03/2024,AM-11     ,25,8.3,101.0,12.0,89.0
01/03/2024,AM-12     ,1161,442.3,3548.0,558.0,2990.0
01/03/2024,AM-13     ,513,329.0,9279.0,1254.0,8025.0
01/03/2024,AM-14     ,500,298.0,5760.0,510.0,5250.0
01/03/2024,AM-15     ,641,247.6,19471.0,1636.0,17835.0
01/03/2024,AM-16     ,48,20.7,1018.0,98.0,920.0
01/03/2024,AM-17     ,578,269.6,9107.0,754.0,8353.0
01/03/2024,AM-18     ,445,200.8,6424.0,797.0,5627.0
01/03/2024,AM-19     ,547,182.3,9199.0,979.0,8220.0
01/03/2024,AM-20     ,453,263.5,6874.0,875.0,5999.0
01/03/2024,AM-21     ,563,311.0,8457.0,639.0,7818.0
01/03/2024,AM-22     ,630,226.7,6980.0,1006.0,5974.0
01/03/2024,AM-23     ,420,177.2,7979.0,1165.0,6814.0
01/03/2024,AM-24     ,544,257.5,7217.0,915.0,6302.0
01/03/2024,AM-25     ,255,106.4,4013.0,301.0,3712.0
01/03/2024,AM-26     ,495,226.3,6249.0,476.0,5773.0
01/03/2024,AM-27     ,528,207.2,6541.0,583.0,5958.0
01/03/2024,AM-28     ,707,246.2,6239.0,894.0,5345.0
01/03/2024,AM-29     ,606,324.7,8819.0,589.0,8230.0
01/03/2024,AM-30     ,651,321.4,6187.0,831.0,5356.0
01/03/2024,AM-31     ,727,336.8,7460.0,859.0,6601.0
01/03/2024,AM-32     ,735,295.8,8714.0,806.0,7908.0
01/03/2024,AM-33     ,658,418.0,9926.0,669.0,9257.0
01/03/2024,AM-34     ,410,326.6,11986.0,2042.0,9944.0
01/03/2024,AM-36     ,530,233.1,9001.0,862.0,8139.0
01/03/2024,AM-37     ,1213,480.7,5386.0,855.0,4531.0
01/03/2024,AM-38     ,1134,589.0,6323.0,938.0,5385.0
01/03/2024,AM-40     ,1140,403.4,3961.0,742.0,3219.0
01/03/2024,AM-41     ,1630,849.6,6937.0,402.0,6535.0
01/03/2024,AM-42     ,1251,610.0,4547.0,214.0,4333.0
01/03/2024,AM-43     ,286,171.4,3104.0,469.0,2635.0
01/03/2024,AM-44     ,631,256.8,9571.0,1551.0,8020.0
01/03/2024,AM-45     ,643,321.2,21160.0,1760.0,19400.0
01/03/2024,AM-46     ,573,413.1,5641.0,592.0,5049.0
01/03/2024,AM-47     ,1351,643.2,7075.0,221.0,6854.0
01/03/2024,AM-48     ,1518,727.3,6532.0,456.0,6076.0
01/03/2024,AM-49     ,1215,473.1,5512.0,15.0,5497.0
01/03/2024,AM-50     ,1072,489.1,5492.0,19.0,5473.0
01/03/2024,AM-51     ,1717,714.0,4232.0,19.0,4213.0
01/03/2024,AM-52     ,1224,443.4,4034.0,15.0,4019.0
01/03/2024,AM-53     ,2194,679.7,5579.0,174.0,5405.0
01/03/2024,AM-54     ,928,402.4,3572.0,19.0,3553.0
01/03/2024,AM-55     ,176,91.9,593.0,15.0,578.0
01/03/2024,AM-56     ,391,179.6,9407.0,1035.0,8372.0
01/03/2024,AM-57     ,556,233.7,17305.0,1144.0,16161.0
01/03/2024,AM-58     ,508,249.3,14053.0,1448.0,12605.0
01/03/2024,AM-59     ,350,168.2,10551.0,999.0,9552.0
01/03/2024,AM-60     ,429,233.0,11739.0,1121.0,10618.0
01/03/2024,AM-61     ,8,4.8,139.0,14.0,125.0
01/03/2024,AM-62     ,246,155.1,7100.0,840.0,6260.0
01/03/2024,AM-64     ,447,371.8,4805.0,646.0,4159.0
01/03/2024,AM-65     ,461,365.1,6272.0,677.0,5595.0
01/03/2024,AM-66     ,767,232.8,6912.0,862.0,6050.0
01/03/2024,AM-67     ,530,362.6,5656.0,633.0,5023.0
01/03/2024,AM-68     ,453,164.1,11569.0,2140.0,9429.0
01/03/2024,AM-69     ,545,285.8,16173.0,2543.0,13630.0
01/03/2024,AM-70     ,206,89.5,5996.0,488.0,5508.0
01/03/2024,AM-71     ,388,221.1,12379.0,1409.0,10970.0
01/03/2024,AM-72     ,242,86.3,6567.0,380.0,6187.0
01/03/2024,AM-73     ,183,70.1,3870.0,475.0,3395.0
01/03/2024,AM-74     ,301,150.3,7412.0,715.0,6697.0
01/03/2024,AM-75     ,178,95.9,3538.0,396.0,3142.0
01/03/2024,AM-76     ,92,39.0,1338.0,142.0,1196.0
01/03/2024,AM-77     ,110,58.7,2904.0,340.0,2564.0
01/03/2024,TM-001    ,551,338.2,7225.0,27.0,7198.0
01/03/2024,TM-002    ,444,182.0,4635.0,37.0,4598.0
01/03/2024,TM-003    ,227,111.6,3844.0,26.0,3818.0
01/03/2024,TM-004    ,581,182.1,5838.0,94.0,5744.0
01/03/2024,TM-005    ,437,249.8,8290.0,61.0,8229.0
01/03/2024,TM-006    ,13,6.1,210.0,1.0,209.0
01/03/2024,TM-007    ,698,235.5,7211.0,75.0,7136.0
01/03/2024,TM-008    ,597,238.9,6242.0,64.0,6178.0
01/03/2024,TM-009    ,508,218.1,8986.0,49.0,8937.0
01/03/2024,TM-010    ,560,342.9,6196.0,66.0,6130.0
01/03/2024,TM-011    ,15,5.3,177.0,0.0,177.0
01/03/2024,TM-012    ,269,148.7,4187.0,32.0,4155.0
01/03/2024,TM-013    ,621,274.2,8755.0,36.0,8719.0
01/03/2024,TM-014    ,339,218.1,7222.0,15.0,7207.0
01/03/2024,TM-015    ,87,30.4,1214.0,3.0,1211.0
01/03/2024,TM-016    ,412,159.6,4425.0,37.0,4388.0
01/03/2024,TM-018    ,484,223.4,9301.0,54.0,9247.0
01/03/2024,TM-019    ,508,249.3,6627.0,26.0,6601.0
01/03/2024,TM-021    ,7,3.8,110.0,0.0,110.0
01/03/2024,TM-022    ,654,305.6,8727.0,79.0,8648.0
01/03/2024,TM-023    ,417,224.8,6546.0,50.0,6496.0
01/03/2024,TM-024    ,394,187.5,4196.0,72.0,4124.0
01/03/2024,TM-025    ,428,243.7,5713.0,77.0,5636.0
01/03/2024,TM-026    ,500,275.6,9300.0,37.0,9263.0
01/03/2024,TM-027    ,368,279.2,8145.0,53.0,8092.0
01/03/2024,TM-028    ,531,250.6,8949.0,63.0,8886.0
01/03/2024,TM-029    ,296,160.3,4047.0,18.0,4029.0
01/03/2024,TM-030    ,630,301.4,9043.0,121.0,8922.0
01/03/2024,TM-031    ,600,265.8,8943.0,73.0,8870.0
01/03/2024,TM-032    ,481,223.3,7446.0,44.0,7402.0
01/03/2024,TM-033    ,693,278.3,7381.0,104.0,7277.0
01/03/2024,TM-034    ,618,221.9,6850.0,52.0,6798.0
01/03/2024,TM-036    ,18,5.8,215.0,0.0,215.0
01/03/2024,TM-038    ,521,207.1,6668.0,41.0,6627.0
01/03/2024,TM-039    ,489,234.5,7481.0,74.0,7407.0
01/03/2024,TM-040    ,434,280.1,8133.0,92.0,8041.0
01/03/2024,TM-041    ,595,314.2,6489.0,65.0,6424.0
01/03/2024,TM-045    ,19,10.0,370.0,1.0,369.0
01/03/2024,TM-046    ,262,177.2,3450.0,362.0,3088.0
01/03/2024,TM-047    ,454,274.3,6443.0,266.0,6177.0
01/03/2024,TM-048    ,427,254.5,6793.0,225.0,6568.0
01/03/2024,TM-049    ,497,276.4,6838.0,252.0,6586.0
01/03/2024,TM-050    ,284,158.9,4552.0,108.0,4444.0
01/03/2024,TM-051    ,428,178.9,6562.0,154.0,6408.0
01/03/2024,TM-052    ,505,246.7,8221.0,156.0,8065.0
01/03/2024,TM-053    ,662,275.9,9811.0,165.0,9646.0
01/03/2024,TM-054    ,546,287.9,7606.0,197.0,7409.0
01/03/2024,TM-055    ,556,286.4,7617.0,180.0,7437.0
01/03/2024,TM-056    ,553,245.5,5400.0,151.0,5249.0
01/03/2024,TM-057    ,311,137.0,5186.0,44.0,5142.0
01/03/2024,TM-058    ,421,209.9,8909.0,140.0,8769.0
01/03/2024,TM-059    ,534,185.5,7499.0,178.0,7321.0
01/03/2024,TM-060    ,560,264.7,8658.0,127.0,8531.0
01/03/2024,TM-071    ,8,4.1,92.0,13.0,79.0
01/03/2024,TM-072    ,410,239.5,5295.0,91.0,5204.0
01/03/2024,TM-073    ,499,246.6,8419.0,94.0,8325.0
01/03/2024,TM-074    ,193,126.9,3233.0,41.0,3192.0
01/03/2024,TM-075    ,75,39.4,1144.0,26.0,1118.0
01/03/2024,TM-076    ,8,5.3,139.0,0.0,139.0
01/04/2024,AM-01     ,1797,642.4,8726.0,226.0,8500.0
01/04/2024,AM-02     ,1201,839.1,7933.0,214.0,7719.0
01/04/2024,AM-03     ,414,284.4,4847.0,784.0,4063.0
01/04/2024,AM-04     ,679,292.7,8204.0,1076.0,7128.0
01/04/2024,AM-043    ,11,4.2,261.0,53.0,208.0
01/04/2024,AM-05     ,743,465.3,7538.0,557.0,6981.0
01/04/2024,AM-06     ,609,262.4,8608.0,896.0,7712.0
01/04/2024,AM-066    ,1,0.5,37.0,0.0,37.0
01/04/2024,AM-069    ,11,5.4,382.0,0.0,382.0
01/04/2024,AM-07     ,561,249.5,8058.0,1782.0,6276.0
01/04/2024,AM-08     ,1322,638.1,7007.0,1237.0,5770.0
01/04/2024,AM-09     ,398,185.1,9364.0,2319.0,7045.0
01/04/2024,AM-10     ,348,183.5,7547.0,2113.0,5434.0
01/04/2024,AM-11     ,338,187.4,6401.0,150.0,6251.0
01/04/2024,AM-12     ,796,591.5,6541.0,1314.0,5227.0
01/04/2024,AM-13     ,550,333.8,9651.0,2379.0,7272.0
01/04/2024,AM-14     ,694,366.4,8070.0,790.0,7280.0
01/04/2024,AM-15     ,623,223.3,15832.0,1334.0,14498.0
01/04/2024,AM-16     ,284,179.2,7350.0,1653.0,5697.0
01/04/2024,AM-17     ,430,232.1,8366.0,2180.0,6186.0
01/04/2024,AM-18     ,543,195.1,11579.0,2295.0,9284.0
01/04/2024,AM-19     ,434,193.4,8042.0,2460.0,5582.0
01/04/2024,AM-20     ,359,175.2,8515.0,1978.0,6537.0
01/04/2024,AM-21     ,465,181.6,7779.0,2847.0,4932.0
01/04/2024,AM-22     ,514,296.2,9886.0,3826.0,6060.0
01/04/2024,AM-23     ,443,159.7,8945.0,2996.0,5949.0
01/04/2024,AM-24     ,436,273.0,6649.0,1857.0,4792.0
01/04/2024,AM-25     ,454,278.5,11448.0,2206.0,9242.0
01/04/2024,AM-26     ,557,250.6,7018.0,2385.0,4633.0
01/04/2024,AM-27     ,333,232.0,6420.0,928.0,5492.0
01/04/2024,AM-28     ,560,431.3,7890.0,1792.0,6098.0
01/04/2024,AM-29     ,564,297.3,9173.0,1137.0,8036.0
01/04/2024,AM-30     ,451,224.7,7767.0,1732.0,6035.0
01/04/2024,AM-31     ,553,260.9,10798.0,2056.0,8742.0
01/04/2024,AM-32     ,589,242.3,9850.0,1988.0,7862.0
01/04/2024,AM-33     ,647,313.8,9369.0,1234.0,8135.0
01/04/2024,AM-34     ,444,316.1,21004.0,2786.0,18218.0
01/04/2024,AM-35     ,111,58.2,1680.0,24.0,1656.0
01/04/2024,AM-36     ,451,255.7,10891.0,1915.0,8976.0
01/04/2024,AM-37     ,586,318.5,3554.0,506.0,3048.0
01/04/2024,AM-38     ,793,531.6,5454.0,871.0,4583.0
01/04/2024,AM-39     ,375,159.2,7223.0,111.0,7112.0
01/04/2024,AM-40     ,810,557.8,5792.0,758.0,5034.0
01/04/2024,AM-41     ,973,611.5,4583.0,326.0,4257.0
01/04/2024,AM-42     ,1459,692.2,5719.0,378.0,5341.0
01/04/2024,AM-43     ,471,180.2,7557.0,2092.0,5465.0
01/04/2024,AM-44     ,412,199.8,8237.0,1315.0,6922.0
01/04/2024,AM-45     ,650,298.4,16704.0,2803.0,13901.0
01/04/2024,AM-46     ,427,221.3,10429.0,2633.0,7796.0
01/04/2024,AM-47     ,1612,763.7,8975.0,361.0,8614.0
01/04/2024,AM-48     ,1783,659.2,6856.0,247.0,6609.0
01/04/2024,AM-49     ,1309,532.9,5262.0,18.0,5244.0
01/04/2024,AM-50     ,1305,799.9,5361.0,31.0,5330.0
01/04/2024,AM-51     ,1293,649.9,5940.0,21.0,5919.0
01/04/2024,AM-52     ,1455,981.7,8415.0,168.0,8247.0
01/04/2024,AM-53     ,684,406.2,6003.0,625.0,5378.0
01/04/2024,AM-54     ,399,259.6,1889.0,37.0,1852.0
01/04/2024,AM-55     ,817,443.2,5632.0,532.0,5100.0
01/04/2024,AM-56     ,575,177.2,16352.0,2318.0,14034.0
01/04/2024,AM-57     ,798,361.5,18970.0,1384.0,17586.0
01/04/2024,AM-58     ,574,298.1,14756.0,2568.0,12188.0
01/04/2024,AM-59     ,652,366.7,15716.0,2503.0,13213.0
01/04/2024,AM-60     ,675,255.6,4609.0,828.0,3781.0
01/04/2024,AM-61     ,312,159.8,8133.0,103.0,8030.0
01/04/2024,AM-62     ,470,184.4,11419.0,1657.0,9762.0
01/04/2024,AM-63     ,212,114.0,3834.0,75.0,3759.0
01/04/2024,AM-64     ,545,304.2,6028.0,1341.0,4687.0
01/04/2024,AM-65     ,722,290.7,8205.0,812.0,7393.0
01/04/2024,AM-66     ,487,278.9,4741.0,766.0,3975.0
01/04/2024,AM-67     ,557,335.8,8094.0,931.0,7163.0
01/04/2024,AM-68     ,680,269.5,16413.0,2179.0,14234.0
01/04/2024,AM-69     ,378,286.0,18084.0,2717.0,15367.0
01/04/2024,AM-70     ,407,232.8,15732.0,1154.0,14578.0
01/04/2024,AM-71     ,515,167.0,12426.0,1538.0,10888.0
01/04/2024,AM-72     ,265,133.1,6025.0,809.0,5216.0
01/04/2024,AM-73     ,209,88.5,4099.0,1840.0,2259.0
01/04/2024,AM-74     ,220,129.6,8702.0,978.0,7724.0
01/04/2024,AM-75     ,123,82.3,2669.0,1314.0,1355.0
01/04/2024,AM-76     ,49,25.0,993.0,511.0,482.0
01/04/2024,AM-77     ,66,30.5,1642.0,368.0,1274.0
01/04/2024,TM-001    ,109,48.4,1457.0,31.0,1426.0
01/04/2024,TM-002    ,490,265.8,7021.0,27.0,6994.0
01/04/2024,TM-003    ,350,234.8,7932.0,22.0,7910.0
01/04/2024,TM-004    ,745,244.2,10421.0,94.0,10327.0
01/04/2024,TM-005    ,509,277.7,7623.0,32.0,7591.0
01/04/2024,TM-007    ,606,216.2,8864.0,50.0,8814.0
01/04/2024,TM-008    ,385,222.1,7576.0,73.0,7503.0
01/04/2024,TM-009    ,188,74.0,2814.0,5.0,2809.0
01/04/2024,TM-010    ,604,307.0,7220.0,86.0,7134.0
01/04/2024,TM-011    ,13,7.2,193.0,0.0,193.0
01/04/2024,TM-012    ,266,151.2,5110.0,9.0,5101.0
01/04/2024,TM-013    ,383,146.5,5850.0,64.0,5786.0
01/04/2024,TM-014    ,471,209.7,5521.0,29.0,5492.0
01/04/2024,TM-015    ,399,179.5,5568.0,39.0,5529.0
01/04/2024,TM-016    ,693,296.3,7503.0,35.0,7468.0
01/04/2024,TM-017    ,400,217.2,5559.0,38.0,5521.0
01/04/2024,TM-018    ,732,322.7,8260.0,35.0,8225.0
01/04/2024,TM-019    ,302,151.5,4200.0,24.0,4176.0
01/04/2024,TM-020    ,2,1.5,31.0,0.0,31.0
01/04/2024,TM-022    ,438,293.7,8209.0,16.0,8193.0
01/04/2024,TM-023    ,440,314.3,5917.0,60.0,5857.0
01/04/2024,TM-024    ,564,235.5,7026.0,34.0,6992.0
01/04/2024,TM-025    ,557,222.6,7398.0,53.0,7345.0
01/04/2024,TM-026    ,452,203.3,5308.0,40.0,5268.0
01/04/2024,TM-027    ,178,83.5,2753.0,17.0,2736.0
01/04/2024,TM-028    ,427,270.8,8524.0,76.0,8448.0
01/04/2024,TM-029    ,701,310.5,8081.0,78.0,8003.0
01/04/2024,TM-030    ,554,224.9,9712.0,50.0,9662.0
01/04/2024,TM-031    ,478,235.1,9597.0,110.0,9487.0
01/04/2024,TM-032    ,689,322.2,10215.0,45.0,10170.0
01/04/2024,TM-033    ,385,298.4,8246.0,56.0,8190.0
01/04/2024,TM-034    ,518,292.9,8694.0,20.0,8674.0
01/04/2024,TM-038    ,474,262.9,6966.0,84.0,6882.0
01/04/2024,TM-039    ,257,143.4,5624.0,24.0,5600.0
01/04/2024,TM-040    ,685,285.3,7177.0,17.0,7160.0
01/04/2024,TM-041    ,440,250.7,6238.0,37.0,6201.0
01/04/2024,TM-046    ,256,169.5,4129.0,282.0,3847.0
01/04/2024,TM-047    ,297,135.3,5401.0,80.0,5321.0
01/04/2024,TM-048    ,377,165.4,3974.0,315.0,3659.0
01/04/2024,TM-049    ,405,189.0,7291.0,237.0,7054.0
01/04/2024,TM-050    ,427,188.6,5776.0,328.0,5448.0
01/04/2024,TM-051    ,427,345.1,9433.0,182.0,9251.0
01/04/2024,TM-052    ,387,212.4,6430.0,105.0,6325.0
01/04/2024,TM-053    ,488,227.3,6612.0,141.0,6471.0
01/04/2024,TM-054    ,663,287.4,6554.0,121.0,6433.0
01/04/2024,TM-055    ,594,294.2,6393.0,271.0,6122.0
01/04/2024,TM-056    ,427,257.8,7789.0,168.0,7621.0
01/04/2024,TM-057    ,349,191.9,6177.0,101.0,6076.0
01/04/2024,TM-058    ,491,239.8,5613.0,264.0,5349.0
01/04/2024,TM-059    ,357,171.0,5925.0,127.0,5798.0
01/04/2024,TM-060    ,643,261.2,7779.0,253.0,7526.0
01/04/2024,TM-071    ,8,4.6,112.0,0.0,112.0
01/04/2024,TM-072    ,620,296.9,7472.0,178.0,7294.0
01/04/2024,TM-073    ,526,180.3,5325.0,82.0,5243.0
01/04/2024,TM-074    ,300,111.2,4324.0,91.0,4233.0
01/04/2024,TM-075    ,282,141.1,4241.0,48.0,4193.0
01/04/2024,TM-076    ,212,117.7,3143.0,80.0,3063.0
01/05/2024,AM-01     ,1844,732.4,7299.0,81.0,7218.0
01/05/2024,AM-02     ,1225,703.8,5450.0,136.0,5314.0
01/05/2024,AM-03     ,660,305.6,8082.0,731.0,7351.0
01/05/2024,AM-04     ,585,256.8,7391.0,557.0,6834.0
01/05/2024,AM-05     ,857,378.8,8350.0,728.0,7622.0
01/05/2024,AM-06     ,903,446.0,6542.0,761.0,5781.0
01/05/2024,AM-067    ,9,4.4,100.0,12.0,88.0
01/05/2024,AM-07     ,406,209.0,6592.0,846.0,5746.0
01/05/2024,AM-08     ,1058,506.6,9988.0,382.0,9606.0
01/05/2024,AM-09     ,390,189.7,11088.0,1018.0,10070.0
01/05/2024,AM-10     ,460,270.8,8203.0,585.0,7618.0
01/05/2024,AM-11     ,322,138.6,8044.0,97.0,7947.0
01/05/2024,AM-12     ,797,551.3,6418.0,565.0,5853.0
01/05/2024,AM-13     ,716,342.3,9287.0,1154.0,8133.0
01/05/2024,AM-14     ,826,346.4,8957.0,583.0,8374.0
01/05/2024,AM-15     ,541,214.4,12306.0,968.0,11338.0
01/05/2024,AM-16     ,471,178.7,6153.0,682.0,5471.0
01/05/2024,AM-17     ,466,230.6,8401.0,1103.0,7298.0
01/05/2024,AM-18     ,617,250.9,9243.0,770.0,8473.0
01/05/2024,AM-19     ,488,229.6,5740.0,624.0,5116.0
01/05/2024,AM-20     ,560,250.8,9577.0,1249.0,8328.0
01/05/2024,AM-21     ,471,233.0,9975.0,868.0,9107.0
01/05/2024,AM-22     ,608,291.5,8376.0,1256.0,7120.0
01/05/2024,AM-23     ,321,215.6,7421.0,644.0,6777.0
01/05/2024,AM-24     ,445,240.6,9954.0,1236.0,8718.0
01/05/2024,AM-25     ,308,160.6,5153.0,627.0,4526.0
01/05/2024,AM-26     ,602,277.8,7059.0,596.0,6463.0
01/05/2024,AM-27     ,621,223.5,9952.0,886.0,9066.0
01/05/2024,AM-28     ,544,296.7,10141.0,830.0,9311.0
01/05/2024,AM-29     ,628,274.1,8141.0,663.0,7478.0
01/05/2024,AM-30     ,398,237.7,7601.0,512.0,7089.0
01/05/2024,AM-31     ,499,383.9,10860.0,839.0,10021.0
01/05/2024,AM-32     ,460,315.5,9409.0,640.0,8769.0
01/05/2024,AM-33     ,546,295.1,8694.0,847.0,7847.0
01/05/2024,AM-34     ,550,373.0,22381.0,1419.0,20962.0
01/05/2024,AM-35     ,58,24.9,1103.0,12.0,1091.0
01/05/2024,AM-36     ,579,253.3,12122.0,1026.0,11096.0
01/05/2024,AM-37     ,751,538.8,6505.0,647.0,5858.0
01/05/2024,AM-38     ,1084,502.6,5214.0,574.0,4640.0
01/05/2024,AM-39     ,287,117.2,5367.0,71.0,5296.0
01/05/2024,AM-40     ,746,408.3,4684.0,479.0,4205.0
01/05/2024,AM-41     ,951,477.8,7828.0,425.0,7403.0
01/05/2024,AM-42     ,1682,654.7,6766.0,395.0,6371.0
01/05/2024,AM-43     ,338,187.2,6421.0,1186.0,5235.0
01/05/2024,AM-44     ,533,202.5,11568.0,1088.0,10480.0
01/05/2024,AM-45     ,576,235.7,18086.0,1732.0,16354.0
01/05/2024,AM-46     ,519,237.0,10549.0,790.0,9759.0
01/05/2024,AM-47     ,1231,706.7,6507.0,474.0,6033.0
01/05/2024,AM-48     ,1607,875.6,6606.0,330.0,6276.0
01/05/2024,AM-49     ,1060,381.4,4640.0,15.0,4625.0
01/05/2024,AM-50     ,495,269.5,2331.0,22.0,2309.0
01/05/2024,AM-51     ,1170,641.2,5096.0,24.0,5072.0
01/05/2024,AM-52     ,1929,770.6,4387.0,24.0,4363.0
01/05/2024,AM-53     ,839,337.8,4400.0,19.0,4381.0
01/05/2024,AM-54     ,1066,401.3,4032.0,14.0,4018.0
01/05/2024,AM-55     ,46,23.6,138.0,0.0,138.0
01/05/2024,AM-56     ,584,284.4,18838.0,1366.0,17472.0
01/05/2024,AM-57     ,700,313.4,16655.0,1476.0,15179.0
01/05/2024,AM-58     ,709,303.9,14291.0,1584.0,12707.0
01/05/2024,AM-59     ,715,267.2,15442.0,966.0,14476.0
01/05/2024,AM-60     ,445,209.9,11143.0,689.0,10454.0
01/05/2024,AM-61     ,311,169.2,5143.0,73.0,5070.0
01/05/2024,AM-62     ,402,253.8,9239.0,778.0,8461.0
01/05/2024,AM-63     ,387,132.2,6046.0,94.0,5952.0
01/05/2024,AM-64     ,644,342.9,3378.0,226.0,3152.0
01/05/2024,AM-65     ,419,214.5,7360.0,505.0,6855.0
01/05/2024,AM-66     ,649,235.4,7371.0,523.0,6848.0
01/05/2024,AM-67     ,490,190.2,6029.0,481.0,5548.0
01/05/2024,AM-68     ,413,216.2,12438.0,1014.0,11424.0
01/05/2024,AM-69     ,283,166.8,6423.0,434.0,5989.0
01/05/2024,AM-70     ,277,141.6,9064.0,810.0,8254.0
01/05/2024,AM-71     ,201,66.7,5842.0,357.0,5485.0
01/05/2024,AM-72     ,261,188.2,7888.0,943.0,6945.0
01/05/2024,AM-73     ,240,122.5,3785.0,774.0,3011.0
01/05/2024,AM-74     ,255,139.8,6390.0,718.0,5672.0
01/05/2024,AM-75     ,184,144.2,4994.0,558.0,4436.0
01/05/2024,AM-76     ,42,14.6,1027.0,86.0,941.0
01/05/2024,AM-77     ,7,4.1,111.0,19.0,92.0
01/05/2024,TM-001    ,425,260.1,6749.0,35.0,6714.0
01/05/2024,TM-002    ,478,287.3,7659.0,65.0,7594.0
01/05/2024,TM-003    ,140,68.3,1706.0,27.0,1679.0
01/05/2024,TM-004    ,365,187.0,6444.0,57.0,6387.0
01/05/2024,TM-005    ,262,176.3,5190.0,54.0,5136.0
01/05/2024,TM-007    ,286,154.7,5568.0,54.0,5514.0
01/05/2024,TM-008    ,450,229.0,7688.0,71.0,7617.0
01/05/2024,TM-009    ,512,180.5,7695.0,29.0,7666.0
01/05/2024,TM-010    ,579,357.3,10238.0,68.0,10170.0
01/05/2024,TM-012    ,431,223.4,6857.0,24.0,6833.0
01/05/2024,TM-013    ,497,301.6,7252.0,97.0,7155.0
01/05/2024,TM-014    ,291,150.4,5391.0,21.0,5370.0
01/05/2024,TM-015    ,693,349.3,7106.0,22.0,7084.0
01/05/2024,TM-016    ,497,247.3,9399.0,44.0,9355.0
01/05/2024,TM-017    ,661,302.5,5882.0,66.0,5816.0
01/05/2024,TM-018    ,584,346.2,10363.0,38.0,10325.0
01/05/2024,TM-019    ,475,273.9,8574.0,57.0,8517.0
01/05/2024,TM-021    ,2,0.9,36.0,0.0,36.0
01/05/2024,TM-022    ,475,272.5,6685.0,23.0,6662.0
01/05/2024,TM-023    ,562,307.0,9272.0,20.0,9252.0
01/05/2024,TM-024    ,524,237.9,5284.0,65.0,5219.0
01/05/2024,TM-025    ,481,267.7,7967.0,122.0,7845.0
01/05/2024,TM-026    ,479,358.2,6325.0,82.0,6243.0
01/05/2024,TM-027    ,564,239.7,8991.0,32.0,8959.0
01/05/2024,TM-028    ,502,292.7,8026.0,48.0,7978.0
01/05/2024,TM-029    ,455,314.7,8500.0,104.0,8396.0
01/05/2024,TM-030    ,470,257.5,9729.0,79.0,9650.0
01/05/2024,TM-031    ,431,323.3,9738.0,49.0,9689.0
01/05/2024,TM-032    ,563,259.4,7728.0,61.0,7667.0
01/05/2024,TM-033    ,494,361.4,9148.0,39.0,9109.0
01/05/2024,TM-034    ,498,211.5,8136.0,55.0,8081.0
01/05/2024,TM-038    ,540,246.3,8401.0,87.0,8314.0
01/05/2024,TM-039    ,256,155.1,3236.0,25.0,3211.0
01/05/2024,TM-040    ,427,212.3,6541.0,37.0,6504.0
01/05/2024,TM-041    ,575,203.1,5812.0,79.0,5733.0
01/05/2024,TM-046    ,269,221.7,4799.0,336.0,4463.0
01/05/2024,TM-047    ,359,141.1,4593.0,139.0,4454.0
01/05/2024,TM-048    ,375,193.7,4812.0,177.0,4635.0
01/05/2024,TM-049    ,371,161.5,6895.0,153.0,6742.0
01/05/2024,TM-050    ,416,190.3,5447.0,220.0,5227.0
01/05/2024,TM-051    ,533,303.6,8922.0,131.0,8791.0
01/05/2024,TM-052    ,498,284.3,7836.0,165.0,7671.0
01/05/2024,TM-053    ,633,275.7,6669.0,219.0,6450.0
01/05/2024,TM-054    ,654,277.1,8420.0,241.0,8179.0
01/05/2024,TM-055    ,113,72.1,2171.0,102.0,2069.0
01/05/2024,TM-056    ,257,105.4,2874.0,84.0,2790.0
01/05/2024,TM-057    ,491,196.7,5891.0,109.0,5782.0
01/05/2024,TM-058    ,668,224.7,6129.0,242.0,5887.0
01/05/2024,TM-059    ,540,281.9,7193.0,141.0,7052.0
01/05/2024,TM-060    ,419,187.7,6525.0,109.0,6416.0
01/05/2024,TM-067    ,1,0.5,19.0,0.0,19.0
01/05/2024,TM-072    ,645,258.7,8526.0,122.0,8404.0
01/05/2024,TM-073    ,255,118.3,4508.0,91.0,4417.0
01/05/2024,TM-074    ,496,189.8,8365.0,154.0,8211.0
01/05/2024,TM-075    ,222,136.1,3287.0,84.0,3203.0
01/05/2024,TM-076    ,487,263.8,9036.0,102.0,8934.0
01/06/2024,AM-01     ,1193,740.8,6218.0,64.0,6154.0
01/06/2024,AM-02     ,1663,730.3,7673.0,53.0,7620.0
01/06/2024,AM-03     ,629,305.0,8991.0,731.0,8260.0
01/06/2024,AM-04     ,751,382.6,8568.0,457.0,8111.0
01/06/2024,AM-05     ,633,318.7,6580.0,844.0,5736.0
01/06/2024,AM-06     ,577,397.5,8191.0,629.0,7562.0
01/06/2024,AM-07     ,447,287.1,8874.0,711.0,8163.0
01/06/2024,AM-08     ,1078,544.4,9440.0,623.0,8817.0
01/06/2024,AM-09     ,426,264.1,8517.0,886.0,7631.0
01/06/2024,AM-10     ,516,246.7,8653.0,1136.0,7517.0
01/06/2024,AM-11     ,279,170.0,6034.0,116.0,5918.0
01/06/2024,AM-12     ,783,511.3,3648.0,321.0,3327.0
01/06/2024,AM-13     ,772,261.0,10737.0,760.0,9977.0
01/06/2024,AM-14     ,784,282.9,8456.0,639.0,7817.0
01/06/2024,AM-15     ,536,284.0,14046.0,1190.0,12856.0
01/06/2024,AM-16     ,449,240.0,8816.0,858.0,7958.0
01/06/2024,AM-17     ,633,246.2,8257.0,1518.0,6739.0
01/06/2024,AM-18     ,410,330.8,7842.0,655.0,7187.0
01/06/2024,AM-19     ,557,192.1,7417.0,797.0,6620.0
01/06/2024,AM-20     ,648,247.4,12230.0,826.0,11404.0
01/06/2024,AM-21     ,361,250.7,9035.0,836.0,8199.0
01/06/2024,AM-22     ,445,231.3,9042.0,695.0,8347.0
01/06/2024,AM-23     ,632,277.1,11638.0,1302.0,10336.0
01/06/2024,AM-24     ,82,33.3,1076.0,71.0,1005.0
01/06/2024,AM-25     ,245,126.0,6544.0,650.0,5894.0
01/06/2024,AM-26     ,509,234.6,6803.0,692.0,6111.0
01/06/2024,AM-27     ,565,351.7,7245.0,680.0,6565.0
01/06/2024,AM-28     ,559,261.6,9209.0,901.0,8308.0
01/06/2024,AM-29     ,624,320.9,8859.0,571.0,8288.0
01/06/2024,AM-30     ,746,274.0,7992.0,977.0,7015.0
01/06/2024,AM-31     ,479,280.4,6688.0,951.0,5737.0
01/06/2024,AM-32     ,646,316.2,6878.0,924.0,5954.0
01/06/2024,AM-33     ,571,343.6,7517.0,585.0,6932.0
01/06/2024,AM-34     ,622,366.9,20098.0,1416.0,18682.0
01/06/2024,AM-35     ,245,163.4,5094.0,83.0,5011.0
01/06/2024,AM-36     ,704,219.6,12128.0,1079.0,11049.0
01/06/2024,AM-37     ,951,414.0,4478.0,472.0,4006.0
01/06/2024,AM-38     ,870,428.3,4837.0,505.0,4332.0
01/06/2024,AM-39     ,27,15.8,613.0,7.0,606.0
01/06/2024,AM-40     ,865,440.2,4290.0,627.0,3663.0
01/06/2024,AM-41     ,1565,677.4,6203.0,276.0,5927.0
01/06/2024,AM-42     ,1724,750.7,5805.0,281.0,5524.0
01/06/2024,AM-43     ,356,153.9,5730.0,900.0,4830.0
01/06/2024,AM-44     ,763,249.7,8369.0,592.0,7777.0
01/06/2024,AM-45     ,554,309.4,13645.0,1376.0,12269.0
01/06/2024,AM-46     ,457,251.1,10597.0,1043.0,9554.0
01/06/2024,AM-47     ,1483,770.4,6765.0,362.0,6403.0
01/06/2024,AM-48     ,897,625.9,7060.0,298.0,6762.0
01/06/2024,AM-49     ,947,447.7,5025.0,101.0,4924.0
01/06/2024,AM-50     ,694,384.5,3507.0,36.0,3471.0
01/06/2024,AM-51     ,1300,532.8,4437.0,19.0,4418.0
01/06/2024,AM-52     ,1553,821.8,4183.0,71.0,4112.0
01/06/2024,AM-53     ,1319,633.2,4534.0,28.0,4506.0
01/06/2024,AM-54     ,1327,547.7,4226.0,19.0,4207.0
01/06/2024,AM-55     ,403,174.9,1618.0,14.0,1604.0
01/06/2024,AM-56     ,443,235.8,11088.0,1327.0,9761.0
01/06/2024,AM-57     ,762,289.0,17908.0,1251.0,16657.0
01/06/2024,AM-58     ,603,325.3,19087.0,1397.0,17690.0
01/06/2024,AM-59     ,495,330.0,10468.0,938.0,9530.0
01/06/2024,AM-60     ,642,374.1,15110.0,1963.0,13147.0
01/06/2024,AM-61     ,305,156.1,5712.0,116.0,5596.0
01/06/2024,AM-62     ,435,284.0,15261.0,1248.0,14013.0
01/06/2024,AM-63     ,307,169.7,4369.0,78.0,4291.0
01/06/2024,AM-64     ,563,217.4,5745.0,693.0,5052.0
01/06/2024,AM-65     ,541,332.1,4804.0,368.0,4436.0
01/06/2024,AM-66     ,728,253.6,7012.0,669.0,6343.0
01/06/2024,AM-67     ,437,229.8,4691.0,533.0,4158.0
01/06/2024,AM-68     ,638,281.1,15511.0,1254.0,14257.0
01/06/2024,AM-69     ,239,149.9,7217.0,608.0,6609.0
01/06/2024,AM-70     ,297,169.3,7036.0,661.0,6375.0
01/06/2024,AM-71     ,491,166.2,10692.0,930.0,9762.0
01/06/2024,AM-72     ,397,175.9,14059.0,703.0,13356.0
01/06/2024,AM-73     ,308,141.7,6802.0,670.0,6132.0
01/06/2024,AM-74     ,227,140.4,5180.0,734.0,4446.0
01/06/2024,AM-75     ,162,87.5,4428.0,649.0,3779.0
01/06/2024,TM-001    ,479,281.5,6234.0,27.0,6207.0
01/06/2024,TM-002    ,469,235.1,5765.0,41.0,5724.0
01/06/2024,TM-003    ,479,171.0,6561.0,11.0,6550.0
01/06/2024,TM-004    ,408,264.3,5578.0,42.0,5536.0
01/06/2024,TM-005    ,603,194.5,6957.0,46.0,6911.0
01/06/2024,TM-007    ,698,286.1,8818.0,28.0,8790.0
01/06/2024,TM-008    ,354,158.3,6053.0,68.0,5985.0
01/06/2024,TM-009    ,273,136.9,5325.0,11.0,5314.0
01/06/2024,TM-010    ,509,223.2,6981.0,28.0,6953.0
01/06/2024,TM-012    ,756,315.1,10153.0,34.0,10119.0
01/06/2024,TM-013    ,470,230.5,6552.0,35.0,6517.0
01/06/2024,TM-014    ,310,164.5,3738.0,11.0,3727.0
01/06/2024,TM-015    ,404,172.2,6464.0,48.0,6416.0
01/06/2024,TM-016    ,455,203.4,7531.0,70.0,7461.0
01/06/2024,TM-017    ,345,238.6,5406.0,41.0,5365.0
01/06/2024,TM-018    ,605,317.9,9750.0,40.0,9710.0
01/06/2024,TM-019    ,375,198.7,5737.0,35.0,5702.0
01/06/2024,TM-021    ,1,0.4,14.0,0.0,14.0
01/06/2024,TM-022    ,230,148.4,2931.0,16.0,2915.0
01/06/2024,TM-023    ,494,270.1,7600.0,111.0,7489.0
01/06/2024,TM-024    ,520,291.9,9603.0,72.0,9531.0
01/06/2024,TM-025    ,497,284.5,6654.0,45.0,6609.0
01/06/2024,TM-026    ,420,209.1,7521.0,74.0,7447.0
01/06/2024,TM-027    ,410,239.8,7167.0,68.0,7099.0
01/06/2024,TM-028    ,495,337.6,7854.0,55.0,7799.0
01/06/2024,TM-029    ,662,290.5,8806.0,63.0,8743.0
01/06/2024,TM-030    ,400,173.2,4860.0,75.0,4785.0
01/06/2024,TM-031    ,374,157.2,6263.0,32.0,6231.0
01/06/2024,TM-032    ,503,206.2,6151.0,14.0,6137.0
01/06/2024,TM-033    ,779,355.3,8238.0,15.0,8223.0
01/06/2024,TM-034    ,328,169.2,5720.0,23.0,5697.0
01/06/2024,TM-038    ,534,186.4,8520.0,67.0,8453.0
01/06/2024,TM-039    ,571,314.7,7767.0,52.0,7715.0
01/06/2024,TM-040    ,464,183.7,6821.0,25.0,6796.0
01/06/2024,TM-041    ,348,165.3,7165.0,48.0,7117.0
01/06/2024,TM-042    ,113,45.2,1289.0,65.0,1224.0
01/06/2024,TM-046    ,131,72.4,2762.0,254.0,2508.0
01/06/2024,TM-047    ,195,89.4,2624.0,128.0,2496.0
01/06/2024,TM-048    ,308,166.4,3310.0,211.0,3099.0
01/06/2024,TM-049    ,281,195.7,4362.0,120.0,4242.0
01/06/2024,TM-050    ,425,177.6,4633.0,176.0,4457.0
01/06/2024,TM-051    ,389,242.7,6359.0,230.0,6129.0
01/06/2024,TM-052    ,579,253.8,6419.0,151.0,6268.0
01/06/2024,TM-053    ,218,96.8,2779.0,25.0,2754.0
01/06/2024,TM-054    ,434,196.0,8029.0,85.0,7944.0
01/06/2024,TM-055    ,430,320.8,7885.0,241.0,7644.0
01/06/2024,TM-056    ,563,193.5,7269.0,127.0,7142.0
01/06/2024,TM-057    ,124,67.1,2142.0,28.0,2114.0
01/06/2024,TM-058    ,448,259.9,8753.0,120.0,8633.0
01/06/2024,TM-059    ,383,206.6,4896.0,148.0,4748.0
01/06/2024,TM-060    ,531,190.2,7630.0,144.0,7486.0
01/06/2024,TM-072    ,445,179.2,5624.0,145.0,5479.0
01/06/2024,TM-073    ,341,197.2,6242.0,101.0,6141.0
01/06/2024,TM-074    ,274,167.1,4013.0,119.0,3894.0
01/06/2024,TM-075    ,461,229.0,8865.0,412.0,8453.0
01/06/2024,TM-076    ,362,203.4,7383.0,198.0,7185.0
01/07/2024,AM-01     ,1511,813.2,7974.0,89.0,7885.0
01/07/2024,AM-02     ,1405,761.4,5194.0,148.0,5046.0
01/07/2024,AM-03     ,638,339.2,6155.0,587.0,5568.0
01/07/2024,AM-04     ,643,281.4,8266.0,525.0,7741.0
01/07/2024,AM-05     ,719,378.0,7005.0,726.0,6279.0
01/07/2024,AM-06     ,764,346.6,7730.0,644.0,7086.0
01/07/2024,AM-07     ,474,155.4,6481.0,602.0,5879.0
01/07/2024,AM-08     ,1210,506.2,11160.0,563.0,10597.0
01/07/2024,AM-09     ,491,214.0,12820.0,1172.0,11648.0
01/07/2024,AM-10     ,523,255.7,18652.0,1523.0,17129.0
01/07/2024,AM-11     ,285,155.7,4634.0,91.0,4543.0
01/07/2024,AM-12     ,864,439.7,4872.0,431.0,4441.0
01/07/2024,AM-13     ,434,253.9,8677.0,504.0,8173.0
01/07/2024,AM-14     ,828,382.1,9943.0,712.0,9231.0
01/07/2024,AM-15     ,586,242.8,12723.0,1273.0,11450.0
01/07/2024,AM-16     ,433,176.0,6483.0,854.0,5629.0
01/07/2024,AM-17     ,413,221.7,9646.0,1242.0,8404.0
01/07/2024,AM-18     ,513,180.6,8742.0,888.0,7854.0
01/07/2024,AM-19     ,387,255.4,9361.0,569.0,8792.0
01/07/2024,AM-20     ,416,332.9,11734.0,1170.0,10564.0
01/07/2024,AM-21     ,569,217.3,11565.0,786.0,10779.0
01/07/2024,AM-22     ,299,160.4,5810.0,708.0,5102.0
01/07/2024,AM-23     ,385,165.6,6293.0,972.0,5321.0
01/07/2024,AM-24     ,518,305.8,5344.0,443.0,4901.0
01/07/2024,AM-25     ,512,252.3,9067.0,601.0,8466.0
01/07/2024,AM-26     ,689,356.9,8884.0,677.0,8207.0
01/07/2024,AM-27     ,468,292.2,5948.0,869.0,5079.0
01/07/2024,AM-28     ,696,293.4,8233.0,987.0,7246.0
01/07/2024,AM-29     ,544,320.1,8350.0,989.0,7361.0
01/07/2024,AM-30     ,607,341.4,10841.0,633.0,10208.0
01/07/2024,AM-31     ,668,301.9,9610.0,1013.0,8597.0
01/07/2024,AM-32     ,619,279.1,8747.0,769.0,7978.0
01/07/2024,AM-33     ,766,330.3,6651.0,668.0,5983.0
01/07/2024,AM-34     ,643,383.7,27933.0,1745.0,26188.0
01/07/2024,AM-35     ,417,206.9,6483.0,106.0,6377.0
01/07/2024,AM-36     ,554,277.3,9765.0,610.0,9155.0
01/07/2024,AM-37     ,1183,543.7,3704.0,585.0,3119.0
01/07/2024,AM-38     ,677,437.7,3831.0,450.0,3381.0
01/07/2024,AM-39     ,8,3.5,103.0,2.0,101.0
01/07/2024,AM-40     ,1043,550.4,4737.0,352.0,4385.0
01/07/2024,AM-41     ,967,531.2,9038.0,510.0,8528.0
01/07/2024,AM-42     ,799,352.3,6093.0,418.0,5675.0
01/07/2024,AM-43     ,403,164.8,7915.0,863.0,7052.0
01/07/2024,AM-44     ,567,280.7,11807.0,515.0,11292.0
01/07/2024,AM-45     ,776,339.7,15372.0,1256.0,14116.0
01/07/2024,AM-46     ,519,310.2,8348.0,840.0,7508.0
01/07/2024,AM-47     ,1281,559.4,6282.0,297.0,5985.0
01/07/2024,AM-48     ,1217,571.1,7388.0,346.0,7042.0
01/07/2024,AM-49     ,954,523.3,4038.0,26.0,4012.0
01/07/2024,AM-50     ,918,415.8,5382.0,49.0,5333.0
01/07/2024,AM-51     ,669,381.8,2800.0,23.0,2777.0
01/07/2024,AM-52     ,808,390.6,3806.0,83.0,3723.0
01/07/2024,AM-53     ,832,521.4,3013.0,22.0,2991.0
01/07/2024,AM-54     ,677,369.7,3289.0,42.0,3247.0
01/07/2024,AM-55     ,1108,599.3,4013.0,29.0,3984.0
01/07/2024,AM-56     ,222,149.7,7668.0,575.0,7093.0
01/07/2024,AM-57     ,537,265.8,11880.0,927.0,10953.0
01/07/2024,AM-58     ,479,261.9,14322.0,1139.0,13183.0
01/07/2024,AM-59     ,612,301.9,12275.0,1207.0,11068.0
01/07/2024,AM-60     ,685,341.8,19855.0,1231.0,18624.0
01/07/2024,AM-61     ,386,145.6,5667.0,108.0,5559.0
01/07/2024,AM-62     ,473,224.7,18751.0,1571.0,17180.0
01/07/2024,AM-63     ,382,133.6,6999.0,84.0,6915.0
01/07/2024,AM-64     ,660,255.5,5217.0,466.0,4751.0
01/07/2024,AM-65     ,657,357.9,6241.0,523.0,5718.0
01/07/2024,AM-66     ,420,267.6,5729.0,585.0,5144.0
01/07/2024,AM-67     ,602,263.2,6148.0,628.0,5520.0
01/07/2024,AM-68     ,560,286.6,17266.0,1371.0,15895.0
01/07/2024,AM-69     ,520,244.6,13169.0,1585.0,11584.0
01/07/2024,AM-70     ,305,128.9,6444.0,699.0,5745.0
01/07/2024,AM-71     ,527,328.3,14799.0,1042.0,13757.0
01/07/2024,AM-72     ,355,205.6,12555.0,681.0,11874.0
01/07/2024,AM-73     ,265,202.7,7899.0,779.0,7120.0
01/07/2024,AM-74     ,458,215.3,10049.0,1199.0,8850.0
01/07/2024,AM-75     ,251,181.4,6258.0,952.0,5306.0
01/07/2024,AM-86     ,1291,560.1,4588.0,232.0,4356.0
01/07/2024,AM-87     ,1128,652.0,5097.0,198.0,4899.0
01/07/2024,TM-001    ,394,239.1,5525.0,27.0,5498.0
01/07/2024,TM-002    ,479,262.8,10433.0,59.0,10374.0
01/07/2024,TM-003    ,617,322.9,7085.0,19.0,7066.0
01/07/2024,TM-004    ,593,257.3,7852.0,54.0,7798.0
01/07/2024,TM-005    ,354,164.0,6806.0,21.0,6785.0
01/07/2024,TM-006    ,12,8.5,261.0,0.0,261.0
01/07/2024,TM-007    ,378,191.9,6388.0,34.0,6354.0
01/07/2024,TM-008    ,736,329.8,9874.0,17.0,9857.0
01/07/2024,TM-009    ,565,220.8,7299.0,50.0,7249.0
01/07/2024,TM-010    ,167,104.0,2415.0,14.0,2401.0
01/07/2024,TM-012    ,385,214.6,8333.0,50.0,8283.0
01/07/2024,TM-013    ,645,259.0,10651.0,104.0,10547.0
01/07/2024,TM-014    ,452,155.6,6175.0,11.0,6164.0
01/07/2024,TM-015    ,516,270.9,6028.0,71.0,5957.0
01/07/2024,TM-016    ,588,305.8,9315.0,62.0,9253.0
01/07/2024,TM-017    ,441,313.8,6225.0,25.0,6200.0
01/07/2024,TM-018    ,460,284.9,6641.0,34.0,6607.0
01/07/2024,TM-019    ,403,256.7,8142.0,32.0,8110.0
01/07/2024,TM-022    ,514,235.5,7615.0,22.0,7593.0
01/07/2024,TM-023    ,495,311.6,10788.0,60.0,10728.0
01/07/2024,TM-024    ,495,245.9,7904.0,86.0,7818.0
01/07/2024,TM-025    ,537,353.0,7999.0,65.0,7934.0
01/07/2024,TM-026    ,668,314.1,8206.0,31.0,8175.0
01/07/2024,TM-027    ,587,265.9,9163.0,105.0,9058.0
01/07/2024,TM-028    ,686,242.7,8486.0,31.0,8455.0
01/07/2024,TM-029    ,493,254.8,5559.0,59.0,5500.0
01/07/2024,TM-030    ,410,206.0,8470.0,29.0,8441.0
01/07/2024,TM-031    ,641,242.0,7601.0,52.0,7549.0
01/07/2024,TM-032    ,292,140.8,3951.0,44.0,3907.0
01/07/2024,TM-033    ,706,339.4,10285.0,27.0,10258.0
01/07/2024,TM-034    ,361,224.1,4532.0,35.0,4497.0
01/07/2024,TM-038    ,678,246.3,9816.0,31.0,9785.0
01/07/2024,TM-039    ,356,160.1,6292.0,49.0,6243.0
01/07/2024,TM-040    ,491,271.1,10008.0,23.0,9985.0
01/07/2024,TM-041    ,16,7.3,177.0,0.0,177.0
01/07/2024,TM-042    ,38,21.5,924.0,10.0,914.0
01/07/2024,TM-046    ,76,29.7,796.0,187.0,609.0
01/07/2024,TM-047    ,277,152.3,2760.0,214.0,2546.0
01/07/2024,TM-048    ,354,185.9,3384.0,269.0,3115.0
01/07/2024,TM-049    ,323,162.5,3652.0,244.0,3408.0
01/07/2024,TM-050    ,311,144.8,2890.0,187.0,2703.0
01/07/2024,TM-051    ,414,223.3,7716.0,145.0,7571.0
01/07/2024,TM-052    ,556,205.0,6457.0,253.0,6204.0
01/07/2024,TM-053    ,297,127.4,3694.0,133.0,3561.0
01/07/2024,TM-054    ,611,258.6,8882.0,225.0,8657.0
01/07/2024,TM-055    ,430,324.3,6418.0,140.0,6278.0
01/07/2024,TM-056    ,507,270.1,7680.0,246.0,7434.0
01/07/2024,TM-057    ,537,240.7,6513.0,125.0,6388.0
01/07/2024,TM-058    ,579,202.3,8298.0,209.0,8089.0
01/07/2024,TM-059    ,464,288.5,6709.0,183.0,6526.0
01/07/2024,TM-060    ,286,215.9,6763.0,164.0,6599.0
01/07/2024,TM-072    ,466,208.0,7494.0,130.0,7364.0
01/07/2024,TM-073    ,407,207.5,6274.0,114.0,6160.0
01/07/2024,TM-074    ,594,239.3,5969.0,155.0,5814.0
01/07/2024,TM-075    ,520,209.9,8554.0,204.0,8350.0
01/07/2024,TM-076    ,484,335.4,10568.0,79.0,10489.0
01/08/2024,AM-01     ,1402,783.4,5719.0,156.0,5563.0
01/08/2024,AM-02     ,1340,542.7,6455.0,72.0,6383.0
01/08/2024,AM-03     ,1030,385.6,9203.0,751.0,8452.0
01/08/2024,AM-04     ,892,519.1,8041.0,678.0,7363.0
01/08/2024,AM-05     ,648,389.4,5943.0,730.0,5213.0
01/08/2024,AM-06     ,662,364.6,6575.0,478.0,6097.0
01/08/2024,AM-07     ,390,213.3,6714.0,824.0,5890.0
01/08/2024,AM-08     ,1203,384.0,8821.0,562.0,8259.0
01/08/2024,AM-09     ,522,249.2,7889.0,1109.0,6780.0
01/08/2024,AM-10     ,538,237.9,10046.0,1246.0,8800.0
01/08/2024,AM-11     ,314,146.6,5657.0,104.0,5553.0
01/08/2024,AM-12     ,1168,452.8,5143.0,468.0,4675.0
01/08/2024,AM-13     ,662,317.4,12427.0,1261.0,11166.0
01/08/2024,AM-14     ,905,373.4,6995.0,565.0,6430.0
01/08/2024,AM-15     ,538,352.7,14701.0,1657.0,13044.0
01/08/2024,AM-16     ,461,213.9,9698.0,965.0,8733.0
01/08/2024,AM-17     ,381,230.4,9981.0,762.0,9219.0
01/08/2024,AM-18     ,610,214.2,10974.0,1646.0,9328.0
01/08/2024,AM-19     ,417,268.5,9043.0,1034.0,8009.0
01/08/2024,AM-20     ,558,206.9,10680.0,827.0,9853.0
01/08/2024,AM-21     ,647,338.2,8887.0,746.0,8141.0
01/08/2024,AM-22     ,555,265.7,8067.0,856.0,7211.0
01/08/2024,AM-23     ,451,230.4,8086.0,976.0,7110.0
01/08/2024,AM-24     ,715,289.6,10459.0,693.0,9766.0
01/08/2024,AM-25     ,331,219.7,8545.0,1011.0,7534.0
01/08/2024,AM-26     ,649,337.7,10595.0,646.0,9949.0
01/08/2024,AM-27     ,714,259.9,9587.0,633.0,8954.0
01/08/2024,AM-28     ,551,326.8,8933.0,893.0,8040.0
01/08/2024,AM-29     ,564,339.6,7386.0,876.0,6510.0
01/08/2024,AM-30     ,644,312.5,10498.0,814.0,9684.0
01/08/2024,AM-31     ,762,369.1,10380.0,1000.0,9380.0
01/08/2024,AM-33     ,491,334.9,10793.0,817.0,9976.0
01/08/2024,AM-34     ,711,422.3,18018.0,1166.0,16852.0
01/08/2024,AM-35     ,315,177.2,8141.0,129.0,8012.0
01/08/2024,AM-36     ,536,346.0,12471.0,1230.0,11241.0
01/08/2024,AM-37     ,1071,508.5,4627.0,378.0,4249.0
01/08/2024,AM-38     ,970,459.2,6544.0,528.0,6016.0
01/08/2024,AM-39     ,231,127.3,4290.0,56.0,4234.0
01/08/2024,AM-40     ,782,382.2,7193.0,713.0,6480.0
01/08/2024,AM-41     ,1589,628.9,6794.0,414.0,6380.0
01/08/2024,AM-42     ,824,378.5,7129.0,572.0,6557.0
01/08/2024,AM-43     ,487,233.1,10625.0,1051.0,9574.0
01/08/2024,AM-44     ,662,278.6,10980.0,1165.0,9815.0
01/08/2024,AM-45     ,371,257.4,11410.0,835.0,10575.0
01/08/2024,AM-46     ,501,175.9,7018.0,1084.0,5934.0
01/08/2024,AM-47     ,1299,699.4,6814.0,426.0,6388.0
01/08/2024,AM-48     ,951,618.5,6083.0,873.0,5210.0
01/08/2024,AM-49     ,723,374.7,4580.0,95.0,4485.0
01/08/2024,AM-50     ,987,513.6,4497.0,92.0,4405.0
01/08/2024,AM-51     ,1079,737.7,3971.0,31.0,3940.0
01/08/2024,AM-52     ,1263,684.3,4481.0,57.0,4424.0
01/08/2024,AM-53     ,1140,578.7,4317.0,32.0,4285.0
01/08/2024,AM-54     ,813,630.4,3135.0,16.0,3119.0
01/08/2024,AM-55     ,463,368.5,2612.0,95.0,2517.0
01/08/2024,AM-56     ,327,164.4,7615.0,656.0,6959.0
01/08/2024,AM-57     ,1287,668.4,16985.0,671.0,16314.0
01/08/2024,AM-58     ,508,320.9,11809.0,1490.0,10319.0
01/08/2024,AM-59     ,507,328.1,11057.0,1499.0,9558.0
01/08/2024,AM-60     ,670,241.5,15099.0,1404.0,13695.0
01/08/2024,AM-61     ,504,350.2,6027.0,203.0,5824.0
01/08/2024,AM-62     ,286,185.0,10922.0,647.0,10275.0
01/08/2024,AM-63     ,377,193.6,4545.0,79.0,4466.0
01/08/2024,AM-64     ,658,251.8,5924.0,572.0,5352.0
01/08/2024,AM-65     ,653,297.7,6830.0,666.0,6164.0
01/08/2024,AM-66     ,622,245.8,6302.0,594.0,5708.0
01/08/2024,AM-67     ,563,232.0,6449.0,633.0,5816.0
01/08/2024,AM-68     ,435,207.0,12321.0,1133.0,11188.0
01/08/2024,AM-69     ,474,295.1,18259.0,1302.0,16957.0
01/08/2024,AM-70     ,262,121.5,10159.0,816.0,9343.0
01/08/2024,AM-71     ,377,209.8,16547.0,1181.0,15366.0
01/08/2024,AM-72     ,351,135.2,7664.0,497.0,7167.0
01/08/2024,AM-73     ,413,182.8,8111.0,617.0,7494.0
01/08/2024,AM-74     ,517,184.2,10718.0,1369.0,9349.0
01/08/2024,AM-75     ,391,161.4,6412.0,768.0,5644.0
01/08/2024,AM-86     ,1225,723.3,4253.0,260.0,3993.0
01/08/2024,AM-87     ,548,367.0,3206.0,98.0,3108.0
01/08/2024,TM-001    ,577,202.3,6610.0,55.0,6555.0
01/08/2024,TM-002    ,574,231.2,9613.0,29.0,9584.0
01/08/2024,TM-003    ,608,250.7,7430.0,38.0,7392.0
01/08/2024,TM-004    ,340,184.3,5245.0,17.0,5228.0
01/08/2024,TM-005    ,572,246.2,9031.0,48.0,8983.0
01/08/2024,TM-007    ,637,286.5,9609.0,55.0,9554.0
01/08/2024,TM-008    ,340,190.3,6360.0,38.0,6322.0
01/08/2024,TM-009    ,624,276.2,9544.0,72.0,9472.0
01/08/2024,TM-010    ,605,202.7,9109.0,37.0,9072.0
01/08/2024,TM-011    ,1,0.4,15.0,0.0,15.0
01/08/2024,TM-012    ,551,253.5,7087.0,51.0,7036.0
01/08/2024,TM-013    ,491,256.8,8734.0,44.0,8690.0
01/08/2024,TM-014    ,725,241.4,7724.0,51.0,7673.0
01/08/2024,TM-015    ,367,262.0,7839.0,31.0,7808.0
01/08/2024,TM-016    ,572,342.8,6274.0,23.0,6251.0
01/08/2024,TM-017    ,334,190.0,5886.0,40.0,5846.0
01/08/2024,TM-018    ,499,239.5,5313.0,67.0,5246.0
01/08/2024,TM-019    ,310,227.8,4794.0,61.0,4733.0
01/08/2024,TM-020    ,3,1.7,42.0,0.0,42.0
01/08/2024,TM-021    ,12,5.9,225.0,0.0,225.0
01/08/2024,TM-022    ,621,287.5,6294.0,63.0,6231.0
01/08/2024,TM-023    ,409,194.6,7975.0,51.0,7924.0
01/08/2024,TM-024    ,470,287.7,9386.0,63.0,9323.0
01/08/2024,TM-025    ,513,201.9,6616.0,40.0,6576.0
01/08/2024,TM-026    ,534,221.8,6522.0,76.0,6446.0
01/08/2024,TM-027    ,578,230.7,6001.0,65.0,5936.0
01/08/2024,TM-028    ,351,173.7,6099.0,32.0,6067.0
01/08/2024,TM-029    ,603,309.0,6159.0,78.0,6081.0
01/08/2024,TM-030    ,463,261.2,7902.0,21.0,7881.0
01/08/2024,TM-031    ,431,264.0,9195.0,41.0,9154.0
01/08/2024,TM-032    ,633,238.7,6941.0,57.0,6884.0
01/08/2024,TM-033    ,569,223.0,8279.0,99.0,8180.0
01/08/2024,TM-034    ,592,273.4,9366.0,42.0,9324.0
01/08/2024,TM-035    ,1,0.6,19.0,0.0,19.0
01/08/2024,TM-038    ,539,220.7,9464.0,46.0,9418.0
01/08/2024,TM-039    ,84,39.3,1472.0,4.0,1468.0
01/08/2024,TM-040    ,583,277.8,6142.0,40.0,6102.0
01/08/2024,TM-046    ,9,3.9,166.0,21.0,145.0
01/08/2024,TM-047    ,356,235.8,6875.0,240.0,6635.0
01/08/2024,TM-048    ,312,170.0,4823.0,332.0,4491.0
01/08/2024,TM-049    ,284,131.2,3707.0,438.0,3269.0
01/08/2024,TM-050    ,332,171.5,5266.0,137.0,5129.0
01/08/2024,TM-051    ,627,233.2,6946.0,185.0,6761.0
01/08/2024,TM-052    ,488,249.7,6893.0,102.0,6791.0
01/08/2024,TM-053    ,515,256.4,6526.0,145.0,6381.0
01/08/2024,TM-054    ,398,276.3,7427.0,247.0,7180.0
01/08/2024,TM-055    ,321,161.6,4208.0,175.0,4033.0
01/08/2024,TM-056    ,570,272.4,5470.0,137.0,5333.0
01/08/2024,TM-057    ,356,187.6,7058.0,160.0,6898.0
01/08/2024,TM-058    ,557,238.8,5473.0,57.0,5416.0
01/08/2024,TM-059    ,533,267.5,6544.0,188.0,6356.0
01/08/2024,TM-060    ,571,266.5,7208.0,217.0,6991.0
01/08/2024,TM-072    ,583,242.4,7410.0,181.0,7229.0
01/08/2024,TM-073    ,469,279.1,5936.0,231.0,5705.0
01/08/2024,TM-074    ,484,341.3,7811.0,139.0,7672.0
01/08/2024,TM-075    ,498,262.5,9377.0,217.0,9160.0
01/08/2024,TM-076    ,494,242.8,9651.0,40.0,9611.0
01/09/2024,          ,10,6.0,159.0,13.0,146.0
01/09/2024,AM-01     ,1150,661.3,6325.0,194.0,6131.0
01/09/2024,AM-02     ,1431,808.1,7628.0,169.0,7459.0
01/09/2024,AM-03     ,821,438.1,8094.0,530.0,7564.0
01/09/2024,AM-04     ,583,352.4,7601.0,503.0,7098.0
01/09/2024,AM-05     ,664,400.6,9036.0,573.0,8463.0
01/09/2024,AM-06     ,803,403.4,8639.0,843.0,7796.0
01/09/2024,AM-07     ,347,164.0,7470.0,776.0,6694.0
01/09/2024,AM-08     ,437,239.8,13900.0,1317.0,12583.0
01/09/2024,AM-09     ,434,315.1,10299.0,1010.0,9289.0
01/09/2024,AM-10     ,782,349.9,21539.0,1290.0,20249.0
01/09/2024,AM-11     ,349,113.9,5688.0,96.0,5592.0
01/09/2024,AM-12     ,912,419.3,5776.0,396.0,5380.0
01/09/2024,AM-13     ,528,267.4,9362.0,876.0,8486.0
01/09/2024,AM-14     ,762,423.4,8694.0,586.0,8108.0
01/09/2024,AM-15     ,519,279.0,10863.0,1098.0,9765.0
01/09/2024,AM-16     ,483,198.5,7575.0,577.0,6998.0
01/09/2024,AM-17     ,551,314.8,10508.0,855.0,9653.0
01/09/2024,AM-18     ,509,295.6,8529.0,934.0,7595.0
01/09/2024,AM-19     ,358,255.3,9910.0,1142.0,8768.0
01/09/2024,AM-20     ,540,289.3,11136.0,969.0,10167.0
01/09/2024,AM-21     ,597,202.4,7325.0,784.0,6541.0
01/09/2024,AM-22     ,68,40.6,1335.0,124.0,1211.0
01/09/2024,AM-23     ,618,215.0,8616.0,750.0,7866.0
01/09/2024,AM-24     ,772,272.0,10461.0,1252.0,9209.0
01/09/2024,AM-25     ,436,303.1,7398.0,973.0,6425.0
01/09/2024,AM-26     ,602,290.8,6824.0,1113.0,5711.0
01/09/2024,AM-27     ,589,316.8,6278.0,560.0,5718.0
01/09/2024,AM-28     ,544,221.2,6825.0,890.0,5935.0
01/09/2024,AM-29     ,641,242.1,6609.0,665.0,5944.0
01/09/2024,AM-30     ,656,363.3,9697.0,885.0,8812.0
01/09/2024,AM-31     ,541,238.1,9289.0,965.0,8324.0
01/09/2024,AM-32     ,91,46.5,1501.0,117.0,1384.0
01/09/2024,AM-33     ,509,273.9,7289.0,965.0,6324.0
01/09/2024,AM-34     ,509,261.9,9307.0,1107.0,8200.0
01/09/2024,AM-35     ,529,179.9,6640.0,182.0,6458.0
01/09/2024,AM-36     ,666,367.7,12747.0,757.0,11990.0
01/09/2024,AM-37     ,1043,584.5,4783.0,454.0,4329.0
01/09/2024,AM-38     ,968,494.9,5652.0,553.0,5099.0
01/09/2024,AM-39     ,259,150.0,4008.0,63.0,3945.0
01/09/2024,AM-40     ,702,447.1,6740.0,435.0,6305.0
01/09/2024,AM-41     ,1570,776.1,6532.0,434.0,6098.0
01/09/2024,AM-42     ,1742,867.1,10196.0,459.0,9737.0
01/09/2024,AM-43     ,679,270.6,10389.0,897.0,9492.0
01/09/2024,AM-44     ,567,283.2,8211.0,761.0,7450.0
01/09/2024,AM-45     ,854,278.2,14720.0,1930.0,12790.0
01/09/2024,AM-46     ,616,240.6,10780.0,1132.0,9648.0
01/09/2024,AM-47     ,1350,632.6,5393.0,374.0,5019.0
01/09/2024,AM-48     ,1064,698.7,5932.0,564.0,5368.0
01/09/2024,AM-49     ,784,373.6,2987.0,21.0,2966.0
01/09/2024,AM-50     ,1420,452.8,5650.0,23.0,5627.0
01/09/2024,AM-51     ,1489,536.1,4699.0,23.0,4676.0
01/09/2024,AM-52     ,1428,749.6,5729.0,29.0,5700.0
01/09/2024,AM-53     ,858,510.8,5331.0,61.0,5270.0
01/09/2024,AM-54     ,294,123.1,2293.0,167.0,2126.0
01/09/2024,AM-55     ,715,560.2,5024.0,68.0,4956.0
01/09/2024,AM-56     ,556,232.8,16475.0,1093.0,15382.0
01/09/2024,AM-57     ,638,372.0,14482.0,1194.0,13288.0
01/09/2024,AM-58     ,489,314.3,12503.0,1534.0,10969.0
01/09/2024,AM-59     ,460,166.7,8238.0,663.0,7575.0
01/09/2024,AM-60     ,597,374.8,18590.0,1199.0,17391.0
01/09/2024,AM-61     ,433,227.5,6224.0,146.0,6078.0
01/09/2024,AM-62     ,454,230.1,15880.0,1079.0,14801.0
01/09/2024,AM-63     ,42,23.6,961.0,42.0,919.0
01/09/2024,AM-64     ,444,227.8,7427.0,520.0,6907.0
01/09/2024,AM-65     ,437,256.2,6987.0,618.0,6369.0
01/09/2024,AM-66     ,559,184.8,5449.0,479.0,4970.0
01/09/2024,AM-67     ,480,231.8,6211.0,373.0,5838.0
01/09/2024,AM-68     ,630,236.0,16339.0,1455.0,14884.0
01/09/2024,AM-69     ,724,350.0,21539.0,1141.0,20398.0
01/09/2024,AM-70     ,332,153.1,8688.0,923.0,7765.0
01/09/2024,AM-71     ,443,241.9,15054.0,965.0,14089.0
01/09/2024,AM-72     ,469,220.5,13136.0,733.0,12403.0
01/09/2024,AM-73     ,476,231.5,7901.0,510.0,7391.0
01/09/2024,AM-74     ,471,243.5,9828.0,814.0,9014.0
01/09/2024,AM-75     ,331,186.5,6295.0,433.0,5862.0
01/09/2024,AM-86     ,1299,699.2,3665.0,98.0,3567.0
01/09/2024,TM-001    ,397,277.3,6517.0,42.0,6475.0
01/09/2024,TM-002    ,578,287.6,8064.0,78.0,7986.0
01/09/2024,TM-003    ,736,329.4,8721.0,41.0,8680.0
01/09/2024,TM-004    ,252,119.7,3766.0,27.0,3739.0
01/09/2024,TM-005    ,436,230.6,6636.0,42.0,6594.0
01/09/2024,TM-007    ,406,272.6,5945.0,36.0,5909.0
01/09/2024,TM-008    ,271,141.6,5366.0,58.0,5308.0
01/09/2024,TM-009    ,475,181.8,5534.0,51.0,5483.0
01/09/2024,TM-010    ,481,265.9,9231.0,102.0,9129.0
01/09/2024,TM-012    ,284,217.8,4839.0,26.0,4813.0
01/09/2024,TM-013    ,378,157.3,6971.0,18.0,6953.0
01/09/2024,TM-014    ,597,272.9,6160.0,41.0,6119.0
01/09/2024,TM-015    ,585,305.1,6296.0,65.0,6231.0
01/09/2024,TM-016    ,331,212.5,3889.0,25.0,3864.0
01/09/2024,TM-017    ,445,324.5,8193.0,22.0,8171.0
01/09/2024,TM-018    ,692,315.0,7351.0,66.0,7285.0
01/09/2024,TM-019    ,560,244.0,6826.0,42.0,6784.0
01/09/2024,TM-020    ,2,0.9,37.0,0.0,37.0
01/09/2024,TM-021    ,20,12.8,290.0,12.0,278.0
01/09/2024,TM-022    ,388,282.6,6176.0,28.0,6148.0
01/09/2024,TM-023    ,443,327.6,9286.0,92.0,9194.0
01/09/2024,TM-024    ,608,334.3,8439.0,42.0,8397.0
01/09/2024,TM-025    ,761,265.7,10639.0,51.0,10588.0
01/09/2024,TM-026    ,469,246.7,6345.0,107.0,6238.0
01/09/2024,TM-027    ,638,249.6,7477.0,64.0,7413.0
01/09/2024,TM-028    ,449,173.9,5546.0,26.0,5520.0
01/09/2024,TM-029    ,539,207.4,8578.0,65.0,8513.0
01/09/2024,TM-030    ,551,199.2,8538.0,30.0,8508.0
01/09/2024,TM-031    ,449,313.9,9624.0,56.0,9568.0
01/09/2024,TM-032    ,269,127.1,3963.0,27.0,3936.0
01/09/2024,TM-033    ,624,260.6,9843.0,59.0,9784.0
01/09/2024,TM-034    ,330,258.3,5811.0,33.0,5778.0
01/09/2024,TM-035    ,369,186.0,5637.0,34.0,5603.0
01/09/2024,TM-038    ,77,28.7,1289.0,3.0,1286.0
01/09/2024,TM-039    ,619,221.2,6006.0,70.0,5936.0
01/09/2024,TM-040    ,296,121.4,3748.0,20.0,3728.0
01/09/2024,TM-047    ,379,131.0,4308.0,125.0,4183.0
01/09/2024,TM-048    ,243,99.4,4171.0,166.0,4005.0
01/09/2024,TM-049    ,320,146.0,3740.0,394.0,3346.0
01/09/2024,TM-050    ,389,156.7,4977.0,309.0,4668.0
01/09/2024,TM-051    ,370,144.2,5625.0,109.0,5516.0
01/09/2024,TM-052    ,429,265.1,6177.0,86.0,6091.0
01/09/2024,TM-053    ,327,149.6,3925.0,172.0,3753.0
01/09/2024,TM-054    ,412,233.7,5948.0,149.0,5799.0
01/09/2024,TM-055    ,513,267.2,8976.0,209.0,8767.0
01/09/2024,TM-056    ,316,182.3,4428.0,162.0,4266.0
01/09/2024,TM-057    ,320,225.6,6186.0,194.0,5992.0
01/09/2024,TM-058    ,284,147.5,4210.0,177.0,4033.0
01/09/2024,TM-059    ,421,141.1,5279.0,106.0,5173.0
01/09/2024,TM-060    ,407,252.3,5971.0,137.0,5834.0
01/09/2024,TM-072    ,435,252.3,6758.0,206.0,6552.0
01/09/2024,TM-073    ,512,262.3,6568.0,109.0,6459.0
01/09/2024,TM-074    ,338,224.1,6628.0,69.0,6559.0
01/09/2024,TM-075    ,400,188.4,6551.0,136.0,6415.0
01/09/2024,TM-076    ,443,279.3,9529.0,38.0,9491.0
01/10/2024,          ,76,31.0,970.0,3.0,967.0
01/10/2024,AM-01     ,1820,960.4,5315.0,108.0,5207.0
01/10/2024,AM-02     ,1844,909.1,6306.0,91.0,6215.0
01/10/2024,AM-03     ,767,484.8,9260.0,564.0,8696.0
01/10/2024,AM-04     ,945,366.2,8958.0,751.0,8207.0
01/10/2024,AM-05     ,635,439.2,9507.0,576.0,8931.0
01/10/2024,AM-06     ,531,310.7,11165.0,1098.0,10067.0
01/10/2024,AM-07     ,447,251.2,7769.0,679.0,7090.0
01/10/2024,AM-08     ,550,322.0,9781.0,989.0,8792.0
01/10/2024,AM-09     ,546,211.9,7793.0,772.0,7021.0
01/10/2024,AM-10     ,566,345.8,14194.0,1352.0,12842.0
01/10/2024,AM-11     ,225,122.9,5679.0,77.0,5602.0
01/10/2024,AM-12     ,666,401.8,3433.0,279.0,3154.0
01/10/2024,AM-13     ,592,237.1,8788.0,1336.0,7452.0
01/10/2024,AM-14     ,763,363.7,5800.0,448.0,5352.0
01/10/2024,AM-15     ,517,198.7,14459.0,1311.0,13148.0
01/10/2024,AM-16     ,508,305.5,8509.0,806.0,7703.0
01/10/2024,AM-17     ,644,257.3,9983.0,843.0,9140.0
01/10/2024,AM-18     ,629,324.7,9194.0,1055.0,8139.0
01/10/2024,AM-19     ,496,219.8,13959.0,1514.0,12445.0
01/10/2024,AM-20     ,444,199.8,8264.0,641.0,7623.0
01/10/2024,AM-21     ,587,220.8,15425.0,968.0,14457.0
01/10/2024,AM-23     ,650,267.7,8786.0,758.0,8028.0
01/10/2024,AM-24     ,661,399.3,9201.0,999.0,8202.0
01/10/2024,AM-25     ,466,316.4,7060.0,810.0,6250.0
01/10/2024,AM-26     ,535,197.2,8758.0,880.0,7878.0
01/10/2024,AM-27     ,580,277.4,8896.0,832.0,8064.0
01/10/2024,AM-28     ,476,277.3,9507.0,660.0,8847.0
01/10/2024,AM-29     ,536,241.0,6990.0,595.0,6395.0
01/10/2024,AM-30     ,531,297.3,10050.0,713.0,9337.0
01/10/2024,AM-31     ,588,279.8,8281.0,983.0,7298.0
01/10/2024,AM-32     ,496,218.3,8119.0,541.0,7578.0
01/10/2024,AM-33     ,654,199.9,7719.0,529.0,7190.0
01/10/2024,AM-34     ,638,266.1,19218.0,1102.0,18116.0
01/10/2024,AM-35     ,354,189.8,6674.0,90.0,6584.0
01/10/2024,AM-36     ,705,268.7,10250.0,857.0,9393.0
01/10/2024,AM-37     ,1224,427.9,6241.0,425.0,5816.0
01/10/2024,AM-38     ,1115,445.2,4023.0,378.0,3645.0
01/10/2024,AM-39     ,244,98.6,5092.0,79.0,5013.0
01/10/2024,AM-40     ,774,295.2,7968.0,924.0,7044.0
01/10/2024,AM-41     ,1543,891.6,4669.0,254.0,4415.0
01/10/2024,AM-42     ,1169,445.5,5794.0,583.0,5211.0
01/10/2024,AM-43     ,539,342.9,8960.0,742.0,8218.0
01/10/2024,AM-44     ,735,352.4,5106.0,676.0,4430.0
01/10/2024,AM-45     ,622,387.3,18640.0,1436.0,17204.0
01/10/2024,AM-46     ,763,330.0,12386.0,929.0,11457.0
01/10/2024,AM-47     ,1315,617.4,7297.0,326.0,6971.0
01/10/2024,AM-48     ,1701,813.9,7498.0,295.0,7203.0
01/10/2024,AM-49     ,1101,539.3,5270.0,38.0,5232.0
01/10/2024,AM-50     ,1134,617.8,4258.0,30.0,4228.0
01/10/2024,AM-51     ,1229,573.2,5693.0,29.0,5664.0
01/10/2024,AM-52     ,1085,827.4,5033.0,20.0,5013.0
01/10/2024,AM-53     ,1195,723.2,4727.0,30.0,4697.0
01/10/2024,AM-54     ,180,138.7,827.0,3.0,824.0
01/10/2024,AM-55     ,1465,694.9,4349.0,32.0,4317.0
01/10/2024,AM-56     ,482,244.2,17245.0,984.0,16261.0
01/10/2024,AM-57     ,615,304.5,8339.0,1116.0,7223.0
01/10/2024,AM-58     ,631,436.2,16058.0,1238.0,14820.0
01/10/2024,AM-59     ,393,290.8,7801.0,909.0,6892.0
01/10/2024,AM-60     ,665,318.4,16412.0,1445.0,14967.0
01/10/2024,AM-61     ,388,183.9,7479.0,104.0,7375.0
01/10/2024,AM-62     ,440,170.2,12692.0,840.0,11852.0
01/10/2024,AM-63     ,239,127.3,4661.0,93.0,4568.0
01/10/2024,AM-64     ,607,252.8,6239.0,683.0,5556.0
01/10/2024,AM-65     ,455,265.1,5596.0,487.0,5109.0
01/10/2024,AM-66     ,647,316.7,6779.0,428.0,6351.0
01/10/2024,AM-67     ,568,215.6,5743.0,510.0,5233.0
01/10/2024,AM-68     ,449,268.1,19145.0,1240.0,17905.0
01/10/2024,AM-69     ,439,220.3,14166.0,1463.0,12703.0
01/10/2024,AM-70     ,172,86.7,7008.0,435.0,6573.0
01/10/2024,AM-71     ,746,276.2,18398.0,1297.0,17101.0
01/10/2024,AM-72     ,337,207.8,12123.0,1059.0,11064.0
01/10/2024,AM-73     ,421,165.3,8238.0,827.0,7411.0
01/10/2024,AM-74     ,353,232.9,12107.0,1285.0,10822.0
01/10/2024,AM-75     ,207,115.6,5794.0,353.0,5441.0
01/10/2024,AM-86     ,1418,534.1,4969.0,149.0,4820.0
01/10/2024,AM-87     ,9,3.4,273.0,28.0,245.0
01/10/2024,TM-001    ,597,276.1,10045.0,48.0,9997.0
01/10/2024,TM-002    ,673,316.4,9964.0,46.0,9918.0
01/10/2024,TM-003    ,309,174.2,6123.0,48.0,6075.0
01/10/2024,TM-004    ,503,208.6,6049.0,45.0,6004.0
01/10/2024,TM-005    ,545,317.9,7271.0,41.0,7230.0
01/10/2024,TM-007    ,569,280.7,7829.0,94.0,7735.0
01/10/2024,TM-008    ,324,162.2,3990.0,14.0,3976.0
01/10/2024,TM-009    ,550,236.7,6124.0,46.0,6078.0
01/10/2024,TM-010    ,587,331.5,6715.0,59.0,6656.0
01/10/2024,TM-011    ,5,3.3,84.0,0.0,84.0
01/10/2024,TM-012    ,461,294.0,7967.0,44.0,7923.0
01/10/2024,TM-013    ,449,259.9,6601.0,19.0,6582.0
01/10/2024,TM-014    ,563,364.4,7269.0,40.0,7229.0
01/10/2024,TM-015    ,557,351.3,10516.0,43.0,10473.0
01/10/2024,TM-016    ,378,298.2,8803.0,33.0,8770.0
01/10/2024,TM-017    ,742,343.1,6956.0,44.0,6912.0
01/10/2024,TM-018    ,648,293.9,6264.0,57.0,6207.0
01/10/2024,TM-019    ,454,220.7,7656.0,68.0,7588.0
01/10/2024,TM-022    ,441,216.4,7878.0,25.0,7853.0
01/10/2024,TM-023    ,426,322.5,9461.0,53.0,9408.0
01/10/2024,TM-024    ,584,240.8,8560.0,27.0,8533.0
01/10/2024,TM-025    ,613,271.8,9109.0,23.0,9086.0
01/10/2024,TM-026    ,306,162.7,4709.0,13.0,4696.0
01/10/2024,TM-027    ,410,286.1,5745.0,79.0,5666.0
01/10/2024,TM-028    ,715,251.2,9581.0,54.0,9527.0
01/10/2024,TM-029    ,556,305.7,8884.0,22.0,8862.0
01/10/2024,TM-030    ,226,153.5,4441.0,10.0,4431.0
01/10/2024,TM-031    ,412,163.6,6966.0,33.0,6933.0
01/10/2024,TM-033    ,516,291.0,9584.0,57.0,9527.0
01/10/2024,TM-034    ,131,62.4,2225.0,6.0,2219.0
01/10/2024,TM-035    ,685,275.3,6788.0,48.0,6740.0
01/10/2024,TM-038    ,604,242.1,6079.0,70.0,6009.0
01/10/2024,TM-039    ,334,137.2,5779.0,42.0,5737.0
01/10/2024,TM-040    ,595,302.0,5975.0,30.0,5945.0
01/10/2024,TM-041    ,182,73.1,2121.0,6.0,2115.0
01/10/2024,TM-047    ,282,134.1,4307.0,146.0,4161.0
01/10/2024,TM-048    ,448,211.4,7856.0,309.0,7547.0
01/10/2024,TM-049    ,520,232.8,5406.0,447.0,4959.0
01/10/2024,TM-050    ,344,132.7,4664.0,127.0,4537.0
01/10/2024,TM-051    ,146,100.0,2037.0,84.0,1953.0
01/10/2024,TM-052    ,638,292.0,6743.0,310.0,6433.0
01/10/2024,TM-053    ,656,308.9,8743.0,232.0,8511.0
01/10/2024,TM-054    ,671,236.4,9596.0,186.0,9410.0
01/10/2024,TM-055    ,399,252.9,5160.0,263.0,4897.0
01/10/2024,TM-056    ,530,204.7,6159.0,178.0,5981.0
01/10/2024,TM-057    ,573,186.5,6018.0,209.0,5809.0
01/10/2024,TM-058    ,131,69.9,2717.0,17.0,2700.0
01/10/2024,TM-059    ,635,250.4,8396.0,203.0,8193.0
01/10/2024,TM-060    ,380,241.5,6805.0,134.0,6671.0
01/10/2024,TM-072    ,432,288.8,5981.0,252.0,5729.0
01/10/2024,TM-073    ,559,248.3,8320.0,153.0,8167.0
01/10/2024,TM-074    ,586,256.4,8717.0,127.0,8590.0
01/10/2024,TM-075    ,657,239.2,10650.0,203.0,10447.0
01/10/2024,TM-076    ,425,306.2,7335.0,101.0,7234.0
01/11/2024,          ,54,22.7,756.0,37.0,719.0
01/11/2024,AM-01     ,1111,664.9,6292.0,78.0,6214.0
01/11/2024,AM-02     ,1013,679.7,4992.0,48.0,4944.0
01/11/2024,AM-03     ,580,390.2,6659.0,696.0,5963.0
01/11/2024,AM-04     ,758,360.9,7107.0,538.0,6569.0
01/11/2024,AM-05     ,851,352.0,8379.0,672.0,7707.0
01/11/2024,AM-06     ,681,335.9,20869.0,1563.0,19306.0
01/11/2024,AM-07     ,698,324.5,8700.0,849.0,7851.0
01/11/2024,AM-08     ,407,240.6,8362.0,1118.0,7244.0
01/11/2024,AM-09     ,503,202.2,6386.0,583.0,5803.0
01/11/2024,AM-10     ,607,256.8,17032.0,1479.0,15553.0
01/11/2024,AM-11     ,279,149.2,6104.0,60.0,6044.0
01/11/2024,AM-12     ,707,533.9,5322.0,528.0,4794.0
01/11/2024,AM-13     ,656,286.9,9404.0,1017.0,8387.0
01/11/2024,AM-14     ,578,240.8,4506.0,412.0,4094.0
01/11/2024,AM-15     ,352,175.5,8625.0,917.0,7708.0
01/11/2024,AM-16     ,577,338.8,9727.0,656.0,9071.0
01/11/2024,AM-17     ,413,298.2,9797.0,922.0,8875.0
01/11/2024,AM-18     ,567,278.1,8536.0,1178.0,7358.0
01/11/2024,AM-19     ,426,300.4,8596.0,872.0,7724.0
01/11/2024,AM-20     ,205,65.5,2685.0,389.0,2296.0
01/11/2024,AM-21     ,549,208.9,10765.0,1087.0,9678.0
01/11/2024,AM-22     ,17,8.4,613.0,35.0,578.0
01/11/2024,AM-23     ,686,308.1,10282.0,567.0,9715.0
01/11/2024,AM-24     ,803,312.3,7786.0,676.0,7110.0
01/11/2024,AM-25     ,433,275.0,6715.0,973.0,5742.0
01/11/2024,AM-26     ,526,244.1,8433.0,749.0,7684.0
01/11/2024,AM-27     ,450,232.2,8457.0,882.0,7575.0
01/11/2024,AM-28     ,447,229.9,6255.0,818.0,5437.0
01/11/2024,AM-29     ,552,198.8,9307.0,900.0,8407.0
01/11/2024,AM-30     ,508,189.9,6863.0,511.0,6352.0
01/11/2024,AM-31     ,484,275.2,8369.0,854.0,7515.0
01/11/2024,AM-32     ,580,226.9,8796.0,527.0,8269.0
01/11/2024,AM-33     ,590,284.7,9306.0,990.0,8316.0
01/11/2024,AM-34     ,514,364.8,20785.0,1572.0,19213.0
01/11/2024,AM-35     ,331,196.4,4769.0,111.0,4658.0
01/11/2024,AM-36     ,624,362.4,6908.0,984.0,5924.0
01/11/2024,AM-37     ,804,460.3,3722.0,580.0,3142.0
01/11/2024,AM-38     ,933,507.5,5056.0,592.0,4464.0
01/11/2024,AM-39     ,382,128.2,5474.0,234.0,5240.0
01/11/2024,AM-40     ,919,342.8,8980.0,860.0,8120.0
01/11/2024,AM-41     ,1176,586.3,6427.0,222.0,6205.0
01/11/2024,AM-42     ,1044,595.4,6204.0,529.0,5675.0
01/11/2024,AM-43     ,449,302.2,8579.0,841.0,7738.0
01/11/2024,AM-44     ,1122,436.4,5693.0,496.0,5197.0
01/11/2024,AM-45     ,520,328.9,18656.0,1509.0,17147.0
01/11/2024,AM-46     ,546,237.8,7793.0,841.0,6952.0
01/11/2024,AM-47     ,1174,718.4,8002.0,368.0,7634.0
01/11/2024,AM-48     ,1697,987.2,7411.0,285.0,7126.0
01/11/2024,AM-49     ,1116,540.2,3412.0,18.0,3394.0
01/11/2024,AM-50     ,1364,633.9,5938.0,46.0,5892.0
01/11/2024,AM-51     ,948,525.1,5034.0,26.0,5008.0
01/11/2024,AM-52     ,772,281.8,2693.0,19.0,2674.0
01/11/2024,AM-53     ,1043,597.8,3526.0,22.0,3504.0
01/11/2024,AM-54     ,137,71.7,447.0,3.0,444.0
01/11/2024,AM-55     ,1448,487.6,5187.0,68.0,5119.0
01/11/2024,AM-56     ,474,228.8,18524.0,1510.0,17014.0
01/11/2024,AM-57     ,592,206.7,8795.0,1414.0,7381.0
01/11/2024,AM-58     ,703,380.4,19777.0,1715.0,18062.0
01/11/2024,AM-59     ,403,275.2,7997.0,623.0,7374.0
01/11/2024,AM-60     ,531,284.5,10415.0,1046.0,9369.0
01/11/2024,AM-61     ,321,189.9,7780.0,131.0,7649.0
01/11/2024,AM-62     ,609,330.8,14343.0,1695.0,12648.0
01/11/2024,AM-63     ,332,166.6,5877.0,77.0,5800.0
01/11/2024,AM-64     ,455,327.7,7839.0,542.0,7297.0
01/11/2024,AM-65     ,560,322.7,5166.0,596.0,4570.0
01/11/2024,AM-66     ,593,274.3,4382.0,649.0,3733.0
01/11/2024,AM-67     ,661,265.8,4851.0,654.0,4197.0
01/11/2024,AM-68     ,687,403.2,20774.0,1618.0,19156.0
01/11/2024,AM-69     ,545,269.9,14954.0,872.0,14082.0
01/11/2024,AM-70     ,254,95.2,6144.0,473.0,5671.0
01/11/2024,AM-71     ,388,159.0,12838.0,1000.0,11838.0
01/11/2024,AM-72     ,499,261.2,9974.0,1144.0,8830.0
01/11/2024,AM-73     ,250,111.5,5543.0,644.0,4899.0
01/11/2024,AM-74     ,585,351.9,17475.0,1111.0,16364.0
01/11/2024,AM-75     ,367,174.2,11337.0,1073.0,10264.0
01/11/2024,AM-77     ,418,144.1,1361.0,68.0,1293.0
01/11/2024,AM-86     ,1061,359.6,4255.0,109.0,4146.0
01/11/2024,AM-87     ,12,5.4,361.0,0.0,361.0
01/11/2024,TM-001    ,401,191.2,5568.0,63.0,5505.0
01/11/2024,TM-002    ,506,252.5,7372.0,31.0,7341.0
01/11/2024,TM-003    ,361,191.5,6119.0,78.0,6041.0
01/11/2024,TM-004    ,355,254.2,4536.0,18.0,4518.0
01/11/2024,TM-005    ,455,192.7,4916.0,49.0,4867.0
01/11/2024,TM-007    ,538,273.5,7714.0,45.0,7669.0
01/11/2024,TM-008    ,419,231.0,7034.0,18.0,7016.0
01/11/2024,TM-009    ,189,119.8,2925.0,7.0,2918.0
01/11/2024,TM-010    ,444,257.8,9041.0,36.0,9005.0
01/11/2024,TM-012    ,595,183.3,7556.0,39.0,7517.0
01/11/2024,TM-013    ,438,182.1,8353.0,30.0,8323.0
01/11/2024,TM-014    ,431,206.5,6876.0,50.0,6826.0
01/11/2024,TM-015    ,543,221.8,9251.0,35.0,9216.0
01/11/2024,TM-016    ,351,214.4,5318.0,18.0,5300.0
01/11/2024,TM-017    ,418,231.9,6911.0,59.0,6852.0
01/11/2024,TM-018    ,506,332.3,9665.0,48.0,9617.0
01/11/2024,TM-019    ,506,300.5,5682.0,162.0,5520.0
01/11/2024,TM-020    ,8,5.0,118.0,1.0,117.0
01/11/2024,TM-021    ,7,4.9,125.0,0.0,125.0
01/11/2024,TM-022    ,320,145.7,5764.0,33.0,5731.0
01/11/2024,TM-023    ,541,220.6,6372.0,39.0,6333.0
01/11/2024,TM-024    ,496,221.2,8665.0,73.0,8592.0
01/11/2024,TM-025    ,462,303.3,5758.0,55.0,5703.0
01/11/2024,TM-026    ,504,345.1,8401.0,98.0,8303.0
01/11/2024,TM-027    ,571,342.7,9433.0,68.0,9365.0
01/11/2024,TM-028    ,584,249.9,8497.0,56.0,8441.0
01/11/2024,TM-029    ,405,268.2,5736.0,55.0,5681.0
01/11/2024,TM-030    ,631,228.1,7932.0,60.0,7872.0
01/11/2024,TM-031    ,266,134.8,4874.0,20.0,4854.0
01/11/2024,TM-033    ,586,344.2,7146.0,29.0,7117.0
01/11/2024,TM-035    ,654,276.8,8174.0,68.0,8106.0
01/11/2024,TM-036    ,6,3.7,75.0,1.0,74.0
01/11/2024,TM-037    ,11,4.4,144.0,0.0,144.0
01/11/2024,TM-038    ,76,52.4,1270.0,2.0,1268.0
01/11/2024,TM-039    ,528,233.1,8409.0,18.0,8391.0
01/11/2024,TM-040    ,358,268.2,5124.0,58.0,5066.0
01/11/2024,TM-041    ,599,294.9,7706.0,32.0,7674.0
01/11/2024,TM-047    ,215,152.8,4154.0,314.0,3840.0
01/11/2024,TM-048    ,309,116.9,4147.0,271.0,3876.0
01/11/2024,TM-049    ,194,128.0,3388.0,120.0,3268.0
01/11/2024,TM-050    ,292,108.6,4219.0,117.0,4102.0
01/11/2024,TM-051    ,468,203.3,5753.0,285.0,5468.0
01/11/2024,TM-052    ,555,222.6,6842.0,214.0,6628.0
01/11/2024,TM-053    ,355,253.8,7210.0,62.0,7148.0
01/11/2024,TM-054    ,456,267.9,6344.0,217.0,6127.0
01/11/2024,TM-055    ,477,278.9,5271.0,70.0,5201.0
01/11/2024,TM-056    ,314,221.3,6700.0,270.0,6430.0
01/11/2024,TM-057    ,396,199.6,7434.0,241.0,7193.0
01/11/2024,TM-058    ,557,279.2,6344.0,136.0,6208.0
01/11/2024,TM-059    ,500,157.6,7272.0,103.0,7169.0
01/11/2024,TM-060    ,331,211.6,5788.0,114.0,5674.0
01/11/2024,TM-061    ,222,82.6,3279.0,18.0,3261.0
01/11/2024,TM-062    ,91,44.5,1597.0,3.0,1594.0
01/11/2024,TM-063    ,92,50.0,1522.0,65.0,1457.0
01/11/2024,TM-072    ,489,185.6,7304.0,57.0,7247.0
01/11/2024,TM-073    ,511,219.7,7452.0,154.0,7298.0
01/11/2024,TM-074    ,676,229.8,9120.0,52.0,9068.0
01/11/2024,TM-075    ,524,253.0,10125.0,173.0,9952.0
01/11/2024,TM-076    ,490,190.2,5466.0,118.0,5348.0
01/12/2024,          ,115,73.6,1859.0,12.0,1847.0
01/12/2024,AM-01     ,1307,930.7,6546.0,114.0,6432.0
01/12/2024,AM-02     ,1080,742.8,7619.0,84.0,7535.0
01/12/2024,AM-03     ,909,435.0,8223.0,724.0,7499.0
01/12/2024,AM-04     ,680,315.7,6252.0,458.0,5794.0
01/12/2024,AM-05     ,976,467.4,8082.0,702.0,7380.0
01/12/2024,AM-06     ,530,285.6,17396.0,1345.0,16051.0
01/12/2024,AM-07     ,514,278.3,7554.0,629.0,6925.0
01/12/2024,AM-08     ,502,332.8,8609.0,1018.0,7591.0
01/12/2024,AM-09     ,410,180.1,8138.0,941.0,7197.0
01/12/2024,AM-10     ,570,358.7,20575.0,1753.0,18822.0
01/12/2024,AM-11     ,245,123.6,4866.0,73.0,4793.0
01/12/2024,AM-12     ,983,420.6,4802.0,439.0,4363.0
01/12/2024,AM-13     ,382,274.4,6820.0,766.0,6054.0
01/12/2024,AM-14     ,624,310.8,9427.0,913.0,8514.0
01/12/2024,AM-15     ,319,170.9,13020.0,1109.0,11911.0
01/12/2024,AM-16     ,600,245.7,10945.0,827.0,10118.0
01/12/2024,AM-17     ,606,283.9,9771.0,1231.0,8540.0
01/12/2024,AM-18     ,585,308.5,5940.0,647.0,5293.0
01/12/2024,AM-19     ,440,221.0,9021.0,899.0,8122.0
01/12/2024,AM-20     ,263,100.8,4613.0,541.0,4072.0
01/12/2024,AM-21     ,520,279.7,8530.0,1120.0,7410.0
01/12/2024,AM-23     ,425,291.0,8997.0,594.0,8403.0
01/12/2024,AM-24     ,931,324.5,9711.0,752.0,8959.0
01/12/2024,AM-25     ,686,323.0,9212.0,882.0,8330.0
01/12/2024,AM-26     ,511,242.8,10276.0,1079.0,9197.0
01/12/2024,AM-27     ,477,199.2,7299.0,930.0,6369.0
01/12/2024,AM-28     ,470,233.6,6545.0,965.0,5580.0
01/12/2024,AM-29     ,483,245.0,6192.0,1063.0,5129.0
01/12/2024,AM-30     ,580,195.0,9334.0,913.0,8421.0
01/12/2024,AM-31     ,434,175.7,5663.0,648.0,5015.0
01/12/2024,AM-32     ,609,254.4,11737.0,710.0,11027.0
01/12/2024,AM-33     ,397,222.6,8463.0,1159.0,7304.0
01/12/2024,AM-34     ,491,271.1,19459.0,1854.0,17605.0
01/12/2024,AM-35     ,331,185.7,7718.0,103.0,7615.0
01/12/2024,AM-36     ,445,312.8,11313.0,1149.0,10164.0
01/12/2024,AM-37     ,1115,481.6,4147.0,445.0,3702.0
01/12/2024,AM-38     ,790,404.6,5386.0,492.0,4894.0
01/12/2024,AM-39     ,358,243.0,12503.0,1231.0,11272.0
01/12/2024,AM-40     ,589,204.9,6918.0,560.0,6358.0
01/12/2024,AM-41     ,1267,592.8,7604.0,460.0,7144.0
01/12/2024,AM-42     ,1320,871.5,4985.0,288.0,4697.0
01/12/2024,AM-43     ,506,228.7,8743.0,595.0,8148.0
01/12/2024,AM-44     ,662,291.3,3608.0,321.0,3287.0
01/12/2024,AM-45     ,588,255.0,24692.0,1777.0,22915.0
01/12/2024,AM-46     ,521,278.8,10961.0,750.0,10211.0
01/12/2024,AM-47     ,1456,794.9,4991.0,342.0,4649.0
01/12/2024,AM-48     ,1912,956.2,4742.0,236.0,4506.0
01/12/2024,AM-49     ,995,763.2,4320.0,27.0,4293.0
01/12/2024,AM-50     ,1184,688.9,6645.0,22.0,6623.0
01/12/2024,AM-51     ,1066,642.4,3950.0,32.0,3918.0
01/12/2024,AM-52     ,1496,632.0,5753.0,31.0,5722.0
01/12/2024,AM-53     ,760,404.0,4599.0,63.0,4536.0
01/12/2024,AM-54     ,395,138.4,1288.0,6.0,1282.0
01/12/2024,AM-55     ,967,392.2,3466.0,25.0,3441.0
01/12/2024,AM-56     ,445,177.1,11165.0,1523.0,9642.0
01/12/2024,AM-57     ,542,228.9,9701.0,1375.0,8326.0
01/12/2024,AM-58     ,414,224.0,9072.0,618.0,8454.0
01/12/2024,AM-59     ,467,338.5,8204.0,1239.0,6965.0
01/12/2024,AM-60     ,549,313.8,12197.0,1568.0,10629.0
01/12/2024,AM-61     ,377,223.9,7291.0,100.0,7191.0
01/12/2024,AM-62     ,450,246.2,14040.0,950.0,13090.0
01/12/2024,AM-63     ,218,132.1,4831.0,216.0,4615.0
01/12/2024,AM-64     ,652,240.8,5503.0,648.0,4855.0
01/12/2024,AM-65     ,408,225.5,5148.0,694.0,4454.0
01/12/2024,AM-66     ,642,229.2,5976.0,449.0,5527.0
01/12/2024,AM-67     ,578,308.7,4919.0,401.0,4518.0
01/12/2024,AM-68     ,515,356.2,19953.0,1160.0,18793.0
01/12/2024,AM-69     ,375,176.9,11453.0,760.0,10693.0
01/12/2024,AM-70     ,138,69.3,5139.0,326.0,4813.0
01/12/2024,AM-71     ,381,166.9,8542.0,858.0,7684.0
01/12/2024,AM-72     ,296,116.4,9724.0,692.0,9032.0
01/12/2024,AM-73     ,365,149.1,7506.0,827.0,6679.0
01/12/2024,AM-74     ,544,181.6,15122.0,1069.0,14053.0
01/12/2024,AM-75     ,457,204.0,14779.0,776.0,14003.0
01/12/2024,AM-77     ,373,199.3,1735.0,82.0,1653.0
01/12/2024,AM-86     ,480,255.1,1898.0,235.0,1663.0
01/12/2024,AM-87     ,5,1.6,33.0,0.0,33.0
01/12/2024,TM-001    ,89,50.1,1343.0,4.0,1339.0
01/12/2024,TM-002    ,285,224.7,4778.0,15.0,4763.0
01/12/2024,TM-003    ,465,192.9,6393.0,31.0,6362.0
01/12/2024,TM-004    ,550,343.4,6405.0,75.0,6330.0
01/12/2024,TM-005    ,563,272.4,6332.0,66.0,6266.0
01/12/2024,TM-006    ,4,2.5,56.0,0.0,56.0
01/12/2024,TM-007    ,316,227.3,6077.0,22.0,6055.0
01/12/2024,TM-008    ,601,265.1,8851.0,21.0,8830.0
01/12/2024,TM-009    ,31,20.6,502.0,2.0,500.0
01/12/2024,TM-010    ,528,226.5,8017.0,18.0,7999.0
01/12/2024,TM-012    ,514,265.0,7186.0,40.0,7146.0
01/12/2024,TM-013    ,492,394.5,10543.0,42.0,10501.0
01/12/2024,TM-014    ,45,25.5,517.0,2.0,515.0
01/12/2024,TM-015    ,474,359.5,10481.0,46.0,10435.0
01/12/2024,TM-016    ,452,271.3,6641.0,83.0,6558.0
01/12/2024,TM-017    ,155,99.7,2187.0,31.0,2156.0
01/12/2024,TM-018    ,695,337.6,11044.0,86.0,10958.0
01/12/2024,TM-019    ,590,289.3,9097.0,33.0,9064.0
01/12/2024,TM-020    ,7,4.0,114.0,9.0,105.0
01/12/2024,TM-021    ,2,1.2,24.0,0.0,24.0
01/12/2024,TM-022    ,39,24.4,703.0,1.0,702.0
01/12/2024,TM-023    ,17,11.7,265.0,1.0,264.0
01/12/2024,TM-024    ,600,283.6,7129.0,33.0,7096.0
01/12/2024,TM-025    ,658,268.9,7150.0,68.0,7082.0
01/12/2024,TM-026    ,524,238.0,9095.0,71.0,9024.0
01/12/2024,TM-027    ,413,269.1,7224.0,40.0,7184.0
01/12/2024,TM-028    ,515,334.3,8244.0,62.0,8182.0
01/12/2024,TM-029    ,396,167.2,6635.0,25.0,6610.0
01/12/2024,TM-030    ,472,239.9,7133.0,59.0,7074.0
01/12/2024,TM-031    ,472,221.3,4346.0,12.0,4334.0
01/12/2024,TM-032    ,195,99.9,2671.0,26.0,2645.0
01/12/2024,TM-033    ,496,303.8,8658.0,31.0,8627.0
01/12/2024,TM-035    ,602,310.5,10335.0,49.0,10286.0
01/12/2024,TM-036    ,4,1.4,37.0,0.0,37.0
01/12/2024,TM-038    ,406,178.2,4871.0,43.0,4828.0
01/12/2024,TM-039    ,344,155.0,7431.0,14.0,7417.0
01/12/2024,TM-040    ,486,301.6,9095.0,50.0,9045.0
01/12/2024,TM-041    ,601,203.6,6194.0,38.0,6156.0
01/12/2024,TM-047    ,429,213.1,5949.0,269.0,5680.0
01/12/2024,TM-048    ,365,169.8,5101.0,374.0,4727.0
01/12/2024,TM-049    ,418,178.9,4949.0,152.0,4797.0
01/12/2024,TM-050    ,481,243.9,7180.0,325.0,6855.0
01/12/2024,TM-051    ,536,169.6,5072.0,157.0,4915.0
01/12/2024,TM-052    ,370,263.7,7116.0,201.0,6915.0
01/12/2024,TM-053    ,373,141.6,4461.0,133.0,4328.0
01/12/2024,TM-054    ,548,188.0,7176.0,110.0,7066.0
01/12/2024,TM-055    ,656,280.3,9676.0,86.0,9590.0
01/12/2024,TM-056    ,527,195.4,6256.0,184.0,6072.0
01/12/2024,TM-057    ,375,257.5,6170.0,137.0,6033.0
01/12/2024,TM-058    ,434,191.8,6793.0,106.0,6687.0
01/12/2024,TM-059    ,601,206.8,8994.0,212.0,8782.0
01/12/2024,TM-060    ,416,201.8,7901.0,203.0,7698.0
01/12/2024,TM-061    ,518,278.9,6570.0,32.0,6538.0
01/12/2024,TM-062    ,451,310.7,7626.0,20.0,7606.0
01/12/2024,TM-063    ,160,84.3,2886.0,57.0,2829.0
01/12/2024,TM-072    ,401,271.2,8824.0,114.0,8710.0
01/12/2024,TM-073    ,448,271.4,5998.0,162.0,5836.0
01/12/2024,TM-074    ,326,167.8,5017.0,79.0,4938.0
01/12/2024,TM-075    ,622,253.1,7023.0,200.0,6823.0
01/12/2024,TM-076    ,492,240.4,5001.0,127.0,4874.0
01/01/2025,          ,348,158.6,4419.0,162.0,4257.0
01/01/2025,AM-01     ,1274,829.4,5856.0,115.0,5741.0
01/01/2025,AM-02     ,1153,754.5,5075.0,60.0,5015.0
01/01/2025,AM-03     ,520,272.9,4513.0,294.0,4219.0
01/01/2025,AM-04     ,534,273.7,7010.0,617.0,6393.0
01/01/2025,AM-05     ,841,416.7,7996.0,649.0,7347.0
01/01/2025,AM-06     ,473,205.9,12747.0,1232.0,11515.0
01/01/2025,AM-07     ,602,326.9,9941.0,881.0,9060.0
01/01/2025,AM-08     ,630,203.1,7508.0,839.0,6669.0
01/01/2025,AM-09     ,319,188.1,7149.0,812.0,6337.0
01/01/2025,AM-10     ,526,331.3,13990.0,930.0,13060.0
01/01/2025,AM-11     ,327,168.8,5051.0,112.0,4939.0
01/01/2025,AM-12     ,798,332.3,5631.0,500.0,5131.0
01/01/2025,AM-13     ,474,199.5,7667.0,720.0,6947.0
01/01/2025,AM-14     ,553,280.3,5752.0,453.0,5299.0
01/01/2025,AM-15     ,381,232.1,11212.0,593.0,10619.0
01/01/2025,AM-16     ,614,351.8,10215.0,592.0,9623.0
01/01/2025,AM-17     ,476,168.1,6200.0,1277.0,4923.0
01/01/2025,AM-18     ,313,209.9,5883.0,588.0,5295.0
01/01/2025,AM-19     ,436,283.1,10179.0,1189.0,8990.0
01/01/2025,AM-20     ,523,206.7,6376.0,911.0,5465.0
01/01/2025,AM-21     ,404,264.7,6635.0,631.0,6004.0
01/01/2025,AM-23     ,491,204.9,5782.0,643.0,5139.0
01/01/2025,AM-24     ,592,309.3,5692.0,361.0,5331.0
01/01/2025,AM-25     ,632,257.2,8569.0,743.0,7826.0
01/01/2025,AM-26     ,601,247.4,8130.0,903.0,7227.0
01/01/2025,AM-27     ,511,288.2,9258.0,735.0,8523.0
01/01/2025,AM-28     ,464,184.7,9310.0,1190.0,8120.0
01/01/2025,AM-29     ,464,228.5,7294.0,618.0,6676.0
01/01/2025,AM-30     ,467,223.2,7739.0,937.0,6802.0
01/01/2025,AM-31     ,562,216.6,5096.0,539.0,4557.0
01/01/2025,AM-32     ,479,293.9,10947.0,985.0,9962.0
01/01/2025,AM-33     ,405,246.1,5882.0,758.0,5124.0
01/01/2025,AM-34     ,436,235.6,16387.0,1278.0,15109.0
01/01/2025,AM-35     ,478,239.5,5795.0,142.0,5653.0
01/01/2025,AM-36     ,513,336.5,8255.0,794.0,7461.0
01/01/2025,AM-37     ,978,344.7,5233.0,490.0,4743.0
01/01/2025,AM-38     ,712,295.0,3306.0,275.0,3031.0
01/01/2025,AM-39     ,389,259.5,7626.0,913.0,6713.0
01/01/2025,AM-40     ,426,251.8,7593.0,730.0,6863.0
01/01/2025,AM-41     ,1171,492.7,7407.0,454.0,6953.0
01/01/2025,AM-42     ,1320,617.4,5510.0,269.0,5241.0
01/01/2025,AM-43     ,620,219.1,9683.0,783.0,8900.0
01/01/2025,AM-44     ,865,499.0,4212.0,420.0,3792.0
01/01/2025,AM-45     ,644,368.3,18435.0,1870.0,16565.0
01/01/2025,AM-46     ,548,296.9,8755.0,768.0,7987.0
01/01/2025,AM-47     ,1428,862.2,6289.0,320.0,5969.0
01/01/2025,AM-48     ,1472,660.3,4899.0,249.0,4650.0
01/01/2025,AM-49     ,747,306.5,3952.0,23.0,3929.0
01/01/2025,AM-50     ,1088,723.9,5452.0,27.0,5425.0
01/01/2025,AM-51     ,1331,604.6,4347.0,21.0,4326.0
01/01/2025,AM-52     ,1590,623.8,4293.0,22.0,4271.0
01/01/2025,AM-53     ,1273,822.2,5718.0,21.0,5697.0
01/01/2025,AM-54     ,77,39.6,292.0,2.0,290.0
01/01/2025,AM-55     ,1420,560.8,3914.0,31.0,3883.0
01/01/2025,AM-56     ,316,213.2,11793.0,912.0,10881.0
01/01/2025,AM-57     ,421,295.5,7497.0,882.0,6615.0
01/01/2025,AM-58     ,482,157.1,6944.0,589.0,6355.0
01/01/2025,AM-59     ,518,275.2,10617.0,1460.0,9157.0
01/01/2025,AM-60     ,594,270.3,14824.0,1310.0,13514.0
01/01/2025,AM-61     ,288,135.6,6142.0,206.0,5936.0
01/01/2025,AM-62     ,238,187.8,6898.0,739.0,6159.0
01/01/2025,AM-63     ,308,179.9,6293.0,93.0,6200.0
01/01/2025,AM-64     ,391,171.4,4717.0,335.0,4382.0
01/01/2025,AM-65     ,556,232.9,4966.0,536.0,4430.0
01/01/2025,AM-66     ,427,181.4,5778.0,380.0,5398.0
01/01/2025,AM-67     ,395,257.2,7430.0,526.0,6904.0
01/01/2025,AM-68     ,433,193.4,13202.0,990.0,12212.0
01/01/2025,AM-69     ,535,208.9,14409.0,910.0,13499.0
01/01/2025,AM-70     ,232,95.6,6857.0,650.0,6207.0
01/01/2025,AM-71     ,369,178.6,13416.0,768.0,12648.0
01/01/2025,AM-72     ,238,117.8,10308.0,597.0,9711.0
01/01/2025,AM-73     ,212,161.1,4702.0,748.0,3954.0
01/01/2025,AM-74     ,519,200.0,12332.0,805.0,11527.0
01/01/2025,AM-75     ,424,190.1,12851.0,1398.0,11453.0
01/01/2025,AM-86     ,103,61.0,506.0,88.0,418.0
01/01/2025,TM-002    ,70,44.9,1050.0,22.0,1028.0
01/01/2025,TM-003    ,651,249.3,8976.0,124.0,8852.0
01/01/2025,TM-004    ,341,160.7,4548.0,62.0,4486.0
01/01/2025,TM-005    ,501,328.5,9472.0,102.0,9370.0
01/01/2025,TM-007    ,485,234.0,7624.0,67.0,7557.0
01/01/2025,TM-008    ,404,256.1,7337.0,38.0,7299.0
01/01/2025,TM-009    ,25,14.1,502.0,1.0,501.0
01/01/2025,TM-010    ,615,264.4,6812.0,115.0,6697.0
01/01/2025,TM-012    ,555,251.7,6627.0,99.0,6528.0
01/01/2025,TM-013    ,616,297.9,9714.0,138.0,9576.0
01/01/2025,TM-014    ,268,167.6,3348.0,9.0,3339.0
01/01/2025,TM-015    ,349,172.0,7138.0,106.0,7032.0
01/01/2025,TM-016    ,432,246.4,7916.0,74.0,7842.0
01/01/2025,TM-017    ,148,45.6,1874.0,5.0,1869.0
01/01/2025,TM-018    ,559,262.3,6648.0,91.0,6557.0
01/01/2025,TM-019    ,186,100.2,2091.0,7.0,2084.0
01/01/2025,TM-022    ,45,27.9,972.0,2.0,970.0
01/01/2025,TM-024    ,576,347.2,6985.0,107.0,6878.0
01/01/2025,TM-025    ,426,295.1,8714.0,143.0,8571.0
01/01/2025,TM-026    ,489,287.8,6955.0,101.0,6854.0
01/01/2025,TM-027    ,695,323.9,7839.0,72.0,7767.0
01/01/2025,TM-028    ,641,208.0,6810.0,116.0,6694.0
01/01/2025,TM-029    ,543,230.2,9451.0,152.0,9299.0
01/01/2025,TM-030    ,533,257.6,7910.0,62.0,7848.0
01/01/2025,TM-031    ,621,212.1,7681.0,83.0,7598.0
01/01/2025,TM-032    ,568,260.8,9370.0,69.0,9301.0
01/01/2025,TM-033    ,372,234.1,7228.0,84.0,7144.0
01/01/2025,TM-035    ,486,303.3,8876.0,70.0,8806.0
01/01/2025,TM-038    ,560,311.3,7488.0,99.0,7389.0
01/01/2025,TM-039    ,497,288.6,8597.0,85.0,8512.0
01/01/2025,TM-040    ,563,351.6,7718.0,80.0,7638.0
01/01/2025,TM-041    ,558,318.5,9030.0,82.0,8948.0
01/01/2025,TM-046    ,14,6.4,228.0,1.0,227.0
01/01/2025,TM-047    ,261,156.7,4004.0,140.0,3864.0
01/01/2025,TM-048    ,305,140.4,4265.0,248.0,4017.0
01/01/2025,TM-049    ,454,185.2,6337.0,153.0,6184.0
01/01/2025,TM-050    ,447,192.1,4844.0,164.0,4680.0
01/01/2025,TM-051    ,364,230.3,6536.0,177.0,6359.0
01/01/2025,TM-052    ,572,229.4,5521.0,211.0,5310.0
01/01/2025,TM-053    ,630,264.1,9148.0,144.0,9004.0
01/01/2025,TM-054    ,436,316.5,6690.0,170.0,6520.0
01/01/2025,TM-055    ,327,165.7,6487.0,200.0,6287.0
01/01/2025,TM-056    ,487,216.2,5142.0,261.0,4881.0
01/01/2025,TM-057    ,532,259.8,6045.0,341.0,5704.0
01/01/2025,TM-058    ,649,217.1,7421.0,187.0,7234.0
01/01/2025,TM-059    ,633,279.8,7765.0,257.0,7508.0
01/01/2025,TM-060    ,429,177.4,4517.0,187.0,4330.0
01/01/2025,TM-061    ,500,291.8,8603.0,99.0,8504.0
01/01/2025,TM-062    ,371,221.5,5334.0,78.0,5256.0
01/01/2025,TM-063    ,431,225.4,8290.0,248.0,8042.0
01/01/2025,TM-072    ,454,242.9,6700.0,106.0,6594.0
01/01/2025,TM-073    ,600,237.4,8315.0,244.0,8071.0
01/01/2025,TM-074    ,387,167.8,4758.0,116.0,4642.0
01/01/2025,TM-075    ,645,275.5,9098.0,384.0,8714.0
01/01/2025,TM-076    ,466,242.8,7923.0,217.0,7706.0
01/02/2025,          ,103,50.6,1387.0,84.0,1303.0
01/02/2025,AM-01     ,1037,685.5,5093.0,71.0,5022.0
01/02/2025,AM-02     ,1198,646.9,4681.0,82.0,4599.0
01/02/2025,AM-03     ,603,288.7,3869.0,447.0,3422.0
01/02/2025,AM-04     ,746,307.3,4809.0,449.0,4360.0
01/02/2025,AM-05     ,903,294.8,6059.0,487.0,5572.0
01/02/2025,AM-06     ,389,247.6,14816.0,882.0,13934.0
01/02/2025,AM-07     ,433,254.5,6804.0,827.0,5977.0
01/02/2025,AM-08     ,324,155.5,6066.0,662.0,5404.0
01/02/2025,AM-09     ,385,189.3,5940.0,1234.0,4706.0
01/02/2025,AM-10     ,498,211.3,12708.0,1251.0,11457.0
01/02/2025,AM-11     ,357,166.2,5891.0,90.0,5801.0
01/02/2025,AM-12     ,1039,470.8,4709.0,355.0,4354.0
01/02/2025,AM-13     ,267,120.6,6272.0,524.0,5748.0
01/02/2025,AM-14     ,610,285.5,4835.0,357.0,4478.0
01/02/2025,AM-15     ,273,136.7,9303.0,639.0,8664.0
01/02/2025,AM-16     ,375,154.5,5542.0,513.0,5029.0
01/02/2025,AM-17     ,398,253.1,6541.0,682.0,5859.0
01/02/2025,AM-18     ,221,119.0,6569.0,417.0,6152.0
01/02/2025,AM-19     ,397,162.8,8427.0,749.0,7678.0
01/02/2025,AM-20     ,625,318.1,9344.0,784.0,8560.0
01/02/2025,AM-21     ,308,237.7,8932.0,882.0,8050.0
01/02/2025,AM-23     ,332,203.9,5950.0,762.0,5188.0
01/02/2025,AM-24     ,739,299.6,5625.0,467.0,5158.0
01/02/2025,AM-25     ,410,182.3,5255.0,562.0,4693.0
01/02/2025,AM-26     ,465,333.9,7851.0,561.0,7290.0
01/02/2025,AM-27     ,457,241.3,7504.0,452.0,7052.0
01/02/2025,AM-28     ,452,281.7,10653.0,951.0,9702.0
01/02/2025,AM-29     ,618,235.8,7955.0,543.0,7412.0
01/02/2025,AM-30     ,513,208.3,5684.0,640.0,5044.0
01/02/2025,AM-31     ,447,277.1,7424.0,470.0,6954.0
01/02/2025,AM-32     ,666,270.4,8672.0,961.0,7711.0
01/02/2025,AM-33     ,416,173.5,5759.0,451.0,5308.0
01/02/2025,AM-34     ,444,245.1,16410.0,1224.0,15186.0
01/02/2025,AM-35     ,308,173.4,7469.0,83.0,7386.0
01/02/2025,AM-36     ,451,179.7,13610.0,726.0,12884.0
01/02/2025,AM-37     ,572,339.0,4696.0,484.0,4212.0
01/02/2025,AM-38     ,805,315.7,2950.0,487.0,2463.0
01/02/2025,AM-39     ,369,185.8,4785.0,601.0,4184.0
01/02/2025,AM-40     ,406,212.9,6658.0,571.0,6087.0
01/02/2025,AM-41     ,820,486.6,5897.0,285.0,5612.0
01/02/2025,AM-42     ,1398,529.0,5252.0,316.0,4936.0
01/02/2025,AM-43     ,417,178.8,7353.0,780.0,6573.0
01/02/2025,AM-44     ,893,298.1,4820.0,506.0,4314.0
01/02/2025,AM-45     ,470,260.2,13230.0,758.0,12472.0
01/02/2025,AM-46     ,477,261.3,9447.0,1118.0,8329.0
01/02/2025,AM-47     ,1269,713.7,4009.0,216.0,3793.0
01/02/2025,AM-48     ,1048,524.7,5503.0,334.0,5169.0
01/02/2025,AM-49     ,1119,687.7,4002.0,31.0,3971.0
01/02/2025,AM-50     ,644,462.3,4029.0,23.0,4006.0
01/02/2025,AM-51     ,774,464.7,2857.0,24.0,2833.0
01/02/2025,AM-52     ,1080,759.8,5097.0,28.0,5069.0
01/02/2025,AM-53     ,985,614.0,5002.0,26.0,4976.0
01/02/2025,AM-54     ,226,126.4,999.0,9.0,990.0
01/02/2025,AM-55     ,838,452.9,3977.0,26.0,3951.0
01/02/2025,AM-56     ,389,162.6,8947.0,547.0,8400.0
01/02/2025,AM-57     ,371,144.6,8374.0,696.0,7678.0
01/02/2025,AM-58     ,646,231.7,11452.0,1159.0,10293.0
01/02/2025,AM-59     ,387,221.1,6756.0,1074.0,5682.0
01/02/2025,AM-60     ,376,282.9,18414.0,1352.0,17062.0
01/02/2025,AM-61     ,280,155.5,5718.0,181.0,5537.0
01/02/2025,AM-62     ,593,270.1,15730.0,1283.0,14447.0
01/02/2025,AM-63     ,263,106.2,4677.0,185.0,4492.0
01/02/2025,AM-64     ,408,233.6,5409.0,303.0,5106.0
01/02/2025,AM-65     ,373,193.8,5257.0,335.0,4922.0
01/02/2025,AM-66     ,514,249.9,5160.0,431.0,4729.0
01/02/2025,AM-67     ,368,236.8,6238.0,358.0,5880.0
01/02/2025,AM-68     ,256,133.0,7130.0,569.0,6561.0
01/02/2025,AM-69     ,311,165.9,10781.0,583.0,10198.0
01/02/2025,AM-70     ,124,96.0,5597.0,488.0,5109.0
01/02/2025,AM-71     ,247,116.9,7816.0,567.0,7249.0
01/02/2025,AM-72     ,101,53.6,3517.0,302.0,3215.0
01/02/2025,AM-73     ,408,212.4,8633.0,699.0,7934.0
01/02/2025,AM-74     ,284,115.6,5253.0,653.0,4600.0
01/02/2025,AM-75     ,361,243.7,11411.0,956.0,10455.0
01/02/2025,AM-86     ,8,3.2,102.0,13.0,89.0
01/02/2025,TM-001    ,20,12.2,289.0,1.0,288.0
01/02/2025,TM-002    ,286,167.8,4889.0,55.0,4834.0
01/02/2025,TM-003    ,393,245.5,6521.0,145.0,6376.0
01/02/2025,TM-004    ,606,251.0,6373.0,74.0,6299.0
01/02/2025,TM-005    ,612,247.4,9140.0,96.0,9044.0
01/02/2025,TM-007    ,534,219.9,6335.0,92.0,6243.0
01/02/2025,TM-008    ,498,231.2,6785.0,100.0,6685.0
01/02/2025,TM-010    ,276,104.1,4304.0,98.0,4206.0
01/02/2025,TM-012    ,704,339.0,9526.0,106.0,9420.0
01/02/2025,TM-013    ,474,243.9,7139.0,123.0,7016.0
01/02/2025,TM-014    ,452,157.7,4320.0,56.0,4264.0
01/02/2025,TM-015    ,449,244.1,5095.0,94.0,5001.0
01/02/2025,TM-016    ,326,211.8,5305.0,107.0,5198.0
01/02/2025,TM-017    ,422,175.2,4657.0,92.0,4565.0
01/02/2025,TM-018    ,429,234.1,7718.0,135.0,7583.0
01/02/2025,TM-020    ,10,4.8,152.0,19.0,133.0
01/02/2025,TM-021    ,12,6.6,198.0,20.0,178.0
01/02/2025,TM-022    ,44,21.9,548.0,1.0,547.0
01/02/2025,TM-024    ,411,276.9,7915.0,51.0,7864.0
01/02/2025,TM-025    ,404,270.5,6315.0,78.0,6237.0
01/02/2025,TM-026    ,449,254.6,5510.0,104.0,5406.0
01/02/2025,TM-027    ,459,198.5,5789.0,44.0,5745.0
01/02/2025,TM-028    ,495,300.7,8386.0,246.0,8140.0
01/02/2025,TM-029    ,536,255.4,9473.0,119.0,9354.0
01/02/2025,TM-030    ,305,163.7,4689.0,84.0,4605.0
01/02/2025,TM-031    ,512,257.5,7851.0,100.0,7751.0
01/02/2025,TM-032    ,306,197.4,5490.0,77.0,5413.0
01/02/2025,TM-033    ,377,202.1,4508.0,112.0,4396.0
01/02/2025,TM-035    ,399,199.8,5412.0,118.0,5294.0
01/02/2025,TM-037    ,2,1.0,37.0,0.0,37.0
01/02/2025,TM-038    ,364,208.6,5616.0,76.0,5540.0
01/02/2025,TM-039    ,394,231.3,5658.0,111.0,5547.0
01/02/2025,TM-040    ,300,194.1,4699.0,53.0,4646.0
01/02/2025,TM-041    ,350,237.1,5045.0,90.0,4955.0
01/02/2025,TM-046    ,319,152.5,4543.0,103.0,4440.0
01/02/2025,TM-047    ,259,166.0,3833.0,110.0,3723.0
01/02/2025,TM-048    ,257,139.5,4495.0,74.0,4421.0
01/02/2025,TM-049    ,231,145.3,2745.0,59.0,2686.0
01/02/2025,TM-050    ,276,213.7,5768.0,106.0,5662.0
01/02/2025,TM-051    ,403,291.3,8357.0,109.0,8248.0
01/02/2025,TM-052    ,493,195.4,5926.0,133.0,5793.0
01/02/2025,TM-053    ,454,203.6,6707.0,66.0,6641.0
01/02/2025,TM-054    ,536,181.7,5638.0,53.0,5585.0
01/02/2025,TM-055    ,393,170.2,5373.0,57.0,5316.0
01/02/2025,TM-056    ,474,178.6,7031.0,74.0,6957.0
01/02/2025,TM-057    ,329,217.6,7638.0,102.0,7536.0
01/02/2025,TM-058    ,563,264.8,6294.0,140.0,6154.0
01/02/2025,TM-059    ,518,208.9,5189.0,102.0,5087.0
01/02/2025,TM-060    ,495,215.3,5493.0,121.0,5372.0
01/02/2025,TM-061    ,505,298.7,5885.0,46.0,5839.0
01/02/2025,TM-062    ,456,211.5,6508.0,201.0,6307.0
01/02/2025,TM-063    ,590,288.2,6704.0,126.0,6578.0
01/02/2025,TM-072    ,443,166.2,5608.0,141.0,5467.0
01/02/2025,TM-073    ,671,207.8,9561.0,63.0,9498.0
01/02/2025,TM-074    ,403,205.2,6071.0,217.0,5854.0
01/02/2025,TM-075    ,368,241.2,7694.0,91.0,7603.0
01/02/2025,TM-076    ,347,192.9,6898.0,129.0,6769.0
01/03/2025,          ,171,88.4,2599.0,55.0,2544.0
01/03/2025,AM-01     ,1226,736.0,8093.0,59.0,8034.0
01/03/2025,AM-02     ,1100,534.3,7882.0,141.0,7741.0
01/03/2025,AM-03     ,810,359.1,7090.0,415.0,6675.0
01/03/2025,AM-04     ,432,227.8,5144.0,587.0,4557.0
01/03/2025,AM-05     ,826,404.6,6994.0,688.0,6306.0
01/03/2025,AM-06     ,323,144.3,12518.0,946.0,11572.0
01/03/2025,AM-068    ,15,6.0,181.0,0.0,181.0
01/03/2025,AM-07     ,362,199.0,5196.0,1042.0,4154.0
01/03/2025,AM-08     ,549,280.4,10249.0,860.0,9389.0
01/03/2025,AM-09     ,586,226.0,8540.0,916.0,7624.0
01/03/2025,AM-10     ,417,321.5,19933.0,1048.0,18885.0
01/03/2025,AM-11     ,222,119.2,4498.0,228.0,4270.0
01/03/2025,AM-12     ,741,488.5,4331.0,366.0,3965.0
01/03/2025,AM-13     ,491,244.3,6079.0,971.0,5108.0
01/03/2025,AM-14     ,930,329.7,8588.0,420.0,8168.0
01/03/2025,AM-15     ,555,255.1,12691.0,1166.0,11525.0
01/03/2025,AM-16     ,471,182.4,7706.0,731.0,6975.0
01/03/2025,AM-17     ,354,197.2,6395.0,672.0,5723.0
01/03/2025,AM-18     ,493,182.3,6043.0,723.0,5320.0
01/03/2025,AM-19     ,661,287.3,6283.0,881.0,5402.0
01/03/2025,AM-20     ,428,301.8,8098.0,701.0,7397.0
01/03/2025,AM-21     ,416,157.6,7556.0,529.0,7027.0
01/03/2025,AM-23     ,468,301.0,7486.0,913.0,6573.0
01/03/2025,AM-24     ,753,379.0,7293.0,516.0,6777.0
01/03/2025,AM-25     ,548,330.1,9976.0,810.0,9166.0
01/03/2025,AM-26     ,447,272.8,9300.0,838.0,8462.0
01/03/2025,AM-27     ,516,271.3,5787.0,605.0,5182.0
01/03/2025,AM-28     ,509,273.6,8177.0,576.0,7601.0
01/03/2025,AM-29     ,536,234.4,8929.0,722.0,8207.0
01/03/2025,AM-30     ,575,214.3,8694.0,692.0,8002.0
01/03/2025,AM-31     ,410,259.1,9317.0,849.0,8468.0
01/03/2025,AM-32     ,547,187.9,8622.0,773.0,7849.0
01/03/2025,AM-33     ,592,274.3,6224.0,566.0,5658.0
01/03/2025,AM-34     ,505,244.4,13712.0,1055.0,12657.0
01/03/2025,AM-35     ,300,196.8,8500.0,157.0,8343.0
01/03/2025,AM-36     ,600,217.4,17545.0,1195.0,16350.0
01/03/2025,AM-37     ,1194,591.7,5075.0,647.0,4428.0
01/03/2025,AM-38     ,684,470.5,4733.0,406.0,4327.0
01/03/2025,AM-39     ,453,210.0,9104.0,1147.0,7957.0
01/03/2025,AM-40     ,433,236.9,4725.0,232.0,4493.0
01/03/2025,AM-41     ,1497,761.9,6198.0,372.0,5826.0
01/03/2025,AM-42     ,1132,545.7,5510.0,346.0,5164.0
01/03/2025,AM-43     ,311,155.3,7256.0,950.0,6306.0
01/03/2025,AM-44     ,1040,414.6,5204.0,581.0,4623.0
01/03/2025,AM-45     ,654,383.5,20043.0,1769.0,18274.0
01/03/2025,AM-46     ,451,281.1,8923.0,959.0,7964.0
01/03/2025,AM-47     ,1364,738.9,6273.0,318.0,5955.0
01/03/2025,AM-48     ,1211,593.5,3881.0,169.0,3712.0
01/03/2025,AM-49     ,1024,826.4,6266.0,49.0,6217.0
01/03/2025,AM-50     ,1175,905.5,5861.0,29.0,5832.0
01/03/2025,AM-51     ,1264,655.6,3568.0,21.0,3547.0
01/03/2025,AM-52     ,464,238.9,2712.0,19.0,2693.0
01/03/2025,AM-53     ,856,322.1,2789.0,22.0,2767.0
01/03/2025,AM-54     ,122,55.0,366.0,13.0,353.0
01/03/2025,AM-55     ,984,567.0,4064.0,14.0,4050.0
01/03/2025,AM-56     ,373,151.5,12226.0,1029.0,11197.0
01/03/2025,AM-57     ,498,187.8,8011.0,732.0,7279.0
01/03/2025,AM-58     ,770,386.3,18305.0,1728.0,16577.0
01/03/2025,AM-59     ,559,271.2,10273.0,678.0,9595.0
01/03/2025,AM-60     ,661,273.9,16111.0,1496.0,14615.0
01/03/2025,AM-61     ,286,215.8,6162.0,233.0,5929.0
01/03/2025,AM-62     ,724,349.6,23359.0,983.0,22376.0
01/03/2025,AM-63     ,283,170.6,5198.0,88.0,5110.0
01/03/2025,AM-64     ,503,245.7,6796.0,424.0,6372.0
01/03/2025,AM-65     ,419,218.2,5000.0,503.0,4497.0
01/03/2025,AM-66     ,406,232.0,5825.0,603.0,5222.0
01/03/2025,AM-67     ,560,239.3,5055.0,646.0,4409.0
01/03/2025,AM-68     ,424,222.5,7832.0,93.0,7739.0
01/03/2025,AM-69     ,521,232.0,17417.0,1659.0,15758.0
01/03/2025,AM-70     ,267,176.3,4314.0,70.0,4244.0
01/03/2025,AM-71     ,431,159.6,6590.0,152.0,6438.0
01/03/2025,AM-72     ,295,111.3,4889.0,64.0,4825.0
01/03/2025,AM-73     ,275,157.1,5641.0,628.0,5013.0
01/03/2025,AM-74     ,209,131.9,9637.0,580.0,9057.0
01/03/2025,AM-75     ,291,161.0,8946.0,591.0,8355.0
01/03/2025,AM-77     ,312,146.5,3835.0,70.0,3765.0
01/03/2025,AM-86     ,14,6.6,340.0,166.0,174.0
01/03/2025,TM-002    ,549,284.8,7503.0,163.0,7340.0
01/03/2025,TM-003    ,539,285.8,6202.0,123.0,6079.0
01/03/2025,TM-004    ,550,224.9,8897.0,149.0,8748.0
01/03/2025,TM-005    ,535,240.2,6960.0,138.0,6822.0
01/03/2025,TM-007    ,538,317.1,6479.0,114.0,6365.0
01/03/2025,TM-008    ,392,184.0,7143.0,112.0,7031.0
01/03/2025,TM-009    ,7,4.3,178.0,0.0,178.0
01/03/2025,TM-010    ,518,308.7,8207.0,82.0,8125.0
01/03/2025,TM-011    ,21,7.9,270.0,13.0,257.0
01/03/2025,TM-012    ,442,239.5,8493.0,107.0,8386.0
01/03/2025,TM-013    ,601,314.5,7626.0,92.0,7534.0
01/03/2025,TM-014    ,535,200.9,5628.0,175.0,5453.0
01/03/2025,TM-015    ,441,197.6,7524.0,125.0,7399.0
01/03/2025,TM-016    ,459,352.7,7282.0,71.0,7211.0
01/03/2025,TM-017    ,167,123.8,3449.0,55.0,3394.0
01/03/2025,TM-018    ,682,301.7,10906.0,89.0,10817.0
01/03/2025,TM-020    ,5,3.0,89.0,0.0,89.0
01/03/2025,TM-021    ,9,5.8,155.0,0.0,155.0
01/03/2025,TM-022    ,6,3.4,92.0,0.0,92.0
01/03/2025,TM-023    ,1,0.4,0.0,0.0,0.0
01/03/2025,TM-024    ,231,108.8,4767.0,46.0,4721.0
01/03/2025,TM-025    ,472,245.0,7579.0,140.0,7439.0
01/03/2025,TM-026    ,366,217.6,4180.0,105.0,4075.0
01/03/2025,TM-027    ,114,67.1,1895.0,23.0,1872.0
01/03/2025,TM-028    ,310,164.0,3275.0,48.0,3227.0
01/03/2025,TM-029    ,496,352.8,10660.0,99.0,10561.0
01/03/2025,TM-030    ,588,265.2,6985.0,106.0,6879.0
01/03/2025,TM-031    ,492,218.3,6943.0,101.0,6842.0
01/03/2025,TM-032    ,503,278.1,5533.0,48.0,5485.0
01/03/2025,TM-033    ,554,282.2,6788.0,188.0,6600.0
01/03/2025,TM-034    ,16,8.7,295.0,0.0,295.0
01/03/2025,TM-035    ,152,73.8,2743.0,64.0,2679.0
01/03/2025,TM-038    ,619,346.9,10031.0,144.0,9887.0
01/03/2025,TM-039    ,474,228.8,7010.0,72.0,6938.0
01/03/2025,TM-040    ,518,225.5,8534.0,107.0,8427.0
01/03/2025,TM-041    ,513,297.1,10097.0,138.0,9959.0
01/03/2025,TM-046    ,396,178.8,4426.0,78.0,4348.0
01/03/2025,TM-047    ,461,189.0,6627.0,67.0,6560.0
01/03/2025,TM-048    ,323,238.4,6932.0,140.0,6792.0
01/03/2025,TM-049    ,372,170.9,4680.0,86.0,4594.0
01/03/2025,TM-050    ,210,78.4,3219.0,6.0,3213.0
01/03/2025,TM-052    ,21,8.6,285.0,0.0,285.0
01/03/2025,TM-053    ,13,7.2,214.0,0.0,214.0
01/03/2025,TM-055    ,506,260.7,4987.0,122.0,4865.0
01/03/2025,TM-056    ,455,297.3,8590.0,135.0,8455.0
01/03/2025,TM-057    ,440,281.3,6026.0,144.0,5882.0
01/03/2025,TM-058    ,722,246.9,10266.0,170.0,10096.0
01/03/2025,TM-059    ,567,185.8,7034.0,71.0,6963.0
01/03/2025,TM-060    ,638,300.4,7629.0,140.0,7489.0
01/03/2025,TM-061    ,678,257.4,10271.0,118.0,10153.0
01/03/2025,TM-062    ,461,337.6,9645.0,40.0,9605.0
01/03/2025,TM-063    ,403,185.2,6184.0,115.0,6069.0
01/03/2025,TM-064    ,119,80.9,1765.0,25.0,1740.0
01/03/2025,TM-065    ,182,95.2,3330.0,62.0,3268.0
01/03/2025,TM-066    ,163,92.8,2913.0,47.0,2866.0
01/03/2025,TM-068    ,26,13.5,387.0,2.0,385.0
01/03/2025,TM-070    ,18,9.1,222.0,1.0,221.0
01/03/2025,TM-072    ,480,275.4,6874.0,124.0,6750.0
01/03/2025,TM-073    ,459,272.5,9913.0,66.0,9847.0
01/03/2025,TM-074    ,486,263.3,7699.0,138.0,7561.0
01/03/2025,TM-075    ,390,175.1,6675.0,108.0,6567.0
01/03/2025,TM-076    ,473,184.7,6129.0,81.0,6048.0
01/04/2025,          ,251,137.5,5000.0,30.0,4970.0
01/04/2025,AM-01     ,1149,469.4,16040.0,1017.0,15023.0
01/04/2025,AM-02     ,1731,542.7,7393.0,76.0,7317.0
01/04/2025,AM-03     ,796,318.7,6530.0,598.0,5932.0
01/04/2025,AM-04     ,642,311.7,8722.0,709.0,8013.0
01/04/2025,AM-05     ,674,284.5,10384.0,1151.0,9233.0
01/04/2025,AM-06     ,420,207.7,16324.0,1444.0,14880.0
01/04/2025,AM-07     ,370,227.9,6572.0,714.0,5858.0
01/04/2025,AM-077    ,6,3.3,69.0,1.0,68.0
01/04/2025,AM-08     ,811,374.4,8089.0,596.0,7493.0
01/04/2025,AM-09     ,439,289.7,9092.0,792.0,8300.0
01/04/2025,AM-10     ,362,225.9,15854.0,931.0,14923.0
01/04/2025,AM-11     ,219,135.8,4012.0,109.0,3903.0
01/04/2025,AM-12     ,1056,517.0,7250.0,719.0,6531.0
01/04/2025,AM-13     ,554,250.1,11022.0,818.0,10204.0
01/04/2025,AM-14     ,618,388.0,6747.0,723.0,6024.0
01/04/2025,AM-15     ,393,184.8,8528.0,627.0,7901.0
01/04/2025,AM-16     ,392,185.5,8050.0,670.0,7380.0
01/04/2025,AM-17     ,463,243.0,6049.0,715.0,5334.0
01/04/2025,AM-18     ,424,204.7,9748.0,680.0,9068.0
01/04/2025,AM-19     ,1096,426.1,6949.0,749.0,6200.0
01/04/2025,AM-20     ,441,210.3,5818.0,737.0,5081.0
01/04/2025,AM-21     ,539,228.2,7677.0,1365.0,6312.0
01/04/2025,AM-22     ,209,119.4,2417.0,205.0,2212.0
01/04/2025,AM-23     ,514,285.4,6413.0,798.0,5615.0
01/04/2025,AM-24     ,410,254.5,4429.0,339.0,4090.0
01/04/2025,AM-25     ,562,314.4,17658.0,1373.0,16285.0
01/04/2025,AM-26     ,401,237.7,6123.0,625.0,5498.0
01/04/2025,AM-27     ,747,405.7,9724.0,960.0,8764.0
01/04/2025,AM-28     ,459,279.5,11449.0,767.0,10682.0
01/04/2025,AM-29     ,615,268.3,7465.0,677.0,6788.0
01/04/2025,AM-30     ,683,346.2,9649.0,789.0,8860.0
01/04/2025,AM-31     ,478,258.7,8000.0,724.0,7276.0
01/04/2025,AM-32     ,494,248.0,4913.0,743.0,4170.0
01/04/2025,AM-33     ,628,246.4,7697.0,936.0,6761.0
01/04/2025,AM-34     ,528,280.0,15183.0,1197.0,13986.0
01/04/2025,AM-35     ,372,190.1,7032.0,82.0,6950.0
01/04/2025,AM-36     ,416,232.5,9793.0,1307.0,8486.0
01/04/2025,AM-37     ,927,488.5,5304.0,360.0,4944.0
01/04/2025,AM-38     ,736,342.4,3415.0,291.0,3124.0
01/04/2025,AM-39     ,425,264.7,8033.0,1029.0,7004.0
01/04/2025,AM-40     ,408,202.1,5674.0,466.0,5208.0
01/04/2025,AM-41     ,1419,751.3,5482.0,303.0,5179.0
01/04/2025,AM-42     ,1805,631.8,6234.0,363.0,5871.0
01/04/2025,AM-43     ,592,266.7,7426.0,733.0,6693.0
01/04/2025,AM-44     ,971,530.1,5151.0,346.0,4805.0
01/04/2025,AM-45     ,564,201.3,16857.0,1001.0,15856.0
01/04/2025,AM-46     ,642,290.5,8270.0,789.0,7481.0
01/04/2025,AM-47     ,1183,708.4,5870.0,254.0,5616.0
01/04/2025,AM-48     ,1329,623.2,4861.0,361.0,4500.0
01/04/2025,AM-49     ,1128,490.1,3980.0,24.0,3956.0
01/04/2025,AM-50     ,1445,526.9,5518.0,56.0,5462.0
01/04/2025,AM-51     ,1636,664.7,4859.0,21.0,4838.0
01/04/2025,AM-52     ,1218,599.2,5466.0,21.0,5445.0
01/04/2025,AM-53     ,758,533.9,4902.0,21.0,4881.0
01/04/2025,AM-54     ,90,52.9,438.0,3.0,435.0
01/04/2025,AM-55     ,739,449.9,3165.0,22.0,3143.0
01/04/2025,AM-56     ,450,191.1,14468.0,1149.0,13319.0
01/04/2025,AM-57     ,512,274.1,6129.0,798.0,5331.0
01/04/2025,AM-58     ,501,347.6,19390.0,1585.0,17805.0
01/04/2025,AM-59     ,484,159.6,9129.0,640.0,8489.0
01/04/2025,AM-60     ,534,321.2,17678.0,1463.0,16215.0
01/04/2025,AM-61     ,408,165.4,8134.0,94.0,8040.0
01/04/2025,AM-62     ,394,257.8,12589.0,849.0,11740.0
01/04/2025,AM-63     ,186,99.8,4670.0,72.0,4598.0
01/04/2025,AM-64     ,393,237.1,5120.0,383.0,4737.0
01/04/2025,AM-65     ,609,295.7,6617.0,593.0,6024.0
01/04/2025,AM-66     ,629,264.0,6556.0,645.0,5911.0
01/04/2025,AM-67     ,469,188.6,5669.0,502.0,5167.0
01/04/2025,AM-68     ,302,214.1,6313.0,106.0,6207.0
01/04/2025,AM-69     ,460,228.7,2744.0,52.0,2692.0
01/04/2025,AM-70     ,364,215.7,5845.0,84.0,5761.0
01/04/2025,AM-71     ,299,177.1,6002.0,109.0,5893.0
01/04/2025,AM-72     ,203,78.4,2502.0,50.0,2452.0
01/04/2025,AM-73     ,472,221.1,7265.0,660.0,6605.0
01/04/2025,AM-74     ,411,215.4,13875.0,825.0,13050.0
01/04/2025,AM-75     ,202,91.0,5123.0,296.0,4827.0
01/04/2025,AM-77     ,489,204.2,5808.0,118.0,5690.0
01/04/2025,TM-001    ,31,15.4,467.0,1.0,466.0
01/04/2025,TM-002    ,327,152.7,6465.0,88.0,6377.0
01/04/2025,TM-003    ,624,289.9,7162.0,161.0,7001.0
01/04/2025,TM-004    ,539,186.6,5223.0,67.0,5156.0
01/04/2025,TM-005    ,411,172.7,5760.0,68.0,5692.0
01/04/2025,TM-007    ,697,220.4,7707.0,58.0,7649.0
01/04/2025,TM-008    ,562,220.0,6842.0,145.0,6697.0
01/04/2025,TM-010    ,386,272.0,6303.0,85.0,6218.0
01/04/2025,TM-012    ,671,310.6,7301.0,181.0,7120.0
01/04/2025,TM-013    ,497,254.3,6286.0,91.0,6195.0
01/04/2025,TM-014    ,405,227.2,6345.0,97.0,6248.0
01/04/2025,TM-015    ,308,114.6,5267.0,89.0,5178.0
01/04/2025,TM-016    ,376,163.6,5203.0,117.0,5086.0
01/04/2025,TM-017    ,416,230.7,8342.0,105.0,8237.0
01/04/2025,TM-018    ,333,226.9,5309.0,156.0,5153.0
01/04/2025,TM-024    ,42,24.1,595.0,28.0,567.0
01/04/2025,TM-025    ,571,257.3,6516.0,195.0,6321.0
01/04/2025,TM-028    ,466,212.9,7988.0,56.0,7932.0
01/04/2025,TM-029    ,554,179.2,6278.0,107.0,6171.0
01/04/2025,TM-030    ,502,320.4,8878.0,174.0,8704.0
01/04/2025,TM-031    ,269,140.7,4687.0,58.0,4629.0
01/04/2025,TM-032    ,436,293.5,6292.0,94.0,6198.0
01/04/2025,TM-033    ,389,235.5,8204.0,102.0,8102.0
01/04/2025,TM-034    ,378,236.7,5615.0,138.0,5477.0
01/04/2025,TM-035    ,171,89.7,1673.0,43.0,1630.0
01/04/2025,TM-038    ,651,327.4,7190.0,104.0,7086.0
01/04/2025,TM-039    ,554,227.9,5992.0,85.0,5907.0
01/04/2025,TM-040    ,470,273.1,6274.0,136.0,6138.0
01/04/2025,TM-041    ,582,215.9,7551.0,142.0,7409.0
01/04/2025,TM-046    ,326,217.4,4786.0,90.0,4696.0
01/04/2025,TM-047    ,354,214.9,6782.0,103.0,6679.0
01/04/2025,TM-048    ,328,112.7,2971.0,57.0,2914.0
01/04/2025,TM-049    ,341,154.1,5677.0,133.0,5544.0
01/04/2025,TM-050    ,380,185.5,5649.0,148.0,5501.0
01/04/2025,TM-055    ,423,219.3,6895.0,114.0,6781.0
01/04/2025,TM-056    ,444,256.1,8102.0,50.0,8052.0
01/04/2025,TM-057    ,514,211.3,5631.0,54.0,5577.0
01/04/2025,TM-058    ,543,218.5,6580.0,89.0,6491.0
01/04/2025,TM-059    ,702,344.5,6835.0,142.0,6693.0
01/04/2025,TM-060    ,459,335.3,7534.0,156.0,7378.0
01/04/2025,TM-061    ,222,139.7,2891.0,50.0,2841.0
01/04/2025,TM-062    ,523,246.4,8371.0,114.0,8257.0
01/04/2025,TM-063    ,392,221.0,5351.0,158.0,5193.0
01/04/2025,TM-064    ,308,168.3,5035.0,103.0,4932.0
01/04/2025,TM-065    ,557,212.6,5611.0,130.0,5481.0
01/04/2025,TM-066    ,571,195.3,8223.0,115.0,8108.0
01/04/2025,TM-072    ,593,224.2,6028.0,122.0,5906.0
01/04/2025,TM-073    ,607,215.7,7206.0,87.0,7119.0
01/04/2025,TM-074    ,541,287.3,5305.0,177.0,5128.0
01/04/2025,TM-075    ,478,180.5,5644.0,66.0,5578.0
01/04/2025,TM-076    ,680,283.9,9254.0,123.0,9131.0
01/05/2025,          ,15,8.3,264.0,1.0,263.0
01/05/2025,AM-01     ,582,275.9,20943.0,1748.0,19195.0
01/05/2025,AM-02     ,1254,714.6,6974.0,121.0,6853.0
01/05/2025,AM-03     ,733,307.3,8739.0,703.0,8036.0
01/05/2025,AM-04     ,656,419.7,7146.0,657.0,6489.0
01/05/2025,AM-05     ,651,242.3,9769.0,1014.0,8755.0
01/05/2025,AM-06     ,461,266.1,13166.0,1048.0,12118.0
01/05/2025,AM-07     ,364,252.0,6800.0,959.0,5841.0
01/05/2025,AM-076    ,85,50.2,1361.0,39.0,1322.0
01/05/2025,AM-08     ,456,342.2,6854.0,804.0,6050.0
01/05/2025,AM-09     ,392,256.7,9458.0,672.0,8786.0
01/05/2025,AM-10     ,565,310.2,17402.0,1599.0,15803.0
01/05/2025,AM-11     ,338,172.3,8071.0,211.0,7860.0
01/05/2025,AM-12     ,877,514.4,6074.0,563.0,5511.0
01/05/2025,AM-13     ,662,342.4,9268.0,888.0,8380.0
01/05/2025,AM-14     ,896,320.8,9117.0,714.0,8403.0
01/05/2025,AM-15     ,336,164.5,10656.0,658.0,9998.0
01/05/2025,AM-16     ,344,213.4,8017.0,553.0,7464.0
01/05/2025,AM-17     ,380,201.9,7380.0,745.0,6635.0
01/05/2025,AM-18     ,647,260.6,14004.0,902.0,13102.0
01/05/2025,AM-19     ,532,327.3,8828.0,952.0,7876.0
01/05/2025,AM-20     ,1197,831.7,6642.0,267.0,6375.0
01/05/2025,AM-21     ,646,351.8,10959.0,997.0,9962.0
01/05/2025,AM-22     ,695,350.3,7990.0,600.0,7390.0
01/05/2025,AM-23     ,501,262.3,7655.0,899.0,6756.0
01/05/2025,AM-24     ,659,315.5,8719.0,656.0,8063.0
01/05/2025,AM-25     ,741,234.8,17038.0,1024.0,16014.0
01/05/2025,AM-26     ,708,308.8,6865.0,579.0,6286.0
01/05/2025,AM-27     ,674,311.8,9549.0,724.0,8825.0
01/05/2025,AM-28     ,493,211.9,9653.0,953.0,8700.0
01/05/2025,AM-29     ,546,296.9,9798.0,843.0,8955.0
01/05/2025,AM-30     ,709,321.0,9134.0,722.0,8412.0
01/05/2025,AM-31     ,708,252.4,5603.0,827.0,4776.0
01/05/2025,AM-32     ,545,293.2,6974.0,766.0,6208.0
01/05/2025,AM-33     ,463,249.7,4718.0,789.0,3929.0
01/05/2025,AM-34     ,517,285.4,14723.0,1071.0,13652.0
01/05/2025,AM-35     ,356,234.6,7292.0,113.0,7179.0
01/05/2025,AM-36     ,570,255.8,7816.0,831.0,6985.0
01/05/2025,AM-37     ,773,465.5,4227.0,563.0,3664.0
01/05/2025,AM-38     ,1230,574.1,6009.0,600.0,5409.0
01/05/2025,AM-39     ,338,230.9,8254.0,694.0,7560.0
01/05/2025,AM-40     ,619,362.0,11107.0,750.0,10357.0
01/05/2025,AM-41     ,582,293.3,8699.0,1097.0,7602.0
01/05/2025,AM-42     ,1934,836.7,5964.0,362.0,5602.0
01/05/2025,AM-43     ,331,173.7,7083.0,842.0,6241.0
01/05/2025,AM-44     ,855,434.8,6129.0,764.0,5365.0
01/05/2025,AM-45     ,698,372.1,21532.0,1453.0,20079.0
01/05/2025,AM-46     ,446,289.3,7464.0,587.0,6877.0
01/05/2025,AM-47     ,1900,646.0,7170.0,268.0,6902.0
01/05/2025,AM-48     ,1683,540.6,6901.0,326.0,6575.0
01/05/2025,AM-49     ,933,611.2,4872.0,66.0,4806.0
01/05/2025,AM-50     ,725,391.8,3579.0,22.0,3557.0
01/05/2025,AM-51     ,1042,657.4,6114.0,18.0,6096.0
01/05/2025,AM-52     ,1683,784.7,5886.0,17.0,5869.0
01/05/2025,AM-53     ,1110,676.0,5329.0,20.0,5309.0
01/05/2025,AM-54     ,293,121.1,1203.0,4.0,1199.0
01/05/2025,AM-55     ,1337,578.2,4058.0,21.0,4037.0
01/05/2025,AM-56     ,432,177.1,10149.0,1291.0,8858.0
01/05/2025,AM-57     ,386,215.8,8222.0,1390.0,6832.0
01/05/2025,AM-58     ,490,292.8,12254.0,1449.0,10805.0
01/05/2025,AM-59     ,602,248.0,9663.0,1073.0,8590.0
01/05/2025,AM-60     ,779,275.5,15684.0,1589.0,14095.0
01/05/2025,AM-61     ,387,132.9,7852.0,141.0,7711.0
01/05/2025,AM-62     ,368,202.2,13064.0,884.0,12180.0
01/05/2025,AM-63     ,249,169.6,4999.0,106.0,4893.0
01/05/2025,AM-64     ,609,281.5,4894.0,687.0,4207.0
01/05/2025,AM-65     ,481,320.8,6618.0,439.0,6179.0
01/05/2025,AM-66     ,686,334.1,5061.0,545.0,4516.0
01/05/2025,AM-67     ,530,249.9,6880.0,655.0,6225.0
01/05/2025,AM-68     ,271,190.3,5849.0,121.0,5728.0
01/05/2025,AM-69     ,1312,460.9,6321.0,152.0,6169.0
01/05/2025,AM-70     ,476,211.7,4654.0,116.0,4538.0
01/05/2025,AM-71     ,256,143.6,5358.0,85.0,5273.0
01/05/2025,AM-72     ,338,194.1,4431.0,79.0,4352.0
01/05/2025,AM-73     ,357,156.8,7465.0,1204.0,6261.0
01/05/2025,AM-74     ,481,288.7,15542.0,1303.0,14239.0
01/05/2025,AM-75     ,215,102.4,8017.0,484.0,7533.0
01/05/2025,AM-76     ,8,4.8,87.0,1.0,86.0
01/05/2025,AM-77     ,439,161.0,6348.0,105.0,6243.0
01/05/2025,AM-86     ,685,368.4,2050.0,66.0,1984.0
01/05/2025,TM-001    ,91,57.1,1433.0,69.0,1364.0
01/05/2025,TM-002    ,293,128.8,4460.0,11.0,4449.0
01/05/2025,TM-003    ,540,314.8,7334.0,113.0,7221.0
01/05/2025,TM-004    ,578,300.4,6641.0,75.0,6566.0
01/05/2025,TM-005    ,578,230.4,7256.0,129.0,7127.0
01/05/2025,TM-007    ,491,350.7,7861.0,202.0,7659.0
01/05/2025,TM-008    ,364,226.7,5709.0,37.0,5672.0
01/05/2025,TM-010    ,526,267.6,7692.0,70.0,7622.0
01/05/2025,TM-012    ,301,160.6,5459.0,68.0,5391.0
01/05/2025,TM-013    ,647,281.5,10391.0,47.0,10344.0
01/05/2025,TM-014    ,231,160.5,4337.0,38.0,4299.0
01/05/2025,TM-015    ,483,253.7,8555.0,107.0,8448.0
01/05/2025,TM-016    ,184,95.1,3089.0,88.0,3001.0
01/05/2025,TM-017    ,665,206.7,9667.0,137.0,9530.0
01/05/2025,TM-018    ,620,211.5,6770.0,65.0,6705.0
01/05/2025,TM-019    ,256,160.6,4054.0,128.0,3926.0
01/05/2025,TM-022    ,2,1.1,36.0,0.0,36.0
01/05/2025,TM-025    ,163,103.1,2631.0,83.0,2548.0
01/05/2025,TM-027    ,46,18.9,888.0,0.0,888.0
01/05/2025,TM-028    ,443,219.8,6708.0,73.0,6635.0
01/05/2025,TM-029    ,505,195.2,5629.0,141.0,5488.0
01/05/2025,TM-030    ,632,259.4,8760.0,125.0,8635.0
01/05/2025,TM-031    ,374,235.3,5389.0,91.0,5298.0
01/05/2025,TM-032    ,551,314.6,10191.0,177.0,10014.0
01/05/2025,TM-033    ,454,150.1,6930.0,137.0,6793.0
01/05/2025,TM-034    ,579,300.0,8078.0,119.0,7959.0
01/05/2025,TM-035    ,250,164.1,3896.0,26.0,3870.0
01/05/2025,TM-038    ,400,246.3,5785.0,135.0,5650.0
01/05/2025,TM-039    ,184,78.7,2970.0,47.0,2923.0
01/05/2025,TM-040    ,487,305.5,9729.0,67.0,9662.0
01/05/2025,TM-041    ,418,213.6,6160.0,90.0,6070.0
01/05/2025,TM-043    ,8,5.3,142.0,18.0,124.0
01/05/2025,TM-045    ,10,3.4,101.0,0.0,101.0
01/05/2025,TM-046    ,370,173.4,6206.0,43.0,6163.0
01/05/2025,TM-047    ,317,162.8,7296.0,128.0,7168.0
01/05/2025,TM-048    ,317,159.2,4240.0,55.0,4185.0
01/05/2025,TM-049    ,527,183.2,5798.0,107.0,5691.0
01/05/2025,TM-050    ,463,215.9,6408.0,117.0,6291.0
01/05/2025,TM-054    ,12,4.6,223.0,0.0,223.0
01/05/2025,TM-055    ,494,273.2,8946.0,147.0,8799.0
01/05/2025,TM-056    ,701,232.2,9724.0,96.0,9628.0
01/05/2025,TM-057    ,440,316.6,6381.0,68.0,6313.0
01/05/2025,TM-058    ,386,273.7,6368.0,80.0,6288.0
01/05/2025,TM-059    ,447,215.3,9320.0,90.0,9230.0
01/05/2025,TM-060    ,426,269.1,9457.0,88.0,9369.0
01/05/2025,TM-061    ,474,192.5,7806.0,85.0,7721.0
01/05/2025,TM-062    ,721,363.6,9726.0,98.0,9628.0
01/05/2025,TM-063    ,514,245.8,8787.0,209.0,8578.0
01/05/2025,TM-064    ,483,194.8,7279.0,144.0,7135.0
01/05/2025,TM-065    ,556,210.5,5565.0,165.0,5400.0
01/05/2025,TM-066    ,368,187.3,7704.0,146.0,7558.0
01/05/2025,TM-071    ,5,2.8,80.0,1.0,79.0
01/05/2025,TM-072    ,349,183.4,5652.0,80.0,5572.0
01/05/2025,TM-073    ,679,316.2,10997.0,90.0,10907.0
01/05/2025,TM-074    ,415,253.8,7693.0,131.0,7562.0
01/05/2025,TM-075    ,549,233.6,6860.0,123.0,6737.0
01/05/2025,TM-076    ,255,103.4,2953.0,79.0,2874.0
01/06/2025,          ,27,10.0,565.0,57.0,508.0
01/06/2025,AM-01     ,639,345.0,18154.0,1488.0,16666.0
01/06/2025,AM-02     ,1352,607.1,5634.0,110.0,5524.0
01/06/2025,AM-03     ,359,235.7,5468.0,489.0,4979.0
01/06/2025,AM-04     ,744,355.6,7704.0,517.0,7187.0
01/06/2025,AM-05     ,386,204.5,10666.0,842.0,9824.0
01/06/2025,AM-06     ,618,270.1,14305.0,1267.0,13038.0
01/06/2025,AM-068    ,18,8.8,231.0,15.0,216.0
01/06/2025,AM-07     ,403,210.4,7325.0,763.0,6562.0
01/06/2025,AM-070    ,22,9.9,380.0,13.0,367.0
01/06/2025,AM-071    ,10,5.0,123.0,19.0,104.0
01/06/2025,AM-076    ,324,161.4,6707.0,109.0,6598.0
01/06/2025,AM-077    ,14,6.2,167.0,0.0,167.0
01/06/2025,AM-08     ,792,362.8,8268.0,682.0,7586.0
01/06/2025,AM-09     ,547,192.0,10021.0,1169.0,8852.0
01/06/2025,AM-10     ,497,316.0,24119.0,1180.0,22939.0
01/06/2025,AM-11     ,300,112.9,6129.0,140.0,5989.0
01/06/2025,AM-12     ,975,363.4,7156.0,748.0,6408.0
01/06/2025,AM-13     ,328,206.6,7961.0,669.0,7292.0
01/06/2025,AM-14     ,557,381.0,4781.0,441.0,4340.0
01/06/2025,AM-15     ,393,196.6,7694.0,791.0,6903.0
01/06/2025,AM-16     ,337,173.9,5330.0,670.0,4660.0
01/06/2025,AM-17     ,503,214.5,9420.0,1266.0,8154.0
01/06/2025,AM-18     ,492,259.9,12919.0,913.0,12006.0
01/06/2025,AM-19     ,1387,586.8,8763.0,117.0,8646.0
01/06/2025,AM-20     ,1044,784.4,6787.0,338.0,6449.0
01/06/2025,AM-21     ,580,280.5,7189.0,830.0,6359.0
01/06/2025,AM-22     ,725,468.7,9604.0,901.0,8703.0
01/06/2025,AM-23     ,555,205.2,7032.0,856.0,6176.0
01/06/2025,AM-24     ,712,280.7,9498.0,553.0,8945.0
01/06/2025,AM-25     ,540,285.1,12176.0,1108.0,11068.0
01/06/2025,AM-26     ,720,318.0,7189.0,986.0,6203.0
01/06/2025,AM-27     ,581,342.4,8508.0,606.0,7902.0
01/06/2025,AM-28     ,477,195.4,7051.0,782.0,6269.0
01/06/2025,AM-29     ,686,293.1,6451.0,657.0,5794.0
01/06/2025,AM-30     ,666,321.7,9160.0,921.0,8239.0
01/06/2025,AM-31     ,462,197.3,6230.0,625.0,5605.0
01/06/2025,AM-32     ,346,214.4,5075.0,601.0,4474.0
01/06/2025,AM-33     ,607,273.2,6906.0,677.0,6229.0
01/06/2025,AM-34     ,497,225.8,15450.0,1200.0,14250.0
01/06/2025,AM-35     ,365,149.8,6335.0,157.0,6178.0
01/06/2025,AM-36     ,585,317.8,7571.0,789.0,6782.0
01/06/2025,AM-37     ,768,444.8,6409.0,702.0,5707.0
01/06/2025,AM-38     ,962,539.4,6359.0,671.0,5688.0
01/06/2025,AM-39     ,375,221.1,9452.0,505.0,8947.0
01/06/2025,AM-40     ,604,278.7,9914.0,756.0,9158.0
01/06/2025,AM-41     ,470,285.1,7147.0,1109.0,6038.0
01/06/2025,AM-42     ,1315,818.6,5747.0,292.0,5455.0
01/06/2025,AM-43     ,531,180.4,11078.0,939.0,10139.0
01/06/2025,AM-44     ,996,485.9,4458.0,352.0,4106.0
01/06/2025,AM-45     ,664,235.5,14428.0,1315.0,13113.0
01/06/2025,AM-46     ,479,237.5,8252.0,1390.0,6862.0
01/06/2025,AM-47     ,1146,600.0,7230.0,352.0,6878.0
01/06/2025,AM-48     ,1576,684.7,7151.0,301.0,6850.0
01/06/2025,AM-49     ,1316,626.8,3746.0,0.0,3746.0
01/06/2025,AM-50     ,1418,671.5,4288.0,0.0,4288.0
01/06/2025,AM-51     ,1008,534.2,4911.0,0.0,4911.0
01/06/2025,AM-52     ,709,434.6,3119.0,0.0,3119.0
01/06/2025,AM-53     ,1255,623.9,5117.0,0.0,5117.0
01/06/2025,AM-54     ,376,210.0,2114.0,0.0,2114.0
01/06/2025,AM-55     ,1105,833.6,4837.0,22.0,4815.0
01/06/2025,AM-56     ,273,197.3,7506.0,958.0,6548.0
01/06/2025,AM-57     ,492,227.3,7355.0,1092.0,6263.0
01/06/2025,AM-58     ,483,338.3,20193.0,1231.0,18962.0
01/06/2025,AM-59     ,400,185.6,9781.0,1130.0,8651.0
01/06/2025,AM-60     ,395,275.0,15882.0,950.0,14932.0
01/06/2025,AM-61     ,460,222.7,7928.0,150.0,7778.0
01/06/2025,AM-62     ,354,208.6,9386.0,497.0,8889.0
01/06/2025,AM-63     ,293,115.5,6335.0,76.0,6259.0
01/06/2025,AM-64     ,628,261.0,5869.0,556.0,5313.0
01/06/2025,AM-65     ,436,257.9,4769.0,384.0,4385.0
01/06/2025,AM-66     ,526,216.7,5828.0,468.0,5360.0
01/06/2025,AM-67     ,448,305.6,6857.0,401.0,6456.0
01/06/2025,AM-68     ,355,185.0,6724.0,148.0,6576.0
01/06/2025,AM-69     ,328,128.8,6824.0,472.0,6352.0
01/06/2025,AM-70     ,283,121.3,3367.0,34.0,3333.0
01/06/2025,AM-71     ,258,141.5,4094.0,49.0,4045.0
01/06/2025,AM-72     ,216,112.1,4023.0,43.0,3980.0
01/06/2025,AM-73     ,366,179.4,6885.0,933.0,5952.0
01/06/2025,AM-74     ,255,152.9,10553.0,733.0,9820.0
01/06/2025,AM-75     ,421,200.3,17831.0,963.0,16868.0
01/06/2025,AM-77     ,255,115.3,5068.0,35.0,5033.0
01/06/2025,AM-86     ,1337,647.9,7484.0,153.0,7331.0
01/06/2025,AM-87     ,98,44.2,378.0,10.0,368.0
01/06/2025,TM-001    ,33,21.1,659.0,56.0,603.0
01/06/2025,TM-002    ,368,181.5,7280.0,121.0,7159.0
01/06/2025,TM-003    ,448,179.8,5873.0,85.0,5788.0
01/06/2025,TM-004    ,470,223.2,6415.0,15.0,6400.0
01/06/2025,TM-005    ,382,198.1,6155.0,106.0,6049.0
01/06/2025,TM-007    ,385,299.1,9755.0,123.0,9632.0
01/06/2025,TM-008    ,232,138.4,3534.0,54.0,3480.0
01/06/2025,TM-010    ,524,212.8,6452.0,80.0,6372.0
01/06/2025,TM-012    ,294,128.4,4876.0,59.0,4817.0
01/06/2025,TM-013    ,313,136.6,4344.0,59.0,4285.0
01/06/2025,TM-014    ,414,133.0,4102.0,61.0,4041.0
01/06/2025,TM-015    ,350,123.3,3976.0,93.0,3883.0
01/06/2025,TM-016    ,15,5.9,259.0,0.0,259.0
01/06/2025,TM-017    ,483,275.8,7697.0,113.0,7584.0
01/06/2025,TM-018    ,377,246.7,6452.0,50.0,6402.0
01/06/2025,TM-019    ,473,143.9,5990.0,116.0,5874.0
01/06/2025,TM-024    ,229,132.0,3408.0,38.0,3370.0
01/06/2025,TM-025    ,295,171.7,4923.0,91.0,4832.0
01/06/2025,TM-027    ,533,247.3,9666.0,85.0,9581.0
01/06/2025,TM-028    ,50,24.0,834.0,0.0,834.0
01/06/2025,TM-029    ,515,253.4,6111.0,119.0,5992.0
01/06/2025,TM-030    ,538,319.8,10198.0,69.0,10129.0
01/06/2025,TM-031    ,438,177.0,8261.0,44.0,8217.0
01/06/2025,TM-032    ,315,120.4,3790.0,100.0,3690.0
01/06/2025,TM-033    ,324,159.9,5605.0,75.0,5530.0
01/06/2025,TM-034    ,523,234.7,10148.0,49.0,10099.0
01/06/2025,TM-035    ,82,37.6,1189.0,16.0,1173.0
01/06/2025,TM-036    ,13,7.0,198.0,0.0,198.0
01/06/2025,TM-038    ,444,234.7,6332.0,38.0,6294.0
01/06/2025,TM-039    ,310,139.2,4974.0,115.0,4859.0
01/06/2025,TM-040    ,465,221.1,7411.0,60.0,7351.0
01/06/2025,TM-041    ,416,269.2,7956.0,60.0,7896.0
01/06/2025,TM-046    ,376,156.2,3760.0,56.0,3704.0
01/06/2025,TM-047    ,391,200.7,7670.0,205.0,7465.0
01/06/2025,TM-048    ,358,135.8,4143.0,53.0,4090.0
01/06/2025,TM-049    ,302,197.3,6238.0,97.0,6141.0
01/06/2025,TM-050    ,344,192.0,6716.0,147.0,6569.0
01/06/2025,TM-055    ,465,268.6,8257.0,99.0,8158.0
01/06/2025,TM-056    ,537,255.8,6904.0,85.0,6819.0
01/06/2025,TM-057    ,142,57.2,2504.0,33.0,2471.0
01/06/2025,TM-058    ,573,187.4,6160.0,83.0,6077.0
01/06/2025,TM-059    ,477,289.6,8286.0,36.0,8250.0
01/06/2025,TM-060    ,539,275.8,10080.0,81.0,9999.0
01/06/2025,TM-061    ,435,316.5,10265.0,101.0,10164.0
01/06/2025,TM-062    ,448,151.5,6472.0,110.0,6362.0
01/06/2025,TM-063    ,175,101.3,2901.0,80.0,2821.0
01/06/2025,TM-064    ,613,260.5,6795.0,170.0,6625.0
01/06/2025,TM-065    ,426,208.3,5206.0,117.0,5089.0
01/06/2025,TM-066    ,491,160.6,6561.0,106.0,6455.0
01/06/2025,TM-072    ,455,195.8,6102.0,59.0,6043.0
01/06/2025,TM-073    ,520,227.8,9371.0,96.0,9275.0
01/06/2025,TM-074    ,473,245.5,7958.0,36.0,7922.0
01/06/2025,TM-075    ,395,295.1,5931.0,161.0,5770.0
01/06/2025,TM-076    ,411,243.7,6450.0,63.0,6387.0
01/07/2025,          ,26,20.9,424.0,38.0,386.0
01/07/2025,AM-01     ,608,229.3,15430.0,1427.0,14003.0
01/07/2025,AM-02     ,1079,504.6,6697.0,158.0,6539.0
01/07/2025,AM-03     ,667,326.6,6812.0,761.0,6051.0
01/07/2025,AM-04     ,645,319.9,5748.0,791.0,4957.0
01/07/2025,AM-05     ,554,333.8,9772.0,553.0,9219.0
01/07/2025,AM-06     ,678,382.2,21656.0,1154.0,20502.0
01/07/2025,AM-068    ,38,20.2,702.0,61.0,641.0
01/07/2025,AM-07     ,494,261.2,6929.0,589.0,6340.0
01/07/2025,AM-070    ,32,23.0,542.0,42.0,500.0
01/07/2025,AM-071    ,43,20.1,724.0,1.0,723.0
01/07/2025,AM-072    ,25,9.2,417.0,15.0,402.0
01/07/2025,AM-076    ,439,209.0,5474.0,135.0,5339.0
01/07/2025,AM-077    ,26,10.8,423.0,0.0,423.0
01/07/2025,AM-08     ,426,241.0,5153.0,597.0,4556.0
01/07/2025,AM-09     ,641,274.3,7530.0,696.0,6834.0
01/07/2025,AM-10     ,589,231.4,15900.0,934.0,14966.0
01/07/2025,AM-11     ,185,116.0,4166.0,204.0,3962.0
01/07/2025,AM-12     ,820,389.8,7002.0,671.0,6331.0
01/07/2025,AM-13     ,374,242.8,8763.0,635.0,8128.0
01/07/2025,AM-14     ,830,473.1,5991.0,676.0,5315.0
01/07/2025,AM-15     ,448,175.1,10773.0,987.0,9786.0
01/07/2025,AM-16     ,428,199.8,7892.0,952.0,6940.0
01/07/2025,AM-17     ,413,300.6,9229.0,1453.0,7776.0
01/07/2025,AM-18     ,547,302.9,15443.0,1576.0,13867.0
01/07/2025,AM-19     ,1441,683.4,5320.0,145.0,5175.0
01/07/2025,AM-20     ,1360,550.1,6659.0,334.0,6325.0
01/07/2025,AM-21     ,405,190.9,9981.0,775.0,9206.0
01/07/2025,AM-22     ,646,351.0,5853.0,529.0,5324.0
01/07/2025,AM-23     ,560,226.9,6889.0,783.0,6106.0
01/07/2025,AM-24     ,864,417.7,7675.0,460.0,7215.0
01/07/2025,AM-25     ,420,291.2,14540.0,907.0,13633.0
01/07/2025,AM-26     ,484,337.5,7698.0,987.0,6711.0
01/07/2025,AM-27     ,618,295.1,9056.0,919.0,8137.0
01/07/2025,AM-28     ,399,222.3,8757.0,1128.0,7629.0
01/07/2025,AM-29     ,552,373.2,12033.0,911.0,11122.0
01/07/2025,AM-30     ,762,332.0,7311.0,871.0,6440.0
01/07/2025,AM-31     ,625,320.5,11168.0,994.0,10174.0
01/07/2025,AM-32     ,495,327.7,8083.0,761.0,7322.0
01/07/2025,AM-33     ,408,270.1,9508.0,729.0,8779.0
01/07/2025,AM-34     ,428,275.2,16777.0,1160.0,15617.0
01/07/2025,AM-35     ,335,205.1,7709.0,88.0,7621.0
01/07/2025,AM-36     ,630,237.8,11546.0,868.0,10678.0
01/07/2025,AM-37     ,755,331.5,5070.0,548.0,4522.0
01/07/2025,AM-38     ,994,473.6,5945.0,571.0,5374.0
01/07/2025,AM-39     ,554,198.5,8462.0,1202.0,7260.0
01/07/2025,AM-40     ,608,251.6,8353.0,420.0,7933.0
01/07/2025,AM-41     ,542,240.5,12321.0,934.0,11387.0
01/07/2025,AM-42     ,1463,764.8,4892.0,261.0,4631.0
01/07/2025,AM-43     ,671,259.3,9413.0,780.0,8633.0
01/07/2025,AM-44     ,1128,551.3,6655.0,707.0,5948.0
01/07/2025,AM-45     ,521,312.2,16827.0,1138.0,15689.0
01/07/2025,AM-46     ,553,250.2,11326.0,1150.0,10176.0
01/07/2025,AM-47     ,1535,706.6,7385.0,254.0,7131.0
01/07/2025,AM-48     ,1619,723.1,6195.0,260.0,5935.0
01/07/2025,AM-49     ,1048,599.5,5552.0,12.0,5540.0
01/07/2025,AM-50     ,1341,812.4,6067.0,11.0,6056.0
01/07/2025,AM-51     ,1719,880.1,6333.0,7.0,6326.0
01/07/2025,AM-52     ,1044,641.6,4968.0,5.0,4963.0
01/07/2025,AM-53     ,827,505.2,3200.0,9.0,3191.0
01/07/2025,AM-54     ,82,50.7,442.0,1.0,441.0
01/07/2025,AM-55     ,869,497.4,4289.0,7.0,4282.0
01/07/2025,AM-56     ,386,237.1,13777.0,1412.0,12365.0
01/07/2025,AM-57     ,719,322.8,9352.0,1058.0,8294.0
01/07/2025,AM-58     ,497,333.5,13040.0,1397.0,11643.0
01/07/2025,AM-59     ,471,266.0,9013.0,1169.0,7844.0
01/07/2025,AM-60     ,356,204.8,10132.0,729.0,9403.0
01/07/2025,AM-61     ,326,181.2,9248.0,107.0,9141.0
01/07/2025,AM-62     ,457,268.3,16177.0,1213.0,14964.0
01/07/2025,AM-63     ,370,181.9,6318.0,103.0,6215.0
01/07/2025,AM-64     ,666,308.4,6340.0,491.0,5849.0
01/07/2025,AM-65     ,499,214.1,5616.0,646.0,4970.0
01/07/2025,AM-66     ,610,321.1,5751.0,353.0,5398.0
01/07/2025,AM-67     ,392,289.2,6068.0,566.0,5502.0
01/07/2025,AM-68     ,368,129.3,4243.0,43.0,4200.0
01/07/2025,AM-69     ,280,182.3,5120.0,616.0,4504.0
01/07/2025,AM-70     ,275,114.5,3582.0,51.0,3531.0
01/07/2025,AM-71     ,266,188.0,4031.0,42.0,3989.0
01/07/2025,AM-72     ,135,54.9,1286.0,2.0,1284.0
01/07/2025,AM-73     ,337,131.4,6255.0,824.0,5431.0
01/07/2025,AM-74     ,492,205.6,11847.0,1144.0,10703.0
01/07/2025,AM-75     ,495,310.2,17716.0,1274.0,16442.0
01/07/2025,AM-76     ,1,0.4,14.0,0.0,14.0
01/07/2025,AM-77     ,330,164.1,5080.0,80.0,5000.0
01/07/2025,AM-86     ,1883,1008.4,8044.0,173.0,7871.0
01/07/2025,TM-002    ,360,263.8,7067.0,44.0,7023.0
01/07/2025,TM-003    ,490,156.0,6568.0,97.0,6471.0
01/07/2025,TM-004    ,604,314.8,9454.0,67.0,9387.0
01/07/2025,TM-005    ,297,184.1,4847.0,44.0,4803.0
01/07/2025,TM-007    ,524,187.4,5918.0,138.0,5780.0
01/07/2025,TM-008    ,430,161.1,5868.0,70.0,5798.0
01/07/2025,TM-010    ,452,192.6,6737.0,147.0,6590.0
01/07/2025,TM-012    ,432,278.2,7834.0,67.0,7767.0
01/07/2025,TM-013    ,567,207.3,6314.0,122.0,6192.0
01/07/2025,TM-014    ,510,198.0,8293.0,97.0,8196.0
01/07/2025,TM-015    ,492,290.6,6261.0,105.0,6156.0
01/07/2025,TM-016    ,447,219.0,7767.0,64.0,7703.0
01/07/2025,TM-017    ,512,265.9,8768.0,82.0,8686.0
01/07/2025,TM-018    ,360,183.1,6358.0,112.0,6246.0
01/07/2025,TM-019    ,375,187.2,8726.0,96.0,8630.0
01/07/2025,TM-024    ,583,295.5,6298.0,79.0,6219.0
01/07/2025,TM-025    ,440,193.9,7615.0,108.0,7507.0
01/07/2025,TM-027    ,369,215.1,5498.0,108.0,5390.0
01/07/2025,TM-028    ,160,98.6,3529.0,78.0,3451.0
01/07/2025,TM-029    ,420,176.9,6021.0,119.0,5902.0
01/07/2025,TM-030    ,554,287.2,6568.0,63.0,6505.0
01/07/2025,TM-031    ,384,203.3,7666.0,99.0,7567.0
01/07/2025,TM-032    ,360,124.6,3803.0,47.0,3756.0
01/07/2025,TM-033    ,122,93.2,2003.0,68.0,1935.0
01/07/2025,TM-034    ,432,227.9,6481.0,215.0,6266.0
01/07/2025,TM-035    ,597,263.4,8073.0,136.0,7937.0
01/07/2025,TM-038    ,565,252.1,8289.0,139.0,8150.0
01/07/2025,TM-039    ,120,81.7,2430.0,58.0,2372.0
01/07/2025,TM-040    ,459,175.9,8462.0,115.0,8347.0
01/07/2025,TM-041    ,439,223.7,6310.0,110.0,6200.0
01/07/2025,TM-046    ,406,209.3,6592.0,48.0,6544.0
01/07/2025,TM-047    ,318,110.0,4674.0,98.0,4576.0
01/07/2025,TM-048    ,430,209.0,6311.0,118.0,6193.0
01/07/2025,TM-049    ,243,133.0,4197.0,24.0,4173.0
01/07/2025,TM-050    ,432,158.2,4188.0,95.0,4093.0
01/07/2025,TM-055    ,423,151.8,4893.0,109.0,4784.0
01/07/2025,TM-056    ,478,282.5,6450.0,136.0,6314.0
01/07/2025,TM-057    ,469,273.6,6759.0,132.0,6627.0
01/07/2025,TM-058    ,503,226.5,5971.0,62.0,5909.0
01/07/2025,TM-059    ,420,210.6,6062.0,68.0,5994.0
01/07/2025,TM-060    ,470,204.3,6183.0,128.0,6055.0
01/07/2025,TM-061    ,443,234.5,7768.0,100.0,7668.0
01/07/2025,TM-062    ,429,193.6,9412.0,178.0,9234.0
01/07/2025,TM-063    ,589,253.1,7440.0,101.0,7339.0
01/07/2025,TM-064    ,432,226.7,6556.0,96.0,6460.0
01/07/2025,TM-065    ,417,308.9,9737.0,100.0,9637.0
01/07/2025,TM-066    ,539,223.9,7386.0,83.0,7303.0
01/07/2025,TM-072    ,496,231.0,7748.0,67.0,7681.0
01/07/2025,TM-073    ,505,216.6,5236.0,172.0,5064.0
01/07/2025,TM-074    ,490,317.9,9536.0,102.0,9434.0
01/07/2025,TM-075    ,403,234.0,7629.0,88.0,7541.0
01/07/2025,TM-076    ,490,221.0,5719.0,91.0,5628.0
01/08/2025,          ,35,25.7,1597.0,85.0,1512.0
01/08/2025,AM-01     ,871,277.3,25421.0,1577.0,23844.0
01/08/2025,AM-02     ,935,454.5,6119.0,274.0,5845.0
01/08/2025,AM-03     ,625,282.1,9365.0,691.0,8674.0
01/08/2025,AM-04     ,724,444.6,5685.0,706.0,4979.0
01/08/2025,AM-05     ,421,168.8,8911.0,1176.0,7735.0
01/08/2025,AM-06     ,749,385.5,16569.0,1143.0,15426.0
01/08/2025,AM-068    ,15,7.3,210.0,0.0,210.0
01/08/2025,AM-07     ,361,162.4,8619.0,686.0,7933.0
01/08/2025,AM-070    ,19,10.5,330.0,17.0,313.0
01/08/2025,AM-071    ,5,2.1,60.0,0.0,60.0
01/08/2025,AM-072    ,15,9.6,276.0,15.0,261.0
01/08/2025,AM-076    ,438,226.1,5701.0,75.0,5626.0
01/08/2025,AM-077    ,45,21.9,769.0,24.0,745.0
01/08/2025,AM-08     ,654,227.6,6979.0,861.0,6118.0
01/08/2025,AM-09     ,747,330.4,12580.0,940.0,11640.0
01/08/2025,AM-10     ,718,348.4,13988.0,1596.0,12392.0
01/08/2025,AM-11     ,350,158.8,5566.0,75.0,5491.0
01/08/2025,AM-12     ,608,406.0,4728.0,469.0,4259.0
01/08/2025,AM-13     ,436,227.4,9564.0,811.0,8753.0
01/08/2025,AM-14     ,656,434.8,5942.0,779.0,5163.0
01/08/2025,AM-15     ,502,190.9,12072.0,773.0,11299.0
01/08/2025,AM-16     ,498,152.5,7537.0,695.0,6842.0
01/08/2025,AM-17     ,626,311.1,11666.0,1014.0,10652.0
01/08/2025,AM-18     ,498,377.9,11810.0,1141.0,10669.0
01/08/2025,AM-19     ,1554,684.4,8032.0,144.0,7888.0
01/08/2025,AM-20     ,1566,704.7,6027.0,439.0,5588.0
01/08/2025,AM-21     ,394,228.6,7204.0,992.0,6212.0
01/08/2025,AM-22     ,779,394.3,7213.0,757.0,6456.0
01/08/2025,AM-23     ,431,334.5,6231.0,718.0,5513.0
01/08/2025,AM-24     ,637,256.9,7355.0,788.0,6567.0
01/08/2025,AM-25     ,612,387.3,12412.0,1143.0,11269.0
01/08/2025,AM-26     ,432,196.1,4811.0,549.0,4262.0
01/08/2025,AM-27     ,619,338.2,8741.0,992.0,7749.0
01/08/2025,AM-28     ,614,313.4,8499.0,890.0,7609.0
01/08/2025,AM-29     ,577,257.3,7559.0,886.0,6673.0
01/08/2025,AM-30     ,604,291.4,8148.0,650.0,7498.0
01/08/2025,AM-31     ,554,275.1,8343.0,564.0,7779.0
01/08/2025,AM-32     ,598,252.2,5241.0,560.0,4681.0
01/08/2025,AM-33     ,407,274.7,8898.0,748.0,8150.0
01/08/2025,AM-34     ,540,282.3,13749.0,792.0,12957.0
01/08/2025,AM-35     ,382,176.9,7189.0,133.0,7056.0
01/08/2025,AM-36     ,387,293.1,9508.0,965.0,8543.0
01/08/2025,AM-37     ,1072,419.3,4601.0,616.0,3985.0
01/08/2025,AM-38     ,1005,517.5,4395.0,610.0,3785.0
01/08/2025,AM-39     ,467,246.0,8704.0,1209.0,7495.0
01/08/2025,AM-40     ,757,365.8,8509.0,1155.0,7354.0
01/08/2025,AM-41     ,652,247.2,10856.0,741.0,10115.0
01/08/2025,AM-42     ,1910,718.9,5616.0,402.0,5214.0
01/08/2025,AM-43     ,389,199.6,8800.0,874.0,7926.0
01/08/2025,AM-44     ,1067,499.0,5969.0,617.0,5352.0
01/08/2025,AM-45     ,380,214.4,11289.0,824.0,10465.0
01/08/2025,AM-46     ,506,293.7,8366.0,1003.0,7363.0
01/08/2025,AM-47     ,1195,696.7,5195.0,270.0,4925.0
01/08/2025,AM-48     ,1081,767.7,7442.0,331.0,7111.0
01/08/2025,AM-49     ,860,436.5,3191.0,6.0,3185.0
01/08/2025,AM-50     ,1241,526.8,5162.0,2.0,5160.0
01/08/2025,AM-51     ,1087,588.2,4877.0,0.0,4877.0
01/08/2025,AM-52     ,1079,633.0,4722.0,3.0,4719.0
01/08/2025,AM-53     ,1371,586.4,5969.0,2.0,5967.0
01/08/2025,AM-54     ,107,64.7,701.0,0.0,701.0
01/08/2025,AM-55     ,1087,515.4,4747.0,3.0,4744.0
01/08/2025,AM-56     ,346,187.9,17023.0,939.0,16084.0
01/08/2025,AM-57     ,357,233.1,7225.0,554.0,6671.0
01/08/2025,AM-58     ,558,360.4,13494.0,1738.0,11756.0
01/08/2025,AM-59     ,517,269.0,10963.0,1315.0,9648.0
01/08/2025,AM-60     ,583,332.0,15949.0,1283.0,14666.0
01/08/2025,AM-61     ,258,111.0,4746.0,108.0,4638.0
01/08/2025,AM-62     ,689,330.4,15479.0,933.0,14546.0
01/08/2025,AM-63     ,345,143.7,7657.0,250.0,7407.0
01/08/2025,AM-64     ,386,268.1,5013.0,562.0,4451.0
01/08/2025,AM-65     ,432,277.7,7021.0,645.0,6376.0
01/08/2025,AM-66     ,552,243.6,5145.0,484.0,4661.0
01/08/2025,AM-67     ,494,305.3,5281.0,563.0,4718.0
01/08/2025,AM-68     ,281,171.7,6577.0,72.0,6505.0
01/08/2025,AM-69     ,341,117.8,11138.0,666.0,10472.0
01/08/2025,AM-70     ,309,168.3,4180.0,59.0,4121.0
01/08/2025,AM-71     ,292,108.2,4027.0,33.0,3994.0
01/08/2025,AM-72     ,204,144.1,3918.0,85.0,3833.0
01/08/2025,AM-73     ,228,105.8,6335.0,325.0,6010.0
01/08/2025,AM-74     ,318,177.2,5766.0,360.0,5406.0
01/08/2025,AM-75     ,543,263.6,17466.0,1316.0,16150.0
01/08/2025,AM-77     ,297,149.1,5155.0,46.0,5109.0
01/08/2025,AM-86     ,1629,835.2,6032.0,200.0,5832.0
01/08/2025,AM-87     ,26,14.2,105.0,3.0,102.0
01/08/2025,TM-002    ,304,114.1,4707.0,14.0,4693.0
01/08/2025,TM-003    ,522,219.4,8531.0,116.0,8415.0
01/08/2025,TM-004    ,451,183.9,7932.0,92.0,7840.0
01/08/2025,TM-005    ,337,206.9,6055.0,16.0,6039.0
01/08/2025,TM-007    ,374,216.6,8956.0,60.0,8896.0
01/08/2025,TM-008    ,389,201.5,6944.0,86.0,6858.0
01/08/2025,TM-010    ,467,244.6,7386.0,109.0,7277.0
01/08/2025,TM-012    ,489,245.8,6596.0,58.0,6538.0
01/08/2025,TM-013    ,403,243.1,5863.0,26.0,5837.0
01/08/2025,TM-014    ,420,179.2,7370.0,55.0,7315.0
01/08/2025,TM-015    ,276,146.3,5202.0,19.0,5183.0
01/08/2025,TM-016    ,434,240.2,7311.0,28.0,7283.0
01/08/2025,TM-017    ,310,145.0,5033.0,18.0,5015.0
01/08/2025,TM-018    ,4,2.2,68.0,0.0,68.0
01/08/2025,TM-019    ,408,235.5,6100.0,70.0,6030.0
01/08/2025,TM-024    ,546,190.7,8869.0,111.0,8758.0
01/08/2025,TM-025    ,321,241.6,7222.0,95.0,7127.0
01/08/2025,TM-026    ,130,50.5,1341.0,20.0,1321.0
01/08/2025,TM-027    ,454,174.4,5211.0,39.0,5172.0
01/08/2025,TM-028    ,318,206.0,6127.0,18.0,6109.0
01/08/2025,TM-029    ,603,281.8,8210.0,48.0,8162.0
01/08/2025,TM-030    ,224,175.1,5119.0,14.0,5105.0
01/08/2025,TM-031    ,639,275.8,7282.0,47.0,7235.0
01/08/2025,TM-033    ,406,224.6,6839.0,90.0,6749.0
01/08/2025,TM-034    ,426,275.7,6306.0,71.0,6235.0
01/08/2025,TM-035    ,411,171.4,7115.0,102.0,7013.0
01/08/2025,TM-038    ,382,277.7,9531.0,105.0,9426.0
01/08/2025,TM-039    ,194,82.4,2656.0,0.0,2656.0
01/08/2025,TM-040    ,364,185.6,5805.0,84.0,5721.0
01/08/2025,TM-041    ,520,242.5,9520.0,41.0,9479.0
01/08/2025,TM-042    ,76,30.9,1034.0,16.0,1018.0
01/08/2025,TM-046    ,418,190.6,6017.0,99.0,5918.0
01/08/2025,TM-047    ,231,135.6,4278.0,80.0,4198.0
01/08/2025,TM-048    ,309,186.5,4322.0,46.0,4276.0
01/08/2025,TM-049    ,303,128.8,4067.0,81.0,3986.0
01/08/2025,TM-050    ,394,188.5,4805.0,82.0,4723.0
01/08/2025,TM-055    ,341,186.1,8109.0,11.0,8098.0
01/08/2025,TM-056    ,395,246.8,8785.0,78.0,8707.0
01/08/2025,TM-057    ,279,181.1,5125.0,39.0,5086.0
01/08/2025,TM-058    ,501,248.9,5700.0,36.0,5664.0
01/08/2025,TM-059    ,315,215.9,7081.0,52.0,7029.0
01/08/2025,TM-060    ,366,207.7,5580.0,94.0,5486.0
01/08/2025,TM-061    ,431,198.3,7711.0,103.0,7608.0
01/08/2025,TM-062    ,597,233.2,7617.0,107.0,7510.0
01/08/2025,TM-063    ,584,261.4,7068.0,85.0,6983.0
01/08/2025,TM-064    ,530,262.3,8456.0,100.0,8356.0
01/08/2025,TM-065    ,490,223.6,8841.0,97.0,8744.0
01/08/2025,TM-066    ,415,245.8,7459.0,88.0,7371.0
01/08/2025,TM-072    ,197,121.1,4863.0,89.0,4774.0
01/08/2025,TM-073    ,393,209.8,6400.0,42.0,6358.0
01/08/2025,TM-074    ,483,258.7,7345.0,106.0,7239.0
01/08/2025,TM-075    ,464,217.5,6539.0,68.0,6471.0
01/08/2025,TM-076    ,422,131.7,6184.0,33.0,6151.0
01/09/2025,          ,17,7.0,64.0,9.0,55.0
01/09/2025,AM-01     ,776,416.5,17284.0,1247.0,16037.0
01/09/2025,AM-02     ,1424,880.9,8092.0,161.0,7931.0
01/09/2025,AM-03     ,742,403.2,5715.0,607.0,5108.0
01/09/2025,AM-04     ,643,338.8,7316.0,600.0,6716.0
01/09/2025,AM-05     ,498,310.3,11821.0,1074.0,10747.0
01/09/2025,AM-06     ,638,349.8,20384.0,1166.0,19218.0
01/09/2025,AM-068    ,87,46.3,1015.0,76.0,939.0
01/09/2025,AM-07     ,275,127.5,3533.0,482.0,3051.0
01/09/2025,AM-070    ,15,7.5,225.0,19.0,206.0
01/09/2025,AM-071    ,15,9.9,253.0,1.0,252.0
01/09/2025,AM-072    ,74,31.2,1126.0,38.0,1088.0
01/09/2025,AM-076    ,335,146.9,5208.0,109.0,5099.0
01/09/2025,AM-077    ,47,31.9,850.0,13.0,837.0
01/09/2025,AM-08     ,682,360.9,10159.0,885.0,9274.0
01/09/2025,AM-09     ,646,289.2,9073.0,972.0,8101.0
01/09/2025,AM-10     ,755,303.1,17156.0,1309.0,15847.0
01/09/2025,AM-11     ,257,120.2,7296.0,245.0,7051.0
01/09/2025,AM-12     ,1027,336.7,4421.0,603.0,3818.0
01/09/2025,AM-13     ,634,269.4,8867.0,896.0,7971.0
01/09/2025,AM-14     ,701,352.5,8580.0,617.0,7963.0
01/09/2025,AM-15     ,551,284.7,17349.0,1008.0,16341.0
01/09/2025,AM-16     ,704,225.6,9315.0,748.0,8567.0
01/09/2025,AM-17     ,517,324.9,11269.0,1179.0,10090.0
01/09/2025,AM-18     ,660,328.5,7494.0,481.0,7013.0
01/09/2025,AM-19     ,1261,742.6,7574.0,237.0,7337.0
01/09/2025,AM-20     ,1367,669.0,6447.0,452.0,5995.0
01/09/2025,AM-21     ,473,228.3,9714.0,1151.0,8563.0
01/09/2025,AM-22     ,812,388.3,6396.0,546.0,5850.0
01/09/2025,AM-23     ,635,322.6,9717.0,656.0,9061.0
01/09/2025,AM-24     ,643,305.6,20184.0,1264.0,18920.0
01/09/2025,AM-25     ,463,291.6,9520.0,772.0,8748.0
01/09/2025,AM-26     ,548,206.8,7523.0,619.0,6904.0
01/09/2025,AM-27     ,473,314.2,7383.0,600.0,6783.0
01/09/2025,AM-28     ,423,323.1,8244.0,981.0,7263.0
01/09/2025,AM-29     ,581,228.2,9396.0,685.0,8711.0
01/09/2025,AM-30     ,555,257.0,6610.0,713.0,5897.0
01/09/2025,AM-31     ,603,346.5,9692.0,773.0,8919.0
01/09/2025,AM-32     ,446,250.3,10090.0,1015.0,9075.0
01/09/2025,AM-33     ,388,216.5,7538.0,633.0,6905.0
01/09/2025,AM-34     ,432,262.5,9327.0,929.0,8398.0
01/09/2025,AM-35     ,417,175.6,7566.0,139.0,7427.0
01/09/2025,AM-36     ,828,384.6,12778.0,1020.0,11758.0
01/09/2025,AM-37     ,1094,450.0,3934.0,573.0,3361.0
01/09/2025,AM-38     ,844,358.1,4146.0,353.0,3793.0
01/09/2025,AM-39     ,400,281.7,11991.0,1274.0,10717.0
01/09/2025,AM-40     ,843,382.4,8138.0,715.0,7423.0
01/09/2025,AM-41     ,603,366.3,10306.0,687.0,9619.0
01/09/2025,AM-42     ,1519,846.2,6268.0,267.0,6001.0
01/09/2025,AM-43     ,657,266.4,7603.0,1157.0,6446.0
01/09/2025,AM-44     ,596,297.6,8128.0,953.0,7175.0
01/09/2025,AM-45     ,730,364.8,14114.0,854.0,13260.0
01/09/2025,AM-46     ,582,284.7,9409.0,1408.0,8001.0
01/09/2025,AM-47     ,1067,542.1,5260.0,202.0,5058.0
01/09/2025,AM-48     ,1163,596.3,6024.0,263.0,5761.0
01/09/2025,AM-49     ,1032,485.2,4503.0,24.0,4479.0
01/09/2025,AM-50     ,753,290.7,2242.0,25.0,2217.0
01/09/2025,AM-51     ,906,477.7,4030.0,18.0,4012.0
01/09/2025,AM-52     ,776,536.4,3488.0,19.0,3469.0
01/09/2025,AM-53     ,975,746.0,5354.0,65.0,5289.0
01/09/2025,AM-54     ,149,82.3,842.0,51.0,791.0
01/09/2025,AM-55     ,1365,792.7,4394.0,30.0,4364.0
01/09/2025,AM-56     ,294,156.6,6980.0,612.0,6368.0
01/09/2025,AM-57     ,470,216.6,11837.0,745.0,11092.0
01/09/2025,AM-58     ,389,260.3,10332.0,818.0,9514.0
01/09/2025,AM-59     ,618,244.2,8628.0,975.0,7653.0
01/09/2025,AM-60     ,752,269.1,19371.0,1173.0,18198.0
01/09/2025,AM-61     ,253,130.9,4857.0,228.0,4629.0
01/09/2025,AM-62     ,563,270.5,11713.0,1275.0,10438.0
01/09/2025,AM-63     ,260,123.0,5654.0,91.0,5563.0
01/09/2025,AM-64     ,556,236.1,5257.0,699.0,4558.0
01/09/2025,AM-65     ,466,259.3,7883.0,511.0,7372.0
01/09/2025,AM-66     ,650,331.8,8337.0,410.0,7927.0
01/09/2025,AM-67     ,563,293.5,7088.0,490.0,6598.0
01/09/2025,AM-68     ,252,146.9,2773.0,41.0,2732.0
01/09/2025,AM-69     ,365,171.7,10278.0,1205.0,9073.0
01/09/2025,AM-70     ,136,67.5,2149.0,22.0,2127.0
01/09/2025,AM-71     ,85,55.5,1511.0,20.0,1491.0
01/09/2025,AM-72     ,297,131.5,3214.0,32.0,3182.0
01/09/2025,AM-73     ,171,109.1,4598.0,688.0,3910.0
01/09/2025,AM-74     ,457,239.2,12357.0,1183.0,11174.0
01/09/2025,AM-75     ,516,307.3,19019.0,1331.0,17688.0
01/09/2025,AM-76     ,3,1.8,58.0,0.0,58.0
01/09/2025,AM-77     ,178,85.9,2653.0,24.0,2629.0
01/09/2025,AM-86     ,1338,611.3,5655.0,209.0,5446.0
01/09/2025,TM-002    ,471,301.5,7029.0,104.0,6925.0
01/09/2025,TM-003    ,369,164.3,5123.0,80.0,5043.0
01/09/2025,TM-004    ,507,209.7,8185.0,103.0,8082.0
01/09/2025,TM-005    ,509,200.7,7498.0,58.0,7440.0
01/09/2025,TM-007    ,497,264.1,6738.0,73.0,6665.0
01/09/2025,TM-008    ,455,186.9,6985.0,64.0,6921.0
01/09/2025,TM-010    ,445,201.4,9277.0,41.0,9236.0
01/09/2025,TM-012    ,463,291.7,7282.0,121.0,7161.0
01/09/2025,TM-013    ,434,300.7,6846.0,70.0,6776.0
01/09/2025,TM-014    ,280,129.2,4058.0,28.0,4030.0
01/09/2025,TM-015    ,427,269.5,7106.0,92.0,7014.0
01/09/2025,TM-016    ,280,130.8,4581.0,23.0,4558.0
01/09/2025,TM-017    ,412,207.3,5941.0,61.0,5880.0
01/09/2025,TM-018    ,360,180.5,7618.0,35.0,7583.0
01/09/2025,TM-019    ,528,289.4,8450.0,104.0,8346.0
01/09/2025,TM-024    ,331,235.9,5757.0,41.0,5716.0
01/09/2025,TM-025    ,395,205.9,5318.0,48.0,5270.0
01/09/2025,TM-026    ,139,59.8,1883.0,36.0,1847.0
01/09/2025,TM-027    ,527,353.3,7065.0,121.0,6944.0
01/09/2025,TM-029    ,518,245.5,5545.0,61.0,5484.0
01/09/2025,TM-030    ,191,107.0,2581.0,20.0,2561.0
01/09/2025,TM-031    ,350,176.0,4618.0,71.0,4547.0
01/09/2025,TM-032    ,511,203.1,8477.0,104.0,8373.0
01/09/2025,TM-033    ,272,191.8,3787.0,53.0,3734.0
01/09/2025,TM-034    ,491,263.4,6665.0,72.0,6593.0
01/09/2025,TM-035    ,367,206.6,4537.0,89.0,4448.0
01/09/2025,TM-038    ,403,234.0,7252.0,98.0,7154.0
01/09/2025,TM-039    ,399,195.5,4394.0,58.0,4336.0
01/09/2025,TM-040    ,109,51.4,1363.0,24.0,1339.0
01/09/2025,TM-041    ,661,234.1,8718.0,124.0,8594.0
01/09/2025,TM-046    ,357,157.0,6034.0,39.0,5995.0
01/09/2025,TM-047    ,283,176.1,4644.0,117.0,4527.0
01/09/2025,TM-048    ,218,114.4,2801.0,49.0,2752.0
01/09/2025,TM-049    ,245,142.7,3126.0,74.0,3052.0
01/09/2025,TM-050    ,383,213.1,6302.0,122.0,6180.0
01/09/2025,TM-055    ,358,239.4,4756.0,36.0,4720.0
01/09/2025,TM-056    ,597,239.5,7132.0,173.0,6959.0
01/09/2025,TM-057    ,453,233.8,8780.0,46.0,8734.0
01/09/2025,TM-058    ,371,231.9,6773.0,93.0,6680.0
01/09/2025,TM-059    ,453,277.2,8237.0,79.0,8158.0
01/09/2025,TM-060    ,674,321.8,9978.0,76.0,9902.0
01/09/2025,TM-061    ,634,289.6,9146.0,75.0,9071.0
01/09/2025,TM-062    ,552,238.0,8678.0,138.0,8540.0
01/09/2025,TM-063    ,471,271.0,6979.0,112.0,6867.0
01/09/2025,TM-064    ,497,254.8,7893.0,26.0,7867.0
01/09/2025,TM-065    ,465,360.0,7874.0,160.0,7714.0
01/09/2025,TM-066    ,530,179.7,6708.0,20.0,6688.0
01/09/2025,TM-072    ,461,220.8,6060.0,141.0,5919.0
01/09/2025,TM-073    ,556,287.8,6905.0,85.0,6820.0
01/09/2025,TM-074    ,512,317.8,7830.0,104.0,7726.0
01/09/2025,TM-075    ,575,289.1,7325.0,67.0,7258.0
01/09/2025,TM-076    ,426,268.4,8714.0,137.0,8577.0
01/10/2025,          ,2,0.8,48.0,22.0,26.0
01/10/2025,AM-01     ,656,348.0,19469.0,1902.0,17567.0
01/10/2025,AM-02     ,1215,525.9,5391.0,150.0,5241.0
01/10/2025,AM-020    ,5,3.5,110.0,0.0,110.0
01/10/2025,AM-03     ,639,371.1,7191.0,400.0,6791.0
01/10/2025,AM-04     ,781,383.3,6586.0,527.0,6059.0
01/10/2025,AM-05     ,524,265.7,9714.0,1366.0,8348.0
01/10/2025,AM-06     ,644,354.2,18374.0,1443.0,16931.0
01/10/2025,AM-068    ,26,12.1,419.0,31.0,388.0
01/10/2025,AM-07     ,800,284.2,8763.0,840.0,7923.0
01/10/2025,AM-071    ,34,19.5,397.0,15.0,382.0
01/10/2025,AM-072    ,1,0.6,19.0,0.0,19.0
01/10/2025,AM-076    ,323,232.6,6774.0,89.0,6685.0
01/10/2025,AM-077    ,19,8.5,273.0,20.0,253.0
01/10/2025,AM-08     ,737,329.9,9068.0,768.0,8300.0
01/10/2025,AM-09     ,575,212.1,10646.0,630.0,10016.0
01/10/2025,AM-10     ,806,296.6,19829.0,1406.0,18423.0
01/10/2025,AM-11     ,275,198.4,7634.0,84.0,7550.0
01/10/2025,AM-12     ,750,415.0,6230.0,432.0,5798.0
01/10/2025,AM-13     ,642,304.3,11411.0,1153.0,10258.0
01/10/2025,AM-14     ,629,321.9,6755.0,609.0,6146.0
01/10/2025,AM-15     ,626,273.4,20100.0,1394.0,18706.0
01/10/2025,AM-16     ,542,329.6,6889.0,628.0,6261.0
01/10/2025,AM-17     ,610,228.1,7918.0,1258.0,6660.0
01/10/2025,AM-18     ,566,326.5,7445.0,519.0,6926.0
01/10/2025,AM-19     ,1139,629.5,7130.0,119.0,7011.0
01/10/2025,AM-20     ,493,192.8,6804.0,911.0,5893.0
01/10/2025,AM-21     ,612,248.7,9053.0,1502.0,7551.0
01/10/2025,AM-22     ,644,316.1,5384.0,483.0,4901.0
01/10/2025,AM-23     ,607,364.9,9535.0,909.0,8626.0
01/10/2025,AM-24     ,768,422.4,23091.0,1729.0,21362.0
01/10/2025,AM-25     ,716,301.0,8361.0,722.0,7639.0
01/10/2025,AM-26     ,756,247.8,8561.0,681.0,7880.0
01/10/2025,AM-27     ,799,339.0,11215.0,816.0,10399.0
01/10/2025,AM-28     ,456,232.9,11577.0,1056.0,10521.0
01/10/2025,AM-29     ,452,296.3,9145.0,678.0,8467.0
01/10/2025,AM-30     ,623,322.8,9975.0,921.0,9054.0
01/10/2025,AM-31     ,776,284.0,11833.0,1081.0,10752.0
01/10/2025,AM-32     ,557,361.8,10360.0,894.0,9466.0
01/10/2025,AM-33     ,510,353.2,8712.0,598.0,8114.0
01/10/2025,AM-34     ,829,419.2,19852.0,1565.0,18287.0
01/10/2025,AM-35     ,302,175.1,7925.0,172.0,7753.0
01/10/2025,AM-36     ,575,320.8,7966.0,483.0,7483.0
01/10/2025,AM-37     ,769,463.0,4174.0,319.0,3855.0
01/10/2025,AM-38     ,904,399.6,4982.0,361.0,4621.0
01/10/2025,AM-39     ,636,331.2,10819.0,1093.0,9726.0
01/10/2025,AM-40     ,716,291.3,8080.0,953.0,7127.0
01/10/2025,AM-41     ,1649,586.8,7322.0,294.0,7028.0
01/10/2025,AM-42     ,1727,935.5,7491.0,378.0,7113.0
01/10/2025,AM-43     ,492,271.9,7479.0,600.0,6879.0
01/10/2025,AM-44     ,972,519.6,4170.0,466.0,3704.0
01/10/2025,AM-45     ,521,359.6,13031.0,1709.0,11322.0
01/10/2025,AM-46     ,458,233.8,8144.0,828.0,7316.0
01/10/2025,AM-47     ,1115,596.2,5415.0,235.0,5180.0
01/10/2025,AM-48     ,1158,807.1,6134.0,234.0,5900.0
01/10/2025,AM-49     ,1258,527.5,5824.0,30.0,5794.0
01/10/2025,AM-50     ,1590,741.4,4763.0,31.0,4732.0
01/10/2025,AM-51     ,1397,644.2,4985.0,23.0,4962.0
01/10/2025,AM-52     ,911,315.1,3969.0,25.0,3944.0
01/10/2025,AM-53     ,1044,503.4,5641.0,43.0,5598.0
01/10/2025,AM-54     ,232,123.2,1191.0,13.0,1178.0
01/10/2025,AM-55     ,1165,723.3,3647.0,32.0,3615.0
01/10/2025,AM-56     ,357,232.9,10923.0,747.0,10176.0
01/10/2025,AM-57     ,409,278.0,6892.0,1402.0,5490.0
01/10/2025,AM-58     ,652,311.4,12194.0,1401.0,10793.0
01/10/2025,AM-59     ,646,233.4,9157.0,845.0,8312.0
01/10/2025,AM-60     ,504,244.9,16546.0,1202.0,15344.0
01/10/2025,AM-61     ,304,187.6,9240.0,139.0,9101.0
01/10/2025,AM-62     ,555,186.1,11352.0,622.0,10730.0
01/10/2025,AM-63     ,270,131.8,7492.0,94.0,7398.0
01/10/2025,AM-64     ,657,272.5,4726.0,523.0,4203.0
01/10/2025,AM-65     ,593,258.1,4824.0,426.0,4398.0
01/10/2025,AM-66     ,708,223.5,6155.0,725.0,5430.0
01/10/2025,AM-67     ,555,304.0,5370.0,570.0,4800.0
01/10/2025,AM-68     ,296,140.4,4541.0,35.0,4506.0
01/10/2025,AM-69     ,579,232.4,13841.0,984.0,12857.0
01/10/2025,AM-70     ,411,235.8,6246.0,104.0,6142.0
01/10/2025,AM-71     ,444,181.9,5124.0,135.0,4989.0
01/10/2025,AM-72     ,187,130.1,2690.0,73.0,2617.0
01/10/2025,AM-73     ,499,186.4,15857.0,1339.0,14518.0
01/10/2025,AM-74     ,560,328.8,20594.0,1372.0,19222.0
01/10/2025,AM-75     ,665,218.8,16981.0,1338.0,15643.0
01/10/2025,AM-76     ,1,0.6,20.0,0.0,20.0
01/10/2025,AM-77     ,223,95.9,3141.0,60.0,3081.0
01/10/2025,AM-86     ,1117,775.0,4883.0,158.0,4725.0
01/10/2025,TM-002    ,395,169.3,5924.0,64.0,5860.0
01/10/2025,TM-003    ,448,175.9,5847.0,54.0,5793.0
01/10/2025,TM-004    ,267,126.4,2861.0,26.0,2835.0
01/10/2025,TM-005    ,638,207.0,8152.0,110.0,8042.0
01/10/2025,TM-007    ,431,335.5,7688.0,145.0,7543.0
01/10/2025,TM-008    ,635,212.1,6509.0,81.0,6428.0
01/10/2025,TM-010    ,411,264.7,6084.0,44.0,6040.0
01/10/2025,TM-012    ,546,325.1,9743.0,45.0,9698.0
01/10/2025,TM-013    ,260,120.7,4068.0,108.0,3960.0
01/10/2025,TM-014    ,307,160.1,5185.0,103.0,5082.0
01/10/2025,TM-015    ,448,225.3,6864.0,27.0,6837.0
01/10/2025,TM-016    ,357,270.1,6545.0,53.0,6492.0
01/10/2025,TM-017    ,315,228.3,6133.0,58.0,6075.0
01/10/2025,TM-018    ,457,205.9,7786.0,92.0,7694.0
01/10/2025,TM-019    ,638,288.9,9764.0,37.0,9727.0
01/10/2025,TM-024    ,530,204.5,6421.0,89.0,6332.0
01/10/2025,TM-025    ,538,214.4,7613.0,63.0,7550.0
01/10/2025,TM-026    ,472,244.8,5943.0,30.0,5913.0
01/10/2025,TM-027    ,464,225.4,7647.0,63.0,7584.0
01/10/2025,TM-028    ,357,229.0,6049.0,88.0,5961.0
01/10/2025,TM-029    ,305,179.4,5369.0,66.0,5303.0
01/10/2025,TM-030    ,536,291.5,6569.0,138.0,6431.0
01/10/2025,TM-031    ,582,323.4,6069.0,164.0,5905.0
01/10/2025,TM-032    ,530,299.6,8280.0,80.0,8200.0
01/10/2025,TM-033    ,283,125.2,4253.0,133.0,4120.0
01/10/2025,TM-034    ,585,329.9,6341.0,72.0,6269.0
01/10/2025,TM-035    ,259,176.1,4041.0,36.0,4005.0
01/10/2025,TM-038    ,341,157.2,5724.0,58.0,5666.0
01/10/2025,TM-039    ,426,145.2,5817.0,9.0,5808.0
01/10/2025,TM-040    ,152,52.7,1650.0,22.0,1628.0
01/10/2025,TM-041    ,517,211.3,4858.0,67.0,4791.0
01/10/2025,TM-046    ,362,260.5,6544.0,52.0,6492.0
01/10/2025,TM-047    ,108,39.4,1361.0,6.0,1355.0
01/10/2025,TM-048    ,356,196.4,4496.0,160.0,4336.0
01/10/2025,TM-049    ,292,232.5,5179.0,115.0,5064.0
01/10/2025,TM-050    ,461,215.6,5764.0,52.0,5712.0
01/10/2025,TM-055    ,521,316.6,7049.0,107.0,6942.0
01/10/2025,TM-056    ,608,247.8,7129.0,89.0,7040.0
01/10/2025,TM-057    ,448,215.9,7982.0,56.0,7926.0
01/10/2025,TM-058    ,616,224.4,10772.0,112.0,10660.0
01/10/2025,TM-059    ,656,219.4,7220.0,179.0,7041.0
01/10/2025,TM-060    ,86,42.6,1402.0,2.0,1400.0
01/10/2025,TM-061    ,607,286.7,7857.0,176.0,7681.0
01/10/2025,TM-062    ,583,270.2,12309.0,229.0,12080.0
01/10/2025,TM-063    ,510,196.3,5534.0,50.0,5484.0
01/10/2025,TM-064    ,553,253.0,9161.0,34.0,9127.0
01/10/2025,TM-065    ,501,311.8,10042.0,115.0,9927.0
01/10/2025,TM-066    ,480,279.8,9516.0,98.0,9418.0
01/10/2025,TM-072    ,400,244.6,7546.0,103.0,7443.0
01/10/2025,TM-073    ,107,38.9,1222.0,17.0,1205.0
01/10/2025,TM-074    ,439,216.6,6471.0,57.0,6414.0
01/10/2025,TM-075    ,490,223.9,7647.0,67.0,7580.0
01/10/2025,TM-076    ,531,235.2,8435.0,116.0,8319.0
01/11/2025,          ,14,9.0,251.0,0.0,251.0
01/11/2025,AM-01     ,726,401.1,22964.0,1369.0,21595.0
01/11/2025,AM-02     ,1629,707.7,5781.0,48.0,5733.0
01/11/2025,AM-03     ,644,401.8,7740.0,632.0,7108.0
01/11/2025,AM-04     ,870,394.8,8928.0,431.0,8497.0
01/11/2025,AM-05     ,552,204.7,10678.0,890.0,9788.0
01/11/2025,AM-06     ,529,398.2,20017.0,1613.0,18404.0
01/11/2025,AM-068    ,1,0.4,17.0,0.0,17.0
01/11/2025,AM-07     ,532,288.1,10069.0,861.0,9208.0
01/11/2025,AM-070    ,9,3.5,81.0,1.0,80.0
01/11/2025,AM-071    ,10,3.8,79.0,1.0,78.0
01/11/2025,AM-072    ,13,7.0,176.0,1.0,175.0
01/11/2025,AM-076    ,188,76.0,1860.0,31.0,1829.0
01/11/2025,AM-077    ,7,2.6,100.0,0.0,100.0
01/11/2025,AM-08     ,262,120.6,4607.0,227.0,4380.0
01/11/2025,AM-09     ,539,236.2,8676.0,884.0,7792.0
01/11/2025,AM-10     ,558,375.7,14414.0,1448.0,12966.0
01/11/2025,AM-11     ,411,190.2,5080.0,171.0,4909.0
01/11/2025,AM-12     ,917,414.2,3846.0,538.0,3308.0
01/11/2025,AM-13     ,439,241.8,8136.0,1172.0,6964.0
01/11/2025,AM-14     ,654,413.7,8272.0,564.0,7708.0
01/11/2025,AM-15     ,675,263.5,16827.0,1601.0,15226.0
01/11/2025,AM-16     ,405,222.4,7083.0,799.0,6284.0
01/11/2025,AM-17     ,412,252.4,8258.0,1003.0,7255.0
01/11/2025,AM-18     ,631,385.0,6984.0,565.0,6419.0
01/11/2025,AM-19     ,1230,547.5,7934.0,235.0,7699.0
01/11/2025,AM-20     ,499,208.9,7903.0,1198.0,6705.0
01/11/2025,AM-21     ,399,225.8,10080.0,771.0,9309.0
01/11/2025,AM-22     ,594,317.1,7842.0,523.0,7319.0
01/11/2025,AM-23     ,519,245.1,5898.0,633.0,5265.0
01/11/2025,AM-24     ,586,284.0,16570.0,1455.0,15115.0
01/11/2025,AM-25     ,652,371.0,7986.0,509.0,7477.0
01/11/2025,AM-26     ,536,237.4,8267.0,812.0,7455.0
01/11/2025,AM-27     ,601,235.9,10340.0,751.0,9589.0
01/11/2025,AM-28     ,463,341.8,5987.0,842.0,5145.0
01/11/2025,AM-29     ,404,292.9,6970.0,715.0,6255.0
01/11/2025,AM-30     ,491,270.6,9314.0,713.0,8601.0
01/11/2025,AM-31     ,606,211.4,7618.0,568.0,7050.0
01/11/2025,AM-32     ,594,204.7,9288.0,839.0,8449.0
01/11/2025,AM-33     ,674,315.2,7237.0,641.0,6596.0
01/11/2025,AM-34     ,707,353.3,14300.0,1452.0,12848.0
01/11/2025,AM-35     ,402,173.7,7689.0,108.0,7581.0
01/11/2025,AM-36     ,574,316.6,5759.0,774.0,4985.0
01/11/2025,AM-37     ,1093,564.3,4191.0,485.0,3706.0
01/11/2025,AM-38     ,637,504.1,5437.0,348.0,5089.0
01/11/2025,AM-39     ,595,219.5,8988.0,1126.0,7862.0
01/11/2025,AM-40     ,751,278.8,8641.0,681.0,7960.0
01/11/2025,AM-41     ,1531,600.4,5237.0,357.0,4880.0
01/11/2025,AM-42     ,1430,911.7,4880.0,346.0,4534.0
01/11/2025,AM-43     ,380,245.3,8697.0,934.0,7763.0
01/11/2025,AM-44     ,869,420.6,4377.0,473.0,3904.0
01/11/2025,AM-45     ,636,229.6,18527.0,1010.0,17517.0
01/11/2025,AM-46     ,537,200.8,7802.0,814.0,6988.0
01/11/2025,AM-47     ,1332,649.9,7177.0,382.0,6795.0
01/11/2025,AM-48     ,1556,706.3,6598.0,260.0,6338.0
01/11/2025,AM-49     ,1234,526.1,3962.0,19.0,3943.0
01/11/2025,AM-50     ,873,288.2,3107.0,17.0,3090.0
01/11/2025,AM-51     ,1345,740.1,5707.0,27.0,5680.0
01/11/2025,AM-52     ,1341,597.7,4304.0,25.0,4279.0
01/11/2025,AM-53     ,1063,499.3,5206.0,23.0,5183.0
01/11/2025,AM-54     ,354,128.2,912.0,5.0,907.0
01/11/2025,AM-55     ,960,448.4,3033.0,21.0,3012.0
01/11/2025,AM-56     ,464,304.7,19995.0,1130.0,18865.0
01/11/2025,AM-57     ,395,305.6,8141.0,1370.0,6771.0
01/11/2025,AM-58     ,701,286.8,12048.0,936.0,11112.0
01/11/2025,AM-59     ,453,272.2,8871.0,928.0,7943.0
01/11/2025,AM-60     ,687,388.7,21669.0,1239.0,20430.0
01/11/2025,AM-61     ,329,172.3,6407.0,122.0,6285.0
01/11/2025,AM-62     ,451,344.4,19095.0,987.0,18108.0
01/11/2025,AM-63     ,411,165.0,6757.0,149.0,6608.0
01/11/2025,AM-64     ,587,243.5,5240.0,668.0,4572.0
01/11/2025,AM-65     ,478,204.0,6154.0,588.0,5566.0
01/11/2025,AM-66     ,473,273.7,6883.0,401.0,6482.0
01/11/2025,AM-67     ,649,308.3,6863.0,608.0,6255.0
01/11/2025,AM-68     ,212,153.5,3916.0,17.0,3899.0
01/11/2025,AM-69     ,614,212.8,15235.0,1223.0,14012.0
01/11/2025,AM-70     ,320,176.9,5409.0,134.0,5275.0
01/11/2025,AM-71     ,220,88.0,3568.0,75.0,3493.0
01/11/2025,AM-72     ,301,133.5,3604.0,77.0,3527.0
01/11/2025,AM-73     ,539,205.2,12235.0,868.0,11367.0
01/11/2025,AM-74     ,374,235.0,11431.0,1041.0,10390.0
01/11/2025,AM-75     ,533,210.7,13143.0,1272.0,11871.0
01/11/2025,AM-76     ,12,5.8,223.0,0.0,223.0
01/11/2025,AM-77     ,109,72.3,1314.0,25.0,1289.0
01/11/2025,AM-86     ,2070,811.8,5589.0,238.0,5351.0
01/11/2025,TM-002    ,490,165.7,5001.0,29.0,4972.0
01/11/2025,TM-003    ,487,226.4,5252.0,41.0,5211.0
01/11/2025,TM-004    ,447,190.9,7566.0,57.0,7509.0
01/11/2025,TM-005    ,224,179.6,3918.0,25.0,3893.0
01/11/2025,TM-007    ,413,281.4,9285.0,114.0,9171.0
01/11/2025,TM-008    ,289,123.4,4109.0,41.0,4068.0
01/11/2025,TM-010    ,536,244.6,6250.0,108.0,6142.0
01/11/2025,TM-012    ,403,156.1,6395.0,37.0,6358.0
01/11/2025,TM-013    ,226,111.0,2942.0,19.0,2923.0
01/11/2025,TM-014    ,439,347.4,9574.0,67.0,9507.0
01/11/2025,TM-015    ,462,293.8,7732.0,96.0,7636.0
01/11/2025,TM-016    ,490,259.7,6820.0,126.0,6694.0
01/11/2025,TM-017    ,392,183.9,6306.0,93.0,6213.0
01/11/2025,TM-018    ,263,128.2,4642.0,38.0,4604.0
01/11/2025,TM-019    ,639,280.2,7443.0,97.0,7346.0
01/11/2025,TM-024    ,339,199.9,6859.0,80.0,6779.0
01/11/2025,TM-025    ,489,197.9,5431.0,27.0,5404.0
01/11/2025,TM-026    ,305,190.8,4829.0,50.0,4779.0
01/11/2025,TM-027    ,572,191.8,6264.0,95.0,6169.0
01/11/2025,TM-028    ,477,175.1,5373.0,64.0,5309.0
01/11/2025,TM-029    ,547,177.0,6348.0,55.0,6293.0
01/11/2025,TM-030    ,354,202.5,7149.0,40.0,7109.0
01/11/2025,TM-031    ,618,210.8,7546.0,56.0,7490.0
01/11/2025,TM-032    ,572,238.3,6532.0,93.0,6439.0
01/11/2025,TM-033    ,301,166.4,6126.0,79.0,6047.0
01/11/2025,TM-034    ,377,198.3,5288.0,78.0,5210.0
01/11/2025,TM-035    ,447,261.6,6036.0,32.0,6004.0
01/11/2025,TM-038    ,568,199.0,7791.0,85.0,7706.0
01/11/2025,TM-039    ,366,195.8,6273.0,48.0,6225.0
01/11/2025,TM-040    ,433,197.4,5832.0,48.0,5784.0
01/11/2025,TM-041    ,400,244.9,8487.0,62.0,8425.0
01/11/2025,TM-046    ,222,180.1,3601.0,108.0,3493.0
01/11/2025,TM-047    ,181,60.3,1989.0,55.0,1934.0
01/11/2025,TM-048    ,144,90.5,2904.0,42.0,2862.0
01/11/2025,TM-049    ,480,264.9,7878.0,82.0,7796.0
01/11/2025,TM-050    ,322,139.4,3292.0,91.0,3201.0
01/11/2025,TM-055    ,335,174.1,4465.0,57.0,4408.0
01/11/2025,TM-056    ,457,200.2,4948.0,63.0,4885.0
01/11/2025,TM-057    ,303,209.3,4986.0,61.0,4925.0
01/11/2025,TM-058    ,560,318.0,8845.0,118.0,8727.0
01/11/2025,TM-059    ,412,190.7,7328.0,113.0,7215.0
01/11/2025,TM-060    ,314,110.4,4030.0,10.0,4020.0
01/11/2025,TM-061    ,532,269.7,9048.0,109.0,8939.0
01/11/2025,TM-062    ,483,213.1,8664.0,71.0,8593.0
01/11/2025,TM-063    ,324,136.3,3598.0,72.0,3526.0
01/11/2025,TM-064    ,382,196.7,7363.0,114.0,7249.0
01/11/2025,TM-065    ,517,195.4,8136.0,109.0,8027.0
01/11/2025,TM-066    ,438,198.1,5982.0,110.0,5872.0
01/11/2025,TM-072    ,510,287.2,7918.0,96.0,7822.0
01/11/2025,TM-073    ,284,140.6,5460.0,44.0,5416.0
01/11/2025,TM-074    ,610,237.8,6326.0,181.0,6145.0
01/11/2025,TM-075    ,366,196.0,5662.0,35.0,5627.0
01/11/2025,TM-076    ,478,302.3,7687.0,151.0,7536.0
01/12/2025,AM-01     ,641,413.9,22409.0,1971.0,20438.0
01/12/2025,AM-02     ,1705,868.4,7268.0,107.0,7161.0
01/12/2025,AM-03     ,644,293.3,6053.0,583.0,5470.0
01/12/2025,AM-04     ,805,394.8,7631.0,422.0,7209.0
01/12/2025,AM-05     ,685,273.3,9365.0,985.0,8380.0
01/12/2025,AM-06     ,566,294.0,16668.0,1098.0,15570.0
01/12/2025,AM-07     ,700,343.5,10135.0,1099.0,9036.0
01/12/2025,AM-070    ,10,7.5,209.0,0.0,209.0
01/12/2025,AM-071    ,9,5.1,102.0,0.0,102.0
01/12/2025,AM-072    ,2,1.2,14.0,0.0,14.0
01/12/2025,AM-076    ,55,31.0,641.0,20.0,621.0
01/12/2025,AM-08     ,69,28.2,851.0,59.0,792.0
01/12/2025,AM-09     ,412,222.2,9666.0,1189.0,8477.0
01/12/2025,AM-10     ,635,256.0,19992.0,1266.0,18726.0
01/12/2025,AM-11     ,264,196.3,7277.0,113.0,7164.0
01/12/2025,AM-12     ,1093,407.4,7046.0,503.0,6543.0
01/12/2025,AM-13     ,588,346.5,10886.0,1201.0,9685.0
01/12/2025,AM-14     ,822,340.3,5338.0,436.0,4902.0
01/12/2025,AM-15     ,466,248.9,20256.0,1116.0,19140.0
01/12/2025,AM-16     ,543,228.9,6780.0,836.0,5944.0
01/12/2025,AM-17     ,536,266.7,11566.0,1176.0,10390.0
01/12/2025,AM-18     ,587,459.8,10237.0,751.0,9486.0
01/12/2025,AM-19     ,1272,527.1,9134.0,204.0,8930.0
01/12/2025,AM-20     ,435,180.1,6849.0,811.0,6038.0
01/12/2025,AM-21     ,731,233.5,10719.0,944.0,9775.0
01/12/2025,AM-22     ,711,329.8,5054.0,504.0,4550.0
01/12/2025,AM-23     ,614,262.6,9368.0,820.0,8548.0
01/12/2025,AM-24     ,527,301.8,20363.0,1753.0,18610.0
01/12/2025,AM-25     ,857,428.0,12632.0,975.0,11657.0
01/12/2025,AM-26     ,399,255.1,5775.0,802.0,4973.0
01/12/2025,AM-27     ,649,235.5,9216.0,699.0,8517.0
01/12/2025,AM-28     ,473,248.6,8350.0,714.0,7636.0
01/12/2025,AM-29     ,477,212.7,7148.0,909.0,6239.0
01/12/2025,AM-30     ,785,285.0,8917.0,961.0,7956.0
01/12/2025,AM-31     ,467,313.6,9326.0,646.0,8680.0
01/12/2025,AM-32     ,661,275.8,9008.0,863.0,8145.0
01/12/2025,AM-33     ,578,307.3,6573.0,832.0,5741.0
01/12/2025,AM-34     ,344,199.1,9472.0,1200.0,8272.0
01/12/2025,AM-35     ,340,200.5,7778.0,207.0,7571.0
01/12/2025,AM-36     ,606,344.6,6850.0,919.0,5931.0
01/12/2025,AM-37     ,906,328.8,4219.0,324.0,3895.0
01/12/2025,AM-38     ,781,477.5,6753.0,495.0,6258.0
01/12/2025,AM-39     ,585,218.3,10248.0,917.0,9331.0
01/12/2025,AM-40     ,449,222.9,9946.0,675.0,9271.0
01/12/2025,AM-41     ,1418,944.9,6295.0,305.0,5990.0
01/12/2025,AM-42     ,1366,875.1,6589.0,333.0,6256.0
01/12/2025,AM-43     ,452,291.7,11632.0,932.0,10700.0
01/12/2025,AM-44     ,760,477.3,6033.0,335.0,5698.0
01/12/2025,AM-45     ,862,270.2,17832.0,1543.0,16289.0
01/12/2025,AM-46     ,345,195.3,5391.0,712.0,4679.0
01/12/2025,AM-47     ,1145,812.3,4834.0,361.0,4473.0
01/12/2025,AM-48     ,1245,803.1,6535.0,330.0,6205.0
01/12/2025,AM-49     ,826,328.3,3432.0,21.0,3411.0
01/12/2025,AM-50     ,677,311.6,1746.0,11.0,1735.0
01/12/2025,AM-51     ,1138,602.7,4447.0,24.0,4423.0
01/12/2025,AM-52     ,1047,703.9,4248.0,27.0,4221.0
01/12/2025,AM-53     ,1185,683.7,4719.0,24.0,4695.0
01/12/2025,AM-54     ,284,171.7,2033.0,11.0,2022.0
01/12/2025,AM-55     ,1053,728.3,5375.0,25.0,5350.0
01/12/2025,AM-56     ,455,280.7,9680.0,648.0,9032.0
01/12/2025,AM-57     ,533,231.8,9316.0,1149.0,8167.0
01/12/2025,AM-58     ,546,329.8,7299.0,1020.0,6279.0
01/12/2025,AM-59     ,473,271.6,10242.0,869.0,9373.0
01/12/2025,AM-60     ,724,326.3,15784.0,1834.0,13950.0
01/12/2025,AM-61     ,417,204.4,8823.0,158.0,8665.0
01/12/2025,AM-62     ,547,260.1,15787.0,756.0,15031.0
01/12/2025,AM-63     ,353,222.4,7781.0,108.0,7673.0
01/12/2025,AM-64     ,544,242.4,7558.0,486.0,7072.0
01/12/2025,AM-65     ,530,229.8,6745.0,517.0,6228.0
01/12/2025,AM-66     ,613,296.7,5473.0,626.0,4847.0
01/12/2025,AM-67     ,512,311.1,6209.0,633.0,5576.0
01/12/2025,AM-68     ,317,160.9,7374.0,530.0,6844.0
01/12/2025,AM-69     ,381,167.2,8642.0,657.0,7985.0
01/12/2025,AM-70     ,309,170.6,4000.0,91.0,3909.0
01/12/2025,AM-71     ,262,116.3,5143.0,333.0,4810.0
01/12/2025,AM-72     ,265,205.8,4204.0,70.0,4134.0
01/12/2025,AM-73     ,326,174.7,7423.0,714.0,6709.0
01/12/2025,AM-74     ,409,239.6,12093.0,1034.0,11059.0
01/12/2025,AM-75     ,246,146.3,8269.0,765.0,7504.0
01/12/2025,AM-76     ,160,71.2,4266.0,203.0,4063.0
01/12/2025,AM-77     ,173,98.9,5346.0,312.0,5034.0
01/12/2025,AM-86     ,1650,1039.5,6796.0,167.0,6629.0
01/12/2025,TM-002    ,497,244.5,8539.0,35.0,8504.0
01/12/2025,TM-003    ,328,182.2,4113.0,52.0,4061.0
01/12/2025,TM-004    ,478,191.5,8113.0,71.0,8042.0
01/12/2025,TM-005    ,557,243.5,6306.0,116.0,6190.0
01/12/2025,TM-007    ,624,334.2,10440.0,114.0,10326.0
01/12/2025,TM-008    ,505,292.4,8873.0,64.0,8809.0
01/12/2025,TM-009    ,7,5.4,117.0,1.0,116.0
01/12/2025,TM-010    ,144,55.3,1606.0,18.0,1588.0
01/12/2025,TM-012    ,548,177.0,6132.0,102.0,6030.0
01/12/2025,TM-013    ,498,232.2,5669.0,128.0,5541.0
01/12/2025,TM-014    ,526,172.4,6381.0,103.0,6278.0
01/12/2025,TM-015    ,598,371.2,8676.0,89.0,8587.0
01/12/2025,TM-016    ,365,194.2,5748.0,113.0,5635.0
01/12/2025,TM-017    ,391,255.0,8418.0,76.0,8342.0
01/12/2025,TM-018    ,481,208.4,6830.0,88.0,6742.0
01/12/2025,TM-019    ,586,269.4,9125.0,58.0,9067.0
01/12/2025,TM-024    ,539,221.4,5796.0,189.0,5607.0
01/12/2025,TM-025    ,365,157.2,5498.0,56.0,5442.0
01/12/2025,TM-026    ,536,246.4,8135.0,42.0,8093.0
01/12/2025,TM-027    ,472,232.2,7483.0,89.0,7394.0
01/12/2025,TM-028    ,497,323.7,6050.0,166.0,5884.0
01/12/2025,TM-029    ,437,215.6,8620.0,69.0,8551.0
01/12/2025,TM-030    ,381,238.2,7036.0,34.0,7002.0
01/12/2025,TM-031    ,469,343.9,9600.0,132.0,9468.0
01/12/2025,TM-032    ,294,216.6,6589.0,83.0,6506.0
01/12/2025,TM-033    ,456,334.7,7993.0,104.0,7889.0
01/12/2025,TM-034    ,423,345.6,9841.0,21.0,9820.0
01/12/2025,TM-035    ,515,240.7,8161.0,120.0,8041.0
01/12/2025,TM-038    ,568,343.2,11212.0,116.0,11096.0
01/12/2025,TM-039    ,594,193.3,8111.0,70.0,8041.0
01/12/2025,TM-040    ,534,305.7,10686.0,66.0,10620.0
01/12/2025,TM-041    ,295,184.7,4582.0,65.0,4517.0
01/12/2025,TM-046    ,367,198.0,4783.0,50.0,4733.0
01/12/2025,TM-047    ,226,165.2,5131.0,115.0,5016.0
01/12/2025,TM-048    ,175,84.2,2408.0,36.0,2372.0
01/12/2025,TM-049    ,178,101.7,2960.0,33.0,2927.0
01/12/2025,TM-050    ,151,73.6,1569.0,31.0,1538.0
01/12/2025,TM-053    ,236,96.5,3191.0,61.0,3130.0
01/12/2025,TM-055    ,259,108.6,3711.0,29.0,3682.0
01/12/2025,TM-056    ,565,327.0,6410.0,184.0,6226.0
01/12/2025,TM-057    ,569,253.2,6303.0,99.0,6204.0
01/12/2025,TM-058    ,482,287.5,8336.0,141.0,8195.0
01/12/2025,TM-059    ,353,168.5,4434.0,109.0,4325.0
01/12/2025,TM-060    ,392,238.5,7456.0,66.0,7390.0
01/12/2025,TM-061    ,435,323.4,9337.0,116.0,9221.0
01/12/2025,TM-062    ,559,297.6,9436.0,92.0,9344.0
01/12/2025,TM-063    ,158,72.8,1821.0,96.0,1725.0
01/12/2025,TM-064    ,618,208.4,5951.0,55.0,5896.0
01/12/2025,TM-065    ,311,231.8,5904.0,24.0,5880.0
01/12/2025,TM-066    ,569,188.1,7985.0,103.0,7882.0
01/12/2025,TM-072    ,406,280.6,5650.0,78.0,5572.0
01/12/2025,TM-073    ,415,203.7,6018.0,156.0,5862.0
01/12/2025,TM-074    ,532,313.4,10189.0,106.0,10083.0
01/12/2025,TM-075    ,455,290.1,8579.0,85.0,8494.0
01/12/2025,TM-076    ,493,246.9,8649.0,99.0,8550.0
01/01/2026,AM-01     ,698,360.2,17175.0,1785.0,15390.0
01/01/2026,AM-02     ,1627,800.5,5726.0,70.0,5656.0
01/01/2026,AM-03     ,705,409.8,5975.0,564.0,5411.0
01/01/2026,AM-04     ,728,370.2,6902.0,470.0,6432.0
01/01/2026,AM-05     ,568,257.1,9122.0,840.0,8282.0
01/01/2026,AM-06     ,667,341.5,17751.0,1576.0,16175.0
01/01/2026,AM-07     ,516,303.2,7767.0,1201.0,6566.0
01/01/2026,AM-08     ,51,32.8,831.0,36.0,795.0
01/01/2026,AM-09     ,659,256.3,11520.0,912.0,10608.0
01/01/2026,AM-10     ,484,290.9,13152.0,1253.0,11899.0
01/01/2026,AM-11     ,312,175.1,8996.0,137.0,8859.0
01/01/2026,AM-12     ,858,369.7,5848.0,465.0,5383.0
01/01/2026,AM-13     ,721,291.5,12800.0,612.0,12188.0
01/01/2026,AM-14     ,527,277.5,6132.0,693.0,5439.0
01/01/2026,AM-15     ,640,208.4,13457.0,1322.0,12135.0
01/01/2026,AM-16     ,410,224.0,7941.0,684.0,7257.0
01/01/2026,AM-17     ,584,197.7,9553.0,1505.0,8048.0
01/01/2026,AM-18     ,639,368.8,5774.0,460.0,5314.0
01/01/2026,AM-19     ,1453,574.1,7389.0,128.0,7261.0
01/01/2026,AM-20     ,717,256.3,10742.0,1353.0,9389.0
01/01/2026,AM-21     ,492,204.7,10326.0,793.0,9533.0
01/01/2026,AM-22     ,811,311.1,7215.0,521.0,6694.0
01/01/2026,AM-23     ,259,147.6,5762.0,659.0,5103.0
01/01/2026,AM-24     ,439,302.5,16904.0,1139.0,15765.0
01/01/2026,AM-25     ,599,423.3,16562.0,889.0,15673.0
01/01/2026,AM-26     ,681,371.2,8474.0,779.0,7695.0
01/01/2026,AM-27     ,465,340.9,10542.0,743.0,9799.0
01/01/2026,AM-28     ,263,136.6,4920.0,636.0,4284.0
01/01/2026,AM-29     ,597,275.8,9839.0,719.0,9120.0
01/01/2026,AM-30     ,549,201.4,8051.0,745.0,7306.0
01/01/2026,AM-31     ,630,324.7,9382.0,807.0,8575.0
01/01/2026,AM-32     ,450,210.4,9305.0,1099.0,8206.0
01/01/2026,AM-33     ,438,284.9,9291.0,677.0,8614.0
01/01/2026,AM-34     ,683,244.7,11309.0,1346.0,9963.0
01/01/2026,AM-35     ,358,177.4,9655.0,208.0,9447.0
01/01/2026,AM-36     ,646,341.9,8584.0,877.0,7707.0
01/01/2026,AM-37     ,903,431.0,5253.0,406.0,4847.0
01/01/2026,AM-38     ,1024,526.4,5412.0,502.0,4910.0
01/01/2026,AM-39     ,391,242.4,8735.0,730.0,8005.0
01/01/2026,AM-40     ,728,371.7,11297.0,794.0,10503.0
01/01/2026,AM-41     ,1778,840.5,5268.0,283.0,4985.0
01/01/2026,AM-42     ,1617,943.0,4762.0,278.0,4484.0
01/01/2026,AM-43     ,439,212.9,9503.0,902.0,8601.0
01/01/2026,AM-44     ,897,533.3,6790.0,447.0,6343.0
01/01/2026,AM-45     ,492,332.4,12784.0,1189.0,11595.0
01/01/2026,AM-46     ,504,237.6,10304.0,1087.0,9217.0
01/01/2026,AM-47     ,1711,976.3,6511.0,387.0,6124.0
01/01/2026,AM-48     ,1405,936.7,6762.0,250.0,6512.0
01/01/2026,AM-49     ,1335,673.9,6185.0,70.0,6115.0
01/01/2026,AM-50     ,1059,537.4,4624.0,31.0,4593.0
01/01/2026,AM-51     ,813,374.2,3281.0,25.0,3256.0
01/01/2026,AM-52     ,1299,636.4,4899.0,20.0,4879.0
01/01/2026,AM-53     ,1001,645.2,5743.0,43.0,5700.0
01/01/2026,AM-54     ,265,108.9,976.0,11.0,965.0
01/01/2026,AM-55     ,1067,664.2,4982.0,18.0,4964.0
01/01/2026,AM-56     ,232,82.7,7122.0,484.0,6638.0
01/01/2026,AM-57     ,479,244.9,7906.0,757.0,7149.0
01/01/2026,AM-58     ,494,185.6,8725.0,867.0,7858.0
01/01/2026,AM-59     ,382,211.5,8315.0,1153.0,7162.0
01/01/2026,AM-60     ,695,325.8,14268.0,1303.0,12965.0
01/01/2026,AM-62     ,178,88.1,6532.0,490.0,6042.0
01/01/2026,AM-63     ,344,135.6,7968.0,117.0,7851.0
01/01/2026,AM-64     ,432,263.3,6710.0,571.0,6139.0
01/01/2026,AM-65     ,565,204.1,6279.0,436.0,5843.0
01/01/2026,AM-66     ,500,226.5,6225.0,380.0,5845.0
01/01/2026,AM-67     ,624,359.1,6921.0,531.0,6390.0
01/01/2026,AM-68     ,282,140.7,6491.0,352.0,6139.0
01/01/2026,AM-69     ,444,320.6,14685.0,989.0,13696.0
01/01/2026,AM-70     ,135,107.2,2677.0,34.0,2643.0
01/01/2026,AM-71     ,441,170.7,10568.0,525.0,10043.0
01/01/2026,AM-72     ,141,69.6,2313.0,76.0,2237.0
01/01/2026,AM-73     ,310,164.7,8633.0,860.0,7773.0
01/01/2026,AM-74     ,482,285.4,10823.0,927.0,9896.0
01/01/2026,AM-75     ,396,205.4,9800.0,853.0,8947.0
01/01/2026,AM-76     ,226,128.0,7437.0,620.0,6817.0
01/01/2026,AM-77     ,238,125.8,7719.0,554.0,7165.0
01/01/2026,AM-86     ,1347,881.9,7938.0,221.0,7717.0
01/01/2026,TM-002    ,531,280.4,6955.0,73.0,6882.0
01/01/2026,TM-003    ,639,318.9,7022.0,104.0,6918.0
01/01/2026,TM-004    ,560,212.0,5052.0,62.0,4990.0
01/01/2026,TM-005    ,485,273.4,6248.0,142.0,6106.0
01/01/2026,TM-007    ,407,237.8,8188.0,94.0,8094.0
01/01/2026,TM-008    ,623,290.9,9108.0,104.0,9004.0
01/01/2026,TM-010    ,420,253.4,5292.0,44.0,5248.0
01/01/2026,TM-012    ,490,356.3,7546.0,110.0,7436.0
01/01/2026,TM-013    ,578,185.7,5896.0,60.0,5836.0
01/01/2026,TM-014    ,597,225.6,7153.0,57.0,7096.0
01/01/2026,TM-015    ,368,163.1,5566.0,99.0,5467.0
01/01/2026,TM-016    ,465,203.3,6511.0,50.0,6461.0
01/01/2026,TM-017    ,430,270.8,8274.0,49.0,8225.0
01/01/2026,TM-018    ,323,231.0,5716.0,89.0,5627.0
01/01/2026,TM-019    ,502,185.0,5907.0,50.0,5857.0
01/01/2026,TM-024    ,489,277.7,7166.0,85.0,7081.0
01/01/2026,TM-025    ,567,247.5,6352.0,90.0,6262.0
01/01/2026,TM-026    ,594,311.8,8625.0,141.0,8484.0
01/01/2026,TM-027    ,668,360.4,9992.0,161.0,9831.0
01/01/2026,TM-028    ,494,250.3,8388.0,89.0,8299.0
01/01/2026,TM-029    ,589,206.1,5837.0,103.0,5734.0
01/01/2026,TM-030    ,600,293.1,8350.0,53.0,8297.0
01/01/2026,TM-031    ,651,331.8,6815.0,82.0,6733.0
01/01/2026,TM-032    ,474,254.1,6351.0,75.0,6276.0
01/01/2026,TM-033    ,239,160.6,3798.0,47.0,3751.0
01/01/2026,TM-034    ,459,313.2,7229.0,53.0,7176.0
01/01/2026,TM-035    ,361,230.0,7652.0,107.0,7545.0
01/01/2026,TM-038    ,391,227.7,7095.0,44.0,7051.0
01/01/2026,TM-039    ,454,238.6,6509.0,106.0,6403.0
01/01/2026,TM-040    ,635,338.2,8155.0,88.0,8067.0
01/01/2026,TM-041    ,586,236.2,6304.0,98.0,6206.0
01/01/2026,TM-046    ,152,85.2,2152.0,53.0,2099.0
01/01/2026,TM-047    ,248,87.4,2921.0,79.0,2842.0
01/01/2026,TM-048    ,244,97.7,3544.0,100.0,3444.0
01/01/2026,TM-049    ,203,108.2,3074.0,114.0,2960.0
01/01/2026,TM-052    ,317,133.8,4404.0,48.0,4356.0
01/01/2026,TM-053    ,415,210.7,5663.0,56.0,5607.0
01/01/2026,TM-054    ,1,0.5,15.0,0.0,15.0
01/01/2026,TM-055    ,456,190.7,5610.0,77.0,5533.0
01/01/2026,TM-056    ,387,211.3,7170.0,103.0,7067.0
01/01/2026,TM-057    ,496,263.8,6708.0,129.0,6579.0
01/01/2026,TM-058    ,312,200.1,4430.0,113.0,4317.0
01/01/2026,TM-059    ,539,286.7,8218.0,111.0,8107.0
01/01/2026,TM-060    ,492,244.9,5836.0,149.0,5687.0
01/01/2026,TM-061    ,603,303.1,10048.0,124.0,9924.0
01/01/2026,TM-062    ,487,219.4,6332.0,49.0,6283.0
01/01/2026,TM-063    ,307,151.8,4628.0,48.0,4580.0
01/01/2026,TM-064    ,607,313.9,7885.0,89.0,7796.0
01/01/2026,TM-065    ,464,287.0,6822.0,32.0,6790.0
01/01/2026,TM-066    ,561,330.9,6077.0,109.0,5968.0
01/01/2026,TM-072    ,329,149.7,4240.0,52.0,4188.0
01/01/2026,TM-073    ,582,252.2,8057.0,72.0,7985.0
01/01/2026,TM-074    ,385,187.8,6732.0,49.0,6683.0
01/01/2026,TM-075    ,548,241.5,6903.0,108.0,6795.0
01/01/2026,TM-076    ,648,233.3,7490.0,58.0,7432.0
01/02/2026,AM-01     ,335,206.8,8551.0,752.0,7799.0
01/02/2026,AM-02     ,713,496.4,4227.0,83.0,4144.0
01/02/2026,AM-03     ,432,220.8,3730.0,374.0,3356.0
01/02/2026,AM-04     ,419,160.2,2595.0,278.0,2317.0
01/02/2026,AM-05     ,251,119.4,6552.0,542.0,6010.0
01/02/2026,AM-06     ,305,164.3,8330.0,644.0,7686.0
01/02/2026,AM-07     ,489,192.1,5826.0,678.0,5148.0
01/02/2026,AM-070    ,7,4.8,91.0,0.0,91.0
01/02/2026,AM-08     ,47,23.9,884.0,104.0,780.0
01/02/2026,AM-09     ,250,154.0,4188.0,854.0,3334.0
01/02/2026,AM-10     ,269,172.0,10182.0,622.0,9560.0
01/02/2026,AM-11     ,187,63.0,2894.0,50.0,2844.0
01/02/2026,AM-12     ,444,337.4,2799.0,274.0,2525.0
01/02/2026,AM-13     ,290,174.0,6382.0,409.0,5973.0
01/02/2026,AM-14     ,503,266.2,3972.0,179.0,3793.0
01/02/2026,AM-15     ,311,171.6,8705.0,860.0,7845.0
01/02/2026,AM-16     ,409,182.9,4385.0,292.0,4093.0
01/02/2026,AM-17     ,429,134.6,4810.0,636.0,4174.0
01/02/2026,AM-18     ,407,245.1,4639.0,458.0,4181.0
01/02/2026,AM-19     ,649,476.7,4093.0,119.0,3974.0
01/02/2026,AM-20     ,297,153.2,4736.0,358.0,4378.0
01/02/2026,AM-21     ,314,182.7,7231.0,557.0,6674.0
01/02/2026,AM-22     ,311,167.4,5048.0,346.0,4702.0
01/02/2026,AM-23     ,393,220.3,6135.0,543.0,5592.0
01/02/2026,AM-24     ,147,119.8,6190.0,517.0,5673.0
01/02/2026,AM-25     ,433,143.8,7984.0,637.0,7347.0
01/02/2026,AM-26     ,324,241.2,4658.0,476.0,4182.0
01/02/2026,AM-27     ,138,76.1,1897.0,139.0,1758.0
01/02/2026,AM-28     ,60,39.4,1568.0,110.0,1458.0
01/02/2026,AM-29     ,380,142.0,5078.0,298.0,4780.0
01/02/2026,AM-30     ,376,211.6,4390.0,541.0,3849.0
01/02/2026,AM-31     ,422,146.9,6288.0,487.0,5801.0
01/02/2026,AM-32     ,332,174.8,5679.0,512.0,5167.0
01/02/2026,AM-33     ,306,160.5,5071.0,570.0,4501.0
01/02/2026,AM-34     ,356,187.2,7078.0,739.0,6339.0
01/02/2026,AM-35     ,204,110.5,3788.0,80.0,3708.0
01/02/2026,AM-36     ,365,145.2,6410.0,542.0,5868.0
01/02/2026,AM-37     ,617,320.9,2659.0,313.0,2346.0
01/02/2026,AM-38     ,543,383.3,3156.0,291.0,2865.0
01/02/2026,AM-39     ,223,104.9,5268.0,289.0,4979.0
01/02/2026,AM-40     ,354,250.2,6188.0,436.0,5752.0
01/02/2026,AM-41     ,991,373.8,3665.0,170.0,3495.0
01/02/2026,AM-42     ,427,257.3,3320.0,196.0,3124.0
01/02/2026,AM-43     ,354,180.0,4730.0,508.0,4222.0
01/02/2026,AM-44     ,370,156.1,2584.0,208.0,2376.0
01/02/2026,AM-45     ,504,316.1,5296.0,305.0,4991.0
01/02/2026,AM-46     ,305,121.2,6148.0,648.0,5500.0
01/02/2026,AM-47     ,869,539.5,2824.0,197.0,2627.0
01/02/2026,AM-48     ,551,228.0,1977.0,133.0,1844.0
01/02/2026,AM-49     ,723,376.3,2145.0,14.0,2131.0
01/02/2026,AM-50     ,890,336.2,2931.0,17.0,2914.0
01/02/2026,AM-51     ,1058,348.8,2681.0,19.0,2662.0
01/02/2026,AM-52     ,472,299.6,2469.0,21.0,2448.0
01/02/2026,AM-53     ,501,211.4,2206.0,15.0,2191.0
01/02/2026,AM-54     ,144,76.4,350.0,2.0,348.0
01/02/2026,AM-55     ,196,107.9,1073.0,6.0,1067.0
01/02/2026,AM-56     ,152,61.5,2662.0,231.0,2431.0
01/02/2026,AM-57     ,360,241.4,5490.0,322.0,5168.0
01/02/2026,AM-58     ,178,105.9,3800.0,260.0,3540.0
01/02/2026,AM-59     ,272,177.6,5729.0,545.0,5184.0
01/02/2026,AM-60     ,292,182.1,7222.0,624.0,6598.0
01/02/2026,AM-61     ,3,1.6,70.0,16.0,54.0
01/02/2026,AM-62     ,388,161.8,10853.0,875.0,9978.0
01/02/2026,AM-63     ,165,57.4,2466.0,56.0,2410.0
01/02/2026,AM-64     ,376,172.1,3416.0,267.0,3149.0
01/02/2026,AM-65     ,269,167.8,4574.0,258.0,4316.0
01/02/2026,AM-66     ,340,134.7,2864.0,366.0,2498.0
01/02/2026,AM-67     ,335,154.3,4578.0,405.0,4173.0
01/02/2026,AM-68     ,189,106.2,6440.0,340.0,6100.0
01/02/2026,AM-69     ,371,137.6,12193.0,1038.0,11155.0
01/02/2026,AM-70     ,123,45.5,1681.0,40.0,1641.0
01/02/2026,AM-71     ,255,120.0,5376.0,647.0,4729.0
01/02/2026,AM-72     ,216,71.9,2314.0,49.0,2265.0
01/02/2026,AM-73     ,170,93.3,4191.0,592.0,3599.0
01/02/2026,AM-74     ,209,95.8,3538.0,351.0,3187.0
01/02/2026,AM-75     ,312,200.9,12018.0,861.0,11157.0
01/02/2026,AM-76     ,186,99.5,3095.0,436.0,2659.0
01/02/2026,AM-77     ,196,67.1,5096.0,406.0,4690.0
01/02/2026,AM-86     ,1125,343.6,3773.0,96.0,3677.0
01/02/2026,TM-002    ,331,194.7,4829.0,45.0,4784.0
01/02/2026,TM-003    ,154,96.5,2217.0,7.0,2210.0
01/02/2026,TM-004    ,329,163.5,3153.0,52.0,3101.0
01/02/2026,TM-005    ,288,166.0,3429.0,22.0,3407.0
01/02/2026,TM-007    ,245,151.1,4175.0,93.0,4082.0
01/02/2026,TM-008    ,347,146.8,5024.0,88.0,4936.0
01/02/2026,TM-010    ,348,176.9,4700.0,85.0,4615.0
01/02/2026,TM-012    ,91,49.1,1313.0,22.0,1291.0
01/02/2026,TM-013    ,280,145.6,3781.0,12.0,3769.0
01/02/2026,TM-014    ,212,128.2,2850.0,22.0,2828.0
01/02/2026,TM-015    ,276,102.4,3727.0,7.0,3720.0
01/02/2026,TM-016    ,356,154.8,4424.0,52.0,4372.0
01/02/2026,TM-017    ,196,114.5,2596.0,29.0,2567.0
01/02/2026,TM-018    ,231,157.8,4227.0,46.0,4181.0
01/02/2026,TM-019    ,411,195.9,6485.0,102.0,6383.0
01/02/2026,TM-024    ,346,227.3,7069.0,76.0,6993.0
01/02/2026,TM-025    ,296,147.9,4204.0,52.0,4152.0
01/02/2026,TM-026    ,287,121.1,4162.0,76.0,4086.0
01/02/2026,TM-027    ,291,165.1,3731.0,26.0,3705.0
01/02/2026,TM-028    ,316,124.5,5343.0,56.0,5287.0
01/02/2026,TM-029    ,250,164.9,3880.0,59.0,3821.0
01/02/2026,TM-030    ,317,131.7,3583.0,47.0,3536.0
01/02/2026,TM-031    ,251,161.0,4738.0,36.0,4702.0
01/02/2026,TM-032    ,238,182.9,5701.0,42.0,5659.0
01/02/2026,TM-033    ,177,107.0,3507.0,7.0,3500.0
01/02/2026,TM-034    ,412,142.4,3992.0,22.0,3970.0
01/02/2026,TM-035    ,370,168.0,4504.0,72.0,4432.0
01/02/2026,TM-038    ,261,187.6,5012.0,32.0,4980.0
01/02/2026,TM-039    ,410,191.0,5465.0,129.0,5336.0
01/02/2026,TM-040    ,369,134.4,4216.0,70.0,4146.0
01/02/2026,TM-041    ,387,118.7,3796.0,59.0,3737.0
01/02/2026,TM-046    ,65,31.4,1177.0,29.0,1148.0
01/02/2026,TM-047    ,41,16.1,569.0,1.0,568.0
01/02/2026,TM-048    ,130,96.0,2621.0,51.0,2570.0
01/02/2026,TM-049    ,147,90.9,2031.0,28.0,2003.0
01/02/2026,TM-050    ,85,30.3,964.0,19.0,945.0
01/02/2026,TM-052    ,178,79.9,3237.0,31.0,3206.0
01/02/2026,TM-053    ,259,125.9,3955.0,49.0,3906.0
01/02/2026,TM-056    ,130,96.3,2439.0,53.0,2386.0
01/02/2026,TM-057    ,334,151.7,3677.0,46.0,3631.0
01/02/2026,TM-058    ,287,144.5,3161.0,46.0,3115.0
01/02/2026,TM-059    ,149,76.1,2513.0,24.0,2489.0
01/02/2026,TM-060    ,256,111.3,3517.0,7.0,3510.0
01/02/2026,TM-061    ,278,172.1,5717.0,45.0,5672.0
01/02/2026,TM-062    ,215,109.5,2796.0,49.0,2747.0
01/02/2026,TM-063    ,173,76.3,1829.0,23.0,1806.0
01/02/2026,TM-064    ,270,155.3,5242.0,70.0,5172.0
01/02/2026,TM-065    ,275,140.8,4202.0,92.0,4110.0
01/02/2026,TM-066    ,296,120.0,4948.0,71.0,4877.0
01/02/2026,TM-067    ,10,4.2,129.0,0.0,129.0
01/02/2026,TM-072    ,204,122.1,4578.0,60.0,4518.0
01/02/2026,TM-073    ,300,130.9,4281.0,21.0,4260.0
01/02/2026,TM-074    ,289,152.1,2883.0,43.0,2840.0
01/02/2026,TM-075    ,247,112.9,4916.0,64.0,4852.0
01/02/2026,TM-076    ,354,139.5,3844.0,28.0,3816.0
