Fecha,Unidad,Total Viajes,Total Vueltas,Km Programados,Km Vacios,Km Realizados
01/07/2021,AM-002    ,870,435,4434,0,4434
01/07/2021,AM-003    ,383,191.5,2285,133,2152
01/07/2021,AM-004    ,1842,921,6905,96,6809
01/07/2021,AM-005    ,1654,827,6795,260,6535
01/07/2021,AM-006    ,1619,809.5,7104,249,6855
01/07/2021,AM-007    ,1165,582.5,6584,498,6086
01/07/2021,AM-008    ,76,38,861,134,727
01/07/2021,AM-009    ,1789,894.5,9149,230,8919
01/07/2021,AM-010    ,1789,894.5,6997,166,6831
01/07/2021,AM-011    ,850,425,7687,628,7059
01/07/2021,AM-012    ,945,472.5,9171,810,8361
01/07/2021,AM-013    ,610,305,5391,250,5141
01/07/2021,AM-014    ,843,421.5,8177,789,7388
01/07/2021,AM-015    ,928,464,8337,610,7727
01/07/2021,AM-016    ,772,386,10042,1658,8384
01/07/2021,AM-017    ,70,35,1354,251,1103
01/07/2021,AM-018    ,673,336.5,11558,1984,9574
01/07/2021,AM-019    ,250,125,5091,930,4161
01/07/2021,AM-020    ,349,174.5,6175,1138,5037
01/07/2021,AM-021    ,571,285.5,10989,1818,9171
01/07/2021,AM-022    ,652,326,12028,1808,10220
01/07/2021,AM-023    ,257,128.5,5565,1860,3705
01/07/2021,AM-024    ,577,288.5,9853,1728,8125
01/07/2021,AM-025    ,651,325.5,11462,2176,9286
01/07/2021,AM-026    ,504,252,8903,1914,6989
01/07/2021,AM-027    ,645,322.5,10898,2278,8620
01/07/2021,AM-028    ,209,104.5,2894,483,2411
01/07/2021,AM-029    ,73,36.5,1111,219,892
01/07/2021,AM-030    ,738,369,8891,1277,7614
01/07/2021,AM-031    ,557,278.5,10347,1897,8450
01/07/2021,AM-032    ,609,304.5,12197,2647,9550
01/07/2021,AM-033    ,528,264,7427,654,6773
01/07/2021,AM-034    ,749,374.5,10149,1654,8495
01/07/2021,AM-035    ,320,160,5498,1249,4249
01/07/2021,AM-036    ,662,331,9591,1019,8572
01/07/2021,AM-037    ,778,389,10951,1056,9895
01/07/2021,AM-038    ,794,397,10485,878,9607
01/07/2021,AM-039    ,794,397,11307,1010,10297
01/07/2021,AM-040    ,426,213,6132,686,5446
01/07/2021,AM-041    ,771,385.5,9750,811,8939
01/07/2021,AM-042    ,744,372,10429,780,9649
01/07/2021,AM-043    ,1991,995.5,9939,996,8943
01/07/2021,AM-044    ,852,426,8188,922,7266
01/07/2021,AM-045    ,746,373,7825,735,7090
01/07/2021,AM-046    ,789,394.5,8271,1235,7036
01/07/2021,AM-047    ,820,410,7717,818,6899
01/07/2021,AM-048    ,575,287.5,6476,827,5649
01/07/2021,AM-049    ,677,338.5,6993,764,6229
01/07/2021,AM-050    ,381,190.5,4057,444,3613
01/07/2021,AM-051    ,622,311,9844,1276,8568
01/07/2021,AM-052    ,2381,1190.5,10473,518,9955
01/07/2021,AM-053    ,679,339.5,6891,809,6082
01/07/2021,AM-054    ,690,345,9790,2084,7706
01/07/2021,AM-056    ,82,41,1855,810,1045
01/07/2021,AM-058    ,1508,754,7219,517,6702
01/07/2021,AM-059    ,1837,918.5,8772,596,8176
01/07/2021,AM-060    ,1209,604.5,5188,564,4624
01/07/2021,AM-061    ,58,29,240,36,204
01/07/2021,AM-062    ,1472,736,7254,1187,6067
01/07/2021,AM-063    ,1367,683.5,8260,1059,7201
01/07/2021,AM-064    ,1256,628,5757,931,4826
01/07/2021,AM-065    ,1205,602.5,6065,760,5305
01/07/2021,AM-066    ,411,205.5,1759,315,1444
01/07/2021,AM-067    ,242,121,1088,150,938
01/07/2021,AM-068    ,1167,583.5,5581,827,4754
01/07/2021,AM-069    ,570,285,6025,871,5154
01/07/2021,AM-070    ,258,129,1072,160,912
01/07/2021,AM-072    ,641,320.5,9842,1747,8095
01/07/2021,AM-074    ,1655,827.5,7980,766,7214
01/07/2021,AM-075    ,598,299,6070,834,5236
01/07/2021,AM-076    ,20,10,88,16,72
01/07/2021,AM-077    ,116,58,476,28,448
01/07/2021,AM-078    ,867,433.5,8940,974,7966
01/07/2021,AM-079    ,585,292.5,5726,196,5530
01/07/2021,AM-080    ,698,349,6866,172,6694
01/07/2021,AM-081    ,1258,629,7438,605,6833
01/07/2021,AM-082    ,1283,641.5,6353,288,6065
01/07/2021,AM-083    ,409,204.5,2126,228,1898
01/07/2021,AM-084    ,1356,678,6745,315,6430
01/07/2021,AM-085    ,1259,629.5,6206,261,5945
01/07/2021,AM-086    ,933,466.5,4003,670,3333
01/07/2021,AM-087    ,470,235,4619,109,4510
01/07/2021,AM-088    ,54,27,526,6,520
01/07/2021,AM-089    ,810,405,7964,224,7740
01/07/2021,AM-090    ,1267,633.5,5136,228,4908
01/07/2021,AM-091    ,1671,835.5,8815,308,8507
01/07/2021,AM-094    ,180,90,1812,163,1649
01/07/2021,AM-095    ,1114,557,9438,388,9050
01/07/2021,AM-096    ,805,402.5,8215,1318,6897
01/07/2021,AM-097    ,14,7,137,7,130
01/07/2021,AM-098    ,1485,742.5,7772,757,7015
01/07/2021,AM-100    ,771,385.5,3096,108,2988
01/07/2021,AM-101    ,667,333.5,6508,138,6370
01/07/2021,AM-102    ,832,416,3584,592,2992
01/07/2021,AM-103    ,2358,1179,7162,264,6898
01/07/2021,TM-001    ,576,288,9186,50,9136
01/07/2021,TM-002    ,677,338.5,10826,26,10800
01/07/2021,TM-003    ,582,291,9258,218,9040
01/07/2021,TM-005    ,443,221.5,7076,36,7040
01/07/2021,TM-009    ,491,245.5,7832,120,7712
01/07/2021,TM-010    ,353,176.5,5624,88,5536
01/07/2021,TM-011    ,259,129.5,4144,0,4144
01/07/2021,TM-012    ,519,259.5,8274,82,8192
01/07/2021,TM-013    ,349,174.5,5566,110,5456
01/07/2021,TM-014    ,410,205,6536,120,6416
01/07/2021,TM-015    ,586,293,9328,128,9200
01/07/2021,TM-016    ,578,289,9236,52,9184
01/07/2021,TM-017    ,570,285,9090,130,8960
01/07/2021,TM-018    ,320,160,5096,56,5040
01/07/2021,TM-019    ,554,277,8834,50,8784
01/07/2021,TM-020    ,633,316.5,10116,52,10064
01/07/2021,TM-023    ,574,287,9160,72,9088
01/07/2021,TM-024    ,501,250.5,7956,132,7824
01/07/2021,TM-025    ,524,262,8366,46,8320
01/07/2021,TM-026    ,467,233.5,7472,0,7472
01/07/2021,TM-027    ,536,268,8564,20,8544
01/07/2021,TM-028    ,595,297.5,9502,78,9424
01/07/2021,TM-029    ,573,286.5,9150,62,9088
01/07/2021,TM-030    ,598,299,9568,16,9552
01/07/2021,TM-031    ,506,253,8078,62,8016
01/07/2021,TM-032    ,603,301.5,9612,172,9440
01/07/2021,TM-033    ,582,291,9282,130,9152
01/07/2021,TM-034    ,534,267,8514,114,8400
01/07/2021,TM-035    ,302,151,4796,172,4624
01/07/2021,TM-037    ,530,265,8456,88,8368
01/07/2021,TM-038    ,521,260.5,8270,126,8144
01/07/2021,TM-039    ,432,216,6888,40,6848
01/07/2021,TM-040    ,400,200,6394,10,6384
01/07/2021,TM-041    ,571,285.5,9106,114,8992
01/07/2021,TM-042    ,531,265.5,8412,252,8160
01/07/2021,TM-043    ,462,231,7350,134,7216
01/07/2021,TM-044    ,66,33,1050,26,1024
01/07/2021,TM-045    ,86,43,1376,0,1376
01/07/2021,TM-046    ,491,245.5,7844,36,7808
01/07/2021,TM-047    ,452,226,7178,138,7040
01/07/2021,TM-048    ,443,221.5,7046,86,6960
01/07/2021,TM-049    ,495,247.5,7842,146,7696
01/07/2021,TM-050    ,499,249.5,7930,90,7840
01/07/2021,TM-051    ,412,206,6550,102,6448
01/07/2021,TM-052    ,476,238,7586,50,7536
01/07/2021,TM-053    ,423,211.5,6720,80,6640
01/07/2021,TM-054    ,491,245.5,7838,46,7792
01/07/2021,TM-055    ,316,158,5026,50,4976
01/08/2021,AM-001    ,1,0.5,9,0,9
01/08/2021,AM-002    ,824,412,4489,90,4399
01/08/2021,AM-003    ,168,84,1319,136,1183
01/08/2021,AM-004    ,1378,689,6088,186,5902
01/08/2021,AM-005    ,1495,747.5,5782,84,5698
01/08/2021,AM-006    ,1466,733,6056,117,5939
01/08/2021,AM-007    ,1589,794.5,7567,414,7153
01/08/2021,AM-008    ,202,101,1890,147,1743
01/08/2021,AM-009    ,409,204.5,4036,515,3521
01/08/2021,AM-01     ,1799,899.5,8841,106,8735
01/08/2021,AM-010    ,1879,939.5,6485,84,6401
01/08/2021,AM-011    ,498,249,5589,801,4788
01/08/2021,AM-012    ,558,279,6157,745,5412
01/08/2021,AM-013    ,96,48,928,136,792
01/08/2021,AM-014    ,528,264,6202,845,5357
01/08/2021,AM-015    ,740,370,7126,822,6304
01/08/2021,AM-016    ,421,210.5,5795,974,4821
01/08/2021,AM-017    ,27,13.5,327,86,241
01/08/2021,AM-018    ,652,326,11594,1936,9658
01/08/2021,AM-019    ,194,97,3961,750,3211
01/08/2021,AM-02     ,1444,722,7223,108,7115
01/08/2021,AM-020    ,255,127.5,5256,1394,3862
01/08/2021,AM-021    ,513,256.5,10085,1294,8791
01/08/2021,AM-022    ,516,258,10673,2370,8303
01/08/2021,AM-023    ,242,121,5346,2040,3306
01/08/2021,AM-024    ,539,269.5,9496,2126,7370
01/08/2021,AM-025    ,511,255.5,9359,1930,7429
01/08/2021,AM-026    ,536,268,11141,2610,8531
01/08/2021,AM-027    ,426,213,7908,1574,6334
01/08/2021,AM-028    ,167,83.5,2772,523,2249
01/08/2021,AM-029    ,42,21,842,120,722
01/08/2021,AM-03     ,804,402,7287,510,6777
01/08/2021,AM-030    ,748,374,7810,744,7066
01/08/2021,AM-031    ,539,269.5,10880,1833,9047
01/08/2021,AM-032    ,626,313,12137,2211,9926
01/08/2021,AM-033    ,313,156.5,4353,325,4028
01/08/2021,AM-034    ,548,274,10193,2216,7977
01/08/2021,AM-035    ,178,89,3487,1092,2395
01/08/2021,AM-036    ,803,401.5,8874,673,8201
01/08/2021,AM-037    ,671,335.5,8914,684,8230
01/08/2021,AM-038    ,678,339,9695,748,8947
01/08/2021,AM-039    ,700,350,9685,776,8909
01/08/2021,AM-04     ,774,387,7015,490,6525
01/08/2021,AM-040    ,399,199.5,5420,503,4917
01/08/2021,AM-041    ,624,312,8634,849,7785
01/08/2021,AM-042    ,718,359,9973,865,9108
01/08/2021,AM-043    ,700,350,8505,1421,7084
01/08/2021,AM-044    ,713,356.5,7541,657,6884
01/08/2021,AM-045    ,758,379,8159,1300,6859
01/08/2021,AM-046    ,809,404.5,8882,1229,7653
01/08/2021,AM-047    ,512,256,5006,583,4423
01/08/2021,AM-048    ,382,191,4256,431,3825
01/08/2021,AM-049    ,680,340,7309,915,6394
01/08/2021,AM-05     ,754,377,6828,420,6408
01/08/2021,AM-050    ,310,155,3226,355,2871
01/08/2021,AM-051    ,402,201,6563,847,5716
01/08/2021,AM-052    ,2429,1214.5,9896,305,9591
01/08/2021,AM-053    ,693,346.5,6993,789,6204
01/08/2021,AM-054    ,558,279,9653,1683,7970
01/08/2021,AM-056    ,108,54,2437,1050,1387
01/08/2021,AM-058    ,1511,755.5,6868,450,6418
01/08/2021,AM-059    ,1637,818.5,7175,368,6807
01/08/2021,AM-06     ,690,345,6232,220,6012
01/08/2021,AM-060    ,1345,672.5,5525,409,5116
01/08/2021,AM-061    ,35,17.5,151,27,124
01/08/2021,AM-062    ,1058,529,4621,776,3845
01/08/2021,AM-063    ,1084,542,5632,610,5022
01/08/2021,AM-064    ,1113,556.5,6313,965,5348
01/08/2021,AM-065    ,1074,537,5406,984,4422
01/08/2021,AM-066    ,362,181,1522,218,1304
01/08/2021,AM-067    ,226,113,968,168,800
01/08/2021,AM-068    ,1252,626,6868,1128,5740
01/08/2021,AM-069    ,484,242,4842,749,4093
01/08/2021,AM-07     ,668,334,6038,260,5778
01/08/2021,AM-070    ,72,36,310,54,256
01/08/2021,AM-072    ,933,466.5,8596,1342,7254
01/08/2021,AM-074    ,1874,937,7953,507,7446
01/08/2021,AM-075    ,526,263,5402,672,4730
01/08/2021,AM-077    ,178,89,732,44,688
01/08/2021,AM-078    ,597,298.5,7005,859,6146
01/08/2021,AM-079    ,583,291.5,5704,174,5530
01/08/2021,AM-08     ,32,16,290,20,270
01/08/2021,AM-080    ,639,319.5,6290,140,6150
01/08/2021,AM-081    ,1294,647,7332,538,6794
01/08/2021,AM-082    ,1286,643,6368,298,6070
01/08/2021,AM-083    ,510,255,2813,263,2550
01/08/2021,AM-084    ,1354,677,6734,324,6410
01/08/2021,AM-085    ,1256,628,6192,272,5920
01/08/2021,AM-086    ,1077,538.5,4565,769,3796
01/08/2021,AM-087    ,314,157,3106,66,3040
01/08/2021,AM-088    ,114,57,1131,21,1110
01/08/2021,AM-089    ,702,351,6908,208,6700
01/08/2021,AM-09     ,4,2,87,30,57
01/08/2021,AM-090    ,1165,582.5,4728,212,4516
01/08/2021,AM-091    ,960,480,7956,573,7383
01/08/2021,AM-094    ,238,119,2453,228,2225
01/08/2021,AM-095    ,680,340,6271,272,5999
01/08/2021,AM-096    ,730,365,8021,1191,6830
01/08/2021,AM-098    ,1354,677,7148,618,6530
01/08/2021,AM-099    ,1,0.5,4,0,4
01/08/2021,AM-100    ,608,304,2432,76,2356
01/08/2021,AM-101    ,716,358,6979,129,6850
01/08/2021,AM-102    ,761,380.5,3339,655,2684
01/08/2021,AM-103    ,2336,1168,7070,248,6822
01/08/2021,AM-11     ,8,4,163,30,133
01/08/2021,AM-12     ,6,3,114,0,114
01/08/2021,AM-13     ,8,4,174,60,114
01/08/2021,AM-14     ,8,4,174,60,114
01/08/2021,AM-15     ,22,11,429,30,399
01/08/2021,AM-16     ,22,11,451,90,361
01/08/2021,AM-17     ,10,5,201,30,171
01/08/2021,AM-18     ,6,3,125,30,95
01/08/2021,AM-20     ,12,6,283,150,133
01/08/2021,AM-23     ,6,3,125,30,95
01/08/2021,AM-24     ,10,5,201,30,171
01/08/2021,AM-25     ,10,5,201,30,171
01/08/2021,AM-26     ,34,17,537,44,493
01/08/2021,AM-27     ,32,16,521,118,403
01/08/2021,AM-28     ,26,13,364,28,336
01/08/2021,AM-30     ,26,13,365,43,322
01/08/2021,AM-31     ,24,12,336,28,308
01/08/2021,AM-32     ,24,12,336,28,308
01/08/2021,AM-33     ,22,11,308,28,280
01/08/2021,AM-34     ,40,20,694,134,560
01/08/2021,AM-35     ,34,17,142,22,120
01/08/2021,AM-36     ,100,50,430,70,360
01/08/2021,AM-37     ,83,41.5,359,59,300
01/08/2021,AM-38     ,101,50.5,429,65,364
01/08/2021,AM-39     ,78,39,334,54,280
01/08/2021,AM-40     ,76,38,324,60,264
01/08/2021,AM-41     ,98,49,406,38,368
01/08/2021,AM-42     ,164,82,676,40,636
01/08/2021,AM-43     ,160,80,966,65,901
01/08/2021,AM-44     ,72,36,711,21,690
01/08/2021,AM-45     ,68,34,671,21,650
01/08/2021,AM-46     ,119,59.5,692,22,670
01/08/2021,AM-47     ,142,71,568,16,552
01/08/2021,AM-48     ,96,48,384,12,372
01/08/2021,AM-49     ,151,75.5,570,18,552
01/08/2021,AM-50     ,37,18.5,111,0,111
01/08/2021,AM-51     ,137,68.5,503,16,487
01/08/2021,AM-52     ,104,52,451,17,434
01/08/2021,AM-53     ,75,37.5,359,11,348
01/08/2021,AM-54     ,124,62,465,14,451
01/08/2021,AM-55     ,101,50.5,335,4,331
01/08/2021,AM-56     ,74,37,746,166,580
01/08/2021,AM-57     ,95,47.5,654,60,594
01/08/2021,AM-58     ,75,37.5,621,86,535
01/08/2021,AM-59     ,50,25,444,22,422
01/08/2021,AM-60     ,154,77,1221,81,1140
01/08/2021,AM-61     ,34,17,373,30,343
01/08/2021,AM-62     ,137,68.5,897,54,843
01/08/2021,AM-63     ,224,112,1234,104,1130
01/08/2021,TM-001    ,610,305,9760,0,9760
01/08/2021,TM-002    ,521,260.5,8324,52,8272
01/08/2021,TM-003    ,578,289,9218,98,9120
01/08/2021,TM-005    ,350,175,5594,10,5584
01/08/2021,TM-008    ,327,163.5,5232,48,5184
01/08/2021,TM-009    ,597,298.5,9546,74,9472
01/08/2021,TM-011    ,484,242,7678,110,7568
01/08/2021,TM-012    ,564,282,8976,144,8832
01/08/2021,TM-013    ,605,302.5,9680,32,9648
01/08/2021,TM-014    ,146,73,2330,26,2304
01/08/2021,TM-015    ,539,269.5,8582,134,8448
01/08/2021,TM-016    ,544,272,8644,164,8480
01/08/2021,TM-017    ,166,83,2638,78,2560
01/08/2021,TM-018    ,511,255.5,8116,132,7984
01/08/2021,TM-019    ,527,263.5,8426,10,8416
01/08/2021,TM-020    ,582,291,9300,52,9248
01/08/2021,TM-022    ,361,180.5,5776,16,5760
01/08/2021,TM-023    ,498,249,7956,36,7920
01/08/2021,TM-024    ,555,277.5,8880,64,8816
01/08/2021,TM-025    ,572,286,9128,120,9008
01/08/2021,TM-026    ,510,255,8160,0,8160
01/08/2021,TM-027    ,593,296.5,9464,120,9344
01/08/2021,TM-028    ,570,285,9108,68,9040
01/08/2021,TM-029    ,518,259,8240,80,8160
01/08/2021,TM-030    ,595,297.5,9502,62,9440
01/08/2021,TM-031    ,445,222.5,7102,62,7040
01/08/2021,TM-032    ,635,317.5,10142,78,10064
01/08/2021,TM-033    ,569,284.5,9098,26,9072
01/08/2021,TM-034    ,579,289.5,9234,114,9120
01/08/2021,TM-036    ,209,104.5,3344,0,3344
01/08/2021,TM-038    ,594,297,9492,52,9440
01/08/2021,TM-039    ,456,228,7254,102,7152
01/08/2021,TM-040    ,476,238,7580,108,7472
01/08/2021,TM-041    ,483,241.5,7710,62,7648
01/08/2021,TM-042    ,414,207,6606,94,6512
01/08/2021,TM-043    ,324,162,5160,72,5088
01/08/2021,TM-045    ,300,150,4764,140,4624
01/08/2021,TM-046    ,455,227.5,7232,96,7136
01/08/2021,TM-047    ,409,204.5,6484,180,6304
01/08/2021,TM-048    ,504,252,8016,112,7904
01/08/2021,TM-049    ,517,258.5,8188,172,8016
01/08/2021,TM-050    ,449,224.5,7136,80,7056
01/08/2021,TM-051    ,499,249.5,7924,148,7776
01/08/2021,TM-052    ,468,234,7434,138,7296
01/08/2021,TM-053    ,421,210.5,6706,66,6640
01/08/2021,TM-054    ,533,266.5,8462,126,8336
01/08/2021,TM-055    ,459,229.5,7290,90,7200
01/09/2021,AM-001    ,1,0.5,3,0,3
01/09/2021,AM-008    ,2,1,28,14,14
01/09/2021,AM-01     ,1972,986,9683,118,9565
01/09/2021,AM-010    ,14,7,299,90,209
01/09/2021,AM-011    ,16,8,337,90,247
01/09/2021,AM-012    ,20,10,402,60,342
01/09/2021,AM-013    ,18,9,364,60,304
01/09/2021,AM-02     ,1791,895.5,8796,106,8690
01/09/2021,AM-020    ,8,4,152,0,152
01/09/2021,AM-021    ,8,4,163,30,133
01/09/2021,AM-026    ,6,3,136,60,76
01/09/2021,AM-03     ,895,447.5,8198,350,7848
01/09/2021,AM-030    ,23,11.5,229,20,209
01/09/2021,AM-033    ,9,4.5,99,33,66
01/09/2021,AM-038    ,55,27.5,245,65,180
01/09/2021,AM-04     ,886,443,8011,370,7641
01/09/2021,AM-040    ,38,19,166,38,128
01/09/2021,AM-044    ,55,27.5,597,69,528
01/09/2021,AM-045    ,127,63.5,1293,160,1133
01/09/2021,AM-046    ,96,48,1008,106,902
01/09/2021,AM-047    ,133,66.5,1046,78,968
01/09/2021,AM-048    ,60,30,240,8,232
01/09/2021,AM-049    ,21,10.5,223,14,209
01/09/2021,AM-05     ,878,439,7958,560,7398
01/09/2021,AM-050    ,154,77,1590,160,1430
01/09/2021,AM-051    ,18,9,386,120,266
01/09/2021,AM-053    ,50,25,534,83,451
01/09/2021,AM-055    ,1,0.5,11,0,11
01/09/2021,AM-059    ,26,13,253,3,250
01/09/2021,AM-06     ,908,454,8340,600,7740
01/09/2021,AM-060    ,249,124.5,1147,54,1093
01/09/2021,AM-062    ,22,11,242,22,220
01/09/2021,AM-063    ,23,11.5,229,42,187
01/09/2021,AM-064    ,10,5,110,11,99
01/09/2021,AM-066    ,22,11,242,22,220
01/09/2021,AM-067    ,54,27,531,30,501
01/09/2021,AM-068    ,548,274,3862,638,3224
01/09/2021,AM-069    ,625,312.5,5296,802,4494
01/09/2021,AM-07     ,913,456.5,8267,500,7767
01/09/2021,AM-070    ,532,266,3828,678,3150
01/09/2021,AM-071    ,445,222.5,3641,493,3148
01/09/2021,AM-072    ,594,297,4780,390,4390
01/09/2021,AM-073    ,638,319,4549,303,4246
01/09/2021,AM-074    ,864,432,4584,367,4217
01/09/2021,AM-075    ,806,403,6560,711,5849
01/09/2021,AM-076    ,447,223.5,3184,217,2967
01/09/2021,AM-077    ,422,211,2996,240,2756
01/09/2021,AM-078    ,514,257,4693,553,4140
01/09/2021,AM-079    ,521,260.5,5238,475,4763
01/09/2021,AM-08     ,456,228,9291,1710,7581
01/09/2021,AM-080    ,601,300.5,6018,296,5722
01/09/2021,AM-081    ,1120,560,6094,439,5655
01/09/2021,AM-082    ,1201,600.5,6370,344,6026
01/09/2021,AM-083    ,270,135,3046,584,2462
01/09/2021,AM-084    ,1338,669,7078,369,6709
01/09/2021,AM-085    ,1199,599.5,6320,302,6018
01/09/2021,AM-086    ,765,382.5,4076,594,3482
01/09/2021,AM-087    ,592,296,5123,241,4882
01/09/2021,AM-088    ,270,135,2243,171,2072
01/09/2021,AM-089    ,539,269.5,5343,292,5051
01/09/2021,AM-09     ,494,247,10310,2520,7790
01/09/2021,AM-090    ,935,467.5,4741,252,4489
01/09/2021,AM-091    ,174,87,2135,266,1869
01/09/2021,AM-092    ,90,45,926,80,846
01/09/2021,AM-093    ,36,18,717,90,627
01/09/2021,AM-094    ,60,30,1121,232,889
01/09/2021,AM-095    ,288,144,1610,244,1366
01/09/2021,AM-096    ,233,116.5,3077,803,2274
01/09/2021,AM-097    ,36,18,849,450,399
01/09/2021,AM-098    ,63,31.5,1093,260,833
01/09/2021,AM-099    ,19,9.5,390,120,270
01/09/2021,AM-10     ,400,200,8161,1530,6631
01/09/2021,AM-101    ,357,178.5,3483,83,3400
01/09/2021,AM-102    ,580,290,2485,425,2060
01/09/2021,AM-103    ,1964,982,5944,208,5736
01/09/2021,AM-11     ,528,264,10758,1980,8778
01/09/2021,AM-12     ,546,273,11133,2070,9063
01/09/2021,AM-13     ,502,251,10407,2370,8037
01/09/2021,AM-14     ,487,243.5,9631,1811,7820
01/09/2021,AM-15     ,458,229,9230,1440,7790
01/09/2021,AM-16     ,294,147,6147,1530,4617
01/09/2021,AM-17     ,492,246,9843,1350,8493
01/09/2021,AM-18     ,440,220,8932,1560,7372
01/09/2021,AM-19     ,524,262,10847,2430,8417
01/09/2021,AM-20     ,525,262.5,8941,1346,7595
01/09/2021,AM-21     ,410,205,8439,1770,6669
01/09/2021,AM-22     ,468,234,9838,2580,7258
01/09/2021,AM-23     ,398,199,8090,1440,6650
01/09/2021,AM-24     ,420,210,8344,1348,6996
01/09/2021,AM-25     ,414,207,8779,2490,6289
01/09/2021,AM-26     ,662,331,9360,881,8479
01/09/2021,AM-27     ,636,318,9342,1071,8271
01/09/2021,AM-28     ,684,342,9576,658,8918
01/09/2021,AM-29     ,688,344,9632,700,8932
01/09/2021,AM-30     ,748,374,10446,751,9695
01/09/2021,AM-31     ,716,358,10138,869,9269
01/09/2021,AM-32     ,548,274,8461,746,7715
01/09/2021,AM-33     ,619,309.5,7714,688,7026
01/09/2021,AM-34     ,498,249,4958,714,4244
01/09/2021,AM-35     ,1142,571,4902,741,4161
01/09/2021,AM-36     ,1122,561,4790,794,3996
01/09/2021,AM-37     ,1318,659,5666,998,4668
01/09/2021,AM-38     ,1154,577,5014,926,4088
01/09/2021,AM-39     ,1145,572.5,4947,833,4114
01/09/2021,AM-40     ,869,434.5,3791,595,3196
01/09/2021,AM-41     ,1774,887,7256,392,6864
01/09/2021,AM-42     ,1900,950,7840,480,7360
01/09/2021,AM-43     ,668,334,6702,679,6023
01/09/2021,AM-44     ,976,488,9733,441,9292
01/09/2021,AM-45     ,974,487,9766,535,9231
01/09/2021,AM-46     ,2504,1252,10933,456,10477
01/09/2021,AM-47     ,1896,948,8324,344,7980
01/09/2021,AM-48     ,1859,929.5,7823,366,7457
01/09/2021,AM-49     ,2717,1358.5,8662,242,8420
01/09/2021,AM-50     ,2267,1133.5,7799,34,7765
01/09/2021,AM-51     ,897,448.5,4569,120,4449
01/09/2021,AM-52     ,1239,619.5,5371,48,5323
01/09/2021,AM-53     ,1788,894,6844,126,6718
01/09/2021,AM-54     ,883,441.5,4415,0,4415
01/09/2021,AM-55     ,402,201,1647,6,1641
01/09/2021,AM-56     ,34,17,745,270,475
01/09/2021,AM-57     ,15,7.5,63,11,52
01/09/2021,AM-58     ,19,9.5,87,27,60
01/09/2021,AM-60     ,100,50,408,20,388
01/09/2021,AM-64     ,737,368.5,7701,882,6819
01/09/2021,AM-65     ,671,335.5,6642,695,5947
01/09/2021,AM-66     ,594,297,6182,792,5390
01/09/2021,AM-67     ,552,276,5496,733,4763
01/09/2021,TM-001    ,538,269,8572,60,8512
01/09/2021,TM-002    ,117,58.5,1872,0,1872
01/09/2021,TM-003    ,596,298,9512,88,9424
01/09/2021,TM-004    ,449,224.5,7136,128,7008
01/09/2021,TM-005    ,620,310,9914,10,9904
01/09/2021,TM-008    ,572,286,9116,124,8992
01/09/2021,TM-009    ,544,272,8668,188,8480
01/09/2021,TM-011    ,484,242,7726,62,7664
01/09/2021,TM-012    ,567,283.5,9066,26,9040
01/09/2021,TM-013    ,590,295,9422,62,9360
01/09/2021,TM-015    ,411,205.5,6576,16,6560
01/09/2021,TM-016    ,544,272,8668,92,8576
01/09/2021,TM-017    ,39,19.5,588,108,480
01/09/2021,TM-018    ,495,247.5,7914,10,7904
01/09/2021,TM-019    ,565,282.5,9022,30,8992
01/09/2021,TM-020    ,403,201.5,6430,62,6368
01/09/2021,TM-021    ,107,53.5,1712,0,1712
01/09/2021,TM-022    ,458,229,7286,118,7168
01/09/2021,TM-023    ,4,2,64,0,64
01/09/2021,TM-024    ,520,260,8314,10,8304
01/09/2021,TM-025    ,626,313,9986,162,9824
01/09/2021,TM-026    ,536,268,8576,0,8576
01/09/2021,TM-027    ,551,275.5,8792,56,8736
01/09/2021,TM-028    ,557,278.5,8870,102,8768
01/09/2021,TM-029    ,619,309.5,9868,124,9744
01/09/2021,TM-030    ,568,284,9076,36,9040
01/09/2021,TM-032    ,658,329,10498,114,10384
01/09/2021,TM-033    ,602,301,9626,74,9552
01/09/2021,TM-034    ,560,280,8960,32,8928
01/09/2021,TM-038    ,663,331.5,10554,202,10352
01/09/2021,TM-039    ,627,313.5,10014,94,9920
01/09/2021,TM-040    ,126,63,2010,26,1984
01/09/2021,TM-041    ,510,255,8130,146,7984
01/09/2021,TM-042    ,515,257.5,8216,136,8080
01/09/2021,TM-043    ,340,170,5398,118,5280
01/09/2021,TM-045    ,179,89.5,2834,98,2736
01/09/2021,TM-046    ,475,237.5,7546,138,7408
01/09/2021,TM-047    ,532,266,8482,66,8416
01/09/2021,TM-048    ,451,225.5,7162,106,7056
01/09/2021,TM-049    ,546,273,8706,50,8656
01/09/2021,TM-050    ,528,264,8400,128,8272
01/09/2021,TM-051    ,467,233.5,7376,160,7216
01/09/2021,TM-052    ,515,257.5,8204,76,8128
01/09/2021,TM-053    ,502,251,7990,102,7888
01/09/2021,TM-054    ,527,263.5,8390,70,8320
01/09/2021,TM-055    ,430,215,6826,122,6704
01/09/2021,TM-056    ,48,24,756,20,736
01/09/2021,TM-057    ,49,24.5,784,0,784
01/09/2021,TM-058    ,52,26,820,20,800
01/09/2021,TM-059    ,45,22.5,714,10,704
01/10/2021,AM-01     ,1993,996.5,9869,120,9749
01/10/2021,AM-02     ,1954,977,9593,118,9475
01/10/2021,AM-03     ,694,347,6399,458,5941
01/10/2021,AM-04     ,904,452,8076,536,7540
01/10/2021,AM-05     ,898,449,8116,340,7776
01/10/2021,AM-06     ,807,403.5,7290,270,7020
01/10/2021,AM-068    ,985,492.5,5820,914,4906
01/10/2021,AM-069    ,1011,505.5,5131,749,4382
01/10/2021,AM-07     ,1013,506.5,9005,642,8363
01/10/2021,AM-070    ,1136,568,5538,644,4894
01/10/2021,AM-071    ,1060,530,5396,548,4848
01/10/2021,AM-072    ,1666,833,7946,489,7457
01/10/2021,AM-073    ,1316,658,7040,497,6543
01/10/2021,AM-074    ,1080,540,7556,808,6748
01/10/2021,AM-075    ,966,483,7135,835,6300
01/10/2021,AM-076    ,1199,599.5,7485,514,6971
01/10/2021,AM-077    ,1316,658,7823,620,7203
01/10/2021,AM-078    ,723,361.5,7268,812,6456
01/10/2021,AM-079    ,723,361.5,7076,895,6181
01/10/2021,AM-08     ,617,308.5,10332,1797,8535
01/10/2021,AM-080    ,767,383.5,7398,491,6907
01/10/2021,AM-081    ,906,453,8230,586,7644
01/10/2021,AM-082    ,975,487.5,6766,414,6352
01/10/2021,AM-083    ,667,333.5,5876,279,5597
01/10/2021,AM-084    ,1049,524.5,7371,521,6850
01/10/2021,AM-085    ,1010,505,6557,324,6233
01/10/2021,AM-086    ,891,445.5,6891,447,6444
01/10/2021,AM-087    ,759,379.5,5752,352,5400
01/10/2021,AM-088    ,627,313.5,6087,532,5555
01/10/2021,AM-089    ,554,277,6046,576,5470
01/10/2021,AM-09     ,558,279,11339,2010,9329
01/10/2021,AM-090    ,381,190.5,5109,725,4384
01/10/2021,AM-091    ,372,186,5625,1206,4419
01/10/2021,AM-092    ,238,119,4326,1240,3086
01/10/2021,AM-093    ,250,125,4060,1098,2962
01/10/2021,AM-094    ,203,101.5,3889,1059,2830
01/10/2021,AM-095    ,251,125.5,3472,849,2623
01/10/2021,AM-096    ,264,132,3410,1083,2327
01/10/2021,AM-097    ,198,99,3988,1296,2692
01/10/2021,AM-098    ,82,41,1413,418,995
01/10/2021,AM-099    ,12,6,132,22,110
01/10/2021,AM-10     ,310,155,4188,627,3561
01/10/2021,AM-100    ,18,9,386,120,266
01/10/2021,AM-101    ,18,9,80,16,64
01/10/2021,AM-102    ,127,63.5,531,71,460
01/10/2021,AM-103    ,832,416,2518,88,2430
01/10/2021,AM-11     ,542,271,11200,2460,8740
01/10/2021,AM-12     ,456,228,9489,2250,7239
01/10/2021,AM-13     ,448,224,9172,1800,7372
01/10/2021,AM-14     ,443,221.5,8560,1619,6941
01/10/2021,AM-15     ,332,166,6770,1260,5510
01/10/2021,AM-16     ,326,163,6178,1377,4801
01/10/2021,AM-17     ,454,227,9385,2070,7315
01/10/2021,AM-18     ,514,257,9702,1569,8133
01/10/2021,AM-19     ,496,248,9886,1260,8626
01/10/2021,AM-20     ,358,179,6639,580,6059
01/10/2021,AM-21     ,524,262,10781,2250,8531
01/10/2021,AM-22     ,492,246,9865,1410,8455
01/10/2021,AM-23     ,390,195,8246,2280,5966
01/10/2021,AM-24     ,432,216,8934,1980,6954
01/10/2021,AM-25     ,470,235,9017,1070,7947
01/10/2021,AM-26     ,730,365,10222,674,9548
01/10/2021,AM-27     ,654,327,9170,966,8204
01/10/2021,AM-28     ,690,345,9670,766,8904
01/10/2021,AM-29     ,680,340,9522,688,8834
01/10/2021,AM-30     ,652,326,9009,570,8439
01/10/2021,AM-31     ,710,355,9940,770,9170
01/10/2021,AM-32     ,580,290,8211,688,7523
01/10/2021,AM-33     ,454,227,4920,393,4527
01/10/2021,AM-34     ,423,211.5,4088,410,3678
01/10/2021,AM-35     ,1345,672.5,5923,1231,4692
01/10/2021,AM-36     ,1213,606.5,5232,1000,4232
01/10/2021,AM-37     ,1025,512.5,4329,653,3676
01/10/2021,AM-38     ,1179,589.5,5033,829,4204
01/10/2021,AM-39     ,1160,580,5253,847,4406
01/10/2021,AM-40     ,828,414,3990,638,3352
01/10/2021,AM-41     ,1662,831,6885,299,6586
01/10/2021,AM-42     ,1888,944,7576,268,7308
01/10/2021,AM-43     ,517,258.5,3709,324,3385
01/10/2021,AM-44     ,844,422,8397,213,8184
01/10/2021,AM-45     ,718,359,7190,210,6980
01/10/2021,AM-46     ,2038,1019,8152,200,7952
01/10/2021,AM-47     ,1826,913,7516,448,7068
01/10/2021,AM-48     ,1856,928,7556,376,7180
01/10/2021,AM-49     ,1814,907,6807,234,6573
01/10/2021,AM-50     ,2014,1007,7160,84,7076
01/10/2021,AM-51     ,1966,983,6920,84,6836
01/10/2021,AM-52     ,1413,706.5,5595,12,5583
01/10/2021,AM-53     ,1275,637.5,4464,114,4350
01/10/2021,AM-54     ,892,446,4460,0,4460
01/10/2021,AM-55     ,1018,509,4050,24,4026
01/10/2021,AM-56     ,30,15,603,90,513
01/10/2021,AM-59     ,4,2,87,30,57
01/10/2021,AM-60     ,1,0.5,4,0,4
01/10/2021,AM-63     ,8,4,36,8,28
01/10/2021,AM-64     ,691,345.5,6969,743,6226
01/10/2021,AM-65     ,723,361.5,7257,888,6369
01/10/2021,AM-66     ,694,347,7170,966,6204
01/10/2021,AM-67     ,451,225.5,4537,577,3960
01/10/2021,TM-001    ,592,296,9412,100,9312
01/10/2021,TM-002    ,1,0.5,16,0,16
01/10/2021,TM-003    ,549,274.5,8766,62,8704
01/10/2021,TM-004    ,562,281,8986,10,8976
01/10/2021,TM-005    ,537,268.5,8586,42,8544
01/10/2021,TM-007    ,376,188,6010,10,6000
01/10/2021,TM-008    ,536,268,8570,42,8528
01/10/2021,TM-009    ,127,63.5,2032,0,2032
01/10/2021,TM-010    ,1,0.5,16,0,16
01/10/2021,TM-011    ,577,288.5,9202,82,9120
01/10/2021,TM-012    ,572,286,9110,134,8976
01/10/2021,TM-013    ,598,299,9550,62,9488
01/10/2021,TM-014    ,2,1,32,0,32
01/10/2021,TM-015    ,392,196,6266,26,6240
01/10/2021,TM-016    ,584,292,9332,36,9296
01/10/2021,TM-018    ,568,284,9088,0,9088
01/10/2021,TM-019    ,328,164,5248,0,5248
01/10/2021,TM-021    ,568,284,9076,52,9024
01/10/2021,TM-022    ,546,273,8724,20,8704
01/10/2021,TM-024    ,490,245,7822,30,7792
01/10/2021,TM-025    ,218,109,3488,0,3488
01/10/2021,TM-026    ,567,283.5,9006,110,8896
01/10/2021,TM-027    ,540,270,8634,10,8624
01/10/2021,TM-028    ,552,276,8820,52,8768
01/10/2021,TM-029    ,573,286.5,9156,20,9136
01/10/2021,TM-030    ,622,311,9946,26,9920
01/10/2021,TM-032    ,565,282.5,9040,16,9024
01/10/2021,TM-033    ,423,211.5,6768,0,6768
01/10/2021,TM-034    ,522,261,8352,0,8352
01/10/2021,TM-035    ,18,9,282,10,272
01/10/2021,TM-036    ,42,21,672,0,672
01/10/2021,TM-038    ,336,168,5358,46,5312
01/10/2021,TM-039    ,600,300,9570,82,9488
01/10/2021,TM-041    ,621,310.5,9912,72,9840
01/10/2021,TM-042    ,244,122,3892,52,3840
01/10/2021,TM-043    ,201,100.5,3198,78,3120
01/10/2021,TM-045    ,356,178,5666,82,5584
01/10/2021,TM-046    ,452,226,7184,240,6944
01/10/2021,TM-047    ,482,241,7682,114,7568
01/10/2021,TM-048    ,490,245,7768,216,7552
01/10/2021,TM-049    ,471,235.5,7512,136,7376
01/10/2021,TM-050    ,477,238.5,7560,200,7360
01/10/2021,TM-051    ,474,237,7530,106,7424
01/10/2021,TM-052    ,560,280,8894,254,8640
01/10/2021,TM-053    ,495,247.5,7848,216,7632
01/10/2021,TM-054    ,491,245.5,7790,190,7600
01/10/2021,TM-055    ,517,258.5,8242,50,8192
01/10/2021,TM-056    ,453,226.5,7170,162,7008
01/10/2021,TM-057    ,543,271.5,8610,242,8368
01/10/2021,TM-058    ,536,268,8522,202,8320
01/10/2021,TM-059    ,482,241,7634,162,7472
01/11/2021,AM-01     ,1938,969,9510,120,9390
01/11/2021,AM-02     ,1942,971,9536,116,9420
01/11/2021,AM-03     ,796,398,7376,348,7028
01/11/2021,AM-04     ,804,402,7283,470,6813
01/11/2021,AM-041    ,60,30,248,16,232
01/11/2021,AM-05     ,872,436,8033,570,7463
01/11/2021,AM-056    ,10,5,201,30,171
01/11/2021,AM-06     ,904,452,8416,688,7728
01/11/2021,AM-067    ,19,9.5,79,11,68
01/11/2021,AM-068    ,702,351,3426,524,2902
01/11/2021,AM-069    ,651,325.5,3185,503,2682
01/11/2021,AM-07     ,828,414,7483,310,7173
01/11/2021,AM-070    ,796,398,3962,581,3381
01/11/2021,AM-071    ,1024,512,5788,886,4902
01/11/2021,AM-072    ,1646,823,7446,526,6920
01/11/2021,AM-073    ,1364,682,7000,406,6594
01/11/2021,AM-074    ,975,487.5,6524,655,5869
01/11/2021,AM-075    ,1077,538.5,6746,713,6033
01/11/2021,AM-076    ,1252,626,6893,344,6549
01/11/2021,AM-077    ,1242,621,7651,692,6959
01/11/2021,AM-078    ,802,401,7597,1018,6579
01/11/2021,AM-079    ,756,378,7252,973,6279
01/11/2021,AM-08     ,508,254,9483,1947,7536
01/11/2021,AM-080    ,718,359,7016,693,6323
01/11/2021,AM-081    ,733,366.5,6844,687,6157
01/11/2021,AM-082    ,906,453,6844,483,6361
01/11/2021,AM-083    ,751,375.5,6687,412,6275
01/11/2021,AM-084    ,851,425.5,6868,407,6461
01/11/2021,AM-085    ,833,416.5,6332,259,6073
01/11/2021,AM-086    ,784,392,6778,306,6472
01/11/2021,AM-087    ,646,323,5918,211,5707
01/11/2021,AM-088    ,733,366.5,5990,228,5762
01/11/2021,AM-089    ,591,295.5,5171,514,4657
01/11/2021,AM-09     ,514,257,10745,2670,8075
01/11/2021,AM-090    ,351,175.5,4573,821,3752
01/11/2021,AM-091    ,351,175.5,4859,1122,3737
01/11/2021,AM-092    ,217,108.5,3624,969,2655
01/11/2021,AM-093    ,191,95.5,3663,980,2683
01/11/2021,AM-094    ,260,130,3980,1356,2624
01/11/2021,AM-095    ,205,102.5,3148,1015,2133
01/11/2021,AM-096    ,98,49,2159,810,1349
01/11/2021,AM-097    ,179,89.5,2013,585,1428
01/11/2021,AM-098    ,22,11,440,60,380
01/11/2021,AM-099    ,32,16,524,148,376
01/11/2021,AM-10     ,438,219,7728,1480,6248
01/11/2021,AM-100    ,74,37,386,8,378
01/11/2021,AM-101    ,4,2,87,30,57
01/11/2021,AM-102    ,145,72.5,828,105,723
01/11/2021,AM-103    ,836,418,2530,88,2442
01/11/2021,AM-11     ,476,238,9616,1560,8056
01/11/2021,AM-12     ,544,272,10952,2008,8944
01/11/2021,AM-13     ,534,267,10971,2250,8721
01/11/2021,AM-14     ,223,111.5,3920,860,3060
01/11/2021,AM-15     ,437,218.5,7848,1153,6695
01/11/2021,AM-16     ,448,224,7479,941,6538
01/11/2021,AM-17     ,541,270.5,10847,2227,8620
01/11/2021,AM-18     ,440,220,9119,2250,6869
01/11/2021,AM-19     ,431,215.5,8592,1777,6815
01/11/2021,AM-20     ,421,210.5,7537,690,6847
01/11/2021,AM-21     ,448,224,8058,1121,6937
01/11/2021,AM-22     ,474,237,9655,1770,7885
01/11/2021,AM-23     ,447,223.5,7790,1406,6384
01/11/2021,AM-24     ,546,273,10836,1440,9396
01/11/2021,AM-25     ,437,218.5,8789,2433,6356
01/11/2021,AM-26     ,684,342,9576,644,8932
01/11/2021,AM-27     ,736,368,10304,644,9660
01/11/2021,AM-28     ,672,336,9408,728,8680
01/11/2021,AM-29     ,720,360,10091,837,9254
01/11/2021,AM-30     ,601,300.5,8333,779,7554
01/11/2021,AM-31     ,688,344,9697,749,8948
01/11/2021,AM-32     ,690,345,9542,781,8761
01/11/2021,AM-33     ,384,192,5314,578,4736
01/11/2021,AM-34     ,583,291.5,5476,638,4838
01/11/2021,AM-35     ,1013,506.5,5285,1014,4271
01/11/2021,AM-36     ,1056,528,4793,756,4037
01/11/2021,AM-37     ,1355,677.5,6269,1201,5068
01/11/2021,AM-38     ,1127,563.5,4862,770,4092
01/11/2021,AM-39     ,1106,553,5016,719,4297
01/11/2021,AM-40     ,1148,574,4856,768,4088
01/11/2021,AM-41     ,1664,832,6756,320,6436
01/11/2021,AM-42     ,1596,798,6580,400,6180
01/11/2021,AM-43     ,575,287.5,3538,306,3232
01/11/2021,AM-44     ,944,472,9288,234,9054
01/11/2021,AM-45     ,829,414.5,8599,408,8191
01/11/2021,AM-46     ,2138,1069,8552,208,8344
01/11/2021,AM-47     ,1808,904,7248,248,7000
01/11/2021,AM-48     ,1804,902,7328,344,6984
01/11/2021,AM-49     ,1658,829,6008,84,5924
01/11/2021,AM-50     ,1909,954.5,6635,84,6551
01/11/2021,AM-51     ,1662,831,6222,72,6150
01/11/2021,AM-52     ,1774,887,6384,84,6300
01/11/2021,AM-53     ,1583,791.5,6027,24,6003
01/11/2021,AM-54     ,866,433,4330,0,4330
01/11/2021,AM-55     ,626,313,2318,12,2306
01/11/2021,AM-56     ,12,6,117,7,110
01/11/2021,AM-58     ,14,7,137,7,130
01/11/2021,AM-64     ,588,294,6084,760,5324
01/11/2021,AM-65     ,688,344,7088,840,6248
01/11/2021,AM-66     ,546,273,5516,608,4908
01/11/2021,AM-67     ,562,281,5638,677,4961
01/11/2021,TM-001    ,511,255.5,8176,0,8176
01/11/2021,TM-003    ,513,256.5,8208,0,8208
01/11/2021,TM-004    ,500,250,7982,30,7952
01/11/2021,TM-005    ,310,155,4954,10,4944
01/11/2021,TM-006    ,362,181,5780,36,5744
01/11/2021,TM-007    ,545,272.5,8714,10,8704
01/11/2021,TM-008    ,520,260,8308,36,8272
01/11/2021,TM-010    ,573,286.5,9156,52,9104
01/11/2021,TM-011    ,534,267,8520,40,8480
01/11/2021,TM-012    ,299,149.5,4784,16,4768
01/11/2021,TM-013    ,506,253,8096,0,8096
01/11/2021,TM-015    ,559,279.5,8944,0,8944
01/11/2021,TM-016    ,494,247,7904,0,7904
01/11/2021,TM-018    ,526,263,8404,20,8384
01/11/2021,TM-019    ,187,93.5,2992,0,2992
01/11/2021,TM-021    ,567,283.5,9036,60,8976
01/11/2021,TM-022    ,518,259,8234,106,8128
01/11/2021,TM-024    ,536,268,8558,30,8528
01/11/2021,TM-026    ,520,260,8314,10,8304
01/11/2021,TM-027    ,526,263,8416,0,8416
01/11/2021,TM-028    ,205,102.5,3280,0,3280
01/11/2021,TM-029    ,465,232.5,7434,26,7408
01/11/2021,TM-030    ,267,133.5,4272,0,4272
01/11/2021,TM-032    ,453,226.5,7242,26,7216
01/11/2021,TM-033    ,466,233,7426,66,7360
01/11/2021,TM-034    ,506,253,8096,0,8096
01/11/2021,TM-035    ,501,250.5,7992,56,7936
01/11/2021,TM-036    ,355,177.5,5650,66,5584
01/11/2021,TM-039    ,513,256.5,8202,10,8192
01/11/2021,TM-040    ,522,261,8346,10,8336
01/11/2021,TM-041    ,183,91.5,2928,0,2928
01/11/2021,TM-042    ,177,88.5,2814,78,2736
01/11/2021,TM-043    ,452,226,7202,82,7120
01/11/2021,TM-044    ,166,83,2650,26,2624
01/11/2021,TM-045    ,493,246.5,7870,62,7808
01/11/2021,TM-046    ,496,248,7870,206,7664
01/11/2021,TM-047    ,471,235.5,7464,216,7248
01/11/2021,TM-048    ,296,148,4670,174,4496
01/11/2021,TM-049    ,515,257.5,8150,278,7872
01/11/2021,TM-050    ,464,232,7382,150,7232
01/11/2021,TM-051    ,489,244.5,7770,186,7584
01/11/2021,TM-052    ,404,202,6386,274,6112
01/11/2021,TM-053    ,521,260.5,8276,228,8048
01/11/2021,TM-054    ,508,254,8044,204,7840
01/11/2021,TM-055    ,379,189.5,6040,88,5952
01/11/2021,TM-056    ,467,233.5,7394,242,7152
01/11/2021,TM-057    ,556,278,8830,206,8624
01/11/2021,TM-058    ,534,267,8484,196,8288
01/11/2021,TM-059    ,515,257.5,8162,242,7920
01/12/2021,AM-01     ,1781,890.5,8743,108,8635
01/12/2021,AM-02     ,1930,965,9476,116,9360
01/12/2021,AM-03     ,852,426,7575,538,7037
01/12/2021,AM-04     ,877,438.5,7930,370,7560
01/12/2021,AM-05     ,652,326,5900,237,5663
01/12/2021,AM-06     ,841,420.5,7899,498,7401
01/12/2021,AM-068    ,763,381.5,3601,593,3008
01/12/2021,AM-069    ,773,386.5,3485,625,2860
01/12/2021,AM-07     ,882,441,7993,550,7443
01/12/2021,AM-070    ,811,405.5,3829,674,3155
01/12/2021,AM-071    ,967,483.5,5053,793,4260
01/12/2021,AM-072    ,1649,824.5,7257,660,6597
01/12/2021,AM-073    ,1644,822,7272,412,6860
01/12/2021,AM-074    ,1226,613,6885,481,6404
01/12/2021,AM-075    ,1147,573.5,6218,421,5797
01/12/2021,AM-076    ,1570,785,7656,401,7255
01/12/2021,AM-077    ,1851,925.5,8061,470,7591
01/12/2021,AM-078    ,946,473,7391,883,6508
01/12/2021,AM-079    ,737,368.5,7879,1376,6503
01/12/2021,AM-08     ,475,237.5,7467.7,1323.4,6144.3
01/12/2021,AM-080    ,727,363.5,7610,997,6613
01/12/2021,AM-081    ,766,383,7982,849,7133
01/12/2021,AM-082    ,779,389.5,7148,620,6528
01/12/2021,AM-083    ,702,351,7222,501,6721
01/12/2021,AM-084    ,788,394,7382,528,6854
01/12/2021,AM-085    ,785,392.5,7230,363,6867
01/12/2021,AM-086    ,929,464.5,8011,395,7616
01/12/2021,AM-087    ,756,378,7042,215,6827
01/12/2021,AM-088    ,738,369,7238,414,6824
01/12/2021,AM-089    ,795,397.5,7022,405,6617
01/12/2021,AM-09     ,507,253.5,9579,1531,8048
01/12/2021,AM-090    ,640,320,6424,741,5683
01/12/2021,AM-091    ,485,242.5,5315,574,4741
01/12/2021,AM-092    ,376,188,5581,824,4757
01/12/2021,AM-093    ,322,161,4868,852,4016
01/12/2021,AM-094    ,324,162,4848,888,3960
01/12/2021,AM-095    ,285,142.5,5256,1405,3851
01/12/2021,AM-096    ,226,113,4943,1770,3173
01/12/2021,AM-097    ,239,119.5,4619,1310,3309
01/12/2021,AM-098    ,217,108.5,4187,1300,2887
01/12/2021,AM-099    ,206,103,3388,1096,2292
01/12/2021,AM-10     ,588,294,8557,1401,7156
01/12/2021,AM-100    ,94,47,1918,688,1230
01/12/2021,AM-101    ,92,46,1057,205,852
01/12/2021,AM-102    ,126,63,1149,336,813
01/12/2021,AM-103    ,502,251,2027,134,1893
01/12/2021,AM-11     ,521,260.5,10506,2411,8095
01/12/2021,AM-12     ,536,268,10987,2190,8797
01/12/2021,AM-13     ,460,230,9411,1830,7581
01/12/2021,AM-14     ,274,137,5637,1544,4093
01/12/2021,AM-15     ,447,223.5,7590,951,6639
01/12/2021,AM-16     ,320,160,5566,716,4850
01/12/2021,AM-17     ,500,250,9984,1320,8664
01/12/2021,AM-18     ,509,254.5,9946,1266,8680
01/12/2021,AM-19     ,388,194,7944,1560,6384
01/12/2021,AM-20     ,384,192,7039,684,6355
01/12/2021,AM-21     ,572,286,11253,2544,8709
01/12/2021,AM-22     ,512,256,10544,2560,7984
01/12/2021,AM-23     ,374,187,7409,1982,5427
01/12/2021,AM-24     ,526,263,10186,1748,8438
01/12/2021,AM-25     ,362,181,7439,1530,5909
01/12/2021,AM-26     ,722,361,10208.61,981.4,9227.21
01/12/2021,AM-27     ,654,327,8829,590,8239
01/12/2021,AM-28     ,712,356,9974,790,9184
01/12/2021,AM-29     ,704,352,9856,714,9142
01/12/2021,AM-30     ,614,307,8596,574,8022
01/12/2021,AM-31     ,680,340,9529,737,8792
01/12/2021,AM-32     ,630,315,8820,742,8078
01/12/2021,AM-33     ,414,207,4840.8,378.4,4462.4
01/12/2021,AM-34     ,159,79.5,1454,107,1347
01/12/2021,AM-35     ,940,470,4133,814,3319
01/12/2021,AM-36     ,994,497,4200,648,3552
01/12/2021,AM-37     ,1139,569.5,4821,765,4056
01/12/2021,AM-38     ,1047,523.5,4477,693,3784
01/12/2021,AM-39     ,981,490.5,4261,749,3512
01/12/2021,AM-40     ,1222,611,5369,962,4407
01/12/2021,AM-41     ,1824,912,7328,264,7064
01/12/2021,AM-42     ,1772,886,7112,256,6856
01/12/2021,AM-43     ,240,120,2113,234,1879
01/12/2021,AM-44     ,860,430,7893,183,7710
01/12/2021,AM-45     ,728,364,7039,243,6796
01/12/2021,AM-46     ,2247,1123.5,8961.6,220,8741.6
01/12/2021,AM-47     ,1798,899,7384,424,6960
01/12/2021,AM-48     ,1900,950,7808,452,7356
01/12/2021,AM-49     ,1686,843,6348,60,6288
01/12/2021,AM-50     ,1552,776,5902,84,5818
01/12/2021,AM-51     ,2000,1000,7090,84,7006
01/12/2021,AM-52     ,1918,959,6844,84,6760
01/12/2021,AM-53     ,1720,860,6267,54,6213
01/12/2021,AM-54     ,893,446.5,4465,0,4465
01/12/2021,AM-55     ,645,322.5,2260,6,2254
01/12/2021,AM-60     ,1,0.5,30,30,0
01/12/2021,AM-61     ,30,15,272,20,252
01/12/2021,AM-62     ,34,17,142,22,120
01/12/2021,AM-63     ,14,7,277,30,247
01/12/2021,AM-64     ,696,348,7064,772,6292
01/12/2021,AM-65     ,696,348,6952,847,6105
01/12/2021,AM-66     ,627,313.5,6441,798,5643
01/12/2021,AM-67     ,648,324,6664,845,5819
01/12/2021,TM-0001   ,1,0.5,16,0,16
01/12/2021,TM-001    ,562,281,8992,0,8992
01/12/2021,TM-002    ,68,34,1088,0,1088
01/12/2021,TM-003    ,362,181,5786,10,5776
01/12/2021,TM-004    ,537,268.5,8592,0,8592
01/12/2021,TM-005    ,555,277.5,8874,26,8848
01/12/2021,TM-006    ,534,267,8544,0,8544
01/12/2021,TM-007    ,536,268,8576,0,8576
01/12/2021,TM-008    ,551,275.5,8816,0,8816
01/12/2021,TM-010    ,611,305.5,9770,26,9744
01/12/2021,TM-011    ,507,253.5,8112,0,8112
01/12/2021,TM-012    ,299,149.5,4766,78,4688
01/12/2021,TM-013    ,617,308.5,9860,20,9840
01/12/2021,TM-014    ,506,253,8096,0,8096
01/12/2021,TM-015    ,557,278.5,8894,78,8816
01/12/2021,TM-016    ,604,302,9610,106,9504
01/12/2021,TM-018    ,616,308,9814,70,9744
01/12/2021,TM-019    ,310,155,4942,46,4896
01/12/2021,TM-020    ,183,91.5,2904,40,2864
01/12/2021,TM-021    ,588,294,9390,30,9360
01/12/2021,TM-022    ,589,294.5,9406,78,9328
01/12/2021,TM-024    ,402,201,6420,20,6400
01/12/2021,TM-026    ,581,290.5,9290,10,9280
01/12/2021,TM-027    ,525,262.5,8400,0,8400
01/12/2021,TM-029    ,582,291,9294,30,9264
01/12/2021,TM-030    ,2,1,32,16,16
01/12/2021,TM-033    ,11,5.5,176,0,176
01/12/2021,TM-034    ,457,228.5,7294,46,7248
01/12/2021,TM-035    ,535,267.5,8554,10,8544
01/12/2021,TM-036    ,509,254.5,8144,0,8144
01/12/2021,TM-039    ,629,314.5,10064,0,10064
01/12/2021,TM-040    ,573,286.5,9162,26,9136
01/12/2021,TM-042    ,385,192.5,6148,20,6128
01/12/2021,TM-043    ,487,243.5,7744,128,7616
01/12/2021,TM-044    ,289,144.5,4594,82,4512
01/12/2021,TM-045    ,391,195.5,6226,98,6128
01/12/2021,TM-046    ,529,264.5,8398,334,8064
01/12/2021,TM-047    ,562,281,8896,272,8624
01/12/2021,TM-048    ,515,257.5,8192,144,8048
01/12/2021,TM-049    ,503,251.5,7958,262,7696
01/12/2021,TM-050    ,476,238,7574,166,7408
01/12/2021,TM-051    ,472,236,7456,288,7168
01/12/2021,TM-052    ,516,258,8178,194,7984
01/12/2021,TM-053    ,487,243.5,7720,280,7440
01/12/2021,TM-054    ,549,274.5,8730,90,8640
01/12/2021,TM-055    ,258,129,4074,202,3872
01/12/2021,TM-056    ,514,257,8164,180,7984
01/12/2021,TM-057    ,575,287.5,9140,228,8912
01/12/2021,TM-058    ,572,286,9098,138,8960
01/12/2021,TM-059    ,565,282.5,8950,166,8784
01/12/2021,TM-060    ,1,0.5,16,0,16
01/01/2022,AM-001    ,1,0.5,11,0,11
01/01/2022,AM-01     ,1994,997,9790,120,9670
01/01/2022,AM-02     ,1938,969,9516,116,9400
01/01/2022,AM-03     ,628,314,6032,360,5672
01/01/2022,AM-04     ,696,348,6419,470,5949
01/01/2022,AM-05     ,896,448,8122,580,7542
01/01/2022,AM-06     ,891,445.5,7977,411,7566
01/01/2022,AM-068    ,784,392,3460,548,2912
01/01/2022,AM-069    ,853,426.5,3879,785,3094
01/01/2022,AM-07     ,798,399,7095,324,6771
01/01/2022,AM-070    ,720,360,3430,562,2868
01/01/2022,AM-071    ,966,483,4326,628,3698
01/01/2022,AM-072    ,1409,704.5,6620,746,5874
01/01/2022,AM-073    ,1434,717,6506,448,6058
01/01/2022,AM-074    ,1226,613,6270,358,5912
01/01/2022,AM-075    ,1337,668.5,6770,367,6403
01/01/2022,AM-076    ,1420,710,6989,329,6660
01/01/2022,AM-077    ,1660,830,7051,298,6753
01/01/2022,AM-078    ,1505,752.5,7124,495,6629
01/01/2022,AM-079    ,1069,534.5,8037,1097,6940
01/01/2022,AM-08     ,553,276.5,7805,1467,6338
01/01/2022,AM-080    ,820,410,7030,1093,5937
01/01/2022,AM-081    ,762,381,7056,777,6279
01/01/2022,AM-082    ,770,385,7116,820,6296
01/01/2022,AM-083    ,696,348,6746,690,6056
01/01/2022,AM-084    ,741,370.5,6852,547,6305
01/01/2022,AM-085    ,797,398.5,7654,528,7126
01/01/2022,AM-086    ,857,428.5,7449,484,6965
01/01/2022,AM-087    ,833,416.5,7986,311,7675
01/01/2022,AM-088    ,760,380,7696,326,7370
01/01/2022,AM-089    ,704,352,7326,375,6951
01/01/2022,AM-09     ,414,207,7344,1428,5916
01/01/2022,AM-090    ,690,345,7420,427,6993
01/01/2022,AM-091    ,675,337.5,7429,517,6912
01/01/2022,AM-092    ,442,221,5537,554,4983
01/01/2022,AM-093    ,526,263,7128,668,6460
01/01/2022,AM-094    ,512,256,6889,1163,5726
01/01/2022,AM-095    ,326,163,4666,928,3738
01/01/2022,AM-096    ,347,173.5,5313,950,4363
01/01/2022,AM-097    ,321,160.5,5879,1392,4487
01/01/2022,AM-098    ,264,132,5385,1778,3607
01/01/2022,AM-099    ,248,124,5048,1688,3360
01/01/2022,AM-10     ,453,226.5,6623,943,5680
01/01/2022,AM-100    ,204,102,3965,1130,2835
01/01/2022,AM-101    ,230,115,4340,1196,3144
01/01/2022,AM-102    ,262,131,3778,988,2790
01/01/2022,AM-103    ,490,245,3294,688,2606
01/01/2022,AM-11     ,480,240,9769,1770,7999
01/01/2022,AM-12     ,388,194,7917,1747,6170
01/01/2022,AM-13     ,526,263,10753,2070,8683
01/01/2022,AM-14     ,189,94.5,2703,438,2265
01/01/2022,AM-15     ,338,169,6796,1020,5776
01/01/2022,AM-16     ,356,178,6076,890,5186
01/01/2022,AM-17     ,500,250,10369,2370,7999
01/01/2022,AM-18     ,470,235,9068,1532,7536
01/01/2022,AM-19     ,524,262,9857,1372,8485
01/01/2022,AM-20     ,359,179.5,6979,723,6256
01/01/2022,AM-21     ,522,261,10567,1770,8797
01/01/2022,AM-22     ,496,248,9930,1380,8550
01/01/2022,AM-23     ,340,170,7010,1500,5510
01/01/2022,AM-24     ,486,243,10092,2340,7752
01/01/2022,AM-25     ,462,231,8971,2340,6631
01/01/2022,AM-26     ,668,334,9467,794,8673
01/01/2022,AM-27     ,648,324,9083,809,8274
01/01/2022,AM-28     ,764,382,10713,791,9922
01/01/2022,AM-29     ,578,289,8234,814,7420
01/01/2022,AM-30     ,438,219,6132,448,5684
01/01/2022,AM-31     ,660,330,9240,658,8582
01/01/2022,AM-32     ,606,303,8484,686,7798
01/01/2022,AM-33     ,428,214,5114,332,4782
01/01/2022,AM-35     ,736,368,3301,522,2779
01/01/2022,AM-36     ,973,486.5,4549,673,3876
01/01/2022,AM-37     ,1345,672.5,5865.72,1152.1,4713.62
01/01/2022,AM-38     ,922,461,3926,646,3280
01/01/2022,AM-39     ,853,426.5,3717,525,3192
01/01/2022,AM-40     ,1137,568.5,4867,783,4084
01/01/2022,AM-41     ,1912,956,7720,320,7400
01/01/2022,AM-42     ,1836,918,7520,412,7108
01/01/2022,AM-44     ,892,446,8603,221,8382
01/01/2022,AM-45     ,509,254.5,4787,322,4465
01/01/2022,AM-46     ,1869,934.5,7476,184,7292
01/01/2022,AM-47     ,1826,913,7468,396,7072
01/01/2022,AM-48     ,1672,836,6752,276,6476
01/01/2022,AM-49     ,1506,753,5868,36,5832
01/01/2022,AM-50     ,1886,943,6750,120,6630
01/01/2022,AM-51     ,1580,790,5543,54,5489
01/01/2022,AM-52     ,1686,843,6350,48,6302
01/01/2022,AM-53     ,1918,959,6680,84,6596
01/01/2022,AM-54     ,902,451,4510,0,4510
01/01/2022,AM-55     ,920,460,3411,30,3381
01/01/2022,AM-56     ,11,5.5,113,3,110
01/01/2022,AM-58     ,22,11,308,28,280
01/01/2022,AM-62     ,44,22,192,32,160
01/01/2022,AM-64     ,678,339,6930,858,6072
01/01/2022,AM-65     ,715,357.5,7137,1032,6105
01/01/2022,AM-66     ,511,255.5,5429,512,4917
01/01/2022,AM-67     ,705,352.5,7095,847,6248
01/01/2022,TM-001    ,491,245.5,7850,26,7824
01/01/2022,TM-002    ,481,240.5,7684,20,7664
01/01/2022,TM-003    ,145,72.5,2320,0,2320
01/01/2022,TM-004    ,601,300.5,9568,96,9472
01/01/2022,TM-005    ,490,245,7834,42,7792
01/01/2022,TM-006    ,576,288,9198,62,9136
01/01/2022,TM-007    ,390,195,6228,52,6176
01/01/2022,TM-008    ,522,261,8352,0,8352
01/01/2022,TM-009    ,331,165.5,5284,36,5248
01/01/2022,TM-010    ,563,281.5,9002,42,8960
01/01/2022,TM-011    ,491,245.5,7822.8,30.8,7792
01/01/2022,TM-012    ,522,261,8346,26,8320
01/01/2022,TM-013    ,593,296.5,9488,0,9488
01/01/2022,TM-014    ,612,306,9774,46,9728
01/01/2022,TM-015    ,55,27.5,880,0,880
01/01/2022,TM-016    ,554,277,8864,0,8864
01/01/2022,TM-018    ,603,301.5,9636,36,9600
01/01/2022,TM-019    ,557,278.5,8876,60,8816
01/01/2022,TM-020    ,495,247.5,7866,106,7760
01/01/2022,TM-021    ,477,238.5,7632,0,7632
01/01/2022,TM-022    ,555,277.5,8868,20,8848
01/01/2022,TM-023    ,268,134,4282,26,4256
01/01/2022,TM-025    ,4,2,64,0,64
01/01/2022,TM-026    ,332,166,5312,0,5312
01/01/2022,TM-027    ,448,224,7138,50,7088
01/01/2022,TM-029    ,546,273,8730,10,8720
01/01/2022,TM-031    ,242,121,3860,36,3824
01/01/2022,TM-034    ,606,303,9660,76,9584
01/01/2022,TM-035    ,576,288,9210,10,9200
01/01/2022,TM-036    ,527,263.5,8432,0,8432
01/01/2022,TM-037    ,61,30.5,976,0,976
01/01/2022,TM-039    ,598,299,9562,10,9552
01/01/2022,TM-040    ,563,281.5,9002,10,8992
01/01/2022,TM-043    ,406,203,6454,70,6384
01/01/2022,TM-044    ,239,119.5,3794,82,3712
01/01/2022,TM-045    ,331,165.5,5248,112,5136
01/01/2022,TM-046    ,495,247.5,7848,232,7616
01/01/2022,TM-047    ,501,250.5,7950,190,7760
01/01/2022,TM-048    ,455,227.5,7238,134,7104
01/01/2022,TM-049    ,505,252.5,8014,206,7808
01/01/2022,TM-050    ,480,240,7620,228,7392
01/01/2022,TM-051    ,520,260,8248,280,7968
01/01/2022,TM-052    ,529,264.5,8398,238,8160
01/01/2022,TM-053    ,515,257.5,8168,216,7952
01/01/2022,TM-054    ,472,236,7510,150,7360
01/01/2022,TM-055    ,461,230.5,7280,320,6960
01/01/2022,TM-056    ,510,255,8118,118,8000
01/01/2022,TM-057    ,466,233,7396,180,7216
01/01/2022,TM-058    ,470,235,7490,114,7376
01/01/2022,TM-059    ,177,88.5,2808,56,2752
01/01/2022,TM-060    ,23,11.5,368,0,368
01/02/2022,AM-01     ,1718,859,8431,106,8325
01/02/2022,AM-02     ,1353,676.5,6656,82,6574
01/02/2022,AM-03     ,852,426,7469,445,7024
01/02/2022,AM-04     ,756,378,6916,383,6533
01/02/2022,AM-05     ,697,348.5,6106,297,5809
01/02/2022,AM-06     ,739,369.5,6808,530,6278
01/02/2022,AM-068    ,816,408,4211,669,3542
01/02/2022,AM-069    ,896,448,4060,995,3065
01/02/2022,AM-07     ,770,385,6989.7,499.2,6490.5
01/02/2022,AM-070    ,826,413,3704,795,2909
01/02/2022,AM-071    ,935,467.5,4237,532,3705
01/02/2022,AM-072    ,1618,809,6680,474,6206
01/02/2022,AM-073    ,1150,575,6410,611,5799
01/02/2022,AM-074    ,845,422.5,6142,701,5441
01/02/2022,AM-075    ,823,411.5,5783,569,5214
01/02/2022,AM-076    ,1011,505.5,6520,548,5972
01/02/2022,AM-077    ,1169,584.5,7201,580,6621
01/02/2022,AM-078    ,860,430,6533,656,5877
01/02/2022,AM-079    ,622,311,6738,1015,5723
01/02/2022,AM-08     ,455,227.5,7442,1092,6350
01/02/2022,AM-080    ,626,313,6457,878,5579
01/02/2022,AM-081    ,607,303.5,6314,443,5871
01/02/2022,AM-082    ,782,391,6517,473,6044
01/02/2022,AM-083    ,634,317,6066,371,5695
01/02/2022,AM-084    ,758,379,6553,301,6252
01/02/2022,AM-085    ,817,408.5,6502,284,6218
01/02/2022,AM-086    ,846,423,6602,396,6206
01/02/2022,AM-087    ,779,389.5,6528,288,6240
01/02/2022,AM-088    ,995,497.5,7364,428,6936
01/02/2022,AM-089    ,848,424,5882,361,5521
01/02/2022,AM-09     ,450,225,9177,1710,7467
01/02/2022,AM-090    ,847,423.5,5793,357,5436
01/02/2022,AM-091    ,687,343.5,5233,388,4845
01/02/2022,AM-092    ,603,301.5,6278,900,5378
01/02/2022,AM-093    ,457,228.5,5499,1089,4410
01/02/2022,AM-094    ,355,177.5,5397,1104,4293
01/02/2022,AM-095    ,356,178,5939,1584,4355
01/02/2022,AM-096    ,264,132,4986,1656,3330
01/02/2022,AM-097    ,282,141,4696,1162,3534
01/02/2022,AM-098    ,232,116,4433,1352,3081
01/02/2022,AM-099    ,212,106,4041,1340,2701
01/02/2022,AM-10     ,523,261.5,4368,454,3914
01/02/2022,AM-100    ,222,111,3008,812,2196
01/02/2022,AM-101    ,136,68,2272,400,1872
01/02/2022,AM-102    ,247,123.5,2797,513,2284
01/02/2022,AM-103    ,680,340,3411,446,2965
01/02/2022,AM-11     ,394,197,8036,1500,6536
01/02/2022,AM-12     ,482,241,9741,1590,8151
01/02/2022,AM-13     ,409,204.5,8409,1740,6669
01/02/2022,AM-14     ,254,127,3642,766,2876
01/02/2022,AM-15     ,373,186.5,6355,799,5556
01/02/2022,AM-16     ,290,145,4352,526,3826
01/02/2022,AM-17     ,434,217,8818,1560,7258
01/02/2022,AM-18     ,424,212,8848,2160,6688
01/02/2022,AM-19     ,476,238,9093,2199,6894
01/02/2022,AM-20     ,281,140.5,5455,480,4975
01/02/2022,AM-21     ,416,208,8344,1200,7144
01/02/2022,AM-22     ,394,197,8014,1440,6574
01/02/2022,AM-23     ,360,180,7338,1740,5598
01/02/2022,AM-24     ,477,238.5,9452.65,1230.3,8222.35
01/02/2022,AM-25     ,296,148,6130,1380,4750
01/02/2022,AM-26     ,538,269,7533,519,7014
01/02/2022,AM-27     ,674,337,9437,701,8736
01/02/2022,AM-28     ,646,323,8650,638,8012
01/02/2022,AM-29     ,640,320,8964,606,8358
01/02/2022,AM-30     ,598,299,8218,755,7463
01/02/2022,AM-31     ,401,200.5,5619,551,5068
01/02/2022,AM-32     ,559,279.5,7832,673,7159
01/02/2022,AM-33     ,460,230,5683,440,5243
01/02/2022,AM-35     ,686,343,3247,553,2694
01/02/2022,AM-36     ,782,391,3726,373,3353
01/02/2022,AM-37     ,857,428.5,3881.16,572.7,3308.46
01/02/2022,AM-38     ,1052,526,4897,724,4173
01/02/2022,AM-39     ,972,486,4127,643,3484
01/02/2022,AM-40     ,941,470.5,4023,643,3380
01/02/2022,AM-41     ,1704,852,6936,220,6716
01/02/2022,AM-42     ,1676,838,6704,216,6488
01/02/2022,AM-43     ,12,6,116,17,99
01/02/2022,AM-44     ,780,390,7722,182,7540
01/02/2022,AM-45     ,636,318,5679,244,5435
01/02/2022,AM-46     ,1609,804.5,6409.6,156,6253.6
01/02/2022,AM-47     ,1646,823,6903,426,6477
01/02/2022,AM-48     ,1706,853,7044,440,6604
01/02/2022,AM-49     ,1729,864.5,6079,72,6007
01/02/2022,AM-50     ,1351,675.5,5285,12,5273
01/02/2022,AM-51     ,1478,739,5744,84,5660
01/02/2022,AM-52     ,1920,960,6690,84,6606
01/02/2022,AM-53     ,1922,961,6700,84,6616
01/02/2022,AM-54     ,714,357,3570,0,3570
01/02/2022,AM-55     ,286,143,1292,0,1292
01/02/2022,AM-62     ,18,9,80,16,64
01/02/2022,AM-64     ,635,317.5,6497,733,5764
01/02/2022,AM-65     ,623,311.5,6237,759,5478
01/02/2022,AM-66     ,631,315.5,6303,783,5520
01/02/2022,AM-67     ,606,303,6298,765,5533
01/02/2022,TM-001    ,506,253,8066,50,8016
01/02/2022,TM-002    ,297,148.5,4728,40,4688
01/02/2022,TM-003    ,534,267,8538,26,8512
01/02/2022,TM-004    ,360,180,5736,40,5696
01/02/2022,TM-005    ,481,240.5,7690,58,7632
01/02/2022,TM-006    ,278,139,4448,0,4448
01/02/2022,TM-007    ,540,270,8640,0,8640
01/02/2022,TM-008    ,470,235,7520,0,7520
01/02/2022,TM-009    ,303,151.5,4842,10,4832
01/02/2022,TM-010    ,425,212.5,6794,10,6784
01/02/2022,TM-011    ,104,52,1658,10,1648
01/02/2022,TM-012    ,461,230.5,7352,40,7312
01/02/2022,TM-013    ,496,248,7918,62,7856
01/02/2022,TM-014    ,394,197,6274,82,6192
01/02/2022,TM-016    ,437,218.5,6980,20,6960
01/02/2022,TM-018    ,204,102,3264,0,3264
01/02/2022,TM-019    ,560,280,8942,30,8912
01/02/2022,TM-020    ,355,177.5,5680,0,5680
01/02/2022,TM-021    ,174,87,2784,0,2784
01/02/2022,TM-022    ,406,203,6484,36,6448
01/02/2022,TM-023    ,493,246.5,7882,10,7872
01/02/2022,TM-025    ,367,183.5,5872,0,5872
01/02/2022,TM-027    ,544,272,8704,0,8704
01/02/2022,TM-028    ,187,93.5,2986,10,2976
01/02/2022,TM-029    ,405,202.5,6480,0,6480
01/02/2022,TM-030    ,72,36,1152,0,1152
01/02/2022,TM-031    ,466,233,7438,62,7376
01/02/2022,TM-032    ,17,8.5,266,26,240
01/02/2022,TM-033    ,486,243,7764,52,7712
01/02/2022,TM-034    ,566,283,9050,26,9024
01/02/2022,TM-035    ,73,36.5,1168,0,1168
01/02/2022,TM-036    ,10,5,160,0,160
01/02/2022,TM-037    ,6,3,96,0,96
01/02/2022,TM-038    ,417,208.5,6672,0,6672
01/02/2022,TM-039    ,387,193.5,6186,10,6176
01/02/2022,TM-040    ,256,128,4084,20,4064
01/02/2022,TM-042    ,106,53,1690,10,1680
01/02/2022,TM-043    ,431,215.5,6878,62,6816
01/02/2022,TM-044    ,293,146.5,4676,52,4624
01/02/2022,TM-045    ,196,98,3130,26,3104
01/02/2022,TM-046    ,448,224,7108,148,6960
01/02/2022,TM-047    ,502,251,7966,254,7712
01/02/2022,TM-048    ,427,213.5,6742,310,6432
01/02/2022,TM-049    ,408,204,6468,196,6272
01/02/2022,TM-050    ,422,211,6686,238,6448
01/02/2022,TM-051    ,432,216,6852,260,6592
01/02/2022,TM-052    ,444,222,7050,186,6864
01/02/2022,TM-053    ,475,237.5,7558,150,7408
01/02/2022,TM-054    ,480,240,7620,180,7440
01/02/2022,TM-055    ,346,173,5482,170,5312
01/02/2022,TM-056    ,513,256.5,8130,162,7968
01/02/2022,TM-057    ,465,232.5,7362,162,7200
01/02/2022,TM-058    ,505,252.5,8038,102,7936
01/02/2022,TM-059    ,479,239.5,7622,118,7504
01/02/2022,TM-060    ,488,244,7790,30,7760
01/03/2022,AM-007    ,2,1,27,8,19
01/03/2022,AM-008    ,3,1.5,63,30,33
01/03/2022,AM-01     ,1937,968.5,9508,118,9390
01/03/2022,AM-02     ,2080,1040,10214,124,10090
01/03/2022,AM-03     ,791,395.5,7011,487,6524
01/03/2022,AM-04     ,930,465,8345,586,7759
01/03/2022,AM-05     ,840,420,7616,469.2,7146.8
01/03/2022,AM-06     ,817,408.5,7312,302.2,7009.8
01/03/2022,AM-068    ,1155,577.5,5250,862,4388
01/03/2022,AM-069    ,1097,548.5,4997,1432,3565
01/03/2022,AM-07     ,885,442.5,7876,352,7524
01/03/2022,AM-070    ,1135,567.5,4893,668,4225
01/03/2022,AM-071    ,994,497,4456,663,3793
01/03/2022,AM-072    ,1389,694.5,6652,612,6040
01/03/2022,AM-073    ,1138,569,6720,689,6031
01/03/2022,AM-074    ,790,395,7404,1256,6148
01/03/2022,AM-075    ,754,377,7606,1354,6252
01/03/2022,AM-076    ,736,368,7617,1036,6581
01/03/2022,AM-077    ,739,369.5,7737,928,6809
01/03/2022,AM-078    ,681,340.5,7124,763,6361
01/03/2022,AM-079    ,689,344.5,7188,637,6551
01/03/2022,AM-08     ,1156,578,6023.06,338.8,5684.26
01/03/2022,AM-080    ,691,345.5,7365,624,6741
01/03/2022,AM-081    ,718,359,7345,375,6970
01/03/2022,AM-082    ,795,397.5,7670,373,7297
01/03/2022,AM-083    ,975,487.5,7922,264,7658
01/03/2022,AM-084    ,864,432,7489,255,7234
01/03/2022,AM-085    ,963,481.5,7814,271,7543
01/03/2022,AM-086    ,886,443,7210,527,6683
01/03/2022,AM-087    ,1067,533.5,7215,446,6769
01/03/2022,AM-088    ,1322,661,7150,535,6615
01/03/2022,AM-089    ,1408,704,6847,623,6224
01/03/2022,AM-09     ,482,241,9634,1657,7977
01/03/2022,AM-090    ,1523,761.5,8014,757,7257
01/03/2022,AM-091    ,1014,507,6831,692,6139
01/03/2022,AM-092    ,678,339,6732,1053,5679
01/03/2022,AM-093    ,379,189.5,6478,1461,5017
01/03/2022,AM-094    ,374,187,6956,1698,5258
01/03/2022,AM-095    ,272,136,5784,1994,3790
01/03/2022,AM-096    ,273,136.5,5421,1540,3881
01/03/2022,AM-097    ,322,161,5069,1134,3935
01/03/2022,AM-098    ,408,204,4778,1148,3630
01/03/2022,AM-099    ,146,73,2316,392,1924
01/03/2022,AM-10     ,391,195.5,7444.5,1461.4,5983.1
01/03/2022,AM-100    ,184,92,3115,712,2403
01/03/2022,AM-101    ,92,46,1216,128,1088
01/03/2022,AM-102    ,60,30,731,74,657
01/03/2022,AM-103    ,237,118.5,872,54,818
01/03/2022,AM-11     ,567,283.5,10245,1675,8570
01/03/2022,AM-12     ,504,252,10445,2370,8075
01/03/2022,AM-13     ,356,178,7171,1110,6061
01/03/2022,AM-14     ,303,151.5,5529,1434,4095
01/03/2022,AM-15     ,344,172,5873,886,4987
01/03/2022,AM-16     ,575,287.5,6135,839,5296
01/03/2022,AM-17     ,466,233,9349,1350,7999
01/03/2022,AM-18     ,505,252.5,9756.8,1331.2,8425.6
01/03/2022,AM-19     ,534,267,10784,1740,9044
01/03/2022,AM-20     ,504,252,8115.65,830.9,7284.75
01/03/2022,AM-21     ,352,176,7388.7,1918.8,5469.9
01/03/2022,AM-22     ,534,267,11077.7,2549.4,8528.3
01/03/2022,AM-23     ,433,216.5,8876,1957,6919
01/03/2022,AM-24     ,460,230,8275,1426,6849
01/03/2022,AM-25     ,485,242.5,9375,2170,7205
01/03/2022,AM-26     ,658,329,9223,795,8428
01/03/2022,AM-27     ,664,332,9289.81,659.6,8630.21
01/03/2022,AM-28     ,713,356.5,10050.34,951.4,9098.94
01/03/2022,AM-29     ,708,354,9979.34,702.4,9276.94
01/03/2022,AM-30     ,747,373.5,10450.81,756.6,9694.21
01/03/2022,AM-31     ,755,377.5,10512,747,9765
01/03/2022,AM-32     ,627,313.5,8565,719,7846
01/03/2022,AM-33     ,466,233,4396,388,4008
01/03/2022,AM-34     ,12,6,132,11,121
01/03/2022,AM-35     ,71,35.5,297,41,256
01/03/2022,AM-36     ,63,31.5,355,39,316
01/03/2022,AM-37     ,1083,541.5,4951,766,4185
01/03/2022,AM-38     ,1119,559.5,4841,678,4163
01/03/2022,AM-39     ,1206,603,5170,842,4328
01/03/2022,AM-40     ,1196,598,5095,807,4288
01/03/2022,AM-41     ,1743,871.5,7160,420,6740
01/03/2022,AM-42     ,1838,919,7432,320,7112
01/03/2022,AM-44     ,782,391,7671,200,7471
01/03/2022,AM-45     ,491,245.5,4949,458,4491
01/03/2022,AM-46     ,2068,1034,8278,204,8074
01/03/2022,AM-47     ,1855,927.5,7545,291,7254
01/03/2022,AM-48     ,1824,912,7572,388,7184
01/03/2022,AM-49     ,867,433.5,3337,78,3259
01/03/2022,AM-50     ,1942,971,7006,72,6934
01/03/2022,AM-51     ,1457,728.5,5543.1,48.8,5494.3
01/03/2022,AM-52     ,1761,880.5,6385,84,6301
01/03/2022,AM-53     ,1905,952.5,6615,84,6531
01/03/2022,AM-54     ,912,456,4560,0,4560
01/03/2022,AM-55     ,1417,708.5,5219,24,5195
01/03/2022,AM-56     ,86,43,614,66,548
01/03/2022,AM-57     ,39,19.5,167,27,140
01/03/2022,AM-59     ,45,22.5,268,26,242
01/03/2022,AM-60     ,50,25,371,38,333
01/03/2022,AM-61     ,42,21,416,30,386
01/03/2022,AM-62     ,14,7,137,7,130
01/03/2022,AM-63     ,33,16.5,302,7,295
01/03/2022,AM-64     ,686,343,6954,871,6083
01/03/2022,AM-65     ,640,320,6437.2,850.72,5586.48
01/03/2022,AM-66     ,643,321.5,6563,735,5828
01/03/2022,AM-67     ,700,350,6995,848,6147
01/03/2022,TM-001    ,578,289,9212,60,9152
01/03/2022,TM-002    ,210,105,3360,0,3360
01/03/2022,TM-003    ,600,300,9594,42,9552
01/03/2022,TM-004    ,460,230,7318,86,7232
01/03/2022,TM-005    ,548,274,8768,0,8768
01/03/2022,TM-006    ,100,50,1594,10,1584
01/03/2022,TM-007    ,583,291.5,9328,0,9328
01/03/2022,TM-008    ,555,277.5,8874,26,8848
01/03/2022,TM-009    ,90,45,1440,0,1440
01/03/2022,TM-010    ,603,301.5,9630,62,9568
01/03/2022,TM-011    ,55,27.5,880,0,880
01/03/2022,TM-012    ,551,275.5,8810,10,8800
01/03/2022,TM-013    ,515,257.5,8234,26,8208
01/03/2022,TM-014    ,594,297,9498,10,9488
01/03/2022,TM-016    ,555,277.5,8844,60,8784
01/03/2022,TM-018    ,511,255.5,8140,60,8080
01/03/2022,TM-019    ,607,303.5,9694,30,9664
01/03/2022,TM-020    ,79,39.5,1264,0,1264
01/03/2022,TM-021    ,36,18,570,26,544
01/03/2022,TM-022    ,571,285.5,9136,0,9136
01/03/2022,TM-023    ,518,259,8288,0,8288
01/03/2022,TM-025    ,499,249.5,7984,0,7984
01/03/2022,TM-027    ,504,252,7992,136,7856
01/03/2022,TM-028    ,541,270.5,8656,0,8656
01/03/2022,TM-029    ,538,269,8608,0,8608
01/03/2022,TM-030    ,529,264.5,8452,36,8416
01/03/2022,TM-031    ,343,171.5,5482,26,5456
01/03/2022,TM-032    ,186,93,2970,26,2944
01/03/2022,TM-033    ,143,71.5,2282,10,2272
01/03/2022,TM-034    ,570,285,9114,10,9104
01/03/2022,TM-035    ,502,251,8026,10,8016
01/03/2022,TM-037    ,5,2.5,80,0,80
01/03/2022,TM-038    ,491,245.5,7796,100,7696
01/03/2022,TM-039    ,554,277,8840,88,8752
01/03/2022,TM-040    ,454,227,7210,90,7120
01/03/2022,TM-041    ,431,215.5,6884,36,6848
01/03/2022,TM-042    ,95,47.5,1514,10,1504
01/03/2022,TM-043    ,313,156.5,4996,36,4960
01/03/2022,TM-044    ,270,135,4290,50,4240
01/03/2022,TM-045    ,62,31,992,0,992
01/03/2022,TM-046    ,471,235.5,7494,166,7328
01/03/2022,TM-047    ,475,237.5,7540,180,7360
01/03/2022,TM-048    ,507,253.5,8040,280,7760
01/03/2022,TM-049    ,550,275,8728,248,8480
01/03/2022,TM-050    ,518,259,8222,302,7920
01/03/2022,TM-051    ,498,249,7896,296,7600
01/03/2022,TM-052    ,476,238,7568,192,7376
01/03/2022,TM-053    ,550,275,8734,270,8464
01/03/2022,TM-054    ,459,229.5,7284,164,7120
01/03/2022,TM-055    ,484,242,7678,206,7472
01/03/2022,TM-056    ,222,111,3502.8,46.8,3456
01/03/2022,TM-057    ,538,269,8536,216,8320
01/03/2022,TM-058    ,484,242,7714,82,7632
01/03/2022,TM-059    ,247,123.5,3928,56,3872
01/03/2022,TM-060    ,520,260,8260,132,8128
01/04/2022,AM-001    ,3,1.5,47,0,47
01/04/2022,AM-008    ,1,0.5,5,0,5
01/04/2022,AM-01     ,1890,945,9279,114,9165
01/04/2022,AM-02     ,1873,936.5,9197,112,9085
01/04/2022,AM-03     ,762,381,6997,310,6687
01/04/2022,AM-04     ,749,374.5,6595,322,6273
01/04/2022,AM-05     ,803,401.5,7625,621,7004
01/04/2022,AM-06     ,905,452.5,8203,580,7623
01/04/2022,AM-068    ,1168,584,5239,899,4340
01/04/2022,AM-069    ,1095,547.5,5060,1347,3713
01/04/2022,AM-07     ,812,406,7516,500,7016
01/04/2022,AM-070    ,1148,574,5216,690,4526
01/04/2022,AM-071    ,1037,518.5,4734,604,4130
01/04/2022,AM-072    ,1230,615,6889,822,6067
01/04/2022,AM-073    ,1233,616.5,7578,862,6716
01/04/2022,AM-074    ,751,375.5,7768,1164,6604
01/04/2022,AM-075    ,683,341.5,7329,1433,5896
01/04/2022,AM-076    ,711,355.5,7297,831,6466
01/04/2022,AM-077    ,693,346.5,7315,796,6519
01/04/2022,AM-078    ,673,336.5,6800,542,6258
01/04/2022,AM-079    ,638,319,6698,553,6145
01/04/2022,AM-08     ,1053,526.5,5340,267,5073
01/04/2022,AM-080    ,706,353,7340,655,6685
01/04/2022,AM-081    ,694,347,6496,391,6105
01/04/2022,AM-082    ,809,404.5,7228,205,7023
01/04/2022,AM-083    ,893,446.5,7504,240,7264
01/04/2022,AM-084    ,889,444.5,7242,221,7021
01/04/2022,AM-085    ,925,462.5,7615,293,7322
01/04/2022,AM-086    ,934,467,6805,297,6508
01/04/2022,AM-087    ,1213,606.5,6543,251,6292
01/04/2022,AM-088    ,1176,588,5986,290,5696
01/04/2022,AM-089    ,1591,795.5,6503,456,6047
01/04/2022,AM-09     ,495,247.5,9406,1481,7925
01/04/2022,AM-090    ,1284,642,6333,652,5681
01/04/2022,AM-091    ,746,373,5695,806,4889
01/04/2022,AM-092    ,430,215,6189,1446,4743
01/04/2022,AM-093    ,244,122,4928,1240,3688
01/04/2022,AM-094    ,237,118.5,4943,1364,3579
01/04/2022,AM-095    ,216,108,4775,1830,2945
01/04/2022,AM-096    ,171,85.5,3574,1064,2510
01/04/2022,AM-097    ,138,69,2892,914,1978
01/04/2022,AM-098    ,93,46.5,1733,404,1329
01/04/2022,AM-099    ,68,34,1408,494,914
01/04/2022,AM-10     ,557,278.5,10647,2215,8432
01/04/2022,AM-100    ,73,36.5,862,203,659
01/04/2022,AM-101    ,18,9,364,60,304
01/04/2022,AM-102    ,14,7,288,60,228
01/04/2022,AM-103    ,24,12,319,70,249
01/04/2022,AM-11     ,402,201,7718,1482,6236
01/04/2022,AM-12     ,365,182.5,7386,1230,6156
01/04/2022,AM-13     ,540,270,10259.7,2686.8,7572.9
01/04/2022,AM-14     ,427,213.5,5087,809,4278
01/04/2022,AM-15     ,488,244,6044,598,5446
01/04/2022,AM-16     ,421,210.5,5731,864,4867
01/04/2022,AM-17     ,466,233,9494,2476,7018
01/04/2022,AM-18     ,446,223,8549,1706,6843
01/04/2022,AM-19     ,535,267.5,10156,1450,8706
01/04/2022,AM-20     ,418,209,7960,942,7018
01/04/2022,AM-21     ,514,257,10305,1470,8835
01/04/2022,AM-22     ,502,251,10055,1410,8645
01/04/2022,AM-23     ,410,205,8138,1811,6327
01/04/2022,AM-24     ,514,257,10451,2227,8224
01/04/2022,AM-25     ,403,201.5,8346.7,1888.8,6457.9
01/04/2022,AM-26     ,733,366.5,9913,762,9151
01/04/2022,AM-27     ,710,355,9765,821,8944
01/04/2022,AM-28     ,710,355,10015,736,9279
01/04/2022,AM-29     ,684,342,9589,937,8652
01/04/2022,AM-30     ,667,333.5,9445,690,8755
01/04/2022,AM-31     ,700,350,9717,637,9080
01/04/2022,AM-32     ,480,240,6771,576,6195
01/04/2022,AM-33     ,674,337,8487,799,7688
01/04/2022,AM-34     ,46,23,230,27,203
01/04/2022,AM-37     ,1146,573,4874,730,4144
01/04/2022,AM-38     ,1142,571,4894,782,4112
01/04/2022,AM-39     ,1185,592.5,5289,821,4468
01/04/2022,AM-40     ,1130,565,5071,761,4310
01/04/2022,AM-41     ,1854,927,7440,264,7176
01/04/2022,AM-42     ,1863,931.5,7601,390,7211
01/04/2022,AM-43     ,25,12.5,251,20,231
01/04/2022,AM-44     ,824,412,7993,198,7795
01/04/2022,AM-45     ,569,284.5,6843,682,6161
01/04/2022,AM-46     ,2238,1119,9157,247,8910
01/04/2022,AM-47     ,1888,944,7838,467,7371
01/04/2022,AM-48     ,1826,913,7400,328,7072
01/04/2022,AM-49     ,1859,929.5,6319,84,6235
01/04/2022,AM-50     ,1619,809.5,5883,84,5799
01/04/2022,AM-51     ,1660,830,6214,36,6178
01/04/2022,AM-52     ,1564,782,5956,72,5884
01/04/2022,AM-53     ,1667,833.5,6119,84,6035
01/04/2022,AM-54     ,892,446,4460,0,4460
01/04/2022,AM-55     ,815,407.5,2953,0,2953
01/04/2022,AM-56     ,8,4,185,90,95
01/04/2022,AM-57     ,21,10.5,324,14,310
01/04/2022,AM-59     ,86,43,491,11,480
01/04/2022,AM-60     ,28,14,210,16,194
01/04/2022,AM-61     ,23,11.5,155,11,144
01/04/2022,AM-62     ,49,24.5,598,47,551
01/04/2022,AM-64     ,696,348,7037,768,6269
01/04/2022,AM-65     ,667,333.5,6541,778,5763
01/04/2022,AM-66     ,685,342.5,6986,852,6134
01/04/2022,AM-67     ,606,303,6309,813,5496
01/04/2022,TM-001    ,482,241,7658,90,7568
01/04/2022,TM-002    ,374,187,5936,80,5856
01/04/2022,TM-003    ,503,251.5,8042,10,8032
01/04/2022,TM-004    ,520,260,8266,106,8160
01/04/2022,TM-005    ,549,274.5,8772,36,8736
01/04/2022,TM-006    ,227,113.5,3632,0,3632
01/04/2022,TM-007    ,530,265,8480,0,8480
01/04/2022,TM-008    ,513,256.5,8196,36,8160
01/04/2022,TM-009    ,149,74.5,2366,30,2336
01/04/2022,TM-010    ,539,269.5,8624,0,8624
01/04/2022,TM-011    ,164,82,2612,20,2592
01/04/2022,TM-012    ,500,250,7982,78,7904
01/04/2022,TM-013    ,545,272.5,8714,26,8688
01/04/2022,TM-014    ,538,269,8608,0,8608
01/04/2022,TM-015    ,75,37.5,1200,16,1184
01/04/2022,TM-016    ,573,286.5,9138,82,9056
01/04/2022,TM-018    ,474,237,7584,0,7584
01/04/2022,TM-019    ,497,248.5,7940,36,7904
01/04/2022,TM-020    ,205,102.5,3280,0,3280
01/04/2022,TM-021    ,11,5.5,176,0,176
01/04/2022,TM-022    ,450,225,7194,10,7184
01/04/2022,TM-023    ,442,221,7060,20,7040
01/04/2022,TM-025    ,405,202.5,6474,26,6448
01/04/2022,TM-027    ,475,237.5,7552,80,7472
01/04/2022,TM-028    ,498,249,7968,0,7968
01/04/2022,TM-029    ,500,250,7940,100,7840
01/04/2022,TM-030    ,540,270,8628,52,8576
01/04/2022,TM-031    ,435,217.5,6954,42,6912
01/04/2022,TM-032    ,465,232.5,7428,20,7408
01/04/2022,TM-033    ,3,1.5,48,0,48
01/04/2022,TM-034    ,499,249.5,7873.6,81.6,7792
01/04/2022,TM-035    ,419,209.5,6686,30,6656
01/04/2022,TM-036    ,9,4.5,144,0,144
01/04/2022,TM-038    ,557,278.5,8906,10,8896
01/04/2022,TM-039    ,566,283,9056,0,9056
01/04/2022,TM-040    ,542,271,8634.8,10.8,8624
01/04/2022,TM-041    ,478,239,7618,50,7568
01/04/2022,TM-042    ,178,89,2836,20,2816
01/04/2022,TM-043    ,40,20,640,0,640
01/04/2022,TM-044    ,175,87.5,2800,16,2784
01/04/2022,TM-045    ,195,97.5,3108,20,3088
01/04/2022,TM-046    ,394,197,6250,218,6032
01/04/2022,TM-047    ,328,164,5200,176,5024
01/04/2022,TM-048    ,280,140,4373.6,245.6,4128
01/04/2022,TM-049    ,302,151,4784,144,4640
01/04/2022,TM-050    ,338,169,5360,224,5136
01/04/2022,TM-051    ,452,226,7166,222,6944
01/04/2022,TM-052    ,350,175,5576,152,5424
01/04/2022,TM-053    ,425,212.5,6740,212,6528
01/04/2022,TM-054    ,364,182,5770,202,5568
01/04/2022,TM-055    ,403,201.5,6394,202,6192
01/04/2022,TM-056    ,411,205.5,6552,104,6448
01/04/2022,TM-057    ,374,187,5936,176,5760
01/04/2022,TM-058    ,508,254,8062,158,7904
01/04/2022,TM-059    ,454,227,7218.8,66.8,7152
01/04/2022,TM-060    ,401,200.5,6398,62,6336
01/05/2022,AM-001    ,1,0.5,9,0,9
01/05/2022,AM-01     ,1930,965,9737,124,9613
01/05/2022,AM-02     ,2048,1024,10054,124,9930
01/05/2022,AM-03     ,836,418,7932,675.2,7256.8
01/05/2022,AM-04     ,933,466.5,8378.7,544.2,7834.5
01/05/2022,AM-05     ,830,415,7417,306,7111
01/05/2022,AM-06     ,802,401,7543,329,7214
01/05/2022,AM-068    ,1215,607.5,5345,921,4424
01/05/2022,AM-069    ,1128,564,5363,1528,3835
01/05/2022,AM-07     ,871,435.5,7924,502,7422
01/05/2022,AM-070    ,1153,576.5,4858,656,4202
01/05/2022,AM-071    ,1312,656,5838,734,5104
01/05/2022,AM-072    ,1424,712,7510,784,6726
01/05/2022,AM-073    ,1124,562,7327,810,6517
01/05/2022,AM-074    ,700,350,7150,1132,6018
01/05/2022,AM-075    ,724,362,7868,1598,6270
01/05/2022,AM-076    ,769,384.5,7907,922,6985
01/05/2022,AM-077    ,748,374,7888,905,6983
01/05/2022,AM-078    ,724,362,7425,603,6822
01/05/2022,AM-079    ,687,343.5,7221,507,6714
01/05/2022,AM-08     ,1005,502.5,5526,448,5078
01/05/2022,AM-080    ,687,343.5,7555,708,6847
01/05/2022,AM-081    ,697,348.5,7419,430,6989
01/05/2022,AM-082    ,781,390.5,7621,331,7290
01/05/2022,AM-083    ,906,453,7949,245,7704
01/05/2022,AM-084    ,911,455.5,7642,350,7292
01/05/2022,AM-085    ,1110,555,8223,409,7814
01/05/2022,AM-086    ,1116,558,7718,399,7319
01/05/2022,AM-087    ,1250,625,6958,321,6637
01/05/2022,AM-088    ,1470,735,7017,321,6696
01/05/2022,AM-089    ,1592,796,6728,361,6367
01/05/2022,AM-09     ,522,261,10475,2381,8094
01/05/2022,AM-090    ,1453,726.5,7159,578,6581
01/05/2022,AM-091    ,733,366.5,6604,946,5658
01/05/2022,AM-092    ,398,199,6242,1408,4834
01/05/2022,AM-093    ,308,154,6232,1480,4752
01/05/2022,AM-094    ,290,145,6181,1830,4351
01/05/2022,AM-095    ,216,108,4643,1470,3173
01/05/2022,AM-096    ,196,98,4077,1318,2759
01/05/2022,AM-097    ,206,103,4261,1124,3137
01/05/2022,AM-098    ,100,50,2148,840,1308
01/05/2022,AM-099    ,66,33,1315,344,971
01/05/2022,AM-10     ,601,300.5,9903,1467,8436
01/05/2022,AM-100    ,120,60,1026,68,958
01/05/2022,AM-101    ,34,17,652,180,472
01/05/2022,AM-102    ,30,15,554,134,420
01/05/2022,AM-103    ,27,13.5,267,7,260
01/05/2022,AM-11     ,580,290,11339,1846,9493
01/05/2022,AM-12     ,188,94,2420,260,2160
01/05/2022,AM-13     ,481,240.5,8760,1829,6931
01/05/2022,AM-14     ,448,224,6648,1168,5480
01/05/2022,AM-15     ,398,199,6021,1013,5008
01/05/2022,AM-16     ,457,228.5,6947,1212,5735
01/05/2022,AM-17     ,507,253.5,9766,1173,8593
01/05/2022,AM-18     ,526,263,10764,2100,8664
01/05/2022,AM-19     ,461,230.5,9617.55,2399.5,7218.05
01/05/2022,AM-20     ,490,245,7292,714,6578
01/05/2022,AM-21     ,495,247.5,9977,1560,8417
01/05/2022,AM-22     ,479,239.5,9556,1990,7566
01/05/2022,AM-23     ,417,208.5,8359,2051,6308
01/05/2022,AM-24     ,498,249,9946,1320,8626
01/05/2022,AM-25     ,368,184,7685,1890,5795
01/05/2022,AM-26     ,616,308,8454,650,7804
01/05/2022,AM-27     ,642,321,9018,672,8346
01/05/2022,AM-28     ,695,347.5,9722.81,644.6,9078.21
01/05/2022,AM-29     ,707,353.5,9930,653,9277
01/05/2022,AM-30     ,681,340.5,9546,908,8638
01/05/2022,AM-31     ,688,344,9758,932,8826
01/05/2022,AM-32     ,612,306,8568,714,7854
01/05/2022,AM-33     ,715,357.5,9951,856,9095
01/05/2022,AM-34     ,51,25.5,211,19,192
01/05/2022,AM-37     ,1281,640.5,5503,883,4620
01/05/2022,AM-38     ,1137,568.5,5066,745,4321
01/05/2022,AM-39     ,1153,576.5,4905,741,4164
01/05/2022,AM-40     ,1191,595.5,5293.24,760.4,4532.84
01/05/2022,AM-41     ,1662,831,6917,407,6510
01/05/2022,AM-42     ,1692,846,7205,352,6853
01/05/2022,AM-43     ,67,33.5,935,147,788
01/05/2022,AM-44     ,776,388,7773,249,7524
01/05/2022,AM-45     ,839,419.5,5737,374,5363
01/05/2022,AM-46     ,2130,1065,8917,274,8643
01/05/2022,AM-47     ,1798,899,7216,260,6956
01/05/2022,AM-48     ,1910,955,7760,368,7392
01/05/2022,AM-49     ,2014,1007,7160,84,7076
01/05/2022,AM-50     ,1934,967,6760,84,6676
01/05/2022,AM-51     ,1808,904,6542,84,6458
01/05/2022,AM-52     ,1686,843,6344,36,6308
01/05/2022,AM-53     ,1286,643,5254,144,5110
01/05/2022,AM-54     ,906,453,4530,0,4530
01/05/2022,AM-55     ,766,383,2778,0,2778
01/05/2022,AM-57     ,17,8.5,71,11,60
01/05/2022,AM-60     ,16,8,359,150,209
01/05/2022,AM-61     ,20,10,413,90,323
01/05/2022,AM-62     ,30,15,270,76,194
01/05/2022,AM-63     ,57,28.5,837,191,646
01/05/2022,AM-64     ,674,337,6676,833,5843
01/05/2022,AM-65     ,668,334,6908,869,6039
01/05/2022,AM-66     ,688,344,7073.2,832.72,6240.48
01/05/2022,AM-67     ,701,350.5,7115,768,6347
01/05/2022,TM-001    ,564,282,8964,100,8864
01/05/2022,TM-002    ,533,266.5,8436.8,100.8,8336
01/05/2022,TM-003    ,542,271,8640.8,0.8,8640
01/05/2022,TM-004    ,539,269.5,8544.8,80.8,8464
01/05/2022,TM-005    ,470,235,7520,0,7520
01/05/2022,TM-006    ,45,22.5,720,0,720
01/05/2022,TM-007    ,494,247,7904,0,7904
01/05/2022,TM-008    ,499,249.5,7984,32,7952
01/05/2022,TM-009    ,268,134,4288,0,4288
01/05/2022,TM-010    ,376,188,6004,36,5968
01/05/2022,TM-011    ,393,196.5,6282,10,6272
01/05/2022,TM-012    ,544,272,8704,0,8704
01/05/2022,TM-013    ,585,292.5,9360,0,9360
01/05/2022,TM-014    ,524,262,8378,74,8304
01/05/2022,TM-015    ,571,285.5,9118,46,9072
01/05/2022,TM-016    ,475,237.5,7588,20,7568
01/05/2022,TM-018    ,483,241.5,7722,10,7712
01/05/2022,TM-019    ,193,96.5,3088,0,3088
01/05/2022,TM-020    ,125,62.5,2000,0,2000
01/05/2022,TM-021    ,407,203.5,6506,10,6496
01/05/2022,TM-022    ,444,222,7104,0,7104
01/05/2022,TM-023    ,508,254,8062,110,7952
01/05/2022,TM-024    ,344,172,5504,0,5504
01/05/2022,TM-025    ,415,207.5,6628,20,6608
01/05/2022,TM-027    ,312,156,4980,20,4960
01/05/2022,TM-028    ,543,271.5,8640,80,8560
01/05/2022,TM-029    ,548,274,8768,0,8768
01/05/2022,TM-030    ,490,245,7828,20,7808
01/05/2022,TM-031    ,524,262,8372,36,8336
01/05/2022,TM-032    ,401,200.5,6416,16,6400
01/05/2022,TM-034    ,458,229,7328,0,7328
01/05/2022,TM-035    ,518,259,8288,0,8288
01/05/2022,TM-037    ,6,3,96,0,96
01/05/2022,TM-038    ,407,203.5,6440,120,6320
01/05/2022,TM-039    ,534,267,8532,20,8512
01/05/2022,TM-040    ,591,295.5,9390,110,9280
01/05/2022,TM-041    ,329,164.5,5252,36,5216
01/05/2022,TM-042    ,226,113,3598,78,3520
01/05/2022,TM-044    ,99,49.5,1584,0,1584
01/05/2022,TM-045    ,165,82.5,2622,46,2576
01/05/2022,TM-046    ,412,206,6544,272,6272
01/05/2022,TM-047    ,527,263.5,8366,254,8112
01/05/2022,TM-048    ,215,107.5,3410,98,3312
01/05/2022,TM-049    ,299,149.5,4736,192,4544
01/05/2022,TM-050    ,336,168,5310,286,5024
01/05/2022,TM-051    ,431,215.5,6854,166,6688
01/05/2022,TM-052    ,422,211,6631.6,231.6,6400
01/05/2022,TM-053    ,371,185.5,5912,136,5776
01/05/2022,TM-054    ,428,214,6759.6,151.6,6608
01/05/2022,TM-055    ,446,223,7050.8,234.8,6816
01/05/2022,TM-056    ,482,241,7644.8,124.8,7520
01/05/2022,TM-057    ,364,182,5758,174,5584
01/05/2022,TM-058    ,493,246.5,7838.8,62.8,7776
01/05/2022,TM-059    ,477,238.5,7566,206,7360
01/05/2022,TM-060    ,432,216,6882,82,6800
01/06/2022,AM-01     ,1876,938,9212,112,9100
01/06/2022,AM-02     ,1909,954.5,9564,214,9350
01/06/2022,AM-03     ,805,402.5,7312,258,7054
01/06/2022,AM-04     ,836,418,7427,439,6988
01/06/2022,AM-05     ,844,422,7718,534,7184
01/06/2022,AM-06     ,879,439.5,7874,561,7313
01/06/2022,AM-068    ,1081,540.5,4926,806,4120
01/06/2022,AM-069    ,1068,534,4896,1322,3574
01/06/2022,AM-07     ,866,433,7916,402,7514
01/06/2022,AM-070    ,1079,539.5,4755,724,4031
01/06/2022,AM-071    ,1088,544,4974,708,4266
01/06/2022,AM-072    ,1056,528,6114,764,5350
01/06/2022,AM-073    ,1530,765,7708,692,7016
01/06/2022,AM-074    ,687,343.5,7497,1186,6311
01/06/2022,AM-075    ,692,346,7532,1570,5962
01/06/2022,AM-076    ,676,338,6972,856,6116
01/06/2022,AM-077    ,729,364.5,7679,839,6840
01/06/2022,AM-078    ,655,327.5,6682,609,6073
01/06/2022,AM-079    ,660,330,6886,509,6377
01/06/2022,AM-08     ,1169,584.5,6001,286,5715
01/06/2022,AM-080    ,659,329.5,7215,666,6549
01/06/2022,AM-081    ,659,329.5,7027,511,6516
01/06/2022,AM-082    ,773,386.5,7520,229,7291
01/06/2022,AM-083    ,840,420,7265,246,7019
01/06/2022,AM-084    ,841,420.5,7054,232,6822
01/06/2022,AM-085    ,1078,539,8368,280,8088
01/06/2022,AM-086    ,1074,537,7259,248,7011
01/06/2022,AM-087    ,1135,567.5,6262,357,5905
01/06/2022,AM-088    ,1186,593,6064,367,5697
01/06/2022,AM-089    ,1525,762.5,6188,301,5887
01/06/2022,AM-09     ,521,260.5,10159,1762,8397
01/06/2022,AM-090    ,1531,765.5,6686,335,6351
01/06/2022,AM-091    ,867,433.5,6744,891,5853
01/06/2022,AM-092    ,392,196,5891,1112,4779
01/06/2022,AM-093    ,362,181,6022,1428,4594
01/06/2022,AM-094    ,282,141,4652,1042,3610
01/06/2022,AM-095    ,220,110,4467,1670,2797
01/06/2022,AM-096    ,236,118,5144,1800,3344
01/06/2022,AM-097    ,156,78,3393,1170,2223
01/06/2022,AM-098    ,154,77,3059,718,2341
01/06/2022,AM-099    ,100,50,2186,780,1406
01/06/2022,AM-10     ,387,193.5,8024,1830,6194
01/06/2022,AM-100    ,48,24,1022,300,722
01/06/2022,AM-101    ,30,15,450,14,436
01/06/2022,AM-102    ,20,10,353,104,249
01/06/2022,AM-103    ,51,25.5,335,41,294
01/06/2022,AM-11     ,472,236,9356,2144,7212
01/06/2022,AM-12     ,294,147,5938,960,4978
01/06/2022,AM-13     ,472,236,9150,1650,7500
01/06/2022,AM-14     ,522,261,6140,1060,5080
01/06/2022,AM-15     ,344,172,5534,766,4768
01/06/2022,AM-16     ,529,264.5,6382,829,5553
01/06/2022,AM-17     ,473,236.5,9207,1590,7617
01/06/2022,AM-18     ,498,249,9655,1244,8411
01/06/2022,AM-19     ,526,263,10522,1440,9082
01/06/2022,AM-20     ,440,220,8110.65,1001.9,7108.75
01/06/2022,AM-21     ,463,231.5,9655,2340,7315
01/06/2022,AM-22     ,516,258,10530,1980,8550
01/06/2022,AM-23     ,454,227,8181,1672,6509
01/06/2022,AM-24     ,550,275,10091,2180,7911
01/06/2022,AM-25     ,452,226,9300,2310,6990
01/06/2022,AM-26     ,714,357,9951,959,8992
01/06/2022,AM-27     ,604,302,8567,646,7921
01/06/2022,AM-28     ,674,337,9554,934,8620
01/06/2022,AM-29     ,533,266.5,7317,510,6807
01/06/2022,AM-30     ,722,361,10108,658,9450
01/06/2022,AM-31     ,678,339,9502,752,8750
01/06/2022,AM-32     ,500,250,6788,576,6212
01/06/2022,AM-33     ,707,353.5,10007,834,9173
01/06/2022,AM-34     ,49,24.5,693,131,562
01/06/2022,AM-35     ,10,5,201,30,171
01/06/2022,AM-37     ,1052,526,4563,678,3885
01/06/2022,AM-38     ,1195,597.5,5237,823,4414
01/06/2022,AM-39     ,1149,574.5,4873,749,4124
01/06/2022,AM-40     ,1141,570.5,5012,825,4187
01/06/2022,AM-41     ,1690,845,6792,248,6544
01/06/2022,AM-42     ,1704,852,6908,312,6596
01/06/2022,AM-43     ,103,51.5,559,71,488
01/06/2022,AM-44     ,739,369.5,7387,175,7212
01/06/2022,AM-45     ,780,390,6218,414,5804
01/06/2022,AM-46     ,1950,975,8150,265,7885
01/06/2022,AM-47     ,1818,909,7517,439,7078
01/06/2022,AM-48     ,1852,926,7552,380,7172
01/06/2022,AM-49     ,1740,870,6530,84,6446
01/06/2022,AM-50     ,1984,992,7010,84,6926
01/06/2022,AM-51     ,1944,972,6810,84,6726
01/06/2022,AM-52     ,1664,832,6163,54,6109
01/06/2022,AM-53     ,1464,732,5642,48.8,5593.2
01/06/2022,AM-54     ,853,426.5,4265,0,4265
01/06/2022,AM-55     ,437,218.5,1632,6,1626
01/06/2022,AM-57     ,59,29.5,509,87,422
01/06/2022,AM-60     ,16,8,337,90,247
01/06/2022,AM-62     ,13,6.5,119,9,110
01/06/2022,AM-63     ,69,34.5,1012,154,858
01/06/2022,AM-64     ,663,331.5,6853,814,6039
01/06/2022,AM-65     ,701,350.5,7079,798,6281
01/06/2022,AM-66     ,683,341.5,6972,873,6099
01/06/2022,AM-67     ,650,325,6718,855,5863
01/06/2022,TM-001    ,334,167,5326,30,5296
01/06/2022,TM-002    ,493,246.5,7888,0,7888
01/06/2022,TM-003    ,524,262,8366,46,8320
01/06/2022,TM-004    ,479,239.5,7658,10,7648
01/06/2022,TM-005    ,453,226.5,7242,26,7216
01/06/2022,TM-006    ,51,25.5,816,0,816
01/06/2022,TM-007    ,541,270.5,8656,16,8640
01/06/2022,TM-008    ,445,222.5,7114,26,7088
01/06/2022,TM-009    ,86,43,1376,0,1376
01/06/2022,TM-010    ,427,213.5,6820,52,6768
01/06/2022,TM-011    ,309,154.5,4926,46,4880
01/06/2022,TM-012    ,538,269,8602,26,8576
01/06/2022,TM-013    ,528,264,8448,0,8448
01/06/2022,TM-014    ,410,205,6548,36,6512
01/06/2022,TM-015    ,521,260.5,8336,0,8336
01/06/2022,TM-016    ,534,267,8544,0,8544
01/06/2022,TM-018    ,478,239,7616.8,0.8,7616
01/06/2022,TM-019    ,434,217,6944,0,6944
01/06/2022,TM-020    ,46,23,736,0,736
01/06/2022,TM-021    ,324,162,5184,16,5168
01/06/2022,TM-022    ,500,250,7950.8,30.8,7920
01/06/2022,TM-023    ,533,266.5,8522,10,8512
01/06/2022,TM-024    ,470,235,7466,90,7376
01/06/2022,TM-025    ,412,206,6538,106,6432
01/06/2022,TM-026    ,209,104.5,3344,0,3344
01/06/2022,TM-027    ,430,215,6874,10,6864
01/06/2022,TM-028    ,518,259,8264,40,8224
01/06/2022,TM-029    ,453,226.5,7188,116,7072
01/06/2022,TM-030    ,512,256,8192,16,8176
01/06/2022,TM-031    ,507,253.5,8112,16,8096
01/06/2022,TM-032    ,472,236,7502.8,62.8,7440
01/06/2022,TM-034    ,451,225.5,7216,0,7216
01/06/2022,TM-035    ,456,228,7290,42,7248
01/06/2022,TM-038    ,597,298.5,9468,156,9312
01/06/2022,TM-039    ,404,202,6464,0,6464
01/06/2022,TM-040    ,563,281.5,8918,150,8768
01/06/2022,TM-041    ,370,185,5872,80,5792
01/06/2022,TM-042    ,238,119,3790,30,3760
01/06/2022,TM-043    ,6,3,90,26,64
01/06/2022,TM-044    ,112,56,1792,0,1792
01/06/2022,TM-045    ,282,141,4494,46,4448
01/06/2022,TM-046    ,265,132.5,4210,130,4080
01/06/2022,TM-047    ,401,200.5,6362,186,6176
01/06/2022,TM-048    ,403,201.5,6376,328,6048
01/06/2022,TM-049    ,483,241.5,7680,176,7504
01/06/2022,TM-050    ,435,217.5,6900,196,6704
01/06/2022,TM-051    ,383,191.5,6056,216,5840
01/06/2022,TM-052    ,386,193,6134,134,6000
01/06/2022,TM-053    ,389,194.5,6164,228,5936
01/06/2022,TM-054    ,259,129.5,4120,88,4032
01/06/2022,TM-055    ,437,218.5,6932,212,6720
01/06/2022,TM-056    ,328,164,5188,196,4992
01/06/2022,TM-057    ,333,166.5,5298,130,5168
01/06/2022,TM-058    ,437,218.5,6968,104,6864
01/06/2022,TM-059    ,399,199.5,6354,82,6272
01/06/2022,TM-060    ,524,262,8330,122,8208
01/07/2022,AM-01     ,2068,1034,10154,124,10030
01/07/2022,AM-02     ,1946,973,9529,118,9411
01/07/2022,AM-028    ,23,11.5,362,10,352
01/07/2022,AM-03     ,807,403.5,7322,507,6815
01/07/2022,AM-04     ,910,455,8402,483.2,7918.8
01/07/2022,AM-05     ,755,377.5,7391,351,7040
01/07/2022,AM-06     ,779,389.5,7686,649,7037
01/07/2022,AM-068    ,1236,618,5468,934,4534
01/07/2022,AM-069    ,1108,554,5070,1449,3621
01/07/2022,AM-07     ,836,418,7710,545,7165
01/07/2022,AM-070    ,1237,618.5,5377,691,4686
01/07/2022,AM-071    ,1164,582,5415,672,4743
01/07/2022,AM-072    ,1277,638.5,7068,817,6251
01/07/2022,AM-073    ,1434,717,8039,806,7233
01/07/2022,AM-074    ,718,359,7507,1168,6339
01/07/2022,AM-075    ,701,350.5,7575,1536,6039
01/07/2022,AM-076    ,718,359,7466,976,6490
01/07/2022,AM-077    ,727,363.5,7633,837,6796
01/07/2022,AM-078    ,702,351,7135,652,6483
01/07/2022,AM-079    ,709,354.5,7366,544,6822
01/07/2022,AM-08     ,1206,603,6188,302,5886
01/07/2022,AM-080    ,681,340.5,7391,634,6757
01/07/2022,AM-081    ,726,363,7557,476,7081
01/07/2022,AM-082    ,774,387,7731,380,7351
01/07/2022,AM-083    ,835,417.5,7776,262,7514
01/07/2022,AM-084    ,853,426.5,7410,255,7155
01/07/2022,AM-085    ,1016,508,7975,337,7638
01/07/2022,AM-086    ,1168,584,7812,358,7454
01/07/2022,AM-087    ,1305,652.5,6859,246,6613
01/07/2022,AM-088    ,1352,676,6498,289,6209
01/07/2022,AM-089    ,1793,896.5,6767,313,6454
01/07/2022,AM-09     ,511,255.5,10153,2296,7857
01/07/2022,AM-090    ,1546,773,7509,530,6979
01/07/2022,AM-091    ,634,317,6374,1080,5294
01/07/2022,AM-092    ,318,159,6104,1234,4870
01/07/2022,AM-093    ,252,126,5305,1410,3895
01/07/2022,AM-094    ,246,123,5208,1620,3588
01/07/2022,AM-095    ,218,109,4736,1620,3116
01/07/2022,AM-096    ,164,82,3666,1500,2166
01/07/2022,AM-097    ,152,76,3131,1018,2113
01/07/2022,AM-098    ,96,48,1902,568,1334
01/07/2022,AM-099    ,36,18,728,120,608
01/07/2022,AM-10     ,597,298.5,11074.7,1725.4,9349.3
01/07/2022,AM-100    ,26,13,571,210,361
01/07/2022,AM-101    ,12,6,168,14,154
01/07/2022,AM-103    ,39,19.5,473,131,342
01/07/2022,AM-11     ,524,262,10704,2040,8664
01/07/2022,AM-12     ,273,136.5,5248,704,4544
01/07/2022,AM-13     ,506,253,10393,2287,8106
01/07/2022,AM-14     ,617,308.5,8167,1440,6727
01/07/2022,AM-15     ,700,350,7289,772,6517
01/07/2022,AM-16     ,679,339.5,6660.92,757.72,5903.2
01/07/2022,AM-17     ,520,260,10690,2414,8276
01/07/2022,AM-18     ,406,203,8234,1777,6457
01/07/2022,AM-19     ,498,249,9941,1764,8177
01/07/2022,AM-20     ,423,211.5,7443,834,6609
01/07/2022,AM-21     ,500,250,9599,1247,8352
01/07/2022,AM-22     ,484,242,9680,1320,8360
01/07/2022,AM-23     ,449,224.5,8995,2291,6704
01/07/2022,AM-24     ,539,269.5,10676,1797,8879
01/07/2022,AM-25     ,466,233,9271,1970,7301
01/07/2022,AM-26     ,503,251.5,7121,573,6548
01/07/2022,AM-27     ,676,338,9228,890,8338
01/07/2022,AM-28     ,734,367,10335,808,9527
01/07/2022,AM-29     ,652,326,9056,857,8199
01/07/2022,AM-30     ,691,345.5,9674,672,9002
01/07/2022,AM-31     ,609,304.5,8541,616,7925
01/07/2022,AM-32     ,626,313,8866,774,8092
01/07/2022,AM-33     ,678,339,9166,696,8470
01/07/2022,AM-37     ,1140,570,4874,778,4096
01/07/2022,AM-38     ,1183,591.5,5017,765,4252
01/07/2022,AM-39     ,1257,628.5,5634,888,4746
01/07/2022,AM-40     ,1156,578,5097,764,4333
01/07/2022,AM-41     ,1822,911,7545,415,7130
01/07/2022,AM-42     ,1312,656,5497,282,5215
01/07/2022,AM-43     ,34,17,157,18,139
01/07/2022,AM-44     ,782,391,7714,213,7501
01/07/2022,AM-45     ,705,352.5,6973,565,6408
01/07/2022,AM-46     ,2120,1060,8891,268,8623
01/07/2022,AM-47     ,1834,917,7706,408,7298
01/07/2022,AM-48     ,1923,961.5,7772,328,7444
01/07/2022,AM-49     ,1570,785,6140,76,6064
01/07/2022,AM-50     ,1869,934.5,6641,72,6569
01/07/2022,AM-51     ,1598,799,5877,78,5799
01/07/2022,AM-52     ,1961,980.5,6751,96,6655
01/07/2022,AM-53     ,1689,844.5,6359,36,6323
01/07/2022,AM-54     ,874,437,4370,0,4370
01/07/2022,AM-55     ,913,456.5,3537,60,3477
01/07/2022,AM-56     ,70,35,372,4,368
01/07/2022,AM-57     ,36,18,230,14,216
01/07/2022,AM-58     ,86,43,870,116,754
01/07/2022,AM-59     ,41,20.5,195,32,163
01/07/2022,AM-60     ,4,2,76,0,76
01/07/2022,AM-61     ,30,15,452,37,415
01/07/2022,AM-62     ,8,4,163,30,133
01/07/2022,AM-63     ,6,3,114,0,114
01/07/2022,AM-64     ,676,338,6780,818,5962
01/07/2022,AM-65     ,681,340.5,6987,871,6116
01/07/2022,AM-66     ,566,283,5949,757,5192
01/07/2022,AM-67     ,676,338,6860,766,6094
01/07/2022,TM-001    ,496,248,7924,20,7904
01/07/2022,TM-002    ,460,230,7354,10,7344
01/07/2022,TM-003    ,554,277,8864,0,8864
01/07/2022,TM-004    ,441,220.5,7056,0,7056
01/07/2022,TM-005    ,508,254,8110,78,8032
01/07/2022,TM-006    ,246,123,3930,10,3920
01/07/2022,TM-007    ,450,225,7194,26,7168
01/07/2022,TM-008    ,484,242,7738,26,7712
01/07/2022,TM-009    ,206,103,3296,0,3296
01/07/2022,TM-010    ,569,284.5,9104,16,9088
01/07/2022,TM-011    ,384,192,6138,10,6128
01/07/2022,TM-012    ,534,267,8544,16,8528
01/07/2022,TM-013    ,403,201.5,6424,72,6352
01/07/2022,TM-014    ,440,220,7010,50,6960
01/07/2022,TM-015    ,418,209,6664,136,6528
01/07/2022,TM-016    ,516,258,8256,0,8256
01/07/2022,TM-018    ,241,120.5,3850,10,3840
01/07/2022,TM-019    ,436,218,6940,60,6880
01/07/2022,TM-020    ,308,154,4853.6,21.6,4832
01/07/2022,TM-021    ,261,130.5,4176,0,4176
01/07/2022,TM-022    ,494,247,7880,40,7840
01/07/2022,TM-023    ,412,206,6556,60,6496
01/07/2022,TM-024    ,506,253,8084,20,8064
01/07/2022,TM-025    ,429,214.5,6852,20,6832
01/07/2022,TM-026    ,523,261.5,8300.8,60.8,8240
01/07/2022,TM-027    ,507,253.5,8106,10,8096
01/07/2022,TM-028    ,533,266.5,8468,100,8368
01/07/2022,TM-029    ,425,212.5,6746,90,6656
01/07/2022,TM-030    ,497,248.5,7940,52,7888
01/07/2022,TM-031    ,499,249.5,7966,46,7920
01/07/2022,TM-032    ,564,282,9012,20,8992
01/07/2022,TM-034    ,303,151.5,4848,0,4848
01/07/2022,TM-035    ,412,206,6568,56,6512
01/07/2022,TM-036    ,10,5,160,0,160
01/07/2022,TM-037    ,31,15.5,496,0,496
01/07/2022,TM-038    ,454,227,7258,10,7248
01/07/2022,TM-039    ,508,254,8110,30,8080
01/07/2022,TM-040    ,601,300.5,9574,102,9472
01/07/2022,TM-041    ,419,209.5,6656,80,6576
01/07/2022,TM-042    ,198,99,3150,46,3104
01/07/2022,TM-044    ,196,98,3112,88,3024
01/07/2022,TM-045    ,286,143,4564,36,4528
01/07/2022,TM-046    ,415,207.5,6586,202,6384
01/07/2022,TM-047    ,249,124.5,3972,84,3888
01/07/2022,TM-048    ,256,128,4072,104,3968
01/07/2022,TM-049    ,378,189,5994,186,5808
01/07/2022,TM-050    ,500,250,7934,270,7664
01/07/2022,TM-051    ,311,155.5,4922,170,4752
01/07/2022,TM-052    ,345,172.5,5466,218,5248
01/07/2022,TM-053    ,280,140,4444,124,4320
01/07/2022,TM-054    ,387,193.5,6132,196,5936
01/07/2022,TM-055    ,245,122.5,3890,162,3728
01/07/2022,TM-056    ,409,204.5,6476.8,92.8,6384
01/07/2022,TM-057    ,324,162,5136,144,4992
01/07/2022,TM-058    ,281,140.5,4472,88,4384
01/07/2022,TM-059    ,405,202.5,6432,96,6336
01/07/2022,TM-060    ,467,233.5,7430,182,7248
01/08/2022,AM-008    ,41,20.5,203,8,195
01/08/2022,AM-01     ,1971,985.5,9777,133,9644
01/08/2022,AM-02     ,1976,988,9687,134,9553
01/08/2022,AM-03     ,672,336,6119,297,5822
01/08/2022,AM-04     ,858,429,7907,558,7349
01/08/2022,AM-05     ,928,464,8421,587,7834
01/08/2022,AM-06     ,737,368.5,6731,380,6351
01/08/2022,AM-068    ,1267,633.5,5576,875,4701
01/08/2022,AM-069    ,1064,532,4846,1470,3376
01/08/2022,AM-07     ,752,376,6994,317,6677
01/08/2022,AM-070    ,1149,574.5,4941,649,4292
01/08/2022,AM-071    ,1061,530.5,4726,671,4055
01/08/2022,AM-072    ,1089,544.5,6329,920,5409
01/08/2022,AM-073    ,1692,846,8505,748,7757
01/08/2022,AM-074    ,757,378.5,8086,1310,6776
01/08/2022,AM-075    ,707,353.5,7523,1728,5795
01/08/2022,AM-076    ,709,354.5,7199,720,6479
01/08/2022,AM-077    ,743,371.5,7858,965,6893
01/08/2022,AM-078    ,659,329.5,6598,573,6025
01/08/2022,AM-079    ,699,349.5,7340,501,6839
01/08/2022,AM-08     ,918,459,4897,256,4641
01/08/2022,AM-080    ,698,349,7550,698,6852
01/08/2022,AM-081    ,681,340.5,7137,652,6485
01/08/2022,AM-082    ,787,393.5,7914,338,7576
01/08/2022,AM-083    ,850,425,7712,210,7502
01/08/2022,AM-084    ,869,434.5,7660,240,7420
01/08/2022,AM-085    ,941,470.5,8174,276,7898
01/08/2022,AM-086    ,1051,525.5,7946,372,7574
01/08/2022,AM-087    ,1256,628,6901,305,6596
01/08/2022,AM-088    ,1372,686,6664,307,6357
01/08/2022,AM-089    ,1846,923,6865,315,6550
01/08/2022,AM-09     ,546,273,11144,2100,9044
01/08/2022,AM-090    ,1767,883.5,7639,449,7190
01/08/2022,AM-091    ,844,422,7140,856,6284
01/08/2022,AM-092    ,438,219,6298,1336,4962
01/08/2022,AM-093    ,318,159,6274,1520,4754
01/08/2022,AM-094    ,305,152.5,6466,1830,4636
01/08/2022,AM-095    ,266,133,5879,2250,3629
01/08/2022,AM-096    ,266,133,5459,1663,3796
01/08/2022,AM-097    ,140,70,3122,1260,1862
01/08/2022,AM-098    ,144,72,2792,508,2284
01/08/2022,AM-099    ,56,28,1240,480,760
01/08/2022,AM-10     ,576,288,10070,2029,8041
01/08/2022,AM-100    ,18,9,386,120,266
01/08/2022,AM-101    ,12,6,168,14,154
01/08/2022,AM-103    ,21,10.5,87,11,76
01/08/2022,AM-11     ,583,291.5,10311,2116,8195
01/08/2022,AM-12     ,154,77,2924,427,2497
01/08/2022,AM-13     ,615,307.5,10481,1591,8890
01/08/2022,AM-14     ,817,408.5,6958,799,6159
01/08/2022,AM-15     ,700,350,7132,616,6516
01/08/2022,AM-16     ,1000,500,6846,828,6018
01/08/2022,AM-17     ,544,272,10864,1440,9424
01/08/2022,AM-18     ,535,267.5,10664,1680,8984
01/08/2022,AM-19     ,516,258,10695,2430,8265
01/08/2022,AM-20     ,455,227.5,9003,1154,7849
01/08/2022,AM-21     ,482,241,9336,1568,7768
01/08/2022,AM-22     ,502,251,10418,2400,8018
01/08/2022,AM-23     ,454,227,9068,1936,7132
01/08/2022,AM-24     ,551,275.5,10497,1399,9098
01/08/2022,AM-25     ,450,225,9143,2450,6693
01/08/2022,AM-26     ,588,294,8233,561,7672
01/08/2022,AM-27     ,686,343,9604,672,8932
01/08/2022,AM-28     ,728,364,10134,808,9326
01/08/2022,AM-29     ,687,343.5,9622,676,8946
01/08/2022,AM-30     ,670,335,9441,950,8491
01/08/2022,AM-31     ,604,302,8427,668,7759
01/08/2022,AM-32     ,648,324,9072,756,8316
01/08/2022,AM-33     ,690,345,9671,823,8848
01/08/2022,AM-34     ,14,7,277,30,247
01/08/2022,AM-37     ,1289,644.5,5558,822,4736
01/08/2022,AM-38     ,1194,597,5341.68,825.8,4515.88
01/08/2022,AM-39     ,1129,564.5,4765,713,4052
01/08/2022,AM-40     ,1205,602.5,5636,822,4814
01/08/2022,AM-41     ,1950,975,7880,328,7552
01/08/2022,AM-43     ,80,40,738,24,714
01/08/2022,AM-44     ,773,386.5,7934,590,7344
01/08/2022,AM-45     ,1112,556,7609,631,6978
01/08/2022,AM-46     ,2098,1049,8768,263,8505
01/08/2022,AM-47     ,1788,894,7398,384,7014
01/08/2022,AM-48     ,1802,901,7635,438,7197
01/08/2022,AM-49     ,1722,861,6516,36,6480
01/08/2022,AM-50     ,1706,853,6460,84,6376
01/08/2022,AM-51     ,1976,988,7093,114,6979
01/08/2022,AM-52     ,2078,1039,7471,138,7333
01/08/2022,AM-53     ,1894,947,6772,84,6688
01/08/2022,AM-54     ,544,272,2804,0,2804
01/08/2022,AM-55     ,486,243,2514,0,2514
01/08/2022,AM-56     ,45,22.5,772,74,698
01/08/2022,AM-57     ,25,12.5,163,11,152
01/08/2022,AM-58     ,59,29.5,732,129,603
01/08/2022,AM-59     ,93,46.5,637,75,562
01/08/2022,AM-60     ,58,29,684,57,627
01/08/2022,AM-61     ,146,73,876,76,800
01/08/2022,AM-62     ,54,27,404,92,312
01/08/2022,AM-63     ,8,4,163,30,133
01/08/2022,AM-64     ,588,294,5993,857,5136
01/08/2022,AM-65     ,704,352,7296,834,6462
01/08/2022,AM-66     ,703,351.5,7173,842,6331
01/08/2022,AM-67     ,695,347.5,7109,872,6237
01/08/2022,TM-001    ,223,111.5,3562,10,3552
01/08/2022,TM-002    ,563,281.5,9008,0,9008
01/08/2022,TM-003    ,435,217.5,6960,48,6912
01/08/2022,TM-004    ,439,219.5,7024,0,7024
01/08/2022,TM-005    ,570,285,9108,52,9056
01/08/2022,TM-006    ,345,172.5,5520,16,5504
01/08/2022,TM-007    ,480,240,7674,26,7648
01/08/2022,TM-008    ,441,220.5,7044,52,6992
01/08/2022,TM-009    ,303,151.5,4842,10,4832
01/08/2022,TM-010    ,466,233,7450,26,7424
01/08/2022,TM-011    ,304,152,4858,10,4848
01/08/2022,TM-012    ,446,223,7106,66,7040
01/08/2022,TM-013    ,572,286,9152,16,9136
01/08/2022,TM-014    ,455,227.5,7280,16,7264
01/08/2022,TM-015    ,487,243.5,7780,36,7744
01/08/2022,TM-016    ,553,276.5,8794,106,8688
01/08/2022,TM-018    ,443,221.5,7070,30,7040
01/08/2022,TM-019    ,495,247.5,7882.8,10.8,7872
01/08/2022,TM-020    ,69,34.5,1104,0,1104
01/08/2022,TM-021    ,204,102,3258,10,3248
01/08/2022,TM-022    ,542,271,8642,50,8592
01/08/2022,TM-023    ,572,286,9080,120,8960
01/08/2022,TM-024    ,445,222.5,7084,60,7024
01/08/2022,TM-025    ,452,226,7226,10,7216
01/08/2022,TM-026    ,505,252.5,8002,130,7872
01/08/2022,TM-027    ,503,251.5,8048,0,8048
01/08/2022,TM-028    ,457,228.5,7264,80,7184
01/08/2022,TM-029    ,483,241.5,7716,20,7696
01/08/2022,TM-030    ,493,246.5,7882,26,7856
01/08/2022,TM-031    ,474,237,7560,56,7504
01/08/2022,TM-032    ,509,254.5,8138,26,8112
01/08/2022,TM-034    ,439,219.5,6994,50,6944
01/08/2022,TM-035    ,407,203.5,6480.8,0.8,6480
01/08/2022,TM-037    ,34,17,544,0,544
01/08/2022,TM-038    ,480,240,7680,0,7680
01/08/2022,TM-039    ,442,221,7072,32,7040
01/08/2022,TM-040    ,512,256,8186,26,8160
01/08/2022,TM-041    ,542,271,8648,88,8560
01/08/2022,TM-042    ,304,152,4840,136,4704
01/08/2022,TM-044    ,42,21,660,36,624
01/08/2022,TM-045    ,255,127.5,4074,10,4064
01/08/2022,TM-046    ,448,224,7096,232,6864
01/08/2022,TM-047    ,236,118,3752,72,3680
01/08/2022,TM-048    ,400,200,6340,196,6144
01/08/2022,TM-049    ,472,236,7516,172,7344
01/08/2022,TM-050    ,413,206.5,6566,150,6416
01/08/2022,TM-051    ,391,195.5,6184,200,5984
01/08/2022,TM-052    ,426,213,6786,114,6672
01/08/2022,TM-053    ,441,220.5,7014,166,6848
01/08/2022,TM-054    ,478,239,7576,328,7248
01/08/2022,TM-055    ,371,185.5,5882,170,5712
01/08/2022,TM-056    ,339,169.5,5388,60,5328
01/08/2022,TM-057    ,375,187.5,5910,198,5712
01/08/2022,TM-058    ,371,185.5,5900,124,5776
01/08/2022,TM-059    ,409,204.5,6490,202,6288
01/08/2022,TM-060    ,394,197,6238,158,6080
01/09/2022,AM-002    ,5,2.5,80,0,80
01/09/2022,AM-003    ,8,4,128,0,128
01/09/2022,AM-01     ,1964,982,9710,125,9585
01/09/2022,AM-018    ,30,15,270,0,270
01/09/2022,AM-02     ,1906,953,9612,204,9408
01/09/2022,AM-03     ,896,448,8065,554,7511
01/09/2022,AM-04     ,750,375,6693,266,6427
01/09/2022,AM-05     ,632,316,6094,348,5746
01/09/2022,AM-06     ,841,420.5,8069,638,7431
01/09/2022,AM-068    ,1198,599,5142,830,4312
01/09/2022,AM-069    ,1078,539,5037,1422,3615
01/09/2022,AM-07     ,902,451,8266,600,7666
01/09/2022,AM-070    ,1105,552.5,4814,656,4158
01/09/2022,AM-071    ,1035,517.5,4591,633,3958
01/09/2022,AM-072    ,1206,603,6676,825,5851
01/09/2022,AM-073    ,1419,709.5,7730,678,7052
01/09/2022,AM-074    ,694,347,7562,1194,6368
01/09/2022,AM-075    ,672,336,7352.64,1624.72,5727.92
01/09/2022,AM-076    ,679,339.5,6897,761,6136
01/09/2022,AM-077    ,701,350.5,7412,892,6520
01/09/2022,AM-078    ,656,328,6571,579,5992
01/09/2022,AM-079    ,659,329.5,6871,475,6396
01/09/2022,AM-08     ,1226,613,6320,334,5986
01/09/2022,AM-080    ,706,353,7297,671,6626
01/09/2022,AM-081    ,639,319.5,6789,610,6179
01/09/2022,AM-082    ,833,416.5,7852,351,7501
01/09/2022,AM-083    ,845,422.5,7355,253,7102
01/09/2022,AM-084    ,906,453,7494,224,7270
01/09/2022,AM-085    ,957,478.5,8010,315,7695
01/09/2022,AM-086    ,807,403.5,7151,383,6768
01/09/2022,AM-087    ,1021,510.5,6450,457,5993
01/09/2022,AM-088    ,1090,545,6108,290,5818
01/09/2022,AM-089    ,1719,859.5,6517,292,6225
01/09/2022,AM-09     ,487,243.5,9068,1412,7656
01/09/2022,AM-090    ,1718,859,6820,262,6558
01/09/2022,AM-091    ,870,435,6227,591,5636
01/09/2022,AM-092    ,476,238,5981,1114,4867
01/09/2022,AM-093    ,336,168,5535,1338,4197
01/09/2022,AM-094    ,328,164,5745,1612,4133
01/09/2022,AM-095    ,220,110,4549,1450,3099
01/09/2022,AM-096    ,218,109,4802,1800,3002
01/09/2022,AM-097    ,134,67,2920,1020,1900
01/09/2022,AM-098    ,126,63,2757,990,1767
01/09/2022,AM-099    ,104,52,1835,312,1523
01/09/2022,AM-10     ,549,274.5,10506,1784,8722
01/09/2022,AM-100    ,38,19,854,360,494
01/09/2022,AM-101    ,24,12,429,90,339
01/09/2022,AM-102    ,12,6,239,30,209
01/09/2022,AM-103    ,28,14,330,60,270
01/09/2022,AM-11     ,522,261,10798,2400,8398
01/09/2022,AM-12     ,542,271,10281,1662,8619
01/09/2022,AM-13     ,524,262,10517,2410,8107
01/09/2022,AM-14     ,675,337.5,7505,1087,6418
01/09/2022,AM-15     ,772,386,7799,226,7573
01/09/2022,AM-16     ,1773,886.5,7536,462,7074
01/09/2022,AM-17     ,490,245,9783,1792,7991
01/09/2022,AM-18     ,509,254.5,9606,1286,8320
01/09/2022,AM-19     ,163,81.5,3251,420,2831
01/09/2022,AM-20     ,417,208.5,7752,858,6894
01/09/2022,AM-21     ,456,228,9445,2130,7315
01/09/2022,AM-22     ,540,270,10832,1560,9272
01/09/2022,AM-23     ,408,204,8392,2264,6128
01/09/2022,AM-24     ,486,243,10191,2610,7581
01/09/2022,AM-25     ,418,209,8161,1430,6731
01/09/2022,AM-26     ,604,302,8297,855,7442
01/09/2022,AM-27     ,636,318,8088,582,7506
01/09/2022,AM-28     ,647,323.5,9079,759,8320
01/09/2022,AM-29     ,694,347,9657,637,9020
01/09/2022,AM-30     ,488,244,6604,474,6130
01/09/2022,AM-31     ,698,349,9784,824,8960
01/09/2022,AM-32     ,699,349.5,9348,793,8555
01/09/2022,AM-33     ,695,347.5,9730,728,9002
01/09/2022,AM-34     ,56,28,1009,178,831
01/09/2022,AM-35     ,11,5.5,53,3,50
01/09/2022,AM-37     ,1184,592,5246.68,796.8,4449.88
01/09/2022,AM-38     ,1213,606.5,5158,782,4376
01/09/2022,AM-39     ,1186,593,5255,835,4420
01/09/2022,AM-40     ,927,463.5,3792.2,513.1,3279.1
01/09/2022,AM-41     ,1665,832.5,6812,372,6440
01/09/2022,AM-42     ,60,30,240,8,232
01/09/2022,AM-43     ,39,19.5,167,27,140
01/09/2022,AM-44     ,661,330.5,9205,1078,8127
01/09/2022,AM-45     ,733,366.5,7669,1018,6651
01/09/2022,AM-46     ,2070,1035,8626,303,8323
01/09/2022,AM-47     ,1842,921,7584,342,7242
01/09/2022,AM-48     ,1854,927,7448,272,7176
01/09/2022,AM-49     ,1576,788,5960,48,5912
01/09/2022,AM-50     ,1358,679,5340,36,5304
01/09/2022,AM-51     ,1667,833.5,6151,84,6067
01/09/2022,AM-52     ,1811,905.5,6387,84,6303
01/09/2022,AM-53     ,1786,893,6407,66,6341
01/09/2022,AM-54     ,911,455.5,4457,0,4457
01/09/2022,AM-55     ,856,428,2993,42,2951
01/09/2022,AM-58     ,4,2,76,0,76
01/09/2022,AM-59     ,63,31.5,649,85,564
01/09/2022,AM-60     ,8,4,174,60,114
01/09/2022,AM-61     ,8,4,152,0,152
01/09/2022,AM-62     ,53,26.5,657,120,537
01/09/2022,AM-63     ,40,20,592,51,541
01/09/2022,AM-64     ,665,332.5,6607,766,5841
01/09/2022,AM-65     ,680,340,7027,860,6167
01/09/2022,AM-66     ,641,320.5,6627,852,5775
01/09/2022,AM-67     ,671,335.5,6925,787,6138
01/09/2022,TM-0001   ,22,11,320.8,0.8,320
01/09/2022,TM-001    ,406,203,6386.8,2.8,6384
01/09/2022,TM-002    ,25,12.5,400,0,400
01/09/2022,TM-003    ,405,202.5,6333.6,29.6,6304
01/09/2022,TM-004    ,411,205.5,6446.8,62.8,6384
01/09/2022,TM-005    ,439,219.5,6949.6,53.6,6896
01/09/2022,TM-006    ,112,56,1786,26,1760
01/09/2022,TM-007    ,470,235,7426.4,2.4,7424
01/09/2022,TM-008    ,499,249.5,7859.2,3.2,7856
01/09/2022,TM-009    ,355,177.5,5518,30,5488
01/09/2022,TM-010    ,489,244.5,7724.4,28.4,7696
01/09/2022,TM-011    ,366,183,5700,4,5696
01/09/2022,TM-012    ,459,229.5,7203.6,3.6,7200
01/09/2022,TM-013    ,476,238,7485.2,13.2,7472
01/09/2022,TM-014    ,528,264,8354.4,2.4,8352
01/09/2022,TM-015    ,530,265,8318,14,8304
01/09/2022,TM-016    ,559,279.5,8788,4,8784
01/09/2022,TM-018    ,430,215,6868,20,6848
01/09/2022,TM-019    ,418,209,6598,22,6576
01/09/2022,TM-020    ,121,60.5,1936,0,1936
01/09/2022,TM-021    ,5,2.5,80,0,80
01/09/2022,TM-022    ,534,267,8354.4,34.4,8320
01/09/2022,TM-023    ,562,281,8830,14,8816
01/09/2022,TM-024    ,488,244,7716.4,52.4,7664
01/09/2022,TM-025    ,252,126,4020,52,3968
01/09/2022,TM-026    ,308,154,4742,54,4688
01/09/2022,TM-027    ,359,179.5,5613.2,93.2,5520
01/09/2022,TM-028    ,491,245.5,7606.4,22.4,7584
01/09/2022,TM-029    ,476,238,7522.4,2.4,7520
01/09/2022,TM-030    ,540,270,8484,4,8480
01/09/2022,TM-031    ,508,254,7966,14,7952
01/09/2022,TM-032    ,468,234,7323.6,43.6,7280
01/09/2022,TM-033    ,49,24.5,747.2,11.2,736
01/09/2022,TM-034    ,548,274,8594,34,8560
01/09/2022,TM-035    ,458,229,7232.8,32.8,7200
01/09/2022,TM-036    ,4,2,64,0,64
01/09/2022,TM-038    ,339,169.5,5283.6,3.6,5280
01/09/2022,TM-039    ,420,210,6633.6,57.6,6576
01/09/2022,TM-040    ,514,257,8062,14,8048
01/09/2022,TM-041    ,431,215.5,6771.2,3.2,6768
01/09/2022,TM-042    ,272,136,4324.4,52.4,4272
01/09/2022,TM-044    ,199,99.5,3074.8,2.8,3072
01/09/2022,TM-045    ,271,135.5,4246,38,4208
01/09/2022,TM-046    ,410,205,6332.4,332.4,6000
01/09/2022,TM-047    ,461,230.5,7196.8,156.8,7040
01/09/2022,TM-048    ,431,215.5,6659.6,211.6,6448
01/09/2022,TM-049    ,468,234,7308.8,108.8,7200
01/09/2022,TM-050    ,517,258.5,8089.2,169.2,7920
01/09/2022,TM-051    ,464,232,7137.2,145.2,6992
01/09/2022,TM-052    ,366,183,5674,298,5376
01/09/2022,TM-053    ,477,238.5,7434,250,7184
01/09/2022,TM-054    ,360,180,5634.8,162.8,5472
01/09/2022,TM-055    ,463,231.5,7202,242,6960
01/09/2022,TM-056    ,392,196,6037.2,277.2,5760
01/09/2022,TM-057    ,479,239.5,7362.8,210.8,7152
01/09/2022,TM-058    ,446,223,7017.6,217.6,6800
01/09/2022,TM-059    ,536,268,8402.8,178.8,8224
01/09/2022,TM-060    ,397,198.5,6264,136,6128
01/10/2022,AM-001    ,1,0.5,19,0,19
01/10/2022,AM-01     ,1992,996,9875,150,9725
01/10/2022,AM-02     ,2021,1010.5,9984.8,138,9846.8
01/10/2022,AM-03     ,906,453,8376,609,7767
01/10/2022,AM-04     ,940,470,8572,608,7964
01/10/2022,AM-05     ,880,440,7974,540,7434
01/10/2022,AM-06     ,748,374,6778,274,6504
01/10/2022,AM-068    ,1260,630,5410,890,4520
01/10/2022,AM-069    ,1119,559.5,5116,1434,3682
01/10/2022,AM-07     ,814,407,7841,413,7428
01/10/2022,AM-070    ,1226,613,5243,685,4558
01/10/2022,AM-071    ,1097,548.5,5009,649,4360
01/10/2022,AM-072    ,1091,545.5,6563,887,5676
01/10/2022,AM-073    ,1477,738.5,8186,841,7345
01/10/2022,AM-074    ,743,371.5,7600,1126,6474
01/10/2022,AM-075    ,705,352.5,7620,1600,6020
01/10/2022,AM-076    ,696,348,7160,802,6358
01/10/2022,AM-077    ,750,375,7830,825,7005
01/10/2022,AM-078    ,698,349,7022,615,6407
01/10/2022,AM-079    ,681,340.5,7242,591,6651
01/10/2022,AM-08     ,1209,604.5,5987,282,5705
01/10/2022,AM-080    ,689,344.5,7647,773,6874
01/10/2022,AM-081    ,677,338.5,6970,490,6480
01/10/2022,AM-082    ,821,410.5,7389,250,7139
01/10/2022,AM-083    ,842,421,7257,205,7052
01/10/2022,AM-084    ,984,492,7925,260,7665
01/10/2022,AM-085    ,1047,523.5,8349,309,8040
01/10/2022,AM-086    ,991,495.5,7820,351,7469
01/10/2022,AM-087    ,1108,554,6927,390,6537
01/10/2022,AM-088    ,1209,604.5,6361,253,6108
01/10/2022,AM-089    ,1797,898.5,6796.6,354,6442.6
01/10/2022,AM-09     ,558,279,11559,2610,8949
01/10/2022,AM-090    ,1673,836.5,6640,191,6449
01/10/2022,AM-091    ,769,384.5,6700,892,5808
01/10/2022,AM-092    ,350,175,5331,998,4333
01/10/2022,AM-093    ,332,166,5619,1266,4353
01/10/2022,AM-094    ,228,114,4763,1510,3253
01/10/2022,AM-095    ,248,124,5427,1950,3477
01/10/2022,AM-096    ,210,105,4491,1544,2947
01/10/2022,AM-097    ,151,75.5,3046,838,2208
01/10/2022,AM-098    ,82,41,1674,494,1180
01/10/2022,AM-099    ,24,12,407,44,363
01/10/2022,AM-10     ,498,249,9938,2294,7644
01/10/2022,AM-100    ,38,19,854,360,494
01/10/2022,AM-101    ,30,15,450,28,422
01/10/2022,AM-102    ,18,9,282,14,268
01/10/2022,AM-103    ,12,6,168,14,154
01/10/2022,AM-11     ,479,239.5,9258,1596,7662
01/10/2022,AM-12     ,482,241,9743,2326,7417
01/10/2022,AM-13     ,560,280,11289,1770,9519
01/10/2022,AM-14     ,337,168.5,4610,879,3731
01/10/2022,AM-15     ,840,420,8401,417,7984
01/10/2022,AM-16     ,1864,932,7480,264,7216
01/10/2022,AM-17     ,536,268,10939,2264,8675
01/10/2022,AM-18     ,505,252.5,10047,2399,7648
01/10/2022,AM-19     ,411,205.5,7989,1607,6382
01/10/2022,AM-20     ,442,221,7400,871,6529
01/10/2022,AM-21     ,471,235.5,9411,1260,8151
01/10/2022,AM-22     ,549,274.5,10934,1589,9345
01/10/2022,AM-23     ,400,200,8073,1290,6783
01/10/2022,AM-24     ,543,271.5,10707,1364,9343
01/10/2022,AM-25     ,468,234,9082,2364,6718
01/10/2022,AM-26     ,733,366.5,10168,663,9505
01/10/2022,AM-27     ,636,318,8896,895,8001
01/10/2022,AM-28     ,786,393,10643,917,9726
01/10/2022,AM-29     ,568,284,8026,732,7294
01/10/2022,AM-30     ,657,328.5,9320,662,8658
01/10/2022,AM-31     ,714,357,10068,816,9252
01/10/2022,AM-32     ,649,324.5,8768,757,8011
01/10/2022,AM-33     ,603,301.5,8393,638,7755
01/10/2022,AM-34     ,4,2,76,0,76
01/10/2022,AM-37     ,1216,608,5337,814,4523
01/10/2022,AM-38     ,1119,559.5,4832,742,4090
01/10/2022,AM-39     ,1174,587,4964.2,739.1,4225.1
01/10/2022,AM-40     ,1231,615.5,5602,892,4710
01/10/2022,AM-41     ,1736,868,7444,436,7008
01/10/2022,AM-43     ,94,47,1331,194,1137
01/10/2022,AM-44     ,514,257,5773,719,5054
01/10/2022,AM-45     ,909,454.5,7632,958,6674
01/10/2022,AM-46     ,2152,1076,8684,208,8476
01/10/2022,AM-47     ,1798,899,7602,373,7229
01/10/2022,AM-48     ,1940,970,7984,472,7512
01/10/2022,AM-49     ,1809,904.5,6513.6,71.8,6441.8
01/10/2022,AM-50     ,1072,536,4661,7,4654
01/10/2022,AM-51     ,1157,578.5,4633,149,4484
01/10/2022,AM-52     ,1967,983.5,6965.6,83.8,6881.8
01/10/2022,AM-53     ,1835,917.5,6793.6,85,6708.6
01/10/2022,AM-54     ,814,407,4070,0,4070
01/10/2022,AM-55     ,468,234,1512,24,1488
01/10/2022,AM-56     ,35,17.5,384,46,338
01/10/2022,AM-57     ,9,4.5,99,11,88
01/10/2022,AM-58     ,16,8,157,7,150
01/10/2022,AM-59     ,14,7,137,7,130
01/10/2022,AM-60     ,14,7,137,7,130
01/10/2022,AM-61     ,55,27.5,339,59,280
01/10/2022,AM-62     ,64,32,943,64,879
01/10/2022,AM-63     ,52,26,569,47,522
01/10/2022,AM-64     ,686,343,7046,900,6146
01/10/2022,AM-65     ,696,348,7208,817,6391
01/10/2022,AM-66     ,717,358.5,7108,780,6328
01/10/2022,AM-67     ,698,349,6948,894,6054
01/10/2022,TM-0001   ,21,10.5,336,0,336
01/10/2022,TM-001    ,539,269.5,8198,70,8128
01/10/2022,TM-003    ,560,280,8552.8,72.8,8480
01/10/2022,TM-004    ,483,241.5,7425.6,17.6,7408
01/10/2022,TM-005    ,593,296.5,9092.4,52.4,9040
01/10/2022,TM-006    ,85,42.5,1360,0,1360
01/10/2022,TM-007    ,581,290.5,8853.6,37.6,8816
01/10/2022,TM-008    ,499,249.5,7634.8,50.8,7584
01/10/2022,TM-009    ,373,186.5,5619.2,19.2,5600
01/10/2022,TM-010    ,513,256.5,7785.2,73.2,7712
01/10/2022,TM-011    ,202,101,3091.6,3.6,3088
01/10/2022,TM-012    ,404,202,6224.8,32.8,6192
01/10/2022,TM-013    ,481,240.5,7384,24,7360
01/10/2022,TM-014    ,557,278.5,8584.4,8.4,8576
01/10/2022,TM-015    ,516,258,7829.6,37.6,7792
01/10/2022,TM-016    ,450,225,6876.8,28.8,6848
01/10/2022,TM-017    ,22,11,320.8,0.8,320
01/10/2022,TM-018    ,590,295,9069.2,29.2,9040
01/10/2022,TM-019    ,613,306.5,9327.2,111.2,9216
01/10/2022,TM-021    ,45,22.5,688.8,0.8,688
01/10/2022,TM-022    ,540,270,8365.2,109.2,8256
01/10/2022,TM-023    ,454,227,6764.8,12.8,6752
01/10/2022,TM-024    ,369,184.5,5606,70,5536
01/10/2022,TM-025    ,6,3,90,10,80
01/10/2022,TM-026    ,540,270,8296.8,8.8,8288
01/10/2022,TM-027    ,643,321.5,9851.2,11.2,9840
01/10/2022,TM-028    ,553,276.5,8420.8,20.8,8400
01/10/2022,TM-029    ,527,263.5,8073.2,9.2,8064
01/10/2022,TM-030    ,526,263,8010.4,26.4,7984
01/10/2022,TM-031    ,484,242,7383.6,39.6,7344
01/10/2022,TM-032    ,523,261.5,8009.2,25.2,7984
01/10/2022,TM-033    ,509,254.5,7832,8,7824
01/10/2022,TM-034    ,396,198,5996.8,28.8,5968
01/10/2022,TM-035    ,552,276,8457.6,9.6,8448
01/10/2022,TM-036    ,25,12.5,368.8,0.8,368
01/10/2022,TM-038    ,486,243,7493.2,37.2,7456
01/10/2022,TM-039    ,433,216.5,6635.6,43.6,6592
01/10/2022,TM-040    ,556,278,8586,90,8496
01/10/2022,TM-041    ,410,205,6326,6,6320
01/10/2022,TM-042    ,225,112.5,3407.2,15.2,3392
01/10/2022,TM-044    ,318,159,4743.2,71.2,4672
01/10/2022,TM-045    ,169,84.5,2571.2,43.2,2528
01/10/2022,TM-046    ,436,218,6563.6,259.6,6304
01/10/2022,TM-047    ,426,213,6520.8,232.8,6288
01/10/2022,TM-048    ,498,249,7620,212,7408
01/10/2022,TM-049    ,340,170,5199.2,223.2,4976
01/10/2022,TM-050    ,419,209.5,6451.2,131.2,6320
01/10/2022,TM-051    ,387,193.5,5994.8,186.8,5808
01/10/2022,TM-052    ,420,210,6396.8,124.8,6272
01/10/2022,TM-053    ,431,215.5,6438.4,342.4,6096
01/10/2022,TM-054    ,437,218.5,6562.4,306.4,6256
01/10/2022,TM-055    ,400,200,6038,150,5888
01/10/2022,TM-056    ,397,198.5,6016.8,240.8,5776
01/10/2022,TM-057    ,89,44.5,1392.8,16.8,1376
01/10/2022,TM-058    ,356,178,5298,146,5152
01/10/2022,TM-059    ,503,251.5,7775.6,175.6,7600
01/10/2022,TM-060    ,491,245.5,7477.2,181.2,7296
01/11/2022,AM-001    ,1,0.5,19,0,19
01/11/2022,AM-004    ,13,6.5,135,25,110
01/11/2022,AM-008    ,18,9,257,47,210
01/11/2022,AM-01     ,2012,1006,10144,120,10024
01/11/2022,AM-02     ,1573,786.5,7808,94,7714
01/11/2022,AM-03     ,712,356,6474,265,6209
01/11/2022,AM-04     ,744,372,6973,284,6689
01/11/2022,AM-05     ,708,354,6604,442,6162
01/11/2022,AM-055    ,18,9,288,0,288
01/11/2022,AM-06     ,587,293.5,5220.7,380.2,4840.5
01/11/2022,AM-068    ,1225,612.5,5299,815,4484
01/11/2022,AM-069    ,1057,528.5,5012,1406,3606
01/11/2022,AM-07     ,866,433,8009.7,593.2,7416.5
01/11/2022,AM-070    ,1123,561.5,5039,720,4319
01/11/2022,AM-071    ,1110,555,5116,716,4400
01/11/2022,AM-072    ,995,497.5,5953,897,5056
01/11/2022,AM-073    ,1664,832,7935,632,7303
01/11/2022,AM-074    ,758,379,7758,1116,6642
01/11/2022,AM-075    ,677,338.5,7275,1557,5718
01/11/2022,AM-076    ,669,334.5,6904,774,6130
01/11/2022,AM-077    ,700,350,7409,866,6543
01/11/2022,AM-078    ,677,338.5,6747,573,6174
01/11/2022,AM-079    ,679,339.5,6935,587,6348
01/11/2022,AM-08     ,1123,561.5,5781,295,5486
01/11/2022,AM-080    ,651,325.5,6715,585,6130
01/11/2022,AM-081    ,655,327.5,6840,581,6259
01/11/2022,AM-082    ,752,376,7454,275,7179
01/11/2022,AM-083    ,832,416,7290,235,7055
01/11/2022,AM-084    ,856,428,7343,224,7119
01/11/2022,AM-085    ,958,479,8204,396,7808
01/11/2022,AM-086    ,946,473,7864,262,7602
01/11/2022,AM-087    ,1110,555,6533,239,6294
01/11/2022,AM-088    ,1132,566,5934,243,5691
01/11/2022,AM-089    ,1679,839.5,6501,286,6215
01/11/2022,AM-09     ,531,265.5,10035,1725,8310
01/11/2022,AM-090    ,1760,880,7148,298,6850
01/11/2022,AM-091    ,1043,521.5,6942,770,6172
01/11/2022,AM-092    ,426,213,5845,886,4959
01/11/2022,AM-093    ,318,159,6422,1480,4942
01/11/2022,AM-094    ,306,153,6140,1408,4732
01/11/2022,AM-095    ,270,135,5259,1246,4013
01/11/2022,AM-096    ,250,125,5192,1588,3604
01/11/2022,AM-097    ,292,146,5978,2166,3812
01/11/2022,AM-098    ,239,119.5,4776,1497,3279
01/11/2022,AM-099    ,263,131.5,5194,1495,3699
01/11/2022,AM-10     ,514,257,10547,2130,8417
01/11/2022,AM-100    ,134,67,2565,612,1953
01/11/2022,AM-101    ,42,21,803,164,639
01/11/2022,AM-102    ,10,5,201,30,171
01/11/2022,AM-103    ,49,24.5,596,136,460
01/11/2022,AM-11     ,397,198.5,8280,2010,6270
01/11/2022,AM-12     ,564,282,10826,1740,9086
01/11/2022,AM-13     ,199,99.5,3545,673,2872
01/11/2022,AM-14     ,796,398,7467,1310,6157
01/11/2022,AM-15     ,798,399,8051,226,7825
01/11/2022,AM-16     ,1191,595.5,6590,631.4,5958.6
01/11/2022,AM-17     ,504,252,9807,1287,8520
01/11/2022,AM-18     ,512,256,10245,1410,8835
01/11/2022,AM-19     ,475,237.5,9667,1800,7867
01/11/2022,AM-20     ,561,280.5,6712,757,5955
01/11/2022,AM-21     ,455,227.5,9316,1830,7486
01/11/2022,AM-22     ,454,227,9462,2280,7182
01/11/2022,AM-23     ,408,204,7604,1876,5728
01/11/2022,AM-24     ,479,239.5,9006,1511,7495
01/11/2022,AM-25     ,372,186,6840,1217,5623
01/11/2022,AM-26     ,702,351,9890,703,9187
01/11/2022,AM-27     ,650,325,9300.88,693.4,8607.48
01/11/2022,AM-28     ,676,338,9526,746,8780
01/11/2022,AM-29     ,742,371,9745,753,8992
01/11/2022,AM-30     ,723,361.5,9215,843,8372
01/11/2022,AM-31     ,655,327.5,9234,684,8550
01/11/2022,AM-32     ,680,340,9769,916,8853
01/11/2022,AM-33     ,748,374,10486,1022,9464
01/11/2022,AM-34     ,33,16.5,263,41,222
01/11/2022,AM-37     ,1142,571,4824,732,4092
01/11/2022,AM-38     ,1117,558.5,4767.76,726.4,4041.36
01/11/2022,AM-39     ,1196,598,5215,843,4372
01/11/2022,AM-40     ,1140,570,4814,718,4096
01/11/2022,AM-41     ,1826,913,7408,340,7068
01/11/2022,AM-42     ,728,364,2984,168,2816
01/11/2022,AM-43     ,98,49,765,146,619
01/11/2022,AM-44     ,393,196.5,4526,500,4026
01/11/2022,AM-45     ,617,308.5,3913,167,3746
01/11/2022,AM-46     ,1887,943.5,7831,238,7593
01/11/2022,AM-47     ,1565,782.5,6372,320,6052
01/11/2022,AM-48     ,1874,937,7520,264,7256
01/11/2022,AM-49     ,1262,631,5022,16,5006
01/11/2022,AM-50     ,1631,815.5,5313,72,5241
01/11/2022,AM-51     ,747,373.5,3449,0,3449
01/11/2022,AM-52     ,1347,673.5,5185,0,5185
01/11/2022,AM-53     ,594,297,3196,90,3106
01/11/2022,AM-54     ,862,431,4094,103,3991
01/11/2022,AM-55     ,565,282.5,1871,24,1847
01/11/2022,AM-56     ,93,46.5,654,58,596
01/11/2022,AM-57     ,55,27.5,726,133,593
01/11/2022,AM-58     ,80,40,1077,87,990
01/11/2022,AM-59     ,67,33.5,440,2,438
01/11/2022,AM-60     ,56,28,780,77,703
01/11/2022,AM-63     ,39,19.5,451,71,380
01/11/2022,AM-64     ,523,261.5,5229,600,4629
01/11/2022,AM-65     ,624,312,6256,778,5478
01/11/2022,AM-66     ,616,308,6355,728,5627
01/11/2022,AM-67     ,596,298,6206,756,5450
01/11/2022,TM-0001   ,1,0.5,16,0,16
01/11/2022,TM-001    ,567,283.5,8978.4,2.4,8976
01/11/2022,TM-002    ,184,92,2912.8,0.8,2912
01/11/2022,TM-003    ,563,281.5,8908.4,44.4,8864
01/11/2022,TM-004    ,467,233.5,7378.4,2.4,7376
01/11/2022,TM-005    ,465,232.5,7324.8,44.8,7280
01/11/2022,TM-007    ,440,220,7024.4,0.4,7024
01/11/2022,TM-008    ,411,205.5,6532.8,52.8,6480
01/11/2022,TM-009    ,458,229,7263.2,31.2,7232
01/11/2022,TM-010    ,323,161.5,5152.4,0.4,5152
01/11/2022,TM-011    ,63,31.5,976.8,0.8,976
01/11/2022,TM-012    ,473,236.5,7499.6,27.6,7472
01/11/2022,TM-013    ,526,263,8347.6,11.6,8336
01/11/2022,TM-014    ,569,284.5,8974.8,62.8,8912
01/11/2022,TM-015    ,454,227,7183.6,63.6,7120
01/11/2022,TM-016    ,484,242,7700.8,20.8,7680
01/11/2022,TM-018    ,507,253.5,8023.6,87.6,7936
01/11/2022,TM-019    ,358,179,5665.6,1.6,5664
01/11/2022,TM-020    ,22,11,346,10,336
01/11/2022,TM-021    ,49,24.5,768.4,0.4,768
01/11/2022,TM-022    ,424,212,6709.6,21.6,6688
01/11/2022,TM-023    ,484,242,7681.6,1.6,7680
01/11/2022,TM-024    ,492,246,7747.2,3.2,7744
01/11/2022,TM-025    ,447,223.5,7077.6,21.6,7056
01/11/2022,TM-026    ,419,209.5,6626,2,6624
01/11/2022,TM-027    ,445,222.5,7014.4,22.4,6992
01/11/2022,TM-028    ,471,235.5,7436.4,28.4,7408
01/11/2022,TM-029    ,438,219,6933.6,21.6,6912
01/11/2022,TM-030    ,389,194.5,6124.4,28.4,6096
01/11/2022,TM-031    ,419,209.5,6629.6,37.6,6592
01/11/2022,TM-032    ,475,237.5,7488.4,32.4,7456
01/11/2022,TM-033    ,475,237.5,7478.4,102.4,7376
01/11/2022,TM-034    ,499,249.5,7947.2,11.2,7936
01/11/2022,TM-035    ,401,200.5,6304.4,48.4,6256
01/11/2022,TM-038    ,460,230,7262,62,7200
01/11/2022,TM-039    ,507,253.5,8053.2,37.2,8016
01/11/2022,TM-040    ,521,260.5,8236.4,12.4,8224
01/11/2022,TM-041    ,491,245.5,7762.4,2.4,7760
01/11/2022,TM-042    ,217,108.5,3378.4,2.4,3376
01/11/2022,TM-044    ,230,115,3636.8,36.8,3600
01/11/2022,TM-045    ,238,119,3706,42,3664
01/11/2022,TM-046    ,448,224,6987.6,219.6,6768
01/11/2022,TM-047    ,307,153.5,4860.8,140.8,4720
01/11/2022,TM-048    ,350,175,5534,158,5376
01/11/2022,TM-049    ,447,223.5,6983.6,167.6,6816
01/11/2022,TM-050    ,385,192.5,6057.2,169.2,5888
01/11/2022,TM-051    ,410,205,6438.4,230.4,6208
01/11/2022,TM-052    ,408,204,6418,194,6224
01/11/2022,TM-053    ,354,177,5507.2,259.2,5248
01/11/2022,TM-054    ,297,148.5,4642.8,146.8,4496
01/11/2022,TM-055    ,350,175,5432.4,312.4,5120
01/11/2022,TM-056    ,518,259,8140.4,92.4,8048
01/11/2022,TM-057    ,391,195.5,6080,288,5792
01/11/2022,TM-058    ,373,186.5,5826,66,5760
01/11/2022,TM-059    ,411,205.5,6345.6,185.6,6160
01/11/2022,TM-060    ,454,227,7098.8,282.8,6816
01/12/2022,AM-001    ,2,1,33,0,33
01/12/2022,AM-004    ,30,15,272,20,252
01/12/2022,AM-01     ,2050,1025,10064,124,9940
01/12/2022,AM-02     ,2004,1002,10078,148,9930
01/12/2022,AM-03     ,690,345,6074,432,5642
01/12/2022,AM-04     ,881,440.5,7987,580,7407
01/12/2022,AM-05     ,918,459,8316,417,7899
01/12/2022,AM-068    ,1242,621,5404,866,4538
01/12/2022,AM-069    ,1108,554,4998,1422,3576
01/12/2022,AM-07     ,791,395.5,7259,454,6805
01/12/2022,AM-070    ,1170,585,5749,864,4885
01/12/2022,AM-071    ,1236,618,5268,712,4556
01/12/2022,AM-072    ,1023,511.5,6075,953,5122
01/12/2022,AM-073    ,1554,777,7828,742,7086
01/12/2022,AM-074    ,1045,522.5,8181,966,7215
01/12/2022,AM-075    ,698,349,7486,1425,6061
01/12/2022,AM-076    ,679,339.5,7141,1124,6017
01/12/2022,AM-077    ,732,366,7762,814,6948
01/12/2022,AM-078    ,729,364.5,7460,755,6705
01/12/2022,AM-079    ,717,358.5,7148,667,6481
01/12/2022,AM-08     ,1285,642.5,6335,289,6046
01/12/2022,AM-080    ,774,387,7482,592,6890
01/12/2022,AM-081    ,723,361.5,7785,823,6962
01/12/2022,AM-082    ,743,371.5,7498,435,7063
01/12/2022,AM-083    ,811,405.5,7825,248,7577
01/12/2022,AM-084    ,778,389,7045,213,6832
01/12/2022,AM-085    ,900,450,7747,265,7482
01/12/2022,AM-086    ,977,488.5,8149,313,7836
01/12/2022,AM-087    ,1034,517,7306,292,7014
01/12/2022,AM-088    ,1246,623,6750,309,6441
01/12/2022,AM-089    ,1462,731,6608,309,6299
01/12/2022,AM-09     ,554,277,11175,1770,9405
01/12/2022,AM-090    ,1806,903,7083,267,6816
01/12/2022,AM-091    ,1447,723.5,7852,663,7189
01/12/2022,AM-092    ,758,379,7368,900,6468
01/12/2022,AM-093    ,440,220,7190,1288,5902
01/12/2022,AM-094    ,414,207,7073,1465,5608
01/12/2022,AM-095    ,305,152.5,6252,1424,4828
01/12/2022,AM-096    ,383,191.5,6544,1910,4634
01/12/2022,AM-097    ,285,142.5,5349,1950,3399
01/12/2022,AM-098    ,328,164,5577,1672,3905
01/12/2022,AM-099    ,254,127,3893,1145,2748
01/12/2022,AM-10     ,526,263,9175,1986,7189
01/12/2022,AM-100    ,182,91,2596,604,1992
01/12/2022,AM-101    ,122,61,2125,546,1579
01/12/2022,AM-102    ,62,31,1185,224,961
01/12/2022,AM-103    ,34,17,477,57,420
01/12/2022,AM-11     ,534,267,10762,1680,9082
01/12/2022,AM-12     ,536,268,9917,1685,8232
01/12/2022,AM-13     ,526,263,9730,1717,8013
01/12/2022,AM-14     ,682,341,9061,1365,7696
01/12/2022,AM-15     ,560,280,5609,332,5277
01/12/2022,AM-16     ,468,234,6943,1075,5868
01/12/2022,AM-17     ,59,29.5,663,64,599
01/12/2022,AM-18     ,468,234,8854,1553,7301
01/12/2022,AM-19     ,467,233.5,9346,1290,8056
01/12/2022,AM-20     ,649,324.5,5334,508,4826
01/12/2022,AM-21     ,507,253.5,9470,1809,7661
01/12/2022,AM-22     ,514,257,10118,1274,8844
01/12/2022,AM-23     ,346,173,6672,1100,5572
01/12/2022,AM-24     ,430,215,8999,2384,6615
01/12/2022,AM-25     ,436,218,8355,2194,6161
01/12/2022,AM-26     ,584,292,8326,852,7474
01/12/2022,AM-27     ,455,227.5,6370,420,5950
01/12/2022,AM-28     ,604,302,8507,618,7889
01/12/2022,AM-29     ,673,336.5,9452,686,8766
01/12/2022,AM-30     ,692,346,9746,737,9009
01/12/2022,AM-31     ,681,340.5,9594,865,8729
01/12/2022,AM-32     ,650,325,8443,843,7600
01/12/2022,AM-33     ,770,385,10200,680,9520
01/12/2022,AM-37     ,956,478,4092,636,3456
01/12/2022,AM-38     ,1206,603,5122,786,4336
01/12/2022,AM-39     ,1036,518,4688,678,4010
01/12/2022,AM-40     ,1040,520,4816,819,3997
01/12/2022,AM-41     ,1684,842,6864,344,6520
01/12/2022,AM-42     ,1847,923.5,7578,344,7234
01/12/2022,AM-43     ,267,133.5,2584,73,2511
01/12/2022,AM-44     ,737,368.5,6989,711,6278
01/12/2022,AM-45     ,1036,518,6637,449,6188
01/12/2022,AM-46     ,1781,890.5,7499,276,7223
01/12/2022,AM-47     ,1528,764,6196,284,5912
01/12/2022,AM-48     ,1722,861,7205,425,6780
01/12/2022,AM-49     ,1358,679,6278,148,6130
01/12/2022,AM-50     ,1065,532.5,4932,28,4904
01/12/2022,AM-51     ,1273,636.5,5376,10,5366
01/12/2022,AM-52     ,1469,734.5,5771,34,5737
01/12/2022,AM-53     ,25,12.5,75,0,75
01/12/2022,AM-54     ,862,431,4310,0,4310
01/12/2022,AM-56     ,50,25,449,54,395
01/12/2022,AM-57     ,78,39,749,137,612
01/12/2022,AM-58     ,66,33,658,98,560
01/12/2022,AM-59     ,74,37,446,76,370
01/12/2022,AM-60     ,87,43.5,738,80,658
01/12/2022,AM-61     ,71,35.5,1158,121,1037
01/12/2022,AM-62     ,16,8,145,10,135
01/12/2022,AM-64     ,610,305,6326,848,5478
01/12/2022,AM-65     ,614,307,5692,647,5045
01/12/2022,AM-66     ,684,342,7173,814,6359
01/12/2022,AM-67     ,700,350,7116,852,6264
01/12/2022,TM-001    ,606,303,9690,10,9680
01/12/2022,TM-002    ,465,232.5,7434,10,7424
01/12/2022,TM-003    ,493,246.5,7838.8,46.8,7792
01/12/2022,TM-004    ,429,214.5,6864,16,6848
01/12/2022,TM-005    ,416,208,6656,16,6640
01/12/2022,TM-007    ,550,275,8713.6,89.6,8624
01/12/2022,TM-008    ,488,244,7792.4,0.4,7792
01/12/2022,TM-009    ,355,177.5,5668,20,5648
01/12/2022,TM-010    ,441,220.5,7018.8,26.8,6992
01/12/2022,TM-011    ,47,23.5,740,36,704
01/12/2022,TM-012    ,498,249,7930.8,10.8,7920
01/12/2022,TM-013    ,489,244.5,7768.8,72.8,7696
01/12/2022,TM-014    ,523,261.5,8324.8,68.8,8256
01/12/2022,TM-015    ,474,237,7572,68,7504
01/12/2022,TM-016    ,216,108,3432,40,3392
01/12/2022,TM-017    ,13,6.5,196,36,160
01/12/2022,TM-018    ,511,255.5,8144.8,0.8,8144
01/12/2022,TM-019    ,490,245,7810,50,7760
01/12/2022,TM-021    ,3,1.5,48,0,48
01/12/2022,TM-022    ,473,236.5,7530.8,26.8,7504
01/12/2022,TM-023    ,426,213,6760.8,88.8,6672
01/12/2022,TM-024    ,427,213.5,6788.8,20.8,6768
01/12/2022,TM-025    ,487,243.5,7780,36,7744
01/12/2022,TM-026    ,480,240,7648.8,0.8,7648
01/12/2022,TM-027    ,385,192.5,6154,10,6144
01/12/2022,TM-028    ,316,158,5038,30,5008
01/12/2022,TM-029    ,467,233.5,7434.8,10.8,7424
01/12/2022,TM-030    ,515,257.5,8208.8,0.8,8208
01/12/2022,TM-031    ,363,181.5,5770.8,10.8,5760
01/12/2022,TM-032    ,391,195.5,6212.8,20.8,6192
01/12/2022,TM-033    ,484,242,7714,50,7664
01/12/2022,TM-034    ,523,261.5,8296,136,8160
01/12/2022,TM-035    ,463,231.5,7372,60,7312
01/12/2022,TM-037    ,1,0.5,16,0,16
01/12/2022,TM-038    ,588,294,9396,36,9360
01/12/2022,TM-039    ,498,249,7968,0,7968
01/12/2022,TM-040    ,442,221,7034.8,26.8,7008
01/12/2022,TM-041    ,423,211.5,6716.8,60.8,6656
01/12/2022,TM-042    ,97,48.5,1552,16,1536
01/12/2022,TM-044    ,179,89.5,2848.4,0.4,2848
01/12/2022,TM-045    ,221,110.5,3524,36,3488
01/12/2022,TM-046    ,370,185,5860,148,5712
01/12/2022,TM-047    ,362,181,5750,150,5600
01/12/2022,TM-048    ,347,173.5,5504,128,5376
01/12/2022,TM-049    ,374,187,5918,190,5728
01/12/2022,TM-050    ,414,207,6588,140,6448
01/12/2022,TM-051    ,389,194.5,6164,212,5952
01/12/2022,TM-052    ,514,257,8146,226,7920
01/12/2022,TM-053    ,402,201,6366,190,6176
01/12/2022,TM-054    ,441,220.5,7038,62,6976
01/12/2022,TM-055    ,369,184.5,5844,196,5648
01/12/2022,TM-056    ,356,178,5648,176,5472
01/12/2022,TM-057    ,397,198.5,6304,192,6112
01/12/2022,TM-058    ,526,263,8374,134,8240
01/12/2022,TM-059    ,428,214,6776,248,6528
01/12/2022,TM-060    ,271,135.5,4294,214,4080
01/01/2023,AM-01     ,1940,970,9634,116,9518
01/01/2023,AM-012    ,12,6,192,0,192
01/01/2023,AM-02     ,1868,934,9167,126,9041
01/01/2023,AM-03     ,790,395,7171,297,6874
01/01/2023,AM-034    ,20,10,320,0,320
01/01/2023,AM-04     ,691,345.5,6919,462,6457
01/01/2023,AM-05     ,778,389,7287,593,6694
01/01/2023,AM-051    ,7,3.5,112,16,96
01/01/2023,AM-052    ,21,10.5,330,10,320
01/01/2023,AM-053    ,9,4.5,138,10,128
01/01/2023,AM-06     ,541,270.5,4903,340,4563
01/01/2023,AM-068    ,1245,622.5,5496,889,4607
01/01/2023,AM-069    ,1073,536.5,4970,1369,3601
01/01/2023,AM-07     ,857,428.5,8050,559.2,7490.8
01/01/2023,AM-070    ,1084,542,5262,968,4294
01/01/2023,AM-071    ,1212,606,5428,715,4713
01/01/2023,AM-072    ,1132,566,5236,724,4512
01/01/2023,AM-073    ,1119,559.5,7066,1042,6024
01/01/2023,AM-074    ,1461,730.5,8109,780,7329
01/01/2023,AM-075    ,727,363.5,7877,1332,6545
01/01/2023,AM-076    ,697,348.5,7420,1455,5965
01/01/2023,AM-077    ,754,377,7565,820,6745
01/01/2023,AM-078    ,733,366.5,7679,852,6827
01/01/2023,AM-079    ,678,339,6919,599,6320
01/01/2023,AM-08     ,1115,557.5,5586,261,5325
01/01/2023,AM-080    ,724,362,7017,505,6512
01/01/2023,AM-081    ,703,351.5,7475,638,6837
01/01/2023,AM-082    ,728,364,7410,455,6955
01/01/2023,AM-083    ,826,413,7611,281,7330
01/01/2023,AM-084    ,819,409.5,7681,221,7460
01/01/2023,AM-085    ,915,457.5,7651,242,7409
01/01/2023,AM-086    ,1022,511,8307,392,7915
01/01/2023,AM-087    ,1016,508,7864,309,7555
01/01/2023,AM-088    ,1279,639.5,7166,256,6910
01/01/2023,AM-089    ,1531,765.5,7455,332,7123
01/01/2023,AM-09     ,490,245,9773,1604,8169
01/01/2023,AM-090    ,1689,844.5,7244,355,6889
01/01/2023,AM-091    ,1693,846.5,7434,381,7053
01/01/2023,AM-092    ,1225,612.5,8652,732,7920
01/01/2023,AM-093    ,724,362,7770,1080,6690
01/01/2023,AM-094    ,508,254,7550,1464,6086
01/01/2023,AM-095    ,372,186,7572,1934,5638
01/01/2023,AM-096    ,301,150.5,6187,1454,4733
01/01/2023,AM-097    ,334,167,6787,1872,4915
01/01/2023,AM-098    ,296,148,6301,2024,4277
01/01/2023,AM-099    ,330,165,6826,2022,4804
01/01/2023,AM-10     ,467,233.5,8983,1702,7281
01/01/2023,AM-100    ,290,145,6120,1814,4306
01/01/2023,AM-101    ,262,131,4830,1196,3634
01/01/2023,AM-102    ,250,125,4511,1012,3499
01/01/2023,AM-103    ,296,148,2480,356,2124
01/01/2023,AM-11     ,528,264,9689,1918,7771
01/01/2023,AM-12     ,525,262.5,10387,1560,8827
01/01/2023,AM-13     ,477,238.5,8395,1286,7109
01/01/2023,AM-14     ,656,328,6638,676,5962
01/01/2023,AM-15     ,31,15.5,376,80,296
01/01/2023,AM-16     ,497,248.5,5504,793,4711
01/01/2023,AM-17     ,308,154,6226,1020,5206
01/01/2023,AM-18     ,472,236,9240,2048,7192
01/01/2023,AM-19     ,412,206,8532,1920,6612
01/01/2023,AM-20     ,442,221,4792,555,4237
01/01/2023,AM-21     ,502,251,10055,1410,8645
01/01/2023,AM-22     ,409,204.5,8141,1364,6777
01/01/2023,AM-23     ,387,193.5,7088,1631,5457
01/01/2023,AM-24     ,450,225,8979,1170,7809
01/01/2023,AM-25     ,358,179,6608,1083,5525
01/01/2023,AM-26     ,634,317,8882,636,8246
01/01/2023,AM-27     ,627,313.5,8605,824,7781
01/01/2023,AM-28     ,270,135,3884,327,3557
01/01/2023,AM-29     ,589,294.5,8167,685,7482
01/01/2023,AM-30     ,671,335.5,9589,794,8795
01/01/2023,AM-31     ,691,345.5,9674,672,9002
01/01/2023,AM-32     ,567,283.5,7555,663,6892
01/01/2023,AM-33     ,518,259,7343,506,6837
01/01/2023,AM-36     ,21,10.5,102,16,86
01/01/2023,AM-37     ,663,331.5,3143,440,2703
01/01/2023,AM-38     ,893,446.5,4107,604,3503
01/01/2023,AM-39     ,1127,563.5,4780,724,4056
01/01/2023,AM-40     ,827,413.5,3614,548,3066
01/01/2023,AM-41     ,1784,892,7200,296,6904
01/01/2023,AM-42     ,1468,734,6131,346,5785
01/01/2023,AM-43     ,809,404.5,7279,215,7064
01/01/2023,AM-44     ,627,313.5,6406,825,5581
01/01/2023,AM-45     ,854,427,6039,523,5516
01/01/2023,AM-46     ,1686,843,7304,294,7010
01/01/2023,AM-47     ,1806,903,7392,400,6992
01/01/2023,AM-48     ,1812,906,7328,316,7012
01/01/2023,AM-49     ,1411,705.5,5991,76,5915
01/01/2023,AM-50     ,1093,546.5,4617,0,4617
01/01/2023,AM-51     ,1452,726,5784,0,5784
01/01/2023,AM-52     ,1670,835,6243,2,6241
01/01/2023,AM-54     ,878,439,4390,0,4390
01/01/2023,AM-57     ,34,17,509,70,439
01/01/2023,AM-58     ,19,9.5,79,11,68
01/01/2023,AM-59     ,66,33,368,38,330
01/01/2023,AM-60     ,53,26.5,805,80,725
01/01/2023,AM-61     ,98,49,850,73,777
01/01/2023,AM-62     ,53,26.5,687,52,635
01/01/2023,AM-64     ,666,333,6750,755,5995
01/01/2023,AM-65     ,611,305.5,6145,733,5412
01/01/2023,AM-66     ,821,410.5,6865,634,6231
01/01/2023,AM-67     ,605,302.5,6093,753,5340
01/01/2023,TM-0001   ,1,0.5,16,0,16
01/01/2023,TM-001    ,442,221,7072,0,7072
01/01/2023,TM-002    ,335,167.5,5360,0,5360
01/01/2023,TM-003    ,499,249.5,7978,42,7936
01/01/2023,TM-004    ,328,164,5224,40,5184
01/01/2023,TM-005    ,446,223,7136,0,7136
01/01/2023,TM-007    ,520,260,8314,26,8288
01/01/2023,TM-008    ,483,241.5,7722,42,7680
01/01/2023,TM-009    ,474,237,7584,16,7568
01/01/2023,TM-010    ,419,209.5,6692,36,6656
01/01/2023,TM-012    ,548,274,8756,20,8736
01/01/2023,TM-013    ,530,265,8468,36,8432
01/01/2023,TM-014    ,536,268,8576,0,8576
01/01/2023,TM-015    ,467,233.5,7472,0,7472
01/01/2023,TM-016    ,204,102,3252,20,3232
01/01/2023,TM-018    ,461,230.5,7376,0,7376
01/01/2023,TM-019    ,516,258,8256,0,8256
01/01/2023,TM-020    ,6,3,96,0,96
01/01/2023,TM-022    ,502,251,8032,0,8032
01/01/2023,TM-023    ,328,164,5248,0,5248
01/01/2023,TM-024    ,478,239,7648,0,7648
01/01/2023,TM-025    ,529,264.5,8464,16,8448
01/01/2023,TM-026    ,488,244,7808,0,7808
01/01/2023,TM-027    ,551,275.5,8768,80,8688
01/01/2023,TM-028    ,485,242.5,7760,0,7760
01/01/2023,TM-029    ,512,256,8144,80,8064
01/01/2023,TM-030    ,498,249,7962,10,7952
01/01/2023,TM-031    ,505,252.5,8020,100,7920
01/01/2023,TM-032    ,481,240.5,7684,20,7664
01/01/2023,TM-033    ,510,255,8160,0,8160
01/01/2023,TM-034    ,541,270.5,8626,50,8576
01/01/2023,TM-035    ,439,219.5,7012,52,6960
01/01/2023,TM-038    ,468,234,7482,10,7472
01/01/2023,TM-039    ,475,237.5,7588,36,7552
01/01/2023,TM-040    ,494,247,7886,30,7856
01/01/2023,TM-041    ,356,178,5660,60,5600
01/01/2023,TM-042    ,301,150.5,4804,20,4784
01/01/2023,TM-043    ,2,1,32,0,32
01/01/2023,TM-044    ,355,177.5,5664,14,5650
01/01/2023,TM-045    ,238,119,3802,10,3792
01/01/2023,TM-046    ,378,189,5970,258,5712
01/01/2023,TM-047    ,303,151.5,4824,56,4768
01/01/2023,TM-048    ,456,228,7236,244,6992
01/01/2023,TM-049    ,322,161,5098,170,4928
01/01/2023,TM-050    ,401,200.5,6356,292,6064
01/01/2023,TM-051    ,384,192,6084,196,5888
01/01/2023,TM-052    ,335,167.5,5282,258,5024
01/01/2023,TM-053    ,392,196,6218,122,6096
01/01/2023,TM-054    ,395,197.5,6278,150,6128
01/01/2023,TM-055    ,397,198.5,6304,160,6144
01/01/2023,TM-056    ,455,227.5,7196,252,6944
01/01/2023,TM-057    ,419,209.5,6644,132,6512
01/01/2023,TM-058    ,352,176,5530,266,5264
01/01/2023,TM-059    ,500,250,7946,170,7776
01/01/2023,TM-060    ,370,185,5854,270,5584
01/02/2023,AM-009    ,10,5,201,30,171
01/02/2023,AM-01     ,1662,831,8133,106,8027
01/02/2023,AM-02     ,1811,905.5,9195,168,9027
01/02/2023,AM-03     ,813,406.5,7395,575,6820
01/02/2023,AM-034    ,43,21.5,688,0,688
01/02/2023,AM-038    ,8,4,128,0,128
01/02/2023,AM-04     ,788,394,7134,420,6714
01/02/2023,AM-045    ,8,4,88,11,77
01/02/2023,AM-05     ,628,314,5673,210,5463
01/02/2023,AM-06     ,612,306,5603,241,5362
01/02/2023,AM-068    ,1100,550,4720,760,3960
01/02/2023,AM-069    ,1017,508.5,4567,1243,3324
01/02/2023,AM-07     ,724,362,6694,467,6227
01/02/2023,AM-070    ,1085,542.5,4903,861,4042
01/02/2023,AM-071    ,1080,540,4719,675,4044
01/02/2023,AM-072    ,1103,551.5,4744,611,4133
01/02/2023,AM-073    ,1077,538.5,6034,801,5233
01/02/2023,AM-074    ,1375,687.5,7329,626,6703
01/02/2023,AM-075    ,683,341.5,6896,1023,5873
01/02/2023,AM-076    ,645,322.5,6984,1387,5597
01/02/2023,AM-077    ,630,315,6531,841,5690
01/02/2023,AM-078    ,653,326.5,6962,801,6161
01/02/2023,AM-079    ,638,319,6550,711,5839
01/02/2023,AM-08     ,1011,505.5,5009,219,4790
01/02/2023,AM-080    ,647,323.5,6553,588,5965
01/02/2023,AM-081    ,665,332.5,6929,524,6405
01/02/2023,AM-082    ,646,323,6667,487,6180
01/02/2023,AM-083    ,655,327.5,6752,328,6424
01/02/2023,AM-084    ,705,352.5,6829,274,6555
01/02/2023,AM-085    ,753,376.5,7118,214,6904
01/02/2023,AM-086    ,859,429.5,7314,262,7052
01/02/2023,AM-087    ,834,417,6967,259,6708
01/02/2023,AM-088    ,1179,589.5,6943,261,6682
01/02/2023,AM-089    ,1298,649,6474,248,6226
01/02/2023,AM-09     ,394,197,7811,1330,6481
01/02/2023,AM-090    ,1537,768.5,6757,270,6487
01/02/2023,AM-091    ,1600,800,6805,347,6458
01/02/2023,AM-092    ,1293,646.5,7116,539,6577
01/02/2023,AM-093    ,658,329,6648,806,5842
01/02/2023,AM-094    ,415,207.5,6771,1222,5549
01/02/2023,AM-095    ,425,212.5,7123,1560,5563
01/02/2023,AM-096    ,294,147,5636,1222,4414
01/02/2023,AM-097    ,210,105,4518,1440,3078
01/02/2023,AM-098    ,264,132,5693,2024,3669
01/02/2023,AM-099    ,280,140,5794,1619,4175
01/02/2023,AM-10     ,381,190.5,7336,1329,6007
01/02/2023,AM-100    ,278,139,5553,1572,3981
01/02/2023,AM-101    ,269,134.5,4631,918,3713
01/02/2023,AM-102    ,120,60,1875,326,1549
01/02/2023,AM-103    ,432,216,3191,404,2787
01/02/2023,AM-11     ,409,204.5,8304,1604,6700
01/02/2023,AM-12     ,383,191.5,5899,942,4957
01/02/2023,AM-13     ,221,110.5,4540,930,3610
01/02/2023,AM-14     ,483,241.5,6490,1224,5266
01/02/2023,AM-15     ,114,57,684,51,633
01/02/2023,AM-16     ,722,361,5471,523,4948
01/02/2023,AM-17     ,1281,640.5,6502,356,6146
01/02/2023,AM-18     ,447,223.5,8933,1200,7733
01/02/2023,AM-19     ,466,233,9426,1560,7866
01/02/2023,AM-20     ,408,204,7182,761,6421
01/02/2023,AM-21     ,382,191,7907,1770,6137
01/02/2023,AM-22     ,430,215,8907,2010,6897
01/02/2023,AM-23     ,417,208.5,8115,1897,6218
01/02/2023,AM-24     ,407,203.5,8294,1530,6764
01/02/2023,AM-25     ,294,147,6081,1350,4731
01/02/2023,AM-26     ,564,282,7896,532,7364
01/02/2023,AM-27     ,662,331,8997,658,8339
01/02/2023,AM-28     ,626,313,8764,644,8120
01/02/2023,AM-29     ,594,297,8328,740,7588
01/02/2023,AM-30     ,426,213,5965,533,5432
01/02/2023,AM-31     ,425,212.5,6020,458,5562
01/02/2023,AM-32     ,509,254.5,7127,617,6510
01/02/2023,AM-33     ,592,296,8480,913,7567
01/02/2023,AM-34     ,30,15,598,90,508
01/02/2023,AM-37     ,864,432,3837,537,3300
01/02/2023,AM-38     ,778,389,4741,583,4158
01/02/2023,AM-39     ,1013,506.5,4449,683,3766
01/02/2023,AM-40     ,843,421.5,3691,577,3114
01/02/2023,AM-41     ,1630,815,6696,384,6312
01/02/2023,AM-42     ,1697,848.5,6875,288,6587
01/02/2023,AM-43     ,590,295,5997,187,5810
01/02/2023,AM-44     ,468,234,4172,462,3710
01/02/2023,AM-45     ,438,219,4456,432,4024
01/02/2023,AM-46     ,612,306,7531,1085,6446
01/02/2023,AM-47     ,1466,733,5998,235,5763
01/02/2023,AM-48     ,1586,793,6581,370,6211
01/02/2023,AM-49     ,848,424,3816,0,3816
01/02/2023,AM-50     ,1006,503,4424,60,4364
01/02/2023,AM-51     ,1396,698,5292,0,5292
01/02/2023,AM-52     ,1472,736,5248,0,5248
01/02/2023,AM-54     ,730,365,3650,0,3650
01/02/2023,AM-56     ,33,16.5,414,50,364
01/02/2023,AM-57     ,8,4,163,30,133
01/02/2023,AM-58     ,4,2,76,0,76
01/02/2023,AM-59     ,15,7.5,195,38,157
01/02/2023,AM-61     ,10,5,201,30,171
01/02/2023,AM-62     ,142,71,1254,113,1141
01/02/2023,AM-64     ,570,285,5782,689,5093
01/02/2023,AM-65     ,558,279,5728,721,5007
01/02/2023,AM-66     ,344,172,3630,425,3205
01/02/2023,AM-67     ,572,286,5724,697,5027
01/02/2023,TM-0001   ,1,0.5,16,0,16
01/02/2023,TM-001    ,298,149,4756,20,4736
01/02/2023,TM-002    ,452,226,7172,116,7056
01/02/2023,TM-003    ,450,225,7200,16,7184
01/02/2023,TM-004    ,418,209,6664,40,6624
01/02/2023,TM-005    ,501,250.5,8010,42,7968
01/02/2023,TM-007    ,393,196.5,6288,0,6288
01/02/2023,TM-008    ,471,235.5,7530,26,7504
01/02/2023,TM-009    ,449,224.5,7178,10,7168
01/02/2023,TM-010    ,302,151,4826,42,4784
01/02/2023,TM-012    ,464,232,7406,78,7328
01/02/2023,TM-013    ,455,227.5,7280,0,7280
01/02/2023,TM-014    ,474,237,7572,36,7536
01/02/2023,TM-015    ,435,217.5,6954,10,6944
01/02/2023,TM-016    ,303,151.5,4836,20,4816
01/02/2023,TM-017    ,9,4.5,144,0,144
01/02/2023,TM-018    ,524,262,8372,20,8352
01/02/2023,TM-019    ,371,185.5,5936,0,5936
01/02/2023,TM-021    ,3,1.5,48,0,48
01/02/2023,TM-022    ,419,209.5,6698,10,6688
01/02/2023,TM-023    ,356,178,5690,26,5664
01/02/2023,TM-024    ,384,192,6138,26,6112
01/02/2023,TM-025    ,452,226,7232,0,7232
01/02/2023,TM-026    ,470,235,7520,0,7520
01/02/2023,TM-027    ,470,235,7514,10,7504
01/02/2023,TM-028    ,406,203,6442,106,6336
01/02/2023,TM-029    ,548,274,8750,30,8720
01/02/2023,TM-030    ,476,238,7592,40,7552
01/02/2023,TM-031    ,270,135,4320,0,4320
01/02/2023,TM-032    ,497,248.5,7940,36,7904
01/02/2023,TM-033    ,366,183,5838,30,5808
01/02/2023,TM-034    ,426,213,6804,20,6784
01/02/2023,TM-035    ,424,212,6772,52,6720
01/02/2023,TM-038    ,384,192,6144,0,6144
01/02/2023,TM-039    ,410,205,6560,0,6560
01/02/2023,TM-040    ,491,245.5,7850,10,7840
01/02/2023,TM-041    ,453,226.5,7248,0,7248
01/02/2023,TM-042    ,280,140,4468,52,4416
01/02/2023,TM-044    ,41,20.5,656,0,656
01/02/2023,TM-045    ,306,153,4890,10,4880
01/02/2023,TM-046    ,161,80.5,2552,120,2432
01/02/2023,TM-047    ,351,175.5,5550,238,5312
01/02/2023,TM-048    ,298,149,4726,134,4592
01/02/2023,TM-049    ,388,194,6142,158,5984
01/02/2023,TM-050    ,414,207,6576,160,6416
01/02/2023,TM-051    ,387,193.5,6150,182,5968
01/02/2023,TM-052    ,325,162.5,5140,180,4960
01/02/2023,TM-053    ,364,182,5758,238,5520
01/02/2023,TM-054    ,324,162,5124,180,4944
01/02/2023,TM-055    ,370,185,5848,264,5584
01/02/2023,TM-056    ,401,200.5,6374,166,6208
01/02/2023,TM-057    ,402,201,6396,172,6224
01/02/2023,TM-058    ,360,180,5706,90,5616
01/02/2023,TM-059    ,368,184,5822,158,5664
01/02/2023,TM-060    ,376,188,5932,172,5760
01/03/2023,AM-001    ,2,1,34,30,4
01/03/2023,AM-01     ,1823,911.5,9013,135,8878
01/03/2023,AM-02     ,1874,937,9202,112,9090
01/03/2023,AM-03     ,661,330.5,6119,285,5834
01/03/2023,AM-04     ,729,364.5,6957,514,6443
01/03/2023,AM-042    ,5,2.5,80,0,80
01/03/2023,AM-047    ,7,3.5,106,10,96
01/03/2023,AM-05     ,907,453.5,8058,554,7504
01/03/2023,AM-06     ,888,444,8041,490,7551
01/03/2023,AM-068    ,1264,632,5430,878,4552
01/03/2023,AM-069    ,1111,555.5,5031,1459,3572
01/03/2023,AM-07     ,886,443,8221,375,7846
01/03/2023,AM-070    ,1263,631.5,5396,801,4595
01/03/2023,AM-071    ,1197,598.5,5167,697,4470
01/03/2023,AM-072    ,1185,592.5,5138,686,4452
01/03/2023,AM-073    ,1382,691,7202,888,6314
01/03/2023,AM-074    ,1425,712.5,8137,806,7331
01/03/2023,AM-075    ,727,363.5,7952,1218,6734
01/03/2023,AM-076    ,685,342.5,7447,1729,5718
01/03/2023,AM-077    ,710,355,7444,869,6575
01/03/2023,AM-078    ,732,366,7887,1028,6859
01/03/2023,AM-079    ,676,338,6776,629,6147
01/03/2023,AM-08     ,1166,583,5841,276,5565
01/03/2023,AM-080    ,689,344.5,7192,561,6631
01/03/2023,AM-081    ,750,375,7436,695,6741
01/03/2023,AM-082    ,714,357,7197,463,6734
01/03/2023,AM-083    ,772,386,7848,295,7553
01/03/2023,AM-084    ,782,391,7784,203,7581
01/03/2023,AM-085    ,805,402.5,7715,225,7490
01/03/2023,AM-086    ,882,441,8236,323,7913
01/03/2023,AM-087    ,964,482,8182,280,7902
01/03/2023,AM-088    ,1277,638.5,7314,275,7039
01/03/2023,AM-089    ,1455,727.5,6888,235,6653
01/03/2023,AM-09     ,517,258.5,10566,2204,8362
01/03/2023,AM-090    ,1870,935,7178,322,6856
01/03/2023,AM-091    ,1920,960,7922,342,7580
01/03/2023,AM-092    ,1190,595,7852,774,7078
01/03/2023,AM-093    ,464,232,6542,952,5590
01/03/2023,AM-094    ,449,224.5,7526,1892,5634
01/03/2023,AM-095    ,357,178.5,7169,1660,5509
01/03/2023,AM-096    ,316,158,6522,1768,4754
01/03/2023,AM-097    ,332,166,6732,1662,5070
01/03/2023,AM-098    ,316,158,6558,2261,4297
01/03/2023,AM-099    ,284,142,6078,1860,4218
01/03/2023,AM-10     ,447,223.5,9093,2080,7013
01/03/2023,AM-100    ,193,96.5,3729,1030,2699
01/03/2023,AM-101    ,130,65,2378,581,1797
01/03/2023,AM-102    ,84,42,1499,431,1068
01/03/2023,AM-103    ,100,50,1229.81,162.6,1067.21
01/03/2023,AM-11     ,381,190.5,7470,1304,6166
01/03/2023,AM-12     ,476,238,8156,1272,6884
01/03/2023,AM-13     ,613,306.5,9941,1458,8483
01/03/2023,AM-14     ,435,217.5,4152,538,3614
01/03/2023,AM-15     ,6,3,55,10,45
01/03/2023,AM-16     ,460,230,3129,207,2922
01/03/2023,AM-17     ,1975,987.5,8278,234,8044
01/03/2023,AM-18     ,502,251,9693,2007,7686
01/03/2023,AM-19     ,518,259,10191,1512,8679
01/03/2023,AM-20     ,492,246,8499,1109,7390
01/03/2023,AM-21     ,516,258,10365,1530,8835
01/03/2023,AM-22     ,460,230,9098,1154,7944
01/03/2023,AM-23     ,408,204,8148,1495,6653
01/03/2023,AM-24     ,452,226,9413,2250,7163
01/03/2023,AM-25     ,422,211,8651,1904,6747
01/03/2023,AM-26     ,609,304.5,8227,678,7549
01/03/2023,AM-27     ,539,269.5,7546,462,7084
01/03/2023,AM-28     ,514,257,7196,448,6748
01/03/2023,AM-29     ,695,347.5,9852,746,9106
01/03/2023,AM-30     ,674,337,9447,809,8638
01/03/2023,AM-31     ,640,320,8962,786,8176
01/03/2023,AM-32     ,592,296,8044,805,7239
01/03/2023,AM-33     ,650,325,9165,665,8500
01/03/2023,AM-34     ,16,8,145,10,135
01/03/2023,AM-37     ,1103,551.5,4753,727,4026
01/03/2023,AM-38     ,534,267,3553,343,3210
01/03/2023,AM-39     ,1001,500.5,4283,683,3600
01/03/2023,AM-40     ,1157,578.5,5345,842,4503
01/03/2023,AM-41     ,1805,902.5,7335,289,7046
01/03/2023,AM-42     ,1768,884,7212,368,6844
01/03/2023,AM-43     ,781,390.5,7672,192,7480
01/03/2023,AM-44     ,298,149,3186,459,2727
01/03/2023,AM-45     ,909,454.5,5687,349,5338
01/03/2023,AM-46     ,562,281,10055,2394,7661
01/03/2023,AM-47     ,1765,882.5,7656,525,7131
01/03/2023,AM-48     ,1612,806,6755,290,6465
01/03/2023,AM-49     ,901,450.5,4350,32,4318
01/03/2023,AM-50     ,1356,678,5720,0,5720
01/03/2023,AM-51     ,1436,718,5704,0,5704
01/03/2023,AM-52     ,1796,898,6412,0,6412
01/03/2023,AM-54     ,878,439,4390,0,4390
01/03/2023,AM-56     ,16,8,315,30,285
01/03/2023,AM-61     ,12,6,250,60,190
01/03/2023,AM-62     ,40,20,321,34,287
01/03/2023,AM-63     ,69,34.5,909,128,781
01/03/2023,AM-64     ,668,334,6884,768,6116
01/03/2023,AM-65     ,648,324,6496,750,5746
01/03/2023,AM-66     ,643,321.5,6585,755,5830
01/03/2023,AM-67     ,608,304,6336,827,5509
01/03/2023,TM-001    ,460,230,7342,30,7312
01/03/2023,TM-002    ,535,267.5,8554,10,8544
01/03/2023,TM-003    ,502,251,8020,36,7984
01/03/2023,TM-004    ,511,255.5,8176,16,8160
01/03/2023,TM-005    ,537,268.5,8592,16,8576
01/03/2023,TM-006    ,6,3,96,0,96
01/03/2023,TM-007    ,472,236,7552,0,7552
01/03/2023,TM-008    ,522,261,8352,0,8352
01/03/2023,TM-009    ,528,264,8430,62,8368
01/03/2023,TM-010    ,522,261,8352,0,8352
01/03/2023,TM-011    ,2,1,32,0,32
01/03/2023,TM-012    ,558,279,8916,20,8896
01/03/2023,TM-013    ,89,44.5,1424,0,1424
01/03/2023,TM-014    ,537,268.5,8586,26,8560
01/03/2023,TM-015    ,364,182,5824,0,5824
01/03/2023,TM-016    ,511,255.5,8164,20,8144
01/03/2023,TM-017    ,12,6,180,52,128
01/03/2023,TM-018    ,523,261.5,8362,10,8352
01/03/2023,TM-019    ,299,149.5,4784,0,4784
01/03/2023,TM-020    ,57,28.5,906,10,896
01/03/2023,TM-022    ,448,224,7162,26,7136
01/03/2023,TM-023    ,541,270.5,8638,30,8608
01/03/2023,TM-024    ,509,254.5,8102,70,8032
01/03/2023,TM-025    ,342,171,5472,0,5472
01/03/2023,TM-026    ,477,238.5,7590,70,7520
01/03/2023,TM-027    ,449,224.5,7184,0,7184
01/03/2023,TM-028    ,59,29.5,944,0,944
01/03/2023,TM-029    ,513,256.5,8202,10,8192
01/03/2023,TM-030    ,543,271.5,8676,52,8624
01/03/2023,TM-031    ,576,288,9216,0,9216
01/03/2023,TM-032    ,511,255.5,8176,16,8160
01/03/2023,TM-033    ,582,291,9252,100,9152
01/03/2023,TM-034    ,518,259,8276,36,8240
01/03/2023,TM-035    ,573,286.5,9162,26,9136
01/03/2023,TM-038    ,582,291,9246,110,9136
01/03/2023,TM-039    ,502,251,8020,20,8000
01/03/2023,TM-040    ,556,278,8890,10,8880
01/03/2023,TM-041    ,458,229,7316,36,7280
01/03/2023,TM-042    ,360,180,5736,40,5696
01/03/2023,TM-045    ,21,10.5,336,0,336
01/03/2023,TM-046    ,378,189,5976,200,5776
01/03/2023,TM-047    ,519,259.5,8232,200,8032
01/03/2023,TM-048    ,383,191.5,6044,172,5872
01/03/2023,TM-049    ,477,238.5,7554,258,7296
01/03/2023,TM-050    ,458,229,7250,258,6992
01/03/2023,TM-051    ,443,221.5,6992,352,6640
01/03/2023,TM-052    ,434,217,6902,150,6752
01/03/2023,TM-053    ,431,215.5,6836,212,6624
01/03/2023,TM-054    ,404,202,6404,260,6144
01/03/2023,TM-055    ,146,73,2306,82,2224
01/03/2023,TM-056    ,392,196,6224,96,6128
01/03/2023,TM-057    ,428,214,6818,178,6640
01/03/2023,TM-058    ,461,230.5,7322,186,7136
01/03/2023,TM-059    ,476,238,7556,212,7344
01/03/2023,TM-060    ,427,213.5,6766,222,6544
01/04/2023,AM-01     ,1810,905,8664.68,110,8554.68
01/04/2023,AM-02     ,2016,1008,9584.64,120,9464.64
01/04/2023,AM-03     ,688,344,6317.3,442.8,5874.5
01/04/2023,AM-04     ,771,385.5,7525.96,381.66,7144.3
01/04/2023,AM-05     ,823,411.5,7002.1,359,6643.1
01/04/2023,AM-06     ,765,382.5,7128.9,478.6,6650.3
01/04/2023,AM-068    ,1229,614.5,5578.95,918.9,4660.05
01/04/2023,AM-069    ,1092,546,4999.84,1381.1,3618.74
01/04/2023,AM-07     ,831,415.5,7636.45,501.2,7135.25
01/04/2023,AM-070    ,1130,565,5329.64,781.98,4547.66
01/04/2023,AM-071    ,1225,612.5,5276.2,693.8,4582.4
01/04/2023,AM-072    ,1164,582,5365.19,654.04,4711.15
01/04/2023,AM-073    ,1223,611.5,6956.34,778.24,6178.1
01/04/2023,AM-074    ,1304,652,7269.33,661.32,6608.01
01/04/2023,AM-075    ,728,364,7723.08,1122.48,6600.6
01/04/2023,AM-076    ,665,332.5,7327.36,1549.28,5778.08
01/04/2023,AM-077    ,678,339,7142.28,933,6209.28
01/04/2023,AM-078    ,729,364.5,7516.88,871.04,6645.84
01/04/2023,AM-079    ,672,336,6849.94,611.8,6238.14
01/04/2023,AM-08     ,1053,526.5,5070.7,239.2,4831.5
01/04/2023,AM-080    ,688,344,7227.24,546.92,6680.32
01/04/2023,AM-081    ,718,359,7477.2,675.72,6801.48
01/04/2023,AM-082    ,674,337,7365.12,673.24,6691.88
01/04/2023,AM-083    ,757,378.5,7649.82,382.76,7267.06
01/04/2023,AM-084    ,788,394,7500.68,283.6,7217.08
01/04/2023,AM-085    ,841,420.5,7464.9,244.2,7220.7
01/04/2023,AM-086    ,956,478,8143.58,290.6,7852.98
01/04/2023,AM-087    ,993,496.5,7543.22,274.6,7268.62
01/04/2023,AM-088    ,1376,688,7014.52,269.3,6745.22
01/04/2023,AM-089    ,1331,665.5,6351.91,282.3,6069.61
01/04/2023,AM-09     ,437,218.5,7198.34,1254.5,5943.84
01/04/2023,AM-090    ,1831,915.5,6569.14,259.3,6309.84
01/04/2023,AM-091    ,1821,910.5,7920.09,361.6,7558.49
01/04/2023,AM-092    ,839,419.5,7115.25,737.9,6377.35
01/04/2023,AM-093    ,526,263,6695.05,984.8,5710.25
01/04/2023,AM-094    ,446,223,7228.93,1567,5661.93
01/04/2023,AM-095    ,364,182,6370.7,1524.8,4845.9
01/04/2023,AM-096    ,244,122,4622.85,1399.1,3223.75
01/04/2023,AM-097    ,254,127,4895.7,1425.4,3470.3
01/04/2023,AM-098    ,297,148.5,5861.1,1711.2,4149.9
01/04/2023,AM-099    ,271,135.5,5312.8,1478.4,3834.4
01/04/2023,AM-10     ,510,255,10162.45,1584.7,8577.75
01/04/2023,AM-100    ,168,84,3373.47,1210.8,2162.67
01/04/2023,AM-101    ,92,46,1597.7,239,1358.7
01/04/2023,AM-102    ,48,24,790.17,178.2,611.97
01/04/2023,AM-103    ,58,29,427.3,30.8,396.5
01/04/2023,AM-11     ,436,218,8616.85,1708.7,6908.15
01/04/2023,AM-12     ,445,222.5,8016.1,1586.3,6429.8
01/04/2023,AM-13     ,457,228.5,8382.38,1663.86,6718.52
01/04/2023,AM-14     ,494,247,4380.74,680.92,3699.82
01/04/2023,AM-15     ,32,16,561,89,472
01/04/2023,AM-16     ,810,405,4239.6,278.5,3961.1
01/04/2023,AM-17     ,1679,839.5,6609.08,207,6402.08
01/04/2023,AM-18     ,500,250,10144.6,2096,8048.6
01/04/2023,AM-19     ,450,225,9021.21,2346.5,6674.71
01/04/2023,AM-20     ,390,195,5842.4,901.7,4940.7
01/04/2023,AM-21     ,458,229,9020.75,1348.1,7672.65
01/04/2023,AM-22     ,451,225.5,8983.35,1775.1,7208.25
01/04/2023,AM-23     ,400,200,7134.12,1174.36,5959.76
01/04/2023,AM-24     ,492,246,9439.85,1269.9,8169.95
01/04/2023,AM-25     ,371,185.5,7439.5,1613.9,5825.6
01/04/2023,AM-26     ,566,283,7905.4,841,7064.4
01/04/2023,AM-27     ,554,277,7819.4,662,7157.4
01/04/2023,AM-28     ,594,297,8465.76,800.2,7665.56
01/04/2023,AM-29     ,624,312,8983.2,741.6,8241.6
01/04/2023,AM-30     ,574,287,8085.64,619.2,7466.44
01/04/2023,AM-31     ,660,330,9191.09,757.8,8433.29
01/04/2023,AM-32     ,646,323,9146.1,566.3,8579.8
01/04/2023,AM-33     ,639,319.5,8954.25,623.8,8330.45
01/04/2023,AM-37     ,964,482,4203.4,623.3,3580.1
01/04/2023,AM-38     ,506,253,3916.93,545.2,3371.73
01/04/2023,AM-39     ,1093,546.5,4978.93,731.3,4247.63
01/04/2023,AM-40     ,1106,553,4975.45,804.6,4170.85
01/04/2023,AM-41     ,1064,532,4315.6,268.8,4046.8
01/04/2023,AM-42     ,1825,912.5,7312.4,333.4,6979
01/04/2023,AM-43     ,695,347.5,6751.22,178.6,6572.62
01/04/2023,AM-44     ,652,326,4723.25,408.2,4315.05
01/04/2023,AM-45     ,613,306.5,5166.48,539,4627.48
01/04/2023,AM-46     ,494,247,9587.3,1351.4,8235.9
01/04/2023,AM-47     ,1904,952,7683.58,279,7404.58
01/04/2023,AM-48     ,1657,828.5,6520.2,308,6212.2
01/04/2023,AM-49     ,1369,684.5,5471.6,9.6,5462
01/04/2023,AM-50     ,1014,507,4493.6,9.2,4484.4
01/04/2023,AM-51     ,1311,655.5,5321,148.3,5172.7
01/04/2023,AM-52     ,1768,884,6283.85,37.3,6246.55
01/04/2023,AM-53     ,34,17,428.3,69.4,358.9
01/04/2023,AM-54     ,714,357,3824.71,57.4,3767.31
01/04/2023,AM-57     ,71,35.5,1270,213,1057
01/04/2023,AM-58     ,79,39.5,979,124.4,854.6
01/04/2023,AM-59     ,4,2,76,0,76
01/04/2023,AM-61     ,4,2,87,30,57
01/04/2023,AM-62     ,42,21,703.17,88.2,614.97
01/04/2023,AM-64     ,594,297,5886.8,714.36,5172.44
01/04/2023,AM-65     ,638,319,6727.04,840.72,5886.32
01/04/2023,AM-66     ,610,305,6461.12,705.56,5755.56
01/04/2023,AM-67     ,635,317.5,6433.64,717.56,5716.08
01/04/2023,TM-001    ,518,259,7871.6,47.6,7824
01/04/2023,TM-002    ,544,272,8360.4,104.4,8256
01/04/2023,TM-003    ,370,185,5627.2,43.2,5584
01/04/2023,TM-004    ,561,280.5,8557.2,61.2,8496
01/04/2023,TM-005    ,479,239.5,7392.8,16.8,7376
01/04/2023,TM-006    ,4,2,64,0,64
01/04/2023,TM-007    ,527,263.5,8031.2,47.2,7984
01/04/2023,TM-008    ,509,254.5,7742.4,62.4,7680
01/04/2023,TM-009    ,460,230,7094.8,22.8,7072
01/04/2023,TM-010    ,76,38,1216,0,1216
01/04/2023,TM-011    ,10,5,160,0,160
01/04/2023,TM-012    ,549,274.5,8444.4,92.4,8352
01/04/2023,TM-013    ,483,241.5,7400.4,8.4,7392
01/04/2023,TM-014    ,590,295,9125.6,69.6,9056
01/04/2023,TM-015    ,439,219.5,6591.6,47.6,6544
01/04/2023,TM-016    ,520,260,7890.8,66.8,7824
01/04/2023,TM-017    ,13,6.5,202,42,160
01/04/2023,TM-018    ,466,233,7146.4,58.4,7088
01/04/2023,TM-019    ,419,209.5,6419.6,67.6,6352
01/04/2023,TM-020    ,55,27.5,880,0,880
01/04/2023,TM-022    ,537,268.5,8210.4,82.4,8128
01/04/2023,TM-023    ,406,203,6269.6,109.6,6160
01/04/2023,TM-024    ,498,249,7669.6,53.6,7616
01/04/2023,TM-025    ,522,261,7987.2,19.2,7968
01/04/2023,TM-026    ,461,230.5,7136.4,16.4,7120
01/04/2023,TM-028    ,263,131.5,3921.6,17.6,3904
01/04/2023,TM-029    ,529,264.5,8091.6,59.6,8032
01/04/2023,TM-030    ,455,227.5,6962,34,6928
01/04/2023,TM-031    ,353,176.5,5361.6,17.6,5344
01/04/2023,TM-032    ,512,256,7806,46,7760
01/04/2023,TM-033    ,465,232.5,7098.8,58.8,7040
01/04/2023,TM-034    ,580,290,8886,102,8784
01/04/2023,TM-035    ,281,140.5,4277.6,21.6,4256
01/04/2023,TM-038    ,509,254.5,7784,72,7712
01/04/2023,TM-039    ,470,235,7239.2,7.2,7232
01/04/2023,TM-040    ,446,223,6849.2,49.2,6800
01/04/2023,TM-041    ,540,270,8268,76,8192
01/04/2023,TM-042    ,258,129,3928.8,24.8,3904
01/04/2023,TM-044    ,162,81,2545.2,1.2,2544
01/04/2023,TM-045    ,88,44,1262,14,1248
01/04/2023,TM-046    ,368,184,5624,152,5472
01/04/2023,TM-047    ,452,226,6866.8,226.8,6640
01/04/2023,TM-048    ,415,207.5,6319.6,191.6,6128
01/04/2023,TM-049    ,412,206,6368.8,144.8,6224
01/04/2023,TM-050    ,485,242.5,7445.2,101.2,7344
01/04/2023,TM-051    ,481,240.5,7355.6,91.6,7264
01/04/2023,TM-052    ,456,228,6995.6,99.6,6896
01/04/2023,TM-053    ,360,180,5517.2,173.2,5344
01/04/2023,TM-054    ,407,203.5,6130.4,226.4,5904
01/04/2023,TM-055    ,184,92,2735.6,15.6,2720
01/04/2023,TM-056    ,483,241.5,7380.8,228.8,7152
01/04/2023,TM-057    ,284,142,4208.4,128.4,4080
01/04/2023,TM-058    ,465,232.5,7228.8,124.8,7104
01/04/2023,TM-059    ,482,241,7376.4,176.4,7200
01/04/2023,TM-060    ,384,192,5916.8,236.8,5680
01/05/2023,AM-01     ,1428,714,6515.04,84,6431.04
01/05/2023,AM-02     ,2024,1012,9470.58,211,9259.58
01/05/2023,AM-03     ,789,394.5,6982.81,421.82,6560.99
01/05/2023,AM-04     ,772,386,7230.45,470.4,6760.05
01/05/2023,AM-05     ,866,433,8111.1,537.6,7573.5
01/05/2023,AM-06     ,763,381.5,7006.6,324.8,6681.8
01/05/2023,AM-068    ,1204,602,5493.77,829.4,4664.37
01/05/2023,AM-069    ,1059,529.5,4936.48,1260.1,3676.38
01/05/2023,AM-07     ,557,278.5,5005.86,147.3,4858.56
01/05/2023,AM-070    ,1225,612.5,5423.48,767.3,4656.18
01/05/2023,AM-071    ,1231,615.5,5405.99,702.4,4703.59
01/05/2023,AM-072    ,1143,571.5,5257.76,702.16,4555.6
01/05/2023,AM-073    ,1161,580.5,6554.52,917.92,5636.6
01/05/2023,AM-074    ,1725,862.5,8365.41,678.48,7686.93
01/05/2023,AM-075    ,817,408.5,8199.81,1219.86,6979.95
01/05/2023,AM-076    ,705,352.5,7651.02,1507.96,6143.06
01/05/2023,AM-077    ,711,355.5,7557.79,999.18,6558.61
01/05/2023,AM-078    ,709,354.5,7578.55,912.4,6666.15
01/05/2023,AM-079    ,712,356,7621.17,773.26,6847.91
01/05/2023,AM-08     ,987,493.5,4583.69,207.9,4375.79
01/05/2023,AM-080    ,692,346,7346.34,669,6677.34
01/05/2023,AM-081    ,678,339,7207.35,613.36,6593.99
01/05/2023,AM-082    ,727,363.5,7579.23,626.52,6952.71
01/05/2023,AM-083    ,704,352,7341.78,565.44,6776.34
01/05/2023,AM-084    ,800,400,7645.98,226.8,7419.18
01/05/2023,AM-085    ,828,414,7553.88,208.2,7345.68
01/05/2023,AM-086    ,831,415.5,7666.26,297.8,7368.46
01/05/2023,AM-087    ,963,481.5,8305.63,330.9,7974.73
01/05/2023,AM-088    ,1119,559.5,7344.73,299.8,7044.93
01/05/2023,AM-089    ,1205,602.5,6414.09,309.8,6104.29
01/05/2023,AM-09     ,537,268.5,10157.1,1732,8425.1
01/05/2023,AM-090    ,1665,832.5,6664.75,284.4,6380.35
01/05/2023,AM-091    ,1890,945,7107.01,246.2,6860.81
01/05/2023,AM-092    ,1677,838.5,7268.02,332.5,6935.52
01/05/2023,AM-093    ,1069,534.5,7156.41,629.6,6526.81
01/05/2023,AM-094    ,525,262.5,7195.8,1161.7,6034.1
01/05/2023,AM-095    ,487,243.5,7358.11,1567.7,5790.41
01/05/2023,AM-096    ,400,200,6558.37,1483.8,5074.57
01/05/2023,AM-097    ,367,183.5,6085.26,1523.9,4561.36
01/05/2023,AM-098    ,391,195.5,6360.44,1484.8,4875.64
01/05/2023,AM-099    ,361,180.5,6698.57,2470,4228.57
01/05/2023,AM-10     ,532,266,10466.81,2205.4,8261.41
01/05/2023,AM-100    ,365,182.5,5944.12,1367.7,4576.42
01/05/2023,AM-101    ,328,164,6303.09,1892,4411.09
01/05/2023,AM-102    ,259,129.5,4495.27,1138.8,3356.47
01/05/2023,AM-103    ,155,77.5,2505.49,382.1,2123.39
01/05/2023,AM-11     ,449,224.5,8358.5,1497.1,6861.4
01/05/2023,AM-12     ,376,188,5565.66,897,4668.66
01/05/2023,AM-13     ,461,230.5,8423.76,1607.06,6816.7
01/05/2023,AM-14     ,387,193.5,4638.99,723.32,3915.67
01/05/2023,AM-15     ,29,14.5,282.47,40.4,242.07
01/05/2023,AM-16     ,471,235.5,4067.14,427.18,3639.96
01/05/2023,AM-17     ,1942,971,7678.09,325.48,7352.61
01/05/2023,AM-18     ,521,260.5,9546.65,1291.1,8255.55
01/05/2023,AM-19     ,570,285,10696.6,1497.8,9198.8
01/05/2023,AM-20     ,481,240.5,7508.62,1176.7,6331.92
01/05/2023,AM-21     ,474,237,9423.05,2354.3,7068.75
01/05/2023,AM-22     ,512,256,9983.1,2028.4,7954.7
01/05/2023,AM-23     ,429,214.5,7974.9,1595.3,6379.6
01/05/2023,AM-24     ,460,230,9159.2,1845.4,7313.8
01/05/2023,AM-25     ,458,229,8556.57,1906.9,6649.67
01/05/2023,AM-26     ,739,369.5,10408.56,707.56,9701
01/05/2023,AM-27     ,702,351,9980.84,962.2,9018.64
01/05/2023,AM-28     ,670,335,9397.36,721.2,8676.16
01/05/2023,AM-29     ,589,294.5,8416.5,753.46,7663.04
01/05/2023,AM-30     ,557,278.5,7357.19,489.9,6867.29
01/05/2023,AM-31     ,612,306,8646.87,641.4,8005.47
01/05/2023,AM-32     ,702,351,9882.55,754,9128.55
01/05/2023,AM-33     ,513,256.5,6371.35,530.5,5840.85
01/05/2023,AM-34     ,37,18.5,482.75,40.9,441.85
01/05/2023,AM-36     ,10,5,143.36,29.2,114.16
01/05/2023,AM-37     ,1140,570,5440.52,886.8,4553.72
01/05/2023,AM-38     ,767,383.5,4080.71,337.76,3742.95
01/05/2023,AM-39     ,1054,527,4133.51,412.7,3720.81
01/05/2023,AM-40     ,1105,552.5,4953.76,732.1,4221.66
01/05/2023,AM-41     ,1600,800,6000.5,203,5797.5
01/05/2023,AM-42     ,1672,836,6481.99,316.6,6165.39
01/05/2023,AM-43     ,771,385.5,6553.5,173.1,6380.4
01/05/2023,AM-44     ,428,214,5041.53,662.16,4379.37
01/05/2023,AM-45     ,628,314,5854.33,542.82,5311.51
01/05/2023,AM-46     ,383,191.5,7162.34,1163.8,5998.54
01/05/2023,AM-47     ,1892,946,7637.7,454.16,7183.54
01/05/2023,AM-48     ,1889,944.5,7631.67,381.4,7250.27
01/05/2023,AM-49     ,1121,560.5,4566.45,20.8,4545.65
01/05/2023,AM-50     ,1554,777,5937.05,24.4,5912.65
01/05/2023,AM-51     ,1268,634,5301.5,24.8,5276.7
01/05/2023,AM-52     ,2076,1038,7191.8,25.6,7166.2
01/05/2023,AM-54     ,916,458,4184.5,23.2,4161.3
01/05/2023,AM-56     ,14,7,142.32,17.36,124.96
01/05/2023,AM-58     ,16,8,251.8,0.4,251.4
01/05/2023,AM-61     ,13,6.5,189.7,1.2,188.5
01/05/2023,AM-62     ,30,15,535.1,120.4,414.7
01/05/2023,AM-63     ,36,18,109.8,0,109.8
01/05/2023,AM-64     ,590,295,6301.12,757.44,5543.68
01/05/2023,AM-65     ,652,326,6804.8,761.28,6043.52
01/05/2023,AM-66     ,616,308,6328.96,910.24,5418.72
01/05/2023,AM-67     ,536,268,5788,687.36,5100.64
01/05/2023,TM-001    ,571,285.5,8277.2,69.2,8208
01/05/2023,TM-002    ,616,308,8996.4,116.4,8880
01/05/2023,TM-003    ,434,217,6346,42,6304
01/05/2023,TM-004    ,475,237.5,6928.8,80.8,6848
01/05/2023,TM-005    ,602,301,8758.8,38.8,8720
01/05/2023,TM-007    ,542,271,7855.2,31.2,7824
01/05/2023,TM-008    ,515,257.5,7474.4,50.4,7424
01/05/2023,TM-009    ,270,135,3924.8,36.8,3888
01/05/2023,TM-010    ,284,142,4154,10,4144
01/05/2023,TM-012    ,508,254,7331.6,67.6,7264
01/05/2023,TM-013    ,537,268.5,7832.4,56.4,7776
01/05/2023,TM-014    ,567,283.5,8240.4,64.4,8176
01/05/2023,TM-015    ,582,291,8427.2,43.2,8384
01/05/2023,TM-016    ,643,321.5,9398.4,86.4,9312
01/05/2023,TM-017    ,18,9,267.2,27.2,240
01/05/2023,TM-018    ,482,241,7014.4,38.4,6976
01/05/2023,TM-019    ,600,300,8678.4,54.4,8624
01/05/2023,TM-021    ,19,9.5,288.4,0.4,288
01/05/2023,TM-022    ,641,320.5,9236.4,36.4,9200
01/05/2023,TM-023    ,375,187.5,5469.6,13.6,5456
01/05/2023,TM-024    ,612,306,8844.8,44.8,8800
01/05/2023,TM-025    ,674,337,9858,34,9824
01/05/2023,TM-026    ,479,239.5,6955.2,59.2,6896
01/05/2023,TM-027    ,495,247.5,7195.6,59.6,7136
01/05/2023,TM-028    ,545,272.5,7985.6,49.6,7936
01/05/2023,TM-029    ,123,61.5,1775.2,15.2,1760
01/05/2023,TM-030    ,526,263,7640.8,56.8,7584
01/05/2023,TM-031    ,599,299.5,8730.4,42.4,8688
01/05/2023,TM-032    ,595,297.5,8660.8,52.8,8608
01/05/2023,TM-033    ,445,222.5,6464.4,80.4,6384
01/05/2023,TM-034    ,594,297,8660.4,52.4,8608
01/05/2023,TM-035    ,584,292,8480.8,48.8,8432
01/05/2023,TM-038    ,450,225,6621.6,45.6,6576
01/05/2023,TM-039    ,520,260,7518.8,30.8,7488
01/05/2023,TM-040    ,568,284,8327.2,87.2,8240
01/05/2023,TM-041    ,384,192,5440,96,5344
01/05/2023,TM-042    ,410,205,5966.4,62.4,5904
01/05/2023,TM-043    ,12,6,155.2,11.2,144
01/05/2023,TM-044    ,149,74.5,2098,34,2064
01/05/2023,TM-045    ,205,102.5,2962.4,18.4,2944
01/05/2023,TM-046    ,483,241.5,6898.8,482.8,6416
01/05/2023,TM-047    ,473,236.5,6918.4,246.4,6672
01/05/2023,TM-048    ,400,200,5852.4,188.4,5664
01/05/2023,TM-049    ,398,199,5748.4,116.4,5632
01/05/2023,TM-050    ,485,242.5,7014.4,150.4,6864
01/05/2023,TM-051    ,549,274.5,7982,158,7824
01/05/2023,TM-052    ,532,266,7682.4,146.4,7536
01/05/2023,TM-053    ,475,237.5,6942,222,6720
01/05/2023,TM-054    ,418,209,6108.8,332.8,5776
01/05/2023,TM-055    ,434,217,6267.6,187.6,6080
01/05/2023,TM-056    ,442,221,6373.6,165.6,6208
01/05/2023,TM-057    ,490,245,7167.6,191.6,6976
01/05/2023,TM-058    ,444,222,6469.2,133.2,6336
01/05/2023,TM-059    ,501,250.5,7155.2,227.2,6928
01/05/2023,TM-060    ,427,213.5,6155.2,171.2,5984
01/06/2023,AM-005    ,12,6,171.17,14.2,156.97
01/06/2023,AM-01     ,1310,655,5972.8,80,5892.8
01/06/2023,AM-02     ,1658,829,7810.47,122.2,7688.27
01/06/2023,AM-03     ,809,404.5,7050.24,339.6,6710.64
01/06/2023,AM-04     ,761,380.5,6931.65,318.72,6612.93
01/06/2023,AM-05     ,867,433.5,7254.48,490.4,6764.08
01/06/2023,AM-06     ,756,378,7086.74,459.8,6626.94
01/06/2023,AM-068    ,1050,525,5160.94,1201.06,3959.88
01/06/2023,AM-069    ,1161,580.5,5287.88,952.62,4335.26
01/06/2023,AM-07     ,747,373.5,6987.25,451.6,6535.65
01/06/2023,AM-070    ,1156,578,5381.81,769.16,4612.65
01/06/2023,AM-071    ,1158,579,5196.58,621.4,4575.18
01/06/2023,AM-072    ,1095,547.5,5751.3,780.52,4970.78
01/06/2023,AM-073    ,1644,822,7582.74,558.52,7024.22
01/06/2023,AM-074    ,890,445,7251.95,941.3,6310.65
01/06/2023,AM-075    ,694,347,7834.97,1531.42,6303.55
01/06/2023,AM-076    ,663,331.5,7239.08,1320.52,5918.56
01/06/2023,AM-077    ,696,348,7471.84,746.72,6725.12
01/06/2023,AM-078    ,667,333.5,7151.19,820.3,6330.89
01/06/2023,AM-079    ,652,326,6949.26,620.96,6328.3
01/06/2023,AM-08     ,559,279.5,2736.57,133.5,2603.07
01/06/2023,AM-080    ,690,345,7228.12,548.16,6679.96
01/06/2023,AM-081    ,730,365,7487.74,635.24,6852.5
01/06/2023,AM-082    ,677,338.5,6751.24,257.68,6493.56
01/06/2023,AM-083    ,801,400.5,7466.86,160.6,7306.26
01/06/2023,AM-084    ,782,391,7237.35,226.9,7010.45
01/06/2023,AM-085    ,861,430.5,7173.17,318.3,6854.87
01/06/2023,AM-086    ,894,447,7809.05,331.1,7477.95
01/06/2023,AM-087    ,928,464,7716.43,273.3,7443.13
01/06/2023,AM-088    ,1119,559.5,6493.31,269.6,6223.71
01/06/2023,AM-089    ,1335,667.5,5955.02,258.1,5696.92
01/06/2023,AM-09     ,516,258,10095.4,2027.6,8067.8
01/06/2023,AM-090    ,1614,807,6199.3,234.9,5964.4
01/06/2023,AM-091    ,2098,1049,6854.55,247.7,6606.85
01/06/2023,AM-092    ,1560,780,7549.87,408.2,7141.67
01/06/2023,AM-093    ,736,368,7224.68,888.9,6335.78
01/06/2023,AM-094    ,502,251,6976.68,1200.9,5775.78
01/06/2023,AM-095    ,447,223.5,6275.38,1318,4957.38
01/06/2023,AM-096    ,358,179,5820.64,1276.2,4544.44
01/06/2023,AM-097    ,350,175,5796.31,1253.8,4542.51
01/06/2023,AM-098    ,410,205,6692.69,1825.8,4866.89
01/06/2023,AM-099    ,358,179,6218.82,1844.9,4373.92
01/06/2023,AM-10     ,554,277,10655.77,2266.02,8389.75
01/06/2023,AM-100    ,324,162,6249.35,2296.3,3953.05
01/06/2023,AM-101    ,292,146,5322.05,1265.4,4056.65
01/06/2023,AM-102    ,160,80,2908.75,758.6,2150.15
01/06/2023,AM-103    ,181,90.5,2573.07,531.9,2041.17
01/06/2023,AM-11     ,559,279.5,10539.53,1943.4,8596.13
01/06/2023,AM-12     ,552,276,6994.19,882.8,6111.39
01/06/2023,AM-13     ,479,239.5,7874.36,1367.7,6506.66
01/06/2023,AM-14     ,675,337.5,4906.11,423.16,4482.95
01/06/2023,AM-15     ,10,5,151.6,0.8,150.8
01/06/2023,AM-16     ,589,294.5,5397.75,477.52,4920.23
01/06/2023,AM-17     ,1725,862.5,6683.25,182.96,6500.29
01/06/2023,AM-18     ,484,242,9678.85,2233.1,7445.75
01/06/2023,AM-19     ,455,227.5,8398.65,1361.9,7036.75
01/06/2023,AM-20     ,423,211.5,6983.42,1336.76,5646.66
01/06/2023,AM-21     ,558,279,9906.72,1272.5,8634.22
01/06/2023,AM-22     ,464,232,8580.05,1174.9,7405.15
01/06/2023,AM-23     ,372,186,5922.95,1033.1,4889.85
01/06/2023,AM-24     ,426,213,8283.9,1611,6672.9
01/06/2023,AM-25     ,381,190.5,7126.83,1726.46,5400.37
01/06/2023,AM-26     ,602,301,8506.16,617.5,7888.66
01/06/2023,AM-27     ,684,342,9677.24,688.2,8989.04
01/06/2023,AM-28     ,685,342.5,9674.43,698.6,8975.83
01/06/2023,AM-29     ,513,256.5,7197.09,533,6664.09
01/06/2023,AM-30     ,473,236.5,6880.83,719.9,6160.93
01/06/2023,AM-31     ,584,292,8247.31,641.4,7605.91
01/06/2023,AM-32     ,543,271.5,7722.23,715.1,7007.13
01/06/2023,AM-33     ,556,278,7923.26,823.96,7099.3
01/06/2023,AM-34     ,25,12.5,293.77,23.2,270.57
01/06/2023,AM-36     ,209,104.5,2855.58,349.3,2506.28
01/06/2023,AM-37     ,954,477,4750.73,631.9,4118.83
01/06/2023,AM-38     ,1014,507,4649.5,667.6,3981.9
01/06/2023,AM-39     ,1099,549.5,4732.81,575.2,4157.61
01/06/2023,AM-40     ,1041,520.5,4684.32,692.7,3991.62
01/06/2023,AM-41     ,1392,696,5533.51,317.1,5216.41
01/06/2023,AM-42     ,1458,729,5863.46,283.3,5580.16
01/06/2023,AM-43     ,777,388.5,5864.27,494.98,5369.29
01/06/2023,AM-44     ,459,229.5,3279.54,260.12,3019.42
01/06/2023,AM-45     ,705,352.5,4931.9,435.6,4496.3
01/06/2023,AM-46     ,529,264.5,10252.35,2448.7,7803.65
01/06/2023,AM-47     ,1777,888.5,6701.92,233.8,6468.12
01/06/2023,AM-48     ,1725,862.5,6656.96,275,6381.96
01/06/2023,AM-49     ,1390,695,5391.61,30.5,5361.11
01/06/2023,AM-50     ,1435,717.5,5386.6,22,5364.6
01/06/2023,AM-51     ,1274,637,5164.8,23.2,5141.6
01/06/2023,AM-52     ,1721,860.5,5901.35,20,5881.35
01/06/2023,AM-54     ,776,388,3545.55,19.6,3525.95
01/06/2023,AM-56     ,12,6,171.17,14.2,156.97
01/06/2023,AM-61     ,98,49,742.2,67.2,675
01/06/2023,AM-62     ,92,46,1209.51,167.86,1041.65
01/06/2023,AM-64     ,608,304,6259.6,726.84,5532.76
01/06/2023,AM-65     ,619,309.5,6563.68,815.52,5748.16
01/06/2023,AM-66     ,532,266,5684.04,742.44,4941.6
01/06/2023,AM-67     ,667,333.5,6983.56,758.28,6225.28
01/06/2023,TM-001    ,627,313.5,9066.8,106.8,8960
01/06/2023,TM-002    ,652,326,9442.8,82.8,9360
01/06/2023,TM-003    ,1,0.5,0.4,0.4,0
01/06/2023,TM-005    ,469,234.5,6812.4,44.4,6768
01/06/2023,TM-006    ,33,16.5,475.6,11.6,464
01/06/2023,TM-007    ,620,310,9041.6,65.6,8976
01/06/2023,TM-008    ,528,264,7699.6,35.6,7664
01/06/2023,TM-009    ,513,256.5,7438,110,7328
01/06/2023,TM-010    ,533,266.5,7726.8,30.8,7696
01/06/2023,TM-012    ,588,294,8586,58,8528
01/06/2023,TM-013    ,546,273,7894.8,70.8,7824
01/06/2023,TM-014    ,468,234,6817.6,33.6,6784
01/06/2023,TM-015    ,622,311,8969.2,25.2,8944
01/06/2023,TM-016    ,628,314,9076,68,9008
01/06/2023,TM-017    ,26,13,384.8,0.8,384
01/06/2023,TM-018    ,526,263,7723.6,91.6,7632
01/06/2023,TM-019    ,604,302,8726,102,8624
01/06/2023,TM-020    ,7,3.5,96.4,0.4,96
01/06/2023,TM-021    ,9,4.5,144,0,144
01/06/2023,TM-022    ,598,299,8713.2,73.2,8640
01/06/2023,TM-023    ,606,303,8774.4,54.4,8720
01/06/2023,TM-024    ,497,248.5,7254.4,38.4,7216
01/06/2023,TM-025    ,432,216,6298,26,6272
01/06/2023,TM-026    ,548,274,7960,72,7888
01/06/2023,TM-027    ,601,300.5,8773.2,85.2,8688
01/06/2023,TM-028    ,547,273.5,7935.2,31.2,7904
01/06/2023,TM-030    ,522,261,7644.4,28.4,7616
01/06/2023,TM-031    ,473,236.5,6886,38,6848
01/06/2023,TM-032    ,568,284,8276.4,84.4,8192
01/06/2023,TM-033    ,198,99,2856,8,2848
01/06/2023,TM-034    ,595,297.5,8672,32,8640
01/06/2023,TM-035    ,383,191.5,5570.8,34.8,5536
01/06/2023,TM-037    ,17,8.5,225.2,1.2,224
01/06/2023,TM-038    ,579,289.5,8400.4,32.4,8368
01/06/2023,TM-039    ,182,91,2672.4,16.4,2656
01/06/2023,TM-040    ,606,303,8822.8,38.8,8784
01/06/2023,TM-041    ,567,283.5,8296.4,40.4,8256
01/06/2023,TM-042    ,365,182.5,5225.6,89.6,5136
01/06/2023,TM-044    ,86,43,1235.6,3.6,1232
01/06/2023,TM-045    ,199,99.5,2835.2,19.2,2816
01/06/2023,TM-046    ,483,241.5,7055.6,271.6,6784
01/06/2023,TM-047    ,521,260.5,7496.4,296.4,7200
01/06/2023,TM-048    ,537,268.5,7815.2,231.2,7584
01/06/2023,TM-049    ,497,248.5,7282.4,226.4,7056
01/06/2023,TM-050    ,400,200,5758.4,174.4,5584
01/06/2023,TM-051    ,574,287,8368,224,8144
01/06/2023,TM-052    ,509,254.5,7357.6,237.6,7120
01/06/2023,TM-053    ,450,225,6526.8,158.8,6368
01/06/2023,TM-054    ,376,188,5473.6,161.6,5312
01/06/2023,TM-055    ,508,254,7303.2,263.2,7040
01/06/2023,TM-056    ,397,198.5,5816,184,5632
01/06/2023,TM-057    ,501,250.5,7308,172,7136
01/06/2023,TM-058    ,534,267,7746.4,258.4,7488
01/06/2023,TM-059    ,526,263,7643.6,171.6,7472
01/06/2023,TM-060    ,560,280,8187.6,91.6,8096
01/07/2023,AM-001    ,72,36,328.8,4,324.8
01/07/2023,AM-002    ,62,31,282.4,4,278.4
01/07/2023,AM-01     ,1598,799,7297.42,96,7201.42
01/07/2023,AM-02     ,1577,788.5,7235.59,94,7141.59
01/07/2023,AM-03     ,834,417,7518.07,466.2,7051.87
01/07/2023,AM-04     ,900,450,8075.15,522.8,7552.35
01/07/2023,AM-05     ,734,367,6588.75,345.3,6243.45
01/07/2023,AM-06     ,731,365.5,6703.2,241.3,6461.9
01/07/2023,AM-068    ,1114,557,5607.91,988.62,4619.29
01/07/2023,AM-069    ,1150,575,5300.64,1236.6,4064.04
01/07/2023,AM-07     ,788,394,7831.03,518.1,7312.93
01/07/2023,AM-070    ,1278,639,5744.52,720.5,5024.02
01/07/2023,AM-071    ,1273,636.5,5619.43,691.42,4928.01
01/07/2023,AM-072    ,1190,595,5758.24,737.22,5021.02
01/07/2023,AM-073    ,1405,702.5,7436.91,648.08,6788.83
01/07/2023,AM-074    ,1297,648.5,7634.09,710.78,6923.31
01/07/2023,AM-075    ,716,358,7632.33,1212.88,6419.45
01/07/2023,AM-076    ,671,335.5,7513.88,1459,6054.88
01/07/2023,AM-077    ,687,343.5,7411.4,902.12,6509.28
01/07/2023,AM-078    ,733,366.5,7963.83,923.3,7040.53
01/07/2023,AM-079    ,704,352,7438.43,756.94,6681.49
01/07/2023,AM-08     ,785,392.5,3492.03,169.9,3322.13
01/07/2023,AM-080    ,717,358.5,7024.25,518.84,6505.41
01/07/2023,AM-081    ,827,413.5,8010.78,658.66,7352.12
01/07/2023,AM-082    ,756,378,7900.59,469.18,7431.41
01/07/2023,AM-083    ,722,361,6935.92,198.16,6737.76
01/07/2023,AM-084    ,830,415,7348.56,211,7137.56
01/07/2023,AM-085    ,876,438,7609.92,403.9,7206.02
01/07/2023,AM-086    ,931,465.5,7588,351.6,7236.4
01/07/2023,AM-087    ,1032,516,8009,281.2,7727.8
01/07/2023,AM-088    ,1218,609,7638.44,257.1,7381.34
01/07/2023,AM-089    ,1350,675,6620.22,298,6322.22
01/07/2023,AM-09     ,499,249.5,9131.75,2086.2,7045.55
01/07/2023,AM-090    ,1456,728,6173.58,247.9,5925.68
01/07/2023,AM-091    ,1623,811.5,6637.89,293.7,6344.19
01/07/2023,AM-092    ,1726,863,7580.75,495.6,7085.15
01/07/2023,AM-093    ,1118,559,7698.5,841.2,6857.3
01/07/2023,AM-094    ,701,350.5,7522.56,1193.5,6329.06
01/07/2023,AM-095    ,494,247,7323.08,1439.04,5884.04
01/07/2023,AM-096    ,406,203,6285.81,1420.96,4864.85
01/07/2023,AM-097    ,370,185,5837.71,1174,4663.71
01/07/2023,AM-098    ,340,170,5790.75,1575.2,4215.55
01/07/2023,AM-099    ,303,151.5,5375.91,1662.8,3713.11
01/07/2023,AM-10     ,526,263,10362.05,1936.1,8425.95
01/07/2023,AM-100    ,313,156.5,5409.53,1709.1,3700.43
01/07/2023,AM-101    ,260,130,4498.5,1273.9,3224.6
01/07/2023,AM-102    ,224,112,4093.97,1248.3,2845.67
01/07/2023,AM-103    ,249,124.5,4081.29,906.2,3175.09
01/07/2023,AM-11     ,328,164,6299.9,1135,5164.9
01/07/2023,AM-12     ,445,222.5,5618.79,812.24,4806.55
01/07/2023,AM-13     ,259,129.5,4343.59,706,3637.59
01/07/2023,AM-14     ,407,203.5,4492.16,494.32,3997.84
01/07/2023,AM-15     ,106,53,787.78,91.78,696
01/07/2023,AM-16     ,492,246,5797.61,740.06,5057.55
01/07/2023,AM-17     ,1542,771,8030.65,579.06,7451.59
01/07/2023,AM-18     ,492,246,9432.5,1553.2,7879.3
01/07/2023,AM-19     ,533,266.5,10321.06,2315.7,8005.36
01/07/2023,AM-20     ,487,243.5,7719.97,1270.36,6449.61
01/07/2023,AM-21     ,429,214.5,7613.59,1389.2,6224.39
01/07/2023,AM-22     ,497,248.5,9745.05,2215,7530.05
01/07/2023,AM-23     ,553,276.5,8995.44,2014.9,6980.54
01/07/2023,AM-24     ,697,348.5,9354.25,1237.1,8117.15
01/07/2023,AM-25     ,472,236,7874.66,1468.2,6406.46
01/07/2023,AM-26     ,558,279,8227.89,832.7,7395.19
01/07/2023,AM-27     ,682,341,9666.76,689,8977.76
01/07/2023,AM-28     ,619,309.5,8732.82,656,8076.82
01/07/2023,AM-29     ,472,236,6658.81,471.8,6187.01
01/07/2023,AM-30     ,727,363.5,10195.94,749.2,9446.74
01/07/2023,AM-31     ,488,244,7072.04,733.7,6338.34
01/07/2023,AM-32     ,623,311.5,8846.43,808.9,8037.53
01/07/2023,AM-33     ,579,289.5,7701.33,562.82,7138.51
01/07/2023,AM-34     ,18,9,361,59.4,301.6
01/07/2023,AM-36     ,451,225.5,4642.65,454.36,4188.29
01/07/2023,AM-37     ,1055,527.5,4727,701.3,4025.7
01/07/2023,AM-38     ,929,464.5,4457.36,712.4,3744.96
01/07/2023,AM-39     ,984,492,4538.82,714.2,3824.62
01/07/2023,AM-40     ,1040,520,4801.64,683.96,4117.68
01/07/2023,AM-41     ,1820,910,6928.82,270.2,6658.62
01/07/2023,AM-42     ,1834,917,7081.08,291.7,6789.38
01/07/2023,AM-43     ,634,317,6327.86,572.36,5755.5
01/07/2023,AM-44     ,16,8,275.55,30.5,245.05
01/07/2023,AM-45     ,532,266,5012.57,566.2,4446.37
01/07/2023,AM-46     ,537,268.5,9675.94,1301,8374.94
01/07/2023,AM-47     ,1902,951,7507.55,406.7,7100.85
01/07/2023,AM-48     ,1477,738.5,6844.18,425.12,6419.06
01/07/2023,AM-49     ,1492,746,5649.7,23.2,5626.5
01/07/2023,AM-50     ,1193,596.5,4724.85,20.8,4704.05
01/07/2023,AM-51     ,1462,731,5530.15,22,5508.15
01/07/2023,AM-52     ,1670,835,6280.55,53.7,6226.85
01/07/2023,AM-54     ,918,459,4194.2,23.2,4171
01/07/2023,AM-55     ,17,8.5,78,0.4,77.6
01/07/2023,AM-56     ,63,31.5,945.49,122.1,823.39
01/07/2023,AM-57     ,16,8,154.9,7,147.9
01/07/2023,AM-58     ,30,15,329.67,45.7,283.97
01/07/2023,AM-59     ,14,7,199.71,14.2,185.51
01/07/2023,AM-60     ,26,13,297.53,21.2,276.33
01/07/2023,AM-61     ,18,9,187.76,17.36,170.4
01/07/2023,AM-62     ,19,9.5,313.65,30.9,282.75
01/07/2023,AM-63     ,54,27,539.87,102.2,437.67
01/07/2023,AM-64     ,622,311,6307.99,756.82,5551.17
01/07/2023,AM-65     ,626,313,6827.94,733.24,6094.7
01/07/2023,AM-66     ,678,339,6989.7,832.36,6157.34
01/07/2023,AM-67     ,626,313,6530.52,817.86,5712.66
01/07/2023,TM-001    ,586,293,8578.4,98.4,8480
01/07/2023,TM-002    ,562,281,8133.2,69.2,8064
01/07/2023,TM-003    ,530,265,7648.4,64.4,7584
01/07/2023,TM-005    ,563,281.5,8180.8,84.8,8096
01/07/2023,TM-006    ,28,14,416.8,0.8,416
01/07/2023,TM-007    ,637,318.5,9198,126,9072
01/07/2023,TM-008    ,567,283.5,8217.6,89.6,8128
01/07/2023,TM-009    ,588,294,8399.2,79.2,8320
01/07/2023,TM-010    ,579,289.5,8379.6,59.6,8320
01/07/2023,TM-011    ,35,17.5,497.6,1.6,496
01/07/2023,TM-012    ,565,282.5,8233.2,41.2,8192
01/07/2023,TM-013    ,607,303.5,8864,32,8832
01/07/2023,TM-014    ,583,291.5,8531.2,51.2,8480
01/07/2023,TM-015    ,566,283,8202.4,42.4,8160
01/07/2023,TM-016    ,578,289,8383.6,79.6,8304
01/07/2023,TM-018    ,590,295,8554.8,106.8,8448
01/07/2023,TM-019    ,630,315,9054.8,126.8,8928
01/07/2023,TM-020    ,16,8,193.6,1.6,192
01/07/2023,TM-021    ,1,0.5,16,0,16
01/07/2023,TM-022    ,601,300.5,8716,60,8656
01/07/2023,TM-023    ,195,97.5,2787.2,35.2,2752
01/07/2023,TM-024    ,635,317.5,9244,44,9200
01/07/2023,TM-025    ,521,260.5,7581.6,29.6,7552
01/07/2023,TM-026    ,484,242,6994,50,6944
01/07/2023,TM-027    ,515,257.5,7413.2,101.2,7312
01/07/2023,TM-028    ,577,288.5,8310.8,70.8,8240
01/07/2023,TM-029    ,164,82,2348,44,2304
01/07/2023,TM-030    ,585,292.5,8496.4,32.4,8464
01/07/2023,TM-031    ,526,263,7667.2,19.2,7648
01/07/2023,TM-032    ,574,287,8382.8,30.8,8352
01/07/2023,TM-033    ,513,256.5,7448,40,7408
01/07/2023,TM-034    ,660,330,9654,134,9520
01/07/2023,TM-035    ,322,161,4730.8,10.8,4720
01/07/2023,TM-037    ,8,4,96.8,0.8,96
01/07/2023,TM-038    ,475,237.5,6944.8,16.8,6928
01/07/2023,TM-039    ,281,140.5,4084,68,4016
01/07/2023,TM-040    ,502,251,7314.4,18.4,7296
01/07/2023,TM-041    ,402,201,5880.4,24.4,5856
01/07/2023,TM-042    ,243,121.5,3513.2,73.2,3440
01/07/2023,TM-045    ,8,4,112.4,0.4,112
01/07/2023,TM-046    ,412,206,5982,350,5632
01/07/2023,TM-047    ,523,261.5,7692.8,236.8,7456
01/07/2023,TM-048    ,542,271,7876,164,7712
01/07/2023,TM-049    ,503,251.5,7264.4,192.4,7072
01/07/2023,TM-050    ,354,177,5211.2,75.2,5136
01/07/2023,TM-051    ,537,268.5,7848.8,168.8,7680
01/07/2023,TM-052    ,400,200,5822.4,158.4,5664
01/07/2023,TM-053    ,420,210,6110.8,142.8,5968
01/07/2023,TM-054    ,459,229.5,6712,248,6464
01/07/2023,TM-055    ,245,122.5,3548.8,140.8,3408
01/07/2023,TM-056    ,484,242,6929.6,209.6,6720
01/07/2023,TM-057    ,547,273.5,7824.8,304.8,7520
01/07/2023,TM-058    ,538,269,7864.4,72.4,7792
01/07/2023,TM-059    ,542,271,7935.2,191.2,7744
01/07/2023,TM-060    ,558,279,8094.8,158.8,7936
01/08/2023,AM-01     ,1924,962,8912.26,173.4,8738.86
01/08/2023,AM-02     ,1920,960,8755.68,116,8639.68
01/08/2023,AM-03     ,585,292.5,5421.15,249.4,5171.75
01/08/2023,AM-04     ,715,357.5,6316.85,314.16,6002.69
01/08/2023,AM-05     ,760,380,7282.25,501.4,6780.85
01/08/2023,AM-06     ,843,421.5,7954.91,513.8,7441.11
01/08/2023,AM-068    ,1094,547,5621.86,865.8,4756.06
01/08/2023,AM-069    ,1097,548.5,5318.87,1455.8,3863.07
01/08/2023,AM-07     ,873,436.5,8326.15,496.6,7829.55
01/08/2023,AM-070    ,1288,644,5908.65,753.04,5155.61
01/08/2023,AM-071    ,1188,594,5393.34,681.82,4711.52
01/08/2023,AM-072    ,1126,563,5229.04,666.66,4562.38
01/08/2023,AM-073    ,1119,559.5,6770.22,812.4,5957.82
01/08/2023,AM-074    ,1612,806,8018.96,582.06,7436.9
01/08/2023,AM-075    ,810,405,8179.08,1231.52,6947.56
01/08/2023,AM-076    ,739,369.5,8299.37,1829.14,6470.23
01/08/2023,AM-077    ,727,363.5,7585.1,828.24,6756.86
01/08/2023,AM-078    ,735,367.5,7946.5,914,7032.5
01/08/2023,AM-079    ,715,357.5,7358.16,684.24,6673.92
01/08/2023,AM-08     ,1766,883,7658.04,376.8,7281.24
01/08/2023,AM-080    ,684,342,7426.65,630.96,6795.69
01/08/2023,AM-081    ,725,362.5,7787.37,741.64,7045.73
01/08/2023,AM-082    ,711,355.5,7302.21,498.5,6803.71
01/08/2023,AM-083    ,800,400,7242.84,249.26,6993.58
01/08/2023,AM-084    ,835,417.5,7471.92,234.76,7237.16
01/08/2023,AM-085    ,881,440.5,7639.8,438.7,7201.1
01/08/2023,AM-086    ,1021,510.5,8266.62,400.3,7866.32
01/08/2023,AM-087    ,888,444,7297.83,288.5,7009.33
01/08/2023,AM-088    ,1108,554,7174.97,280.9,6894.07
01/08/2023,AM-089    ,1225,612.5,6127.42,283,5844.42
01/08/2023,AM-09     ,472,236,8975.2,1435.2,7540
01/08/2023,AM-090    ,1290,645,6014.29,280,5734.29
01/08/2023,AM-091    ,1636,818,6196.67,259.9,5936.77
01/08/2023,AM-092    ,1908,954,6554.53,233.5,6321.03
01/08/2023,AM-093    ,1355,677.5,7159.28,467.1,6692.18
01/08/2023,AM-094    ,830,415,6940.05,797.4,6142.65
01/08/2023,AM-095    ,582,291,6853.13,1091.5,5761.63
01/08/2023,AM-096    ,403,201.5,5929.09,1141.2,4787.89
01/08/2023,AM-097    ,365,182.5,5857.98,1271.6,4586.38
01/08/2023,AM-098    ,348,174,5574.11,1257.8,4316.31
01/08/2023,AM-099    ,327,163.5,5408.77,1406.4,4002.37
01/08/2023,AM-10     ,554,277,10794.35,1878.3,8916.05
01/08/2023,AM-100    ,378,189,6604.16,2190,4414.16
01/08/2023,AM-101    ,344,172,6714.89,2385.9,4328.99
01/08/2023,AM-102    ,352,176,6178.1,1517,4661.1
01/08/2023,AM-103    ,334,167,5616.69,1233.6,4383.09
01/08/2023,AM-11     ,233,116.5,4531.95,1044.7,3487.25
01/08/2023,AM-12     ,423,211.5,6420.65,903.12,5517.53
01/08/2023,AM-13     ,364,182,6076.93,1077.46,4999.47
01/08/2023,AM-14     ,401,200.5,4792.71,683.2,4109.51
01/08/2023,AM-16     ,354,177,4267.14,578.96,3688.18
01/08/2023,AM-17     ,501,250.5,6218.03,1348.8,4869.23
01/08/2023,AM-18     ,457,228.5,8447.2,1171.1,7276.1
01/08/2023,AM-19     ,530,265,9792.34,1289.4,8502.94
01/08/2023,AM-20     ,501,250.5,7634.98,1402.5,6232.48
01/08/2023,AM-21     ,503,251.5,9743.87,2100.8,7643.07
01/08/2023,AM-22     ,432,216,8251.6,1314.8,6936.8
01/08/2023,AM-23     ,441,220.5,8109.78,1955.9,6153.88
01/08/2023,AM-24     ,510,255,10069.1,2265.2,7803.9
01/08/2023,AM-25     ,438,219,6553.55,1462.5,5091.05
01/08/2023,AM-26     ,621,310.5,8742,750.8,7991.2
01/08/2023,AM-27     ,630,315,8689.44,784.86,7904.58
01/08/2023,AM-28     ,526,263,7373.39,765.16,6608.23
01/08/2023,AM-29     ,676,338,9237.41,744.5,8492.91
01/08/2023,AM-30     ,661,330.5,8964.75,622.7,8342.05
01/08/2023,AM-31     ,557,278.5,7794.97,503,7291.97
01/08/2023,AM-32     ,688,344,9787.76,727.9,9059.86
01/08/2023,AM-33     ,639,319.5,9094.64,660.2,8434.44
01/08/2023,AM-34     ,36,18,164.4,2,162.4
01/08/2023,AM-36     ,461,230.5,5091.75,583.78,4507.97
01/08/2023,AM-37     ,894,447,4505.85,585.86,3919.99
01/08/2023,AM-38     ,1043,521.5,6459.3,610.9,5848.4
01/08/2023,AM-39     ,885,442.5,4232.12,604,3628.12
01/08/2023,AM-40     ,1055,527.5,4758.64,737.2,4021.44
01/08/2023,AM-41     ,1807,903.5,7192.49,358.8,6833.69
01/08/2023,AM-42     ,1816,908,7210.82,404.6,6806.22
01/08/2023,AM-43     ,593,296.5,5338.42,435.22,4903.2
01/08/2023,AM-44     ,187,93.5,1726.78,198.92,1527.86
01/08/2023,AM-45     ,439,219.5,4291.94,523.16,3768.78
01/08/2023,AM-46     ,518,259,10126.6,1908,8218.6
01/08/2023,AM-47     ,1528,764,5793.7,217.7,5576
01/08/2023,AM-48     ,1774,887,6730.61,265.3,6465.31
01/08/2023,AM-49     ,1550,775,5958.15,24.4,5933.75
01/08/2023,AM-50     ,1398,699,5271.95,22,5249.95
01/08/2023,AM-51     ,1499,749.5,5739.55,24,5715.55
01/08/2023,AM-52     ,1712,856,6206.45,23.6,6182.85
01/08/2023,AM-53     ,38,19,113.25,0.4,112.85
01/08/2023,AM-54     ,861,430.5,4241.7,80.6,4161.1
01/08/2023,AM-56     ,76,38,373.19,16.6,356.59
01/08/2023,AM-57     ,41,20.5,454.2,60.6,393.6
01/08/2023,AM-58     ,16,8,149.85,9.6,140.25
01/08/2023,AM-59     ,18,9,361,59.4,301.6
01/08/2023,AM-62     ,10,5,199.35,29.7,169.65
01/08/2023,AM-63     ,9,4.5,172.9,59.8,113.1
01/08/2023,AM-64     ,671,335.5,6953.36,829.48,6123.88
01/08/2023,AM-65     ,661,330.5,6915.4,849.16,6066.24
01/08/2023,AM-66     ,645,322.5,6884.12,908.76,5975.36
01/08/2023,AM-67     ,635,317.5,6706.17,760.74,5945.43
01/08/2023,TM-001    ,443,221.5,6385.6,81.6,6304
01/08/2023,TM-002    ,664,332,9609.2,153.2,9456
01/08/2023,TM-003    ,660,330,9638.8,70.8,9568
01/08/2023,TM-005    ,570,285,8272.4,48.4,8224
01/08/2023,TM-006    ,10,5,128.8,0.8,128
01/08/2023,TM-007    ,591,295.5,8608.4,48.4,8560
01/08/2023,TM-008    ,506,253,7357.2,29.2,7328
01/08/2023,TM-009    ,597,298.5,8755.2,51.2,8704
01/08/2023,TM-010    ,577,288.5,8400,48,8352
01/08/2023,TM-011    ,49,24.5,684.8,12.8,672
01/08/2023,TM-012    ,596,298,8740.4,20.4,8720
01/08/2023,TM-013    ,664,332,9656.8,24.8,9632
01/08/2023,TM-014    ,582,291,8530.8,50.8,8480
01/08/2023,TM-015    ,548,274,7987.6,83.6,7904
01/08/2023,TM-016    ,515,257.5,7428.8,20.8,7408
01/08/2023,TM-018    ,552,276,8066.8,66.8,8000
01/08/2023,TM-019    ,641,320.5,9339.6,107.6,9232
01/08/2023,TM-021    ,12,6,192,0,192
01/08/2023,TM-022    ,529,264.5,7694,30,7664
01/08/2023,TM-023    ,341,170.5,4976.8,32.8,4944
01/08/2023,TM-024    ,586,293,8475.6,43.6,8432
01/08/2023,TM-025    ,545,272.5,7877.2,85.2,7792
01/08/2023,TM-026    ,505,252.5,7294.4,30.4,7264
01/08/2023,TM-027    ,523,261.5,7613.6,29.6,7584
01/08/2023,TM-028    ,402,201,5833.6,25.6,5808
01/08/2023,TM-029    ,641,320.5,9397.2,69.2,9328
01/08/2023,TM-030    ,312,156,4565.6,37.6,4528
01/08/2023,TM-031    ,544,272,7949.6,29.6,7920
01/08/2023,TM-032    ,334,167,4870.4,22.4,4848
01/08/2023,TM-033    ,502,251,7318.8,38.8,7280
01/08/2023,TM-034    ,461,230.5,6735.2,127.2,6608
01/08/2023,TM-035    ,475,237.5,6980.8,52.8,6928
01/08/2023,TM-036    ,3,1.5,42.4,10.4,32
01/08/2023,TM-038    ,547,273.5,7966.4,30.4,7936
01/08/2023,TM-039    ,603,301.5,8794.4,42.4,8752
01/08/2023,TM-040    ,600,300,8740.8,52.8,8688
01/08/2023,TM-041    ,477,238.5,6880,128,6752
01/08/2023,TM-042    ,340,170,4893.2,61.2,4832
01/08/2023,TM-046    ,494,247,7126.4,278.4,6848
01/08/2023,TM-047    ,566,283,8223.2,255.2,7968
01/08/2023,TM-048    ,468,234,6721.6,177.6,6544
01/08/2023,TM-049    ,473,236.5,6946,178,6768
01/08/2023,TM-050    ,537,268.5,7685.2,181.2,7504
01/08/2023,TM-051    ,540,270,7878.4,294.4,7584
01/08/2023,TM-052    ,483,241.5,6939.6,155.6,6784
01/08/2023,TM-053    ,479,239.5,6873.6,233.6,6640
01/08/2023,TM-054    ,494,247,7188.8,276.8,6912
01/08/2023,TM-055    ,372,186,5384.8,104.8,5280
01/08/2023,TM-056    ,511,255.5,7422.4,222.4,7200
01/08/2023,TM-057    ,520,260,7468.4,284.4,7184
01/08/2023,TM-058    ,497,248.5,7207.2,183.2,7024
01/08/2023,TM-059    ,451,225.5,6502.4,182.4,6320
01/08/2023,TM-060    ,469,234.5,6899.6,179.6,6720
01/09/2023,AM-003    ,14,7,131.15,9.6,121.55
01/09/2023,AM-004    ,16,8,132.45,29.6,102.85
01/09/2023,AM-006    ,14,7,131.15,18.95,112.2
01/09/2023,AM-009    ,13,6.5,171.57,14.6,156.97
01/09/2023,AM-01     ,1561,780.5,6985.66,214.45,6771.21
01/09/2023,AM-013    ,9,4.5,151.2,0.4,150.8
01/09/2023,AM-014    ,11,5.5,320.4,0.4,320
01/09/2023,AM-017    ,10,5,188.9,19.25,169.65
01/09/2023,AM-018    ,8,4,151.6,38.5,113.1
01/09/2023,AM-019    ,8,4,151.2,19.25,131.95
01/09/2023,AM-02     ,1543,771.5,6849.65,213.4,6636.25
01/09/2023,AM-020    ,9,4.5,151.2,0.4,150.8
01/09/2023,AM-021    ,8,4,151.2,19.25,131.95
01/09/2023,AM-022    ,8,4,151.2,19.25,131.95
01/09/2023,AM-023    ,9,4.5,41.78,7.7,34.08
01/09/2023,AM-024    ,20,10,377.8,38.5,339.3
01/09/2023,AM-025    ,30,15,492.9,59.35,433.55
01/09/2023,AM-028    ,11,5.5,143.03,14.6,128.43
01/09/2023,AM-029    ,13,6.5,171.57,14.6,156.97
01/09/2023,AM-03     ,661,330.5,6059.5,459.75,5599.75
01/09/2023,AM-034    ,24,12,768,64,704
01/09/2023,AM-036    ,8,4,256,32,224
01/09/2023,AM-037    ,30,15,120.8,7.7,113.1
01/09/2023,AM-038    ,44,22,201.2,30.8,170.4
01/09/2023,AM-039    ,49,24.5,495.2,58.1,437.1
01/09/2023,AM-04     ,694,347,6258.15,412.3,5845.85
01/09/2023,AM-040    ,32,16,150.08,30.8,119.28
01/09/2023,AM-048    ,30,15,120.8,7.7,113.1
01/09/2023,AM-049    ,34,17,156,0.8,155.2
01/09/2023,AM-05     ,617,308.5,5167.05,494.9,4672.15
01/09/2023,AM-050    ,38,19,113.25,0.4,112.85
01/09/2023,AM-051    ,34,17,156,0.8,155.2
01/09/2023,AM-052    ,34,17,156,0.8,155.2
01/09/2023,AM-053    ,79,39.5,282.64,9.5,273.14
01/09/2023,AM-054    ,32,16,146.3,0.8,145.5
01/09/2023,AM-056    ,8,4,256,32,224
01/09/2023,AM-057    ,10,5,320,32,288
01/09/2023,AM-059    ,8,4,256,32,224
01/09/2023,AM-06     ,672,336,5890.2,476.55,5413.65
01/09/2023,AM-061    ,8,4,256,32,224
01/09/2023,AM-062    ,10,5,41.34,3,38.34
01/09/2023,AM-066    ,13,6.5,139.32,25.72,113.6
01/09/2023,AM-067    ,12,6,119.6,17.36,102.24
01/09/2023,AM-068    ,611,305.5,2755.04,416.3,2338.74
01/09/2023,AM-069    ,519,259.5,2441.8,673.9,1767.9
01/09/2023,AM-07     ,448,224,4027.83,242.7,3785.13
01/09/2023,AM-070    ,589,294.5,2583.6,347.1,2236.5
01/09/2023,AM-071    ,592,296,2673.88,316.7,2357.18
01/09/2023,AM-072    ,526,263,2513.73,310.52,2203.21
01/09/2023,AM-073    ,600,300,3391.4,439.4,2952
01/09/2023,AM-074    ,645,322.5,3520.65,336.36,3184.29
01/09/2023,AM-075    ,346,173,3897.12,591.36,3305.76
01/09/2023,AM-076    ,333,166.5,3731.52,797.52,2934
01/09/2023,AM-077    ,312,156,3326.96,418.8,2908.16
01/09/2023,AM-078    ,357,178.5,3869.24,380.52,3488.72
01/09/2023,AM-079    ,334,167,3481.26,346.32,3134.94
01/09/2023,AM-08     ,1499,749.5,6621.03,348,6273.03
01/09/2023,AM-080    ,245,122.5,2552.18,196.36,2355.82
01/09/2023,AM-081    ,141,70.5,1603.93,152.4,1451.53
01/09/2023,AM-082    ,75,37.5,754.6,39.12,715.48
01/09/2023,AM-083    ,229,114.5,2154.38,50.56,2103.82
01/09/2023,AM-084    ,305,152.5,2607.86,44.8,2563.06
01/09/2023,AM-085    ,264,132,2283.56,84.8,2198.76
01/09/2023,AM-086    ,310,155,2623.58,110.25,2513.33
01/09/2023,AM-087    ,296,148,2174.29,74.6,2099.69
01/09/2023,AM-088    ,179,89.5,1043.82,51,992.82
01/09/2023,AM-089    ,423,211.5,1992.44,74.2,1918.24
01/09/2023,AM-09     ,408,204,7343.19,813.91,6529.28
01/09/2023,AM-090    ,563,281.5,2634.17,116.3,2517.87
01/09/2023,AM-091    ,548,274,2543.94,106.2,2437.74
01/09/2023,AM-092    ,757,378.5,3036.87,97.3,2939.57
01/09/2023,AM-093    ,590,295,3123.35,157.5,2965.85
01/09/2023,AM-094    ,278,139,2331.85,224.15,2107.7
01/09/2023,AM-095    ,168,84,1867.89,138.15,1729.74
01/09/2023,AM-096    ,54,27,1117.85,64.9,1052.95
01/09/2023,AM-097    ,37,18.5,572.27,94.85,477.42
01/09/2023,AM-098    ,35,17.5,506.5,62.2,444.3
01/09/2023,AM-099    ,8,4,124.75,30.5,94.25
01/09/2023,AM-10     ,375,187.5,6397.1,925.8,5471.3
01/09/2023,AM-100    ,15,7.5,259.95,90.3,169.65
01/09/2023,AM-101    ,13,6.5,280.85,148.9,131.95
01/09/2023,AM-102    ,20,10,354.52,103.3,251.22
01/09/2023,AM-103    ,60,30,273.2,1.6,271.6
01/09/2023,AM-11     ,312,156,5467.26,710.95,4756.31
01/09/2023,AM-12     ,425,212.5,11566.91,888.1,10678.81
01/09/2023,AM-13     ,415,207.5,7105.25,1069.15,6036.1
01/09/2023,AM-14     ,469,234.5,5632.19,413.57,5218.62
01/09/2023,AM-15     ,473,236.5,14208.88,1172.2,13036.68
01/09/2023,AM-16     ,359,179.5,6192.94,713.1,5479.84
01/09/2023,AM-17     ,449,224.5,8195.87,778,7417.87
01/09/2023,AM-18     ,456,228,7489.1,937.8,6551.3
01/09/2023,AM-19     ,337,168.5,6165.15,881.9,5283.25
01/09/2023,AM-20     ,469,234.5,7236.61,851.8,6384.81
01/09/2023,AM-21     ,408,204,7610.82,964.01,6646.81
01/09/2023,AM-22     ,413,206.5,7757.2,944.9,6812.3
01/09/2023,AM-23     ,394,197,6540.17,730.35,5809.82
01/09/2023,AM-24     ,491,245.5,8498.3,1184.5,7313.8
01/09/2023,AM-25     ,427,213.5,7576.85,786.05,6790.8
01/09/2023,AM-26     ,526,263,6892.66,642.4,6250.26
01/09/2023,AM-27     ,462,231,6192.14,485,5707.14
01/09/2023,AM-28     ,559,279.5,7239.82,590,6649.82
01/09/2023,AM-29     ,545,272.5,7418.09,687.4,6730.69
01/09/2023,AM-30     ,425,212.5,5378.33,462.85,4915.48
01/09/2023,AM-31     ,654,327,8042.12,714.6,7327.52
01/09/2023,AM-32     ,461,230.5,6340.27,601.7,5738.57
01/09/2023,AM-33     ,519,259.5,6684.32,597.4,6086.92
01/09/2023,AM-34     ,370,185,11776.8,1184.8,10592
01/09/2023,AM-35     ,438,219,6874.67,643.37,6231.3
01/09/2023,AM-36     ,940,470,8410.79,639.11,7771.68
01/09/2023,AM-37     ,522,261,7088.02,616.96,6471.06
01/09/2023,AM-38     ,843,421.5,3894.2,572.6,3321.6
01/09/2023,AM-39     ,862,431,4933.53,629.65,4303.88
01/09/2023,AM-40     ,922,461,4186.16,583.4,3602.76
01/09/2023,AM-41     ,1424,712,5594.4,259.7,5334.7
01/09/2023,AM-42     ,1475,737.5,5545.15,193.2,5351.95
01/09/2023,AM-43     ,482,241,7833.51,644.85,7188.66
01/09/2023,AM-44     ,503,251.5,14713.1,1146.8,13566.3
01/09/2023,AM-45     ,432,216,11841.32,1525.86,10315.46
01/09/2023,AM-46     ,422,211,7830.63,1212.55,6618.08
01/09/2023,AM-47     ,1599,799.5,6499.4,332.7,6166.7
01/09/2023,AM-48     ,1287,643.5,6028.02,411.85,5616.17
01/09/2023,AM-49     ,906,453,3603.05,35.65,3567.4
01/09/2023,AM-50     ,1073,536.5,4296.5,18.8,4277.7
01/09/2023,AM-51     ,1110,555,4344.55,18.8,4325.75
01/09/2023,AM-52     ,1207,603.5,4343.1,16.4,4326.7
01/09/2023,AM-53     ,676,338,2891.4,105.2,2786.2
01/09/2023,AM-54     ,720,360,3312.17,28.56,3283.61
01/09/2023,AM-56     ,156,78,4119.43,247,3872.43
01/09/2023,AM-57     ,525,262.5,14273.97,826.16,13447.81
01/09/2023,AM-58     ,441,220.5,13195.6,1387.6,11808
01/09/2023,AM-59     ,402,201,12232,1480,10752
01/09/2023,AM-60     ,386,193,12099.2,2147.2,9952
01/09/2023,AM-61     ,380,190,12106.26,2560.4,9545.86
01/09/2023,AM-62     ,401,200.5,11559.35,1763.9,9795.45
01/09/2023,AM-63     ,284,142,7364,498.9,6865.1
01/09/2023,AM-64     ,520,260,5539.36,722.72,4816.64
01/09/2023,AM-65     ,595,297.5,6243.77,669.66,5574.11
01/09/2023,AM-66     ,556,278,5831.43,678.76,5152.67
01/09/2023,AM-67     ,581,290.5,6019.9,727.32,5292.58
01/09/2023,TM-001    ,549,274.5,7925.2,69.2,7856
01/09/2023,TM-002    ,551,275.5,7978,122,7856
01/09/2023,TM-003    ,564,282,8207.2,31.2,8176
01/09/2023,TM-005    ,526,263,7547.6,75.6,7472
01/09/2023,TM-006    ,12,6,192,0,192
01/09/2023,TM-007    ,282,141,4168.8,8.8,4160
01/09/2023,TM-008    ,574,287,8341.6,21.6,8320
01/09/2023,TM-009    ,512,256,7453.6,45.6,7408
01/09/2023,TM-010    ,450,225,6529.2,17.2,6512
01/09/2023,TM-011    ,10,5,144.4,0.4,144
01/09/2023,TM-012    ,548,274,7926.4,54.4,7872
01/09/2023,TM-013    ,649,324.5,9458.4,50.4,9408
01/09/2023,TM-014    ,466,233,6820.8,36.8,6784
01/09/2023,TM-015    ,534,267,7754,90,7664
01/09/2023,TM-016    ,495,247.5,7191.6,55.6,7136
01/09/2023,TM-017    ,14,7,197.6,37.6,160
01/09/2023,TM-018    ,339,169.5,4965.2,69.2,4896
01/09/2023,TM-019    ,549,274.5,8058.8,106.8,7952
01/09/2023,TM-022    ,652,326,9407.6,79.6,9328
01/09/2023,TM-023    ,432,216,6318,46,6272
01/09/2023,TM-024    ,526,263,7666.4,66.4,7600
01/09/2023,TM-025    ,554,277,8125.2,29.2,8096
01/09/2023,TM-026    ,403,201.5,5890.8,34.8,5856
01/09/2023,TM-027    ,564,282,8248.4,40.4,8208
01/09/2023,TM-028    ,522,261,7613.2,29.2,7584
01/09/2023,TM-029    ,475,237.5,6918,38,6880
01/09/2023,TM-030    ,438,219,6347.2,27.2,6320
01/09/2023,TM-031    ,551,275.5,7953.2,65.2,7888
01/09/2023,TM-032    ,544,272,7833.6,73.6,7760
01/09/2023,TM-033    ,625,312.5,9036,76,8960
01/09/2023,TM-034    ,469,234.5,6770.4,82.4,6688
01/09/2023,TM-035    ,483,241.5,7067.6,43.6,7024
01/09/2023,TM-038    ,400,200,5821.6,45.6,5776
01/09/2023,TM-039    ,598,299,8746,58,8688
01/09/2023,TM-040    ,552,276,8024.4,88.4,7936
01/09/2023,TM-041    ,577,288.5,8394.4,58.4,8336
01/09/2023,TM-042    ,242,121,3563.2,59.2,3504
01/09/2023,TM-043    ,25,12.5,368.8,0.8,368
01/09/2023,TM-045    ,200,100,2939.2,27.2,2912
01/09/2023,TM-046    ,431,215.5,6259.2,211.2,6048
01/09/2023,TM-047    ,554,277,8100.8,308.8,7792
01/09/2023,TM-048    ,459,229.5,6558,174,6384
01/09/2023,TM-049    ,448,224,6407.6,183.6,6224
01/09/2023,TM-050    ,360,180,5209.2,137.2,5072
01/09/2023,TM-051    ,494,247,7092,148,6944
01/09/2023,TM-052    ,512,256,7520.4,224.4,7296
01/09/2023,TM-053    ,597,298.5,8660.4,244.4,8416
01/09/2023,TM-054    ,419,209.5,6022.4,134.4,5888
01/09/2023,TM-055    ,399,199.5,5790.8,158.8,5632
01/09/2023,TM-056    ,422,211,6042.8,122.8,5920
01/09/2023,TM-057    ,469,234.5,6807.6,247.6,6560
01/09/2023,TM-058    ,500,250,7243.6,187.6,7056
01/09/2023,TM-059    ,446,223,6342.8,358.8,5984
01/09/2023,TM-060    ,308,154,4518,70,4448
01/10/2023,,30,15,120.8,7.7,113.1
01/10/2023,,32,16,128.6,7.7,120.9
01/10/2023,AM-01     ,1749,874.5,7706.8,236.4,7470.4
01/10/2023,AM-018    ,12,6,189.7,20.05,169.65
01/10/2023,AM-02     ,1670,835,7414.96,255.76,7159.2
01/10/2023,AM-029    ,16,8,114.05,11.2,102.85
01/10/2023,AM-03     ,641,320.5,6029.88,539.4,5490.48
01/10/2023,AM-04     ,785,392.5,6646.92,360.31,6286.61
01/10/2023,AM-044    ,13,6.5,393.86,32,361.86
01/10/2023,AM-046    ,10,5,188.9,19.25,169.65
01/10/2023,AM-047    ,30,15,111.67,3.5,108.17
01/10/2023,AM-048    ,32,16,119.13,3.5,115.63
01/10/2023,AM-05     ,775,387.5,6872,557.15,6314.85
01/10/2023,AM-058    ,1,0.5,9.86,0,9.86
01/10/2023,AM-06     ,727,363.5,6477.03,462.55,6014.48
01/10/2023,AM-066    ,10,5,113.6,11.36,102.24
01/10/2023,AM-07     ,41,20.5,183.72,26.1,157.62
01/10/2023,AM-08     ,1595,797.5,7603.66,377.91,7225.75
01/10/2023,AM-09     ,509,254.5,8473.37,671.26,7802.11
01/10/2023,AM-10     ,468,234,8578.01,924.6,7653.41
01/10/2023,AM-11     ,440,220,7647.45,371.35,7276.1
01/10/2023,AM-12     ,545,272.5,3090.41,402.1,2688.31
01/10/2023,AM-13     ,527,263.5,9467.48,1497.45,7970.03
01/10/2023,AM-14     ,816,408,8125,768.6,7356.4
01/10/2023,AM-15     ,463,231.5,14713.48,2240.4,12473.08
01/10/2023,AM-17     ,510,255,9207.47,1027.3,8180.17
01/10/2023,AM-18     ,610,305,9848.45,1255.97,8592.48
01/10/2023,AM-19     ,515,257.5,9211.4,1235.2,7976.2
01/10/2023,AM-20     ,554,277,9595.85,846.95,8748.9
01/10/2023,AM-21     ,647,323.5,8777.03,1149.35,7627.68
01/10/2023,AM-22     ,478,239,8101.22,1030.25,7070.97
01/10/2023,AM-23     ,564,282,9010.93,898.1,8112.83
01/10/2023,AM-24     ,308,154,4916.94,596.25,4320.69
01/10/2023,AM-25     ,338,169,6260.53,834.55,5425.98
01/10/2023,AM-26     ,675,337.5,9040.81,979.15,8061.66
01/10/2023,AM-27     ,632,316,8126.03,810.55,7315.48
01/10/2023,AM-28     ,611,305.5,8122.27,781,7341.27
01/10/2023,AM-29     ,611,305.5,7583.76,608.6,6975.16
01/10/2023,AM-30     ,518,259,7048.2,664.45,6383.75
01/10/2023,AM-31     ,632,316,7763.27,784.6,6978.67
01/10/2023,AM-32     ,636,318,8111.22,810.05,7301.17
01/10/2023,AM-33     ,716,358,9540.23,826.9,8713.33
01/10/2023,AM-34     ,397,198.5,11079.42,2111.75,8967.67
01/10/2023,AM-35     ,865,432.5,8243.13,870.63,7372.5
01/10/2023,AM-36     ,799,399.5,9757.36,1028.62,8728.74
01/10/2023,AM-37     ,754,377,7038.12,882.85,6155.27
01/10/2023,AM-38     ,1139,569.5,5652.54,891.4,4761.14
01/10/2023,AM-39     ,611,305.5,17243.8,1617.5,15626.3
01/10/2023,AM-40     ,1196,598,5436.91,802.7,4634.21
01/10/2023,AM-41     ,1600,800,6746.44,419.85,6326.59
01/10/2023,AM-42     ,1828,914,7368.31,429.1,6939.21
01/10/2023,AM-43     ,67,33.5,815.08,131.5,683.58
01/10/2023,AM-44     ,543,271.5,16342.66,1580.8,14761.86
01/10/2023,AM-45     ,582,291,16974.78,1904.12,15070.66
01/10/2023,AM-46     ,586,293,9717.82,1368.24,8349.58
01/10/2023,AM-47     ,1740,870,6731.99,309.4,6422.59
01/10/2023,AM-48     ,1760,880,6744.89,280.34,6464.55
01/10/2023,AM-49     ,1079,539.5,4603.2,22,4581.2
01/10/2023,AM-50     ,1273,636.5,5027.4,21.2,5006.2
01/10/2023,AM-51     ,1254,627,4943.3,20.8,4922.5
01/10/2023,AM-52     ,1517,758.5,5454.5,18.8,5435.7
01/10/2023,AM-53     ,1832,916,6287.6,154,6133.6
01/10/2023,AM-54     ,886,443,4047.9,22.4,4025.5
01/10/2023,AM-55     ,15,7.5,68.3,0.4,67.9
01/10/2023,AM-56     ,500,250,15108.27,1321.05,13787.22
01/10/2023,AM-57     ,558,279,16502.9,1316.05,15186.85
01/10/2023,AM-58     ,632,316,18398.26,1509.96,16888.3
01/10/2023,AM-59     ,585,292.5,17555.56,1195.6,16359.96
01/10/2023,AM-60     ,584,292,17888,1404.05,16483.95
01/10/2023,AM-61     ,482,241,13818.1,1634.95,12183.15
01/10/2023,AM-62     ,448,224,14020,2340,11680
01/10/2023,AM-63     ,462,231,14784,1472,13312
01/10/2023,AM-64     ,670,335,7010.22,781.57,6228.65
01/10/2023,AM-65     ,520,260,5969.77,669.45,5300.32
01/10/2023,AM-66     ,611,305.5,6514.6,823.24,5691.36
01/10/2023,AM-67     ,624,312,6640.4,791.4,5849
01/10/2023,AM-68     ,20,10,640,128,512
01/10/2023,AM-69     ,50,25,1300.9,103.3,1197.6
01/10/2023,AM-70     ,14,7,448,32,416
01/10/2023,AM-71     ,53,26.5,1601.2,257.2,1344
01/10/2023,TM-001    ,596,298,8672,96,8576
01/10/2023,TM-002    ,323,161.5,4725.6,21.6,4704
01/10/2023,TM-003    ,530,265,7792.4,48.4,7744
01/10/2023,TM-005    ,257,128.5,3690.8,10.8,3680
01/10/2023,TM-006    ,21,10.5,314.8,10.8,304
01/10/2023,TM-008    ,223,111.5,3209.2,9.2,3200
01/10/2023,TM-009    ,501,250.5,7302.8,38.8,7264
01/10/2023,TM-010    ,527,263.5,7604.8,84.8,7520
01/10/2023,TM-011    ,13,6.5,192.4,0.4,192
01/10/2023,TM-012    ,398,199,5791.2,31.2,5760
01/10/2023,TM-013    ,357,178.5,5176,24,5152
01/10/2023,TM-014    ,456,228,6629.6,37.6,6592
01/10/2023,TM-015    ,447,223.5,6543.6,15.6,6528
01/10/2023,TM-016    ,486,243,7088.4,48.4,7040
01/10/2023,TM-018    ,459,229.5,6630,86,6544
01/10/2023,TM-019    ,478,239,6929.6,65.6,6864
01/10/2023,TM-021    ,10,5,160,0,160
01/10/2023,TM-022    ,406,203,6001.2,33.2,5968
01/10/2023,TM-023    ,465,232.5,6620.8,92.8,6528
01/10/2023,TM-024    ,515,257.5,7460,20,7440
01/10/2023,TM-025    ,454,227,6545.2,49.2,6496
01/10/2023,TM-026    ,415,207.5,5988,68,5920
01/10/2023,TM-027    ,550,275,8077.2,45.2,8032
01/10/2023,TM-028    ,418,209,6063.2,63.2,6000
01/10/2023,TM-029    ,495,247.5,7113.6,57.6,7056
01/10/2023,TM-030    ,492,246,7170,18,7152
01/10/2023,TM-031    ,529,264.5,7673.2,57.2,7616
01/10/2023,TM-032    ,462,231,6746.8,26.8,6720
01/10/2023,TM-033    ,476,238,6887.2,39.2,6848
01/10/2023,TM-034    ,507,253.5,7367.2,103.2,7264
01/10/2023,TM-035    ,331,165.5,4859.6,27.6,4832
01/10/2023,TM-038    ,499,249.5,7323.2,27.2,7296
01/10/2023,TM-039    ,504,252,7382.4,54.4,7328
01/10/2023,TM-040    ,516,258,7491.6,19.6,7472
01/10/2023,TM-041    ,381,190.5,5523.2,35.2,5488
01/10/2023,TM-042    ,278,139,4062.8,46.8,4016
01/10/2023,TM-043    ,11,5.5,139.2,11.2,128
01/10/2023,TM-045    ,182,91,2641.2,17.2,2624
01/10/2023,TM-046    ,404,202,5875.6,195.6,5680
01/10/2023,TM-047    ,326,163,4726.4,86.4,4640
01/10/2023,TM-048    ,507,253.5,7346.8,146.8,7200
01/10/2023,TM-049    ,350,175,5072,192,4880
01/10/2023,TM-050    ,390,195,5731.2,179.2,5552
01/10/2023,TM-051    ,461,230.5,6606.8,142.8,6464
01/10/2023,TM-052    ,360,180,5125.6,229.6,4896
01/10/2023,TM-053    ,345,172.5,5030.8,102.8,4928
01/10/2023,TM-054    ,274,137,3924.4,196.4,3728
01/10/2023,TM-055    ,352,176,5120.4,144.4,4976
01/10/2023,TM-056    ,369,184.5,5315.6,115.6,5200
01/10/2023,TM-057    ,306,153,4452.8,228.8,4224
01/10/2023,TM-058    ,435,217.5,6340,180,6160
01/10/2023,TM-059    ,498,249,7249.2,129.2,7120
01/10/2023,TM-060    ,336,168,4870.8,166.8,4704
01/11/2023,AM-01     ,1813,906.5,7983.12,243.6,7739.52
01/11/2023,AM-02     ,1664,832,7571.22,253.65,7317.57
01/11/2023,AM-021    ,35,17.5,144.4,5.2,139.2
01/11/2023,AM-03     ,711,355.5,6527.35,485.65,6041.7
01/11/2023,AM-04     ,812,406,7340.27,610.95,6729.32
01/11/2023,AM-05     ,809,404.5,7102.83,643.25,6459.58
01/11/2023,AM-053    ,36,18,124.5,5.5,119
01/11/2023,AM-06     ,754,377,6261.45,402.75,5858.7
01/11/2023,AM-08     ,2078,1039,8073.64,279.9,7793.74
01/11/2023,AM-088    ,1,0.5,9.35,0,9.35
01/11/2023,AM-09     ,527,263.5,8929.85,770.15,8159.7
01/11/2023,AM-10     ,500,250,7645.84,542,7103.84
01/11/2023,AM-11     ,426,213,8138.35,956.95,7181.4
01/11/2023,AM-12     ,897,448.5,4204.03,599.55,3604.48
01/11/2023,AM-13     ,555,277.5,10075.48,1278.2,8797.28
01/11/2023,AM-14     ,805,402.5,6802.89,453.4,6349.49
01/11/2023,AM-15     ,501,250.5,15479.1,2054,13425.1
01/11/2023,AM-16     ,9,4.5,114.56,0.4,114.16
01/11/2023,AM-17     ,550,275,8556.66,950.25,7606.41
01/11/2023,AM-18     ,707,353.5,11011.5,1123.85,9887.65
01/11/2023,AM-19     ,596,298,9821.39,1371.1,8450.29
01/11/2023,AM-20     ,514,257,9358.53,1220.25,8138.28
01/11/2023,AM-21     ,549,274.5,9893.05,1372.85,8520.2
01/11/2023,AM-22     ,502,251,8908.77,1475.7,7433.07
01/11/2023,AM-23     ,476,238,8472.88,1112.2,7360.68
01/11/2023,AM-24     ,541,270.5,9534.81,803.8,8731.01
01/11/2023,AM-25     ,514,257,9228.48,1016.76,8211.72
01/11/2023,AM-26     ,572,286,7580.49,669.95,6910.54
01/11/2023,AM-27     ,562,281,7640.24,695.45,6944.79
01/11/2023,AM-28     ,603,301.5,8036.06,834.5,7201.56
01/11/2023,AM-29     ,141,70.5,1831.06,195.65,1635.41
01/11/2023,AM-30     ,612,306,8226.44,730.2,7496.24
01/11/2023,AM-31     ,483,241.5,6358,547.65,5810.35
01/11/2023,AM-32     ,665,332.5,8663.35,694.2,7969.15
01/11/2023,AM-33     ,645,322.5,8359.4,875.75,7483.65
01/11/2023,AM-34     ,691,345.5,9215.72,1022.57,8193.15
01/11/2023,AM-35     ,701,350.5,9552.66,906.2,8646.46
01/11/2023,AM-36     ,635,317.5,9078.25,1052.79,8025.46
01/11/2023,AM-37     ,1131,565.5,5554.05,793.6,4760.45
01/11/2023,AM-38     ,1166,583,5253.4,780.4,4473
01/11/2023,AM-39     ,508,254,15128.57,1412.8,13715.77
01/11/2023,AM-40     ,1089,544.5,5533.73,737.88,4795.85
01/11/2023,AM-41     ,1676,838,6663.78,342.9,6320.88
01/11/2023,AM-42     ,1724,862,6586.87,209.1,6377.77
01/11/2023,AM-43     ,589,294.5,8159.57,1020.05,7139.52
01/11/2023,AM-44     ,620,310,16270.74,1438.05,14832.69
01/11/2023,AM-45     ,561,280.5,15178.93,947.6,14231.33
01/11/2023,AM-46     ,599,299.5,7753.13,868.36,6884.77
01/11/2023,AM-47     ,1812,906,6969.44,310.3,6659.14
01/11/2023,AM-48     ,1825,912.5,7530.17,441.2,7088.97
01/11/2023,AM-49     ,1206,603,4961.75,22,4939.75
01/11/2023,AM-50     ,1028,514,5153.45,113.15,5040.3
01/11/2023,AM-51     ,1260,630,4967.85,20.4,4947.45
01/11/2023,AM-52     ,1551,775.5,5496.9,18,5478.9
01/11/2023,AM-53     ,2031,1015.5,7004.02,156.9,6847.12
01/11/2023,AM-54     ,934,467,4211.95,48.5,4163.45
01/11/2023,AM-55     ,34,17,115.6,0,115.6
01/11/2023,AM-56     ,475,237.5,13215.2,2120.6,11094.6
01/11/2023,AM-57     ,591,295.5,18801.9,2259.65,16542.25
01/11/2023,AM-58     ,561,280.5,16991.6,1599.7,15391.9
01/11/2023,AM-59     ,587,293.5,16028.23,1203.1,14825.13
01/11/2023,AM-60     ,463,231.5,13928.13,1449.45,12478.68
01/11/2023,AM-61     ,259,129.5,6830.48,767.95,6062.53
01/11/2023,AM-62     ,412,206,12540.28,1155.2,11385.08
01/11/2023,AM-63     ,226,113,6873.72,1425.36,5448.36
01/11/2023,AM-64     ,632,316,6905.73,867.73,6038
01/11/2023,AM-65     ,572,286,6076.95,728.72,5348.23
01/11/2023,AM-66     ,667,333.5,7042.4,779.72,6262.68
01/11/2023,AM-67     ,675,337.5,7000.14,851.01,6149.13
01/11/2023,AM-68     ,327,163.5,8986.8,1230.05,7756.75
01/11/2023,AM-69     ,455,227.5,14022.8,1606.8,12416
01/11/2023,AM-70     ,30,15,896.8,32.8,864
01/11/2023,AM-71     ,411,205.5,12678,1542,11136
01/11/2023,AM-72     ,30,15,896.8,32.8,864
01/11/2023,TM-001    ,533,266.5,8084,52,8032
01/11/2023,TM-002    ,562,281,8460,44,8416
01/11/2023,TM-003    ,347,173.5,5306.8,42.8,5264
01/11/2023,TM-004    ,21,10.5,330,10,320
01/11/2023,TM-005    ,469,234.5,6998.8,22.8,6976
01/11/2023,TM-006    ,24,12,384,0,384
01/11/2023,TM-007    ,450,225,6652.8,60.8,6592
01/11/2023,TM-008    ,616,308,9294.4,14.4,9280
01/11/2023,TM-009    ,597,298.5,9035.6,43.6,8992
01/11/2023,TM-010    ,195,97.5,2941.2,77.2,2864
01/11/2023,TM-012    ,506,253,7726,46,7680
01/11/2023,TM-013    ,547,273.5,8282,74,8208
01/11/2023,TM-014    ,545,272.5,8177.2,81.2,8096
01/11/2023,TM-015    ,532,266,7991.2,23.2,7968
01/11/2023,TM-016    ,451,225.5,6695.2,39.2,6656
01/11/2023,TM-017    ,17,8.5,250.4,26.4,224
01/11/2023,TM-018    ,438,219,6604.4,60.4,6544
01/11/2023,TM-019    ,340,170,5085.6,45.6,5040
01/11/2023,TM-020    ,5,2.5,64.4,0.4,64
01/11/2023,TM-022    ,556,278,8410.8,58.8,8352
01/11/2023,TM-023    ,433,216.5,6578.8,34.8,6544
01/11/2023,TM-024    ,500,250,7570.8,50.8,7520
01/11/2023,TM-025    ,529,264.5,7996,12,7984
01/11/2023,TM-026    ,428,214,6426.8,10.8,6416
01/11/2023,TM-027    ,487,243.5,7458.4,18.4,7440
01/11/2023,TM-028    ,562,281,8320.4,80.4,8240
01/11/2023,TM-029    ,525,262.5,7829.6,101.6,7728
01/11/2023,TM-030    ,459,229.5,6834.4,66.4,6768
01/11/2023,TM-031    ,552,276,8362,122,8240
01/11/2023,TM-032    ,587,293.5,8819.6,51.6,8768
01/11/2023,TM-033    ,540,270,8166.4,22.4,8144
01/11/2023,TM-034    ,520,260,7824.8,48.8,7776
01/11/2023,TM-035    ,630,315,9481.2,25.2,9456
01/11/2023,TM-038    ,500,250,7472.4,64.4,7408
01/11/2023,TM-039    ,456,228,6893.2,93.2,6800
01/11/2023,TM-040    ,622,311,9394.8,82.8,9312
01/11/2023,TM-041    ,574,287,8671.6,63.6,8608
01/11/2023,TM-042    ,75,37.5,1122,2,1120
01/11/2023,TM-044    ,85,42.5,1255.6,39.6,1216
01/11/2023,TM-045    ,108,54,1722,10,1712
01/11/2023,TM-046    ,468,234,7074.8,178.8,6896
01/11/2023,TM-047    ,312,156,4595.6,67.6,4528
01/11/2023,TM-048    ,494,247,7382,198,7184
01/11/2023,TM-049    ,496,248,7377.2,257.2,7120
01/11/2023,TM-050    ,448,224,6774.8,166.8,6608
01/11/2023,TM-051    ,489,244.5,7438,174,7264
01/11/2023,TM-052    ,408,204,6155.2,283.2,5872
01/11/2023,TM-053    ,386,193,5769.6,137.6,5632
01/11/2023,TM-054    ,230,115,3496.4,216.4,3280
01/11/2023,TM-055    ,488,244,7376.4,256.4,7120
01/11/2023,TM-056    ,473,236.5,7135.6,255.6,6880
01/11/2023,TM-057    ,249,124.5,3635.6,115.6,3520
01/11/2023,TM-058    ,505,252.5,7488.4,128.4,7360
01/11/2023,TM-059    ,540,270,8029.6,125.6,7904
01/11/2023,TM-060    ,483,241.5,7262.4,62.4,7200
01/11/2023,TM-076    ,13,6.5,192.4,0.4,192
01/12/2023,AM-01     ,1703,851.5,7754.24,237.6,7516.64
01/12/2023,AM-02     ,1764,882,8021,295.13,7725.87
01/12/2023,AM-03     ,716,358,6296.54,451.95,5844.59
01/12/2023,AM-037    ,19,9.5,83.12,10.7,72.42
01/12/2023,AM-039    ,12,6,384,32,352
01/12/2023,AM-04     ,753,376.5,6553.89,432.85,6121.04
01/12/2023,AM-05     ,732,366,6347.33,493.25,5854.08
01/12/2023,AM-06     ,679,339.5,6337.53,555.2,5782.33
01/12/2023,AM-065    ,10,5,113.6,11.36,102.24
01/12/2023,AM-08     ,1675,837.5,7738.02,386.01,7352.01
01/12/2023,AM-09     ,540,270,9162.79,1049.61,8113.18
01/12/2023,AM-10     ,484,242,9002.98,1070.65,7932.33
01/12/2023,AM-11     ,431,215.5,7748.05,1249.2,6498.85
01/12/2023,AM-12     ,1184,592,5512.64,796.35,4716.29
01/12/2023,AM-13     ,472,236,8012.62,1053.05,6959.57
01/12/2023,AM-14     ,794,397,7232.4,670.95,6561.45
01/12/2023,AM-15     ,552,276,16022.16,1199.6,14822.56
01/12/2023,AM-17     ,615,307.5,10302.7,1331.4,8971.3
01/12/2023,AM-18     ,465,232.5,7564.51,967.6,6596.91
01/12/2023,AM-19     ,608,304,10049.93,1162.4,8887.53
01/12/2023,AM-20     ,392,196,6786.81,792.85,5993.96
01/12/2023,AM-21     ,590,295,8657.11,1302.75,7354.36
01/12/2023,AM-22     ,576,288,9907.5,1254.5,8653
01/12/2023,AM-23     ,510,255,8874.2,1366,7508.2
01/12/2023,AM-24     ,548,274,9967.7,938.55,9029.15
01/12/2023,AM-25     ,462,231,7943.63,520.7,7422.93
01/12/2023,AM-26     ,701,350.5,9089.15,714.25,8374.9
01/12/2023,AM-27     ,451,225.5,6189.9,568.1,5621.8
01/12/2023,AM-28     ,612,306,7953.09,718.2,7234.89
01/12/2023,AM-29     ,552,276,6230.9,571.3,5659.6
01/12/2023,AM-30     ,557,278.5,7291.2,699.32,6591.88
01/12/2023,AM-31     ,649,324.5,8853.58,812.25,8041.33
01/12/2023,AM-32     ,685,342.5,8959.07,872.22,8086.85
01/12/2023,AM-33     ,563,281.5,7685.01,803.38,6881.63
01/12/2023,AM-34     ,575,287.5,9278.56,1171.96,8106.6
01/12/2023,AM-35     ,619,309.5,8918.19,898.02,8020.17
01/12/2023,AM-36     ,609,304.5,7100.57,684.92,6415.65
01/12/2023,AM-37     ,1130,565,5062.44,742.8,4319.64
01/12/2023,AM-38     ,1131,565.5,5303.15,735.9,4567.25
01/12/2023,AM-39     ,567,283.5,15399.59,1314.2,14085.39
01/12/2023,AM-40     ,1130,565,5441,838.95,4602.05
01/12/2023,AM-41     ,1889,944.5,7334.46,320.5,7013.96
01/12/2023,AM-42     ,1834,917,7439.43,431.25,7008.18
01/12/2023,AM-43     ,535,267.5,13659.95,1384.4,12275.55
01/12/2023,AM-44     ,641,320.5,18591.67,1600,16991.67
01/12/2023,AM-45     ,596,298,17463.56,1423.45,16040.11
01/12/2023,AM-46     ,461,230.5,7907.8,623.71,7284.09
01/12/2023,AM-47     ,1735,867.5,6843.04,359.1,6483.94
01/12/2023,AM-48     ,1812,906,6851.29,249.2,6602.09
01/12/2023,AM-49     ,1155,577.5,4842.1,42.05,4800.05
01/12/2023,AM-50     ,1059,529.5,4706.85,40.85,4666
01/12/2023,AM-51     ,1243,621.5,4889.85,20,4869.85
01/12/2023,AM-52     ,1536,768,5479.95,18,5461.95
01/12/2023,AM-53     ,1904,952,6528.2,143,6385.2
01/12/2023,AM-54     ,952,476,4350.2,24,4326.2
01/12/2023,AM-55     ,36,18,122.4,0,122.4
01/12/2023,AM-56     ,511,255.5,15878,2470,13408
01/12/2023,AM-57     ,539,269.5,16963.6,3139.6,13824
01/12/2023,AM-58     ,478,239,14721.9,2184.05,12537.85
01/12/2023,AM-59     ,560,280,17058.03,2048.25,15009.78
01/12/2023,AM-60     ,525,262.5,15394.77,1145.32,14249.45
01/12/2023,AM-61     ,9,4.5,256.4,64.4,192
01/12/2023,AM-62     ,478,239,14474.4,1674.4,12800
01/12/2023,AM-64     ,615,307.5,6621.15,723.3,5897.85
01/12/2023,AM-65     ,643,321.5,6382.93,780.42,5602.51
01/12/2023,AM-66     ,573,286.5,6116.36,743.08,5373.28
01/12/2023,AM-67     ,590,295,6504.92,800.28,5704.64
01/12/2023,AM-68     ,334,167,9366.18,647.96,8718.22
01/12/2023,AM-69     ,492,246,14754,1131.2,13622.8
01/12/2023,AM-71     ,427,213.5,13126.8,1254.8,11872
01/12/2023,AM-72     ,10,5,320,32,288
01/12/2023,AM-73     ,74,37,2241.6,97.6,2144
01/12/2023,AM-74     ,116,58,3585.6,481.6,3104
01/12/2023,AM-76     ,2,1,64,32,32
01/12/2023,TM-001    ,629,314.5,9147.2,91.2,9056
01/12/2023,TM-002    ,593,296.5,8603.2,43.2,8560
01/12/2023,TM-003    ,593,296.5,8528.8,112.8,8416
01/12/2023,TM-004    ,8,4,112.4,0.4,112
01/12/2023,TM-005    ,548,274,7936.4,64.4,7872
01/12/2023,TM-006    ,2,1,32,0,32
01/12/2023,TM-007    ,545,272.5,7929.6,73.6,7856
01/12/2023,TM-008    ,452,226,6602.4,26.4,6576
01/12/2023,TM-009    ,611,305.5,8849.6,97.6,8752
01/12/2023,TM-010    ,545,272.5,7924,84,7840
01/12/2023,TM-012    ,522,261,7592.4,56.4,7536
01/12/2023,TM-013    ,416,208,6088.8,24.8,6064
01/12/2023,TM-014    ,534,267,7772.8,60.8,7712
01/12/2023,TM-015    ,572,286,8262.8,22.8,8240
01/12/2023,TM-016    ,575,287.5,8346.8,58.8,8288
01/12/2023,TM-018    ,568,284,8328.4,56.4,8272
01/12/2023,TM-019    ,471,235.5,6822.8,38.8,6784
01/12/2023,TM-020    ,15,7.5,224.4,0.4,224
01/12/2023,TM-021    ,7,3.5,96.4,0.4,96
01/12/2023,TM-022    ,578,289,8384.4,32.4,8352
01/12/2023,TM-023    ,473,236.5,6829.6,45.6,6784
01/12/2023,TM-024    ,563,281.5,8154.4,42.4,8112
01/12/2023,TM-025    ,558,279,8022,54,7968
01/12/2023,TM-026    ,535,267.5,7795.6,19.6,7776
01/12/2023,TM-027    ,561,280.5,8133.6,21.6,8112
01/12/2023,TM-028    ,602,301,8685.2,61.2,8624
01/12/2023,TM-029    ,661,330.5,9566.4,46.4,9520
01/12/2023,TM-030    ,567,283.5,8260,68,8192
01/12/2023,TM-031    ,601,300.5,8772.8,68.8,8704
01/12/2023,TM-032    ,559,279.5,8132,68,8064
01/12/2023,TM-033    ,333,166.5,4811.6,107.6,4704
01/12/2023,TM-034    ,410,205,5966.8,78.8,5888
01/12/2023,TM-035    ,603,301.5,8711.2,71.2,8640
01/12/2023,TM-036    ,13,6.5,192.4,0.4,192
01/12/2023,TM-037    ,15,7.5,193.2,1.2,192
01/12/2023,TM-038    ,557,278.5,8072.8,72.8,8000
01/12/2023,TM-039    ,556,278,8088.8,104.8,7984
01/12/2023,TM-040    ,608,304,8880,32,8848
01/12/2023,TM-041    ,430,215,6250.8,42.8,6208
01/12/2023,TM-042    ,66,33,978,2,976
01/12/2023,TM-044    ,161,80.5,2342,6,2336
01/12/2023,TM-046    ,457,228.5,6577.2,273.2,6304
01/12/2023,TM-047    ,526,263,7694.8,270.8,7424
01/12/2023,TM-048    ,459,229.5,6676.4,308.4,6368
01/12/2023,TM-049    ,506,253,7314.4,194.4,7120
01/12/2023,TM-050    ,365,182.5,5314,114,5200
01/12/2023,TM-051    ,184,92,2657.6,97.6,2560
01/12/2023,TM-052    ,392,196,5718.8,198.8,5520
01/12/2023,TM-053    ,471,235.5,6714,218,6496
01/12/2023,TM-054    ,496,248,7229.2,221.2,7008
01/12/2023,TM-055    ,461,230.5,6750.8,286.8,6464
01/12/2023,TM-056    ,541,270.5,7914,218,7696
01/12/2023,TM-057    ,479,239.5,6961.2,225.2,6736
01/12/2023,TM-058    ,545,272.5,7911.2,199.2,7712
01/12/2023,TM-059    ,430,215,6281.2,89.2,6192
01/12/2023,TM-060    ,574,287,8390,166,8224
01/12/2023,TM-061    ,4,2,64,0,64
01/12/2023,TM-062    ,8,4,128,0,128
01/01/2024,AM-01     ,1690,845,7438.32,232.4,7205.92
01/01/2024,AM-013    ,10,5,188.9,19.25,169.65
01/01/2024,AM-018    ,8,4,151.2,19.25,131.95
01/01/2024,AM-019    ,8,4,151.2,19.25,131.95
01/01/2024,AM-02     ,1604,802,7078.56,247.36,6831.2
01/01/2024,AM-03     ,734,367,6506.6,549.91,5956.69
01/01/2024,AM-04     ,686,343,6025.98,530.65,5495.33
01/01/2024,AM-046    ,9,4.5,151.2,0.4,150.8
01/01/2024,AM-05     ,641,320.5,5651.43,502.66,5148.77
01/01/2024,AM-06     ,637,318.5,5563.15,387.6,5175.55
01/01/2024,AM-060    ,8,4,192.8,0.8,192
01/01/2024,AM-07     ,10,5,188.9,19.25,169.65
01/01/2024,AM-08     ,1393,696.5,6968.3,388.75,6579.55
01/01/2024,AM-09     ,527,263.5,8790.34,1066.36,7723.98
01/01/2024,AM-10     ,536,268,8464.57,1023.03,7441.54
01/01/2024,AM-11     ,37,18.5,701.1,79.05,622.05
01/01/2024,AM-12     ,884,442,4245.36,600.05,3645.31
01/01/2024,AM-13     ,424,212,7173.6,568.51,6605.09
01/01/2024,AM-14     ,759,379.5,6549.1,498.6,6050.5
01/01/2024,AM-15     ,430,215,12754.95,1291.6,11463.35
01/01/2024,AM-17     ,558,279,9919.57,867.06,9052.51
01/01/2024,AM-18     ,503,251.5,8277.12,652.1,7625.02
01/01/2024,AM-19     ,294,147,5296.4,621.6,4674.8
01/01/2024,AM-20     ,526,263,9584.95,1226.01,8358.94
01/01/2024,AM-21     ,568,284,8752.81,960.45,7792.36
01/01/2024,AM-22     ,448,224,7706.67,1072.66,6634.01
01/01/2024,AM-23     ,559,279.5,8776.83,1245.18,7531.65
01/01/2024,AM-24     ,530,265,9146.86,1119.25,8027.61
01/01/2024,AM-25     ,497,248.5,8943.48,1038.3,7905.18
01/01/2024,AM-26     ,519,259.5,6751.84,654.5,6097.34
01/01/2024,AM-27     ,615,307.5,7796.14,703.5,7092.64
01/01/2024,AM-28     ,626,313,8507.26,824.8,7682.46
01/01/2024,AM-29     ,628,314,8323.32,768,7555.32
01/01/2024,AM-30     ,386,193,5503.68,518.6,4985.08
01/01/2024,AM-31     ,611,305.5,7865.12,748.95,7116.17
01/01/2024,AM-32     ,574,287,7960.24,762.15,7198.09
01/01/2024,AM-33     ,641,320.5,8306.52,834.7,7471.82
01/01/2024,AM-34     ,500,250,13354.19,1250.25,12103.94
01/01/2024,AM-35     ,510,255,6459.17,651.85,5807.32
01/01/2024,AM-36     ,525,262.5,6163.23,659.04,5504.19
01/01/2024,AM-37     ,1143,571.5,5263.81,765.9,4497.91
01/01/2024,AM-38     ,1115,557.5,5565.04,756.35,4808.69
01/01/2024,AM-39     ,31,15.5,960.4,64.4,896
01/01/2024,AM-40     ,1074,537,4909.56,748.96,4160.6
01/01/2024,AM-41     ,1090,545,4475.49,265,4210.49
01/01/2024,AM-42     ,1767,883.5,7276.56,376.4,6900.16
01/01/2024,AM-43     ,478,239,6440.05,693.8,5746.25
01/01/2024,AM-44     ,586,293,14218.45,2362.96,11855.49
01/01/2024,AM-45     ,565,282.5,16615.03,2099.8,14515.23
01/01/2024,AM-46     ,543,271.5,9837.06,965.75,8871.31
01/01/2024,AM-47     ,1747,873.5,7324.66,423.6,6901.06
01/01/2024,AM-48     ,1717,858.5,7120.95,434.65,6686.3
01/01/2024,AM-49     ,1229,614.5,4731,19.6,4711.4
01/01/2024,AM-50     ,1350,675,5120.9,20.8,5100.1
01/01/2024,AM-51     ,1079,539.5,4488.75,20.8,4467.95
01/01/2024,AM-52     ,1553,776.5,5735.8,30.4,5705.4
01/01/2024,AM-53     ,1834,917,6519,207,6312
01/01/2024,AM-54     ,807,403.5,3687,20.4,3666.6
01/01/2024,AM-56     ,427,213.5,13126.8,998.8,12128
01/01/2024,AM-57     ,483,241.5,14612.25,1376.95,13235.3
01/01/2024,AM-58     ,629,314.5,16097.13,2262.43,13834.7
01/01/2024,AM-59     ,486,243,15035.82,2889.7,12146.12
01/01/2024,AM-60     ,598,299,15821.18,1410.7,14410.48
01/01/2024,AM-62     ,513,256.5,15413.17,1272.2,14140.97
01/01/2024,AM-64     ,611,305.5,6590.19,775.36,5814.83
01/01/2024,AM-65     ,626,313,6616.15,805.41,5810.74
01/01/2024,AM-66     ,611,305.5,6464.44,750.36,5714.08
01/01/2024,AM-67     ,649,324.5,6695.48,754.2,5941.28
01/01/2024,AM-68     ,160,80,4694.5,360.9,4333.6
01/01/2024,AM-69     ,507,253.5,14751,1159.75,13591.25
01/01/2024,AM-71     ,444,222,13639.2,839.2,12800
01/01/2024,AM-72     ,9,4.5,114.7,20.45,94.25
01/01/2024,AM-73     ,298,149,6133.6,761.85,5371.75
01/01/2024,AM-74     ,358,179,10803,1255.6,9547.4
01/01/2024,AM-75     ,195,97.5,5670.65,623.4,5047.25
01/01/2024,AM-76     ,247,123.5,5796.8,624.55,5172.25
01/01/2024,AM-77     ,109,54.5,3172.2,194,2978.2
01/01/2024,TM-001    ,401,200.5,5839.2,31.2,5808
01/01/2024,TM-002    ,600,300,8756.4,52.4,8704
01/01/2024,TM-003    ,516,258,7517.2,29.2,7488
01/01/2024,TM-004    ,15,7.5,208.8,0.8,208
01/01/2024,TM-005    ,465,232.5,6779.2,27.2,6752
01/01/2024,TM-007    ,526,263,7634.8,50.8,7584
01/01/2024,TM-008    ,553,276.5,7954,66,7888
01/01/2024,TM-009    ,493,246.5,7159.2,39.2,7120
01/01/2024,TM-010    ,336,168,4908.4,28.4,4880
01/01/2024,TM-011    ,8,4,128,0,128
01/01/2024,TM-012    ,576,288,8311.2,23.2,8288
01/01/2024,TM-013    ,485,242.5,6973.6,77.6,6896
01/01/2024,TM-014    ,502,251,7267.6,99.6,7168
01/01/2024,TM-015    ,564,282,8181.6,21.6,8160
01/01/2024,TM-016    ,563,281.5,8243.6,19.6,8224
01/01/2024,TM-018    ,293,146.5,4271.2,31.2,4240
01/01/2024,TM-019    ,608,304,8833.2,33.2,8800
01/01/2024,TM-020    ,12,6,160.8,0.8,160
01/01/2024,TM-022    ,389,194.5,5678.4,30.4,5648
01/01/2024,TM-023    ,599,299.5,8646.8,134.8,8512
01/01/2024,TM-024    ,432,216,6276.8,36.8,6240
01/01/2024,TM-025    ,557,278.5,8080,48,8032
01/01/2024,TM-026    ,495,247.5,7222.4,38.4,7184
01/01/2024,TM-027    ,597,298.5,8714.4,58.4,8656
01/01/2024,TM-028    ,548,274,7982,94,7888
01/01/2024,TM-029    ,580,290,8432,112,8320
01/01/2024,TM-030    ,480,240,6935.6,39.6,6896
01/01/2024,TM-031    ,193,96.5,2822.8,6.8,2816
01/01/2024,TM-032    ,568,284,8228.8,132.8,8096
01/01/2024,TM-033    ,609,304.5,8874.4,106.4,8768
01/01/2024,TM-034    ,521,260.5,7518.8,94.8,7424
01/01/2024,TM-035    ,647,323.5,9373.6,45.6,9328
01/01/2024,TM-038    ,568,284,8165.6,101.6,8064
01/01/2024,TM-039    ,511,255.5,7452.8,28.8,7424
01/01/2024,TM-040    ,464,232,6695.6,55.6,6640
01/01/2024,TM-041    ,603,301.5,8784.4,32.4,8752
01/01/2024,TM-044    ,207,103.5,2895.2,31.2,2864
01/01/2024,TM-046    ,392,196,5734.4,278.4,5456
01/01/2024,TM-047    ,463,231.5,6703.2,223.2,6480
01/01/2024,TM-048    ,516,258,7486.8,222.8,7264
01/01/2024,TM-049    ,443,221.5,6415.6,191.6,6224
01/01/2024,TM-050    ,511,255.5,7410.8,146.8,7264
01/01/2024,TM-051    ,66,33,904.8,40.8,864
01/01/2024,TM-052    ,582,291,8520,88,8432
01/01/2024,TM-053    ,556,278,8077.6,205.6,7872
01/01/2024,TM-054    ,504,252,7390.8,238.8,7152
01/01/2024,TM-055    ,573,286.5,8464,176,8288
01/01/2024,TM-056    ,476,238,6935.2,327.2,6608
01/01/2024,TM-057    ,446,223,6510.8,286.8,6224
01/01/2024,TM-058    ,603,301.5,8820.8,164.8,8656
01/01/2024,TM-059    ,595,297.5,8721.6,145.6,8576
01/01/2024,TM-060    ,581,290.5,8426,170,8256
01/01/2024,TM-067    ,7,3.5,96.4,0.4,96
01/01/2024,TM-072    ,267,133.5,3870,78,3792
01/01/2024,TM-073    ,163,81.5,2362.8,26.8,2336
01/01/2024,TM-074    ,4,2,64,0,64
01/02/2024,AM-01     ,1528,764,6897.74,203.4,6694.34
01/02/2024,AM-02     ,1517,758.5,7056.02,222.8,6833.22
01/02/2024,AM-021    ,2,1,7.46,0,7.46
01/02/2024,AM-023    ,10,5,188.9,19.25,169.65
01/02/2024,AM-03     ,723,361.5,5985.23,353.6,5631.63
01/02/2024,AM-034    ,12,6,384,32,352
01/02/2024,AM-04     ,653,326.5,5791.9,502.75,5289.15
01/02/2024,AM-05     ,750,375,7011.07,632.45,6378.62
01/02/2024,AM-06     ,780,390,6605.57,569.6,6035.97
01/02/2024,AM-07     ,52,26,600.9,84.05,516.85
01/02/2024,AM-08     ,1192,596,7085.36,565.9,6519.46
01/02/2024,AM-09     ,495,247.5,8081.18,1117.2,6963.98
01/02/2024,AM-10     ,422,211,7916.3,1063.12,6853.18
01/02/2024,AM-12     ,1080,540,5470.82,706.26,4764.56
01/02/2024,AM-13     ,522,261,9412.25,962.2,8450.05
01/02/2024,AM-14     ,671,335.5,5578.08,384.75,5193.33
01/02/2024,AM-15     ,471,235.5,12068.03,1034,11034.03
01/02/2024,AM-16     ,9,4.5,114.7,20.45,94.25
01/02/2024,AM-17     ,494,247,11464.82,892.9,10571.92
01/02/2024,AM-18     ,404,202,8029.1,813.1,7216
01/02/2024,AM-19     ,407,203.5,6977.08,450.15,6526.93
01/02/2024,AM-20     ,488,244,6886.14,797.31,6088.83
01/02/2024,AM-21     ,444,222,7495.95,990.55,6505.4
01/02/2024,AM-22     ,483,241.5,8459.58,602.65,7856.93
01/02/2024,AM-23     ,531,265.5,7898.97,945.57,6953.4
01/02/2024,AM-24     ,433,216.5,7793.26,1013.65,6779.61
01/02/2024,AM-25     ,478,239,7130.4,749.85,6380.55
01/02/2024,AM-26     ,391,195.5,5306.69,508.6,4798.09
01/02/2024,AM-27     ,582,291,7634.09,745.95,6888.14
01/02/2024,AM-28     ,545,272.5,7476.28,758,6718.28
01/02/2024,AM-29     ,603,301.5,7857.2,743.7,7113.5
01/02/2024,AM-30     ,639,319.5,8342.02,700.9,7641.12
01/02/2024,AM-31     ,417,208.5,5713.96,587.7,5126.26
01/02/2024,AM-32     ,597,298.5,8022.33,748.2,7274.13
01/02/2024,AM-33     ,616,308,7479.17,669.4,6809.77
01/02/2024,AM-34     ,543,271.5,12156.55,1973.15,10183.4
01/02/2024,AM-35     ,19,9.5,445.3,83.65,361.65
01/02/2024,AM-36     ,575,287.5,8066.26,690.24,7376.02
01/02/2024,AM-37     ,866,433,4242.67,596.93,3645.74
01/02/2024,AM-38     ,1074,537,5269.62,786.7,4482.92
01/02/2024,AM-40     ,1062,531,4739.65,682.1,4057.55
01/02/2024,AM-41     ,1382,691,5654.19,249.87,5404.32
01/02/2024,AM-42     ,1444,722,6722.63,457.26,6265.37
01/02/2024,AM-43     ,456,228,7633.99,1172.7,6461.29
01/02/2024,AM-44     ,414,207,9207.21,1082.55,8124.66
01/02/2024,AM-45     ,544,272,16059.85,2699.1,13360.75
01/02/2024,AM-46     ,379,189.5,6980.82,1134.75,5846.07
01/02/2024,AM-47     ,1556,778,6175.21,347.2,5828.01
01/02/2024,AM-48     ,1579,789.5,6355.05,253.4,6101.65
01/02/2024,AM-49     ,1371,685.5,5211.1,21.2,5189.9
01/02/2024,AM-50     ,1371,685.5,5211.1,21.2,5189.9
01/02/2024,AM-51     ,1119,559.5,4471.95,19.2,4452.75
01/02/2024,AM-52     ,1559,779.5,5746.38,35.8,5710.58
01/02/2024,AM-53     ,1617,808.5,5553.3,119.5,5433.8
01/02/2024,AM-54     ,691,345.5,3160,17.2,3142.8
01/02/2024,AM-56     ,374,187,10792.72,796.4,9996.32
01/02/2024,AM-57     ,397,198.5,11984.3,1747.8,10236.5
01/02/2024,AM-58     ,326,163,8712.37,1055.15,7657.22
01/02/2024,AM-59     ,480,240,13027.71,1169.8,11857.91
01/02/2024,AM-60     ,466,233,14477.13,1731.05,12746.08
01/02/2024,AM-62     ,511,255.5,15688.4,1384.4,14304
01/02/2024,AM-63     ,10,5,188.9,19.25,169.65
01/02/2024,AM-64     ,538,269,5760.56,659.92,5100.64
01/02/2024,AM-65     ,659,329.5,6809.08,776.92,6032.16
01/02/2024,AM-66     ,578,289,5924.32,707.24,5217.08
01/02/2024,AM-67     ,527,263.5,6224.65,744.44,5480.21
01/02/2024,AM-68     ,350,175,10521.7,1420.1,9101.6
01/02/2024,AM-69     ,426,213,13568.8,1344.8,12224
01/02/2024,AM-70     ,63,31.5,1621.7,21.25,1600.45
01/02/2024,AM-71     ,375,187.5,11083.6,811.6,10272
01/02/2024,AM-72     ,59,29.5,1582.8,161.2,1421.6
01/02/2024,AM-73     ,172,86,3392.5,405.45,2987.05
01/02/2024,AM-74     ,266,133,7959.7,631.25,7328.45
01/02/2024,AM-75     ,189,94.5,5224.7,457.55,4767.15
01/02/2024,AM-76     ,145,72.5,2985.4,517.4,2468
01/02/2024,AM-77     ,165,82.5,4880.4,341.65,4538.75
01/02/2024,TM-001    ,320,160,4678,38,4640
01/02/2024,TM-002    ,316,158,4572.8,28.8,4544
01/02/2024,TM-003    ,401,200.5,5870,14,5856
01/02/2024,TM-005    ,489,244.5,7007.2,31.2,6976
01/02/2024,TM-007    ,405,202.5,5918.4,14.4,5904
01/02/2024,TM-008    ,476,238,6914,18,6896
01/02/2024,TM-009    ,533,266.5,7780,52,7728
01/02/2024,TM-010    ,546,273,7924.8,20.8,7904
01/02/2024,TM-012    ,490,245,7137.6,81.6,7056
01/02/2024,TM-013    ,526,263,7552.8,48.8,7504
01/02/2024,TM-014    ,302,151,4384,32,4352
01/02/2024,TM-015    ,402,201,5760.4,64.4,5696
01/02/2024,TM-016    ,548,274,7966.8,30.8,7936
01/02/2024,TM-018    ,521,260.5,7597.6,45.6,7552
01/02/2024,TM-019    ,480,240,6925.6,29.6,6896
01/02/2024,TM-022    ,591,295.5,8555.6,43.6,8512
01/02/2024,TM-023    ,565,282.5,8149.6,53.6,8096
01/02/2024,TM-024    ,520,260,7580,60,7520
01/02/2024,TM-025    ,474,237,6933.2,37.2,6896
01/02/2024,TM-026    ,419,209.5,5979.6,59.6,5920
01/02/2024,TM-027    ,527,263.5,7683.2,19.2,7664
01/02/2024,TM-028    ,503,251.5,7314,66,7248
01/02/2024,TM-029    ,399,199.5,5744.4,96.4,5648
01/02/2024,TM-030    ,395,197.5,5747.2,35.2,5712
01/02/2024,TM-031    ,455,227.5,6656.4,32.4,6624
01/02/2024,TM-032    ,565,282.5,8118.4,134.4,7984
01/02/2024,TM-033    ,540,270,7880,120,7760
01/02/2024,TM-034    ,578,289,8393.2,73.2,8320
01/02/2024,TM-035    ,431,215.5,6266.4,26.4,6240
01/02/2024,TM-038    ,346,173,4947.6,35.6,4912
01/02/2024,TM-039    ,522,261,7519.2,95.2,7424
01/02/2024,TM-040    ,493,246.5,7237.2,37.2,7200
01/02/2024,TM-041    ,500,250,7332.4,68.4,7264
01/02/2024,TM-044    ,135,67.5,1982.8,14.8,1968
01/02/2024,TM-045    ,151,75.5,2202,26,2176
01/02/2024,TM-046    ,313,156.5,4546.8,210.8,4336
01/02/2024,TM-047    ,435,217.5,6376,136,6240
01/02/2024,TM-048    ,276,138,3973.2,165.2,3808
01/02/2024,TM-049    ,312,156,4543.2,239.2,4304
01/02/2024,TM-050    ,370,185,5242.4,138.4,5104
01/02/2024,TM-051    ,394,197,5715.6,115.6,5600
01/02/2024,TM-052    ,453,226.5,6620.8,204.8,6416
01/02/2024,TM-053    ,551,275.5,8004.8,180.8,7824
01/02/2024,TM-054    ,516,258,7500,124,7376
01/02/2024,TM-055    ,445,222.5,6511.2,159.2,6352
01/02/2024,TM-056    ,470,235,6879.6,143.6,6736
01/02/2024,TM-057    ,425,212.5,6139.2,187.2,5952
01/02/2024,TM-058    ,480,240,6956.8,188.8,6768
01/02/2024,TM-059    ,557,278.5,8108.8,188.8,7920
01/02/2024,TM-060    ,528,264,7666.4,274.4,7392
01/02/2024,TM-072    ,452,226,6534.4,198.4,6336
01/02/2024,TM-073    ,490,245,7162,122,7040
01/03/2024,AM-01     ,1769,884.5,7807.04,239.2,7567.84
01/03/2024,AM-02     ,1606,803,7053.28,223.2,6830.08
01/03/2024,AM-03     ,766,383,6921.53,666.25,6255.28
01/03/2024,AM-04     ,749,374.5,7088.51,455.26,6633.25
01/03/2024,AM-046    ,8,4,256,64,192
01/03/2024,AM-047    ,30,15,111.67,3.5,108.17
01/03/2024,AM-05     ,755,377.5,6279.7,332.95,5946.75
01/03/2024,AM-056    ,8,4,192.8,0.8,192
01/03/2024,AM-06     ,747,373.5,6513.19,573.41,5939.78
01/03/2024,AM-07     ,72,36,548.1,62.9,485.2
01/03/2024,AM-08     ,1128,564,7954.8,591.8,7363
01/03/2024,AM-09     ,170,85,2347.26,247.75,2099.51
01/03/2024,AM-10     ,572,286,10629.67,1484.7,9144.97
01/03/2024,AM-11     ,22,11,100.6,15.4,85.2
01/03/2024,AM-12     ,960,480,4533.36,602.51,3930.85
01/03/2024,AM-13     ,533,266.5,9233.76,1254.6,7979.16
01/03/2024,AM-14     ,543,271.5,4684.04,416.15,4267.89
01/03/2024,AM-15     ,521,260.5,15708.9,1340.45,14368.45
01/03/2024,AM-16     ,49,24.5,1001.93,117.05,884.88
01/03/2024,AM-17     ,581,290.5,9039.24,894.85,8144.39
01/03/2024,AM-18     ,481,240.5,7196.12,958.48,6237.64
01/03/2024,AM-19     ,454,227,7367.66,855,6512.66
01/03/2024,AM-20     ,438,219,7748.26,1162.65,6585.61
01/03/2024,AM-21     ,498,249,8661.08,784.9,7876.18
01/03/2024,AM-22     ,545,272.5,9288.43,987.45,8300.98
01/03/2024,AM-23     ,456,228,8630.01,1333.8,7296.21
01/03/2024,AM-24     ,563,281.5,9185.55,1149.6,8035.95
01/03/2024,AM-25     ,217,108.5,3576.7,323.2,3253.5
01/03/2024,AM-26     ,531,265.5,6063.99,536.26,5527.73
01/03/2024,AM-27     ,460,230,6312.86,580.2,5732.66
01/03/2024,AM-28     ,579,289.5,6984.09,720.98,6263.11
01/03/2024,AM-29     ,571,285.5,7619.41,725.6,6893.81
01/03/2024,AM-30     ,581,290.5,8230.97,886.95,7344.02
01/03/2024,AM-31     ,631,315.5,8137.36,706.05,7431.31
01/03/2024,AM-32     ,627,313.5,8070.26,678.4,7391.86
01/03/2024,AM-33     ,694,347,8244.74,706.06,7538.68
01/03/2024,AM-34     ,529,264.5,13819.84,1857.1,11962.74
01/03/2024,AM-36     ,557,278.5,8819.38,1085.81,7733.57
01/03/2024,AM-37     ,1116,558,5285.49,773.1,4512.39
01/03/2024,AM-38     ,1163,581.5,5326.39,758.7,4567.69
01/03/2024,AM-40     ,1014,507,5108.7,728.47,4380.23
01/03/2024,AM-41     ,1755,877.5,7209.36,402.55,6806.81
01/03/2024,AM-42     ,1172,586,5405.18,254,5151.18
01/03/2024,AM-43     ,339,169.5,4080.69,439.45,3641.24
01/03/2024,AM-44     ,561,280.5,11621.7,1484.31,10137.39
01/03/2024,AM-45     ,629,314.5,17088.87,1635.7,15453.17
01/03/2024,AM-46     ,672,336,6578.97,776.1,5802.87
01/03/2024,AM-47     ,1508,754,5810.94,216.2,5594.74
01/03/2024,AM-48     ,1350,675,7660.56,435.45,7225.11
01/03/2024,AM-49     ,1226,613,4534.45,18,4516.45
01/03/2024,AM-50     ,1249,624.5,5097.85,22.4,5075.45
01/03/2024,AM-51     ,1392,696,5246.35,21.2,5225.15
01/03/2024,AM-52     ,1105,552.5,3875.1,14,3861.1
01/03/2024,AM-53     ,1786,893,6135.4,165,5970.4
01/03/2024,AM-54     ,963,481.5,3794.15,16,3778.15
01/03/2024,AM-55     ,178,89,611.5,16.5,595
01/03/2024,AM-56     ,326,163,9784.7,858.45,8926.25
01/03/2024,AM-57     ,549,274.5,15992.59,1019.9,14972.69
01/03/2024,AM-58     ,460,230,12390.5,1528.5,10862
01/03/2024,AM-59     ,400,200,11536.7,1252.4,10284.3
01/03/2024,AM-60     ,441,220.5,9684.26,1276.25,8408.01
01/03/2024,AM-61     ,10,5,113.6,11.36,102.24
01/03/2024,AM-62     ,288,144,9216,928,8288
01/03/2024,AM-64     ,596,298,6343.43,705.93,5637.5
01/03/2024,AM-65     ,599,299.5,6516.6,801.7,5714.9
01/03/2024,AM-66     ,619,309.5,6612.64,747.76,5864.88
01/03/2024,AM-67     ,608,304,6362.28,713.24,5649.04
01/03/2024,AM-68     ,419,209.5,13151.34,2338.8,10812.54
01/03/2024,AM-69     ,466,233,14848.8,2656.8,12192
01/03/2024,AM-70     ,201,100.5,5706,504.45,5201.55
01/03/2024,AM-71     ,470,235,14850.4,1474.4,13376
01/03/2024,AM-72     ,217,108.5,5507.83,379.15,5128.68
01/03/2024,AM-73     ,174,87,3550.1,410.5,3139.6
01/03/2024,AM-74     ,270,135,7958.67,616.4,7342.27
01/03/2024,AM-75     ,157,78.5,3240.15,344.3,2895.85
01/03/2024,AM-76     ,74,37,1659.1,177,1482.1
01/03/2024,AM-77     ,106,53,2950.8,296.1,2654.7
01/03/2024,TM-001    ,598,299,8657.6,33.6,8624
01/03/2024,TM-002    ,413,206.5,6014,46,5968
01/03/2024,TM-003    ,289,144.5,4181.6,21.6,4160
01/03/2024,TM-004    ,485,242.5,7073.2,81.2,6992
01/03/2024,TM-005    ,540,270,7771.2,59.2,7712
01/03/2024,TM-006    ,14,7,192.8,0.8,192
01/03/2024,TM-007    ,603,301.5,8748,60,8688
01/03/2024,TM-008    ,569,284.5,8188.4,60.4,8128
01/03/2024,TM-009    ,537,268.5,7838,46,7792
01/03/2024,TM-010    ,568,284,8250.4,58.4,8192
01/03/2024,TM-011    ,13,6.5,192.4,0.4,192
01/03/2024,TM-012    ,292,146,4198.8,38.8,4160
01/03/2024,TM-013    ,524,262,7551.6,31.6,7520
01/03/2024,TM-014    ,427,213.5,6176.8,16.8,6160
01/03/2024,TM-015    ,76,38,1091.2,3.2,1088
01/03/2024,TM-016    ,351,175.5,5064.8,40.8,5024
01/03/2024,TM-018    ,576,288,8378.4,58.4,8320
01/03/2024,TM-019    ,526,263,7589.2,21.2,7568
01/03/2024,TM-021    ,9,4.5,128.4,0.4,128
01/03/2024,TM-022    ,593,296.5,8526,78,8448
01/03/2024,TM-023    ,410,205,6008.8,40.8,5968
01/03/2024,TM-024    ,369,184.5,5404,60,5344
01/03/2024,TM-025    ,504,252,7324.4,76.4,7248
01/03/2024,TM-026    ,584,292,8142.8,30.8,8112
01/03/2024,TM-027    ,477,238.5,6903.6,55.6,6848
01/03/2024,TM-028    ,583,291.5,8504.4,72.4,8432
01/03/2024,TM-029    ,287,143.5,4196.4,20.4,4176
01/03/2024,TM-030    ,534,267,7711.6,111.6,7600
01/03/2024,TM-031    ,554,277,8024.8,72.8,7952
01/03/2024,TM-032    ,497,248.5,7160.8,40.8,7120
01/03/2024,TM-033    ,565,282.5,8111.6,95.6,8016
01/03/2024,TM-034    ,557,278.5,8068.8,68.8,8000
01/03/2024,TM-036    ,15,7.5,224.4,0.4,224
01/03/2024,TM-038    ,514,257,7464,40,7424
01/03/2024,TM-039    ,556,278,8135.2,87.2,8048
01/03/2024,TM-040    ,559,279.5,8070,86,7984
01/03/2024,TM-041    ,535,267.5,7775.2,63.2,7712
01/03/2024,TM-045    ,23,11.5,321.2,1.2,320
01/03/2024,TM-046    ,291,145.5,4193.6,401.6,3792
01/03/2024,TM-047    ,447,223.5,6504.4,248.4,6256
01/03/2024,TM-048    ,414,207,6049.2,193.2,5856
01/03/2024,TM-049    ,473,236.5,6890,202,6688
01/03/2024,TM-050    ,341,170.5,4892.4,92.4,4800
01/03/2024,TM-051    ,455,227.5,6645.6,149.6,6496
01/03/2024,TM-052    ,477,238.5,7000.4,184.4,6816
01/03/2024,TM-053    ,536,268,7879.2,151.2,7728
01/03/2024,TM-054    ,490,245,7137.6,161.6,6976
01/03/2024,TM-055    ,459,229.5,6642.8,210.8,6432
01/03/2024,TM-056    ,489,244.5,7131.6,171.6,6960
01/03/2024,TM-057    ,297,148.5,4357.2,53.2,4304
01/03/2024,TM-058    ,498,249,7260.8,124.8,7136
01/03/2024,TM-059    ,493,246.5,7227.2,187.2,7040
01/03/2024,TM-060    ,527,263.5,7682.8,162.8,7520
01/03/2024,TM-071    ,8,4,91.2,11.2,80
01/03/2024,TM-072    ,412,206,5928.8,88.8,5840
01/03/2024,TM-073    ,492,246,7158.4,102.4,7056
01/03/2024,TM-074    ,210,105,3084,44,3040
01/03/2024,TM-075    ,74,37,1100.8,28.8,1072
01/03/2024,TM-076    ,9,4.5,128.4,0.4,128
01/04/2024,AM-01     ,1559,779.5,7407.09,246,7161.09
01/04/2024,AM-02     ,1425,712.5,7108.76,209.4,6899.36
01/04/2024,AM-03     ,523,261.5,5665.19,690,4975.19
01/04/2024,AM-04     ,701,350.5,8342.25,989.95,7352.3
01/04/2024,AM-043    ,10,5,210.2,59.4,150.8
01/04/2024,AM-05     ,767,383.5,7337.58,549.21,6788.37
01/04/2024,AM-06     ,685,342.5,7060.51,765.35,6295.16
01/04/2024,AM-066    ,1,0.5,32,0,32
01/04/2024,AM-069    ,12,6,352.4,0.4,352
01/04/2024,AM-07     ,461,230.5,8713.87,1733.15,6980.72
01/04/2024,AM-08     ,1091,545.5,7766.65,1156.35,6610.3
01/04/2024,AM-09     ,398,199,8737.3,2709.7,6027.6
01/04/2024,AM-10     ,381,190.5,7810.5,1882.3,5928.2
01/04/2024,AM-11     ,302,151,5569.42,140.2,5429.22
01/04/2024,AM-12     ,1036,518,5787.01,1084.2,4702.81
01/04/2024,AM-13     ,557,278.5,10651.7,2850.48,7801.22
01/04/2024,AM-14     ,756,378,7327.45,701.6,6625.85
01/04/2024,AM-15     ,515,257.5,15875.1,1684.35,14190.75
01/04/2024,AM-16     ,375,187.5,8062.65,1600.4,6462.25
01/04/2024,AM-17     ,419,209.5,8747,2124.6,6622.4
01/04/2024,AM-18     ,485,242.5,9667.62,2430.51,7237.11
01/04/2024,AM-19     ,437,218.5,8649.46,2098.05,6551.41
01/04/2024,AM-20     ,453,226.5,9527.49,2629.33,6898.16
01/04/2024,AM-21     ,376,188,8401.33,2818.7,5582.63
01/04/2024,AM-22     ,509,254.5,11531.46,4456.21,7075.25
01/04/2024,AM-23     ,419,209.5,8749.47,2671.2,6078.27
01/04/2024,AM-24     ,502,251,8072.54,2406.52,5666.02
01/04/2024,AM-25     ,458,229,9879.93,1892.2,7987.73
01/04/2024,AM-26     ,577,288.5,8134.17,2040.42,6093.75
01/04/2024,AM-27     ,423,211.5,6120.03,795.54,5324.49
01/04/2024,AM-28     ,697,348.5,9710.03,2169.11,7540.92
01/04/2024,AM-29     ,483,241.5,7402.43,1067.33,6335.1
01/04/2024,AM-30     ,518,259,7947.85,2287.81,5660.04
01/04/2024,AM-31     ,652,326,9300.05,1751.22,7548.83
01/04/2024,AM-32     ,588,294,8683.29,1788.59,6894.7
01/04/2024,AM-33     ,570,285,8464.28,1214.82,7249.46
01/04/2024,AM-34     ,568,284,18049.6,2497.6,15552
01/04/2024,AM-35     ,107,53.5,2100,30,2070
01/04/2024,AM-36     ,557,278.5,9998.46,1887.7,8110.76
01/04/2024,AM-37     ,763,381.5,4025.54,564.41,3461.13
01/04/2024,AM-38     ,1022,511,4772.2,704.65,4067.55
01/04/2024,AM-39     ,321,160.5,5880.22,94,5786.22
01/04/2024,AM-40     ,1001,500.5,4823.29,679.2,4144.09
01/04/2024,AM-41     ,1260,630,5676.13,267.61,5408.52
01/04/2024,AM-42     ,1506,753,6118.36,408.94,5709.42
01/04/2024,AM-43     ,402,201,8106.61,1743.01,6363.6
01/04/2024,AM-44     ,467,233.5,10154.54,1441.05,8713.49
01/04/2024,AM-45     ,676,338,20904.35,2510.8,18393.55
01/04/2024,AM-46     ,555,277.5,11066.2,2354.86,8711.34
01/04/2024,AM-47     ,1654,827,7203.16,475.84,6727.32
01/04/2024,AM-48     ,1716,858,6627.22,265.9,6361.32
01/04/2024,AM-49     ,1264,632,4960.4,23.2,4937.2
01/04/2024,AM-50     ,1424,712,5440,25.2,5414.8
01/04/2024,AM-51     ,1424,712,5494.5,26.4,5468.1
01/04/2024,AM-52     ,1811,905.5,6850.5,164.3,6686.2
01/04/2024,AM-53     ,733,366.5,5747.9,545.9,5202
01/04/2024,AM-54     ,499,249.5,2413.65,43.3,2370.35
01/04/2024,AM-55     ,721,360.5,5652.4,535.6,5116.8
01/04/2024,AM-56     ,466,233,13119.52,2199.8,10919.72
01/04/2024,AM-57     ,646,323,20102.1,1667.2,18434.9
01/04/2024,AM-58     ,485,242.5,14094.53,2254.24,11840.29
01/04/2024,AM-59     ,621,310.5,19564.37,2781.67,16782.7
01/04/2024,AM-60     ,613,306.5,5617.14,967.58,4649.56
01/04/2024,AM-61     ,350,175,6850,100,6750
01/04/2024,AM-62     ,441,220.5,12685.75,1734.6,10951.15
01/04/2024,AM-63     ,217,108.5,4247,62,4185
01/04/2024,AM-64     ,550,275,6387.92,1126.87,5261.05
01/04/2024,AM-65     ,640,320,6653.1,819.32,5833.78
01/04/2024,AM-66     ,547,273.5,5984.71,823.66,5161.05
01/04/2024,AM-67     ,613,306.5,6981.14,1020.1,5961.04
01/04/2024,AM-68     ,561,280.5,17825.6,2465.6,15360
01/04/2024,AM-69     ,486,243,15394,2658,12736
01/04/2024,AM-70     ,410,205,12627.5,1001.4,11626.1
01/04/2024,AM-71     ,427,213.5,13442.8,1698.8,11744
01/04/2024,AM-72     ,251,125.5,7395.6,957.6,6438
01/04/2024,AM-73     ,204,102,4985.1,1863.05,3122.05
01/04/2024,AM-74     ,252,126,7705.2,1247.2,6458
01/04/2024,AM-75     ,134,67,3244.55,1194.15,2050.4
01/04/2024,AM-76     ,42,21,1127.7,506.1,621.6
01/04/2024,AM-77     ,64,32,1927.35,368.55,1558.8
01/04/2024,TM-001    ,108,54,1570.8,34.8,1536
01/04/2024,TM-002    ,613,306.5,8918.8,22.8,8896
01/04/2024,TM-003    ,462,231,6731.2,27.2,6704
01/04/2024,TM-004    ,605,302.5,8831.2,79.2,8752
01/04/2024,TM-005    ,542,271,7970.4,34.4,7936
01/04/2024,TM-007    ,576,288,8393.6,41.6,8352
01/04/2024,TM-008    ,487,243.5,7073.6,65.6,7008
01/04/2024,TM-009    ,172,86,2502.4,6.4,2496
01/04/2024,TM-010    ,497,248.5,7146,74,7072
01/04/2024,TM-011    ,13,6.5,192.4,0.4,192
01/04/2024,TM-012    ,327,163.5,4795.2,11.2,4784
01/04/2024,TM-013    ,368,184,5310.4,78.4,5232
01/04/2024,TM-014    ,416,208,5979.6,27.6,5952
01/04/2024,TM-015    ,419,209.5,6084.4,36.4,6048
01/04/2024,TM-016    ,582,291,8479.6,31.6,8448
01/04/2024,TM-017    ,372,186,5426,34,5392
01/04/2024,TM-018    ,610,305,8880.8,32.8,8848
01/04/2024,TM-019    ,284,142,4117.2,21.2,4096
01/04/2024,TM-020    ,3,1.5,32.4,0.4,32
01/04/2024,TM-022    ,484,242,7026.4,18.4,7008
01/04/2024,TM-023    ,517,258.5,7522,50,7472
01/04/2024,TM-024    ,468,234,6780.8,44.8,6736
01/04/2024,TM-025    ,493,246.5,7128.4,56.4,7072
01/04/2024,TM-026    ,415,207.5,5636,36,5600
01/04/2024,TM-027    ,198,99,2866,18,2848
01/04/2024,TM-028    ,507,253.5,7412,100,7312
01/04/2024,TM-029    ,621,310.5,9076,100,8976
01/04/2024,TM-030    ,561,280.5,8190.8,46.8,8144
01/04/2024,TM-031    ,554,277,8009.6,89.6,7920
01/04/2024,TM-032    ,651,325.5,9500,44,9456
01/04/2024,TM-033    ,500,250,7256,56,7200
01/04/2024,TM-034    ,567,283.5,8229.6,21.6,8208
01/04/2024,TM-038    ,482,241,6879.2,95.2,6784
01/04/2024,TM-039    ,312,156,4559.6,31.6,4528
01/04/2024,TM-040    ,551,275.5,8051.6,19.6,8032
01/04/2024,TM-041    ,515,257.5,7542.4,38.4,7504
01/04/2024,TM-046    ,314,157,4620.4,332.4,4288
01/04/2024,TM-047    ,349,174.5,5108.4,100.4,5008
01/04/2024,TM-048    ,332,166,4716,284,4432
01/04/2024,TM-049    ,421,210.5,6054,198,5856
01/04/2024,TM-050    ,413,206.5,6044.8,268.8,5776
01/04/2024,TM-051    ,561,280.5,8028,172,7856
01/04/2024,TM-052    ,505,252.5,7351.6,135.6,7216
01/04/2024,TM-053    ,502,251,7293.6,125.6,7168
01/04/2024,TM-054    ,572,286,8406.4,150.4,8256
01/04/2024,TM-055    ,498,249,7273.6,249.6,7024
01/04/2024,TM-056    ,538,269,7827.2,147.2,7680
01/04/2024,TM-057    ,342,171,5050.8,90.8,4960
01/04/2024,TM-058    ,407,203.5,5943.6,215.6,5728
01/04/2024,TM-059    ,378,189,5537.6,113.6,5424
01/04/2024,TM-060    ,552,276,8070.8,230.8,7840
01/04/2024,TM-071    ,10,5,144.4,0.4,144
01/04/2024,TM-072    ,509,254.5,7458.8,146.8,7312
01/04/2024,TM-073    ,467,233.5,6801.2,97.2,6704
01/04/2024,TM-074    ,246,123,3627.6,75.6,3552
01/04/2024,TM-075    ,259,129.5,3764.8,52.8,3712
01/04/2024,TM-076    ,228,114,3346,98,3248
01/05/2024,AM-01     ,1513,756.5,6820.7,69.5,6751.2
01/05/2024,AM-02     ,1380,690,6761.57,180.75,6580.82
01/05/2024,AM-03     ,720,360,7339.04,626.5,6712.54
01/05/2024,AM-04     ,532,266,6363.69,632.31,5731.38
01/05/2024,AM-05     ,757,378.5,7192.92,610.2,6582.72
01/05/2024,AM-06     ,743,371.5,7333.41,694.36,6639.05
01/05/2024,AM-067    ,10,5,113.6,11.36,102.24
01/05/2024,AM-07     ,353,176.5,6522.65,906.85,5615.8
01/05/2024,AM-08     ,945,472.5,8095.13,489.4,7605.73
01/05/2024,AM-09     ,499,249.5,9161.28,874,8287.28
01/05/2024,AM-10     ,487,243.5,8821.71,699.98,8121.73
01/05/2024,AM-11     ,361,180.5,7056.5,104,6952.5
01/05/2024,AM-12     ,883,441.5,5301.02,538.06,4762.96
01/05/2024,AM-13     ,577,288.5,10547.96,1164.15,9383.81
01/05/2024,AM-14     ,771,385.5,7687.43,685.95,7001.48
01/05/2024,AM-15     ,488,244,13921.28,1180.1,12741.18
01/05/2024,AM-16     ,380,190,6676.03,840.02,5836.01
01/05/2024,AM-17     ,497,248.5,9890.15,933.6,8956.55
01/05/2024,AM-18     ,536,268,9210.85,1005.35,8205.5
01/05/2024,AM-19     ,505,252.5,4899.05,504.05,4395
01/05/2024,AM-20     ,473,236.5,9444.65,1471.01,7973.64
01/05/2024,AM-21     ,560,280,12289.13,1077.9,11211.23
01/05/2024,AM-22     ,497,248.5,9562.5,1209.45,8353.05
01/05/2024,AM-23     ,373,186.5,7194.53,814.76,6379.77
01/05/2024,AM-24     ,487,243.5,9556.41,1175.3,8381.11
01/05/2024,AM-25     ,273,136.5,4962.18,533.75,4428.43
01/05/2024,AM-26     ,636,318,8951.79,769.6,8182.19
01/05/2024,AM-27     ,589,294.5,8831.36,770.15,8061.21
01/05/2024,AM-28     ,560,280,8417.92,876.46,7541.46
01/05/2024,AM-29     ,560,280,8098.24,799.15,7299.09
01/05/2024,AM-30     ,460,230,6850.97,610.35,6240.62
01/05/2024,AM-31     ,640,320,8997.09,693.42,8303.67
01/05/2024,AM-32     ,511,255.5,8782.47,794.2,7988.27
01/05/2024,AM-33     ,553,276.5,7997.26,715.36,7281.9
01/05/2024,AM-34     ,659,329.5,20150.49,1388.2,18762.29
01/05/2024,AM-35     ,63,31.5,1253.5,16,1237.5
01/05/2024,AM-36     ,610,305,11641.23,1044.22,10597.01
01/05/2024,AM-37     ,965,482.5,5555,558,4997
01/05/2024,AM-38     ,1041,520.5,5806.14,516.1,5290.04
01/05/2024,AM-39     ,241,120.5,4478.1,71.7,4406.4
01/05/2024,AM-40     ,903,451.5,4417.87,405.7,4012.17
01/05/2024,AM-41     ,907,453.5,8140.77,524.39,7616.38
01/05/2024,AM-42     ,1554,777,6373.37,328.03,6045.34
01/05/2024,AM-43     ,352,176,6752.1,1010.5,5741.6
01/05/2024,AM-44     ,484,242,9895.86,985.8,8910.06
01/05/2024,AM-45     ,603,301.5,18247.35,1494.15,16753.2
01/05/2024,AM-46     ,518,259,8786.55,772.9,8013.65
01/05/2024,AM-47     ,1633,816.5,6475.74,435.95,6039.79
01/05/2024,AM-48     ,1466,733,6115.82,319.89,5795.93
01/05/2024,AM-49     ,981,490.5,3715.2,16.5,3698.7
01/05/2024,AM-50     ,643,321.5,2830.25,20.8,2809.45
01/05/2024,AM-51     ,1252,626,4556.7,27.6,4529.1
01/05/2024,AM-52     ,1556,778,5353.45,24.8,5328.65
01/05/2024,AM-53     ,874,437,3762.55,21.2,3741.35
01/05/2024,AM-54     ,1065,532.5,3846.4,17.6,3828.8
01/05/2024,AM-55     ,38,19,113.25,0.4,112.85
01/05/2024,AM-56     ,527,263.5,15924.4,1161.65,14762.75
01/05/2024,AM-57     ,672,336,21151.55,1569.3,19582.25
01/05/2024,AM-58     ,617,308.5,17457.05,1409.11,16047.94
01/05/2024,AM-59     ,605,302.5,14698.94,1153.87,13545.07
01/05/2024,AM-60     ,455,227.5,11041.86,715.65,10326.21
01/05/2024,AM-61     ,315,157.5,6165,90,6075
01/05/2024,AM-62     ,426,213,11341.07,949.85,10391.22
01/05/2024,AM-63     ,314,157,5858.5,88.4,5770.1
01/05/2024,AM-64     ,586,293,4361.52,214.2,4147.32
01/05/2024,AM-65     ,529,264.5,6201.55,589.48,5612.07
01/05/2024,AM-66     ,549,274.5,6389.76,530.24,5859.52
01/05/2024,AM-67     ,495,247.5,5275.95,406.76,4869.19
01/05/2024,AM-68     ,527,263.5,16408.8,1211.8,15197
01/05/2024,AM-69     ,276,138,8300.4,571.4,7729
01/05/2024,AM-70     ,289,144.5,8843.2,753.2,8090
01/05/2024,AM-71     ,169,84.5,4684.4,459.4,4225
01/05/2024,AM-72     ,306,153,8563.3,760.5,7802.8
01/05/2024,AM-73     ,206,103,4104.5,734.1,3370.4
01/05/2024,AM-74     ,248,124,7819.6,728.6,7091
01/05/2024,AM-75     ,237,118.5,4593.65,578.35,4015.3
01/05/2024,AM-76     ,34,17,956.5,82.85,873.65
01/05/2024,AM-77     ,7,3.5,138.8,23.8,115
01/05/2024,TM-001    ,475,237.5,6861.2,29.2,6832
01/05/2024,TM-002    ,485,242.5,7068.8,60.8,7008
01/05/2024,TM-003    ,119,59.5,1711.6,31.6,1680
01/05/2024,TM-004    ,405,202.5,5927.2,55.2,5872
01/05/2024,TM-005    ,310,155,4481.6,65.6,4416
01/05/2024,TM-007    ,351,175.5,5094.8,70.8,5024
01/05/2024,TM-008    ,501,250.5,7266.4,66.4,7200
01/05/2024,TM-009    ,449,224.5,6538.8,26.8,6512
01/05/2024,TM-010    ,587,293.5,8529.2,65.2,8464
01/05/2024,TM-012    ,499,249.5,7260.8,28.8,7232
01/05/2024,TM-013    ,597,298.5,8668.4,92.4,8576
01/05/2024,TM-014    ,318,159,4651.6,27.6,4624
01/05/2024,TM-015    ,568,284,8292.4,20.4,8272
01/05/2024,TM-016    ,539,269.5,7739.2,43.2,7696
01/05/2024,TM-017    ,531,265.5,7724.8,60.8,7664
01/05/2024,TM-018    ,588,294,8560,32,8528
01/05/2024,TM-019    ,566,283,8208.4,48.4,8160
01/05/2024,TM-021    ,2,1,32,0,32
01/05/2024,TM-022    ,485,242.5,7042.4,18.4,7024
01/05/2024,TM-023    ,509,254.5,7442,18,7424
01/05/2024,TM-024    ,422,211,6117.2,53.2,6064
01/05/2024,TM-025    ,620,310,9030.8,102.8,8928
01/05/2024,TM-026    ,600,300,8154,74,8080
01/05/2024,TM-027    ,508,254,7368,40,7328
01/05/2024,TM-028    ,564,282,8206,62,8144
01/05/2024,TM-029    ,540,270,7816.8,88.8,7728
01/05/2024,TM-030    ,610,305,8895.6,79.6,8816
01/05/2024,TM-031    ,566,283,8202.4,42.4,8160
01/05/2024,TM-032    ,495,247.5,7139.2,67.2,7072
01/05/2024,TM-033    ,604,302,8872.8,40.8,8832
01/05/2024,TM-034    ,506,253,7361.6,49.6,7312
01/05/2024,TM-038    ,513,256.5,7464.4,72.4,7392
01/05/2024,TM-039    ,266,133,3839.2,31.2,3808
01/05/2024,TM-040    ,559,279.5,8127.2,31.2,8096
01/05/2024,TM-041    ,504,252,7380.8,68.8,7312
01/05/2024,TM-046    ,356,178,5121.6,369.6,4752
01/05/2024,TM-047    ,317,158.5,4597.6,149.6,4448
01/05/2024,TM-048    ,313,156.5,4549.2,229.2,4320
01/05/2024,TM-049    ,384,192,5610.4,202.4,5408
01/05/2024,TM-050    ,409,204.5,5950.4,222.4,5728
01/05/2024,TM-051    ,539,269.5,7892.4,164.4,7728
01/05/2024,TM-052    ,527,263.5,7714.8,194.8,7520
01/05/2024,TM-053    ,530,265,7754.8,186.8,7568
01/05/2024,TM-054    ,546,273,7961.2,233.2,7728
01/05/2024,TM-055    ,123,61.5,1759.6,95.6,1664
01/05/2024,TM-056    ,243,121.5,3539.2,99.2,3440
01/05/2024,TM-057    ,405,202.5,5869.6,93.6,5776
01/05/2024,TM-058    ,543,271.5,7900.8,204.8,7696
01/05/2024,TM-059    ,538,269,7899.2,139.2,7760
01/05/2024,TM-060    ,429,214.5,6154,90,6064
01/05/2024,TM-067    ,1,0.5,16,0,16
01/05/2024,TM-072    ,525,262.5,7645.6,109.6,7536
01/05/2024,TM-073    ,310,155,4593.2,81.2,4512
01/05/2024,TM-074    ,477,238.5,6944,192,6752
01/05/2024,TM-075    ,249,124.5,3646.8,94.8,3552
01/05/2024,TM-076    ,547,273.5,8017.6,129.6,7888
01/06/2024,AM-01     ,1253,626.5,6300.24,84.4,6215.84
01/06/2024,AM-02     ,1331,665.5,6397.44,63.9,6333.54
01/06/2024,AM-03     ,809,404.5,7826.65,614.4,7212.25
01/06/2024,AM-04     ,723,361.5,7135.95,525.75,6610.2
01/06/2024,AM-05     ,800,400,7676.95,683.71,6993.24
01/06/2024,AM-06     ,697,348.5,7555.35,599.85,6955.5
01/06/2024,AM-07     ,461,230.5,7928.6,818.95,7109.65
01/06/2024,AM-08     ,1072,536,8419.28,623.79,7795.49
01/06/2024,AM-09     ,484,242,8499.7,1030.6,7469.1
01/06/2024,AM-10     ,568,284,11451.64,914.92,10536.72
01/06/2024,AM-11     ,351,175.5,6851.8,98.8,6753
01/06/2024,AM-12     ,868,434,4002.06,420.15,3581.91
01/06/2024,AM-13     ,626,313,9130.24,621.1,8509.14
01/06/2024,AM-14     ,641,320.5,7224.72,575.05,6649.67
01/06/2024,AM-15     ,584,292,17505.9,1503.8,16002.1
01/06/2024,AM-16     ,434,217,7197.29,790.7,6406.59
01/06/2024,AM-17     ,525,262.5,9815.93,1414.2,8401.73
01/06/2024,AM-18     ,545,272.5,8192.92,761.72,7431.2
01/06/2024,AM-19     ,482,241,8649.04,705.85,7943.19
01/06/2024,AM-20     ,529,264.5,10363,1041.3,9321.7
01/06/2024,AM-21     ,454,227,8033.48,840.57,7192.91
01/06/2024,AM-22     ,536,268,9756.07,920.2,8835.87
01/06/2024,AM-23     ,514,257,10667.68,1054.6,9613.08
01/06/2024,AM-24     ,80,40,1278.06,63.42,1214.64
01/06/2024,AM-25     ,324,162,6953.17,783.7,6169.47
01/06/2024,AM-26     ,579,289.5,7248.44,751.5,6496.94
01/06/2024,AM-27     ,579,289.5,8337.53,818.4,7519.13
01/06/2024,AM-28     ,510,255,7750.68,795.1,6955.58
01/06/2024,AM-29     ,559,279.5,8131.83,732.31,7399.52
01/06/2024,AM-30     ,598,299,8979.98,835.2,8144.78
01/06/2024,AM-31     ,536,268,7678.45,779.16,6899.29
01/06/2024,AM-32     ,634,317,9062.05,848.7,8213.35
01/06/2024,AM-33     ,562,281,8141.36,682.6,7458.76
01/06/2024,AM-34     ,653,326.5,19832.63,1522.8,18309.83
01/06/2024,AM-35     ,293,146.5,5731.5,84,5647.5
01/06/2024,AM-36     ,568,284,11022.82,1025.05,9997.77
01/06/2024,AM-37     ,808,404,4684.68,435.36,4249.32
01/06/2024,AM-38     ,871,435.5,5326.64,491.92,4834.72
01/06/2024,AM-39     ,26,13,503,8,495
01/06/2024,AM-40     ,1002,501,4866.79,524.4,4342.39
01/06/2024,AM-41     ,1531,765.5,6535.38,349.3,6186.08
01/06/2024,AM-42     ,1571,785.5,6168.07,286.27,5881.8
01/06/2024,AM-43     ,353,176.5,6581.35,790.6,5790.75
01/06/2024,AM-44     ,613,306.5,9745.48,758,8987.48
01/06/2024,AM-45     ,525,262.5,15141.62,1247.6,13894.02
01/06/2024,AM-46     ,488,244,8964.24,899.5,8064.74
01/06/2024,AM-47     ,1305,652.5,5968.43,335.48,5632.95
01/06/2024,AM-48     ,1074,537,6474.26,393.64,6080.62
01/06/2024,AM-49     ,1005,502.5,5134.75,120.8,5013.95
01/06/2024,AM-50     ,751,375.5,3493.35,38.95,3454.4
01/06/2024,AM-51     ,1346,673,5021.55,22,4999.55
01/06/2024,AM-52     ,1361,680.5,5313.45,57.6,5255.85
01/06/2024,AM-53     ,1330,665,4952.6,26.4,4926.2
01/06/2024,AM-54     ,1157,578.5,4235.25,20.8,4214.45
01/06/2024,AM-55     ,388,194,2078.55,11.6,2066.95
01/06/2024,AM-56     ,481,240.5,13962.82,1184.85,12777.97
01/06/2024,AM-57     ,660,330,20314.6,1402.15,18912.45
01/06/2024,AM-58     ,694,347,20445.65,1486.7,18958.95
01/06/2024,AM-59     ,574,287,11057.69,1104.15,9953.54
01/06/2024,AM-60     ,641,320.5,18679.21,1589.05,17090.16
01/06/2024,AM-61     ,346,173,6619.2,114.72,6504.48
01/06/2024,AM-62     ,577,288.5,17326.15,1041.6,16284.55
01/06/2024,AM-63     ,286,143,5574,84,5490
01/06/2024,AM-64     ,560,280,6292.48,587.08,5705.4
01/06/2024,AM-65     ,556,278,6111.06,473.66,5637.4
01/06/2024,AM-66     ,590,295,6364.58,539.31,5825.27
01/06/2024,AM-67     ,422,211,4974.72,442.24,4532.48
01/06/2024,AM-68     ,540,270,16982.4,1346.4,15636
01/06/2024,AM-69     ,292,146,8874.1,534.45,8339.65
01/06/2024,AM-70     ,287,143.5,8150.2,586.9,7563.3
01/06/2024,AM-71     ,415,207.5,12341.4,774.9,11566.5
01/06/2024,AM-72     ,381,190.5,11314.3,778.2,10536.1
01/06/2024,AM-73     ,278,139,5825.3,682.25,5143.05
01/06/2024,AM-74     ,243,121.5,6837.6,620.5,6217.1
01/06/2024,AM-75     ,204,102,4183.6,569.25,3614.35
01/06/2024,TM-001    ,489,244.5,7100.8,28.8,7072
01/06/2024,TM-002    ,495,247.5,7187.2,35.2,7152
01/06/2024,TM-003    ,405,202.5,5949.6,13.6,5936
01/06/2024,TM-004    ,468,234,6837.2,37.2,6800
01/06/2024,TM-005    ,489,244.5,7158,54,7104
01/06/2024,TM-007    ,568,284,8271.2,31.2,8240
01/06/2024,TM-008    ,405,202.5,5892.4,68.4,5824
01/06/2024,TM-009    ,295,147.5,4298.8,10.8,4288
01/06/2024,TM-010    ,425,212.5,6108,28,6080
01/06/2024,TM-012    ,613,306.5,8928.8,32.8,8896
01/06/2024,TM-013    ,484,242,7062,38,7024
01/06/2024,TM-014    ,341,170.5,4956.8,12.8,4944
01/06/2024,TM-015    ,399,199.5,5786,42,5744
01/06/2024,TM-016    ,416,208,6025.6,73.6,5952
01/06/2024,TM-017    ,389,194.5,5672.8,40.8,5632
01/06/2024,TM-018    ,541,270.5,7845.2,37.2,7808
01/06/2024,TM-019    ,483,241.5,6989.2,29.2,6960
01/06/2024,TM-021    ,1,0.5,16,0,16
01/06/2024,TM-022    ,244,122,3508.4,20.4,3488
01/06/2024,TM-023    ,533,266.5,7695.2,95.2,7600
01/06/2024,TM-024    ,573,286.5,8361.6,57.6,8304
01/06/2024,TM-025    ,499,249.5,7230,46,7184
01/06/2024,TM-026    ,461,230.5,6251.6,59.6,6192
01/06/2024,TM-027    ,484,242,7010,66,6944
01/06/2024,TM-028    ,547,273.5,7992.4,56.4,7936
01/06/2024,TM-029    ,535,267.5,7701.2,69.2,7632
01/06/2024,TM-030    ,419,209.5,6069.6,69.6,6000
01/06/2024,TM-031    ,385,192.5,5509.2,37.2,5472
01/06/2024,TM-032    ,484,242,7057.6,17.6,7040
01/06/2024,TM-033    ,627,313.5,9252,20,9232
01/06/2024,TM-034    ,377,188.5,5449.2,25.2,5424
01/06/2024,TM-038    ,490,245,7094.4,70.4,7024
01/06/2024,TM-039    ,515,257.5,7474.4,50.4,7424
01/06/2024,TM-040    ,440,220,6348,28,6320
01/06/2024,TM-041    ,438,219,6294.8,38.8,6256
01/06/2024,TM-042    ,104,52,1464.8,72.8,1392
01/06/2024,TM-046    ,167,83.5,2374,262,2112
01/06/2024,TM-047    ,186,93,2736,160,2576
01/06/2024,TM-048    ,275,137.5,3951.2,239.2,3712
01/06/2024,TM-049    ,329,164.5,4715.6,155.6,4560
01/06/2024,TM-050    ,363,181.5,5306.8,170.8,5136
01/06/2024,TM-051    ,508,254,7356.4,204.4,7152
01/06/2024,TM-052    ,494,247,7202,178,7024
01/06/2024,TM-053    ,222,111,3306.8,26.8,3280
01/06/2024,TM-054    ,505,252.5,7407.6,111.6,7296
01/06/2024,TM-055    ,526,263,7582,206,7376
01/06/2024,TM-056    ,459,229.5,6767.2,111.2,6656
01/06/2024,TM-057    ,158,79,2324,36,2288
01/06/2024,TM-058    ,527,263.5,7713.2,129.2,7584
01/06/2024,TM-059    ,415,207.5,6008.8,120.8,5888
01/06/2024,TM-060    ,501,250.5,7368,152,7216
01/06/2024,TM-072    ,435,217.5,6335.2,143.2,6192
01/06/2024,TM-073    ,420,210,6156.8,108.8,6048
01/06/2024,TM-074    ,306,153,4401.2,113.2,4288
01/06/2024,TM-075    ,530,265,7740.8,332.8,7408
01/06/2024,TM-076    ,423,211.5,6174.8,158.8,6016
01/07/2024,AM-01     ,1581,790.5,7111.1,78.23,7032.87
01/07/2024,AM-02     ,1275,637.5,6199.39,155.95,6043.44
01/07/2024,AM-03     ,743,371.5,6935.57,589.1,6346.47
01/07/2024,AM-04     ,689,344.5,6833.45,565.9,6267.55
01/07/2024,AM-05     ,760,380,7231.95,583.8,6648.15
01/07/2024,AM-06     ,617,308.5,6333.08,583.4,5749.68
01/07/2024,AM-07     ,386,193,6849.05,618.06,6230.99
01/07/2024,AM-08     ,1052,526,9103.46,745.2,8358.26
01/07/2024,AM-09     ,564,282,10570.33,1159.65,9410.68
01/07/2024,AM-10     ,667,333.5,17265.81,1226.6,16039.21
01/07/2024,AM-11     ,314,157,6142.5,90,6052.5
01/07/2024,AM-12     ,978,489,5127.58,512.8,4614.78
01/07/2024,AM-13     ,433,216.5,7197.3,661.9,6535.4
01/07/2024,AM-14     ,727,363.5,8337.49,767.85,7569.64
01/07/2024,AM-15     ,497,248.5,15080.3,1053.05,14027.25
01/07/2024,AM-16     ,369,184.5,6826.83,683.8,6143.03
01/07/2024,AM-17     ,444,222,8260.12,1015.41,7244.71
01/07/2024,AM-18     ,469,234.5,8414.16,796.85,7617.31
01/07/2024,AM-19     ,427,213.5,7976.29,553.3,7422.99
01/07/2024,AM-20     ,533,266.5,10086.75,1118.85,8967.9
01/07/2024,AM-21     ,517,258.5,9607.6,771.3,8836.3
01/07/2024,AM-22     ,396,198,7185.27,641.35,6543.92
01/07/2024,AM-23     ,403,201.5,7650.45,1013.45,6637
01/07/2024,AM-24     ,566,283,6752.16,408.26,6343.9
01/07/2024,AM-25     ,467,233.5,7446.68,741.55,6705.13
01/07/2024,AM-26     ,608,304,8996.08,766.48,8229.6
01/07/2024,AM-27     ,519,259.5,7604.57,744.36,6860.21
01/07/2024,AM-28     ,602,301,9039.9,821.25,8218.65
01/07/2024,AM-29     ,606,303,9020.14,969.7,8050.44
01/07/2024,AM-30     ,624,312,9387.62,825.95,8561.67
01/07/2024,AM-31     ,600,300,8597.52,835.16,7762.36
01/07/2024,AM-32     ,565,282.5,7990.17,698.2,7291.97
01/07/2024,AM-33     ,616,308,8740.7,697.51,8043.19
01/07/2024,AM-34     ,746,373,23174.5,1663.05,21511.45
01/07/2024,AM-35     ,386,193,7557.5,110,7447.5
01/07/2024,AM-36     ,525,262.5,9172.7,620.96,8551.74
01/07/2024,AM-37     ,980,490,4743.2,490.2,4253
01/07/2024,AM-38     ,817,408.5,4844.53,541.87,4302.66
01/07/2024,AM-39     ,7,3.5,137,2,135
01/07/2024,AM-40     ,1009,504.5,4586,468.13,4117.87
01/07/2024,AM-41     ,1090,545,8488.97,562.14,7926.83
01/07/2024,AM-42     ,809,404.5,7859.01,507.54,7351.47
01/07/2024,AM-43     ,439,219.5,8840.63,1003.46,7837.17
01/07/2024,AM-44     ,545,272.5,10042.12,681.28,9360.84
01/07/2024,AM-45     ,650,325,19199.55,1454.35,17745.2
01/07/2024,AM-46     ,502,251,9726.65,917.15,8809.5
01/07/2024,AM-47     ,1202,601,6528.68,387.88,6140.8
01/07/2024,AM-48     ,1206,603,6308.45,328.07,5980.38
01/07/2024,AM-49     ,1230,615,4602.4,24.8,4577.6
01/07/2024,AM-50     ,1059,529.5,4310.75,61.7,4249.05
01/07/2024,AM-51     ,672,336,3018.9,21.6,2997.3
01/07/2024,AM-52     ,893,446.5,4034.62,66.6,3968.02
01/07/2024,AM-53     ,989,494.5,3714.4,18,3696.4
01/07/2024,AM-54     ,676,338,3016.75,55.76,2960.99
01/07/2024,AM-55     ,1216,608,4603.85,25.2,4578.65
01/07/2024,AM-56     ,252,126,7203.88,620.25,6583.63
01/07/2024,AM-57     ,547,273.5,13788.25,1185.7,12602.55
01/07/2024,AM-58     ,587,293.5,15172.11,1268.48,13903.63
01/07/2024,AM-59     ,504,252,10417.1,1324.9,9092.2
01/07/2024,AM-60     ,579,289.5,17736.2,1216.8,16519.4
01/07/2024,AM-61     ,350,175,6850,100,6750
01/07/2024,AM-62     ,589,294.5,17793.24,1396.95,16396.29
01/07/2024,AM-63     ,336,168,6576,96,6480
01/07/2024,AM-64     ,572,286,6559.34,512.08,6047.26
01/07/2024,AM-65     ,579,289.5,6349.95,578.22,5771.73
01/07/2024,AM-66     ,520,260,6508.13,627.76,5880.37
01/07/2024,AM-67     ,562,281,6250.56,502.4,5748.16
01/07/2024,AM-68     ,480,240,15165.3,1203.65,13961.65
01/07/2024,AM-69     ,501,250.5,15883.2,1281.2,14602
01/07/2024,AM-70     ,284,142,7939.2,637.45,7301.75
01/07/2024,AM-71     ,538,269,16728.8,1092.8,15636
01/07/2024,AM-72     ,350,175,10239.3,720.65,9518.65
01/07/2024,AM-73     ,346,173,7027.75,783.3,6244.45
01/07/2024,AM-74     ,428,214,13227.2,1251.2,11976
01/07/2024,AM-75     ,317,158.5,6583.7,817.4,5766.3
01/07/2024,AM-86     ,1334,667,5221,236.36,4984.64
01/07/2024,AM-87     ,1258,629,4768.02,220.4,4547.62
01/07/2024,TM-001    ,385,192.5,5639.6,23.6,5616
01/07/2024,TM-002    ,587,293.5,8466.4,50.4,8416
01/07/2024,TM-003    ,563,281.5,8243.6,19.6,8224
01/07/2024,TM-004    ,517,258.5,7522,50,7472
01/07/2024,TM-005    ,426,213,6186.4,26.4,6160
01/07/2024,TM-006    ,15,7.5,224.4,0.4,224
01/07/2024,TM-007    ,460,230,6699.6,43.6,6656
01/07/2024,TM-008    ,619,309.5,9030.4,22.4,9008
01/07/2024,TM-009    ,557,278.5,8095.6,47.6,8048
01/07/2024,TM-010    ,170,85,2496,16,2480
01/07/2024,TM-012    ,479,239.5,6956.8,44.8,6912
01/07/2024,TM-013    ,600,300,8694.8,86.8,8608
01/07/2024,TM-014    ,382,191,5566,14,5552
01/07/2024,TM-015    ,443,221.5,6432,64,6368
01/07/2024,TM-016    ,553,276.5,8030,62,7968
01/07/2024,TM-017    ,560,280,8158.8,30.8,8128
01/07/2024,TM-018    ,570,285,8287.6,31.6,8256
01/07/2024,TM-019    ,520,260,7534.4,30.4,7504
01/07/2024,TM-022    ,585,292.5,8502,22,8480
01/07/2024,TM-023    ,605,302.5,8801.2,49.2,8752
01/07/2024,TM-024    ,563,281.5,8165.2,85.2,8080
01/07/2024,TM-025    ,570,285,8292,52,8240
01/07/2024,TM-026    ,547,273.5,7535.2,31.2,7504
01/07/2024,TM-027    ,556,278,8081.6,129.6,7952
01/07/2024,TM-028    ,588,294,8591.2,31.2,8560
01/07/2024,TM-029    ,446,223,6486,70,6416
01/07/2024,TM-030    ,508,254,7451.6,27.6,7424
01/07/2024,TM-031    ,573,286.5,8351.6,47.6,8304
01/07/2024,TM-032    ,329,164.5,4716.8,44.8,4672
01/07/2024,TM-033    ,660,330,9649.6,33.6,9616
01/07/2024,TM-034    ,392,196,5699.2,35.2,5664
01/07/2024,TM-038    ,543,271.5,7943.6,39.6,7904
01/07/2024,TM-039    ,404,202,5901.2,45.2,5856
01/07/2024,TM-040    ,552,276,8052,20,8032
01/07/2024,TM-041    ,13,6.5,192.4,0.4,192
01/07/2024,TM-042    ,50,25,747.6,11.6,736
01/07/2024,TM-046    ,69,34.5,968,184,784
01/07/2024,TM-047    ,249,124.5,3583.2,207.2,3376
01/07/2024,TM-048    ,303,151.5,4414.4,222.4,4192
01/07/2024,TM-049    ,261,130.5,3717.2,229.2,3488
01/07/2024,TM-050    ,251,125.5,3650.8,226.8,3424
01/07/2024,TM-051    ,529,264.5,7669.6,149.6,7520
01/07/2024,TM-052    ,479,239.5,7066.8,234.8,6832
01/07/2024,TM-053    ,277,138.5,4025.2,121.2,3904
01/07/2024,TM-054    ,569,284.5,8318.4,190.4,8128
01/07/2024,TM-055    ,528,264,7718.4,166.4,7552
01/07/2024,TM-056    ,472,236,6776.4,200.4,6576
01/07/2024,TM-057    ,433,216.5,6256.8,160.8,6096
01/07/2024,TM-058    ,480,240,6872.4,168.4,6704
01/07/2024,TM-059    ,479,239.5,7195.6,155.6,7040
01/07/2024,TM-060    ,371,185.5,5448,152,5296
01/07/2024,TM-072    ,500,250,7220.4,116.4,7104
01/07/2024,TM-073    ,350,175,5072.8,144.8,4928
01/07/2024,TM-074    ,540,270,7817.6,201.6,7616
01/07/2024,TM-075    ,531,265.5,7678.8,254.8,7424
01/07/2024,TM-076    ,622,311,9123.2,99.2,9024
01/08/2024,AM-01     ,1455,727.5,7364.24,152.35,7211.89
01/08/2024,AM-02     ,1361,680.5,6209.74,84.1,6125.64
01/08/2024,AM-03     ,848,424,7996.15,636.7,7359.45
01/08/2024,AM-04     ,833,416.5,7803.2,697.2,7106
01/08/2024,AM-05     ,715,357.5,7600.04,664.6,6935.44
01/08/2024,AM-06     ,654,327,5994.86,444.16,5550.7
01/08/2024,AM-07     ,498,249,8604.85,905.67,7699.18
01/08/2024,AM-08     ,973,486.5,7612.37,645.21,6967.16
01/08/2024,AM-09     ,561,280.5,10225.11,1203.61,9021.5
01/08/2024,AM-10     ,544,272,12270.86,1084.86,11186
01/08/2024,AM-11     ,338,169,6373.6,99.7,6273.9
01/08/2024,AM-12     ,1070,535,4821.9,534,4287.9
01/08/2024,AM-13     ,612,306,10036.73,1088.46,8948.27
01/08/2024,AM-14     ,817,408.5,8647.8,726.8,7921
01/08/2024,AM-15     ,608,304,17897.98,1506.6,16391.38
01/08/2024,AM-16     ,508,254,10378.27,995.75,9382.52
01/08/2024,AM-17     ,469,234.5,8544.33,683.2,7861.13
01/08/2024,AM-18     ,566,283,11157.12,1355.85,9801.27
01/08/2024,AM-19     ,542,271,9928.19,918.9,9009.29
01/08/2024,AM-20     ,532,266,10363.28,852,9511.28
01/08/2024,AM-21     ,546,273,10096.22,903.62,9192.6
01/08/2024,AM-22     ,464,232,8486.15,742.57,7743.58
01/08/2024,AM-23     ,463,231.5,8824.45,995.9,7828.55
01/08/2024,AM-24     ,730,365,9078.52,879.86,8198.66
01/08/2024,AM-25     ,420,210,7049.43,910.76,6138.67
01/08/2024,AM-26     ,598,299,9377.51,720.86,8656.65
01/08/2024,AM-27     ,615,307.5,9888.66,817.15,9071.51
01/08/2024,AM-28     ,632,316,8913.84,743.3,8170.54
01/08/2024,AM-29     ,587,293.5,9090.2,883,8207.2
01/08/2024,AM-30     ,551,275.5,9344.71,913.7,8431.01
01/08/2024,AM-31     ,641,320.5,9902.38,902.35,9000.03
01/08/2024,AM-33     ,563,281.5,8985.27,684.55,8300.72
01/08/2024,AM-34     ,693,346.5,21190.4,1554.3,19636.1
01/08/2024,AM-35     ,372,186,7205.17,118.2,7086.97
01/08/2024,AM-36     ,669,334.5,11416.49,1084.93,10331.56
01/08/2024,AM-37     ,888,444,5240.24,441.6,4798.64
01/08/2024,AM-38     ,836,418,6038.85,530.4,5508.45
01/08/2024,AM-39     ,204,102,3538.74,70.38,3468.36
01/08/2024,AM-40     ,1010,505,5948.26,635.05,5313.21
01/08/2024,AM-41     ,1356,678,6121.72,352.44,5769.28
01/08/2024,AM-42     ,850,425,9209.65,710.77,8498.88
01/08/2024,AM-43     ,529,264.5,8958.05,907.21,8050.84
01/08/2024,AM-44     ,647,323.5,10176.9,1025.33,9151.57
01/08/2024,AM-45     ,466,233,12604.8,904.1,11700.7
01/08/2024,AM-46     ,444,222,8319.38,990.25,7329.13
01/08/2024,AM-47     ,1248,624,8431.6,568.33,7863.27
01/08/2024,AM-48     ,1128,564,7847.79,717.59,7130.2
01/08/2024,AM-49     ,856,428,4063.58,92.6,3970.98
01/08/2024,AM-50     ,1172,586,5181.79,87.2,5094.59
01/08/2024,AM-51     ,1386,693,5210.95,28.4,5182.55
01/08/2024,AM-52     ,1210,605,4723.48,55.6,4667.88
01/08/2024,AM-53     ,974,487,4354.7,27.2,4327.5
01/08/2024,AM-54     ,1072,536,3756.65,15.6,3741.05
01/08/2024,AM-55     ,598,299,3382.8,79.2,3303.6
01/08/2024,AM-56     ,316,158,9016.67,630,8386.67
01/08/2024,AM-57     ,1110,555,15589.05,803.55,14785.5
01/08/2024,AM-58     ,556,278,14926.72,1234.51,13692.21
01/08/2024,AM-59     ,548,274,10760.5,1374.55,9385.95
01/08/2024,AM-60     ,639,319.5,18342.3,1276.7,17065.6
01/08/2024,AM-61     ,568,284,7108.48,162.99,6945.49
01/08/2024,AM-62     ,375,187.5,11539.3,821.65,10717.65
01/08/2024,AM-63     ,337,168.5,5678.42,81.7,5596.72
01/08/2024,AM-64     ,619,309.5,7080.9,657.86,6423.04
01/08/2024,AM-65     ,628,314,7388.04,624.9,6763.14
01/08/2024,AM-66     ,555,277.5,6888.63,515.09,6373.54
01/08/2024,AM-67     ,518,259,5734.7,513.08,5221.62
01/08/2024,AM-68     ,510,255,15647.5,1159.25,14488.25
01/08/2024,AM-69     ,512,256,15470.87,1139.1,14331.77
01/08/2024,AM-70     ,322,161,8772.2,674.85,8097.35
01/08/2024,AM-71     ,463,231.5,14604.8,1081.8,13523
01/08/2024,AM-72     ,323,161.5,8471,570,7901
01/08/2024,AM-73     ,350,175,6983.7,585.65,6398.05
01/08/2024,AM-74     ,420,210,12738.4,1108.4,11630
01/08/2024,AM-75     ,367,183.5,7895.15,617.65,7277.5
01/08/2024,AM-86     ,1455,727.5,5505.84,242.57,5263.27
01/08/2024,AM-87     ,682,341,2628.32,81.7,2546.62
01/08/2024,TM-001    ,499,249.5,7312.4,64.4,7248
01/08/2024,TM-002    ,552,276,7952.8,32.8,7920
01/08/2024,TM-003    ,574,287,8382.8,30.8,8352
01/08/2024,TM-004    ,298,149,4356.8,20.8,4336
01/08/2024,TM-005    ,519,259.5,7513.2,57.2,7456
01/08/2024,TM-007    ,546,273,7929.6,57.6,7872
01/08/2024,TM-008    ,437,218.5,6372.4,36.4,6336
01/08/2024,TM-009    ,555,277.5,8068,68,8000
01/08/2024,TM-010    ,515,257.5,7433.2,41.2,7392
01/08/2024,TM-011    ,1,0.5,16,0,16
01/08/2024,TM-012    ,515,257.5,7386.4,42.4,7344
01/08/2024,TM-013    ,541,270.5,7870.8,46.8,7824
01/08/2024,TM-014    ,590,295,8580.8,52.8,8528
01/08/2024,TM-015    ,479,239.5,6956.4,28.4,6928
01/08/2024,TM-016    ,550,275,7973.2,21.2,7952
01/08/2024,TM-017    ,401,200.5,5818,42,5776
01/08/2024,TM-018    ,451,225.5,6550.4,70.4,6480
01/08/2024,TM-019    ,370,185,5346,66,5280
01/08/2024,TM-020    ,3,1.5,48,0,48
01/08/2024,TM-021    ,12,6,192,0,192
01/08/2024,TM-022    ,514,257,7433.2,57.2,7376
01/08/2024,TM-023    ,478,239,6909.6,45.6,6864
01/08/2024,TM-024    ,572,286,8183.6,55.6,8128
01/08/2024,TM-025    ,454,227,6619.2,43.2,6576
01/08/2024,TM-026    ,534,267,7523.2,67.2,7456
01/08/2024,TM-027    ,479,239.5,6950,86,6864
01/08/2024,TM-028    ,426,213,6208,32,6176
01/08/2024,TM-029    ,562,281,8164.4,68.4,8096
01/08/2024,TM-030    ,534,267,7779.6,19.6,7760
01/08/2024,TM-031    ,520,260,7497.6,41.6,7456
01/08/2024,TM-032    ,580,290,8389.6,53.6,8336
01/08/2024,TM-033    ,544,272,7986,82,7904
01/08/2024,TM-034    ,525,262.5,7608.8,40.8,7568
01/08/2024,TM-035    ,1,0.5,16,0,16
01/08/2024,TM-038    ,553,276.5,8052.8,36.8,8016
01/08/2024,TM-039    ,88,44,1267.6,3.6,1264
01/08/2024,TM-040    ,469,234.5,6790.8,38.8,6752
01/08/2024,TM-046    ,10,5,139.2,27.2,112
01/08/2024,TM-047    ,397,198.5,5632.4,256.4,5376
01/08/2024,TM-048    ,336,168,4833.6,321.6,4512
01/08/2024,TM-049    ,275,137.5,3997.6,381.6,3616
01/08/2024,TM-050    ,379,189.5,5501.6,141.6,5360
01/08/2024,TM-051    ,519,259.5,7574,150,7424
01/08/2024,TM-052    ,553,276.5,8050.8,114.8,7936
01/08/2024,TM-053    ,430,215,6161.2,129.2,6032
01/08/2024,TM-054    ,497,248.5,7201.2,257.2,6944
01/08/2024,TM-055    ,298,149,4288.4,176.4,4112
01/08/2024,TM-056    ,474,237,6855.2,119.2,6736
01/08/2024,TM-057    ,427,213.5,6145.6,177.6,5968
01/08/2024,TM-058    ,451,225.5,6534.8,70.8,6464
01/08/2024,TM-059    ,546,273,8106.4,186.4,7920
01/08/2024,TM-060    ,467,233.5,6790.4,214.4,6576
01/08/2024,TM-072    ,536,268,7805.2,157.2,7648
01/08/2024,TM-073    ,521,260.5,7610.8,186.8,7424
01/08/2024,TM-074    ,573,286.5,8419.2,179.2,8240
01/08/2024,TM-075    ,552,276,8255.6,207.6,8048
01/08/2024,TM-076    ,620,310,9124.8,36.8,9088
01/09/2024,          ,12,6,170.8,10.8,160
01/09/2024,AM-01     ,1433,716.5,7477.54,158.5,7319.04
01/09/2024,AM-02     ,1488,744,7156.48,152.85,7003.63
01/09/2024,AM-03     ,715,357.5,6780.35,523.85,6256.5
01/09/2024,AM-04     ,710,355,7082.75,604.9,6477.85
01/09/2024,AM-05     ,815,407.5,7813.95,608.4,7205.55
01/09/2024,AM-06     ,749,374.5,8547.2,808.31,7738.89
01/09/2024,AM-07     ,409,204.5,6735.47,697.2,6038.27
01/09/2024,AM-08     ,547,273.5,11601.41,1233.35,10368.06
01/09/2024,AM-09     ,521,260.5,9061.64,912.6,8149.04
01/09/2024,AM-10     ,645,322.5,17875.8,1336.87,16538.93
01/09/2024,AM-11     ,301,150.5,5891,86,5805
01/09/2024,AM-12     ,984,492,4804.9,482.05,4322.85
01/09/2024,AM-13     ,490,245,8825.71,1053.7,7772.01
01/09/2024,AM-14     ,748,374,7336.45,705.3,6631.15
01/09/2024,AM-15     ,477,238.5,14113.01,918.6,13194.41
01/09/2024,AM-16     ,443,221.5,7020.65,732.26,6288.39
01/09/2024,AM-17     ,518,259,8950.81,742.58,8208.23
01/09/2024,AM-18     ,576,288,10189.12,1077.35,9111.77
01/09/2024,AM-19     ,465,232.5,9168.25,1160.4,8007.85
01/09/2024,AM-20     ,552,276,9579.46,802.16,8777.3
01/09/2024,AM-21     ,499,249.5,8193.5,751.77,7441.73
01/09/2024,AM-22     ,66,33,1401.9,145.1,1256.8
01/09/2024,AM-23     ,530,265,8326.17,841,7485.17
01/09/2024,AM-24     ,620,310,10361.25,1034.45,9326.8
01/09/2024,AM-25     ,524,262,9613.24,1010.05,8603.19
01/09/2024,AM-26     ,549,274.5,8536.5,1066.45,7470.05
01/09/2024,AM-27     ,542,271,7845.66,571.6,7274.06
01/09/2024,AM-28     ,439,219.5,7745.65,948.1,6797.55
01/09/2024,AM-29     ,516,258,7571.58,771.8,6799.78
01/09/2024,AM-30     ,600,300,8649.9,809.85,7840.05
01/09/2024,AM-31     ,620,310,8963.39,870.06,8093.33
01/09/2024,AM-32     ,79,39.5,1326.13,132.2,1193.93
01/09/2024,AM-33     ,633,316.5,9285.89,843.55,8442.34
01/09/2024,AM-34     ,446,223,9376.63,940.27,8436.36
01/09/2024,AM-35     ,439,219.5,7281.8,150.5,7131.3
01/09/2024,AM-36     ,707,353.5,10848.72,911.38,9937.34
01/09/2024,AM-37     ,979,489.5,4332.94,503.2,3829.74
01/09/2024,AM-38     ,1003,501.5,4771.42,468.4,4303.02
01/09/2024,AM-39     ,267,133.5,5183.16,74,5109.16
01/09/2024,AM-40     ,776,388,6069.44,578.42,5491.02
01/09/2024,AM-41     ,1388,694,6403.8,366.24,6037.56
01/09/2024,AM-42     ,1430,715,8770.9,502.41,8268.49
01/09/2024,AM-43     ,556,278,10351.61,936.63,9414.98
01/09/2024,AM-44     ,677,338.5,8049.12,781.75,7267.37
01/09/2024,AM-45     ,719,359.5,18971.94,1643.91,17328.03
01/09/2024,AM-46     ,551,275.5,9942.54,1232.13,8710.41
01/09/2024,AM-47     ,1540,770,6083.4,312.52,5770.88
01/09/2024,AM-48     ,1358,679,7806.84,532.44,7274.4
01/09/2024,AM-49     ,887,443.5,3813.15,20.8,3792.35
01/09/2024,AM-50     ,1177,588.5,4598.3,25.2,4573.1
01/09/2024,AM-51     ,1396,698,5090.9,26.4,5064.5
01/09/2024,AM-52     ,1286,643,4838.3,27.2,4811.1
01/09/2024,AM-53     ,977,488.5,4334.52,62.45,4272.07
01/09/2024,AM-54     ,265,132.5,1877.08,138.15,1738.93
01/09/2024,AM-55     ,936,468,4218.85,68.45,4150.4
01/09/2024,AM-56     ,593,296.5,13758.98,1086.1,12672.88
01/09/2024,AM-57     ,600,300,16190.01,1245.96,14944.05
01/09/2024,AM-58     ,594,297,15141.94,1340.35,13801.59
01/09/2024,AM-59     ,396,198,7701.55,688.6,7012.95
01/09/2024,AM-60     ,688,344,18701.68,1355.55,17346.13
01/09/2024,AM-61     ,402,201,7785.6,123.36,7662.24
01/09/2024,AM-62     ,477,238.5,14585.13,1029.05,13556.08
01/09/2024,AM-63     ,40,20,932,40,892
01/09/2024,AM-64     ,552,276,6286.26,492.23,5794.03
01/09/2024,AM-65     ,576,288,6624.97,556.63,6068.34
01/09/2024,AM-66     ,464,232,5254.32,528.56,4725.76
01/09/2024,AM-67     ,542,271,6400.12,486.44,5913.68
01/09/2024,AM-68     ,543,271.5,16648.3,1259,15389.3
01/09/2024,AM-69     ,579,289.5,17551.8,1401.15,16150.65
01/09/2024,AM-70     ,388,194,10604.7,831.15,9773.55
01/09/2024,AM-71     ,502,251,15469.6,1219.5,14250.1
01/09/2024,AM-72     ,434,217,12186.2,781.8,11404.4
01/09/2024,AM-73     ,386,193,8174.55,652.9,7521.65
01/09/2024,AM-74     ,390,195,11022.4,805.05,10217.35
01/09/2024,AM-75     ,331,165.5,7044.15,402.55,6641.6
01/09/2024,AM-86     ,1132,566,4227.88,117,4110.88
01/09/2024,TM-001    ,485,242.5,7068.4,44.4,7024
01/09/2024,TM-002    ,467,233.5,6800.4,64.4,6736
01/09/2024,TM-003    ,597,298.5,8698.4,42.4,8656
01/09/2024,TM-004    ,303,151.5,4327.6,23.6,4304
01/09/2024,TM-005    ,485,242.5,7042.8,34.8,7008
01/09/2024,TM-007    ,508,254,7404.8,28.8,7376
01/09/2024,TM-008    ,306,153,4464,48,4416
01/09/2024,TM-009    ,410,205,5800.4,56.4,5744
01/09/2024,TM-010    ,512,256,7442.8,82.8,7360
01/09/2024,TM-012    ,358,179,5238.8,22.8,5216
01/09/2024,TM-013    ,410,205,5967.2,15.2,5952
01/09/2024,TM-014    ,481,240.5,7014.4,54.4,6960
01/09/2024,TM-015    ,549,274.5,7989.2,53.2,7936
01/09/2024,TM-016    ,345,172.5,5077.6,21.6,5056
01/09/2024,TM-017    ,534,267,7779.6,19.6,7760
01/09/2024,TM-018    ,557,278.5,8116,84,8032
01/09/2024,TM-019    ,483,241.5,7024.8,48.8,6976
01/09/2024,TM-020    ,2,1,32,0,32
01/09/2024,TM-021    ,25,12.5,332,12,320
01/09/2024,TM-022    ,499,249.5,6829.6,29.6,6800
01/09/2024,TM-023    ,547,273.5,7918.8,78.8,7840
01/09/2024,TM-024    ,584,292,8469.2,53.2,8416
01/09/2024,TM-025    ,627,313.5,9141.6,53.6,9088
01/09/2024,TM-026    ,470,235,6769.6,113.6,6656
01/09/2024,TM-027    ,545,272.5,7876.8,68.8,7808
01/09/2024,TM-028    ,461,230.5,6652.8,28.8,6624
01/09/2024,TM-029    ,488,244,7099.6,75.6,7024
01/09/2024,TM-030    ,494,247,7124.4,36.4,7088
01/09/2024,TM-031    ,536,268,7748,52,7696
01/09/2024,TM-032    ,289,144.5,4166,22,4144
01/09/2024,TM-033    ,584,292,8490.8,58.8,8432
01/09/2024,TM-034    ,420,210,6069.2,37.2,6032
01/09/2024,TM-035    ,396,198,5769.2,41.2,5728
01/09/2024,TM-038    ,76,38,1106.8,2.8,1104
01/09/2024,TM-039    ,496,248,7160.8,56.8,7104
01/09/2024,TM-040    ,300,150,4357.6,21.6,4336
01/09/2024,TM-047    ,327,163.5,4747.6,139.6,4608
01/09/2024,TM-048    ,252,126,3645.6,157.6,3488
01/09/2024,TM-049    ,279,139.5,3994.4,346.4,3648
01/09/2024,TM-050    ,371,185.5,5356.4,316.4,5040
01/09/2024,TM-051    ,310,155,4502,102,4400
01/09/2024,TM-052    ,449,224.5,6557.6,77.6,6480
01/09/2024,TM-053    ,311,155.5,4491.6,139.6,4352
01/09/2024,TM-054    ,387,193.5,5603.2,179.2,5424
01/09/2024,TM-055    ,535,267.5,7799.2,167.2,7632
01/09/2024,TM-056    ,384,192,5642.8,170.8,5472
01/09/2024,TM-057    ,401,200.5,5838.8,174.8,5664
01/09/2024,TM-058    ,375,187.5,5483.2,171.2,5312
01/09/2024,TM-059    ,355,177.5,5210.4,106.4,5104
01/09/2024,TM-060    ,469,234.5,6796.8,124.8,6672
01/09/2024,TM-072    ,508,254,7481.6,217.6,7264
01/09/2024,TM-073    ,458,229,6677.6,133.6,6544
01/09/2024,TM-074    ,371,185.5,5461.6,69.6,5392
01/09/2024,TM-075    ,399,199.5,5926.8,134.8,5792
01/09/2024,TM-076    ,533,266.5,7820.8,44.8,7776
01/10/2024,          ,62,31,898.4,2.4,896
01/10/2024,AM-01     ,1548,774,7053.16,125.5,6927.66
01/10/2024,AM-02     ,1560,780,7142.86,95.7,7047.16
01/10/2024,AM-03     ,804,402,7698.53,681.6,7016.93
01/10/2024,AM-04     ,835,417.5,8358.5,738.05,7620.45
01/10/2024,AM-05     ,773,386.5,7661.65,637.8,7023.85
01/10/2024,AM-06     ,704,352,13485.03,1104.28,12380.75
01/10/2024,AM-07     ,588,294,8647.48,787.25,7860.23
01/10/2024,AM-08     ,527,263.5,10503.42,1273.35,9230.07
01/10/2024,AM-09     ,558,279,8533.11,677.02,7856.09
01/10/2024,AM-10     ,561,280.5,16203.83,1262.55,14941.28
01/10/2024,AM-11     ,298,149,5844,84,5760
01/10/2024,AM-12     ,693,346.5,3204.88,359.95,2844.93
01/10/2024,AM-13     ,534,267,9703.6,1129.75,8573.85
01/10/2024,AM-14     ,786,393,7343.7,536.78,6806.92
01/10/2024,AM-15     ,463,231.5,13094.17,1078.85,12015.32
01/10/2024,AM-16     ,586,293,8686.82,815.11,7871.71
01/10/2024,AM-17     ,557,278.5,9708.55,916.3,8792.25
01/10/2024,AM-18     ,602,301,9403.27,941.31,8461.96
01/10/2024,AM-19     ,580,290,11679.2,1274.11,10405.09
01/10/2024,AM-20     ,511,255.5,8027.91,684.87,7343.04
01/10/2024,AM-21     ,552,276,12730.9,1015.5,11715.4
01/10/2024,AM-23     ,558,279,8739.94,784.3,7955.64
01/10/2024,AM-24     ,690,345,10265.25,824.55,9440.7
01/10/2024,AM-25     ,530,265,7609.61,739,6870.61
01/10/2024,AM-26     ,452,226,8661.86,1006.66,7655.2
01/10/2024,AM-27     ,535,267.5,8764.47,987.25,7777.22
01/10/2024,AM-28     ,489,244.5,8693.06,762.4,7930.66
01/10/2024,AM-29     ,539,269.5,8106.49,674.25,7432.24
01/10/2024,AM-30     ,623,311.5,9310.71,824.36,8486.35
01/10/2024,AM-31     ,553,276.5,7268.83,911.19,6357.64
01/10/2024,AM-32     ,534,267,7459.95,669.36,6790.59
01/10/2024,AM-33     ,524,262,7789.45,560.6,7228.85
01/10/2024,AM-34     ,644,322,15426.03,1036.81,14389.22
01/10/2024,AM-35     ,357,178.5,7007.5,100,6907.5
01/10/2024,AM-36     ,683,341.5,12759.63,1095.58,11664.05
01/10/2024,AM-37     ,1013,506.5,5376.34,537.23,4839.11
01/10/2024,AM-38     ,969,484.5,4699,464.95,4234.05
01/10/2024,AM-39     ,250,125,4601.38,68,4533.38
01/10/2024,AM-40     ,698,349,9491.89,856.4,8635.49
01/10/2024,AM-41     ,1479,739.5,6156.44,324.66,5831.78
01/10/2024,AM-42     ,1173,586.5,6981.46,616.7,6364.76
01/10/2024,AM-43     ,637,318.5,9547.5,834.3,8713.2
01/10/2024,AM-44     ,748,374,6356.21,650.3,5705.91
01/10/2024,AM-45     ,713,356.5,21959.52,1419.6,20539.92
01/10/2024,AM-46     ,632,316,10938.81,938.19,10000.62
01/10/2024,AM-47     ,1433,716.5,6429.04,359.06,6069.98
01/10/2024,AM-48     ,1387,693.5,6471.18,360.22,6110.96
01/10/2024,AM-49     ,1083,541.5,4501.75,33.8,4467.95
01/10/2024,AM-50     ,1064,532,4434.6,25.6,4409
01/10/2024,AM-51     ,1203,601.5,4808.8,23.6,4785.2
01/10/2024,AM-52     ,1332,666,4968.45,25.2,4943.25
01/10/2024,AM-53     ,1274,637,4798,26.4,4771.6
01/10/2024,AM-54     ,225,112.5,745.1,2.8,742.3
01/10/2024,AM-55     ,1380,690,5075.35,26,5049.35
01/10/2024,AM-56     ,495,247.5,15064.03,1123.05,13940.98
01/10/2024,AM-57     ,540,270,8643.71,995.85,7647.86
01/10/2024,AM-58     ,733,366.5,19735.74,1592.92,18142.82
01/10/2024,AM-59     ,472,236,9634.8,853.35,8781.45
01/10/2024,AM-60     ,698,349,19715.74,1561.56,18154.18
01/10/2024,AM-61     ,320,160,6257,92,6165
01/10/2024,AM-62     ,398,199,10190.42,710.75,9479.67
01/10/2024,AM-63     ,249,124.5,5019.5,100,4919.5
01/10/2024,AM-64     ,602,301,6962.7,674.42,6288.28
01/10/2024,AM-65     ,574,287,6511.94,601.62,5910.32
01/10/2024,AM-66     ,521,260.5,5834.62,446.86,5387.76
01/10/2024,AM-67     ,524,262,6720.64,548.48,6172.16
01/10/2024,AM-68     ,503,251.5,15795.85,1473.6,14322.25
01/10/2024,AM-69     ,421,210.5,13072.3,1222.2,11850.1
01/10/2024,AM-70     ,214,107,5847.4,528.05,5319.35
01/10/2024,AM-71     ,605,302.5,17913.9,1214.65,16699.25
01/10/2024,AM-72     ,403,201.5,11067.75,885.75,10182
01/10/2024,AM-73     ,392,196,7773.5,686,7087.5
01/10/2024,AM-74     ,405,202.5,10387,1121,9266
01/10/2024,AM-75     ,187,93.5,4960.6,421.55,4539.05
01/10/2024,AM-86     ,1246,623,4755.84,129,4626.84
01/10/2024,AM-87     ,8,4,256,32,224
01/10/2024,TM-001    ,565,282.5,8295.6,39.6,8256
01/10/2024,TM-002    ,563,281.5,8201.2,41.2,8160
01/10/2024,TM-003    ,391,195.5,5658,42,5616
01/10/2024,TM-004    ,549,274.5,8024.4,56.4,7968
01/10/2024,TM-005    ,623,311.5,9063.6,39.6,9024
01/10/2024,TM-007    ,457,228.5,6640.8,80.8,6560
01/10/2024,TM-008    ,343,171.5,5035.6,11.6,5024
01/10/2024,TM-009    ,493,246.5,7148,60,7088
01/10/2024,TM-010    ,537,268.5,7760,48,7712
01/10/2024,TM-011    ,6,3,80.4,0.4,80
01/10/2024,TM-012    ,530,265,7673.2,41.2,7632
01/10/2024,TM-013    ,504,252,7377.6,17.6,7360
01/10/2024,TM-014    ,589,294.5,8514,50,8464
01/10/2024,TM-015    ,642,321,9288,56,9232
01/10/2024,TM-016    ,498,249,7229.2,29.2,7200
01/10/2024,TM-017    ,624,312,8958.8,46.8,8912
01/10/2024,TM-018    ,526,263,7670.4,70.4,7600
01/10/2024,TM-019    ,493,246.5,7148,60,7088
01/10/2024,TM-022    ,480,240,6837.6,21.6,6816
01/10/2024,TM-023    ,565,282.5,8258.8,50.8,8208
01/10/2024,TM-024    ,536,268,7712.4,32.4,7680
01/10/2024,TM-025    ,527,263.5,7630.8,30.8,7600
01/10/2024,TM-026    ,372,186,5484,12,5472
01/10/2024,TM-027    ,494,247,7148.8,76.8,7072
01/10/2024,TM-028    ,624,312,9058.4,50.4,9008
01/10/2024,TM-029    ,525,262.5,7651.2,19.2,7632
01/10/2024,TM-030    ,292,146,4266.4,10.4,4256
01/10/2024,TM-031    ,388,194,5656.8,40.8,5616
01/10/2024,TM-033    ,570,285,8350.4,46.4,8304
01/10/2024,TM-034    ,140,70,2021.6,5.6,2016
01/10/2024,TM-035    ,604,302,8701.2,45.2,8656
01/10/2024,TM-038    ,523,261.5,7561.6,57.6,7504
01/10/2024,TM-039    ,351,175.5,5058.8,34.8,5024
01/10/2024,TM-040    ,486,243,7037.2,29.2,7008
01/10/2024,TM-041    ,191,95.5,2775.2,7.2,2768
01/10/2024,TM-047    ,248,124,3572.8,116.8,3456
01/10/2024,TM-048    ,452,226,6571.6,283.6,6288
01/10/2024,TM-049    ,434,217,6292,468,5824
01/10/2024,TM-050    ,286,143,4091.2,123.2,3968
01/10/2024,TM-051    ,184,92,2632,88,2544
01/10/2024,TM-052    ,524,262,7555.2,259.2,7296
01/10/2024,TM-053    ,564,282,8233.6,233.6,8000
01/10/2024,TM-054    ,586,293,8480.4,160.4,8320
01/10/2024,TM-055    ,469,234.5,6832.4,224.4,6608
01/10/2024,TM-056    ,460,230,6745.2,153.2,6592
01/10/2024,TM-057    ,488,244,7020.4,188.4,6832
01/10/2024,TM-058    ,146,73,2174.4,14.4,2160
01/10/2024,TM-059    ,518,259,7735.2,215.2,7520
01/10/2024,TM-060    ,491,245.5,7142,166,6976
01/10/2024,TM-072    ,524,262,7591.2,215.2,7376
01/10/2024,TM-073    ,549,274.5,7929.2,153.2,7776
01/10/2024,TM-074    ,565,282.5,8140.4,156.4,7984
01/10/2024,TM-075    ,613,306.5,9195.6,251.6,8944
01/10/2024,TM-076    ,560,280,8202,122,8080
01/11/2024,          ,44,22,609.2,33.2,576
01/11/2024,AM-01     ,1438,719,6488.12,71,6417.12
01/11/2024,AM-02     ,1233,616.5,5559.54,56.5,5503.04
01/11/2024,AM-03     ,766,383,7204.8,593.3,6611.5
01/11/2024,AM-04     ,733,366.5,7037.75,603.55,6434.2
01/11/2024,AM-05     ,700,350,6877.05,586.45,6290.6
01/11/2024,AM-06     ,629,314.5,18673.54,1571.78,17101.76
01/11/2024,AM-07     ,601,300.5,8377.19,760.5,7616.69
01/11/2024,AM-08     ,538,269,10058.11,1188.9,8869.21
01/11/2024,AM-09     ,493,246.5,7743.83,631.69,7112.14
01/11/2024,AM-10     ,620,310,17013.34,1263.6,15749.74
01/11/2024,AM-11     ,279,139.5,5478,78,5400
01/11/2024,AM-12     ,900,450,4728.5,426.71,4301.79
01/11/2024,AM-13     ,601,300.5,10897.55,946.75,9950.8
01/11/2024,AM-14     ,577,288.5,5632.5,426.1,5206.4
01/11/2024,AM-15     ,311,155.5,9154.27,862.25,8292.02
01/11/2024,AM-16     ,581,290.5,8045.09,808.7,7236.39
01/11/2024,AM-17     ,501,250.5,9579.8,915.4,8664.4
01/11/2024,AM-18     ,528,264,9379.52,948.3,8431.22
01/11/2024,AM-19     ,509,254.5,9426.79,1005.6,8421.19
01/11/2024,AM-20     ,173,86.5,3290.75,350.15,2940.6
01/11/2024,AM-21     ,520,260,10911.2,1123.2,9788
01/11/2024,AM-22     ,21,10.5,535.3,32.5,502.8
01/11/2024,AM-23     ,557,278.5,8330.71,664.8,7665.91
01/11/2024,AM-24     ,796,398,7780.12,685.75,7094.37
01/11/2024,AM-25     ,551,275.5,8055.39,784.35,7271.04
01/11/2024,AM-26     ,495,247.5,7726.13,884.16,6841.97
01/11/2024,AM-27     ,513,256.5,7494.79,825.76,6669.03
01/11/2024,AM-28     ,388,194,7959.28,788.5,7170.78
01/11/2024,AM-29     ,476,238,7920.66,871.71,7048.95
01/11/2024,AM-30     ,410,205,5892.74,483.4,5409.34
01/11/2024,AM-31     ,484,242,8485.74,853.01,7632.73
01/11/2024,AM-32     ,593,296.5,8538.08,695,7843.08
01/11/2024,AM-33     ,524,262,8409.12,824.61,7584.51
01/11/2024,AM-34     ,630,315,19097.67,1351.45,17746.22
01/11/2024,AM-35     ,323,161.5,6289.7,133.15,6156.55
01/11/2024,AM-36     ,610,305,8515.78,1028.36,7487.42
01/11/2024,AM-37     ,1012,506,4476.96,510.9,3966.06
01/11/2024,AM-38     ,973,486.5,4482.62,477.15,4005.47
01/11/2024,AM-39     ,325,162.5,5642.85,190.85,5452
01/11/2024,AM-40     ,780,390,8780.19,716.5,8063.69
01/11/2024,AM-41     ,1471,735.5,5655.6,267.97,5387.63
01/11/2024,AM-42     ,1312,656,6740.08,438.53,6301.55
01/11/2024,AM-43     ,509,254.5,7629.82,706.95,6922.87
01/11/2024,AM-44     ,945,472.5,5862.44,528.35,5334.09
01/11/2024,AM-45     ,638,319,19876.85,1593.45,18283.4
01/11/2024,AM-46     ,492,246,8502.46,857.85,7644.61
01/11/2024,AM-47     ,1467,733.5,6492.29,340.97,6151.32
01/11/2024,AM-48     ,1599,799.5,6523.61,324.26,6199.35
01/11/2024,AM-49     ,1203,601.5,4489.35,24,4465.35
01/11/2024,AM-50     ,1192,596,4832.95,56.4,4776.55
01/11/2024,AM-51     ,1094,547,4424.55,26.8,4397.75
01/11/2024,AM-52     ,722,361,3265.85,21.2,3244.65
01/11/2024,AM-53     ,1202,601,4474.05,19.6,4454.45
01/11/2024,AM-54     ,124,62,494.75,3.6,491.15
01/11/2024,AM-55     ,1220,610,4884.15,56.4,4827.75
01/11/2024,AM-56     ,583,291.5,17503.65,1261.15,16242.5
01/11/2024,AM-57     ,500,250,9905.55,1174.2,8731.35
01/11/2024,AM-58     ,672,336,20329.03,1531.65,18797.38
01/11/2024,AM-59     ,495,247.5,9342.88,774.75,8568.13
01/11/2024,AM-60     ,551,275.5,13433.65,1078.92,12354.73
01/11/2024,AM-61     ,386,193,7714.7,160.2,7554.5
01/11/2024,AM-62     ,554,277,15530.86,1362.45,14168.41
01/11/2024,AM-63     ,294,147,5754,84,5670
01/11/2024,AM-64     ,567,283.5,6408.5,519.5,5889
01/11/2024,AM-65     ,558,279,6287.48,522.73,5764.75
01/11/2024,AM-66     ,512,256,5834.75,535.84,5298.91
01/11/2024,AM-67     ,543,271.5,6152.9,580.2,5572.7
01/11/2024,AM-68     ,682,341,21169.2,1488.25,19680.95
01/11/2024,AM-69     ,445,222.5,13551.79,887.35,12664.44
01/11/2024,AM-70     ,250,125,5906,449.6,5456.4
01/11/2024,AM-71     ,410,205,12871.3,1254.5,11616.8
01/11/2024,AM-72     ,425,212.5,10759.73,959.9,9799.83
01/11/2024,AM-73     ,251,125.5,6124.7,630.55,5494.15
01/11/2024,AM-74     ,593,296.5,18627.3,1442.5,17184.8
01/11/2024,AM-75     ,369,184.5,10737.2,887.15,9850.05
01/11/2024,AM-77     ,356,178,1632.42,67.91,1564.51
01/11/2024,AM-86     ,910,455,3746.32,92,3654.32
01/11/2024,AM-87     ,13,6.5,348.05,0,348.05
01/11/2024,TM-001    ,437,218.5,6294.8,54.8,6240
01/11/2024,TM-002    ,508,254,7368,40,7328
01/11/2024,TM-003    ,348,174,4969.2,89.2,4880
01/11/2024,TM-004    ,409,204.5,5966.8,14.8,5952
01/11/2024,TM-005    ,397,198.5,5785.2,41.2,5744
01/11/2024,TM-007    ,542,271,7918,46,7872
01/11/2024,TM-008    ,457,228.5,6578.8,18.8,6560
01/11/2024,TM-009    ,235,117.5,3416.8,8.8,3408
01/11/2024,TM-010    ,511,255.5,7437.2,29.2,7408
01/11/2024,TM-012    ,486,243,7053.2,45.2,7008
01/11/2024,TM-013    ,485,242.5,7027.2,35.2,6992
01/11/2024,TM-014    ,517,258.5,7518,46,7472
01/11/2024,TM-015    ,554,277,7944,40,7904
01/11/2024,TM-016    ,389,194.5,5662.4,14.4,5648
01/11/2024,TM-017    ,544,272,7886.4,78.4,7808
01/11/2024,TM-018    ,555,277.5,8015.2,63.2,7952
01/11/2024,TM-019    ,495,247.5,7137.6,161.6,6976
01/11/2024,TM-020    ,8,4,96.8,0.8,96
01/11/2024,TM-021    ,8,4,128,0,128
01/11/2024,TM-022    ,329,164.5,4624.8,32.8,4592
01/11/2024,TM-023    ,439,219.5,6248.4,40.4,6208
01/11/2024,TM-024    ,528,264,7676.8,60.8,7616
01/11/2024,TM-025    ,526,263,7641.2,73.2,7568
01/11/2024,TM-026    ,578,289,8414.8,78.8,8336
01/11/2024,TM-027    ,583,291.5,8432,64,8368
01/11/2024,TM-028    ,517,258.5,7444.4,68.4,7376
01/11/2024,TM-029    ,475,237.5,6918.8,70.8,6848
01/11/2024,TM-030    ,571,285.5,8267.2,59.2,8208
01/11/2024,TM-031    ,350,175,5079.6,23.6,5056
01/11/2024,TM-033    ,611,305.5,8912.4,32.4,8880
01/11/2024,TM-035    ,575,287.5,8413.6,77.6,8336
01/11/2024,TM-036    ,6,3,64.8,0.8,64
01/11/2024,TM-037    ,11,5.5,160.4,0.4,160
01/11/2024,TM-038    ,89,44.5,1314.8,2.8,1312
01/11/2024,TM-039    ,471,235.5,6834,18,6816
01/11/2024,TM-040    ,461,230.5,6690.4,50.4,6640
01/11/2024,TM-041    ,509,254.5,7368.4,40.4,7328
01/11/2024,TM-047    ,253,126.5,3703.2,263.2,3440
01/11/2024,TM-048    ,260,130,3668.8,260.8,3408
01/11/2024,TM-049    ,209,104.5,3057.6,97.6,2960
01/11/2024,TM-050    ,263,131.5,3790,142,3648
01/11/2024,TM-051    ,514,257,7380.8,228.8,7152
01/11/2024,TM-052    ,461,230.5,6727.2,199.2,6528
01/11/2024,TM-053    ,436,218,6316,60,6256
01/11/2024,TM-054    ,543,271.5,7959.6,215.6,7744
01/11/2024,TM-055    ,479,239.5,6971.6,91.6,6880
01/11/2024,TM-056    ,397,198.5,5789.6,221.6,5568
01/11/2024,TM-057    ,467,233.5,6720.4,224.4,6496
01/11/2024,TM-058    ,456,228,6634.8,170.8,6464
01/11/2024,TM-059    ,404,202,5960,136,5824
01/11/2024,TM-060    ,353,176.5,5107.2,147.2,4960
01/11/2024,TM-061    ,183,91.5,2657.2,17.2,2640
01/11/2024,TM-062    ,89,44.5,1314.8,2.8,1312
01/11/2024,TM-063    ,104,52,1536.8,64.8,1472
01/11/2024,TM-072    ,444,222,6479.2,63.2,6416
01/11/2024,TM-073    ,473,236.5,6871.2,151.2,6720
01/11/2024,TM-074    ,543,271.5,7891.2,51.2,7840
01/11/2024,TM-075    ,594,297,8852,228,8624
01/11/2024,TM-076    ,451,225.5,6612.4,132.4,6480
01/12/2024,          ,148,74,2144,16,2128
01/12/2024,AM-01     ,1620,810,7414.08,95.35,7318.73
01/12/2024,AM-02     ,1436,718,6572.51,75.6,6496.91
01/12/2024,AM-03     ,727,363.5,7117.5,580.4,6537.1
01/12/2024,AM-04     ,591,295.5,6266.27,507.8,5758.47
01/12/2024,AM-05     ,854,427,7767.58,590.3,7177.28
01/12/2024,AM-06     ,527,263.5,14951.68,1278.96,13672.72
01/12/2024,AM-07     ,571,285.5,8334.95,644.35,7690.6
01/12/2024,AM-08     ,608,304,11107.3,1182.05,9925.25
01/12/2024,AM-09     ,459,229.5,8209.5,840.72,7368.78
01/12/2024,AM-10     ,608,304,17048.06,1458.3,15589.76
01/12/2024,AM-11     ,217,108.5,4248.8,83.8,4165
01/12/2024,AM-12     ,964,482,5145.18,524,4621.18
01/12/2024,AM-13     ,484,242,8717.15,697.87,8019.28
01/12/2024,AM-14     ,822,411,8823.39,736.86,8086.53
01/12/2024,AM-15     ,398,199,11154.64,985.9,10168.74
01/12/2024,AM-16     ,628,314,10111.48,926.5,9184.98
01/12/2024,AM-17     ,498,249,10151,1281.95,8869.05
01/12/2024,AM-18     ,547,273.5,7318.6,686.46,6632.14
01/12/2024,AM-19     ,382,191,7483.8,764.5,6719.3
01/12/2024,AM-20     ,268,134,5195.35,476.8,4718.55
01/12/2024,AM-21     ,559,279.5,9893.93,1072.01,8821.92
01/12/2024,AM-23     ,528,264,7769.72,669.76,7099.96
01/12/2024,AM-24     ,784,392,7827.5,617.25,7210.25
01/12/2024,AM-25     ,601,300.5,8529.26,819.3,7709.96
01/12/2024,AM-26     ,613,306.5,9672.72,873.8,8798.92
01/12/2024,AM-27     ,474,237,8023.38,894.46,7128.92
01/12/2024,AM-28     ,473,236.5,8609.08,831.05,7778.03
01/12/2024,AM-29     ,455,227.5,7320.33,919.45,6400.88
01/12/2024,AM-30     ,474,237,8955.75,994,7961.75
01/12/2024,AM-31     ,417,208.5,6858.24,526.26,6331.98
01/12/2024,AM-32     ,597,298.5,9847.14,933.3,8913.84
01/12/2024,AM-33     ,512,256,10026.91,1022.15,9004.76
01/12/2024,AM-34     ,628,314,19246.58,1503.56,17743.02
01/12/2024,AM-35     ,392,196,7672,112,7560
01/12/2024,AM-36     ,581,290.5,10754.29,1069.87,9684.42
01/12/2024,AM-37     ,994,497,4539.06,431.2,4107.86
01/12/2024,AM-38     ,711,355.5,4538.65,434.95,4103.7
01/12/2024,AM-39     ,438,219,12861.6,1040.75,11820.85
01/12/2024,AM-40     ,504,252,6288.7,532.97,5755.73
01/12/2024,AM-41     ,1531,765.5,7120.28,397.37,6722.91
01/12/2024,AM-42     ,1466,733,6164.9,318.38,5846.52
01/12/2024,AM-43     ,579,289.5,8237.55,688.2,7549.35
01/12/2024,AM-44     ,707,353.5,3518.9,332.3,3186.6
01/12/2024,AM-45     ,670,335,20589,1632.3,18956.7
01/12/2024,AM-46     ,524,262,9207.78,888.91,8318.87
01/12/2024,AM-47     ,1527,763.5,6046.48,313.65,5732.83
01/12/2024,AM-48     ,1538,769,5996.42,248.91,5747.51
01/12/2024,AM-49     ,1279,639.5,4814.65,23.2,4791.45
01/12/2024,AM-50     ,1442,721,5344.9,28.8,5316.1
01/12/2024,AM-51     ,1373,686.5,5192.15,29.6,5162.55
01/12/2024,AM-52     ,1407,703.5,5294.9,29.2,5265.7
01/12/2024,AM-53     ,978,489,4362.35,51.4,4310.95
01/12/2024,AM-54     ,338,169,1199.85,5.2,1194.65
01/12/2024,AM-55     ,961,480.5,4034.5,22,4012.5
01/12/2024,AM-56     ,439,219.5,12931.67,1266.65,11665.02
01/12/2024,AM-57     ,526,263,10049.11,1263.95,8785.16
01/12/2024,AM-58     ,496,248,11369.99,690.67,10679.32
01/12/2024,AM-59     ,550,275,10420.32,1045.25,9375.07
01/12/2024,AM-60     ,604,302,15357.78,1395.67,13962.11
01/12/2024,AM-61     ,360,180,7034,104,6930
01/12/2024,AM-62     ,526,263,14796.87,859.15,13937.72
01/12/2024,AM-63     ,270,135,5386.37,182.4,5203.97
01/12/2024,AM-64     ,528,264,6060.64,523.77,5536.87
01/12/2024,AM-65     ,536,268,6030.44,566.28,5464.16
01/12/2024,AM-66     ,558,279,6253.04,491.84,5761.2
01/12/2024,AM-67     ,505,252.5,5776.52,417.8,5358.72
01/12/2024,AM-68     ,573,286.5,18155.6,1441.6,16714
01/12/2024,AM-69     ,458,229,14105.6,869.6,13236
01/12/2024,AM-70     ,168,84,4198,273.7,3924.3
01/12/2024,AM-71     ,347,173.5,10746.3,921.85,9824.45
01/12/2024,AM-72     ,276,138,7959.6,652.6,7307
01/12/2024,AM-73     ,320,160,6433.9,763.85,5670.05
01/12/2024,AM-74     ,446,223,13869.25,937.3,12931.95
01/12/2024,AM-75     ,417,208.5,12253.05,922.5,11330.55
01/12/2024,AM-77     ,450,225,2116.6,91.3,2025.3
01/12/2024,AM-86     ,551,275.5,2264.07,240.77,2023.3
01/12/2024,AM-87     ,4,2,37.4,0,37.4
01/12/2024,TM-001    ,104,52,1539.2,3.2,1536
01/12/2024,TM-002    ,362,181,5277.2,13.2,5264
01/12/2024,TM-003    ,422,211,6159.6,31.6,6128
01/12/2024,TM-004    ,578,289,8383.2,63.2,8320
01/12/2024,TM-005    ,465,232.5,6727.6,71.6,6656
01/12/2024,TM-006    ,4,2,64,0,64
01/12/2024,TM-007    ,397,198.5,5769.2,25.2,5744
01/12/2024,TM-008    ,491,245.5,7122.8,18.8,7104
01/12/2024,TM-009    ,35,17.5,497.6,1.6,496
01/12/2024,TM-010    ,575,287.5,8326.4,22.4,8304
01/12/2024,TM-012    ,540,270,7692.8,44.8,7648
01/12/2024,TM-013    ,634,317,9228,44,9184
01/12/2024,TM-014    ,45,22.5,657.6,1.6,656
01/12/2024,TM-015    ,584,292,8522,58,8464
01/12/2024,TM-016    ,476,238,6925.2,77.2,6848
01/12/2024,TM-017    ,168,84,2411.6,27.6,2384
01/12/2024,TM-018    ,612,306,8927.6,79.6,8848
01/12/2024,TM-019    ,512,256,7468.8,28.8,7440
01/12/2024,TM-020    ,8,4,106.8,10.8,96
01/12/2024,TM-021    ,2,1,32,0,32
01/12/2024,TM-022    ,42,21,625.2,1.2,624
01/12/2024,TM-023    ,20,10,288.8,0.8,288
01/12/2024,TM-024    ,522,261,7550.8,30.8,7520
01/12/2024,TM-025    ,596,298,8620.4,60.4,8560
01/12/2024,TM-026    ,620,310,8989.2,77.2,8912
01/12/2024,TM-027    ,442,221,6436.8,36.8,6400
01/12/2024,TM-028    ,641,320.5,9299.2,51.2,9248
01/12/2024,TM-029    ,372,186,5441.6,33.6,5408
01/12/2024,TM-030    ,582,291,8417.6,49.6,8368
01/12/2024,TM-031    ,380,190,5549.6,13.6,5536
01/12/2024,TM-032    ,171,85.5,2490.8,26.8,2464
01/12/2024,TM-033    ,525,262.5,7370.4,26.4,7344
01/12/2024,TM-035    ,579,289.5,8426,42,8384
01/12/2024,TM-036    ,3,1.5,32.4,0.4,32
01/12/2024,TM-038    ,395,197.5,5731.6,35.6,5696
01/12/2024,TM-039    ,411,205.5,5998.8,14.8,5984
01/12/2024,TM-040    ,517,258.5,7518,46,7472
01/12/2024,TM-041    ,513,256.5,7448,40,7408
01/12/2024,TM-047    ,400,200,5778.8,290.8,5488
01/12/2024,TM-048    ,339,169.5,4963.2,387.2,4576
01/12/2024,TM-049    ,353,176.5,5095.2,135.2,4960
01/12/2024,TM-050    ,402,201,5780.4,324.4,5456
01/12/2024,TM-051    ,443,221.5,6504,136,6368
01/12/2024,TM-052    ,464,232,6690.8,178.8,6512
01/12/2024,TM-053    ,365,182.5,5231.6,175.6,5056
01/12/2024,TM-054    ,489,244.5,7079.2,103.2,6976
01/12/2024,TM-055    ,581,290.5,8488.4,88.4,8400
01/12/2024,TM-056    ,500,250,7163.6,187.6,6976
01/12/2024,TM-057    ,450,225,6518,118,6400
01/12/2024,TM-058    ,378,189,5543.2,103.2,5440
01/12/2024,TM-059    ,541,270.5,7954,178,7776
01/12/2024,TM-060    ,524,262,7623.6,183.6,7440
01/12/2024,TM-061    ,528,264,7631.2,31.2,7600
01/12/2024,TM-062    ,539,269.5,7922,18,7904
01/12/2024,TM-063    ,174,87,2538,74,2464
01/12/2024,TM-072    ,528,264,7604.8,148.8,7456
01/12/2024,TM-073    ,472,236,6876,204,6672
01/12/2024,TM-074    ,318,159,4641.2,81.2,4560
01/12/2024,TM-075    ,587,293.5,8806.4,230.4,8576
01/12/2024,TM-076    ,455,227.5,6566.4,102.4,6464
01/01/2025,          ,298,149,4314.06,158.2,4155.86
01/01/2025,AM-01     ,1485,742.5,6791.52,106.2,6685.32
01/01/2025,AM-02     ,1423,711.5,6427.98,67.5,6360.48
01/01/2025,AM-03     ,442,221,4048.24,323,3725.24
01/01/2025,AM-04     ,645,322.5,7017.35,671.8,6345.55
01/01/2025,AM-05     ,680,340,6964.14,590.2,6373.94
01/01/2025,AM-06     ,404,202,11781,1248.65,10532.35
01/01/2025,AM-07     ,602,301,8916.84,873.18,8043.66
01/01/2025,AM-08     ,508,254,8307.81,802.3,7505.51
01/01/2025,AM-09     ,400,200,8108.75,715.4,7393.35
01/01/2025,AM-10     ,584,292,13318.35,1169.49,12148.86
01/01/2025,AM-11     ,306,153,5941.63,98.2,5843.43
01/01/2025,AM-12     ,863,431.5,4863.67,484.65,4379.02
01/01/2025,AM-13     ,390,195,7579.81,663.65,6916.16
01/01/2025,AM-14     ,706,353,6661.02,495.76,6165.26
01/01/2025,AM-15     ,372,186,10552.08,621.03,9931.05
01/01/2025,AM-16     ,587,293.5,8355.46,684.36,7671.1
01/01/2025,AM-17     ,442,221,7838.28,1030.2,6808.08
01/01/2025,AM-18     ,356,178,7310.63,588.7,6721.93
01/01/2025,AM-19     ,468,234,8685.69,952.83,7732.86
01/01/2025,AM-20     ,446,223,7922.92,915.85,7007.07
01/01/2025,AM-21     ,477,238.5,8620.38,734.06,7886.32
01/01/2025,AM-23     ,422,211,6258.11,640.86,5617.25
01/01/2025,AM-24     ,574,287,5788.6,468.55,5320.05
01/01/2025,AM-25     ,559,279.5,8281.93,617.6,7664.33
01/01/2025,AM-26     ,543,271.5,8100.04,779.3,7320.74
01/01/2025,AM-27     ,599,299.5,7672.93,660.5,7012.43
01/01/2025,AM-28     ,449,224.5,8207.37,1128.5,7078.87
01/01/2025,AM-29     ,392,196,5873.02,594.45,5278.57
01/01/2025,AM-30     ,483,241.5,7830.83,750.8,7080.03
01/01/2025,AM-31     ,456,228,6433.4,606.16,5827.24
01/01/2025,AM-32     ,491,245.5,8915.93,864.2,8051.73
01/01/2025,AM-33     ,493,246.5,7821.55,728.1,7093.45
01/01/2025,AM-34     ,461,230.5,14399.3,1032.5,13366.8
01/01/2025,AM-35     ,390,195,7569.17,122.2,7446.97
01/01/2025,AM-36     ,564,282,7301.22,635.78,6665.44
01/01/2025,AM-37     ,826,413,4293.04,469.52,3823.52
01/01/2025,AM-38     ,598,299,3500.23,322.41,3177.82
01/01/2025,AM-39     ,420,210,8760.96,911.45,7849.51
01/01/2025,AM-40     ,538,269,8796.63,660.15,8136.48
01/01/2025,AM-41     ,1053,526.5,7438.14,399.67,7038.47
01/01/2025,AM-42     ,1457,728.5,6595.81,359.1,6236.71
01/01/2025,AM-43     ,543,271.5,8912.69,781.45,8131.24
01/01/2025,AM-44     ,891,445.5,4508.85,484.4,4024.45
01/01/2025,AM-45     ,649,324.5,20224,1574.76,18649.24
01/01/2025,AM-46     ,481,240.5,8928.14,929.83,7998.31
01/01/2025,AM-47     ,1517,758.5,6157.44,295.72,5861.72
01/01/2025,AM-48     ,1515,757.5,5967.62,281.47,5686.15
01/01/2025,AM-49     ,796,398,3580.25,25.2,3555.05
01/01/2025,AM-50     ,1165,582.5,4575.7,22,4553.7
01/01/2025,AM-51     ,1314,657,4890.05,24.4,4865.65
01/01/2025,AM-52     ,1377,688.5,5109.6,27.6,5082
01/01/2025,AM-53     ,1367,683.5,5059.2,26.8,5032.4
01/01/2025,AM-54     ,76,38,346.35,2,344.35
01/01/2025,AM-55     ,1308,654,5079.35,29.2,5050.15
01/01/2025,AM-56     ,357,178.5,11129.4,998.1,10131.3
01/01/2025,AM-57     ,474,237,8618.69,805.1,7813.59
01/01/2025,AM-58     ,396,198,8306.88,754.95,7551.93
01/01/2025,AM-59     ,466,233,8556.47,1238.75,7317.72
01/01/2025,AM-60     ,572,286,16546.05,1130.56,15415.49
01/01/2025,AM-61     ,268,134,5111,165.55,4945.45
01/01/2025,AM-62     ,311,155.5,8220.78,606.8,7613.98
01/01/2025,AM-63     ,291,145.5,5427.62,100.55,5327.07
01/01/2025,AM-64     ,389,194.5,4711.86,352.32,4359.54
01/01/2025,AM-65     ,544,272,6291.54,477.47,5814.07
01/01/2025,AM-66     ,459,229.5,5173.56,465.09,4708.47
01/01/2025,AM-67     ,499,249.5,6211.82,580.14,5631.68
01/01/2025,AM-68     ,511,255.5,15877,1223.7,14653.3
01/01/2025,AM-69     ,437,218.5,12948.65,930.55,12018.1
01/01/2025,AM-70     ,243,121.5,7050.2,633.95,6416.25
01/01/2025,AM-71     ,375,187.5,11905.2,897.2,11008
01/01/2025,AM-72     ,306,153,9311.8,781.9,8529.9
01/01/2025,AM-73     ,276,138,6160.25,674.1,5486.15
01/01/2025,AM-74     ,468,234,14691.6,1059.6,13632
01/01/2025,AM-75     ,416,208,13039.42,1130.2,11909.22
01/01/2025,AM-86     ,103,51.5,416.06,101.96,314.1
01/01/2025,TM-002    ,80,40,1140,20,1120
01/01/2025,TM-003    ,580,290,8432.4,128.4,8304
01/01/2025,TM-004    ,409,204.5,6015.2,79.2,5936
01/01/2025,TM-005    ,593,296.5,8567.6,103.6,8464
01/01/2025,TM-007    ,495,247.5,7250,66,7184
01/01/2025,TM-008    ,452,226,6624,32,6592
01/01/2025,TM-009    ,29,14.5,417.2,1.2,416
01/01/2025,TM-010    ,573,286.5,8274,146,8128
01/01/2025,TM-012    ,516,258,7524.4,116.4,7408
01/01/2025,TM-013    ,530,265,7784.4,152.4,7632
01/01/2025,TM-014    ,279,139.5,4042.8,10.8,4032
01/01/2025,TM-015    ,444,222,6428.4,108.4,6320
01/01/2025,TM-016    ,487,243.5,7115.6,59.6,7056
01/01/2025,TM-017    ,119,59.5,1716.8,4.8,1712
01/01/2025,TM-018    ,533,266.5,7696.8,80.8,7616
01/01/2025,TM-019    ,168,84,2438.4,6.4,2432
01/01/2025,TM-022    ,60,30,897.6,1.6,896
01/01/2025,TM-024    ,571,285.5,8284.4,124.4,8160
01/01/2025,TM-025    ,554,277,8062.8,126.8,7936
01/01/2025,TM-026    ,473,236.5,6980.8,84.8,6896
01/01/2025,TM-027    ,574,287,8310,86,8224
01/01/2025,TM-028    ,519,259.5,7565.2,125.2,7440
01/01/2025,TM-029    ,532,266,7722.8,122.8,7600
01/01/2025,TM-030    ,544,272,7878,54,7824
01/01/2025,TM-031    ,508,254,7452.8,92.8,7360
01/01/2025,TM-032    ,523,261.5,7651.2,67.2,7584
01/01/2025,TM-033    ,475,237.5,6712,88,6624
01/01/2025,TM-035    ,494,247,7222.8,70.8,7152
01/01/2025,TM-038    ,644,322,9322.4,106.4,9216
01/01/2025,TM-039    ,505,252.5,7327.2,95.2,7232
01/01/2025,TM-040    ,576,288,8409.6,73.6,8336
01/01/2025,TM-041    ,536,268,7816.4,72.4,7744
01/01/2025,TM-046    ,15,7.5,193.2,1.2,192
01/01/2025,TM-047    ,314,157,4520.8,168.8,4352
01/01/2025,TM-048    ,304,152,4469.2,213.2,4256
01/01/2025,TM-049    ,390,195,5694,174,5520
01/01/2025,TM-050    ,413,206.5,6058,170,5888
01/01/2025,TM-051    ,396,198,5795.2,147.2,5648
01/01/2025,TM-052    ,470,235,6856,216,6640
01/01/2025,TM-053    ,522,261,7577.6,169.6,7408
01/01/2025,TM-054    ,510,255,7532.8,204.8,7328
01/01/2025,TM-055    ,425,212.5,6250.8,202.8,6048
01/01/2025,TM-056    ,435,217.5,6358.8,230.8,6128
01/01/2025,TM-057    ,457,228.5,6832.8,272.8,6560
01/01/2025,TM-058    ,526,263,7795.6,163.6,7632
01/01/2025,TM-059    ,530,265,7816,216,7600
01/01/2025,TM-060    ,408,204,6022.8,166.8,5856
01/01/2025,TM-061    ,493,246.5,7202.8,82.8,7120
01/01/2025,TM-062    ,485,242.5,7075.6,99.6,6976
01/01/2025,TM-063    ,493,246.5,7292,204,7088
01/01/2025,TM-072    ,463,231.5,6800,112,6688
01/01/2025,TM-073    ,564,282,8217.2,201.2,8016
01/01/2025,TM-074    ,376,188,5570.8,146.8,5424
01/01/2025,TM-075    ,575,287.5,8634.8,346.8,8288
01/01/2025,TM-076    ,524,262,7778,194,7584
01/02/2025,          ,100,50,1667.2,67.2,1600
01/02/2025,AM-01     ,1306,653,5860.22,62.5,5797.72
01/02/2025,AM-02     ,1252,626,5974.52,87,5887.52
01/02/2025,AM-03     ,536,268,4940.14,434.5,4505.64
01/02/2025,AM-04     ,680,340,6353.4,481.6,5871.8
01/02/2025,AM-05     ,725,362.5,7043.9,574.2,6469.7
01/02/2025,AM-06     ,438,219,13594.78,1009,12585.78
01/02/2025,AM-07     ,433,216.5,7492.07,961,6531.07
01/02/2025,AM-08     ,354,177,6583.5,645.85,5937.65
01/02/2025,AM-09     ,397,198.5,7279.78,1026.1,6253.68
01/02/2025,AM-10     ,423,211.5,12245.42,1037.05,11208.37
01/02/2025,AM-11     ,327,163.5,6395.8,115.8,6280
01/02/2025,AM-12     ,872,436,4327.56,449.6,3877.96
01/02/2025,AM-13     ,313,156.5,5596.73,600.91,4995.82
01/02/2025,AM-14     ,514,257,4638.39,407.38,4231.01
01/02/2025,AM-15     ,350,175,10475.64,801.3,9674.34
01/02/2025,AM-16     ,314,157,5518.49,543.81,4974.68
01/02/2025,AM-17     ,435,217.5,7466.98,653.75,6813.23
01/02/2025,AM-18     ,244,122,5467.68,401.26,5066.42
01/02/2025,AM-19     ,395,197.5,7436.78,732.65,6704.13
01/02/2025,AM-20     ,512,256,9377.12,852.9,8524.22
01/02/2025,AM-21     ,398,199,7246.03,799.45,6446.58
01/02/2025,AM-23     ,359,179.5,5814.47,655.13,5159.34
01/02/2025,AM-24     ,627,313.5,6152.7,505.8,5646.9
01/02/2025,AM-25     ,433,216.5,6587.16,709.01,5878.15
01/02/2025,AM-26     ,547,273.5,7682.71,625.16,7057.55
01/02/2025,AM-27     ,475,237.5,6358.12,552.7,5805.42
01/02/2025,AM-28     ,479,239.5,9002.02,966.75,8035.27
01/02/2025,AM-29     ,512,256,7559.98,655.8,6904.18
01/02/2025,AM-30     ,454,227,6003.56,652.52,5351.04
01/02/2025,AM-31     ,446,223,6905.19,546,6359.19
01/02/2025,AM-32     ,535,267.5,7667.18,858.25,6808.93
01/02/2025,AM-33     ,423,211.5,6025.2,590.6,5434.6
01/02/2025,AM-34     ,570,285,16607.22,1191.25,15415.97
01/02/2025,AM-35     ,350,175,6850,100,6750
01/02/2025,AM-36     ,466,233,11452.69,967.75,10484.94
01/02/2025,AM-37     ,691,345.5,4099.78,408.35,3691.43
01/02/2025,AM-38     ,658,329,3875.12,448.56,3426.56
01/02/2025,AM-39     ,326,163,5891.26,752.35,5138.91
01/02/2025,AM-40     ,459,229.5,5659.81,527.28,5132.53
01/02/2025,AM-41     ,784,392,5053.25,270.34,4782.91
01/02/2025,AM-42     ,1259,629.5,5561.4,319.95,5241.45
01/02/2025,AM-43     ,342,171,7056.14,812.6,6243.54
01/02/2025,AM-44     ,750,375,4007.02,423.98,3583.04
01/02/2025,AM-45     ,466,233,10972.01,868.88,10103.13
01/02/2025,AM-46     ,419,209.5,8275.74,1177.45,7098.29
01/02/2025,AM-47     ,1231,615.5,4689.44,236.25,4453.19
01/02/2025,AM-48     ,1021,510.5,4935.14,293.83,4641.31
01/02/2025,AM-49     ,1386,693,4999.1,25.6,4973.5
01/02/2025,AM-50     ,792,396,3365.75,19.6,3346.15
01/02/2025,AM-51     ,763,381.5,3464.7,21.2,3443.5
01/02/2025,AM-52     ,1221,610.5,4714.2,22.8,4691.4
01/02/2025,AM-53     ,1295,647.5,4741.15,24,4717.15
01/02/2025,AM-54     ,203,101.5,877.55,8,869.55
01/02/2025,AM-55     ,1094,547,3876.65,21.2,3855.45
01/02/2025,AM-56     ,371,185.5,11474,725.65,10748.35
01/02/2025,AM-57     ,364,182,7592.61,652.15,6940.46
01/02/2025,AM-58     ,523,261.5,12162.37,1035.14,11127.23
01/02/2025,AM-59     ,390,195,7422.75,888.15,6534.6
01/02/2025,AM-60     ,481,240.5,14780.26,1133.9,13646.36
01/02/2025,AM-61     ,273,136.5,5470.5,154.55,5315.95
01/02/2025,AM-62     ,507,253.5,14231.05,1049.4,13181.65
01/02/2025,AM-63     ,211,105.5,4616.5,181.85,4434.65
01/02/2025,AM-64     ,423,211.5,4765.55,402.75,4362.8
01/02/2025,AM-65     ,410,205,4668.72,443.68,4225.04
01/02/2025,AM-66     ,427,213.5,4783.84,421.6,4362.24
01/02/2025,AM-67     ,435,217.5,4995.09,369.7,4625.39
01/02/2025,AM-68     ,242,121,7276.06,583.7,6692.36
01/02/2025,AM-69     ,326,163,9773.6,613.6,9160
01/02/2025,AM-70     ,161,80.5,4871.7,404.05,4467.65
01/02/2025,AM-71     ,267,133.5,8332,610,7722
01/02/2025,AM-72     ,114,57,3593.75,256.4,3337.35
01/02/2025,AM-73     ,373,186.5,6992.62,581.65,6410.97
01/02/2025,AM-74     ,232,116,6856,652.8,6203.2
01/02/2025,AM-75     ,408,204,12435.3,982.35,11452.95
01/02/2025,AM-86     ,7,3.5,103.07,11.36,91.71
01/02/2025,TM-001    ,26,13,384.8,0.8,384
01/02/2025,TM-002    ,281,140.5,4076,60,4016
01/02/2025,TM-003    ,500,250,7300.8,180.8,7120
01/02/2025,TM-004    ,498,249,7251.6,83.6,7168
01/02/2025,TM-005    ,540,270,7878,118,7760
01/02/2025,TM-007    ,495,247.5,7126.4,102.4,7024
01/02/2025,TM-008    ,429,214.5,6289.2,113.2,6176
01/02/2025,TM-010    ,257,128.5,3707.6,91.6,3616
01/02/2025,TM-012    ,570,285,8310.4,86.4,8224
01/02/2025,TM-013    ,428,214,6256.8,112.8,6144
01/02/2025,TM-014    ,373,186.5,5438.4,46.4,5392
01/02/2025,TM-015    ,445,222.5,6450.4,82.4,6368
01/02/2025,TM-016    ,403,201.5,5872,96,5776
01/02/2025,TM-017    ,416,208,6064,96,5968
01/02/2025,TM-018    ,528,264,7716,148,7568
01/02/2025,TM-020    ,10,5,160.4,16.4,144
01/02/2025,TM-021    ,12,6,192.4,16.4,176
01/02/2025,TM-022    ,41,20.5,609.2,1.2,608
01/02/2025,TM-024    ,545,272.5,7972,68,7904
01/02/2025,TM-025    ,477,238.5,6884,68,6816
01/02/2025,TM-026    ,451,225.5,6500.4,116.4,6384
01/02/2025,TM-027    ,375,187.5,5386.8,58.8,5328
01/02/2025,TM-028    ,526,263,7717.2,213.2,7504
01/02/2025,TM-029    ,557,278.5,8134.4,118.4,8016
01/02/2025,TM-030    ,275,137.5,3948.8,76.8,3872
01/02/2025,TM-031    ,487,243.5,7122.8,82.8,7040
01/02/2025,TM-032    ,340,170,5019.6,75.6,4944
01/02/2025,TM-033    ,395,197.5,5792,112,5680
01/02/2025,TM-035    ,465,232.5,6724,132,6592
01/02/2025,TM-037    ,2,1,32,0,32
01/02/2025,TM-038    ,446,223,6482,66,6416
01/02/2025,TM-039    ,421,210.5,6098,114,5984
01/02/2025,TM-040    ,393,196.5,5712,64,5648
01/02/2025,TM-041    ,406,203,5952.4,112.4,5840
01/02/2025,TM-046    ,280,140,3992.8,104.8,3888
01/02/2025,TM-047    ,304,152,4351.6,111.6,4240
01/02/2025,TM-048    ,325,162.5,4612.4,68.4,4544
01/02/2025,TM-049    ,234,117,3324,60,3264
01/02/2025,TM-050    ,365,182.5,5296.8,128.8,5168
01/02/2025,TM-051    ,509,254.5,7500.8,108.8,7392
01/02/2025,TM-052    ,427,213.5,6366.4,110.4,6256
01/02/2025,TM-053    ,400,200,5871.2,79.2,5792
01/02/2025,TM-054    ,444,222,6480.8,48.8,6432
01/02/2025,TM-055    ,334,167,4902.4,54.4,4848
01/02/2025,TM-056    ,434,217,6305.6,65.6,6240
01/02/2025,TM-057    ,424,212,6188,124,6064
01/02/2025,TM-058    ,493,246.5,7266.4,114.4,7152
01/02/2025,TM-059    ,442,221,6512.4,96.4,6416
01/02/2025,TM-060    ,431,215.5,6231.2,103.2,6128
01/02/2025,TM-061    ,503,251.5,7252.8,52.8,7200
01/02/2025,TM-062    ,526,263,7795.2,179.2,7616
01/02/2025,TM-063    ,503,251.5,7310.8,110.8,7200
01/02/2025,TM-072    ,398,199,5860.4,148.4,5712
01/02/2025,TM-073    ,541,270.5,7955.2,67.2,7888
01/02/2025,TM-074    ,487,243.5,7160.8,200.8,6960
01/02/2025,TM-075    ,426,213,6225.6,113.6,6112
01/02/2025,TM-076    ,405,202.5,5971.6,115.6,5856
01/03/2025,          ,149,74.5,2182.8,70.8,2112
01/03/2025,AM-01     ,1454,727,6662.54,70.3,6592.24
01/03/2025,AM-02     ,1404,702,6996.42,130.5,6865.92
01/03/2025,AM-03     ,648,324,6195.08,518.9,5676.18
01/03/2025,AM-04     ,566,283,5309.55,475.3,4834.25
01/03/2025,AM-05     ,707,353.5,6957.9,581.1,6376.8
01/03/2025,AM-06     ,346,173,10292.52,889.65,9402.87
01/03/2025,AM-068    ,13,6.5,192.4,0.4,192
01/03/2025,AM-07     ,352,176,6739.45,872.91,5866.54
01/03/2025,AM-08     ,457,228.5,9059.05,978.1,8080.95
01/03/2025,AM-09     ,483,241.5,8238.88,779.8,7459.08
01/03/2025,AM-10     ,552,276,17222.05,1236.95,15985.1
01/03/2025,AM-11     ,282,141,5709.21,238.65,5470.56
01/03/2025,AM-12     ,847,423.5,4083.4,356.06,3727.34
01/03/2025,AM-13     ,453,226.5,6956.69,877.63,6079.06
01/03/2025,AM-14     ,779,389.5,7146.73,549.03,6597.7
01/03/2025,AM-15     ,566,283,15766.2,1301.98,14464.22
01/03/2025,AM-16     ,447,223.5,6577.96,693.79,5884.17
01/03/2025,AM-17     ,419,209.5,8051.2,723.85,7327.35
01/03/2025,AM-18     ,428,214,7925.24,635.78,7289.46
01/03/2025,AM-19     ,536,268,7242.93,818.61,6424.32
01/03/2025,AM-20     ,484,242,8836.01,808.17,8027.84
01/03/2025,AM-21     ,417,208.5,7106.6,643.4,6463.2
01/03/2025,AM-23     ,590,295,9175,857.65,8317.35
01/03/2025,AM-24     ,731,365.5,7528.5,528.9,6999.6
01/03/2025,AM-25     ,547,273.5,11707.03,970.55,10736.48
01/03/2025,AM-26     ,544,272,7897.26,917.95,6979.31
01/03/2025,AM-27     ,531,265.5,7491.66,670.6,6821.06
01/03/2025,AM-28     ,555,277.5,8812.08,715.9,8096.18
01/03/2025,AM-29     ,530,265,8378.63,705.26,7673.37
01/03/2025,AM-30     ,551,275.5,7205.48,611.15,6594.33
01/03/2025,AM-31     ,543,271.5,7868.97,818.45,7050.52
01/03/2025,AM-32     ,484,242,7199.45,664.3,6535.15
01/03/2025,AM-33     ,535,267.5,7965.17,695.4,7269.77
01/03/2025,AM-34     ,541,270.5,11714.93,1090.19,10624.74
01/03/2025,AM-35     ,387,193.5,7456.59,149,7307.59
01/03/2025,AM-36     ,532,266,14605.81,1098.5,13507.31
01/03/2025,AM-37     ,973,486.5,5602.64,589.1,5013.54
01/03/2025,AM-38     ,786,393,3924.63,363.98,3560.65
01/03/2025,AM-39     ,497,248.5,9569.4,1066.6,8502.8
01/03/2025,AM-40     ,514,257,4427.95,291.67,4136.28
01/03/2025,AM-41     ,1442,721,6442.33,338.48,6103.85
01/03/2025,AM-42     ,1368,684,5716.34,311.27,5405.07
01/03/2025,AM-43     ,335,167.5,7090.58,762.28,6328.3
01/03/2025,AM-44     ,947,473.5,5607.61,529.53,5078.08
01/03/2025,AM-45     ,635,317.5,17483.85,1617.58,15866.27
01/03/2025,AM-46     ,478,239,8363.69,952.27,7411.42
01/03/2025,AM-47     ,1421,710.5,5729.4,268.76,5460.64
01/03/2025,AM-48     ,1175,587.5,4484.47,135.5,4348.97
01/03/2025,AM-49     ,1360,680,5074.23,43.03,5031.2
01/03/2025,AM-50     ,1489,744.5,5426,27.6,5398.4
01/03/2025,AM-51     ,1062,531,4204.55,26.8,4177.75
01/03/2025,AM-52     ,588,294,2410.25,17.2,2393.05
01/03/2025,AM-53     ,776,388,3333.15,19.6,3313.55
01/03/2025,AM-54     ,101,50.5,468.7,11.2,457.5
01/03/2025,AM-55     ,1111,555.5,4009,17.2,3991.8
01/03/2025,AM-56     ,399,199.5,11907.72,955.2,10952.52
01/03/2025,AM-57     ,481,240.5,9486.4,815.55,8670.85
01/03/2025,AM-58     ,647,323.5,19806.8,1528.95,18277.85
01/03/2025,AM-59     ,458,229,8400.72,778.7,7622.02
01/03/2025,AM-60     ,590,295,18051.21,1369.72,16681.49
01/03/2025,AM-61     ,361,180.5,7444.28,260.15,7184.13
01/03/2025,AM-62     ,668,334,18743.24,1302.3,17440.94
01/03/2025,AM-63     ,296,148,5768.3,82.5,5685.8
01/03/2025,AM-64     ,510,255,6233.87,525.16,5708.71
01/03/2025,AM-65     ,541,270.5,5775.5,465.72,5309.78
01/03/2025,AM-66     ,480,240,5682.72,497.6,5185.12
01/03/2025,AM-67     ,489,244.5,5359.56,523.27,4836.29
01/03/2025,AM-68     ,434,217,6363.2,107.2,6256
01/03/2025,AM-69     ,578,289,18022.2,1436.55,16585.65
01/03/2025,AM-70     ,283,141.5,4139.6,75.6,4064
01/03/2025,AM-71     ,366,183,5390.8,126.8,5264
01/03/2025,AM-72     ,262,131,3928,56,3872
01/03/2025,AM-73     ,310,155,7044.15,798,6246.15
01/03/2025,AM-74     ,259,129.5,8256.4,608.4,7648
01/03/2025,AM-75     ,332,166,9505.9,643.35,8862.55
01/03/2025,AM-77     ,258,129,3661.2,61.2,3600
01/03/2025,AM-86     ,13,6.5,362.74,174.2,188.54
01/03/2025,TM-002    ,540,270,7893.6,149.6,7744
01/03/2025,TM-003    ,514,257,7477.2,117.2,7360
01/03/2025,TM-004    ,590,295,8584.4,120.4,8464
01/03/2025,TM-005    ,464,232,6801.6,113.6,6688
01/03/2025,TM-007    ,532,266,7670,118,7552
01/03/2025,TM-008    ,485,242.5,6996.8,100.8,6896
01/03/2025,TM-009    ,9,4.5,144,0,144
01/03/2025,TM-010    ,509,254.5,7412,68,7344
01/03/2025,TM-011    ,17,8.5,272.4,16.4,256
01/03/2025,TM-012    ,489,244.5,7030.4,118.4,6912
01/03/2025,TM-013    ,507,253.5,7349.2,101.2,7248
01/03/2025,TM-014    ,473,236.5,6884.8,180.8,6704
01/03/2025,TM-015    ,505,252.5,7349.6,149.6,7200
01/03/2025,TM-016    ,598,299,8663.6,71.6,8592
01/03/2025,TM-017    ,209,104.5,3042.4,50.4,2992
01/03/2025,TM-018    ,612,306,8840.8,88.8,8752
01/03/2025,TM-020    ,6,3,96,0,96
01/03/2025,TM-021    ,10,5,160,0,160
01/03/2025,TM-022    ,6,3,96,0,96
01/03/2025,TM-023    ,1,0.5,0.4,0.4,0
01/03/2025,TM-024    ,287,143.5,4155.6,43.6,4112
01/03/2025,TM-025    ,495,247.5,7157.6,117.6,7040
01/03/2025,TM-026    ,369,184.5,5345.2,129.2,5216
01/03/2025,TM-027    ,112,56,1620.4,20.4,1600
01/03/2025,TM-028    ,267,133.5,3882.8,58.8,3824
01/03/2025,TM-029    ,593,296.5,8600,104,8496
01/03/2025,TM-030    ,510,255,7444.4,116.4,7328
01/03/2025,TM-031    ,449,224.5,6561.2,97.2,6464
01/03/2025,TM-032    ,489,244.5,7013.6,53.6,6960
01/03/2025,TM-033    ,504,252,7359.6,175.6,7184
01/03/2025,TM-034    ,17,8.5,256.4,0.4,256
01/03/2025,TM-035    ,186,93,2774.4,54.4,2720
01/03/2025,TM-038    ,572,286,8342.8,134.8,8208
01/03/2025,TM-039    ,468,234,6756,84,6672
01/03/2025,TM-040    ,484,242,7028.4,116.4,6912
01/03/2025,TM-041    ,558,279,8134,118,8016
01/03/2025,TM-046    ,329,164.5,4530.4,82.4,4448
01/03/2025,TM-047    ,442,221,6418,66,6352
01/03/2025,TM-048    ,408,204,5938,130,5808
01/03/2025,TM-049    ,382,191,5437.2,93.2,5344
01/03/2025,TM-050    ,186,93,2726.4,6.4,2720
01/03/2025,TM-052    ,18,9,272.4,0.4,272
01/03/2025,TM-053    ,13,6.5,192.4,0.4,192
01/03/2025,TM-055    ,423,211.5,6312.8,136.8,6176
01/03/2025,TM-056    ,515,257.5,7580.8,172.8,7408
01/03/2025,TM-057    ,461,230.5,6656,160,6496
01/03/2025,TM-058    ,602,301,8906.8,186.8,8720
01/03/2025,TM-059    ,473,236.5,7001.6,57.6,6944
01/03/2025,TM-060    ,584,292,8598,134,8464
01/03/2025,TM-061    ,575,287.5,8375.2,103.2,8272
01/03/2025,TM-062    ,580,290,8516.4,52.4,8464
01/03/2025,TM-063    ,341,170.5,4975.6,143.6,4832
01/03/2025,TM-064    ,131,65.5,1893.2,21.2,1872
01/03/2025,TM-065    ,217,108.5,3098.8,58.8,3040
01/03/2025,TM-066    ,187,93.5,2759.2,55.2,2704
01/03/2025,TM-068    ,27,13.5,354,2,352
01/03/2025,TM-070    ,21,10.5,289.2,1.2,288
01/03/2025,TM-072    ,527,263.5,7673.6,105.6,7568
01/03/2025,TM-073    ,561,280.5,8228.8,84.8,8144
01/03/2025,TM-074    ,541,270.5,8003.6,131.6,7872
01/03/2025,TM-075    ,376,188,5425.2,97.2,5328
01/03/2025,TM-076    ,487,243.5,7153.6,65.6,7088
01/04/2025,          ,272,136,4004.4,26.4,3978
01/04/2025,AM-01     ,1023,511.5,14598.23,1145.5,13452.73
01/04/2025,AM-02     ,1446,723,6495.56,68.5,6427.06
01/04/2025,AM-03     ,705,352.5,6885.35,528,6357.35
01/04/2025,AM-04     ,701,350.5,7247.5,635.85,6611.65
01/04/2025,AM-05     ,601,300.5,10153.4,991.9,9161.5
01/04/2025,AM-06     ,509,254.5,14970.13,1201.8,13768.33
01/04/2025,AM-07     ,454,227,8241.21,892.82,7348.39
01/04/2025,AM-077    ,6,3,64.8,0.8,64
01/04/2025,AM-08     ,703,351.5,6800.27,519.35,6280.92
01/04/2025,AM-09     ,503,251.5,10835.22,903.9,9931.32
01/04/2025,AM-10     ,463,231.5,14170.1,1194.1,12976
01/04/2025,AM-11     ,269,134.5,5259.7,115.05,5144.65
01/04/2025,AM-12     ,895,447.5,5976.24,620.13,5356.11
01/04/2025,AM-13     ,519,259.5,8878.25,1006.2,7872.05
01/04/2025,AM-14     ,705,352.5,7277.45,665.9,6611.55
01/04/2025,AM-15     ,382,191,10612.6,834.6,9778
01/04/2025,AM-16     ,387,193.5,7458.23,832.31,6625.92
01/04/2025,AM-17     ,430,215,7907.71,772.71,7135
01/04/2025,AM-18     ,489,244.5,9833.69,858.33,8975.36
01/04/2025,AM-19     ,927,463.5,7844.14,638.33,7205.81
01/04/2025,AM-20     ,488,244,5896.6,623.29,5273.31
01/04/2025,AM-21     ,491,245.5,10112.75,1209.95,8902.8
01/04/2025,AM-22     ,276,138,3115.42,235.12,2880.3
01/04/2025,AM-23     ,549,274.5,8460.82,788.85,7671.97
01/04/2025,AM-24     ,443,221.5,4179.91,402.2,3777.71
01/04/2025,AM-25     ,550,275,17143.05,1541.9,15601.15
01/04/2025,AM-26     ,510,255,7065.37,619.95,6445.42
01/04/2025,AM-27     ,652,326,9059.88,859.45,8200.43
01/04/2025,AM-28     ,534,267,9603.92,961.4,8642.52
01/04/2025,AM-29     ,565,282.5,8400.37,753.8,7646.57
01/04/2025,AM-30     ,593,296.5,8275.22,650.55,7624.67
01/04/2025,AM-31     ,464,232,7399.01,750.1,6648.91
01/04/2025,AM-32     ,441,220.5,6406.14,609.6,5796.54
01/04/2025,AM-33     ,581,290.5,8209.8,751.7,7458.1
01/04/2025,AM-34     ,569,284.5,15124.66,1181.37,13943.29
01/04/2025,AM-35     ,322,161,6302,92,6210
01/04/2025,AM-36     ,464,232,10959.58,1141.02,9818.56
01/04/2025,AM-37     ,895,447.5,4272.5,434.5,3838
01/04/2025,AM-38     ,656,328,3126.06,332.66,2793.4
01/04/2025,AM-39     ,452,226,8578.9,900.4,7678.5
01/04/2025,AM-40     ,453,226.5,7105.53,481.65,6623.88
01/04/2025,AM-41     ,1448,724,6520.9,356.11,6164.79
01/04/2025,AM-42     ,1557,778.5,6273.37,337.06,5936.31
01/04/2025,AM-43     ,487,243.5,7446.19,656.98,6789.21
01/04/2025,AM-44     ,950,475,4543.33,425.7,4117.63
01/04/2025,AM-45     ,522,261,15144.1,1126.95,14017.15
01/04/2025,AM-46     ,534,267,9722.69,916.55,8806.14
01/04/2025,AM-47     ,1480,740,5603.9,269.95,5333.95
01/04/2025,AM-48     ,1535,767.5,6393.83,319.1,6074.73
01/04/2025,AM-49     ,1021,510.5,4192.3,22,4170.3
01/04/2025,AM-50     ,1244,622,4873.95,51.6,4822.35
01/04/2025,AM-51     ,1388,694,5116.15,27.6,5088.55
01/04/2025,AM-52     ,1272,636,4680.2,25.6,4654.6
01/04/2025,AM-53     ,954,477,3959.45,24.4,3935.05
01/04/2025,AM-54     ,93,46.5,415.45,3.2,412.25
01/04/2025,AM-55     ,854,427,3848.2,26.4,3821.8
01/04/2025,AM-56     ,502,251,15394.13,1203.45,14190.68
01/04/2025,AM-57     ,451,225.5,8120.15,1012.65,7107.5
01/04/2025,AM-58     ,636,318,18442.45,1408.9,17033.55
01/04/2025,AM-59     ,416,208,7864.4,559.75,7304.65
01/04/2025,AM-60     ,554,277,16599.67,1410.95,15188.72
01/04/2025,AM-61     ,389,194.5,7115.71,118.09,6997.62
01/04/2025,AM-62     ,496,248,10947.49,710.46,10237.03
01/04/2025,AM-63     ,203,101.5,3973,58,3915
01/04/2025,AM-64     ,494,247,5796.22,450.3,5345.92
01/04/2025,AM-65     ,495,247.5,5581.4,537.56,5043.84
01/04/2025,AM-66     ,545,272.5,6087.41,550.75,5536.66
01/04/2025,AM-67     ,479,239.5,6335.27,491.92,5843.35
01/04/2025,AM-68     ,350,175,5076,116,4960
01/04/2025,AM-69     ,378,189,2239.64,52.6,2187.04
01/04/2025,AM-70     ,395,197.5,5635.2,83.2,5552
01/04/2025,AM-71     ,360,180,5122.8,114.8,5008
01/04/2025,AM-72     ,197,98.5,2840.8,40.8,2800
01/04/2025,AM-73     ,386,193,7583.17,588.3,6994.87
01/04/2025,AM-74     ,547,273.5,16478.6,947,15531.6
01/04/2025,AM-75     ,232,116,5072.19,284.15,4788.04
01/04/2025,AM-77     ,401,200.5,5819.6,107.6,5712
01/04/2025,TM-001    ,37,18.5,545.2,1.2,544
01/04/2025,TM-002    ,405,202.5,5950.8,94.8,5856
01/04/2025,TM-003    ,603,301.5,8854,134,8720
01/04/2025,TM-004    ,456,228,6688.8,64.8,6624
01/04/2025,TM-005    ,416,208,6111.2,79.2,6032
01/04/2025,TM-007    ,559,279.5,8071.2,71.2,8000
01/04/2025,TM-008    ,516,258,7519.6,143.6,7376
01/04/2025,TM-010    ,491,245.5,7171.2,83.2,7088
01/04/2025,TM-012    ,538,269,7940.8,196.8,7744
01/04/2025,TM-013    ,521,260.5,7557.6,85.6,7472
01/04/2025,TM-014    ,453,226.5,6667.2,123.2,6544
01/04/2025,TM-015    ,299,149.5,4380.8,108.8,4272
01/04/2025,TM-016    ,417,208.5,6034,114,5920
01/04/2025,TM-017    ,525,262.5,7638,134,7504
01/04/2025,TM-018    ,444,222,6466.8,130.8,6336
01/04/2025,TM-024    ,43,21.5,642,34,608
01/04/2025,TM-025    ,489,244.5,7155.6,179.6,6976
01/04/2025,TM-028    ,450,225,6555.6,59.6,6496
01/04/2025,TM-029    ,443,221.5,6512.8,112.8,6400
01/04/2025,TM-030    ,562,281,8105.6,153.6,7952
01/04/2025,TM-031    ,302,151,4458.4,58.4,4400
01/04/2025,TM-032    ,525,262.5,7668.4,84.4,7584
01/04/2025,TM-033    ,468,234,6725.6,101.6,6624
01/04/2025,TM-034    ,423,211.5,6084,132,5952
01/04/2025,TM-035    ,149,74.5,2166.4,38.4,2128
01/04/2025,TM-038    ,541,270.5,7986.8,98.8,7888
01/04/2025,TM-039    ,448,224,6528.8,80.8,6448
01/04/2025,TM-040    ,543,271.5,7878.8,118.8,7760
01/04/2025,TM-041    ,489,244.5,7124,116,7008
01/04/2025,TM-046    ,357,178.5,5183.6,95.6,5088
01/04/2025,TM-047    ,439,219.5,6370.8,98.8,6272
01/04/2025,TM-048    ,277,138.5,3944,72,3872
01/04/2025,TM-049    ,319,159.5,4574.8,142.8,4432
01/04/2025,TM-050    ,456,228,6763.2,155.2,6608
01/04/2025,TM-055    ,438,219,6386,98,6288
01/04/2025,TM-056    ,497,248.5,7313.2,49.2,7264
01/04/2025,TM-057    ,460,230,6736.8,48.8,6688
01/04/2025,TM-058    ,556,278,8165.2,117.2,8048
01/04/2025,TM-059    ,564,282,8272.4,144.4,8128
01/04/2025,TM-060    ,590,295,8625.6,129.6,8496
01/04/2025,TM-061    ,239,119.5,3466.4,58.4,3408
01/04/2025,TM-062    ,528,264,7701.2,149.2,7552
01/04/2025,TM-063    ,391,195.5,5571.2,163.2,5408
01/04/2025,TM-064    ,339,169.5,4941.6,93.6,4848
01/04/2025,TM-065    ,500,250,7252.8,132.8,7120
01/04/2025,TM-066    ,481,240.5,6965.2,117.2,6848
01/04/2025,TM-072    ,486,243,7216.8,112.8,7104
01/04/2025,TM-073    ,527,263.5,7747.6,99.6,7648
01/04/2025,TM-074    ,460,230,6749.2,157.2,6592
01/04/2025,TM-075    ,466,233,6896,80,6816
01/04/2025,TM-076    ,585,292.5,8545.6,129.6,8416
01/05/2025,          ,17,8.5,240.8,0.8,240
01/05/2025,AM-01     ,613,306.5,19240.2,1501.2,17739
01/05/2025,AM-02     ,1380,690,6796.47,105.6,6690.87
01/05/2025,AM-03     ,745,372.5,7126.18,632.8,6493.38
01/05/2025,AM-04     ,735,367.5,7120.1,707.2,6412.9
01/05/2025,AM-05     ,529,264.5,10022.74,1250.35,8772.39
01/05/2025,AM-06     ,509,254.5,15068.32,1221.4,13846.92
01/05/2025,AM-07     ,455,227.5,8506.53,811.06,7695.47
01/05/2025,AM-076    ,84,42,1328.8,32.8,1296
01/05/2025,AM-08     ,586,293,7553.27,656.12,6897.15
01/05/2025,AM-09     ,487,243.5,9345.48,852.52,8492.96
01/05/2025,AM-10     ,657,328.5,20399.2,1570.45,18828.75
01/05/2025,AM-11     ,344,172,6903.3,196.65,6706.65
01/05/2025,AM-12     ,907,453.5,4859.61,509,4350.61
01/05/2025,AM-13     ,576,288,10171.4,828,9343.4
01/05/2025,AM-14     ,800,400,7784.15,628.8,7155.35
01/05/2025,AM-15     ,349,174.5,8981.24,707.6,8273.64
01/05/2025,AM-16     ,375,187.5,6423.9,658.36,5765.54
01/05/2025,AM-17     ,418,209,8009.78,874.7,7135.08
01/05/2025,AM-18     ,569,284.5,12415.03,1193.57,11221.46
01/05/2025,AM-19     ,685,342.5,10212.98,1029.4,9183.58
01/05/2025,AM-20     ,1582,791,6251.76,334.97,5916.79
01/05/2025,AM-21     ,563,281.5,9940.52,1094.6,8845.92
01/05/2025,AM-22     ,703,351.5,7130.1,563.9,6566.2
01/05/2025,AM-23     ,614,307,8968.35,751.26,8217.09
01/05/2025,AM-24     ,759,379.5,7424.3,560.56,6863.74
01/05/2025,AM-25     ,609,304.5,17738.8,1168.36,16570.44
01/05/2025,AM-26     ,600,300,7999.6,708.9,7290.7
01/05/2025,AM-27     ,610,305,9349.75,855.66,8494.09
01/05/2025,AM-28     ,497,248.5,8169.12,771.71,7397.41
01/05/2025,AM-29     ,541,270.5,7943.34,822.9,7120.44
01/05/2025,AM-30     ,573,286.5,8125.69,858.81,7266.88
01/05/2025,AM-31     ,574,287,7442.17,706.4,6735.77
01/05/2025,AM-32     ,636,318,8532.28,808.1,7724.18
01/05/2025,AM-33     ,401,200.5,5986.31,657.7,5328.61
01/05/2025,AM-34     ,609,304.5,18390.36,1216.36,17174
01/05/2025,AM-35     ,415,207.5,7744.9,118.9,7626
01/05/2025,AM-36     ,524,262,8502.32,829.4,7672.92
01/05/2025,AM-37     ,812,406,5238.38,470.9,4767.48
01/05/2025,AM-38     ,1012,506,5044.43,506.7,4537.73
01/05/2025,AM-39     ,426,213,7803.7,669.55,7134.15
01/05/2025,AM-40     ,615,307.5,9673.33,871.09,8802.24
01/05/2025,AM-41     ,481,240.5,9295.95,1152.6,8143.35
01/05/2025,AM-42     ,1609,804.5,6243.92,292.12,5951.8
01/05/2025,AM-43     ,400,200,7793.35,798.85,6994.5
01/05/2025,AM-44     ,916,458,6323.83,669.9,5653.93
01/05/2025,AM-45     ,659,329.5,20406.2,1490.6,18915.6
01/05/2025,AM-46     ,538,269,7490,577.7,6912.3
01/05/2025,AM-47     ,1540,770,6133.4,277.7,5855.7
01/05/2025,AM-48     ,1394,697,5750.63,296.28,5454.35
01/05/2025,AM-49     ,1120,560,4946.6,56,4890.6
01/05/2025,AM-50     ,895,447.5,4114.65,22.4,4092.25
01/05/2025,AM-51     ,1315,657.5,5000.9,18,4982.9
01/05/2025,AM-52     ,1397,698.5,5267.1,18.4,5248.7
01/05/2025,AM-53     ,1311,655.5,4979.8,23.6,4956.2
01/05/2025,AM-54     ,306,153,1071.25,3.2,1068.05
01/05/2025,AM-55     ,1372,686,5150.2,23.2,5127
01/05/2025,AM-56     ,412,206,12948,1122.6,11825.4
01/05/2025,AM-57     ,491,245.5,9946.75,1255.1,8691.65
01/05/2025,AM-58     ,567,283.5,14875.92,1265.16,13610.76
01/05/2025,AM-59     ,495,247.5,10062.28,881.05,9181.23
01/05/2025,AM-60     ,647,323.5,18925.87,1496.95,17428.92
01/05/2025,AM-61     ,339,169.5,6669.3,117.8,6551.5
01/05/2025,AM-62     ,484,242,12572.89,1060.4,11512.49
01/05/2025,AM-63     ,273,136.5,5351.8,99.8,5252
01/05/2025,AM-64     ,572,286,6235.87,604.98,5630.89
01/05/2025,AM-65     ,542,271,6329.9,495.99,5833.91
01/05/2025,AM-66     ,569,284.5,6261.8,486.16,5775.64
01/05/2025,AM-67     ,497,248.5,6133.94,575.29,5558.65
01/05/2025,AM-68     ,345,172.5,5079.6,103.6,4976
01/05/2025,AM-69     ,1089,544.5,6185.06,167.3,6017.76
01/05/2025,AM-70     ,387,193.5,5642,106,5536
01/05/2025,AM-71     ,324,162,4686,94,4592
01/05/2025,AM-72     ,333,166.5,4902.4,70.4,4832
01/05/2025,AM-73     ,396,198,8666.35,1226.55,7439.8
01/05/2025,AM-74     ,508,254,15774,1242.5,14531.5
01/05/2025,AM-75     ,256,128,6618.14,505.5,6112.64
01/05/2025,AM-76     ,8,4,96.8,0.8,96
01/05/2025,AM-77     ,357,178.5,5277.6,125.6,5152
01/05/2025,AM-86     ,684,342,2639.1,84,2555.1
01/05/2025,TM-001    ,115,57.5,1809.6,65.6,1744
01/05/2025,TM-002    ,276,138,4057.2,9.2,4048
01/05/2025,TM-003    ,587,293.5,8676.4,148.4,8528
01/05/2025,TM-004    ,491,245.5,7311.2,95.2,7216
01/05/2025,TM-005    ,598,299,8868,132,8736
01/05/2025,TM-007    ,580,290,8580.4,180.4,8400
01/05/2025,TM-008    ,430,215,6412.4,44.4,6368
01/05/2025,TM-010    ,464,232,6879.2,79.2,6800
01/05/2025,TM-012    ,341,170.5,4958,78,4880
01/05/2025,TM-013    ,571,285.5,8465.6,49.6,8416
01/05/2025,TM-014    ,271,135.5,3899.6,43.6,3856
01/05/2025,TM-015    ,530,265,7795.6,115.6,7680
01/05/2025,TM-016    ,187,93.5,2815.2,79.2,2736
01/05/2025,TM-017    ,544,272,8113.6,129.6,7984
01/05/2025,TM-018    ,510,255,7537.6,81.6,7456
01/05/2025,TM-019    ,300,150,4504,120,4384
01/05/2025,TM-022    ,2,1,32,0,32
01/05/2025,TM-025    ,198,99,3044,68,2976
01/05/2025,TM-027    ,46,23,736,0,736
01/05/2025,TM-028    ,452,226,6593.6,65.6,6528
01/05/2025,TM-029    ,421,210.5,6254.4,126.4,6128
01/05/2025,TM-030    ,520,260,7697.6,145.6,7552
01/05/2025,TM-031    ,397,198.5,5947.6,75.6,5872
01/05/2025,TM-032    ,553,276.5,8274,178,8096
01/05/2025,TM-033    ,379,189.5,5582,126,5456
01/05/2025,TM-034    ,502,251,7456.4,144.4,7312
01/05/2025,TM-035    ,333,166.5,4829.2,29.2,4800
01/05/2025,TM-038    ,439,219.5,6561.6,129.6,6432
01/05/2025,TM-039    ,192,96,2947.6,51.6,2896
01/05/2025,TM-040    ,563,281.5,8275.2,67.2,8208
01/05/2025,TM-041    ,492,246,7311.6,95.6,7216
01/05/2025,TM-043    ,11,5.5,176.4,16.4,160
01/05/2025,TM-045    ,9,4.5,128.4,0.4,128
01/05/2025,TM-046    ,420,210,6184.8,56.8,6128
01/05/2025,TM-047    ,409,204.5,6119.2,119.2,6000
01/05/2025,TM-048    ,366,183,5497.6,57.6,5440
01/05/2025,TM-049    ,458,229,6772,116,6656
01/05/2025,TM-050    ,394,197,5843.2,147.2,5696
01/05/2025,TM-054    ,12,6,192,0,192
01/05/2025,TM-055    ,516,258,7754,170,7584
01/05/2025,TM-056    ,566,283,8511.2,79.2,8432
01/05/2025,TM-057    ,518,259,7830.4,70.4,7760
01/05/2025,TM-058    ,450,225,6712.4,104.4,6608
01/05/2025,TM-059    ,499,249.5,7502,110,7392
01/05/2025,TM-060    ,509,254.5,7599.6,111.6,7488
01/05/2025,TM-061    ,504,252,7425.6,81.6,7344
01/05/2025,TM-062    ,598,299,8804.8,116.8,8688
01/05/2025,TM-063    ,486,243,7169.6,209.6,6960
01/05/2025,TM-064    ,505,252.5,7466.4,154.4,7312
01/05/2025,TM-065    ,457,228.5,6799.2,143.2,6656
01/05/2025,TM-066    ,475,237.5,7104,160,6944
01/05/2025,TM-071    ,6,3,64.8,0.8,64
01/05/2025,TM-072    ,338,169,5144.4,72.4,5072
01/05/2025,TM-073    ,642,321,9549.2,93.2,9456
01/05/2025,TM-074    ,539,269.5,8002,114,7888
01/05/2025,TM-075    ,577,288.5,8593.6,113.6,8480
01/05/2025,TM-076    ,237,118.5,3538.4,82.4,3456
01/06/2025,          ,25,12.5,455,57,398
01/06/2025,AM-01     ,598,299,18216,1206,17010
01/06/2025,AM-02     ,1485,742.5,7452,102,7350
01/06/2025,AM-03     ,450,225,4454,407,4047
01/06/2025,AM-04     ,772,386,7713,616,7097
01/06/2025,AM-05     ,474,237,9131,849,8282
01/06/2025,AM-06     ,505,252.5,13967,1052,12915
01/06/2025,AM-068    ,18,9,288,16,272
01/06/2025,AM-07     ,443,221.5,6925,618,6307
01/06/2025,AM-070    ,19,9.5,304,16,288
01/06/2025,AM-071    ,10,5,160,16,144
01/06/2025,AM-076    ,358,179,5728,112,5616
01/06/2025,AM-077    ,12,6,192,0,192
01/06/2025,AM-08     ,669,334.5,8731,573,8158
01/06/2025,AM-09     ,503,251.5,10702,1335,9367
01/06/2025,AM-10     ,643,321.5,20109,1550,18559
01/06/2025,AM-11     ,290,145,6115,171,5944
01/06/2025,AM-12     ,862,431,7350,693,6657
01/06/2025,AM-13     ,401,200.5,6869,540,6329
01/06/2025,AM-14     ,644,322,6173,547,5626
01/06/2025,AM-15     ,330,165,9699,806,8893
01/06/2025,AM-16     ,443,221.5,7005,797,6208
01/06/2025,AM-17     ,447,223.5,8611,1128,7483
01/06/2025,AM-18     ,499,249.5,12756,1129,11627
01/06/2025,AM-19     ,1425,712.5,7376,134,7242
01/06/2025,AM-20     ,1385,692.5,6792,399,6393
01/06/2025,AM-21     ,500,250,8351,809,7542
01/06/2025,AM-22     ,780,390,8333,759,7574
01/06/2025,AM-23     ,544,272,7838,851,6987
01/06/2025,AM-24     ,654,327,7799,710,7089
01/06/2025,AM-25     ,490,245,13912,1074,12838
01/06/2025,AM-26     ,586,293,8621,858,7763
01/06/2025,AM-27     ,572,286,8536,743,7793
01/06/2025,AM-28     ,502,251,9095,995,8100
01/06/2025,AM-29     ,559,279.5,8397,779,7618
01/06/2025,AM-30     ,622,311,9178,820,8358
01/06/2025,AM-31     ,514,257,7265,598,6667
01/06/2025,AM-32     ,426,213,6725,589,6136
01/06/2025,AM-33     ,518,259,7690,774,6916
01/06/2025,AM-34     ,534,267,15627,1310,14317
01/06/2025,AM-35     ,338,169,6689,127,6562
01/06/2025,AM-36     ,594,297,9259,906,8353
01/06/2025,AM-37     ,904,452,6163,585,5578
01/06/2025,AM-38     ,915,457.5,5754,645,5109
01/06/2025,AM-39     ,480,240,8689,622,8067
01/06/2025,AM-40     ,631,315.5,10470,769,9701
01/06/2025,AM-41     ,459,229.5,8729,906,7823
01/06/2025,AM-42     ,1358,679,5748,304,5444
01/06/2025,AM-43     ,472,236,9269,795,8474
01/06/2025,AM-44     ,856,428,4529,401,4128
01/06/2025,AM-45     ,585,292.5,17017,1270,15747
01/06/2025,AM-46     ,622,311,10360,1186,9174
01/06/2025,AM-47     ,1353,676.5,5917,291,5626
01/06/2025,AM-48     ,1548,774,6376,303,6073
01/06/2025,AM-49     ,1081,540.5,4133,0,4133
01/06/2025,AM-50     ,1215,607.5,4777,0,4777
01/06/2025,AM-51     ,861,430.5,4101,0,4101
01/06/2025,AM-52     ,786,393,3718,0,3718
01/06/2025,AM-53     ,1301,650.5,5029,0,5029
01/06/2025,AM-54     ,382,191,1910,0,1910
01/06/2025,AM-55     ,1334,667,5101,24,5077
01/06/2025,AM-56     ,357,178.5,9749,776,8973
01/06/2025,AM-57     ,402,201,8514,1007,7507
01/06/2025,AM-58     ,555,277.5,16815,1278,15537
01/06/2025,AM-59     ,460,230,9669,908,8761
01/06/2025,AM-60     ,499,249.5,13718,1149,12569
01/06/2025,AM-61     ,379,189.5,7713,152,7561
01/06/2025,AM-62     ,340,170,7682,463,7219
01/06/2025,AM-63     ,270,135,5259,98,5161
01/06/2025,AM-64     ,521,260.5,5920,502,5418
01/06/2025,AM-65     ,473,236.5,5246,480,4766
01/06/2025,AM-66     ,496,248,5546,571,4975
01/06/2025,AM-67     ,582,291,6306,483,5823
01/06/2025,AM-68     ,421,210.5,6730,122,6608
01/06/2025,AM-69     ,281,140.5,5877,432,5445
01/06/2025,AM-70     ,250,125,4000,32,3968
01/06/2025,AM-71     ,279,139.5,4464,48,4416
01/06/2025,AM-72     ,230,115,3680,48,3632
01/06/2025,AM-73     ,360,180,7883,880,7003
01/06/2025,AM-74     ,340,170,10880,768,10112
01/06/2025,AM-75     ,483,241.5,14475,1171,13304
01/06/2025,AM-77     ,298,149,4768,32,4736
01/06/2025,AM-86     ,1528,764,6112,188,5924
01/06/2025,AM-87     ,85,42.5,340,12,328
01/06/2025,TM-001    ,37,18.5,592,48,544
01/06/2025,TM-002    ,435,217.5,6960,112,6848
01/06/2025,TM-003    ,447,223.5,7152,80,7072
01/06/2025,TM-004    ,397,198.5,6352,16,6336
01/06/2025,TM-005    ,439,219.5,7024,112,6912
01/06/2025,TM-007    ,488,244,7808,112,7696
01/06/2025,TM-008    ,250,125,4000,48,3952
01/06/2025,TM-010    ,466,233,7456,80,7376
01/06/2025,TM-012    ,287,143.5,4592,48,4544
01/06/2025,TM-013    ,270,135,4320,48,4272
01/06/2025,TM-014    ,337,168.5,5392,64,5328
01/06/2025,TM-015    ,305,152.5,4880,80,4800
01/06/2025,TM-016    ,14,7,224,0,224
01/06/2025,TM-017    ,485,242.5,7760,112,7648
01/06/2025,TM-018    ,490,245,7840,64,7776
01/06/2025,TM-019    ,381,190.5,6096,112,5984
01/06/2025,TM-024    ,243,121.5,3888,32,3856
01/06/2025,TM-025    ,357,178.5,5712,80,5632
01/06/2025,TM-027    ,492,246,7866,74,7792
01/06/2025,TM-028    ,56,28,896,0,896
01/06/2025,TM-029    ,494,247,7904,128,7776
01/06/2025,TM-030    ,516,258,8256,80,8176
01/06/2025,TM-031    ,450,225,7200,48,7152
01/06/2025,TM-032    ,270,135,4320,96,4224
01/06/2025,TM-033    ,367,183.5,5872,80,5792
01/06/2025,TM-034    ,537,268.5,8592,48,8544
01/06/2025,TM-035    ,80,40,1280,16,1264
01/06/2025,TM-036    ,12,6,192,0,192
01/06/2025,TM-038    ,389,194.5,6224,48,6176
01/06/2025,TM-039    ,327,163.5,5232,96,5136
01/06/2025,TM-040    ,433,216.5,6928,80,6848
01/06/2025,TM-041    ,504,252,8064,80,7984
01/06/2025,TM-046    ,309,154.5,4944,48,4896
01/06/2025,TM-047    ,415,207.5,6628,164,6464
01/06/2025,TM-048    ,321,160.5,5136,48,5088
01/06/2025,TM-049    ,397,198.5,6352,128,6224
01/06/2025,TM-050    ,404,202,6458,170,6288
01/06/2025,TM-055    ,468,234,7488,80,7408
01/06/2025,TM-056    ,452,226,7226,74,7152
01/06/2025,TM-057    ,140,70,2240,32,2208
01/06/2025,TM-058    ,472,236,7552,96,7456
01/06/2025,TM-059    ,481,240.5,7696,48,7648
01/06/2025,TM-060    ,542,271,8666,106,8560
01/06/2025,TM-061    ,537,268.5,8592,96,8496
01/06/2025,TM-062    ,389,194.5,6224,144,6080
01/06/2025,TM-063    ,200,100,3200,64,3136
01/06/2025,TM-064    ,511,255.5,8170,202,7968
01/06/2025,TM-065    ,353,176.5,5642,106,5536
01/06/2025,TM-066    ,402,201,6432,128,6304
01/06/2025,TM-072    ,450,225,7194,58,7136
01/06/2025,TM-073    ,478,239,7642,122,7520
01/06/2025,TM-074    ,415,207.5,6640,32,6608
01/06/2025,TM-075    ,484,242,7738,154,7584
01/06/2025,TM-076    ,391,195.5,6256,80,6176
01/07/2025,          ,34,17,370.62,32.4,338.22
01/07/2025,AM-01     ,609,304.5,17680.8,1393.8,16287
01/07/2025,AM-02     ,1304,652,6617.76,130.35,6487.41
01/07/2025,AM-03     ,793,396.5,7147.9,630,6517.9
01/07/2025,AM-04     ,692,346,6775.6,653.5,6122.1
01/07/2025,AM-05     ,573,286.5,9241.84,701.11,8540.73
01/07/2025,AM-06     ,639,319.5,17368.5,1423.85,15944.65
01/07/2025,AM-068    ,48,24,752.8,48.8,704
01/07/2025,AM-07     ,493,246.5,6752.54,592.55,6159.99
01/07/2025,AM-070    ,38,19,592.8,48.8,544
01/07/2025,AM-071    ,41,20.5,609.2,1.2,608
01/07/2025,AM-072    ,23,11.5,352.8,16.8,336
01/07/2025,AM-076    ,427,213.5,6521.2,121.2,6400
01/07/2025,AM-077    ,23,11.5,352.4,0.4,352
01/07/2025,AM-08     ,464,232,6240.28,522.7,5717.58
01/07/2025,AM-09     ,566,283,9439.7,784.45,8655.25
01/07/2025,AM-10     ,610,305,14770.38,982.75,13787.63
01/07/2025,AM-11     ,186,93,4418.1,212.85,4205.25
01/07/2025,AM-12     ,763,381.5,6896.48,674.4,6222.08
01/07/2025,AM-13     ,492,246,8142.2,761.2,7381
01/07/2025,AM-14     ,771,385.5,7716.09,692.9,7023.19
01/07/2025,AM-15     ,423,211.5,12016.5,981.85,11034.65
01/07/2025,AM-16     ,473,236.5,8049.45,937.38,7112.07
01/07/2025,AM-17     ,521,260.5,10448.8,1252.85,9195.95
01/07/2025,AM-18     ,688,344,19939.09,1562.2,18376.89
01/07/2025,AM-19     ,1189,594.5,6705.6,167,6538.6
01/07/2025,AM-20     ,1242,621,5785.8,309,5476.8
01/07/2025,AM-21     ,498,249,8277.83,674.46,7603.37
01/07/2025,AM-22     ,696,348,7085,581.55,6503.45
01/07/2025,AM-23     ,535,267.5,7876.2,730,7146.2
01/07/2025,AM-24     ,740,370,7132.36,558.98,6573.38
01/07/2025,AM-25     ,544,272,11848.79,984.6,10864.19
01/07/2025,AM-26     ,557,278.5,8555.7,819.4,7736.3
01/07/2025,AM-27     ,517,258.5,7689.98,761.95,6928.03
01/07/2025,AM-28     ,529,264.5,8730.56,1086.93,7643.63
01/07/2025,AM-29     ,649,324.5,9796.72,827,8969.72
01/07/2025,AM-30     ,620,310,8935.76,739.9,8195.86
01/07/2025,AM-31     ,591,295.5,9029.49,808.75,8220.74
01/07/2025,AM-32     ,562,281,8329.3,765.2,7564.1
01/07/2025,AM-33     ,521,260.5,7752.55,707,7045.55
01/07/2025,AM-34     ,560,280,17130.4,1211.4,15919
01/07/2025,AM-35     ,384,192,7595,112,7483
01/07/2025,AM-36     ,529,264.5,10019.34,902.93,9116.41
01/07/2025,AM-37     ,788,394,4561.76,478.26,4083.5
01/07/2025,AM-38     ,895,447.5,5609.51,495.81,5113.7
01/07/2025,AM-39     ,458,229,8828.85,1004.8,7824.05
01/07/2025,AM-40     ,637,318.5,7287.09,541.21,6745.88
01/07/2025,AM-41     ,641,320.5,10065.13,921.75,9143.38
01/07/2025,AM-42     ,1451,725.5,6480.76,325.03,6155.73
01/07/2025,AM-43     ,557,278.5,9017.05,917.02,8100.03
01/07/2025,AM-44     ,979,489.5,5625.86,588.96,5036.9
01/07/2025,AM-45     ,666,333,15630.05,1139.41,14490.64
01/07/2025,AM-46     ,504,252,9845.55,1018.7,8826.85
01/07/2025,AM-47     ,1482,741,6166.82,324.2,5842.62
01/07/2025,AM-48     ,1345,672.5,5504.6,271.3,5233.3
01/07/2025,AM-49     ,1292,646,5008.8,11.2,4997.6
01/07/2025,AM-50     ,1319,659.5,4922.8,13.2,4909.6
01/07/2025,AM-51     ,1445,722.5,5359,7.2,5351.8
01/07/2025,AM-52     ,1093,546.5,4291.1,6.8,4284.3
01/07/2025,AM-53     ,835,417.5,4034.3,8.4,4025.9
01/07/2025,AM-54     ,104,52,508.55,0.8,507.75
01/07/2025,AM-55     ,977,488.5,4170.3,6.4,4163.9
01/07/2025,AM-56     ,423,211.5,12470.2,1141.2,11329
01/07/2025,AM-57     ,588,294,10372.5,902.1,9470.4
01/07/2025,AM-58     ,558,279,16368.7,1185.9,15182.8
01/07/2025,AM-59     ,480,240,9953.3,1125.45,8827.85
01/07/2025,AM-60     ,328,164,8922.5,722.55,8199.95
01/07/2025,AM-61     ,392,196,7780,112,7668
01/07/2025,AM-62     ,460,230,13408.5,1046.4,12362.1
01/07/2025,AM-63     ,331,165.5,6725,122,6603
01/07/2025,AM-64     ,563,281.5,6771.56,631.03,6140.53
01/07/2025,AM-65     ,469,234.5,5890.68,527.86,5362.82
01/07/2025,AM-66     ,562,281,6131.94,469.16,5662.78
01/07/2025,AM-67     ,482,241,5602.76,457.24,5145.52
01/07/2025,AM-68     ,301,150.5,4566.4,38.4,4528
01/07/2025,AM-69     ,343,171.5,6735.6,673.95,6061.65
01/07/2025,AM-70     ,242,121,3694.8,46.8,3648
01/07/2025,AM-71     ,302,151,4676,36,4640
01/07/2025,AM-72     ,111,55.5,1682.4,2.4,1680
01/07/2025,AM-73     ,304,152,6347.15,725.9,5621.25
01/07/2025,AM-74     ,437,218.5,13889.2,993.2,12896
01/07/2025,AM-75     ,576,288,18144.8,1456.8,16688
01/07/2025,AM-76     ,1,0.5,16,0,16
01/07/2025,AM-77     ,312,156,4830,94,4736
01/07/2025,AM-86     ,1659,829.5,6458.79,204,6254.79
01/07/2025,TM-002    ,449,224.5,6903.6,55.6,6848
01/07/2025,TM-003    ,398,199,6118.8,86.8,6032
01/07/2025,TM-004    ,505,252.5,7815.2,71.2,7744
01/07/2025,TM-005    ,335,167.5,5173.2,37.2,5136
01/07/2025,TM-007    ,451,225.5,7101.6,157.6,6944
01/07/2025,TM-008    ,426,213,6583.2,71.2,6512
01/07/2025,TM-010    ,461,230.5,7081.2,137.2,6944
01/07/2025,TM-012    ,476,238,7304.4,56.4,7248
01/07/2025,TM-013    ,545,272.5,8392.8,120.8,8272
01/07/2025,TM-014    ,457,228.5,7047.6,103.6,6944
01/07/2025,TM-015    ,515,257.5,7944.4,88.4,7856
01/07/2025,TM-016    ,420,210,6470.8,70.8,6400
01/07/2025,TM-017    ,466,233,7159.6,103.6,7056
01/07/2025,TM-018    ,326,163,5106.8,114.8,4992
01/07/2025,TM-019    ,483,241.5,7556.4,84.4,7472
01/07/2025,TM-024    ,494,247,7671.2,103.2,7568
01/07/2025,TM-025    ,449,224.5,6903.6,103.6,6800
01/07/2025,TM-027    ,419,209.5,6455.2,103.2,6352
01/07/2025,TM-028    ,184,92,2944,64,2880
01/07/2025,TM-029    ,424,212,6629.2,133.2,6496
01/07/2025,TM-030    ,464,232,7190.8,70.8,7120
01/07/2025,TM-031    ,409,204.5,6342,102,6240
01/07/2025,TM-032    ,320,160,5026.4,50.4,4976
01/07/2025,TM-033    ,153,76.5,2364.4,60.4,2304
01/07/2025,TM-034    ,437,218.5,6744.4,200.4,6544
01/07/2025,TM-035    ,479,239.5,7336.8,120.8,7216
01/07/2025,TM-038    ,498,249,7719.6,119.6,7600
01/07/2025,TM-039    ,140,70,2240,48,2192
01/07/2025,TM-040    ,459,229.5,7110.8,118.8,6992
01/07/2025,TM-041    ,506,253,7784.8,88.8,7696
01/07/2025,TM-046    ,425,212.5,6519.6,55.6,6464
01/07/2025,TM-047    ,279,139.5,4200.4,88.4,4112
01/07/2025,TM-048    ,379,189.5,5908.4,116.4,5792
01/07/2025,TM-049    ,281,140.5,4308.8,20.8,4288
01/07/2025,TM-050    ,357,178.5,5520.4,96.4,5424
01/07/2025,TM-055    ,404,202,6271.2,95.2,6176
01/07/2025,TM-056    ,509,254.5,7968,112,7856
01/07/2025,TM-057    ,469,234.5,7334,118,7216
01/07/2025,TM-058    ,478,239,7382.8,54.8,7328
01/07/2025,TM-059    ,408,204,6294.8,86.8,6208
01/07/2025,TM-060    ,473,236.5,7366.4,150.4,7216
01/07/2025,TM-061    ,442,221,6816.8,80.8,6736
01/07/2025,TM-062    ,512,256,7938,162,7776
01/07/2025,TM-063    ,509,254.5,7874,98,7776
01/07/2025,TM-064    ,423,211.5,6518.8,102.8,6416
01/07/2025,TM-065    ,511,255.5,7937.2,129.2,7808
01/07/2025,TM-066    ,476,238,7257.2,89.2,7168
01/07/2025,TM-072    ,408,204,6210.8,66.8,6144
01/07/2025,TM-073    ,413,206.5,6376.8,200.8,6176
01/07/2025,TM-074    ,524,262,8073.6,121.6,7952
01/07/2025,TM-075    ,493,246.5,7639.2,87.2,7552
01/07/2025,TM-076    ,486,243,7511.2,87.2,7424
01/08/2025,          ,43,21.5,1292,98,1194
01/08/2025,AM-01     ,716,358,20624.8,1510.8,19114
01/08/2025,AM-02     ,1111,555.5,6497.86,228.5,6269.36
01/08/2025,AM-03     ,713,356.5,7631.6,700.6,6931
01/08/2025,AM-04     ,759,379.5,6928.8,598.8,6330
01/08/2025,AM-05     ,447,223.5,8174.69,968.6,7206.09
01/08/2025,AM-06     ,653,326.5,19586,1436,18150
01/08/2025,AM-068    ,15,7.5,240,0,240
01/08/2025,AM-07     ,432,216,7562.36,694.8,6867.56
01/08/2025,AM-070    ,22,11,352,16,336
01/08/2025,AM-071    ,5,2.5,80,0,80
01/08/2025,AM-072    ,18,9,288,16,272
01/08/2025,AM-076    ,415,207.5,6597.6,69.6,6528
01/08/2025,AM-077    ,44,22,704.4,32.4,672
01/08/2025,AM-08     ,591,295.5,8237.98,698.06,7539.92
01/08/2025,AM-09     ,613,306.5,10741.75,1085.1,9656.65
01/08/2025,AM-10     ,595,297.5,15831.4,1320.4,14511
01/08/2025,AM-11     ,286,143,5881,93,5788
01/08/2025,AM-12     ,697,348.5,5259.47,539.75,4719.72
01/08/2025,AM-13     ,535,267.5,8922.05,935.35,7986.7
01/08/2025,AM-14     ,728,364,7422.25,624.4,6797.85
01/08/2025,AM-15     ,419,209.5,12206,1027,11179
01/08/2025,AM-16     ,403,201.5,8216.62,649.8,7566.82
01/08/2025,AM-17     ,531,265.5,9786.5,856.15,8930.35
01/08/2025,AM-18     ,619,309.5,15012.4,1050.4,13962
01/08/2025,AM-19     ,1270,635,6894.9,154.75,6740.15
01/08/2025,AM-20     ,1628,814,7228.2,356.8,6871.4
01/08/2025,AM-21     ,522,261,9069.7,829.05,8240.65
01/08/2025,AM-22     ,802,401,8474.85,783.2,7691.65
01/08/2025,AM-23     ,558,279,7775.33,692.4,7082.93
01/08/2025,AM-24     ,623,311.5,7278.2,638.4,6639.8
01/08/2025,AM-25     ,666,333,9976.35,921.1,9055.25
01/08/2025,AM-26     ,438,219,6271.73,562.8,5708.93
01/08/2025,AM-27     ,586,293,8914.13,845.4,8068.73
01/08/2025,AM-28     ,518,259,9012.2,987.91,8024.29
01/08/2025,AM-29     ,534,267,8218.29,946.25,7272.04
01/08/2025,AM-30     ,625,312.5,8896.4,781.2,8115.2
01/08/2025,AM-31     ,478,239,6967,660,6307
01/08/2025,AM-32     ,497,248.5,6900.31,519.4,6380.91
01/08/2025,AM-33     ,503,251.5,7822.87,744.4,7078.47
01/08/2025,AM-34     ,532,266,15687,915,14772
01/08/2025,AM-35     ,428,214,7635,140,7495
01/08/2025,AM-36     ,500,250,9902.99,1030.3,8872.69
01/08/2025,AM-37     ,989,494.5,5098.64,495.2,4603.44
01/08/2025,AM-38     ,851,425.5,5516.2,518.2,4998
01/08/2025,AM-39     ,562,281,10783.65,1280.9,9502.75
01/08/2025,AM-40     ,655,327.5,9464.56,956.55,8508.01
01/08/2025,AM-41     ,554,277,9350.96,804.8,8546.16
01/08/2025,AM-42     ,1582,791,6871.72,371.19,6500.53
01/08/2025,AM-43     ,441,220.5,7847.73,708.65,7139.08
01/08/2025,AM-44     ,888,444,6673.96,652.8,6021.16
01/08/2025,AM-45     ,417,208.5,9472.4,755.55,8716.85
01/08/2025,AM-46     ,493,246.5,8677.15,1116.95,7560.2
01/08/2025,AM-47     ,1542,771,6215.42,305.19,5910.23
01/08/2025,AM-48     ,1401,700.5,5987.6,318.7,5668.9
01/08/2025,AM-49     ,775,387.5,3806.3,4.8,3801.5
01/08/2025,AM-50     ,1276,638,4993.35,2.4,4990.95
01/08/2025,AM-51     ,1238,619,4714,0,4714
01/08/2025,AM-52     ,1277,638.5,5042.8,2.4,5040.4
01/08/2025,AM-53     ,1264,632,4869.8,2.4,4867.4
01/08/2025,AM-54     ,142,71,598,0,598
01/08/2025,AM-55     ,943,471.5,4075.1,2.4,4072.7
01/08/2025,AM-56     ,438,219,13760.4,930.4,12830
01/08/2025,AM-57     ,422,211,7383.6,694.5,6689.1
01/08/2025,AM-58     ,592,296,16896.65,1393.7,15502.95
01/08/2025,AM-59     ,521,260.5,9678.2,1167.2,8511
01/08/2025,AM-60     ,629,314.5,16959.6,1324.6,15635
01/08/2025,AM-61     ,283,141.5,5616,102,5514
01/08/2025,AM-62     ,559,279.5,15609.95,1175.4,14434.55
01/08/2025,AM-63     ,322,161,6313,251,6062
01/08/2025,AM-64     ,507,253.5,5998.16,462.16,5536
01/08/2025,AM-65     ,448,224,5978.96,538.44,5440.52
01/08/2025,AM-66     ,465,232.5,5363.88,526.8,4837.08
01/08/2025,AM-67     ,549,274.5,6452.68,554.72,5897.96
01/08/2025,AM-68     ,353,176.5,5601.2,65.2,5536
01/08/2025,AM-69     ,302,151,9020.25,724.35,8295.9
01/08/2025,AM-70     ,293,146.5,4667.2,75.2,4592
01/08/2025,AM-71     ,282,141,4465.2,33.2,4432
01/08/2025,AM-72     ,262,131,4145.2,81.2,4064
01/08/2025,AM-73     ,278,139,5475.05,431.2,5043.85
01/08/2025,AM-74     ,300,150,7634.4,451.4,7183
01/08/2025,AM-75     ,636,318,20263,1542,18721
01/08/2025,AM-77     ,296,148,4673.6,49.6,4624
01/08/2025,AM-86     ,1593,796.5,6330.42,196,6134.42
01/08/2025,AM-87     ,29,14.5,115,3,112
01/08/2025,TM-002    ,248,124,3968,16,3952
01/08/2025,TM-003    ,446,223,7058,98,6960
01/08/2025,TM-004    ,406,203,6480.4,112.4,6368
01/08/2025,TM-005    ,427,213.5,6832,16,6816
01/08/2025,TM-007    ,466,233,7424.8,48.8,7376
01/08/2025,TM-008    ,390,195,6208.8,80.8,6128
01/08/2025,TM-010    ,563,281.5,8930,98,8832
01/08/2025,TM-012    ,395,197.5,6251.6,59.6,6192
01/08/2025,TM-013    ,486,243,7682.4,34.4,7648
01/08/2025,TM-014    ,423,211.5,6674.8,50.8,6624
01/08/2025,TM-015    ,296,148,4658,18,4640
01/08/2025,TM-016    ,406,203,6386.8,34.8,6352
01/08/2025,TM-017    ,381,190.5,6018,18,6000
01/08/2025,TM-018    ,4,2,64,0,64
01/08/2025,TM-019    ,460,230,7266.4,82.4,7184
01/08/2025,TM-024    ,457,228.5,7249.6,113.6,7136
01/08/2025,TM-025    ,417,208.5,6640.8,96.8,6544
01/08/2025,TM-026    ,108,54,1681.6,17.6,1664
01/08/2025,TM-027    ,389,194.5,6177.2,33.2,6144
01/08/2025,TM-028    ,354,177,5664,16,5648
01/08/2025,TM-029    ,527,263.5,8307.2,51.2,8256
01/08/2025,TM-030    ,292,146,4578.4,18.4,4560
01/08/2025,TM-031    ,518,259,8178.8,50.8,8128
01/08/2025,TM-033    ,401,200.5,6338.4,82.4,6256
01/08/2025,TM-034    ,472,236,7520.8,64.8,7456
01/08/2025,TM-035    ,441,220.5,6962.4,82.4,6880
01/08/2025,TM-038    ,488,244,7755.6,107.6,7648
01/08/2025,TM-039    ,156,78,2496,0,2496
01/08/2025,TM-040    ,473,236.5,7490,82,7408
01/08/2025,TM-041    ,483,241.5,7650,50,7600
01/08/2025,TM-042    ,78,39,1248,16,1232
01/08/2025,TM-046    ,341,170.5,5425.2,97.2,5328
01/08/2025,TM-047    ,265,132.5,4209.6,65.6,4144
01/08/2025,TM-048    ,304,152,4817.2,49.2,4768
01/08/2025,TM-049    ,306,153,4849.2,65.2,4784
01/08/2025,TM-050    ,358,179,5728,80,5648
01/08/2025,TM-055    ,435,217.5,6876.4,12.4,6864
01/08/2025,TM-056    ,467,233.5,7404.4,92.4,7312
01/08/2025,TM-057    ,326,163,5216,48,5168
01/08/2025,TM-058    ,448,224,7109.2,37.2,7072
01/08/2025,TM-059    ,373,186.5,5940.4,68.4,5872
01/08/2025,TM-060    ,353,176.5,5616.8,96.8,5520
01/08/2025,TM-061    ,503,251.5,7954.4,82.4,7872
01/08/2025,TM-062    ,506,253,7986.8,98.8,7888
01/08/2025,TM-063    ,478,239,7579.6,75.6,7504
01/08/2025,TM-064    ,525,262.5,8347.2,123.2,8224
01/08/2025,TM-065    ,529,264.5,8402,98,8304
01/08/2025,TM-066    ,479,239.5,7586.4,98.4,7488
01/08/2025,TM-072    ,254,127,4058,74,3984
01/08/2025,TM-073    ,444,222,7041.6,49.6,6992
01/08/2025,TM-074    ,448,224,7068.4,108.4,6960
01/08/2025,TM-075    ,456,228,7265.2,65.2,7200
01/08/2025,TM-076    ,345,172.5,5488.8,32.8,5456
01/09/2025,          ,18,9,80.12,7.7,72.42
01/09/2025,AM-01     ,707,353.5,20470.06,1440.15,19029.91
01/09/2025,AM-02     ,1432,716,7032.61,171.8,6860.81
01/09/2025,AM-03     ,737,368.5,6791.23,529.7,6261.53
01/09/2025,AM-04     ,727,363.5,6883.57,591.35,6292.22
01/09/2025,AM-05     ,509,254.5,9570.9,1129.16,8441.74
01/09/2025,AM-06     ,647,323.5,20153.18,1524.26,18628.92
01/09/2025,AM-068    ,79,39.5,1203.2,67.2,1136
01/09/2025,AM-07     ,225,112.5,3881.04,389.75,3491.29
01/09/2025,AM-070    ,16,8,194,18,176
01/09/2025,AM-071    ,20,10,273.2,1.2,272
01/09/2025,AM-072    ,74,37,1013.2,37.2,976
01/09/2025,AM-076    ,328,164,4574,126,4448
01/09/2025,AM-077    ,56,28,849.6,17.6,832
01/09/2025,AM-08     ,603,301.5,8899.08,821.61,8077.47
01/09/2025,AM-09     ,520,260,9987.45,975.5,9011.95
01/09/2025,AM-10     ,617,308.5,17018.94,1147,15871.94
01/09/2025,AM-11     ,303,151.5,6673.44,223.6,6449.84
01/09/2025,AM-12     ,865,432.5,5300.84,484.65,4816.19
01/09/2025,AM-13     ,575,287.5,9998.75,891.1,9107.65
01/09/2025,AM-14     ,718,359,7973.69,640.1,7333.59
01/09/2025,AM-15     ,540,270,16098.8,1128.8,14970
01/09/2025,AM-16     ,599,299.5,9345.88,757.08,8588.8
01/09/2025,AM-17     ,522,261,9817.67,993.41,8824.26
01/09/2025,AM-18     ,705,352.5,7562.14,624.1,6938.04
01/09/2025,AM-19     ,1265,632.5,6361.39,190.9,6170.49
01/09/2025,AM-20     ,1315,657.5,5766.96,362.69,5404.27
01/09/2025,AM-21     ,560,280,10705.92,1097.45,9608.47
01/09/2025,AM-22     ,676,338,6749.15,596.2,6152.95
01/09/2025,AM-23     ,584,292,8965.62,761.71,8203.91
01/09/2025,AM-24     ,603,301.5,16859.12,1423.25,15435.87
01/09/2025,AM-25     ,579,289.5,11342.1,996.33,10345.77
01/09/2025,AM-26     ,521,260.5,7468.57,626.75,6841.82
01/09/2025,AM-27     ,583,291.5,9121.78,770.15,8351.63
01/09/2025,AM-28     ,536,268,9265.74,884.26,8381.48
01/09/2025,AM-29     ,573,286.5,8596.14,731.9,7864.24
01/09/2025,AM-30     ,583,291.5,8379.45,839.06,7540.39
01/09/2025,AM-31     ,577,288.5,8964.52,756.35,8208.17
01/09/2025,AM-32     ,561,280.5,8405.8,820.95,7584.85
01/09/2025,AM-33     ,402,201,6105.18,576.4,5528.78
01/09/2025,AM-34     ,516,258,10866.05,932.75,9933.3
01/09/2025,AM-35     ,335,167.5,6729,122,6607
01/09/2025,AM-36     ,803,401.5,10532.58,912.03,9620.55
01/09/2025,AM-37     ,1000,500,4944.78,479.45,4465.33
01/09/2025,AM-38     ,925,462.5,4332.23,414.35,3917.88
01/09/2025,AM-39     ,502,251,9912.15,1080.45,8831.7
01/09/2025,AM-40     ,681,340.5,9558.84,794.54,8764.3
01/09/2025,AM-41     ,675,337.5,8469.09,562.79,7906.3
01/09/2025,AM-42     ,1579,789.5,6184.26,299.98,5884.28
01/09/2025,AM-43     ,611,305.5,9504.07,953.26,8550.81
01/09/2025,AM-44     ,782,391,8336.96,773.79,7563.17
01/09/2025,AM-45     ,632,316,15457.04,1038.39,14418.65
01/09/2025,AM-46     ,572,286,10558.46,1137.8,9420.66
01/09/2025,AM-47     ,1200,600,5152.76,254.82,4897.94
01/09/2025,AM-48     ,1489,744.5,6074,305.71,5768.29
01/09/2025,AM-49     ,1242,621,4543.6,24.8,4518.8
01/09/2025,AM-50     ,629,314.5,2823.7,20.4,2803.3
01/09/2025,AM-51     ,829,414.5,3500.95,18.4,3482.55
01/09/2025,AM-52     ,887,443.5,3520.4,18.8,3501.6
01/09/2025,AM-53     ,1245,622.5,4614,58.9,4555.1
01/09/2025,AM-54     ,136,68,724.1,41.5,682.6
01/09/2025,AM-55     ,1317,658.5,4836.4,26,4810.4
01/09/2025,AM-56     ,309,154.5,9280.35,710.1,8570.25
01/09/2025,AM-57     ,504,252,9818.4,826.75,8991.65
01/09/2025,AM-58     ,453,226.5,9140.72,1024.61,8116.11
01/09/2025,AM-59     ,570,285,10736.44,909.15,9827.29
01/09/2025,AM-60     ,609,304.5,17596.48,1396.4,16200.08
01/09/2025,AM-61     ,302,151,6390.18,259.21,6130.97
01/09/2025,AM-62     ,537,268.5,15333.6,1067.6,14266
01/09/2025,AM-63     ,270,135,5582.2,99.2,5483
01/09/2025,AM-64     ,571,285.5,6587.7,675.98,5911.72
01/09/2025,AM-65     ,531,265.5,6397.94,538.25,5859.69
01/09/2025,AM-66     ,559,279.5,6965.68,520.46,6445.22
01/09/2025,AM-67     ,567,283.5,6594.28,526.24,6068.04
01/09/2025,AM-68     ,247,123.5,3547.2,43.2,3504
01/09/2025,AM-69     ,405,202.5,11265,1006.05,10258.95
01/09/2025,AM-70     ,162,81,2296,24,2272
01/09/2025,AM-71     ,107,53.5,1525.2,21.2,1504
01/09/2025,AM-72     ,268,134,3851.6,27.6,3824
01/09/2025,AM-73     ,202,101,4426.55,608.7,3817.85
01/09/2025,AM-74     ,417,208.5,12767.3,1029.65,11737.65
01/09/2025,AM-75     ,546,273,15542.54,1084.6,14457.94
01/09/2025,AM-76     ,3,1.5,48,0,48
01/09/2025,AM-77     ,181,90.5,2568.8,24.8,2544
01/09/2025,AM-86     ,1433,716.5,5273.96,180,5093.96
01/09/2025,TM-002    ,588,294,8583.2,103.2,8480
01/09/2025,TM-003    ,408,204,5945.6,89.6,5856
01/09/2025,TM-004    ,469,234.5,6818.8,114.8,6704
01/09/2025,TM-005    ,470,235,6819.2,67.2,6752
01/09/2025,TM-007    ,557,278.5,7977.2,89.2,7888
01/09/2025,TM-008    ,464,232,6748.4,76.4,6672
01/09/2025,TM-010    ,526,263,7620.8,52.8,7568
01/09/2025,TM-012    ,541,270.5,7893.2,101.2,7792
01/09/2025,TM-013    ,570,285,8122,58,8064
01/09/2025,TM-014    ,234,117,3323.2,27.2,3296
01/09/2025,TM-015    ,499,249.5,7246.4,78.4,7168
01/09/2025,TM-016    ,324,162,4778.8,26.8,4752
01/09/2025,TM-017    ,463,231.5,6722.4,50.4,6672
01/09/2025,TM-018    ,443,221.5,6370.8,34.8,6336
01/09/2025,TM-019    ,494,247,7204.8,132.8,7072
01/09/2025,TM-024    ,420,210,6050,50,6000
01/09/2025,TM-025    ,484,242,6948.8,52.8,6896
01/09/2025,TM-026    ,130,65,1934.4,46.4,1888
01/09/2025,TM-027    ,573,286.5,8406,134,8272
01/09/2025,TM-029    ,469,234.5,6750.8,78.8,6672
01/09/2025,TM-030    ,186,93,2726.8,22.8,2704
01/09/2025,TM-031    ,399,199.5,5776.4,80.4,5696
01/09/2025,TM-032    ,475,237.5,6899.2,83.2,6816
01/09/2025,TM-033    ,336,168,4893.6,61.6,4832
01/09/2025,TM-034    ,482,241,7010.8,82.8,6928
01/09/2025,TM-035    ,379,189.5,5457.2,81.2,5376
01/09/2025,TM-038    ,456,228,6626.8,82.8,6544
01/09/2025,TM-039    ,379,189.5,5566,62,5504
01/09/2025,TM-040    ,92,46,1332,20,1312
01/09/2025,TM-041    ,529,264.5,7670.4,134.4,7536
01/09/2025,TM-046    ,339,169.5,4925.6,45.6,4880
01/09/2025,TM-047    ,297,148.5,4224.4,128.4,4096
01/09/2025,TM-048    ,253,126.5,3502.8,46.8,3456
01/09/2025,TM-049    ,279,139.5,3935.2,79.2,3856
01/09/2025,TM-050    ,387,193.5,5648.4,112.4,5536
01/09/2025,TM-055    ,383,191.5,5545.6,41.6,5504
01/09/2025,TM-056    ,495,247.5,7324.8,156.8,7168
01/09/2025,TM-057    ,485,242.5,7090,50,7040
01/09/2025,TM-058    ,396,198,5838.8,94.8,5744
01/09/2025,TM-059    ,481,240.5,7020.8,76.8,6944
01/09/2025,TM-060    ,577,288.5,8453.2,69.2,8384
01/09/2025,TM-061    ,590,295,8630.4,86.4,8544
01/09/2025,TM-062    ,522,261,7734.4,118.4,7616
01/09/2025,TM-063    ,514,257,7508.4,100.4,7408
01/09/2025,TM-064    ,429,214.5,6318.4,30.4,6288
01/09/2025,TM-065    ,604,302,8849.6,129.6,8720
01/09/2025,TM-066    ,447,223.5,6418.8,18.8,6400
01/09/2025,TM-072    ,458,229,6800.8,144.8,6656
01/09/2025,TM-073    ,586,293,8566.8,102.8,8464
01/09/2025,TM-074    ,513,256.5,7574.4,102.4,7472
01/09/2025,TM-075    ,531,265.5,7904.8,80.8,7824
01/09/2025,TM-076    ,563,281.5,8365.6,141.6,8224
01/10/2025,          ,2,1,46.4,23.4,23
01/10/2025,AM-01     ,674,337,19065.71,1713.23,17352.48
01/10/2025,AM-02     ,1318,659,6641.63,177.5,6464.13
01/10/2025,AM-020    ,6,3,113.1,0,113.1
01/10/2025,AM-03     ,659,329.5,6220.25,438.41,5781.84
01/10/2025,AM-04     ,782,391,7256.85,542.2,6714.65
01/10/2025,AM-05     ,551,275.5,9994.23,1202.47,8791.76
01/10/2025,AM-06     ,591,295.5,18430.4,1358.16,17072.24
01/10/2025,AM-068    ,27,13.5,354.8,34.8,320
01/10/2025,AM-07     ,650,325,8130.37,890.2,7240.17
01/10/2025,AM-071    ,32,16,496.8,16.8,480
01/10/2025,AM-072    ,1,0.5,16,0,16
01/10/2025,AM-076    ,401,200.5,5809.6,97.6,5712
01/10/2025,AM-077    ,20,10,242.4,18.4,224
01/10/2025,AM-08     ,803,401.5,9224.28,738.17,8486.11
01/10/2025,AM-09     ,556,278,9431.15,765.7,8665.45
01/10/2025,AM-10     ,683,341.5,20042.4,1553.2,18489.2
01/10/2025,AM-11     ,349,174.5,6826.1,98,6728.1
01/10/2025,AM-12     ,954,477,5235.44,456.55,4778.89
01/10/2025,AM-13     ,546,273,9546.71,1144.1,8402.61
01/10/2025,AM-14     ,735,367.5,6911.9,607.05,6304.85
01/10/2025,AM-15     ,577,288.5,17039,1236.35,15802.65
01/10/2025,AM-16     ,531,265.5,8603.09,743.3,7859.79
01/10/2025,AM-17     ,523,261.5,9885.7,1028.5,8857.2
01/10/2025,AM-18     ,696,348,7269.5,563.2,6706.3
01/10/2025,AM-19     ,1398,699,6627,132.16,6494.84
01/10/2025,AM-20     ,479,239.5,8232.02,834.1,7397.92
01/10/2025,AM-21     ,500,250,9180.57,1302.96,7877.61
01/10/2025,AM-22     ,673,336.5,6753.23,514.25,6238.98
01/10/2025,AM-23     ,665,332.5,9071.67,809.5,8262.17
01/10/2025,AM-24     ,729,364.5,19609.72,1450.45,18159.27
01/10/2025,AM-25     ,589,294.5,7473.06,636.92,6836.14
01/10/2025,AM-26     ,647,323.5,9115.85,887.2,8228.65
01/10/2025,AM-27     ,640,320,8994.31,701.1,8293.21
01/10/2025,AM-28     ,599,299.5,10705.12,928.7,9776.42
01/10/2025,AM-29     ,560,280,7899.72,624.7,7275.02
01/10/2025,AM-30     ,591,295.5,9194.76,814.9,8379.86
01/10/2025,AM-31     ,669,334.5,9506.57,871.8,8634.77
01/10/2025,AM-32     ,624,312,8926.17,925.4,8000.77
01/10/2025,AM-33     ,586,293,8628.35,763.15,7865.2
01/10/2025,AM-34     ,725,362.5,21267.9,1596.5,19671.4
01/10/2025,AM-35     ,388,194,7263.64,222.25,7041.39
01/10/2025,AM-36     ,615,307.5,7621.99,538.15,7083.84
01/10/2025,AM-37     ,767,383.5,3920.91,305.8,3615.11
01/10/2025,AM-38     ,878,439,5405.99,398.9,5007.09
01/10/2025,AM-39     ,571,285.5,11218.3,1000.6,10217.7
01/10/2025,AM-40     ,772,386,7852.38,821.05,7031.33
01/10/2025,AM-41     ,1561,780.5,6260.45,306.33,5954.12
01/10/2025,AM-42     ,1656,828,6621.1,315.35,6305.75
01/10/2025,AM-43     ,481,240.5,9240.4,759.75,8480.65
01/10/2025,AM-44     ,908,454,4777.91,398.33,4379.58
01/10/2025,AM-45     ,592,296,17071.14,1467.9,15603.24
01/10/2025,AM-46     ,578,289,10800.85,909.15,9891.7
01/10/2025,AM-47     ,1377,688.5,6280.74,261.53,6019.21
01/10/2025,AM-48     ,1343,671.5,5335.82,259.19,5076.63
01/10/2025,AM-49     ,1258,629,4844.15,26.1,4818.05
01/10/2025,AM-50     ,1359,679.5,5035.65,26.4,5009.25
01/10/2025,AM-51     ,1269,634.5,4832.6,25.3,4807.3
01/10/2025,AM-52     ,796,398,3598.05,23.6,3574.45
01/10/2025,AM-53     ,1128,564,4599.18,52.75,4546.43
01/10/2025,AM-54     ,244,122,986.97,12.9,974.07
01/10/2025,AM-55     ,1230,615,4683.5,25.6,4657.9
01/10/2025,AM-56     ,422,211,12496.2,900.9,11595.3
01/10/2025,AM-57     ,524,262,8897.34,1145.4,7751.94
01/10/2025,AM-58     ,624,312,11523.02,1205.2,10317.82
01/10/2025,AM-59     ,519,259.5,8285.34,684,7601.34
01/10/2025,AM-60     ,605,302.5,18300.51,1431.45,16869.06
01/10/2025,AM-61     ,393,196.5,7851.3,161.8,7689.5
01/10/2025,AM-62     ,487,243.5,11626.65,819.5,10807.15
01/10/2025,AM-63     ,308,154,5997.2,84.9,5912.3
01/10/2025,AM-64     ,564,282,6299.76,487.81,5811.95
01/10/2025,AM-65     ,538,269,5994.64,507.76,5486.88
01/10/2025,AM-66     ,579,289.5,6832.52,633.16,6199.36
01/10/2025,AM-67     ,582,291,7040,633.28,6406.72
01/10/2025,AM-68     ,274,137,3979.2,43.2,3936
01/10/2025,AM-69     ,589,294.5,17827.7,1023.9,16803.8
01/10/2025,AM-70     ,386,193,5554.8,130.8,5424
01/10/2025,AM-71     ,455,227.5,6600.8,152.8,6448
01/10/2025,AM-72     ,221,110.5,3069.6,77.6,2992
01/10/2025,AM-73     ,497,248.5,13545.3,1138.25,12407.05
01/10/2025,AM-74     ,552,276,16804.2,1196.65,15607.55
01/10/2025,AM-75     ,576,288,17739.6,1377.6,16362
01/10/2025,AM-76     ,1,0.5,16,0,16
01/10/2025,AM-77     ,206,103,2954,58,2896
01/10/2025,AM-86     ,1385,692.5,5097.14,172,4925.14
01/10/2025,TM-002    ,356,178,5145.2,57.2,5088
01/10/2025,TM-003    ,448,224,6513.6,49.6,6464
01/10/2025,TM-004    ,223,111.5,3240.8,24.8,3216
01/10/2025,TM-005    ,527,263.5,7560,104,7456
01/10/2025,TM-007    ,554,277,8133.2,133.2,8000
01/10/2025,TM-008    ,547,273.5,7958,86,7872
01/10/2025,TM-010    ,535,267.5,7764.8,36.8,7728
01/10/2025,TM-012    ,585,292.5,8517.6,53.6,8464
01/10/2025,TM-013    ,255,127.5,3738.8,90.8,3648
01/10/2025,TM-014    ,373,186.5,5424,112,5312
01/10/2025,TM-015    ,399,199.5,5728.8,32.8,5696
01/10/2025,TM-016    ,473,236.5,6850.8,50.8,6800
01/10/2025,TM-017    ,377,188.5,5549.6,61.6,5488
01/10/2025,TM-018    ,439,219.5,6463.6,79.6,6384
01/10/2025,TM-019    ,576,288,8342.4,38.4,8304
01/10/2025,TM-024    ,439,219.5,6386,82,6304
01/10/2025,TM-025    ,488,244,6982,70,6912
01/10/2025,TM-026    ,435,217.5,6211.6,35.6,6176
01/10/2025,TM-027    ,490,245,7122.8,66.8,7056
01/10/2025,TM-028    ,475,237.5,6884,84,6800
01/10/2025,TM-029    ,377,188.5,5549.6,61.6,5488
01/10/2025,TM-030    ,527,263.5,7685.2,133.2,7552
01/10/2025,TM-031    ,535,267.5,7891.6,131.6,7760
01/10/2025,TM-032    ,553,276.5,7928.8,72.8,7856
01/10/2025,TM-033    ,254,127,3597.2,109.2,3488
01/10/2025,TM-034    ,579,289.5,8313.2,89.2,8224
01/10/2025,TM-035    ,329,164.5,4765.6,45.6,4720
01/10/2025,TM-038    ,403,201.5,5840,64,5776
01/10/2025,TM-039    ,364,182,5371.6,11.6,5360
01/10/2025,TM-040    ,137,68.5,1974,22,1952
01/10/2025,TM-041    ,432,216,6242,66,6176
01/10/2025,TM-046    ,448,224,6482.4,50.4,6432
01/10/2025,TM-047    ,87,43.5,1173.6,5.6,1168
01/10/2025,TM-048    ,417,208.5,5857.6,129.6,5728
01/10/2025,TM-049    ,386,193,5600.8,96.8,5504
01/10/2025,TM-050    ,369,184.5,5328,64,5264
01/10/2025,TM-055    ,585,292.5,8644.8,116.8,8528
01/10/2025,TM-056    ,561,280.5,8213.6,101.6,8112
01/10/2025,TM-057    ,534,267,7843.2,67.2,7776
01/10/2025,TM-058    ,592,296,8782,110,8672
01/10/2025,TM-059    ,546,273,8078.8,174.8,7904
01/10/2025,TM-060    ,95,47.5,1410.8,2.8,1408
01/10/2025,TM-061    ,559,279.5,8270.8,158.8,8112
01/10/2025,TM-062    ,691,345.5,10268.8,204.8,10064
01/10/2025,TM-063    ,480,240,7041.6,65.6,6976
01/10/2025,TM-064    ,602,301,8868,36,8832
01/10/2025,TM-065    ,585,292.5,8560.4,96.4,8464
01/10/2025,TM-066    ,529,264.5,7648.8,96.8,7552
01/10/2025,TM-072    ,477,238.5,6864,112,6752
01/10/2025,TM-073    ,89,44.5,1299.6,19.6,1280
01/10/2025,TM-074    ,463,231.5,6769.6,65.6,6704
01/10/2025,TM-075    ,561,280.5,8260,84,8176
01/10/2025,TM-076    ,545,272.5,8020,100,7920
01/11/2025,          ,15,7.5,224.4,0.4,224
01/11/2025,AM-01     ,647,323.5,19801.46,1527.65,18273.81
01/11/2025,AM-02     ,1318,659,6032.44,61.9,5970.54
01/11/2025,AM-03     ,665,332.5,6983.33,553.8,6429.53
01/11/2025,AM-04     ,737,368.5,7389.77,560.3,6829.47
01/11/2025,AM-05     ,534,267,8821.61,984,7837.61
01/11/2025,AM-06     ,638,319,18163.71,1555.75,16607.96
01/11/2025,AM-068    ,1,0.5,16,0,16
01/11/2025,AM-07     ,528,264,9912.4,966.48,8945.92
01/11/2025,AM-070    ,8,4,96.8,0.8,96
01/11/2025,AM-071    ,8,4,96.8,0.8,96
01/11/2025,AM-072    ,13,6.5,176.8,0.8,176
01/11/2025,AM-076    ,157,78.5,2241.6,33.6,2208
01/11/2025,AM-077    ,6,3,96,0,96
01/11/2025,AM-08     ,263,131.5,4293.8,295.56,3998.24
01/11/2025,AM-09     ,513,256.5,8565.99,782.65,7783.34
01/11/2025,AM-10     ,611,305.5,18763.26,1411.05,17352.21
01/11/2025,AM-11     ,331,165.5,6522.3,149.8,6372.5
01/11/2025,AM-12     ,846,423,4767.7,489.9,4277.8
01/11/2025,AM-13     ,569,284.5,9839.74,973.55,8866.19
01/11/2025,AM-14     ,716,358,6644.8,472.45,6172.35
01/11/2025,AM-15     ,636,318,18245.25,1398.95,16846.3
01/11/2025,AM-16     ,520,260,7905.77,808.68,7097.09
01/11/2025,AM-17     ,541,270.5,10639.44,1109.2,9530.24
01/11/2025,AM-18     ,647,323.5,6541.5,562.6,5978.9
01/11/2025,AM-19     ,1342,671,7372.52,234.7,7137.82
01/11/2025,AM-20     ,515,257.5,9434.3,1135.6,8298.7
01/11/2025,AM-21     ,453,226.5,8332.98,914.02,7418.96
01/11/2025,AM-22     ,714,357,6817.25,485,6332.25
01/11/2025,AM-23     ,474,237,6816.9,646.65,6170.25
01/11/2025,AM-24     ,582,291,16688.39,1372.51,15315.88
01/11/2025,AM-25     ,767,383.5,8155.49,584.72,7570.77
01/11/2025,AM-26     ,589,294.5,8944.84,839.1,8105.74
01/11/2025,AM-27     ,575,287.5,8922.77,878.13,8044.64
01/11/2025,AM-28     ,589,294.5,7440.93,709.31,6731.62
01/11/2025,AM-29     ,491,245.5,7278.01,719.75,6558.26
01/11/2025,AM-30     ,624,312,9661.21,826.9,8834.31
01/11/2025,AM-31     ,524,262,7738.94,736.75,7002.19
01/11/2025,AM-32     ,527,263.5,7866.73,771,7095.73
01/11/2025,AM-33     ,598,299,8424.28,747.55,7676.73
01/11/2025,AM-34     ,638,319,17843.02,1166.83,16676.19
01/11/2025,AM-35     ,371,185.5,7261,106,7155
01/11/2025,AM-36     ,581,290.5,6881.15,865.22,6015.93
01/11/2025,AM-37     ,1020,510,5321.92,449.9,4872.02
01/11/2025,AM-38     ,828,414,5643.98,391.75,5252.23
01/11/2025,AM-39     ,561,280.5,10453.8,970.9,9482.9
01/11/2025,AM-40     ,659,329.5,9285.46,752.89,8532.57
01/11/2025,AM-41     ,1531,765.5,5952.54,287.1,5665.44
01/11/2025,AM-42     ,1540,770,6128.15,328.4,5799.75
01/11/2025,AM-43     ,428,214,8441.83,796.53,7645.3
01/11/2025,AM-44     ,811,405.5,5732.54,600.92,5131.62
01/11/2025,AM-45     ,580,290,15023.94,1093.18,13930.76
01/11/2025,AM-46     ,453,226.5,8474.16,727.9,7746.26
01/11/2025,AM-47     ,1446,723,6538.5,354.93,6183.57
01/11/2025,AM-48     ,1371,685.5,5711.66,306.66,5405
01/11/2025,AM-49     ,1197,598.5,4454.35,20,4434.35
01/11/2025,AM-50     ,733,366.5,2763.39,19.7,2743.69
01/11/2025,AM-51     ,1327,663.5,4893.8,25.2,4868.6
01/11/2025,AM-52     ,1329,664.5,4943.3,26.8,4916.5
01/11/2025,AM-53     ,1023,511.5,4177.5,25.2,4152.3
01/11/2025,AM-54     ,315,157.5,1199.15,6.4,1192.75
01/11/2025,AM-55     ,779,389.5,3533.4,22,3511.4
01/11/2025,AM-56     ,590,295,17538.93,1333.05,16205.88
01/11/2025,AM-57     ,509,254.5,9610.81,1112.65,8498.16
01/11/2025,AM-58     ,575,287.5,10961.57,1131.25,9830.32
01/11/2025,AM-59     ,446,223,7532.31,768.81,6763.5
01/11/2025,AM-60     ,650,325,17622.42,1285.47,16336.95
01/11/2025,AM-61     ,332,166,6490.5,129.7,6360.8
01/11/2025,AM-62     ,566,283,15454.82,1140.2,14314.62
01/11/2025,AM-63     ,362,181,7069.2,139.15,6930.05
01/11/2025,AM-64     ,522,261,6099.72,611.48,5488.24
01/11/2025,AM-65     ,528,264,6111.76,597.78,5513.98
01/11/2025,AM-66     ,524,262,6403.52,515.73,5887.79
01/11/2025,AM-67     ,555,277.5,7010.76,503.08,6507.68
01/11/2025,AM-68     ,270,135,3789.6,13.6,3776
01/11/2025,AM-69     ,516,258,15899.3,1266.45,14632.85
01/11/2025,AM-70     ,364,182,5343.2,127.2,5216
01/11/2025,AM-71     ,210,105,2909.2,77.2,2832
01/11/2025,AM-72     ,247,123.5,3604.8,84.8,3520
01/11/2025,AM-73     ,495,247.5,13957,1100.95,12856.05
01/11/2025,AM-74     ,391,195.5,10121.4,1064.8,9056.6
01/11/2025,AM-75     ,487,243.5,14304.15,1097.45,13206.7
01/11/2025,AM-76     ,13,6.5,192.4,0.4,192
01/11/2025,AM-77     ,123,61.5,1687.6,23.6,1664
01/11/2025,AM-86     ,1658,829,6101.36,200,5901.36
01/11/2025,TM-002    ,435,217.5,6273.6,33.6,6240
01/11/2025,TM-003    ,454,227,6625.2,49.2,6576
01/11/2025,TM-004    ,482,241,7010.4,50.4,6960
01/11/2025,TM-005    ,289,144.5,4156.4,28.4,4128
01/11/2025,TM-007    ,539,269.5,7830.4,134.4,7696
01/11/2025,TM-008    ,281,140.5,4075.6,43.6,4032
01/11/2025,TM-010    ,474,237,6962.4,114.4,6848
01/11/2025,TM-012    ,396,198,5758.8,30.8,5728
01/11/2025,TM-013    ,193,96.5,2770.4,18.4,2752
01/11/2025,TM-014    ,573,286.5,8326.8,70.8,8256
01/11/2025,TM-015    ,495,247.5,7214,94,7120
01/11/2025,TM-016    ,564,282,8182.4,102.4,8080
01/11/2025,TM-017    ,403,201.5,5810.8,114.8,5696
01/11/2025,TM-018    ,334,167,4908,44,4864
01/11/2025,TM-019    ,521,260.5,7582.4,78.4,7504
01/11/2025,TM-024    ,393,196.5,5665.2,65.2,5600
01/11/2025,TM-025    ,404,202,5840.4,32.4,5808
01/11/2025,TM-026    ,317,158.5,4573.2,61.2,4512
01/11/2025,TM-027    ,460,230,6722.4,98.4,6624
01/11/2025,TM-028    ,464,232,6738.4,82.4,6656
01/11/2025,TM-029    ,450,225,6498.8,50.8,6448
01/11/2025,TM-030    ,470,235,6818.4,50.4,6768
01/11/2025,TM-031    ,550,275,7912,72,7840
01/11/2025,TM-032    ,476,238,6910,94,6816
01/11/2025,TM-033    ,367,183.5,5280,64,5216
01/11/2025,TM-034    ,472,236,6913.2,81.2,6832
01/11/2025,TM-035    ,465,232.5,6722.8,34.8,6688
01/11/2025,TM-038    ,467,233.5,6740,68,6672
01/11/2025,TM-039    ,358,179,5182.8,46.8,5136
01/11/2025,TM-040    ,427,213.5,6099.6,51.6,6048
01/11/2025,TM-041    ,487,243.5,7106,66,7040
01/11/2025,TM-046    ,296,148,4239.6,127.6,4112
01/11/2025,TM-047    ,157,78.5,2310.4,54.4,2256
01/11/2025,TM-048    ,181,90.5,2475.6,43.6,2432
01/11/2025,TM-049    ,450,225,6556.4,92.4,6464
01/11/2025,TM-050    ,267,133.5,3822,110,3712
01/11/2025,TM-055    ,392,196,5727.2,63.2,5664
01/11/2025,TM-056    ,422,211,6222.8,62.8,6160
01/11/2025,TM-057    ,384,192,5662,78,5584
01/11/2025,TM-058    ,532,266,7822.8,142.8,7680
01/11/2025,TM-059    ,495,247.5,7292,92,7200
01/11/2025,TM-060    ,281,140.5,4121.6,9.6,4112
01/11/2025,TM-061    ,591,295.5,8682.8,138.8,8544
01/11/2025,TM-062    ,492,246,7249.2,65.2,7184
01/11/2025,TM-063    ,309,154.5,4524.8,92.8,4432
01/11/2025,TM-064    ,457,228.5,6709.6,101.6,6608
01/11/2025,TM-065    ,461,230.5,6705.2,97.2,6608
01/11/2025,TM-066    ,486,243,6982.4,102.4,6880
01/11/2025,TM-072    ,472,236,6773.6,85.6,6688
01/11/2025,TM-073    ,342,171,4968,56,4912
01/11/2025,TM-074    ,558,279,8354.4,162.4,8192
01/11/2025,TM-075    ,449,224.5,6539.2,43.2,6496
01/11/2025,TM-076    ,497,248.5,7300.4,164.4,7136
01/12/2025,AM-01     ,734,367,22381.75,1614,20767.75
01/12/2025,AM-02     ,1517,758.5,7167.94,106.5,7061.44
01/12/2025,AM-03     ,731,365.5,6989.42,472.4,6517.02
01/12/2025,AM-04     ,676,338,7017.39,530.95,6486.44
01/12/2025,AM-05     ,573,286.5,10603.5,996.25,9607.25
01/12/2025,AM-06     ,667,333.5,17643.64,1405,16238.64
01/12/2025,AM-07     ,662,331,10846.1,1031.67,9814.43
01/12/2025,AM-070    ,13,6.5,192.4,0.4,192
01/12/2025,AM-071    ,9,4.5,128.4,0.4,128
01/12/2025,AM-072    ,2,1,16.4,0.4,16
01/12/2025,AM-076    ,51,25.5,754,18,736
01/12/2025,AM-08     ,65,32.5,1058.52,71.2,987.32
01/12/2025,AM-09     ,462,231,11321.76,1013.5,10308.26
01/12/2025,AM-10     ,676,338,18975.74,1551.43,17424.31
01/12/2025,AM-11     ,330,165,6520.3,147.8,6372.5
01/12/2025,AM-12     ,985,492.5,6522.89,530.56,5992.33
01/12/2025,AM-13     ,587,293.5,11022.38,968.95,10053.43
01/12/2025,AM-14     ,744,372,6877.48,541,6336.48
01/12/2025,AM-15     ,533,266.5,16474.8,1393.95,15080.85
01/12/2025,AM-16     ,595,297.5,8128.91,742.83,7386.08
01/12/2025,AM-17     ,584,292,10667.29,1297.85,9369.44
01/12/2025,AM-18     ,770,385,8485.65,677.6,7808.05
01/12/2025,AM-19     ,1382,691,8312.46,239.75,8072.71
01/12/2025,AM-20     ,378,189,7973.41,827.75,7145.66
01/12/2025,AM-21     ,610,305,11806.92,1069.35,10737.57
01/12/2025,AM-22     ,705,352.5,6605.05,516.85,6088.2
01/12/2025,AM-23     ,628,314,8867.66,722.96,8144.7
01/12/2025,AM-24     ,689,344.5,19273.92,1549.81,17724.11
01/12/2025,AM-25     ,720,360,11351.99,967.39,10384.6
01/12/2025,AM-26     ,527,263.5,7643.54,660.35,6983.19
01/12/2025,AM-27     ,531,265.5,7951.99,793.05,7158.94
01/12/2025,AM-28     ,476,238,7459.44,820.9,6638.54
01/12/2025,AM-29     ,518,259,8712.53,859.8,7852.73
01/12/2025,AM-30     ,648,324,9652.09,905.7,8746.39
01/12/2025,AM-31     ,613,306.5,8721.81,835.18,7886.63
01/12/2025,AM-32     ,635,317.5,9027.37,819.25,8208.12
01/12/2025,AM-33     ,564,282,8139.04,887.95,7251.09
01/12/2025,AM-34     ,400,200,11934.8,1068.25,10866.55
01/12/2025,AM-35     ,353,176.5,6818.24,179.3,6638.94
01/12/2025,AM-36     ,563,281.5,8273.64,895.72,7377.92
01/12/2025,AM-37     ,814,407,5046.88,431.96,4614.92
01/12/2025,AM-38     ,1041,520.5,5794.03,463.05,5330.98
01/12/2025,AM-39     ,480,240,9704.1,815.25,8888.85
01/12/2025,AM-40     ,540,270,9450.85,771.84,8679.01
01/12/2025,AM-41     ,1636,818,6360.42,310.56,6049.86
01/12/2025,AM-42     ,1549,774.5,6368.9,269.94,6098.96
01/12/2025,AM-43     ,588,294,11069.12,1036.86,10032.26
01/12/2025,AM-44     ,937,468.5,4889.23,388.36,4500.87
01/12/2025,AM-45     ,693,346.5,20699.53,1803.25,18896.28
01/12/2025,AM-46     ,380,190,6288.29,691.9,5596.39
01/12/2025,AM-47     ,1418,709,6208.46,294.48,5913.98
01/12/2025,AM-48     ,1549,774.5,6055.88,313.27,5742.61
01/12/2025,AM-49     ,744,372,3350.3,23.2,3327.1
01/12/2025,AM-50     ,575,287.5,2167.25,10.4,2156.85
01/12/2025,AM-51     ,1295,647.5,4769.75,22.4,4747.35
01/12/2025,AM-52     ,1377,688.5,5060.8,26,5034.8
01/12/2025,AM-53     ,1376,688,5153.45,28.4,5125.05
01/12/2025,AM-54     ,365,182.5,1659,10,1649
01/12/2025,AM-55     ,1313,656.5,4924.15,26.4,4897.75
01/12/2025,AM-56     ,471,235.5,12841.64,853.65,11987.99
01/12/2025,AM-57     ,616,308,10631.3,1126.85,9504.45
01/12/2025,AM-58     ,542,271,9664.77,819.55,8845.22
01/12/2025,AM-59     ,540,270,9248.66,939.11,8309.55
01/12/2025,AM-60     ,593,296.5,16028.67,1487.66,14541.01
01/12/2025,AM-61     ,347,173.5,7075.4,198.4,6877
01/12/2025,AM-62     ,529,264.5,14135.68,677.16,13458.52
01/12/2025,AM-63     ,381,190.5,7712.2,133.2,7579
01/12/2025,AM-64     ,578,289,6558.72,548.56,6010.16
01/12/2025,AM-65     ,554,277,6118.46,499.2,5619.26
01/12/2025,AM-66     ,550,275,6277.49,598.44,5679.05
01/12/2025,AM-67     ,525,262.5,6116.52,556.34,5560.18
01/12/2025,AM-68     ,269,134.5,7172.8,500.8,6672
01/12/2025,AM-69     ,312,156,8858.34,628.05,8230.29
01/12/2025,AM-70     ,337,168.5,4763.6,75.6,4688
01/12/2025,AM-71     ,254,127,5968.2,341.45,5626.75
01/12/2025,AM-72     ,332,166,4720.8,80.8,4640
01/12/2025,AM-73     ,384,192,9830.15,859.9,8970.25
01/12/2025,AM-74     ,427,213.5,10007.2,1088.1,8919.1
01/12/2025,AM-75     ,288,144,7564.9,691.05,6873.85
01/12/2025,AM-76     ,135,67.5,3896.2,263.7,3632.5
01/12/2025,AM-77     ,209,104.5,5159.2,382.55,4776.65
01/12/2025,AM-86     ,1687,843.5,6208.45,208,6000.45
01/12/2025,TM-002    ,472,236,6881.2,33.2,6848
01/12/2025,TM-003    ,299,149.5,4363.6,59.6,4304
01/12/2025,TM-004    ,508,254,7333.6,85.6,7248
01/12/2025,TM-005    ,470,235,6782.8,110.8,6672
01/12/2025,TM-007    ,603,301.5,8869.2,101.2,8768
01/12/2025,TM-008    ,521,260.5,7526,70,7456
01/12/2025,TM-009    ,9,4.5,97.2,1.2,96
01/12/2025,TM-010    ,147,73.5,2134,22,2112
01/12/2025,TM-012    ,472,236,6820,84,6736
01/12/2025,TM-013    ,471,235.5,6939.6,139.6,6800
01/12/2025,TM-014    ,451,225.5,6530.8,82.8,6448
01/12/2025,TM-015    ,600,300,8696,72,8624
01/12/2025,TM-016    ,451,225.5,6547.2,99.2,6448
01/12/2025,TM-017    ,517,258.5,7571.6,99.6,7472
01/12/2025,TM-018    ,534,267,7718,86,7632
01/12/2025,TM-019    ,533,266.5,7753.2,73.2,7680
01/12/2025,TM-024    ,471,235.5,6909.6,157.6,6752
01/12/2025,TM-025    ,407,203.5,5888.8,48.8,5840
01/12/2025,TM-026    ,537,268.5,7666,34,7632
01/12/2025,TM-027    ,491,245.5,7108.8,84.8,7024
01/12/2025,TM-028    ,520,260,7668,164,7504
01/12/2025,TM-029    ,505,252.5,7348,68,7280
01/12/2025,TM-030    ,466,233,6707.6,35.6,6672
01/12/2025,TM-031    ,553,276.5,8101.6,133.6,7968
01/12/2025,TM-032    ,378,189,5565.6,77.6,5488
01/12/2025,TM-033    ,537,268.5,7813.2,85.2,7728
01/12/2025,TM-034    ,560,280,8164.4,20.4,8144
01/12/2025,TM-035    ,484,242,6950,102,6848
01/12/2025,TM-038    ,625,312.5,9122.4,98.4,9024
01/12/2025,TM-039    ,480,240,6901.2,69.2,6832
01/12/2025,TM-040    ,630,315,9207.2,71.2,9136
01/12/2025,TM-041    ,320,160,4653.2,61.2,4592
01/12/2025,TM-046    ,395,197.5,5587.6,51.6,5536
01/12/2025,TM-047    ,300,150,4257.2,145.2,4112
01/12/2025,TM-048    ,150,75,2166.8,38.8,2128
01/12/2025,TM-049    ,232,116,3322.4,26.4,3296
01/12/2025,TM-050    ,124,62,1704,40,1664
01/12/2025,TM-053    ,197,98.5,2919.2,55.2,2864
01/12/2025,TM-055    ,254,127,3752.4,24.4,3728
01/12/2025,TM-056    ,553,276.5,8106.8,170.8,7936
01/12/2025,TM-057    ,528,264,7679.6,95.6,7584
01/12/2025,TM-058    ,511,255.5,7424,128,7296
01/12/2025,TM-059    ,329,164.5,4849.2,113.2,4736
01/12/2025,TM-060    ,507,253.5,7427.2,83.2,7344
01/12/2025,TM-061    ,560,280,8238.4,94.4,8144
01/12/2025,TM-062    ,571,285.5,8383.2,95.2,8288
01/12/2025,TM-063    ,154,77,2184.8,88.8,2096
01/12/2025,TM-064    ,518,259,7446.4,54.4,7392
01/12/2025,TM-065    ,387,193.5,5646.4,30.4,5616
01/12/2025,TM-066    ,490,245,7124,84,7040
01/12/2025,TM-072    ,475,237.5,6852.4,68.4,6784
01/12/2025,TM-073    ,438,219,6429.2,189.2,6240
01/12/2025,TM-074    ,586,293,8597.6,85.6,8512
01/12/2025,TM-075    ,479,239.5,7020,76,6944
01/12/2025,TM-076    ,598,299,8852.4,100.4,8752
01/01/2026,AM-01     ,697,348.5,21747.1,1690.45,20056.65
01/01/2026,AM-02     ,1414,707,6515.86,86.85,6429.01
01/01/2026,AM-03     ,726,363,6896.2,547,6349.2
01/01/2026,AM-04     ,731,365.5,7937.85,597.3,7340.55
01/01/2026,AM-05     ,484,242,9149.99,821.52,8328.47
01/01/2026,AM-06     ,605,302.5,17041.43,1535.66,15505.77
01/01/2026,AM-07     ,518,259,9574.4,1011.88,8562.52
01/01/2026,AM-08     ,58,29,695.22,32.2,663.02
01/01/2026,AM-09     ,553,276.5,10868.51,1042.3,9826.21
01/01/2026,AM-10     ,466,233,12541.68,1049.16,11492.52
01/01/2026,AM-11     ,362,181,7234,132,7102
01/01/2026,AM-12     ,970,485,5495.6,441.36,5054.24
01/01/2026,AM-13     ,626,313,10539.43,732.98,9806.45
01/01/2026,AM-14     ,682,341,6866.1,588,6278.1
01/01/2026,AM-15     ,514,257,15466.43,1088,14378.43
01/01/2026,AM-16     ,503,251.5,7875.57,601.48,7274.09
01/01/2026,AM-17     ,509,254.5,9512.45,1233.5,8278.95
01/01/2026,AM-18     ,674,337,6688.53,510.6,6177.93
01/01/2026,AM-19     ,1459,729.5,6717.88,108.2,6609.68
01/01/2026,AM-20     ,602,301,14045.61,1360.8,12684.81
01/01/2026,AM-21     ,514,257,9427.29,953.5,8473.79
01/01/2026,AM-22     ,796,398,7372.8,480,6892.8
01/01/2026,AM-23     ,334,167,5264.49,603.4,4661.09
01/01/2026,AM-24     ,584,292,17100.27,1275,15825.27
01/01/2026,AM-25     ,687,343.5,13370.73,1164.38,12206.35
01/01/2026,AM-26     ,625,312.5,9237.59,916.85,8320.74
01/01/2026,AM-27     ,574,287,8493.05,782.4,7710.65
01/01/2026,AM-28     ,326,163,6287.2,762.7,5524.5
01/01/2026,AM-29     ,625,312.5,9011.33,848.55,8162.78
01/01/2026,AM-30     ,511,255.5,8239.55,787.8,7451.75
01/01/2026,AM-31     ,570,285,8080.5,655.8,7424.7
01/01/2026,AM-32     ,536,268,8127.73,970.7,7157.03
01/01/2026,AM-33     ,554,277,8078.24,744.25,7333.99
01/01/2026,AM-34     ,560,280,14182.74,1097.86,13084.88
01/01/2026,AM-35     ,407,203.5,8315.2,194.2,8121
01/01/2026,AM-36     ,549,274.5,10015.56,897.41,9118.15
01/01/2026,AM-37     ,764,382,6885.96,412.35,6473.61
01/01/2026,AM-38     ,901,450.5,6301.62,525.08,5776.54
01/01/2026,AM-39     ,468,234,8826.58,842.17,7984.41
01/01/2026,AM-40     ,627,313.5,10077.16,841.42,9235.74
01/01/2026,AM-41     ,1567,783.5,6130.78,279.52,5851.26
01/01/2026,AM-42     ,1542,771,5903.96,274.31,5629.65
01/01/2026,AM-43     ,478,239,8856.79,797.56,8059.23
01/01/2026,AM-44     ,1018,509,5467.2,481.4,4985.8
01/01/2026,AM-45     ,607,303.5,12170.23,1072.38,11097.85
01/01/2026,AM-46     ,502,251,9405.36,1046.15,8359.21
01/01/2026,AM-47     ,1641,820.5,6317.44,314.43,6003.01
01/01/2026,AM-48     ,1511,755.5,5925.53,265.27,5660.26
01/01/2026,AM-49     ,1352,676,4996.6,58.4,4938.2
01/01/2026,AM-50     ,1137,568.5,4524.15,26.4,4497.75
01/01/2026,AM-51     ,759,379.5,3423.05,23.2,3399.85
01/01/2026,AM-52     ,1082,541,4151.15,18.8,4132.35
01/01/2026,AM-53     ,1203,601.5,4650.55,54.4,4596.15
01/01/2026,AM-54     ,282,141,1198.75,9.2,1189.55
01/01/2026,AM-55     ,1301,650.5,4794.4,22.8,4771.6
01/01/2026,AM-56     ,218,109,6213.33,468.96,5744.37
01/01/2026,AM-57     ,430,215,7776.37,827.4,6948.97
01/01/2026,AM-58     ,406,203,9139.95,898.31,8241.64
01/01/2026,AM-59     ,429,214.5,7715.98,1093,6622.98
01/01/2026,AM-60     ,567,283.5,16120.9,1081.7,15039.2
01/01/2026,AM-62     ,228,114,7064.4,500.45,6563.95
01/01/2026,AM-63     ,327,163.5,6394,94,6300
01/01/2026,AM-64     ,555,277.5,6281.76,545.96,5735.8
01/01/2026,AM-65     ,472,236,5292.3,524.69,4767.61
01/01/2026,AM-66     ,493,246.5,5395.07,450.28,4944.79
01/01/2026,AM-67     ,575,287.5,6431.34,479.45,5951.89
01/01/2026,AM-68     ,242,121,5546,453.6,5092.4
01/01/2026,AM-69     ,538,269,16434,999.2,15434.8
01/01/2026,AM-70     ,176,88,2504.8,40.8,2464
01/01/2026,AM-71     ,371,185.5,10109.7,542.8,9566.9
01/01/2026,AM-72     ,155,77.5,2179.2,67.2,2112
01/01/2026,AM-73     ,380,190,10347.7,878.25,9469.45
01/01/2026,AM-74     ,490,245,12179.8,1113.95,11065.85
01/01/2026,AM-75     ,377,188.5,10970.2,973.9,9996.3
01/01/2026,AM-76     ,295,147.5,7076,663.85,6412.15
01/01/2026,AM-77     ,268,134,6244.1,705.4,5538.7
01/01/2026,AM-86     ,1758,879,6469.35,212,6257.35
01/01/2026,TM-002    ,553,276.5,8053.6,69.6,7984
01/01/2026,TM-003    ,534,267,7781.6,133.6,7648
01/01/2026,TM-004    ,451,225.5,6577.6,65.6,6512
01/01/2026,TM-005    ,454,227,6580.8,148.8,6432
01/01/2026,TM-007    ,490,245,7014.4,102.4,6912
01/01/2026,TM-008    ,518,259,7540.8,100.8,7440
01/01/2026,TM-010    ,417,208.5,6095.6,47.6,6048
01/01/2026,TM-012    ,592,296,8547.2,115.2,8432
01/01/2026,TM-013    ,477,238.5,6852,52,6800
01/01/2026,TM-014    ,529,264.5,7732,68,7664
01/01/2026,TM-015    ,330,165,4829.6,93.6,4736
01/01/2026,TM-016    ,421,210.5,6065.6,49.6,6016
01/01/2026,TM-017    ,506,253,7238.8,54.8,7184
01/01/2026,TM-018    ,378,189,5488,80,5408
01/01/2026,TM-019    ,459,229.5,6720.8,48.8,6672
01/01/2026,TM-024    ,569,284.5,8294.4,86.4,8208
01/01/2026,TM-025    ,585,292.5,8419.2,83.2,8336
01/01/2026,TM-026    ,521,260.5,7562.4,122.4,7440
01/01/2026,TM-027    ,585,292.5,8514,130,8384
01/01/2026,TM-028    ,506,253,7395.6,83.6,7312
01/01/2026,TM-029    ,514,257,7414.4,86.4,7328
01/01/2026,TM-030    ,513,256.5,7382,70,7312
01/01/2026,TM-031    ,604,302,8817.2,81.2,8736
01/01/2026,TM-032    ,548,274,7911.6,87.6,7824
01/01/2026,TM-033    ,269,134.5,3914.8,58.8,3856
01/01/2026,TM-034    ,506,253,7316.4,52.4,7264
01/01/2026,TM-035    ,447,223.5,6607.6,95.6,6512
01/01/2026,TM-038    ,441,220.5,6510.4,46.4,6464
01/01/2026,TM-039    ,531,265.5,7874,98,7776
01/01/2026,TM-040    ,649,324.5,9448.4,88.4,9360
01/01/2026,TM-041    ,487,243.5,7060.8,100.8,6960
01/01/2026,TM-046    ,189,94.5,2650.8,58.8,2592
01/01/2026,TM-047    ,223,111.5,3267.6,83.6,3184
01/01/2026,TM-048    ,223,111.5,3180.4,108.4,3072
01/01/2026,TM-049    ,255,127.5,3530.4,106.4,3424
01/01/2026,TM-052    ,262,131,3772,60,3712
01/01/2026,TM-053    ,401,200.5,5750.4,70.4,5680
01/01/2026,TM-054    ,1,0.5,16,0,16
01/01/2026,TM-055    ,404,202,5866.8,74.8,5792
01/01/2026,TM-056    ,440,220,6490.4,106.4,6384
01/01/2026,TM-057    ,452,226,6652.4,156.4,6496
01/01/2026,TM-058    ,405,202.5,5878,118,5760
01/01/2026,TM-059    ,461,230.5,6785.2,97.2,6688
01/01/2026,TM-060    ,505,252.5,7452.8,124.8,7328
01/01/2026,TM-061    ,564,282,8240.4,112.4,8128
01/01/2026,TM-062    ,566,283,8286.8,62.8,8224
01/01/2026,TM-063    ,282,141,4076,44,4032
01/01/2026,TM-064    ,534,267,7750.4,102.4,7648
01/01/2026,TM-065    ,470,235,6802.8,34.8,6768
01/01/2026,TM-066    ,530,265,7728,128,7600
01/01/2026,TM-072    ,336,168,4877.6,45.6,4832
01/01/2026,TM-073    ,486,243,7075.2,67.2,7008
01/01/2026,TM-074    ,385,192.5,5630.4,46.4,5584
01/01/2026,TM-075    ,468,234,6803.6,99.6,6704
01/01/2026,TM-076    ,563,281.5,8082.8,66.8,8016
01/02/2026,AM-01     ,351,175.5,10963.2,773.2,10190
01/02/2026,AM-02     ,824,412,3873.86,78,3795.86
01/02/2026,AM-03     ,453,226.5,4195.19,350.05,3845.14
01/02/2026,AM-04     ,360,180,3337.25,242.4,3094.85
01/02/2026,AM-05     ,291,145.5,6050.67,606.8,5443.87
01/02/2026,AM-06     ,301,150.5,8390.05,566.93,7823.12
01/02/2026,AM-07     ,424,212,7706.61,698.46,7008.15
01/02/2026,AM-070    ,8,4,112.4,0.4,112
01/02/2026,AM-08     ,44,22,803.55,106.1,697.45
01/02/2026,AM-09     ,287,143.5,5356.98,697.85,4659.13
01/02/2026,AM-10     ,334,167,8606.83,740.63,7866.2
01/02/2026,AM-11     ,163,81.5,3196,46,3150
01/02/2026,AM-12     ,555,277.5,3524.18,263.7,3260.48
01/02/2026,AM-13     ,327,163.5,5648.42,489.61,5158.81
01/02/2026,AM-14     ,427,213.5,3924.5,229.2,3695.3
01/02/2026,AM-15     ,337,168.5,9636.31,747.72,8888.59
01/02/2026,AM-16     ,331,165.5,4601.04,352.75,4248.29
01/02/2026,AM-17     ,346,173,6323.3,753.95,5569.35
01/02/2026,AM-18     ,460,230,4289.85,369.4,3920.45
01/02/2026,AM-19     ,842,421,4387.65,107,4280.65
01/02/2026,AM-20     ,269,134.5,4277.96,409.13,3868.83
01/02/2026,AM-21     ,322,161,6795.77,533.04,6262.73
01/02/2026,AM-22     ,388,194,4692.87,340.05,4352.82
01/02/2026,AM-23     ,356,178,5351.53,462.8,4888.73
01/02/2026,AM-24     ,192,96,5808.63,464.2,5344.43
01/02/2026,AM-25     ,365,182.5,8321.67,546.05,7775.62
01/02/2026,AM-26     ,396,198,4929.21,556.25,4372.96
01/02/2026,AM-27     ,170,85,2342.05,130.2,2211.85
01/02/2026,AM-28     ,72,36,1375.35,142.8,1232.55
01/02/2026,AM-29     ,309,154.5,4491.8,379.7,4112.1
01/02/2026,AM-30     ,343,171.5,5028.11,489.03,4539.08
01/02/2026,AM-31     ,367,183.5,5323.12,638.9,4684.22
01/02/2026,AM-32     ,350,175,5436.81,492.75,4944.06
01/02/2026,AM-33     ,333,166.5,5125.37,487.45,4637.92
01/02/2026,AM-34     ,410,205,9328.94,785.93,8543.01
01/02/2026,AM-35     ,206,103,4023.6,103.6,3920
01/02/2026,AM-36     ,356,178,5988.97,489.4,5499.57
01/02/2026,AM-37     ,579,289.5,3345.76,257.58,3088.18
01/02/2026,AM-38     ,618,309,3220.68,262.6,2958.08
01/02/2026,AM-39     ,182,91,4225.79,278.1,3947.69
01/02/2026,AM-40     ,424,212,5583.17,503.73,5079.44
01/02/2026,AM-41     ,804,402,3581.43,224.02,3357.41
01/02/2026,AM-42     ,564,282,3266.52,178.36,3088.16
01/02/2026,AM-43     ,357,178.5,6128.25,586.54,5541.71
01/02/2026,AM-44     ,404,202,2102.8,176.3,1926.5
01/02/2026,AM-45     ,517,258.5,4362.35,310.56,4051.79
01/02/2026,AM-46     ,295,147.5,5633.98,637.87,4996.11
01/02/2026,AM-47     ,898,449,3532.06,175.03,3357.03
01/02/2026,AM-48     ,576,288,2314.87,117.06,2197.81
01/02/2026,AM-49     ,648,324,2547.75,13.2,2534.55
01/02/2026,AM-50     ,814,407,2902.95,14,2888.95
01/02/2026,AM-51     ,907,453.5,3140,15.6,3124.4
01/02/2026,AM-52     ,540,270,2248.5,16.8,2231.7
01/02/2026,AM-53     ,475,237.5,2156.9,13.2,2143.7
01/02/2026,AM-54     ,138,69,460.7,1.6,459.1
01/02/2026,AM-55     ,210,105,956.2,5.6,950.6
01/02/2026,AM-56     ,153,76.5,3153.06,287.65,2865.41
01/02/2026,AM-57     ,397,198.5,4722.85,363.34,4359.51
01/02/2026,AM-58     ,217,108.5,4097.2,344.9,3752.3
01/02/2026,AM-59     ,318,159,6231.45,665.9,5565.55
01/02/2026,AM-60     ,364,182,9553.69,643.95,8909.74
01/02/2026,AM-61     ,3,1.5,56.55,18.85,37.7
01/02/2026,AM-62     ,359,179.5,10277.12,728.45,9548.67
01/02/2026,AM-63     ,135,67.5,2565.43,49,2516.43
01/02/2026,AM-64     ,337,168.5,4278.95,339.92,3939.03
01/02/2026,AM-65     ,346,173,4160.04,294.72,3865.32
01/02/2026,AM-66     ,285,142.5,3212.52,315.72,2896.8
01/02/2026,AM-67     ,284,142,3679.54,351.34,3328.2
01/02/2026,AM-68     ,194,97,5255.8,277.75,4978.05
01/02/2026,AM-69     ,356,178,10909.3,831.5,10077.8
01/02/2026,AM-70     ,99,49.5,1360.4,32.4,1328
01/02/2026,AM-71     ,251,125.5,6696.8,677.9,6018.9
01/02/2026,AM-72     ,180,90,2600.4,56.4,2544
01/02/2026,AM-73     ,215,107.5,4780.7,524.05,4256.65
01/02/2026,AM-74     ,247,123.5,4501.05,390.35,4110.7
01/02/2026,AM-75     ,322,161,9722.1,746.3,8975.8
01/02/2026,AM-76     ,178,89,3967.4,428.85,3538.55
01/02/2026,AM-77     ,169,84.5,4324.5,353.85,3970.65
01/02/2026,AM-86     ,904,452,3326.59,108,3218.59
01/02/2026,TM-002    ,351,175.5,5148.8,44.8,5104
01/02/2026,TM-003    ,199,99.5,2918.8,6.8,2912
01/02/2026,TM-004    ,286,143,4186.8,42.8,4144
01/02/2026,TM-005    ,274,137,4025.2,25.2,4000
01/02/2026,TM-007    ,288,144,4188,76,4112
01/02/2026,TM-008    ,348,174,5132.4,76.4,5056
01/02/2026,TM-010    ,310,155,4508,76,4432
01/02/2026,TM-012    ,80,40,1155.6,19.6,1136
01/02/2026,TM-013    ,280,140,4027.6,11.6,4016
01/02/2026,TM-014    ,235,117.5,3432.8,24.8,3408
01/02/2026,TM-015    ,223,111.5,3240.4,8.4,3232
01/02/2026,TM-016    ,329,164.5,4828,44,4784
01/02/2026,TM-017    ,205,102.5,2906,26,2880
01/02/2026,TM-018    ,260,130,3733.6,53.6,3680
01/02/2026,TM-019    ,368,184,5328,96,5232
01/02/2026,TM-024    ,397,198.5,5854.4,78.4,5776
01/02/2026,TM-025    ,354,177,5134.8,62.8,5072
01/02/2026,TM-026    ,283,141.5,4155.2,75.2,4080
01/02/2026,TM-027    ,325,162.5,4685.2,29.2,4656
01/02/2026,TM-028    ,297,148.5,4342,70,4272
01/02/2026,TM-029    ,309,154.5,4524,60,4464
01/02/2026,TM-030    ,294,147,4221.2,45.2,4176
01/02/2026,TM-031    ,281,140.5,3966.4,46.4,3920
01/02/2026,TM-032    ,317,158.5,4620.4,44.4,4576
01/02/2026,TM-033    ,218,109,3191.6,7.6,3184
01/02/2026,TM-034    ,339,169.5,4925.2,29.2,4896
01/02/2026,TM-035    ,313,156.5,4536,88,4448
01/02/2026,TM-038    ,301,150.5,4326.8,38.8,4288
01/02/2026,TM-039    ,360,180,5273.6,153.6,5120
01/02/2026,TM-040    ,350,175,5164.4,60.4,5104
01/02/2026,TM-041    ,313,156.5,4540.8,60.8,4480
01/02/2026,TM-046    ,69,34.5,995.6,35.6,960
01/02/2026,TM-047    ,38,19,561.2,1.2,560
01/02/2026,TM-048    ,166,83,2376.4,56.4,2320
01/02/2026,TM-049    ,155,77.5,2168.4,24.4,2144
01/02/2026,TM-050    ,69,34.5,948.4,20.4,928
01/02/2026,TM-052    ,175,87.5,2613.6,37.6,2576
01/02/2026,TM-053    ,290,145,4323.2,51.2,4272
01/02/2026,TM-056    ,160,80,2243.2,51.2,2192
01/02/2026,TM-057    ,303,151.5,4396.8,60.8,4336
01/02/2026,TM-058    ,268,134,3898.8,42.8,3856
01/02/2026,TM-059    ,159,79.5,2201.2,25.2,2176
01/02/2026,TM-060    ,209,104.5,3000.8,8.8,2992
01/02/2026,TM-061    ,365,182.5,5273.2,41.2,5232
01/02/2026,TM-062    ,238,119,3372,44,3328
01/02/2026,TM-063    ,143,71.5,2101.2,21.2,2080
01/02/2026,TM-064    ,297,148.5,4348,76,4272
01/02/2026,TM-065    ,314,157,4698.4,90.4,4608
01/02/2026,TM-066    ,291,145.5,4267.6,75.6,4192
01/02/2026,TM-067    ,9,4.5,144,0,144
01/02/2026,TM-072    ,255,127.5,3753.6,57.6,3696
01/02/2026,TM-073    ,246,123,3546.4,26.4,3520
01/02/2026,TM-074    ,252,126,3736.4,40.4,3696
01/02/2026,TM-075    ,294,147,4330.8,58.8,4272
01/02/2026,TM-076    ,320,160,4605.6,29.6,4576
